solid OpenSCAD_Model
  facet normal 0.634927 0.262532 0.726598
    outer loop
      vertex 108.158 71.6695 19.107
      vertex 107.776 71.491 19.5053
      vertex 108.209 70.4438 19.5053
    endloop
  endfacet
  facet normal -1 0 0
    outer loop
      vertex 0 14 0
      vertex 0 66 17.5
      vertex 0 66 0
    endloop
  endfacet
  facet normal -1 -0 0
    outer loop
      vertex 0 66 17.5
      vertex 0 14 0
      vertex 0 14 17.5
    endloop
  endfacet
  facet normal 0.828354 -0.10948 0.549403
    outer loop
      vertex 109.682 12.803 18.622
      vertex 109.364 12.8308 19.107
      vertex 109.525 11.6151 18.622
    endloop
  endfacet
  facet normal -0.685901 -0.0299475 0.727078
    outer loop
      vertex 1.0071 14 19.5053
      vertex 0.584889 14 19.107
      vertex 0.635938 12.8308 19.107
    endloop
  endfacet
  facet normal 0.206455 0.654793 0.727065
    outer loop
      vertex 99.4721 78.958 19.107
      vertex 99.3628 78.5502 19.5053
      vertex 100.444 78.2093 19.5053
    endloop
  endfacet
  facet normal 0.0113889 0.0865436 0.996183
    outer loop
      vertex 98.0723 77.7528 19.962
      vertex 97.0023 77.4562 20
      vertex 97.997 77.3253 20
    endloop
  endfacet
  facet normal -0.19143 0.462247 0.865842
    outer loop
      vertex 9.7281 77.7369 19.7955
      vertex 8.50897 77.7756 19.5053
      vertex 8.72141 77.32 19.7955
    endloop
  endfacet
  facet normal -0.792625 -0.504953 0.341712
    outer loop
      vertex 2.7497 6.12245 18.622
      vertex 2.10594 7.13296 18.622
      vertex 2.58707 6.00858 18.0765
    endloop
  endfacet
  facet normal 0.94704 -0.299006 0.11709
    outer loop
      vertex 109.458 10.394 18.0765
      vertex 109.092 9.23477 18.0765
      vertex 109.156 9.21172 17.5
    endloop
  endfacet
  facet normal 0 -1 0
    outer loop
      vertex 14 0 17.5
      vertex 39 0 15.005
      vertex 96 0 17.5
    endloop
  endfacet
  facet normal 0 -1 0
    outer loop
      vertex 14 0 17.5
      vertex 38.4086 0 14.9699
      vertex 39 0 15.005
    endloop
  endfacet
  facet normal 0 -1 0
    outer loop
      vertex 14 0 17.5
      vertex 37.8256 0 14.8651
      vertex 38.4086 0 14.9699
    endloop
  endfacet
  facet normal 0 -1 0
    outer loop
      vertex 14 0 17.5
      vertex 37.259 0 14.6921
      vertex 37.8256 0 14.8651
    endloop
  endfacet
  facet normal 0 -1 0
    outer loop
      vertex 14 0 17.5
      vertex 36.7169 0 14.4533
      vertex 37.259 0 14.6921
    endloop
  endfacet
  facet normal 0 -1 0
    outer loop
      vertex 14 0 17.5
      vertex 36.2068 0 14.152
      vertex 36.7169 0 14.4533
    endloop
  endfacet
  facet normal 0 -1 0
    outer loop
      vertex 14 0 17.5
      vertex 35.7359 0 13.7925
      vertex 36.2068 0 14.152
    endloop
  endfacet
  facet normal 0 -1 0
    outer loop
      vertex 14 0 17.5
      vertex 35.3108 0 13.3799
      vertex 35.7359 0 13.7925
    endloop
  endfacet
  facet normal 0 -1 0
    outer loop
      vertex 14 0 17.5
      vertex 34.9376 0 12.9199
      vertex 35.3108 0 13.3799
    endloop
  endfacet
  facet normal 0 -1 0
    outer loop
      vertex 14 0 17.5
      vertex 34.6213 0 12.4189
      vertex 34.9376 0 12.9199
    endloop
  endfacet
  facet normal 0 -1 0
    outer loop
      vertex 14 0 17.5
      vertex 34.3665 0 11.8841
      vertex 34.6213 0 12.4189
    endloop
  endfacet
  facet normal 0 -1 0
    outer loop
      vertex 14 0 17.5
      vertex 34.1768 0 11.3229
      vertex 34.3665 0 11.8841
    endloop
  endfacet
  facet normal 0 -1 0
    outer loop
      vertex 14 0 17.5
      vertex 34.0548 0 10.7432
      vertex 34.1768 0 11.3229
    endloop
  endfacet
  facet normal 0 -1 0
    outer loop
      vertex 14 0 17.5
      vertex 34 0 10.005
      vertex 34.0548 0 10.7432
    endloop
  endfacet
  facet normal 0 -1 0
    outer loop
      vertex 14 0 17.5
      vertex 34 0 9.99501
      vertex 34 0 10.005
    endloop
  endfacet
  facet normal 0 -1 0
    outer loop
      vertex 14 0 17.5
      vertex 34.0351 0 9.40364
      vertex 34 0 9.99501
    endloop
  endfacet
  facet normal 0 -1 0
    outer loop
      vertex 14 0 0
      vertex 34.0351 0 9.40364
      vertex 14 0 17.5
    endloop
  endfacet
  facet normal 0 -1 -0
    outer loop
      vertex 34.0351 0 9.40364
      vertex 14 0 0
      vertex 34.1399 0 8.82059
    endloop
  endfacet
  facet normal 0 -1 -0
    outer loop
      vertex 34.1399 0 8.82059
      vertex 14 0 0
      vertex 34.3129 0 8.254
    endloop
  endfacet
  facet normal 0 -1 -0
    outer loop
      vertex 34.3129 0 8.254
      vertex 14 0 0
      vertex 34.5517 0 7.71187
    endloop
  endfacet
  facet normal 0 -1 -0
    outer loop
      vertex 34.5517 0 7.71187
      vertex 14 0 0
      vertex 34.853 0 7.20178
    endloop
  endfacet
  facet normal 0 -1 -0
    outer loop
      vertex 34.853 0 7.20178
      vertex 14 0 0
      vertex 35.2124 0 6.7309
    endloop
  endfacet
  facet normal 0 -1 -0
    outer loop
      vertex 35.2124 0 6.7309
      vertex 14 0 0
      vertex 35.6251 0 6.30585
    endloop
  endfacet
  facet normal 0 -1 -0
    outer loop
      vertex 35.6251 0 6.30585
      vertex 14 0 0
      vertex 36.0851 0 5.93257
    endloop
  endfacet
  facet normal 0 -1 -0
    outer loop
      vertex 39 0 4.99501
      vertex 14 0 0
      vertex 71 0 4.99501
    endloop
  endfacet
  facet normal 0 -1 -0
    outer loop
      vertex 38.2618 0 5.0498
      vertex 14 0 0
      vertex 39 0 4.99501
    endloop
  endfacet
  facet normal 0 -1 -0
    outer loop
      vertex 37.6821 0 5.17183
      vertex 14 0 0
      vertex 38.2618 0 5.0498
    endloop
  endfacet
  facet normal 0 -1 -0
    outer loop
      vertex 37.1209 0 5.36156
      vertex 14 0 0
      vertex 37.6821 0 5.17183
    endloop
  endfacet
  facet normal 0 -1 -0
    outer loop
      vertex 36.586 0 5.61633
      vertex 14 0 0
      vertex 37.1209 0 5.36156
    endloop
  endfacet
  facet normal 0 -1 -0
    outer loop
      vertex 36.0851 0 5.93257
      vertex 14 0 0
      vertex 36.586 0 5.61633
    endloop
  endfacet
  facet normal 0 -1 0
    outer loop
      vertex 71 0 15.005
      vertex 96 0 17.5
      vertex 39 0 15.005
    endloop
  endfacet
  facet normal 0 -1 0
    outer loop
      vertex 71.7382 0 14.9502
      vertex 96 0 17.5
      vertex 71 0 15.005
    endloop
  endfacet
  facet normal 0 -1 0
    outer loop
      vertex 72.3179 0 14.8282
      vertex 96 0 17.5
      vertex 71.7382 0 14.9502
    endloop
  endfacet
  facet normal 0 -1 0
    outer loop
      vertex 72.8791 0 14.6384
      vertex 96 0 17.5
      vertex 72.3179 0 14.8282
    endloop
  endfacet
  facet normal 0 -1 0
    outer loop
      vertex 73.414 0 14.3837
      vertex 96 0 17.5
      vertex 72.8791 0 14.6384
    endloop
  endfacet
  facet normal 0 -1 0
    outer loop
      vertex 73.9149 0 14.0674
      vertex 96 0 17.5
      vertex 73.414 0 14.3837
    endloop
  endfacet
  facet normal 0 -1 0
    outer loop
      vertex 74.3749 0 13.6942
      vertex 96 0 17.5
      vertex 73.9149 0 14.0674
    endloop
  endfacet
  facet normal 0 -1 0
    outer loop
      vertex 74.7876 0 13.2691
      vertex 96 0 17.5
      vertex 74.3749 0 13.6942
    endloop
  endfacet
  facet normal 0 -1 0
    outer loop
      vertex 75.147 0 12.7982
      vertex 96 0 17.5
      vertex 74.7876 0 13.2691
    endloop
  endfacet
  facet normal 0 -1 0
    outer loop
      vertex 75.4483 0 12.2881
      vertex 96 0 17.5
      vertex 75.147 0 12.7982
    endloop
  endfacet
  facet normal 0 -1 0
    outer loop
      vertex 75.6871 0 11.746
      vertex 96 0 17.5
      vertex 75.4483 0 12.2881
    endloop
  endfacet
  facet normal 0 -1 0
    outer loop
      vertex 75.8601 0 11.1794
      vertex 96 0 17.5
      vertex 75.6871 0 11.746
    endloop
  endfacet
  facet normal 0 -1 0
    outer loop
      vertex 75.9649 0 10.5964
      vertex 96 0 17.5
      vertex 75.8601 0 11.1794
    endloop
  endfacet
  facet normal 0 -1 0
    outer loop
      vertex 76 0 10.005
      vertex 96 0 17.5
      vertex 75.9649 0 10.5964
    endloop
  endfacet
  facet normal 0 -1 0
    outer loop
      vertex 76 0 9.99501
      vertex 96 0 17.5
      vertex 76 0 10.005
    endloop
  endfacet
  facet normal 0 -1 0
    outer loop
      vertex 75.9452 0 9.25677
      vertex 96 0 17.5
      vertex 76 0 9.99501
    endloop
  endfacet
  facet normal 0 -1 0
    outer loop
      vertex 96 0 0
      vertex 75.9452 0 9.25677
      vertex 75.8232 0 8.67708
    endloop
  endfacet
  facet normal 0 -1 0
    outer loop
      vertex 96 0 0
      vertex 75.8232 0 8.67708
      vertex 75.6335 0 8.11588
    endloop
  endfacet
  facet normal 0 -1 0
    outer loop
      vertex 96 0 0
      vertex 75.6335 0 8.11588
      vertex 75.3787 0 7.58105
    endloop
  endfacet
  facet normal 0 -1 0
    outer loop
      vertex 96 0 0
      vertex 75.3787 0 7.58105
      vertex 75.0624 0 7.08011
    endloop
  endfacet
  facet normal 0 -1 0
    outer loop
      vertex 96 0 0
      vertex 75.0624 0 7.08011
      vertex 74.6892 0 6.6201
    endloop
  endfacet
  facet normal 0 -1 0
    outer loop
      vertex 96 0 0
      vertex 74.6892 0 6.6201
      vertex 74.2641 0 6.20746
    endloop
  endfacet
  facet normal 0 -1 0
    outer loop
      vertex 96 0 0
      vertex 74.2641 0 6.20746
      vertex 73.7932 0 5.84798
    endloop
  endfacet
  facet normal 0 -1 0
    outer loop
      vertex 96 0 0
      vertex 73.7932 0 5.84798
      vertex 73.2831 0 5.54672
    endloop
  endfacet
  facet normal 0 -1 0
    outer loop
      vertex 96 0 0
      vertex 71 0 4.99501
      vertex 14 0 0
    endloop
  endfacet
  facet normal 0 -1 0
    outer loop
      vertex 75.9452 0 9.25677
      vertex 96 0 0
      vertex 96 0 17.5
    endloop
  endfacet
  facet normal 0 -1 0
    outer loop
      vertex 72.741 0 5.30791
      vertex 96 0 0
      vertex 73.2831 0 5.54672
    endloop
  endfacet
  facet normal 0 -1 0
    outer loop
      vertex 72.1744 0 5.1349
      vertex 96 0 0
      vertex 72.741 0 5.30791
    endloop
  endfacet
  facet normal 0 -1 0
    outer loop
      vertex 71.5914 0 5.03011
      vertex 96 0 0
      vertex 72.1744 0 5.1349
    endloop
  endfacet
  facet normal 0 -1 0
    outer loop
      vertex 71 0 4.99501
      vertex 96 0 0
      vertex 71.5914 0 5.03011
    endloop
  endfacet
  facet normal 0 -1 0
    outer loop
      vertex 50.4215 0 10.3385
      vertex 50.1201 0 11.2692
      vertex 48.945 0 11.2692
    endloop
  endfacet
  facet normal 0 -1 0
    outer loop
      vertex 50.1201 0 11.2692
      vertex 50.6234 0 11.0521
      vertex 50.7445 0 11.2473
    endloop
  endfacet
  facet normal 0 -1 0
    outer loop
      vertex 50.1201 0 11.2692
      vertex 50.5292 0 10.8356
      vertex 50.6234 0 11.0521
    endloop
  endfacet
  facet normal 0 -1 0
    outer loop
      vertex 50.1201 0 11.2692
      vertex 50.4619 0 10.5977
      vertex 50.5292 0 10.8356
    endloop
  endfacet
  facet normal 0 -1 0
    outer loop
      vertex 50.1201 0 11.2692
      vertex 50.4215 0 10.3385
      vertex 50.4619 0 10.5977
    endloop
  endfacet
  facet normal 0 -1 0
    outer loop
      vertex 48.945 0 11.2692
      vertex 50.4081 0 10.058
      vertex 50.4215 0 10.3385
    endloop
  endfacet
  facet normal 0 -1 0
    outer loop
      vertex 48.945 0 11.2692
      vertex 50.4215 0 9.77634
      vertex 50.4081 0 10.058
    endloop
  endfacet
  facet normal 0 -1 0
    outer loop
      vertex 48.945 0 8.22588
      vertex 50.4215 0 9.77634
      vertex 48.945 0 11.2692
    endloop
  endfacet
  facet normal 0 -1 -0
    outer loop
      vertex 50.4215 0 9.77634
      vertex 48.945 0 8.22588
      vertex 50.462 0 9.51532
    endloop
  endfacet
  facet normal 0 -1 -0
    outer loop
      vertex 50.462 0 9.51532
      vertex 48.945 0 8.22588
      vertex 50.5295 0 9.27499
    endloop
  endfacet
  facet normal 0 -1 -0
    outer loop
      vertex 50.5295 0 9.27499
      vertex 48.945 0 8.22588
      vertex 50.6239 0 9.05534
    endloop
  endfacet
  facet normal 0 -1 -0
    outer loop
      vertex 50.6239 0 9.05534
      vertex 48.945 0 8.22588
      vertex 50.7454 0 8.85638
    endloop
  endfacet
  facet normal 0 -1 0
    outer loop
      vertex 48.945 0 8.22588
      vertex 50.8938 0 8.67812
      vertex 50.7454 0 8.85638
    endloop
  endfacet
  facet normal 0 -1 0
    outer loop
      vertex 48.945 0 8.22588
      vertex 51.066 0 8.52419
      vertex 50.8938 0 8.67812
    endloop
  endfacet
  facet normal 0 -1 0
    outer loop
      vertex 48.945 0 8.22588
      vertex 51.2587 0 8.39825
      vertex 51.066 0 8.52419
    endloop
  endfacet
  facet normal 0 -1 0
    outer loop
      vertex 48.945 0 8.22588
      vertex 51.472 0 8.30029
      vertex 51.2587 0 8.39825
    endloop
  endfacet
  facet normal 0 -1 0
    outer loop
      vertex 48.945 0 8.22588
      vertex 51.7058 0 8.23033
      vertex 51.472 0 8.30029
    endloop
  endfacet
  facet normal 0 -1 0
    outer loop
      vertex 39 0 6.09502
      vertex 48.1848 0 8.22588
      vertex 45.1188 0 8.18491
    endloop
  endfacet
  facet normal 0 -1 0
    outer loop
      vertex 48.945 0 8.22588
      vertex 51.9602 0 8.18835
      vertex 51.7058 0 8.23033
    endloop
  endfacet
  facet normal 0 -1 -0
    outer loop
      vertex 48.1848 0 8.22588
      vertex 39 0 6.09502
      vertex 48.945 0 8.22588
    endloop
  endfacet
  facet normal 0 -1 0
    outer loop
      vertex 39 0 6.09502
      vertex 45.1188 0 8.18491
      vertex 44.8707 0 8.17436
    endloop
  endfacet
  facet normal 0 -1 -0
    outer loop
      vertex 48.945 0 8.22588
      vertex 39 0 6.09502
      vertex 51.9602 0 8.18835
    endloop
  endfacet
  facet normal 0 -1 0
    outer loop
      vertex 63.3225 0 11.8567
      vertex 64.1935 0 10.3209
      vertex 65.0748 0 11.8567
    endloop
  endfacet
  facet normal 0 -1 0
    outer loop
      vertex 61.3448 0 11.8567
      vertex 63.8198 0 9.71533
      vertex 62.5262 0 11.8567
    endloop
  endfacet
  facet normal 0 -1 0
    outer loop
      vertex 62.6642 0 8.22588
      vertex 63.8198 0 9.71533
      vertex 61.3448 0 11.8567
    endloop
  endfacet
  facet normal 0 -1 -0
    outer loop
      vertex 63.8198 0 9.71533
      vertex 62.6642 0 8.22588
      vertex 63.8198 0 8.22588
    endloop
  endfacet
  facet normal 0 -1 0
    outer loop
      vertex 59.1235 0 8.22588
      vertex 58.4843 0 11.8567
      vertex 58.4843 0 8.22588
    endloop
  endfacet
  facet normal 0 -1 0
    outer loop
      vertex 58.4843 0 11.8567
      vertex 59.1235 0 8.22588
      vertex 60.4481 0 11.8567
    endloop
  endfacet
  facet normal 0 -1 0
    outer loop
      vertex 56.4614 0 9.82614
      vertex 57.4716 0 11.8567
      vertex 55.812 0 11.8567
    endloop
  endfacet
  facet normal 0 -1 0
    outer loop
      vertex 56.4614 0 9.82614
      vertex 56.8041 0 9.72563
      vertex 57.4716 0 11.8567
    endloop
  endfacet
  facet normal 0 -1 0
    outer loop
      vertex 56.5181 0 9.63028
      vertex 56.8041 0 9.72563
      vertex 56.4614 0 9.82614
    endloop
  endfacet
  facet normal 0 -1 0
    outer loop
      vertex 56.8041 0 9.72563
      vertex 56.5181 0 9.63028
      vertex 56.6418 0 9.14323
    endloop
  endfacet
  facet normal 0 -1 0
    outer loop
      vertex 52.7738 0 11.8558
      vertex 54.7942 0 11.8567
      vertex 52.5175 0 11.8971
    endloop
  endfacet
  facet normal 0 -1 0
    outer loop
      vertex 53.0091 0 11.7871
      vertex 54.7942 0 11.8567
      vertex 52.7738 0 11.8558
    endloop
  endfacet
  facet normal 0 -1 0
    outer loop
      vertex 53.2234 0 11.6909
      vertex 54.7942 0 11.8567
      vertex 53.0091 0 11.7871
    endloop
  endfacet
  facet normal 0 -1 0
    outer loop
      vertex 53.4168 0 11.5672
      vertex 54.7942 0 11.8567
      vertex 53.2234 0 11.6909
    endloop
  endfacet
  facet normal 0 -1 0
    outer loop
      vertex 53.5892 0 11.416
      vertex 54.7942 0 11.8567
      vertex 53.4168 0 11.5672
    endloop
  endfacet
  facet normal 0 -1 0
    outer loop
      vertex 53.7376 0 11.2409
      vertex 54.7942 0 11.8567
      vertex 53.5892 0 11.416
    endloop
  endfacet
  facet normal 0 -1 0
    outer loop
      vertex 53.859 0 11.0453
      vertex 54.7942 0 11.8567
      vertex 53.7376 0 11.2409
    endloop
  endfacet
  facet normal 0 -1 0
    outer loop
      vertex 53.9535 0 10.8292
      vertex 54.7942 0 11.8567
      vertex 53.859 0 11.0453
    endloop
  endfacet
  facet normal 0 -1 0
    outer loop
      vertex 54.021 0 10.5926
      vertex 54.7942 0 11.8567
      vertex 53.9535 0 10.8292
    endloop
  endfacet
  facet normal 0 -1 0
    outer loop
      vertex 54.0614 0 10.3356
      vertex 54.7942 0 11.8567
      vertex 54.021 0 10.5926
    endloop
  endfacet
  facet normal 0 -1 0
    outer loop
      vertex 54.0749 0 10.058
      vertex 54.7942 0 11.8567
      vertex 54.0614 0 10.3356
    endloop
  endfacet
  facet normal 0 -1 0
    outer loop
      vertex 54.7942 0 8.22588
      vertex 54.0749 0 10.058
      vertex 54.0687 0 9.87288
    endloop
  endfacet
  facet normal 0 -1 0
    outer loop
      vertex 54.7942 0 8.22588
      vertex 54.0687 0 9.87288
      vertex 54.05 0 9.69528
    endloop
  endfacet
  facet normal 0 -1 0
    outer loop
      vertex 54.7942 0 8.22588
      vertex 54.05 0 9.69528
      vertex 54.0189 0 9.52527
    endloop
  endfacet
  facet normal 0 -1 0
    outer loop
      vertex 54.7942 0 8.22588
      vertex 54.0189 0 9.52527
      vertex 53.9753 0 9.36285
    endloop
  endfacet
  facet normal 0 -1 0
    outer loop
      vertex 54.0749 0 10.058
      vertex 54.7942 0 8.22588
      vertex 54.7942 0 11.8567
    endloop
  endfacet
  facet normal 0 -1 0
    outer loop
      vertex 53.9192 0 9.20802
      vertex 54.7942 0 8.22588
      vertex 53.9753 0 9.36285
    endloop
  endfacet
  facet normal 0 -1 0
    outer loop
      vertex 53.8507 0 9.06078
      vertex 54.7942 0 8.22588
      vertex 53.9192 0 9.20802
    endloop
  endfacet
  facet normal 0 -1 0
    outer loop
      vertex 53.7706 0 8.92296
      vertex 54.7942 0 8.22588
      vertex 53.8507 0 9.06078
    endloop
  endfacet
  facet normal 0 -1 0
    outer loop
      vertex 53.6798 0 8.79637
      vertex 54.7942 0 8.22588
      vertex 53.7706 0 8.92296
    endloop
  endfacet
  facet normal 0 -1 0
    outer loop
      vertex 53.5782 0 8.68103
      vertex 54.7942 0 8.22588
      vertex 53.6798 0 8.79637
    endloop
  endfacet
  facet normal 0 -1 0
    outer loop
      vertex 53.4659 0 8.57692
      vertex 54.7942 0 8.22588
      vertex 53.5782 0 8.68103
    endloop
  endfacet
  facet normal 0 -1 0
    outer loop
      vertex 53.3429 0 8.48404
      vertex 54.7942 0 8.22588
      vertex 53.4659 0 8.57692
    endloop
  endfacet
  facet normal 0 -1 0
    outer loop
      vertex 53.2091 0 8.40239
      vertex 54.7942 0 8.22588
      vertex 53.3429 0 8.48404
    endloop
  endfacet
  facet normal 0 -1 0
    outer loop
      vertex 53.0661 0 8.33272
      vertex 54.7942 0 8.22588
      vertex 53.2091 0 8.40239
    endloop
  endfacet
  facet normal 0 -1 0
    outer loop
      vertex 52.9154 0 8.27571
      vertex 54.7942 0 8.22588
      vertex 53.0661 0 8.33272
    endloop
  endfacet
  facet normal 0 -1 0
    outer loop
      vertex 52.7569 0 8.23137
      vertex 54.7942 0 8.22588
      vertex 52.9154 0 8.27571
    endloop
  endfacet
  facet normal 0 -1 0
    outer loop
      vertex 71 0 6.09502
      vertex 55.4693 0 8.22588
      vertex 54.7942 0 8.22588
    endloop
  endfacet
  facet normal 0 -1 0
    outer loop
      vertex 55.4693 0 8.22588
      vertex 71 0 6.09502
      vertex 56.3686 0 8.22588
    endloop
  endfacet
  facet normal 0 -1 0
    outer loop
      vertex 56.3686 0 8.22588
      vertex 71 0 6.09502
      vertex 56.9098 0 8.22588
    endloop
  endfacet
  facet normal 0 -1 0
    outer loop
      vertex 56.9098 0 8.22588
      vertex 71 0 6.09502
      vertex 57.8091 0 8.22588
    endloop
  endfacet
  facet normal 0 -1 0
    outer loop
      vertex 57.8091 0 8.22588
      vertex 71 0 6.09502
      vertex 58.4843 0 8.22588
    endloop
  endfacet
  facet normal 0 -1 0
    outer loop
      vertex 58.4843 0 8.22588
      vertex 71 0 6.09502
      vertex 59.1235 0 8.22588
    endloop
  endfacet
  facet normal 0 -1 0
    outer loop
      vertex 59.1235 0 8.22588
      vertex 71 0 6.09502
      vertex 59.8837 0 8.22588
    endloop
  endfacet
  facet normal 0 -1 0
    outer loop
      vertex 59.8837 0 8.22588
      vertex 71 0 6.09502
      vertex 61.9118 0 8.22588
    endloop
  endfacet
  facet normal 0 -1 0
    outer loop
      vertex 61.9118 0 8.22588
      vertex 71 0 6.09502
      vertex 62.6642 0 8.22588
    endloop
  endfacet
  facet normal 0 -1 0
    outer loop
      vertex 71 0 6.09502
      vertex 54.7942 0 8.22588
      vertex 52.235 0 8.17436
    endloop
  endfacet
  facet normal 0 -1 0
    outer loop
      vertex 52.4167 0 8.18069
      vertex 54.7942 0 8.22588
      vertex 52.5907 0 8.19969
    endloop
  endfacet
  facet normal 0 -1 0
    outer loop
      vertex 52.5907 0 8.19969
      vertex 54.7942 0 8.22588
      vertex 52.7569 0 8.23137
    endloop
  endfacet
  facet normal 0 -1 0
    outer loop
      vertex 46.4967 0 11.8567
      vertex 47.0124 0 11.2692
      vertex 47.0124 0 11.8567
    endloop
  endfacet
  facet normal 0 -1 0
    outer loop
      vertex 46.4967 0 9.62512
      vertex 47.0124 0 11.2692
      vertex 46.4967 0 11.8567
    endloop
  endfacet
  facet normal 0 -1 0
    outer loop
      vertex 46.4967 0 9.62512
      vertex 48.1848 0 11.2692
      vertex 47.0124 0 11.2692
    endloop
  endfacet
  facet normal 0 -1 0
    outer loop
      vertex 48.1848 0 8.22588
      vertex 46.4967 0 9.62512
      vertex 46.4849 0 9.40353
    endloop
  endfacet
  facet normal 0 -1 0
    outer loop
      vertex 48.1848 0 8.22588
      vertex 46.4849 0 9.40353
      vertex 46.4493 0 9.19922
    endloop
  endfacet
  facet normal 0 -1 0
    outer loop
      vertex 48.1848 0 8.22588
      vertex 46.4493 0 9.19922
      vertex 46.3901 0 9.01215
    endloop
  endfacet
  facet normal 0 -1 0
    outer loop
      vertex 48.1848 0 8.22588
      vertex 46.3901 0 9.01215
      vertex 46.3072 0 8.84232
    endloop
  endfacet
  facet normal 0 -1 0
    outer loop
      vertex 48.1848 0 8.22588
      vertex 46.3072 0 8.84232
      vertex 46.2006 0 8.68974
    endloop
  endfacet
  facet normal 0 -1 0
    outer loop
      vertex 46.4967 0 9.62512
      vertex 48.1848 0 8.22588
      vertex 48.1848 0 11.2692
    endloop
  endfacet
  facet normal 0 -1 0
    outer loop
      vertex 46.0703 0 8.55443
      vertex 48.1848 0 8.22588
      vertex 46.2006 0 8.68974
    endloop
  endfacet
  facet normal 0 -1 0
    outer loop
      vertex 45.9185 0 8.43829
      vertex 48.1848 0 8.22588
      vertex 46.0703 0 8.55443
    endloop
  endfacet
  facet normal 0 -1 0
    outer loop
      vertex 45.7474 0 8.34328
      vertex 48.1848 0 8.22588
      vertex 45.9185 0 8.43829
    endloop
  endfacet
  facet normal 0 -1 0
    outer loop
      vertex 45.5571 0 8.26938
      vertex 48.1848 0 8.22588
      vertex 45.7474 0 8.34328
    endloop
  endfacet
  facet normal 0 -1 0
    outer loop
      vertex 45.1188 0 8.18491
      vertex 48.1848 0 8.22588
      vertex 45.3476 0 8.21658
    endloop
  endfacet
  facet normal 0 -1 0
    outer loop
      vertex 45.3476 0 8.21658
      vertex 48.1848 0 8.22588
      vertex 45.5571 0 8.26938
    endloop
  endfacet
  facet normal 0 -1 0
    outer loop
      vertex 44.0848 0 11.8567
      vertex 45.7365 0 9.67152
      vertex 45.7365 0 11.8567
    endloop
  endfacet
  facet normal 0 -1 0
    outer loop
      vertex 44.0848 0 9.64575
      vertex 45.7365 0 9.67152
      vertex 44.0848 0 11.8567
    endloop
  endfacet
  facet normal 0 -1 0
    outer loop
      vertex 44.0848 0 9.64575
      vertex 45.7305 0 9.53197
      vertex 45.7365 0 9.67152
    endloop
  endfacet
  facet normal 0 -1 0
    outer loop
      vertex 44.0905 0 9.50807
      vertex 45.7305 0 9.53197
      vertex 44.0848 0 9.64575
    endloop
  endfacet
  facet normal 0 -1 0
    outer loop
      vertex 44.8913 0 8.76959
      vertex 45.7305 0 9.53197
      vertex 44.0905 0 9.50807
    endloop
  endfacet
  facet normal 0 -1 0
    outer loop
      vertex 44.8913 0 8.76959
      vertex 44.0905 0 9.50807
      vertex 44.1075 0 9.3819
    endloop
  endfacet
  facet normal 0 -1 0
    outer loop
      vertex 45.7305 0 9.53197
      vertex 44.8913 0 8.76959
      vertex 45.7122 0 9.40367
    endloop
  endfacet
  facet normal 0 -1 0
    outer loop
      vertex 44.7644 0 8.77577
      vertex 44.1075 0 9.3819
      vertex 44.136 0 9.26726
    endloop
  endfacet
  facet normal -0 -1 0
    outer loop
      vertex 45.0218 0 8.77606
      vertex 45.7122 0 9.40367
      vertex 44.8913 0 8.76959
    endloop
  endfacet
  facet normal 0 -1 0
    outer loop
      vertex 44.6481 0 8.79436
      vertex 44.136 0 9.26726
      vertex 44.1758 0 9.16415
    endloop
  endfacet
  facet normal 0 -1 0
    outer loop
      vertex 45.7122 0 9.40367
      vertex 45.0218 0 8.77606
      vertex 45.6818 0 9.28659
    endloop
  endfacet
  facet normal 0 -1 0
    outer loop
      vertex 44.5425 0 8.82532
      vertex 44.1758 0 9.16415
      vertex 44.2271 0 9.07256
    endloop
  endfacet
  facet normal -0 -1 0
    outer loop
      vertex 45.1419 0 8.7955
      vertex 45.6818 0 9.28659
      vertex 45.0218 0 8.77606
    endloop
  endfacet
  facet normal 0 -1 0
    outer loop
      vertex 44.5425 0 8.82532
      vertex 44.2271 0 9.07256
      vertex 44.2896 0 8.99249
    endloop
  endfacet
  facet normal 0 -1 0
    outer loop
      vertex 45.6818 0 9.28659
      vertex 45.1419 0 8.7955
      vertex 45.6392 0 9.18076
    endloop
  endfacet
  facet normal 0 -1 0
    outer loop
      vertex 44.5425 0 8.82532
      vertex 44.2896 0 8.99249
      vertex 44.3633 0 8.92438
    endloop
  endfacet
  facet normal -0 -1 0
    outer loop
      vertex 45.2514 0 8.82788
      vertex 45.6392 0 9.18076
      vertex 45.1419 0 8.7955
    endloop
  endfacet
  facet normal 0 -1 0
    outer loop
      vertex 44.5425 0 8.82532
      vertex 44.3633 0 8.92438
      vertex 44.4476 0 8.86865
    endloop
  endfacet
  facet normal 0 -1 0
    outer loop
      vertex 45.6392 0 9.18076
      vertex 45.2514 0 8.82788
      vertex 45.5844 0 9.08615
    endloop
  endfacet
  facet normal 0 -1 0
    outer loop
      vertex 44.1758 0 9.16415
      vertex 44.5425 0 8.82532
      vertex 44.6481 0 8.79436
    endloop
  endfacet
  facet normal 0 -1 0
    outer loop
      vertex 45.5844 0 9.08615
      vertex 45.2514 0 8.82788
      vertex 45.5175 0 9.00279
    endloop
  endfacet
  facet normal 0 -1 0
    outer loop
      vertex 44.136 0 9.26726
      vertex 44.6481 0 8.79436
      vertex 44.7644 0 8.77577
    endloop
  endfacet
  facet normal 0 -1 0
    outer loop
      vertex 45.4393 0 8.93153
      vertex 45.2514 0 8.82788
      vertex 45.3506 0 8.87323
    endloop
  endfacet
  facet normal 0 -1 0
    outer loop
      vertex 44.1075 0 9.3819
      vertex 44.7644 0 8.77577
      vertex 44.8913 0 8.76959
    endloop
  endfacet
  facet normal 0 -1 0
    outer loop
      vertex 45.5175 0 9.00279
      vertex 45.2514 0 8.82788
      vertex 45.4393 0 8.93153
    endloop
  endfacet
  facet normal 0 -1 0
    outer loop
      vertex 42.6364 0 11.3284
      vertex 43.3246 0 11.8567
      vertex 42.6364 0 11.8567
    endloop
  endfacet
  facet normal 0 -1 0
    outer loop
      vertex 42.6364 0 11.3284
      vertex 43.3246 0 9.58647
      vertex 43.3246 0 11.8567
    endloop
  endfacet
  facet normal 0 -1 0
    outer loop
      vertex 42.7421 0 8.82115
      vertex 43.3246 0 9.58647
      vertex 42.6364 0 11.3284
    endloop
  endfacet
  facet normal 0 -1 -0
    outer loop
      vertex 43.3246 0 9.58647
      vertex 42.7421 0 8.82115
      vertex 43.3357 0 9.36844
    endloop
  endfacet
  facet normal 0 -1 -0
    outer loop
      vertex 43.3357 0 9.36844
      vertex 42.7421 0 8.82115
      vertex 43.3688 0 9.16788
    endloop
  endfacet
  facet normal 0 -1 0
    outer loop
      vertex 42.7421 0 8.82115
      vertex 42.6364 0 11.3284
      vertex 40.6728 0 8.82115
    endloop
  endfacet
  facet normal 0 -1 -0
    outer loop
      vertex 43.3688 0 9.16788
      vertex 42.7421 0 8.82115
      vertex 43.4241 0 8.98479
    endloop
  endfacet
  facet normal 0 -1 0
    outer loop
      vertex 42.7421 0 8.82115
      vertex 43.5015 0 8.81914
      vertex 43.4241 0 8.98479
    endloop
  endfacet
  facet normal 0 -1 0
    outer loop
      vertex 42.7421 0 8.22588
      vertex 43.5015 0 8.81914
      vertex 42.7421 0 8.82115
    endloop
  endfacet
  facet normal 0 -1 -0
    outer loop
      vertex 43.5015 0 8.81914
      vertex 42.7421 0 8.22588
      vertex 43.6011 0 8.67097
    endloop
  endfacet
  facet normal 0 -1 -0
    outer loop
      vertex 43.6011 0 8.67097
      vertex 42.7421 0 8.22588
      vertex 43.7227 0 8.54025
    endloop
  endfacet
  facet normal 0 -1 -0
    outer loop
      vertex 43.7227 0 8.54025
      vertex 42.7421 0 8.22588
      vertex 43.8652 0 8.42845
    endloop
  endfacet
  facet normal 0 -1 -0
    outer loop
      vertex 43.8652 0 8.42845
      vertex 42.7421 0 8.22588
      vertex 44.0272 0 8.33698
    endloop
  endfacet
  facet normal 0 -1 -0
    outer loop
      vertex 44.0272 0 8.33698
      vertex 42.7421 0 8.22588
      vertex 44.2088 0 8.26582
    endloop
  endfacet
  facet normal 0 -1 -0
    outer loop
      vertex 44.2088 0 8.26582
      vertex 42.7421 0 8.22588
      vertex 44.4099 0 8.21501
    endloop
  endfacet
  facet normal 0 -1 0
    outer loop
      vertex 40.0234 0 11.2614
      vertex 35.5738 0 11.8681
      vertex 35.3296 0 11.3233
    endloop
  endfacet
  facet normal 0 -1 0
    outer loop
      vertex 35.5738 0 11.8681
      vertex 40.0234 0 11.2614
      vertex 40.0234 0 11.8567
    endloop
  endfacet
  facet normal 0 -1 0
    outer loop
      vertex 35.1713 0 10.7475
      vertex 40.0234 0 11.2614
      vertex 35.3296 0 11.3233
    endloop
  endfacet
  facet normal 0 -1 0
    outer loop
      vertex 39.8276 0 8.76445
      vertex 40.0234 0 11.2614
      vertex 35.1713 0 10.7475
    endloop
  endfacet
  facet normal 0 -1 0
    outer loop
      vertex 39.8276 0 8.76445
      vertex 35.1713 0 10.7475
      vertex 35.1 0 10.005
    endloop
  endfacet
  facet normal 0 -1 0
    outer loop
      vertex 39.8276 0 8.76445
      vertex 35.1 0 10.005
      vertex 35.1 0 9.99501
    endloop
  endfacet
  facet normal 0 -1 0
    outer loop
      vertex 39.8276 0 8.76445
      vertex 35.1 0 9.99501
      vertex 35.1457 0 9.39967
    endloop
  endfacet
  facet normal 0 -1 0
    outer loop
      vertex 39.8276 0 8.76445
      vertex 35.1457 0 9.39967
      vertex 35.2818 0 8.8183
    endloop
  endfacet
  facet normal 0 -1 -0
    outer loop
      vertex 40.0234 0 11.2614
      vertex 39.8276 0 8.76445
      vertex 41.7912 0 11.2614
    endloop
  endfacet
  facet normal 0 -1 0
    outer loop
      vertex 35.505 0 8.2645
      vertex 39.8276 0 8.76445
      vertex 35.2818 0 8.8183
    endloop
  endfacet
  facet normal 0 -1 0
    outer loop
      vertex 35.8101 0 7.75127
      vertex 39.8276 0 8.76445
      vertex 35.505 0 8.2645
    endloop
  endfacet
  facet normal 0 -1 0
    outer loop
      vertex 39 0 6.09502
      vertex 42.7421 0 8.22588
      vertex 39.8276 0 8.22588
    endloop
  endfacet
  facet normal 0 -1 -0
    outer loop
      vertex 42.7421 0 8.22588
      vertex 39 0 6.09502
      vertex 44.4099 0 8.21501
    endloop
  endfacet
  facet normal 0 -1 -0
    outer loop
      vertex 44.4099 0 8.21501
      vertex 39 0 6.09502
      vertex 44.6305 0 8.18452
    endloop
  endfacet
  facet normal 0 -1 0
    outer loop
      vertex 36.19 0 7.29062
      vertex 39.8276 0 8.76445
      vertex 35.8101 0 7.75127
    endloop
  endfacet
  facet normal 0 -1 -0
    outer loop
      vertex 51.9602 0 8.18835
      vertex 39 0 6.09502
      vertex 52.235 0 8.17436
    endloop
  endfacet
  facet normal 0 -1 0
    outer loop
      vertex 63.8198 0 8.22588
      vertex 71 0 6.09502
      vertex 68.1235 0 8.17436
    endloop
  endfacet
  facet normal 0 -1 0
    outer loop
      vertex 36.6357 0 6.89337
      vertex 39.8276 0 8.76445
      vertex 36.19 0 7.29062
    endloop
  endfacet
  facet normal 0 -1 -0
    outer loop
      vertex 44.6305 0 8.18452
      vertex 39 0 6.09502
      vertex 44.8707 0 8.17436
    endloop
  endfacet
  facet normal 0 -1 -0
    outer loop
      vertex 52.235 0 8.17436
      vertex 39 0 6.09502
      vertex 71 0 6.09502
    endloop
  endfacet
  facet normal 0 -1 -0
    outer loop
      vertex 39.8276 0 8.76445
      vertex 36.6357 0 6.89337
      vertex 39.8276 0 8.22588
    endloop
  endfacet
  facet normal -0 -1 0
    outer loop
      vertex 71.5953 0 6.14072
      vertex 68.1235 0 8.17436
      vertex 71 0 6.09502
    endloop
  endfacet
  facet normal 0 -1 0
    outer loop
      vertex 37.1369 0 6.56882
      vertex 39.8276 0 8.22588
      vertex 36.6357 0 6.89337
    endloop
  endfacet
  facet normal 0 -1 0
    outer loop
      vertex 68.1235 0 8.17436
      vertex 74.1016 0 7.63074
      vertex 74.4262 0 8.1319
    endloop
  endfacet
  facet normal 0 -1 0
    outer loop
      vertex 37.6817 0 6.32457
      vertex 39.8276 0 8.22588
      vertex 37.1369 0 6.56882
    endloop
  endfacet
  facet normal 0 -1 0
    outer loop
      vertex 68.1235 0 8.17436
      vertex 73.7044 0 7.18498
      vertex 74.1016 0 7.63074
    endloop
  endfacet
  facet normal 0 -1 0
    outer loop
      vertex 38.2575 0 6.16635
      vertex 39.8276 0 8.22588
      vertex 37.6817 0 6.32457
    endloop
  endfacet
  facet normal 0 -1 0
    outer loop
      vertex 68.1235 0 8.17436
      vertex 73.2437 0 6.80508
      vertex 73.7044 0 7.18498
    endloop
  endfacet
  facet normal 0 -1 0
    outer loop
      vertex 39.8276 0 8.22588
      vertex 38.2575 0 6.16635
      vertex 39 0 6.09502
    endloop
  endfacet
  facet normal 0 -1 0
    outer loop
      vertex 68.1235 0 8.17436
      vertex 72.7305 0 6.49997
      vertex 73.2437 0 6.80508
    endloop
  endfacet
  facet normal 0 -1 0
    outer loop
      vertex 68.1235 0 8.17436
      vertex 72.1767 0 6.27676
      vertex 72.7305 0 6.49997
    endloop
  endfacet
  facet normal 0 -1 0
    outer loop
      vertex 68.1235 0 8.17436
      vertex 71.5953 0 6.14072
      vertex 72.1767 0 6.27676
    endloop
  endfacet
  facet normal 0 -1 0
    outer loop
      vertex 71 0 13.905
      vertex 67.8514 0 11.8972
      vertex 68.1287 0 11.9108
    endloop
  endfacet
  facet normal 0 -1 0
    outer loop
      vertex 54.7942 0 11.8567
      vertex 52.2402 0 11.9108
      vertex 52.5175 0 11.8971
    endloop
  endfacet
  facet normal 0 -1 0
    outer loop
      vertex 52.2402 0 11.9108
      vertex 54.7942 0 11.8567
      vertex 55.812 0 11.8567
    endloop
  endfacet
  facet normal 0 -1 0
    outer loop
      vertex 71 0 13.905
      vertex 55.812 0 11.8567
      vertex 57.4716 0 11.8567
    endloop
  endfacet
  facet normal 0 -1 0
    outer loop
      vertex 58.4843 0 11.8567
      vertex 71 0 13.905
      vertex 57.4716 0 11.8567
    endloop
  endfacet
  facet normal 0 -1 0
    outer loop
      vertex 60.4481 0 11.8567
      vertex 71 0 13.905
      vertex 58.4843 0 11.8567
    endloop
  endfacet
  facet normal 0 -1 0
    outer loop
      vertex 61.3448 0 11.8567
      vertex 71 0 13.905
      vertex 60.4481 0 11.8567
    endloop
  endfacet
  facet normal 0 -1 0
    outer loop
      vertex 62.5262 0 11.8567
      vertex 71 0 13.905
      vertex 61.3448 0 11.8567
    endloop
  endfacet
  facet normal 0 -1 0
    outer loop
      vertex 63.3225 0 11.8567
      vertex 71 0 13.905
      vertex 62.5262 0 11.8567
    endloop
  endfacet
  facet normal 0 -1 0
    outer loop
      vertex 65.0748 0 11.8567
      vertex 71 0 13.905
      vertex 63.3225 0 11.8567
    endloop
  endfacet
  facet normal 0 -1 0
    outer loop
      vertex 65.871 0 11.8567
      vertex 71 0 13.905
      vertex 65.0748 0 11.8567
    endloop
  endfacet
  facet normal 0 -1 0
    outer loop
      vertex 67.5952 0 11.8564
      vertex 71 0 13.905
      vertex 65.871 0 11.8567
    endloop
  endfacet
  facet normal 0 -1 0
    outer loop
      vertex 71 0 13.905
      vertex 67.5952 0 11.8564
      vertex 67.8514 0 11.8972
    endloop
  endfacet
  facet normal 0 -1 0
    outer loop
      vertex 65.871 0 11.8567
      vertex 67.3601 0 11.7884
      vertex 67.5952 0 11.8564
    endloop
  endfacet
  facet normal 0 -1 0
    outer loop
      vertex 65.871 0 11.8567
      vertex 67.146 0 11.6932
      vertex 67.3601 0 11.7884
    endloop
  endfacet
  facet normal 0 -1 0
    outer loop
      vertex 65.871 0 11.8567
      vertex 66.953 0 11.5708
      vertex 67.146 0 11.6932
    endloop
  endfacet
  facet normal 0 -1 0
    outer loop
      vertex 65.871 0 11.8567
      vertex 66.7809 0 11.4212
      vertex 66.953 0 11.5708
    endloop
  endfacet
  facet normal 0 -1 0
    outer loop
      vertex 65.871 0 11.8567
      vertex 66.6329 0 11.2473
      vertex 66.7809 0 11.4212
    endloop
  endfacet
  facet normal 0 -1 0
    outer loop
      vertex 65.871 0 11.8567
      vertex 66.5118 0 11.0521
      vertex 66.6329 0 11.2473
    endloop
  endfacet
  facet normal 0 -1 0
    outer loop
      vertex 65.871 0 11.8567
      vertex 66.4176 0 10.8356
      vertex 66.5118 0 11.0521
    endloop
  endfacet
  facet normal 0 -1 0
    outer loop
      vertex 65.871 0 11.8567
      vertex 66.3503 0 10.5977
      vertex 66.4176 0 10.8356
    endloop
  endfacet
  facet normal 0 -1 0
    outer loop
      vertex 64.5774 0 9.71533
      vertex 66.3503 0 10.5977
      vertex 65.871 0 11.8567
    endloop
  endfacet
  facet normal 0 -1 0
    outer loop
      vertex 66.3503 0 10.5977
      vertex 64.5774 0 9.71533
      vertex 66.31 0 10.3385
    endloop
  endfacet
  facet normal 0 -1 0
    outer loop
      vertex 66.31 0 10.3385
      vertex 64.5774 0 9.71533
      vertex 66.2965 0 10.058
    endloop
  endfacet
  facet normal 0 -1 -0
    outer loop
      vertex 66.2965 0 10.058
      vertex 64.5774 0 9.71533
      vertex 66.31 0 9.77634
    endloop
  endfacet
  facet normal 0 -1 0
    outer loop
      vertex 64.5774 0 9.71533
      vertex 66.3505 0 9.51532
      vertex 66.31 0 9.77634
    endloop
  endfacet
  facet normal 0 -1 0
    outer loop
      vertex 64.5774 0 9.71533
      vertex 66.4179 0 9.27499
      vertex 66.3505 0 9.51532
    endloop
  endfacet
  facet normal 0 -1 0
    outer loop
      vertex 64.5774 0 8.22588
      vertex 66.4179 0 9.27499
      vertex 64.5774 0 9.71533
    endloop
  endfacet
  facet normal 0 -1 -0
    outer loop
      vertex 66.4179 0 9.27499
      vertex 64.5774 0 8.22588
      vertex 66.5124 0 9.05534
    endloop
  endfacet
  facet normal 0 -1 -0
    outer loop
      vertex 66.5124 0 9.05534
      vertex 64.5774 0 8.22588
      vertex 66.6338 0 8.85638
    endloop
  endfacet
  facet normal 0 -1 -0
    outer loop
      vertex 66.6338 0 8.85638
      vertex 64.5774 0 8.22588
      vertex 66.7822 0 8.67812
    endloop
  endfacet
  facet normal 0 -1 -0
    outer loop
      vertex 66.7822 0 8.67812
      vertex 64.5774 0 8.22588
      vertex 66.9544 0 8.52419
    endloop
  endfacet
  facet normal 0 -1 -0
    outer loop
      vertex 66.9544 0 8.52419
      vertex 64.5774 0 8.22588
      vertex 67.1472 0 8.39825
    endloop
  endfacet
  facet normal 0 -1 0
    outer loop
      vertex 64.5774 0 8.22588
      vertex 67.3604 0 8.30029
      vertex 67.1472 0 8.39825
    endloop
  endfacet
  facet normal 0 -1 0
    outer loop
      vertex 64.5774 0 8.22588
      vertex 67.5942 0 8.23033
      vertex 67.3604 0 8.30029
    endloop
  endfacet
  facet normal 0 -1 0
    outer loop
      vertex 52.235 0 8.17436
      vertex 54.7942 0 8.22588
      vertex 52.4167 0 8.18069
    endloop
  endfacet
  facet normal 0 -1 0
    outer loop
      vertex 64.5774 0 8.22588
      vertex 67.8486 0 8.18835
      vertex 67.5942 0 8.23033
    endloop
  endfacet
  facet normal 0 -1 0
    outer loop
      vertex 62.6642 0 8.22588
      vertex 71 0 6.09502
      vertex 63.8198 0 8.22588
    endloop
  endfacet
  facet normal 0 -1 0
    outer loop
      vertex 63.8198 0 8.22588
      vertex 68.1235 0 8.17436
      vertex 64.5774 0 8.22588
    endloop
  endfacet
  facet normal 0 -1 0
    outer loop
      vertex 64.5774 0 8.22588
      vertex 68.1235 0 8.17436
      vertex 67.8486 0 8.18835
    endloop
  endfacet
  facet normal 0 -1 0
    outer loop
      vertex 40.0234 0 11.8567
      vertex 39 0 13.905
      vertex 38.4047 0 13.8593
    endloop
  endfacet
  facet normal 0 -1 0
    outer loop
      vertex 39 0 13.905
      vertex 52.2402 0 11.9108
      vertex 71 0 13.905
    endloop
  endfacet
  facet normal 0 -1 0
    outer loop
      vertex 40.0234 0 11.8567
      vertex 38.4047 0 13.8593
      vertex 37.8233 0 13.7232
    endloop
  endfacet
  facet normal 0 -1 0
    outer loop
      vertex 55.812 0 11.8567
      vertex 71 0 13.905
      vertex 52.2402 0 11.9108
    endloop
  endfacet
  facet normal 0 -1 0
    outer loop
      vertex 40.0234 0 11.8567
      vertex 37.8233 0 13.7232
      vertex 37.2695 0 13.5
    endloop
  endfacet
  facet normal 0 -1 0
    outer loop
      vertex 68.4059 0 11.8971
      vertex 71 0 13.905
      vertex 68.1287 0 11.9108
    endloop
  endfacet
  facet normal 0 -1 0
    outer loop
      vertex 40.0234 0 11.8567
      vertex 37.2695 0 13.5
      vertex 36.7563 0 13.1949
    endloop
  endfacet
  facet normal 0 -1 0
    outer loop
      vertex 68.6622 0 11.8558
      vertex 71 0 13.905
      vertex 68.4059 0 11.8971
    endloop
  endfacet
  facet normal 0 -1 0
    outer loop
      vertex 40.0234 0 11.8567
      vertex 36.7563 0 13.1949
      vertex 36.2956 0 12.815
    endloop
  endfacet
  facet normal 0 -1 0
    outer loop
      vertex 68.8975 0 11.7871
      vertex 71 0 13.905
      vertex 68.6622 0 11.8558
    endloop
  endfacet
  facet normal 0 -1 0
    outer loop
      vertex 40.0234 0 11.8567
      vertex 36.2956 0 12.815
      vertex 35.8984 0 12.3693
    endloop
  endfacet
  facet normal 0 -1 0
    outer loop
      vertex 69.1119 0 11.6909
      vertex 71 0 13.905
      vertex 68.8975 0 11.7871
    endloop
  endfacet
  facet normal 0 -1 0
    outer loop
      vertex 69.3052 0 11.5672
      vertex 71 0 13.905
      vertex 69.1119 0 11.6909
    endloop
  endfacet
  facet normal 0 -1 0
    outer loop
      vertex 39 0 13.905
      vertex 47.0124 0 11.8567
      vertex 50.1201 0 11.8567
    endloop
  endfacet
  facet normal 0 -1 0
    outer loop
      vertex 40.0234 0 11.8567
      vertex 35.8984 0 12.3693
      vertex 35.5738 0 11.8681
    endloop
  endfacet
  facet normal 0 -1 0
    outer loop
      vertex 39 0 13.905
      vertex 40.0234 0 11.8567
      vertex 42.6364 0 11.8567
    endloop
  endfacet
  facet normal 0 -1 0
    outer loop
      vertex 39 0 13.905
      vertex 42.6364 0 11.8567
      vertex 43.3246 0 11.8567
    endloop
  endfacet
  facet normal 0 -1 0
    outer loop
      vertex 39 0 13.905
      vertex 43.3246 0 11.8567
      vertex 44.0848 0 11.8567
    endloop
  endfacet
  facet normal 0 -1 0
    outer loop
      vertex 39 0 13.905
      vertex 44.0848 0 11.8567
      vertex 45.7365 0 11.8567
    endloop
  endfacet
  facet normal 0 -1 0
    outer loop
      vertex 39 0 13.905
      vertex 45.7365 0 11.8567
      vertex 46.4967 0 11.8567
    endloop
  endfacet
  facet normal 0 -1 0
    outer loop
      vertex 39 0 13.905
      vertex 46.4967 0 11.8567
      vertex 47.0124 0 11.8567
    endloop
  endfacet
  facet normal 0 -1 0
    outer loop
      vertex 39 0 13.905
      vertex 50.1201 0 11.8567
      vertex 52.2402 0 11.9108
    endloop
  endfacet
  facet normal 0 -1 0
    outer loop
      vertex 52.2402 0 11.9108
      vertex 50.1201 0 11.8567
      vertex 51.963 0 11.8972
    endloop
  endfacet
  facet normal 0 -1 0
    outer loop
      vertex 50.1201 0 11.8567
      vertex 51.7068 0 11.8564
      vertex 51.963 0 11.8972
    endloop
  endfacet
  facet normal 0 -1 0
    outer loop
      vertex 50.1201 0 11.8567
      vertex 51.4717 0 11.7884
      vertex 51.7068 0 11.8564
    endloop
  endfacet
  facet normal 0 -1 0
    outer loop
      vertex 50.1201 0 11.8567
      vertex 51.2576 0 11.6932
      vertex 51.4717 0 11.7884
    endloop
  endfacet
  facet normal 0 -1 0
    outer loop
      vertex 50.1201 0 11.8567
      vertex 51.0645 0 11.5708
      vertex 51.2576 0 11.6932
    endloop
  endfacet
  facet normal 0 -1 0
    outer loop
      vertex 50.1201 0 11.8567
      vertex 50.8925 0 11.4212
      vertex 51.0645 0 11.5708
    endloop
  endfacet
  facet normal 0 -1 0
    outer loop
      vertex 50.7445 0 11.2473
      vertex 50.1201 0 11.8567
      vertex 50.1201 0 11.2692
    endloop
  endfacet
  facet normal 0 -1 0
    outer loop
      vertex 50.1201 0 11.8567
      vertex 50.7445 0 11.2473
      vertex 50.8925 0 11.4212
    endloop
  endfacet
  facet normal 0 -1 0
    outer loop
      vertex 69.4776 0 11.416
      vertex 71 0 13.905
      vertex 69.3052 0 11.5672
    endloop
  endfacet
  facet normal 0 -1 0
    outer loop
      vertex 69.6261 0 11.2409
      vertex 71 0 13.905
      vertex 69.4776 0 11.416
    endloop
  endfacet
  facet normal 0 -1 -0
    outer loop
      vertex 71 0 13.905
      vertex 69.6261 0 11.2409
      vertex 71.7425 0 13.8336
    endloop
  endfacet
  facet normal 0 -1 0
    outer loop
      vertex 69.7475 0 11.0453
      vertex 71.7425 0 13.8336
      vertex 69.6261 0 11.2409
    endloop
  endfacet
  facet normal 0 -1 -0
    outer loop
      vertex 71.7425 0 13.8336
      vertex 69.7475 0 11.0453
      vertex 72.3183 0 13.6754
    endloop
  endfacet
  facet normal 0 -1 0
    outer loop
      vertex 69.8419 0 10.8292
      vertex 72.3183 0 13.6754
      vertex 69.7475 0 11.0453
    endloop
  endfacet
  facet normal 0 -1 -0
    outer loop
      vertex 72.3183 0 13.6754
      vertex 69.8419 0 10.8292
      vertex 72.8631 0 13.4312
    endloop
  endfacet
  facet normal 0 -1 -0
    outer loop
      vertex 72.8631 0 13.4312
      vertex 69.8419 0 10.8292
      vertex 73.3643 0 13.1066
    endloop
  endfacet
  facet normal 0 -1 0
    outer loop
      vertex 69.9094 0 10.5926
      vertex 73.3643 0 13.1066
      vertex 69.8419 0 10.8292
    endloop
  endfacet
  facet normal 0 -1 -0
    outer loop
      vertex 73.3643 0 13.1066
      vertex 69.9094 0 10.5926
      vertex 73.81 0 12.7094
    endloop
  endfacet
  facet normal 0 -1 -0
    outer loop
      vertex 73.81 0 12.7094
      vertex 69.9094 0 10.5926
      vertex 74.1899 0 12.2487
    endloop
  endfacet
  facet normal 0 -1 0
    outer loop
      vertex 69.9499 0 10.3356
      vertex 74.1899 0 12.2487
      vertex 69.9094 0 10.5926
    endloop
  endfacet
  facet normal 0 -1 -0
    outer loop
      vertex 74.1899 0 12.2487
      vertex 69.9499 0 10.3356
      vertex 74.495 0 11.7355
    endloop
  endfacet
  facet normal 0 -1 -0
    outer loop
      vertex 74.495 0 11.7355
      vertex 69.9499 0 10.3356
      vertex 74.7182 0 11.1817
    endloop
  endfacet
  facet normal 0 -1 -0
    outer loop
      vertex 74.7182 0 11.1817
      vertex 69.9499 0 10.3356
      vertex 74.8543 0 10.6003
    endloop
  endfacet
  facet normal 0 -1 0
    outer loop
      vertex 69.9634 0 10.058
      vertex 74.8543 0 10.6003
      vertex 69.9499 0 10.3356
    endloop
  endfacet
  facet normal 0 -1 0
    outer loop
      vertex 69.9634 0 10.058
      vertex 74.9 0 10.005
      vertex 74.8543 0 10.6003
    endloop
  endfacet
  facet normal 0 -1 0
    outer loop
      vertex 69.9634 0 10.058
      vertex 74.9 0 9.99501
      vertex 74.9 0 10.005
    endloop
  endfacet
  facet normal 0 -1 0
    outer loop
      vertex 69.9572 0 9.87288
      vertex 74.9 0 9.99501
      vertex 69.9634 0 10.058
    endloop
  endfacet
  facet normal 0 -1 0
    outer loop
      vertex 74.6704 0 8.67674
      vertex 69.9572 0 9.87288
      vertex 69.9385 0 9.69528
    endloop
  endfacet
  facet normal 0 -1 0
    outer loop
      vertex 74.4262 0 8.1319
      vertex 69.9385 0 9.69528
      vertex 69.9073 0 9.52527
    endloop
  endfacet
  facet normal 0 -1 0
    outer loop
      vertex 74.4262 0 8.1319
      vertex 69.9073 0 9.52527
      vertex 69.8637 0 9.36285
    endloop
  endfacet
  facet normal 0 -1 0
    outer loop
      vertex 69.9572 0 9.87288
      vertex 74.8287 0 9.25249
      vertex 74.9 0 9.99501
    endloop
  endfacet
  facet normal 0 -1 0
    outer loop
      vertex 74.4262 0 8.1319
      vertex 69.8637 0 9.36285
      vertex 69.8077 0 9.20802
    endloop
  endfacet
  facet normal 0 -1 0
    outer loop
      vertex 74.4262 0 8.1319
      vertex 69.8077 0 9.20802
      vertex 69.7392 0 9.06078
    endloop
  endfacet
  facet normal 0 -1 0
    outer loop
      vertex 74.4262 0 8.1319
      vertex 69.7392 0 9.06078
      vertex 69.6591 0 8.92296
    endloop
  endfacet
  facet normal 0 -1 0
    outer loop
      vertex 74.4262 0 8.1319
      vertex 69.6591 0 8.92296
      vertex 69.5683 0 8.79637
    endloop
  endfacet
  facet normal 0 -1 0
    outer loop
      vertex 74.4262 0 8.1319
      vertex 69.5683 0 8.79637
      vertex 69.4667 0 8.68103
    endloop
  endfacet
  facet normal 0 -1 0
    outer loop
      vertex 69.9572 0 9.87288
      vertex 74.6704 0 8.67674
      vertex 74.8287 0 9.25249
    endloop
  endfacet
  facet normal 0 -1 0
    outer loop
      vertex 74.4262 0 8.1319
      vertex 69.4667 0 8.68103
      vertex 69.3544 0 8.57692
    endloop
  endfacet
  facet normal 0 -1 0
    outer loop
      vertex 74.4262 0 8.1319
      vertex 69.3544 0 8.57692
      vertex 69.2313 0 8.48404
    endloop
  endfacet
  facet normal 0 -1 0
    outer loop
      vertex 74.4262 0 8.1319
      vertex 69.2313 0 8.48404
      vertex 69.0975 0 8.40239
    endloop
  endfacet
  facet normal 0 -1 0
    outer loop
      vertex 74.4262 0 8.1319
      vertex 69.0975 0 8.40239
      vertex 68.9545 0 8.33272
    endloop
  endfacet
  facet normal 0 -1 0
    outer loop
      vertex 74.4262 0 8.1319
      vertex 68.9545 0 8.33272
      vertex 68.8038 0 8.27571
    endloop
  endfacet
  facet normal 0 -1 0
    outer loop
      vertex 74.4262 0 8.1319
      vertex 68.8038 0 8.27571
      vertex 68.6453 0 8.23137
    endloop
  endfacet
  facet normal 0 -1 0
    outer loop
      vertex 74.4262 0 8.1319
      vertex 68.6453 0 8.23137
      vertex 68.4791 0 8.19969
    endloop
  endfacet
  facet normal 0 -1 0
    outer loop
      vertex 74.4262 0 8.1319
      vertex 68.4791 0 8.19969
      vertex 68.3052 0 8.18069
    endloop
  endfacet
  facet normal 0 -1 0
    outer loop
      vertex 69.9385 0 9.69528
      vertex 74.4262 0 8.1319
      vertex 74.6704 0 8.67674
    endloop
  endfacet
  facet normal 0 -1 0
    outer loop
      vertex 74.4262 0 8.1319
      vertex 68.3052 0 8.18069
      vertex 68.1235 0 8.17436
    endloop
  endfacet
  facet normal 0 -1 0
    outer loop
      vertex 55.4478 0 11.0296
      vertex 55.7141 0 10.2513
      vertex 55.4384 0 11.2176
    endloop
  endfacet
  facet normal 0 -1 0
    outer loop
      vertex 55.4556 0 10.864
      vertex 55.7141 0 10.2513
      vertex 55.4478 0 11.0296
    endloop
  endfacet
  facet normal 0 -1 0
    outer loop
      vertex 55.4616 0 10.7209
      vertex 55.7141 0 10.2513
      vertex 55.4556 0 10.864
    endloop
  endfacet
  facet normal 0 -1 0
    outer loop
      vertex 55.4659 0 10.6003
      vertex 55.7141 0 10.2513
      vertex 55.4616 0 10.7209
    endloop
  endfacet
  facet normal 0 -1 0
    outer loop
      vertex 55.4684 0 10.5022
      vertex 55.7141 0 10.2513
      vertex 55.4659 0 10.6003
    endloop
  endfacet
  facet normal 0 -1 0
    outer loop
      vertex 55.4693 0 10.4265
      vertex 55.7141 0 10.2513
      vertex 55.4684 0 10.5022
    endloop
  endfacet
  facet normal 0 -1 0
    outer loop
      vertex 55.4693 0 8.22588
      vertex 55.7141 0 10.2513
      vertex 55.4693 0 10.4265
    endloop
  endfacet
  facet normal 0 -1 -0
    outer loop
      vertex 55.7141 0 10.2513
      vertex 55.4693 0 8.22588
      vertex 56.3686 0 8.22588
    endloop
  endfacet
  facet normal 0 -1 0
    outer loop
      vertex 57.7765 0 10.9982
      vertex 57.8277 0 11.0423
      vertex 57.8349 0 11.2176
    endloop
  endfacet
  facet normal 0 -1 0
    outer loop
      vertex 57.7765 0 10.9982
      vertex 57.8219 0 10.8944
      vertex 57.8277 0 11.0423
    endloop
  endfacet
  facet normal 0 -1 0
    outer loop
      vertex 57.7235 0 10.8022
      vertex 57.8219 0 10.8944
      vertex 57.7765 0 10.9982
    endloop
  endfacet
  facet normal 0 -1 0
    outer loop
      vertex 57.7235 0 10.8022
      vertex 57.8172 0 10.7738
      vertex 57.8219 0 10.8944
    endloop
  endfacet
  facet normal 0 -1 0
    outer loop
      vertex 57.7235 0 10.8022
      vertex 57.8137 0 10.6805
      vertex 57.8172 0 10.7738
    endloop
  endfacet
  facet normal 0 -1 0
    outer loop
      vertex 57.6758 0 10.6295
      vertex 57.8137 0 10.6805
      vertex 57.7235 0 10.8022
    endloop
  endfacet
  facet normal 0 -1 0
    outer loop
      vertex 57.6758 0 10.6295
      vertex 57.8114 0 10.6146
      vertex 57.8137 0 10.6805
    endloop
  endfacet
  facet normal 0 -1 0
    outer loop
      vertex 57.6758 0 10.6295
      vertex 57.8104 0 10.576
      vertex 57.8114 0 10.6146
    endloop
  endfacet
  facet normal 0 -1 0
    outer loop
      vertex 57.6758 0 10.6295
      vertex 57.81 0 10.5511
      vertex 57.8104 0 10.576
    endloop
  endfacet
  facet normal 0 -1 0
    outer loop
      vertex 57.6758 0 10.6295
      vertex 57.8097 0 10.5262
      vertex 57.81 0 10.5511
    endloop
  endfacet
  facet normal 0 -1 0
    outer loop
      vertex 57.6333 0 10.4801
      vertex 57.8097 0 10.5262
      vertex 57.6758 0 10.6295
    endloop
  endfacet
  facet normal 0 -1 0
    outer loop
      vertex 57.8097 0 10.5262
      vertex 57.6333 0 10.4801
      vertex 57.8094 0 10.5012
    endloop
  endfacet
  facet normal 0 -1 0
    outer loop
      vertex 57.6333 0 10.4801
      vertex 57.8092 0 10.4763
      vertex 57.8094 0 10.5012
    endloop
  endfacet
  facet normal 0 -1 0
    outer loop
      vertex 57.6333 0 10.4801
      vertex 57.8091 0 10.4514
      vertex 57.8092 0 10.4763
    endloop
  endfacet
  facet normal 0 -1 0
    outer loop
      vertex 57.6333 0 10.4801
      vertex 57.8091 0 10.4265
      vertex 57.8091 0 10.4514
    endloop
  endfacet
  facet normal 0 -1 0
    outer loop
      vertex 57.5962 0 10.354
      vertex 57.8091 0 10.4265
      vertex 57.6333 0 10.4801
    endloop
  endfacet
  facet normal 0 -1 0
    outer loop
      vertex 57.5643 0 10.2513
      vertex 57.8091 0 10.4265
      vertex 57.5962 0 10.354
    endloop
  endfacet
  facet normal 0 -1 0
    outer loop
      vertex 57.8091 0 8.22588
      vertex 57.5643 0 10.2513
      vertex 56.9098 0 8.22588
    endloop
  endfacet
  facet normal 0 -1 0
    outer loop
      vertex 57.5643 0 10.2513
      vertex 57.8091 0 8.22588
      vertex 57.8091 0 10.4265
    endloop
  endfacet
  facet normal 0 -1 0
    outer loop
      vertex 59.8837 0 8.22588
      vertex 61.5896 0 9.15358
      vertex 60.2059 0 9.15358
    endloop
  endfacet
  facet normal 0 -1 -0
    outer loop
      vertex 61.5896 0 9.15358
      vertex 59.8837 0 8.22588
      vertex 61.9118 0 8.22588
    endloop
  endfacet
  facet normal 0 -1 0
    outer loop
      vertex 51.243 0 10.5853
      vertex 52.2402 0 11.3129
      vertex 52.0766 0 11.3038
    endloop
  endfacet
  facet normal 0 -1 0
    outer loop
      vertex 51.2971 0 10.732
      vertex 52.0766 0 11.3038
      vertex 51.9258 0 11.2762
    endloop
  endfacet
  facet normal 0 -1 0
    outer loop
      vertex 53.2297 0 10.5821
      vertex 52.2402 0 11.3129
      vertex 51.243 0 10.5853
    endloop
  endfacet
  facet normal 0 -1 0
    outer loop
      vertex 51.3667 0 10.8642
      vertex 51.9258 0 11.2762
      vertex 51.788 0 11.2302
    endloop
  endfacet
  facet normal 0 -1 0
    outer loop
      vertex 52.0766 0 11.3038
      vertex 51.2971 0 10.732
      vertex 51.243 0 10.5853
    endloop
  endfacet
  facet normal 0 -1 0
    outer loop
      vertex 51.4517 0 10.9818
      vertex 51.788 0 11.2302
      vertex 51.663 0 11.1658
    endloop
  endfacet
  facet normal 0 -1 0
    outer loop
      vertex 52.2402 0 11.3129
      vertex 53.2297 0 10.5821
      vertex 52.4015 0 11.3037
    endloop
  endfacet
  facet normal 0 -1 0
    outer loop
      vertex 51.4517 0 10.9818
      vertex 51.663 0 11.1658
      vertex 51.5509 0 11.083
    endloop
  endfacet
  facet normal 0 -1 0
    outer loop
      vertex 51.788 0 11.2302
      vertex 51.4517 0 10.9818
      vertex 51.3667 0 10.8642
    endloop
  endfacet
  facet normal 0 -1 0
    outer loop
      vertex 51.9258 0 11.2762
      vertex 51.3667 0 10.8642
      vertex 51.2971 0 10.732
    endloop
  endfacet
  facet normal 0 -1 0
    outer loop
      vertex 52.8106 0 11.1646
      vertex 53.021 0 10.9792
      vertex 52.922 0 11.0812
    endloop
  endfacet
  facet normal -0 -1 -0
    outer loop
      vertex 53.106 0 10.861
      vertex 52.5503 0 11.2759
      vertex 53.1756 0 10.7286
    endloop
  endfacet
  facet normal 0 -1 0
    outer loop
      vertex 52.6867 0 11.2295
      vertex 53.021 0 10.9792
      vertex 52.8106 0 11.1646
    endloop
  endfacet
  facet normal -0 -1 -0
    outer loop
      vertex 53.021 0 10.9792
      vertex 52.6867 0 11.2295
      vertex 53.106 0 10.861
    endloop
  endfacet
  facet normal 0 -1 0
    outer loop
      vertex 52.5503 0 11.2759
      vertex 53.106 0 10.861
      vertex 52.6867 0 11.2295
    endloop
  endfacet
  facet normal -0 -1 -0
    outer loop
      vertex 53.1756 0 10.7286
      vertex 52.4015 0 11.3037
      vertex 53.2297 0 10.5821
    endloop
  endfacet
  facet normal 0 -1 0
    outer loop
      vertex 52.4015 0 11.3037
      vertex 53.1756 0 10.7286
      vertex 52.5503 0 11.2759
    endloop
  endfacet
  facet normal 0 -1 0
    outer loop
      vertex 51.2043 0 10.4241
      vertex 53.2297 0 10.5821
      vertex 51.243 0 10.5853
    endloop
  endfacet
  facet normal 0 -1 0
    outer loop
      vertex 51.2043 0 10.4241
      vertex 53.2684 0 10.4215
      vertex 53.2297 0 10.5821
    endloop
  endfacet
  facet normal 0 -1 0
    outer loop
      vertex 51.1811 0 10.2483
      vertex 53.2684 0 10.4215
      vertex 51.2043 0 10.4241
    endloop
  endfacet
  facet normal 0 -1 0
    outer loop
      vertex 51.1811 0 10.2483
      vertex 53.2916 0 10.2468
      vertex 53.2684 0 10.4215
    endloop
  endfacet
  facet normal 0 -1 0
    outer loop
      vertex 51.1734 0 10.058
      vertex 53.2916 0 10.2468
      vertex 51.1811 0 10.2483
    endloop
  endfacet
  facet normal 0 -1 0
    outer loop
      vertex 51.1734 0 10.058
      vertex 53.2993 0 10.058
      vertex 53.2916 0 10.2468
    endloop
  endfacet
  facet normal 0 -1 0
    outer loop
      vertex 51.1813 0 9.86581
      vertex 53.2993 0 10.058
      vertex 51.1734 0 10.058
    endloop
  endfacet
  facet normal 0 -1 0
    outer loop
      vertex 51.1813 0 9.86581
      vertex 53.2916 0 9.86057
      vertex 53.2993 0 10.058
    endloop
  endfacet
  facet normal 0 -1 0
    outer loop
      vertex 51.205 0 9.68768
      vertex 53.2916 0 9.86057
      vertex 51.1813 0 9.86581
    endloop
  endfacet
  facet normal 0 -1 0
    outer loop
      vertex 51.205 0 9.68768
      vertex 53.2685 0 9.67868
      vertex 53.2916 0 9.86057
    endloop
  endfacet
  facet normal 0 -1 0
    outer loop
      vertex 51.2446 0 9.52365
      vertex 53.2685 0 9.67868
      vertex 51.205 0 9.68768
    endloop
  endfacet
  facet normal 0 -1 0
    outer loop
      vertex 51.2446 0 9.52365
      vertex 53.2301 0 9.51241
      vertex 53.2685 0 9.67868
    endloop
  endfacet
  facet normal 0 -1 0
    outer loop
      vertex 51.3 0 9.37373
      vertex 53.2301 0 9.51241
      vertex 51.2446 0 9.52365
    endloop
  endfacet
  facet normal 0 -1 0
    outer loop
      vertex 52.235 0 8.77217
      vertex 53.2301 0 9.51241
      vertex 51.3 0 9.37373
    endloop
  endfacet
  facet normal 0 -1 0
    outer loop
      vertex 52.235 0 8.77217
      vertex 51.3 0 9.37373
      vertex 51.3711 0 9.2379
    endloop
  endfacet
  facet normal 0 -1 0
    outer loop
      vertex 53.2301 0 9.51241
      vertex 52.235 0 8.77217
      vertex 53.1762 0 9.36172
    endloop
  endfacet
  facet normal 0 -1 0
    outer loop
      vertex 52.0768 0 8.78172
      vertex 51.3711 0 9.2379
      vertex 51.4581 0 9.11618
    endloop
  endfacet
  facet normal -0 -1 0
    outer loop
      vertex 52.3987 0 8.78148
      vertex 53.1762 0 9.36172
      vertex 52.235 0 8.77217
    endloop
  endfacet
  facet normal 0 -1 0
    outer loop
      vertex 52.0768 0 8.78172
      vertex 51.4581 0 9.11618
      vertex 51.5588 0 9.01106
    endloop
  endfacet
  facet normal 0 -1 0
    outer loop
      vertex 53.1762 0 9.36172
      vertex 52.3987 0 8.78148
      vertex 53.1069 0 9.22665
    endloop
  endfacet
  facet normal 0 -1 0
    outer loop
      vertex 52.0768 0 8.78172
      vertex 51.5588 0 9.01106
      vertex 51.671 0 8.92506
    endloop
  endfacet
  facet normal -0 -1 0
    outer loop
      vertex 52.5493 0 8.80939
      vertex 53.1069 0 9.22665
      vertex 52.3987 0 8.78148
    endloop
  endfacet
  facet normal 0 -1 0
    outer loop
      vertex 52.0768 0 8.78172
      vertex 51.671 0 8.92506
      vertex 51.7947 0 8.85817
    endloop
  endfacet
  facet normal 0 -1 0
    outer loop
      vertex 53.1069 0 9.22665
      vertex 52.5493 0 8.80939
      vertex 53.0223 0 9.10718
    endloop
  endfacet
  facet normal 0 -1 0
    outer loop
      vertex 52.0768 0 8.78172
      vertex 51.7947 0 8.85817
      vertex 51.93 0 8.81039
    endloop
  endfacet
  facet normal 0 -1 0
    outer loop
      vertex 51.3711 0 9.2379
      vertex 52.0768 0 8.78172
      vertex 52.235 0 8.77217
    endloop
  endfacet
  facet normal 0 -1 0
    outer loop
      vertex 53.0223 0 9.10718
      vertex 52.5493 0 8.80939
      vertex 52.9235 0 9.00482
    endloop
  endfacet
  facet normal 0 -1 0
    outer loop
      vertex 52.8117 0 8.92107
      vertex 52.5493 0 8.80939
      vertex 52.687 0 8.85593
    endloop
  endfacet
  facet normal 0 -1 0
    outer loop
      vertex 52.9235 0 9.00482
      vertex 52.5493 0 8.80939
      vertex 52.8117 0 8.92107
    endloop
  endfacet
  facet normal 0 -1 0
    outer loop
      vertex 67.1314 0 10.5853
      vertex 68.1287 0 11.3129
      vertex 67.965 0 11.3038
    endloop
  endfacet
  facet normal 0 -1 0
    outer loop
      vertex 67.1855 0 10.732
      vertex 67.965 0 11.3038
      vertex 67.8143 0 11.2762
    endloop
  endfacet
  facet normal 0 -1 0
    outer loop
      vertex 69.1182 0 10.5821
      vertex 68.1287 0 11.3129
      vertex 67.1314 0 10.5853
    endloop
  endfacet
  facet normal 0 -1 0
    outer loop
      vertex 67.2551 0 10.8642
      vertex 67.8143 0 11.2762
      vertex 67.6764 0 11.2302
    endloop
  endfacet
  facet normal 0 -1 0
    outer loop
      vertex 67.965 0 11.3038
      vertex 67.1855 0 10.732
      vertex 67.1314 0 10.5853
    endloop
  endfacet
  facet normal 0 -1 0
    outer loop
      vertex 67.3401 0 10.9818
      vertex 67.6764 0 11.2302
      vertex 67.5514 0 11.1658
    endloop
  endfacet
  facet normal 0 -1 0
    outer loop
      vertex 68.1287 0 11.3129
      vertex 69.1182 0 10.5821
      vertex 68.2899 0 11.3037
    endloop
  endfacet
  facet normal 0 -1 0
    outer loop
      vertex 67.3401 0 10.9818
      vertex 67.5514 0 11.1658
      vertex 67.4393 0 11.083
    endloop
  endfacet
  facet normal 0 -1 0
    outer loop
      vertex 67.6764 0 11.2302
      vertex 67.3401 0 10.9818
      vertex 67.2551 0 10.8642
    endloop
  endfacet
  facet normal 0 -1 0
    outer loop
      vertex 67.8143 0 11.2762
      vertex 67.2551 0 10.8642
      vertex 67.1855 0 10.732
    endloop
  endfacet
  facet normal 0 -1 0
    outer loop
      vertex 68.699 0 11.1646
      vertex 68.9094 0 10.9792
      vertex 68.8104 0 11.0812
    endloop
  endfacet
  facet normal -0 -1 -0
    outer loop
      vertex 68.9945 0 10.861
      vertex 68.4387 0 11.2759
      vertex 69.0641 0 10.7286
    endloop
  endfacet
  facet normal 0 -1 0
    outer loop
      vertex 68.5751 0 11.2295
      vertex 68.9094 0 10.9792
      vertex 68.699 0 11.1646
    endloop
  endfacet
  facet normal -0 -1 -0
    outer loop
      vertex 68.9094 0 10.9792
      vertex 68.5751 0 11.2295
      vertex 68.9945 0 10.861
    endloop
  endfacet
  facet normal 0 -1 0
    outer loop
      vertex 68.4387 0 11.2759
      vertex 68.9945 0 10.861
      vertex 68.5751 0 11.2295
    endloop
  endfacet
  facet normal -0 -1 -0
    outer loop
      vertex 69.0641 0 10.7286
      vertex 68.2899 0 11.3037
      vertex 69.1182 0 10.5821
    endloop
  endfacet
  facet normal 0 -1 0
    outer loop
      vertex 68.2899 0 11.3037
      vertex 69.0641 0 10.7286
      vertex 68.4387 0 11.2759
    endloop
  endfacet
  facet normal 0 -1 0
    outer loop
      vertex 67.0928 0 10.4241
      vertex 69.1182 0 10.5821
      vertex 67.1314 0 10.5853
    endloop
  endfacet
  facet normal 0 -1 0
    outer loop
      vertex 67.0928 0 10.4241
      vertex 69.1568 0 10.4215
      vertex 69.1182 0 10.5821
    endloop
  endfacet
  facet normal 0 -1 0
    outer loop
      vertex 67.0696 0 10.2483
      vertex 69.1568 0 10.4215
      vertex 67.0928 0 10.4241
    endloop
  endfacet
  facet normal 0 -1 0
    outer loop
      vertex 67.0696 0 10.2483
      vertex 69.18 0 10.2468
      vertex 69.1568 0 10.4215
    endloop
  endfacet
  facet normal 0 -1 0
    outer loop
      vertex 67.0618 0 10.058
      vertex 69.18 0 10.2468
      vertex 67.0696 0 10.2483
    endloop
  endfacet
  facet normal 0 -1 0
    outer loop
      vertex 67.0618 0 10.058
      vertex 69.1878 0 10.058
      vertex 69.18 0 10.2468
    endloop
  endfacet
  facet normal 0 -1 0
    outer loop
      vertex 67.0698 0 9.86581
      vertex 69.1878 0 10.058
      vertex 67.0618 0 10.058
    endloop
  endfacet
  facet normal 0 -1 0
    outer loop
      vertex 67.0698 0 9.86581
      vertex 69.1801 0 9.86057
      vertex 69.1878 0 10.058
    endloop
  endfacet
  facet normal 0 -1 0
    outer loop
      vertex 67.0935 0 9.68768
      vertex 69.1801 0 9.86057
      vertex 67.0698 0 9.86581
    endloop
  endfacet
  facet normal 0 -1 0
    outer loop
      vertex 67.0935 0 9.68768
      vertex 69.157 0 9.67868
      vertex 69.1801 0 9.86057
    endloop
  endfacet
  facet normal 0 -1 0
    outer loop
      vertex 67.133 0 9.52365
      vertex 69.157 0 9.67868
      vertex 67.0935 0 9.68768
    endloop
  endfacet
  facet normal 0 -1 0
    outer loop
      vertex 67.133 0 9.52365
      vertex 69.1185 0 9.51241
      vertex 69.157 0 9.67868
    endloop
  endfacet
  facet normal 0 -1 0
    outer loop
      vertex 67.1884 0 9.37373
      vertex 69.1185 0 9.51241
      vertex 67.133 0 9.52365
    endloop
  endfacet
  facet normal 0 -1 0
    outer loop
      vertex 68.1235 0 8.77217
      vertex 69.1185 0 9.51241
      vertex 67.1884 0 9.37373
    endloop
  endfacet
  facet normal 0 -1 0
    outer loop
      vertex 68.1235 0 8.77217
      vertex 67.1884 0 9.37373
      vertex 67.2596 0 9.2379
    endloop
  endfacet
  facet normal 0 -1 0
    outer loop
      vertex 69.1185 0 9.51241
      vertex 68.1235 0 8.77217
      vertex 69.0646 0 9.36172
    endloop
  endfacet
  facet normal 0 -1 0
    outer loop
      vertex 67.9652 0 8.78172
      vertex 67.2596 0 9.2379
      vertex 67.3466 0 9.11618
    endloop
  endfacet
  facet normal -0 -1 0
    outer loop
      vertex 68.2871 0 8.78148
      vertex 69.0646 0 9.36172
      vertex 68.1235 0 8.77217
    endloop
  endfacet
  facet normal 0 -1 0
    outer loop
      vertex 67.9652 0 8.78172
      vertex 67.3466 0 9.11618
      vertex 67.4473 0 9.01106
    endloop
  endfacet
  facet normal 0 -1 0
    outer loop
      vertex 69.0646 0 9.36172
      vertex 68.2871 0 8.78148
      vertex 68.9954 0 9.22665
    endloop
  endfacet
  facet normal 0 -1 0
    outer loop
      vertex 67.9652 0 8.78172
      vertex 67.4473 0 9.01106
      vertex 67.5594 0 8.92506
    endloop
  endfacet
  facet normal -0 -1 0
    outer loop
      vertex 68.4377 0 8.80939
      vertex 68.9954 0 9.22665
      vertex 68.2871 0 8.78148
    endloop
  endfacet
  facet normal 0 -1 0
    outer loop
      vertex 67.9652 0 8.78172
      vertex 67.5594 0 8.92506
      vertex 67.6832 0 8.85817
    endloop
  endfacet
  facet normal 0 -1 0
    outer loop
      vertex 68.9954 0 9.22665
      vertex 68.4377 0 8.80939
      vertex 68.9107 0 9.10718
    endloop
  endfacet
  facet normal 0 -1 0
    outer loop
      vertex 67.9652 0 8.78172
      vertex 67.6832 0 8.85817
      vertex 67.8184 0 8.81039
    endloop
  endfacet
  facet normal 0 -1 0
    outer loop
      vertex 67.2596 0 9.2379
      vertex 67.9652 0 8.78172
      vertex 68.1235 0 8.77217
    endloop
  endfacet
  facet normal 0 -1 0
    outer loop
      vertex 68.9107 0 9.10718
      vertex 68.4377 0 8.80939
      vertex 68.8119 0 9.00482
    endloop
  endfacet
  facet normal 0 -1 0
    outer loop
      vertex 68.7001 0 8.92107
      vertex 68.4377 0 8.80939
      vertex 68.5754 0 8.85593
    endloop
  endfacet
  facet normal 0 -1 0
    outer loop
      vertex 68.8119 0 9.00482
      vertex 68.4377 0 8.80939
      vertex 68.7001 0 8.92107
    endloop
  endfacet
  facet normal 0 -1 0
    outer loop
      vertex 60.881 0 11.2408
      vertex 60.9506 0 11.1197
      vertex 60.8964 0 11.2975
    endloop
  endfacet
  facet normal 0 -1 0
    outer loop
      vertex 60.8721 0 11.2092
      vertex 60.9506 0 11.1197
      vertex 60.881 0 11.2408
    endloop
  endfacet
  facet normal 0 -1 0
    outer loop
      vertex 60.8627 0 11.1761
      vertex 60.9506 0 11.1197
      vertex 60.8721 0 11.2092
    endloop
  endfacet
  facet normal 0 -1 0
    outer loop
      vertex 60.8526 0 11.1416
      vertex 60.9506 0 11.1197
      vertex 60.8627 0 11.1761
    endloop
  endfacet
  facet normal 0 -1 0
    outer loop
      vertex 60.842 0 11.1057
      vertex 60.9506 0 11.1197
      vertex 60.8526 0 11.1416
    endloop
  endfacet
  facet normal 0 -1 0
    outer loop
      vertex 60.8309 0 11.0683
      vertex 60.9506 0 11.1197
      vertex 60.842 0 11.1057
    endloop
  endfacet
  facet normal 0 -1 0
    outer loop
      vertex 60.8191 0 11.0295
      vertex 60.9506 0 11.1197
      vertex 60.8309 0 11.0683
    endloop
  endfacet
  facet normal 0 -1 0
    outer loop
      vertex 60.7968 0 10.9604
      vertex 60.9506 0 11.1197
      vertex 60.8191 0 11.0295
    endloop
  endfacet
  facet normal 0 -1 0
    outer loop
      vertex 61.0614 0 10.7692
      vertex 60.7968 0 10.9604
      vertex 60.7539 0 10.832
    endloop
  endfacet
  facet normal 0 -1 0
    outer loop
      vertex 60.7968 0 10.9604
      vertex 61.0614 0 10.7692
      vertex 60.9506 0 11.1197
    endloop
  endfacet
  facet normal 0 -1 0
    outer loop
      vertex 60.6903 0 10.6443
      vertex 61.0614 0 10.7692
      vertex 60.7539 0 10.832
    endloop
  endfacet
  facet normal 0 -1 0
    outer loop
      vertex 60.6061 0 10.3973
      vertex 61.0614 0 10.7692
      vertex 60.6903 0 10.6443
    endloop
  endfacet
  facet normal 0 -1 0
    outer loop
      vertex 61.4195 0 9.72563
      vertex 60.6061 0 10.3973
      vertex 60.5013 0 10.0911
    endloop
  endfacet
  facet normal 0 -1 0
    outer loop
      vertex 61.4195 0 9.72563
      vertex 60.5013 0 10.0911
      vertex 60.3759 0 9.72563
    endloop
  endfacet
  facet normal 0 -1 0
    outer loop
      vertex 60.6061 0 10.3973
      vertex 61.4195 0 9.72563
      vertex 61.0614 0 10.7692
    endloop
  endfacet
  facet normal -0.368864 0.337988 0.865854
    outer loop
      vertex 4.81264 75.1874 19.5053
      vertex 4.43195 74.0285 19.7955
      vertex 5.1681 74.8319 19.7955
    endloop
  endfacet
  facet normal -0.338012 -0.368868 0.865843
    outer loop
      vertex 5.1681 5.1681 19.7955
      vertex 4.81264 4.81264 19.5053
      vertex 5.97145 4.43195 19.7955
    endloop
  endfacet
  facet normal -0.881023 -0.458631 0.116001
    outer loop
      vertex 1.37277 8.11182 18.0765
      vertex 1.31169 8.08334 17.5
      vertex 1.87564 7 17.5
    endloop
  endfacet
  facet normal -0.0774173 0.0403006 0.996184
    outer loop
      vertex 4.04071 71.75 20
      vertex 3.18401 71.0436 19.962
      vertex 3.57746 70.8601 20
    endloop
  endfacet
  facet normal 0.999058 -0.0433946 0
    outer loop
      vertex 109.947 12.7798 17.5
      vertex 110 14 0
      vertex 110 14 17.5
    endloop
  endfacet
  facet normal 0.999058 -0.0433946 0
    outer loop
      vertex 110 14 0
      vertex 109.947 12.7798 17.5
      vertex 109.947 12.7798 0
    endloop
  endfacet
  facet normal -0.947275 0.298679 0.116021
    outer loop
      vertex 0.844304 70.7883 17.5
      vertex 0.477039 69.6235 17.5
      vertex 0.54213 69.606 18.0765
    endloop
  endfacet
  facet normal -0.262732 -0.634291 0.727081
    outer loop
      vertex 9.55617 1.79067 19.5053
      vertex 8.33053 1.84178 19.107
      vertex 9.41176 1.39392 19.107
    endloop
  endfacet
  facet normal 0.150441 0.477139 0.865855
    outer loop
      vertex 99.3628 78.5502 19.5053
      vertex 99.2327 78.0646 19.7955
      vertex 100.444 78.2093 19.5053
    endloop
  endfacet
  facet normal -0.254654 0.132565 0.957903
    outer loop
      vertex 3.18317 72.2451 19.7955
      vertex 2.68004 71.2786 19.7955
      vertex 3.18401 71.0436 19.962
    endloop
  endfacet
  facet normal -0.0188993 0.0852207 0.996183
    outer loop
      vertex 11.9277 77.7528 19.962
      vertex 11.0236 77.1081 20
      vertex 12.003 77.3253 20
    endloop
  endfacet
  facet normal 0.834766 -0.0362638 0.54941
    outer loop
      vertex 109.734 14 18.622
      vertex 109.364 12.8308 19.107
      vertex 109.682 12.803 18.622
    endloop
  endfacet
  facet normal 0.130512 0.991447 -0
    outer loop
      vertex 98.4311 79.7873 0
      vertex 97.2202 79.9467 17.5
      vertex 98.4311 79.7873 17.5
    endloop
  endfacet
  facet normal 0.130512 0.991447 0
    outer loop
      vertex 97.2202 79.9467 17.5
      vertex 98.4311 79.7873 0
      vertex 97.2202 79.9467 0
    endloop
  endfacet
  facet normal 0.319778 0.77207 0.549227
    outer loop
      vertex 101.804 78.4473 18.622
      vertex 100.697 78.9058 18.622
      vertex 101.669 78.1582 19.107
    endloop
  endfacet
  facet normal 0.24203 -0.154082 0.957956
    outer loop
      vertex 106.335 8.03294 19.962
      vertex 105.776 7.15487 19.962
      vertex 106.817 7.7549 19.7955
    endloop
  endfacet
  facet normal 0.917701 0.379992 0.115888
    outer loop
      vertex 108.688 71.9167 17.5
      vertex 108.627 71.8882 18.0765
      vertex 109.092 70.7652 18.0765
    endloop
  endfacet
  facet normal -0.38269 0.923877 0
    outer loop
      vertex 9.21172 79.1557 0
      vertex 8.08334 78.6883 17.5
      vertex 9.21172 79.1557 17.5
    endloop
  endfacet
  facet normal -0.38269 0.923877 0
    outer loop
      vertex 8.08334 78.6883 17.5
      vertex 9.21172 79.1557 0
      vertex 8.08334 78.6883 0
    endloop
  endfacet
  facet normal -0.745598 -0.572116 0.341711
    outer loop
      vertex 2.7497 6.12245 18.622
      vertex 2.58707 6.00858 18.0765
      vertex 3.47908 5.1719 18.622
    endloop
  endfacet
  facet normal -0.251309 0.797092 0.54908
    outer loop
      vertex 10.5279 78.958 19.107
      vertex 9.30267 78.9058 18.622
      vertex 9.41176 78.6061 19.107
    endloop
  endfacet
  facet normal -0.506185 0.463856 0.727059
    outer loop
      vertex 4.51408 75.4859 19.107
      vertex 3.72343 74.6231 19.107
      vertex 4.81264 75.1874 19.5053
    endloop
  endfacet
  facet normal -0.385887 0.741269 0.549191
    outer loop
      vertex 8.33053 78.1582 19.107
      vertex 7.13296 77.8941 18.622
      vertex 7.29245 77.6178 19.107
    endloop
  endfacet
  facet normal 0.675782 -0.737101 0
    outer loop
      vertex 104.999 3.27538 0
      vertex 105.899 4.10051 17.5
      vertex 104.999 3.27538 17.5
    endloop
  endfacet
  facet normal 0.675782 -0.737101 0
    outer loop
      vertex 105.899 4.10051 17.5
      vertex 104.999 3.27538 0
      vertex 105.899 4.10051 0
    endloop
  endfacet
  facet normal -0.193965 0.211686 0.957897
    outer loop
      vertex 5.97145 75.568 19.7955
      vertex 5.1681 74.8319 19.7955
      vertex 6.3289 75.1421 19.962
    endloop
  endfacet
  facet normal -0.508765 -0.663038 0.549125
    outer loop
      vertex 5.37693 3.72343 19.107
      vertex 5.1719 3.47908 18.622
      vertex 6.12245 2.7497 18.622
    endloop
  endfacet
  facet normal -0.692896 -0.634928 0.341705
    outer loop
      vertex 4.28854 4.28854 18.622
      vertex 3.327 5.04429 18.0765
      vertex 4.14816 4.14816 18.0765
    endloop
  endfacet
  facet normal 0.993314 -0 0.115442
    outer loop
      vertex 109.933 14 18.0765
      vertex 110 66 17.5
      vertex 109.933 66 18.0765
    endloop
  endfacet
  facet normal 0.993314 0 0.115442
    outer loop
      vertex 110 66 17.5
      vertex 109.933 14 18.0765
      vertex 110 14 17.5
    endloop
  endfacet
  facet normal -0.991445 -0.130525 0
    outer loop
      vertex 0.212692 11.5689 0
      vertex 0.0532751 12.7798 17.5
      vertex 0.0532751 12.7798 0
    endloop
  endfacet
  facet normal -0.991445 -0.130525 0
    outer loop
      vertex 0.0532751 12.7798 17.5
      vertex 0.212692 11.5689 0
      vertex 0.212692 11.5689 17.5
    endloop
  endfacet
  facet normal -0.0113934 -0.0865362 0.996184
    outer loop
      vertex 12.9977 2.54376 20
      vertex 11.9277 2.24719 19.962
      vertex 12.9599 2.11129 19.962
    endloop
  endfacet
  facet normal -0.0531343 -0.0692459 0.996184
    outer loop
      vertex 7.40387 4.57975 20
      vertex 6.60794 5.19049 20
      vertex 7.15487 4.22414 19.962
    endloop
  endfacet
  facet normal 0.83548 -0 0.549522
    outer loop
      vertex 109.415 14 19.107
      vertex 109.734 66 18.622
      vertex 109.415 66 19.107
    endloop
  endfacet
  facet normal 0.83548 0 0.549522
    outer loop
      vertex 109.734 66 18.622
      vertex 109.415 14 19.107
      vertex 109.734 14 18.622
    endloop
  endfacet
  facet normal 0.433866 -0.833635 0.341779
    outer loop
      vertex 102.867 2.10594 18.622
      vertex 101.804 1.5527 18.622
      vertex 101.888 1.37277 18.0765
    endloop
  endfacet
  facet normal -0.999048 -0.0436194 0
    outer loop
      vertex 0.0532751 12.7798 0
      vertex 0 14 17.5
      vertex 0 14 0
    endloop
  endfacet
  facet normal -0.999048 -0.0436194 0
    outer loop
      vertex 0 14 17.5
      vertex 0.0532751 12.7798 0
      vertex 0.0532751 12.7798 17.5
    endloop
  endfacet
  facet normal -0.604654 -0.787997 0.115993
    outer loop
      vertex 5.04429 3.327 18.0765
      vertex 5.00097 3.27538 17.5
      vertex 6.00858 2.58707 18.0765
    endloop
  endfacet
  facet normal 0.991383 0.130995 0
    outer loop
      vertex 109.947 67.2202 17.5
      vertex 109.787 68.4311 0
      vertex 109.787 68.4311 17.5
    endloop
  endfacet
  facet normal 0.991383 0.130995 0
    outer loop
      vertex 109.787 68.4311 0
      vertex 109.947 67.2202 17.5
      vertex 109.947 67.2202 0
    endloop
  endfacet
  facet normal 0.771913 -0.319837 0.549412
    outer loop
      vertex 108.606 9.41176 19.107
      vertex 108.158 8.33053 19.107
      vertex 108.906 9.30267 18.622
    endloop
  endfacet
  facet normal 0.886987 0.461794 0
    outer loop
      vertex 108.688 71.9167 17.5
      vertex 108.124 73 0
      vertex 108.124 73 17.5
    endloop
  endfacet
  facet normal 0.886987 0.461794 0
    outer loop
      vertex 108.124 73 0
      vertex 108.688 71.9167 17.5
      vertex 108.688 71.9167 0
    endloop
  endfacet
  facet normal -0.38268 -0.923881 0
    outer loop
      vertex 8.08334 1.31169 0
      vertex 9.21172 0.844304 17.5
      vertex 8.08334 1.31169 17.5
    endloop
  endfacet
  facet normal -0.38268 -0.923881 -0
    outer loop
      vertex 9.21172 0.844304 17.5
      vertex 8.08334 1.31169 0
      vertex 9.21172 0.844304 0
    endloop
  endfacet
  facet normal 0.99234 0.0431028 0.11577
    outer loop
      vertex 109.947 67.2202 17.5
      vertex 109.88 67.2143 18.0765
      vertex 110 66 17.5
    endloop
  endfacet
  facet normal -0.0871993 -0.00380708 0.996184
    outer loop
      vertex 2.5 14 20
      vertex 2.11129 12.9599 19.962
      vertex 2.54376 12.9977 20
    endloop
  endfacet
  facet normal 0.686083 -0.0299267 0.726907
    outer loop
      vertex 109.415 14 19.107
      vertex 108.993 14 19.5053
      vertex 109.364 12.8308 19.107
    endloop
  endfacet
  facet normal 0.992382 -0.043314 0.115333
    outer loop
      vertex 109.933 14 18.0765
      vertex 109.88 12.7857 18.0765
      vertex 110 14 17.5
    endloop
  endfacet
  facet normal 0.99234 -0.0431028 0.11577
    outer loop
      vertex 110 14 17.5
      vertex 109.88 12.7857 18.0765
      vertex 109.947 12.7798 17.5
    endloop
  endfacet
  facet normal 0.976356 -0.216167 0
    outer loop
      vertex 109.523 10.3765 17.5
      vertex 109.787 11.5689 0
      vertex 109.787 11.5689 17.5
    endloop
  endfacet
  facet normal 0.976356 -0.216167 0
    outer loop
      vertex 109.787 11.5689 0
      vertex 109.523 10.3765 17.5
      vertex 109.523 10.3765 0
    endloop
  endfacet
  facet normal 0.578772 -0.368828 0.727316
    outer loop
      vertex 107.252 7.50355 19.5053
      vertex 106.989 6.30541 19.107
      vertex 107.618 7.29245 19.107
    endloop
  endfacet
  facet normal 0.91732 -0.203117 0.342442
    outer loop
      vertex 109.525 11.6151 18.622
      vertex 109.266 10.4454 18.622
      vertex 109.721 11.5806 18.0765
    endloop
  endfacet
  facet normal -0.797077 -0.251305 0.549103
    outer loop
      vertex 1.042 10.5279 19.107
      vertex 0.733896 10.4454 18.622
      vertex 1.09418 9.30267 18.622
    endloop
  endfacet
  facet normal -0.148593 0.670282 0.727078
    outer loop
      vertex 11.6705 79.2113 19.107
      vertex 10.5279 78.958 19.107
      vertex 11.7438 78.7955 19.5053
    endloop
  endfacet
  facet normal -0.449044 -0.704862 0.549117
    outer loop
      vertex 7.29245 2.38217 19.107
      vertex 6.30541 3.01098 19.107
      vertex 7.13296 2.10594 18.622
    endloop
  endfacet
  facet normal -0 0.686219 0.727395
    outer loop
      vertex 14 79.4151 19.107
      vertex 96 78.9929 19.5053
      vertex 96 79.4151 19.107
    endloop
  endfacet
  facet normal 0 0.686219 0.727395
    outer loop
      vertex 96 78.9929 19.5053
      vertex 14 79.4151 19.107
      vertex 14 78.9929 19.5053
    endloop
  endfacet
  facet normal 0.00380639 0.0872033 0.996183
    outer loop
      vertex 96 77.9341 19.962
      vertex 96 77.5 20
      vertex 97.0401 77.8887 19.962
    endloop
  endfacet
  facet normal 0.91732 0.203117 0.342442
    outer loop
      vertex 109.721 68.4194 18.0765
      vertex 109.266 69.5546 18.622
      vertex 109.525 68.3849 18.622
    endloop
  endfacet
  facet normal -0.12963 0.984748 0.116052
    outer loop
      vertex 12.7798 79.9467 17.5
      vertex 11.5689 79.7873 17.5
      vertex 11.5806 79.7209 18.0765
    endloop
  endfacet
  facet normal -0.999048 0.0436194 0
    outer loop
      vertex 0 66 0
      vertex 0.0532751 67.2202 17.5
      vertex 0.0532751 67.2202 0
    endloop
  endfacet
  facet normal -0.999048 0.0436194 0
    outer loop
      vertex 0.0532751 67.2202 17.5
      vertex 0 66 0
      vertex 0 66 17.5
    endloop
  endfacet
  facet normal -0.881015 0.458643 0.116017
    outer loop
      vertex 1.87564 73 17.5
      vertex 1.31169 71.9167 17.5
      vertex 1.37277 71.8882 18.0765
    endloop
  endfacet
  facet normal 0.12963 0.984748 0.116052
    outer loop
      vertex 98.4311 79.7873 17.5
      vertex 97.2202 79.9467 17.5
      vertex 98.4194 79.7209 18.0765
    endloop
  endfacet
  facet normal -0.2034 0.917536 0.341697
    outer loop
      vertex 11.5806 79.7209 18.0765
      vertex 10.4454 79.2661 18.622
      vertex 11.6151 79.5254 18.622
    endloop
  endfacet
  facet normal 0.537368 0.843348 -0
    outer loop
      vertex 104.03 77.4681 0
      vertex 103 78.1244 17.5
      vertex 104.03 77.4681 17.5
    endloop
  endfacet
  facet normal 0.537368 0.843348 0
    outer loop
      vertex 103 78.1244 17.5
      vertex 104.03 77.4681 0
      vertex 103 78.1244 0
    endloop
  endfacet
  facet normal -0.65477 -0.206444 0.727088
    outer loop
      vertex 1.44983 10.6372 19.5053
      vertex 1.042 10.5279 19.107
      vertex 1.79067 9.55617 19.5053
    endloop
  endfacet
  facet normal -0.130525 -0.991445 0
    outer loop
      vertex 11.5689 0.212692 0
      vertex 12.7798 0.0532751 17.5
      vertex 11.5689 0.212692 17.5
    endloop
  endfacet
  facet normal -0.130525 -0.991445 -0
    outer loop
      vertex 12.7798 0.0532751 17.5
      vertex 11.5689 0.212692 0
      vertex 12.7798 0.0532751 0
    endloop
  endfacet
  facet normal 0.130525 -0.991445 0
    outer loop
      vertex 97.2202 0.0532751 0
      vertex 98.4311 0.212692 17.5
      vertex 97.2202 0.0532751 17.5
    endloop
  endfacet
  facet normal 0.130525 -0.991445 0
    outer loop
      vertex 98.4311 0.212692 17.5
      vertex 97.2202 0.0532751 0
      vertex 98.4311 0.212692 0
    endloop
  endfacet
  facet normal -0.129644 -0.984753 0.115991
    outer loop
      vertex 11.5806 0.279056 18.0765
      vertex 11.5689 0.212692 17.5
      vertex 12.7798 0.0532751 17.5
    endloop
  endfacet
  facet normal -0.663038 -0.508765 0.549125
    outer loop
      vertex 3.72343 5.37693 19.107
      vertex 2.7497 6.12245 18.622
      vertex 3.47908 5.1719 18.622
    endloop
  endfacet
  facet normal -0.732297 -0.671034 0.115994
    outer loop
      vertex 3.327 5.04429 18.0765
      vertex 3.27538 5.00097 17.5
      vertex 4.14816 4.14816 18.0765
    endloop
  endfacet
  facet normal 0.421868 0.268742 0.865913
    outer loop
      vertex 106.643 73.4524 19.5053
      vertex 106.231 73.1641 19.7955
      vertex 107.252 72.4964 19.5053
    endloop
  endfacet
  facet normal 0.382511 0.923951 -0
    outer loop
      vertex 101.917 78.6883 0
      vertex 100.788 79.1557 17.5
      vertex 101.917 78.6883 17.5
    endloop
  endfacet
  facet normal 0.382511 0.923951 0
    outer loop
      vertex 100.788 79.1557 17.5
      vertex 101.917 78.6883 0
      vertex 100.788 79.1557 0
    endloop
  endfacet
  facet normal 0.46183 0.886969 -0
    outer loop
      vertex 103 78.1244 0
      vertex 101.917 78.6883 17.5
      vertex 103 78.1244 17.5
    endloop
  endfacet
  facet normal 0.46183 0.886969 0
    outer loop
      vertex 101.917 78.6883 17.5
      vertex 103 78.1244 0
      vertex 101.917 78.6883 0
    endloop
  endfacet
  facet normal -0.671034 -0.732297 0.115994
    outer loop
      vertex 5.04429 3.327 18.0765
      vertex 4.14816 4.14816 18.0765
      vertex 5.00097 3.27538 17.5
    endloop
  endfacet
  facet normal 0.837775 -0.533666 0.115473
    outer loop
      vertex 108.066 7.03369 18.0765
      vertex 107.413 6.00858 18.0765
      vertex 108.124 7 17.5
    endloop
  endfacet
  facet normal -0.300714 -0.953714 0
    outer loop
      vertex 9.21172 0.844304 0
      vertex 10.3765 0.477039 17.5
      vertex 9.21172 0.844304 17.5
    endloop
  endfacet
  facet normal -0.300714 -0.953714 -0
    outer loop
      vertex 10.3765 0.477039 17.5
      vertex 9.21172 0.844304 0
      vertex 10.3765 0.477039 0
    endloop
  endfacet
  facet normal -0.675581 0.737285 0
    outer loop
      vertex 5.00097 76.7246 0
      vertex 4.10051 75.8995 17.5
      vertex 5.00097 76.7246 17.5
    endloop
  endfacet
  facet normal -0.675581 0.737285 0
    outer loop
      vertex 4.10051 75.8995 17.5
      vertex 5.00097 76.7246 0
      vertex 4.10051 75.8995 0
    endloop
  endfacet
  facet normal 0.086444 0.0113845 0.996192
    outer loop
      vertex 107.753 68.0723 19.962
      vertex 107.325 67.997 20
      vertex 107.456 67.0023 20
    endloop
  endfacet
  facet normal 0.43401 0.833683 0.34148
    outer loop
      vertex 102.966 78.066 18.0765
      vertex 101.888 78.6272 18.0765
      vertex 102.867 77.8941 18.622
    endloop
  endfacet
  facet normal 0.93161 0.122916 0.342044
    outer loop
      vertex 109.721 68.4194 18.0765
      vertex 109.682 67.197 18.622
      vertex 109.88 67.2143 18.0765
    endloop
  endfacet
  facet normal 0.216438 -0.976296 0
    outer loop
      vertex 98.4311 0.212692 0
      vertex 99.6235 0.477039 17.5
      vertex 98.4311 0.212692 17.5
    endloop
  endfacet
  facet normal 0.216438 -0.976296 0
    outer loop
      vertex 99.6235 0.477039 17.5
      vertex 98.4311 0.212692 0
      vertex 99.6235 0.477039 0
    endloop
  endfacet
  facet normal 0.886994 -0.46178 0
    outer loop
      vertex 108.124 7 17.5
      vertex 108.688 8.08334 0
      vertex 108.688 8.08334 17.5
    endloop
  endfacet
  facet normal 0.886994 -0.46178 0
    outer loop
      vertex 108.688 8.08334 0
      vertex 108.124 7 17.5
      vertex 108.124 7 0
    endloop
  endfacet
  facet normal 0.681336 0.0898426 0.726437
    outer loop
      vertex 109.211 68.3295 19.107
      vertex 108.796 68.2562 19.5053
      vertex 109.364 67.1692 19.107
    endloop
  endfacet
  facet normal 0.533712 0.837627 0.116329
    outer loop
      vertex 103 78.1244 17.5
      vertex 102.966 78.066 18.0765
      vertex 103.991 77.4129 18.0765
    endloop
  endfacet
  facet normal -0.317037 0.609012 0.727043
    outer loop
      vertex 8.33053 78.1582 19.107
      vertex 7.29245 77.6178 19.107
      vertex 7.50355 77.2522 19.5053
    endloop
  endfacet
  facet normal 0.991383 -0.130995 0
    outer loop
      vertex 109.787 11.5689 17.5
      vertex 109.947 12.7798 0
      vertex 109.947 12.7798 17.5
    endloop
  endfacet
  facet normal 0.991383 -0.130995 0
    outer loop
      vertex 109.947 12.7798 0
      vertex 109.787 11.5689 17.5
      vertex 109.787 11.5689 0
    endloop
  endfacet
  facet normal 0.129682 0.984753 0.115945
    outer loop
      vertex 97.2202 79.9467 17.5
      vertex 97.2143 79.8796 18.0765
      vertex 98.4194 79.7209 18.0765
    endloop
  endfacet
  facet normal 0.304452 -0.3971 0.865807
    outer loop
      vertex 104.029 4.43195 19.7955
      vertex 103.452 3.35684 19.5053
      vertex 104.352 4.04686 19.5053
    endloop
  endfacet
  facet normal 0.00380706 -0.0871993 0.996184
    outer loop
      vertex 96 2.5 20
      vertex 96 2.06588 19.962
      vertex 97.0401 2.11129 19.962
    endloop
  endfacet
  facet normal 0.499616 -0.0215708 0.865978
    outer loop
      vertex 108.49 14 19.7955
      vertex 108.443 12.9114 19.7955
      vertex 108.993 14 19.5053
    endloop
  endfacet
  facet normal -0.0468921 0.0735982 0.996185
    outer loop
      vertex 8.25 75.9593 20
      vertex 7.15487 75.7759 19.962
      vertex 7.40387 75.4202 20
    endloop
  endfacet
  facet normal 0.00381029 0.087193 0.996184
    outer loop
      vertex 97.0401 77.8887 19.962
      vertex 96 77.5 20
      vertex 97.0023 77.4562 20
    endloop
  endfacet
  facet normal 0.265085 0.109683 0.957966
    outer loop
      vertex 107.737 70.2719 19.7955
      vertex 106.816 71.0436 19.962
      vertex 107.214 70.0817 19.962
    endloop
  endfacet
  facet normal 0.938797 0.0407832 0.342048
    outer loop
      vertex 109.88 67.2143 18.0765
      vertex 109.682 67.197 18.622
      vertex 109.734 66 18.622
    endloop
  endfacet
  facet normal 0.79262 -0.504902 0.341801
    outer loop
      vertex 107.894 7.13296 18.622
      vertex 107.413 6.00858 18.0765
      vertex 108.066 7.03369 18.0765
    endloop
  endfacet
  facet normal 0.938652 -0.0409689 0.342423
    outer loop
      vertex 109.933 14 18.0765
      vertex 109.734 14 18.622
      vertex 109.88 12.7857 18.0765
    endloop
  endfacet
  facet normal 0.938797 -0.0407832 0.342048
    outer loop
      vertex 109.734 14 18.622
      vertex 109.682 12.803 18.622
      vertex 109.88 12.7857 18.0765
    endloop
  endfacet
  facet normal -0.0436194 -0.999048 0
    outer loop
      vertex 12.7798 0.0532751 0
      vertex 14 0 17.5
      vertex 12.7798 0.0532751 17.5
    endloop
  endfacet
  facet normal -0.0436194 -0.999048 -0
    outer loop
      vertex 14 0 17.5
      vertex 12.7798 0.0532751 0
      vertex 14 0 0
    endloop
  endfacet
  facet normal 0.654566 -0.206432 0.727275
    outer loop
      vertex 108.958 10.5279 19.107
      vertex 108.209 9.55617 19.5053
      vertex 108.606 9.41176 19.107
    endloop
  endfacet
  facet normal 0.984762 -0.13012 0.11538
    outer loop
      vertex 109.947 12.7798 17.5
      vertex 109.721 11.5806 18.0765
      vertex 109.787 11.5689 17.5
    endloop
  endfacet
  facet normal 0.572503 -0.745672 0.340901
    outer loop
      vertex 104.828 3.47908 18.622
      vertex 103.878 2.7497 18.622
      vertex 103.991 2.58707 18.0765
    endloop
  endfacet
  facet normal 0.0125228 -0.286814 0.957904
    outer loop
      vertex 97.0401 2.11129 19.962
      vertex 96 1.5098 19.7955
      vertex 97.0886 1.55733 19.7955
    endloop
  endfacet
  facet normal -0.4179 0.544655 0.727125
    outer loop
      vertex 6.30541 76.989 19.107
      vertex 5.37693 76.2766 19.107
      vertex 5.64833 75.9531 19.5053
    endloop
  endfacet
  facet normal 0.0872233 0.00377372 0.996182
    outer loop
      vertex 107.889 67.0401 19.962
      vertex 107.5 66 20
      vertex 107.934 66 19.962
    endloop
  endfacet
  facet normal -0.984753 0.129644 0.115991
    outer loop
      vertex 0.212692 68.4311 17.5
      vertex 0.0532751 67.2202 17.5
      vertex 0.279056 68.4194 18.0765
    endloop
  endfacet
  facet normal -0.286836 0 0.95798
    outer loop
      vertex 1.5098 66 19.7955
      vertex 2.06588 14 19.962
      vertex 2.06588 66 19.962
    endloop
  endfacet
  facet normal -0.286836 0 0.95798
    outer loop
      vertex 2.06588 14 19.962
      vertex 1.5098 66 19.7955
      vertex 1.5098 14 19.7955
    endloop
  endfacet
  facet normal 0.206501 0.654828 0.72702
    outer loop
      vertex 100.588 78.6061 19.107
      vertex 99.4721 78.958 19.107
      vertex 100.444 78.2093 19.5053
    endloop
  endfacet
  facet normal 0.0299192 0.685912 0.72707
    outer loop
      vertex 96 79.4151 19.107
      vertex 96 78.9929 19.5053
      vertex 97.1692 79.3641 19.107
    endloop
  endfacet
  facet normal -0.0643557 0.0589707 0.996183
    outer loop
      vertex 5.5613 74.4387 19.962
      vertex 4.85793 73.6711 19.962
      vertex 5.19049 73.3921 20
    endloop
  endfacet
  facet normal -0.0403023 -0.0774195 0.996184
    outer loop
      vertex 9.13989 3.57746 20
      vertex 8.25 4.04071 20
      vertex 8.95642 3.18401 19.962
    endloop
  endfacet
  facet normal -0.537301 -0.84339 0
    outer loop
      vertex 5.96993 2.53187 0
      vertex 7 1.87564 17.5
      vertex 5.96993 2.53187 17.5
    endloop
  endfacet
  facet normal -0.537301 -0.84339 -0
    outer loop
      vertex 7 1.87564 17.5
      vertex 5.96993 2.53187 0
      vertex 7 1.87564 0
    endloop
  endfacet
  facet normal -0.745598 -0.572121 0.341703
    outer loop
      vertex 3.47908 5.1719 18.622
      vertex 2.58707 6.00858 18.0765
      vertex 3.327 5.04429 18.0765
    endloop
  endfacet
  facet normal 0.736933 0.675965 0
    outer loop
      vertex 106.725 74.999 17.5
      vertex 105.899 75.8995 0
      vertex 105.899 75.8995 17.5
    endloop
  endfacet
  facet normal 0.736933 0.675965 0
    outer loop
      vertex 105.899 75.8995 0
      vertex 106.725 74.999 17.5
      vertex 106.725 74.999 0
    endloop
  endfacet
  facet normal -0.203419 -0.917525 0.341715
    outer loop
      vertex 10.4454 0.733896 18.622
      vertex 10.394 0.54213 18.0765
      vertex 11.5806 0.279056 18.0765
    endloop
  endfacet
  facet normal -0.504983 0.792623 0.341674
    outer loop
      vertex 7.13296 77.8941 18.622
      vertex 6.00858 77.4129 18.0765
      vertex 6.12245 77.2503 18.622
    endloop
  endfacet
  facet normal -0.671053 0.732283 0.115969
    outer loop
      vertex 5.00097 76.7246 17.5
      vertex 4.14816 75.8518 18.0765
      vertex 5.04429 76.673 18.0765
    endloop
  endfacet
  facet normal -0.0433455 0.99231 0.115941
    outer loop
      vertex 14 80 17.5
      vertex 12.7798 79.9467 17.5
      vertex 12.7857 79.8796 18.0765
    endloop
  endfacet
  facet normal -0.040297 0.0774152 0.996184
    outer loop
      vertex 8.95642 76.816 19.962
      vertex 8.03294 76.3353 19.962
      vertex 8.25 75.9593 20
    endloop
  endfacet
  facet normal -0.0468966 -0.0736136 0.996184
    outer loop
      vertex 7.40387 4.57975 20
      vertex 7.15487 4.22414 19.962
      vertex 8.25 4.04071 20
    endloop
  endfacet
  facet normal -0.0852135 0.0188903 0.996184
    outer loop
      vertex 2.47253 69.0888 19.962
      vertex 2.24719 68.0723 19.962
      vertex 2.89185 68.9764 20
    endloop
  endfacet
  facet normal -0.544678 -0.417947 0.727081
    outer loop
      vertex 3.35684 6.54758 19.5053
      vertex 3.01098 6.30541 19.107
      vertex 4.04686 5.64833 19.5053
    endloop
  endfacet
  facet normal -0.86827 -0.35965 0.341701
    outer loop
      vertex 1.09418 9.30267 18.622
      vertex 0.907628 9.23477 18.0765
      vertex 1.37277 8.11182 18.0765
    endloop
  endfacet
  facet normal -0.132563 -0.254653 0.957903
    outer loop
      vertex 8.95642 3.18401 19.962
      vertex 7.7549 3.18317 19.7955
      vertex 8.72141 2.68004 19.7955
    endloop
  endfacet
  facet normal -0.564622 -0.616169 0.549124
    outer loop
      vertex 5.37693 3.72343 19.107
      vertex 4.28854 4.28854 18.622
      vertex 5.1719 3.47908 18.622
    endloop
  endfacet
  facet normal 0.0409936 -0.938911 0.341709
    outer loop
      vertex 97.197 0.318181 18.622
      vertex 96 0.265919 18.622
      vertex 97.2143 0.120406 18.0765
    endloop
  endfacet
  facet normal -0.463831 -0.506176 0.727081
    outer loop
      vertex 5.64833 4.04686 19.5053
      vertex 4.81264 4.81264 19.5053
      vertex 5.37693 3.72343 19.107
    endloop
  endfacet
  facet normal -0.433951 -0.833617 0.341715
    outer loop
      vertex 8.19573 1.5527 18.622
      vertex 7.13296 2.10594 18.622
      vertex 8.11182 1.37277 18.0765
    endloop
  endfacet
  facet normal -0.359647 0.868282 0.341672
    outer loop
      vertex 9.30267 78.9058 18.622
      vertex 8.11182 78.6272 18.0765
      vertex 8.19573 78.4473 18.622
    endloop
  endfacet
  facet normal -0.917645 -0.380097 0.115993
    outer loop
      vertex 0.907628 9.23477 18.0765
      vertex 0.844304 9.21172 17.5
      vertex 1.31169 8.08334 17.5
    endloop
  endfacet
  facet normal 0.896253 0.282358 0.34206
    outer loop
      vertex 109.458 69.606 18.0765
      vertex 108.906 70.6973 18.622
      vertex 109.266 69.5546 18.622
    endloop
  endfacet
  facet normal -0.834947 -0.0364545 0.549121
    outer loop
      vertex 0.635938 12.8308 19.107
      vertex 0.265919 14 18.622
      vertex 0.318181 12.803 18.622
    endloop
  endfacet
  facet normal -0.833608 0.433975 0.341708
    outer loop
      vertex 2.10594 72.867 18.622
      vertex 1.37277 71.8882 18.0765
      vertex 1.5527 71.8043 18.622
    endloop
  endfacet
  facet normal -0.993237 0 0.116102
    outer loop
      vertex 0 14 17.5
      vertex 0.0673885 66 18.0765
      vertex 0 66 17.5
    endloop
  endfacet
  facet normal -0.993237 0 0.116102
    outer loop
      vertex 0.0673885 66 18.0765
      vertex 0 14 17.5
      vertex 0.0673885 14 18.0765
    endloop
  endfacet
  facet normal -0.385875 0.741317 0.549135
    outer loop
      vertex 8.19573 78.4473 18.622
      vertex 7.13296 77.8941 18.622
      vertex 8.33053 78.1582 19.107
    endloop
  endfacet
  facet normal -0.887011 -0.461748 0
    outer loop
      vertex 1.87564 7 0
      vertex 1.31169 8.08334 17.5
      vertex 1.31169 8.08334 0
    endloop
  endfacet
  facet normal -0.887011 -0.461748 0
    outer loop
      vertex 1.31169 8.08334 17.5
      vertex 1.87564 7 0
      vertex 1.87564 7 17.5
    endloop
  endfacet
  facet normal 0.216402 0.976304 -0
    outer loop
      vertex 99.6235 79.523 0
      vertex 98.4311 79.7873 17.5
      vertex 99.6235 79.523 17.5
    endloop
  endfacet
  facet normal 0.216402 0.976304 0
    outer loop
      vertex 98.4311 79.7873 17.5
      vertex 99.6235 79.523 0
      vertex 98.4311 79.7873 0
    endloop
  endfacet
  facet normal -0.634967 0.692904 0.341615
    outer loop
      vertex 5.04429 76.673 18.0765
      vertex 4.14816 75.8518 18.0765
      vertex 4.28854 75.7115 18.622
    endloop
  endfacet
  facet normal 0.0436397 0.999047 -0
    outer loop
      vertex 97.2202 79.9467 0
      vertex 96 80 17.5
      vertex 97.2202 79.9467 17.5
    endloop
  endfacet
  facet normal 0.0436397 0.999047 0
    outer loop
      vertex 96 80 17.5
      vertex 97.2202 79.9467 0
      vertex 96 80 0
    endloop
  endfacet
  facet normal -0.896313 -0.282602 0.341701
    outer loop
      vertex 1.09418 9.30267 18.622
      vertex 0.54213 10.394 18.0765
      vertex 0.907628 9.23477 18.0765
    endloop
  endfacet
  facet normal -0.675595 -0.737273 0
    outer loop
      vertex 4.10051 4.10051 0
      vertex 5.00097 3.27538 17.5
      vertex 4.10051 4.10051 17.5
    endloop
  endfacet
  facet normal -0.675595 -0.737273 -0
    outer loop
      vertex 5.00097 3.27538 17.5
      vertex 4.10051 4.10051 0
      vertex 5.00097 3.27538 0
    endloop
  endfacet
  facet normal -0.671035 -0.732297 0.115991
    outer loop
      vertex 4.14816 4.14816 18.0765
      vertex 4.10051 4.10051 17.5
      vertex 5.00097 3.27538 17.5
    endloop
  endfacet
  facet normal -0.792619 -0.504956 0.341723
    outer loop
      vertex 2.10594 7.13296 18.622
      vertex 1.934 7.03369 18.0765
      vertex 2.58707 6.00858 18.0765
    endloop
  endfacet
  facet normal 0.0589483 0.0643579 0.996184
    outer loop
      vertex 104.439 74.4387 19.962
      vertex 103.392 74.8095 20
      vertex 104.132 74.1317 20
    endloop
  endfacet
  facet normal 0 0 -1
    outer loop
      vertex 19.5701 16.7394 0
      vertex 53.4243 53.8748 0
      vertex 19.8971 16.25 0
    endloop
  endfacet
  facet normal 0 0 -1
    outer loop
      vertex 52.1002 55.0401 0
      vertex 20.4615 65.4126 0
      vertex 20.5 66 0
    endloop
  endfacet
  facet normal -0 0 -1
    outer loop
      vertex 53.4243 53.8748 0
      vertex 19.5701 16.7394 0
      vertex 52.9188 54.186 0
    endloop
  endfacet
  facet normal 0 0 -1
    outer loop
      vertex 52.1002 55.0401 0
      vertex 20.3467 64.8353 0
      vertex 20.4615 65.4126 0
    endloop
  endfacet
  facet normal 0 0 -1
    outer loop
      vertex 19.182 17.182 0
      vertex 52.9188 54.186 0
      vertex 19.5701 16.7394 0
    endloop
  endfacet
  facet normal 0 0 -1
    outer loop
      vertex 52.1002 55.0401 0
      vertex 20.1575 64.2779 0
      vertex 20.3467 64.8353 0
    endloop
  endfacet
  facet normal -0 0 -1
    outer loop
      vertex 52.9188 54.186 0
      vertex 19.182 17.182 0
      vertex 52.4732 54.5782 0
    endloop
  endfacet
  facet normal 0 0 -1
    outer loop
      vertex 52.1002 55.0401 0
      vertex 19.8971 63.75 0
      vertex 20.1575 64.2779 0
    endloop
  endfacet
  facet normal 0 0 -1
    outer loop
      vertex 18.7394 17.5701 0
      vertex 52.4732 54.5782 0
      vertex 19.182 17.182 0
    endloop
  endfacet
  facet normal 0 0 -1
    outer loop
      vertex 52.1002 55.0401 0
      vertex 19.5701 63.2606 0
      vertex 19.8971 63.75 0
    endloop
  endfacet
  facet normal -0 0 -1
    outer loop
      vertex 52.4732 54.5782 0
      vertex 18.7394 17.5701 0
      vertex 52.1002 55.0401 0
    endloop
  endfacet
  facet normal 0 0 -1
    outer loop
      vertex 52.1002 55.0401 0
      vertex 19.182 62.818 0
      vertex 19.5701 63.2606 0
    endloop
  endfacet
  facet normal 0 0 -1
    outer loop
      vertex 18.25 17.8971 0
      vertex 52.1002 55.0401 0
      vertex 18.7394 17.5701 0
    endloop
  endfacet
  facet normal 0 0 -1
    outer loop
      vertex 52.1002 55.0401 0
      vertex 18.7394 62.4299 0
      vertex 19.182 62.818 0
    endloop
  endfacet
  facet normal 0 0 -1
    outer loop
      vertex 18.25 62.1029 0
      vertex 52.1002 55.0401 0
      vertex 18.25 17.8971 0
    endloop
  endfacet
  facet normal 0 0 -1
    outer loop
      vertex 52.1002 55.0401 0
      vertex 18.25 62.1029 0
      vertex 18.7394 62.4299 0
    endloop
  endfacet
  facet normal 0 0 -1
    outer loop
      vertex 17.7221 18.1575 0
      vertex 18.25 62.1029 0
      vertex 18.25 17.8971 0
    endloop
  endfacet
  facet normal 0 0 -1
    outer loop
      vertex 17.7221 18.1575 0
      vertex 17.7221 61.8425 0
      vertex 18.25 62.1029 0
    endloop
  endfacet
  facet normal 0 0 -1
    outer loop
      vertex 17.1647 18.3467 0
      vertex 17.7221 61.8425 0
      vertex 17.7221 18.1575 0
    endloop
  endfacet
  facet normal 0 0 -1
    outer loop
      vertex 17.1647 18.3467 0
      vertex 17.1647 61.6533 0
      vertex 17.7221 61.8425 0
    endloop
  endfacet
  facet normal 0 0 -1
    outer loop
      vertex 16.5874 18.4615 0
      vertex 17.1647 61.6533 0
      vertex 17.1647 18.3467 0
    endloop
  endfacet
  facet normal 0 0 -1
    outer loop
      vertex 16.5874 18.4615 0
      vertex 16.5874 61.5385 0
      vertex 17.1647 61.6533 0
    endloop
  endfacet
  facet normal 0 0 -1
    outer loop
      vertex 16 18.5 0
      vertex 16.5874 61.5385 0
      vertex 16.5874 18.4615 0
    endloop
  endfacet
  facet normal 0 0 -1
    outer loop
      vertex 16 18.5 0
      vertex 16 61.5 0
      vertex 16.5874 61.5385 0
    endloop
  endfacet
  facet normal 0 0 -1
    outer loop
      vertex 15.4126 18.4615 0
      vertex 16 61.5 0
      vertex 16 18.5 0
    endloop
  endfacet
  facet normal 0 0 -1
    outer loop
      vertex 15.4126 18.4615 0
      vertex 15.4126 61.5385 0
      vertex 16 61.5 0
    endloop
  endfacet
  facet normal 0 0 -1
    outer loop
      vertex 14.8353 18.3467 0
      vertex 15.4126 61.5385 0
      vertex 15.4126 18.4615 0
    endloop
  endfacet
  facet normal 0 0 -1
    outer loop
      vertex 14.8353 18.3467 0
      vertex 14.8353 61.6533 0
      vertex 15.4126 61.5385 0
    endloop
  endfacet
  facet normal 0 0 -1
    outer loop
      vertex 14.2779 18.1575 0
      vertex 14.8353 61.6533 0
      vertex 14.8353 18.3467 0
    endloop
  endfacet
  facet normal 0 0 -1
    outer loop
      vertex 14.2779 18.1575 0
      vertex 14.2779 61.8425 0
      vertex 14.8353 61.6533 0
    endloop
  endfacet
  facet normal 0 0 -1
    outer loop
      vertex 13.75 17.8971 0
      vertex 14.2779 61.8425 0
      vertex 14.2779 18.1575 0
    endloop
  endfacet
  facet normal 0 0 -1
    outer loop
      vertex 13.75 17.8971 0
      vertex 13.75 62.1029 0
      vertex 14.2779 61.8425 0
    endloop
  endfacet
  facet normal 0 0 -1
    outer loop
      vertex 0 14 0
      vertex 13.75 17.8971 0
      vertex 13.2606 17.5701 0
    endloop
  endfacet
  facet normal -0 0 -1
    outer loop
      vertex 13.75 17.8971 0
      vertex 0 14 0
      vertex 13.75 62.1029 0
    endloop
  endfacet
  facet normal 0 0 -1
    outer loop
      vertex 0 14 0
      vertex 13.2606 17.5701 0
      vertex 12.818 17.182 0
    endloop
  endfacet
  facet normal 0 0 -1
    outer loop
      vertex 0 66 0
      vertex 13.75 62.1029 0
      vertex 0 14 0
    endloop
  endfacet
  facet normal 0 0 -1
    outer loop
      vertex 0 14 0
      vertex 12.818 17.182 0
      vertex 12.4299 16.7394 0
    endloop
  endfacet
  facet normal 0 0 -1
    outer loop
      vertex 13.75 62.1029 0
      vertex 0 66 0
      vertex 13.2606 62.4299 0
    endloop
  endfacet
  facet normal 0 0 -1
    outer loop
      vertex 0 14 0
      vertex 12.4299 16.7394 0
      vertex 12.1029 16.25 0
    endloop
  endfacet
  facet normal 0 0 -1
    outer loop
      vertex 13.2606 62.4299 0
      vertex 0 66 0
      vertex 12.818 62.818 0
    endloop
  endfacet
  facet normal 0 0 -1
    outer loop
      vertex 0 14 0
      vertex 12.1029 16.25 0
      vertex 11.8425 15.7221 0
    endloop
  endfacet
  facet normal 0 0 -1
    outer loop
      vertex 12.818 62.818 0
      vertex 0 66 0
      vertex 12.4299 63.2606 0
    endloop
  endfacet
  facet normal 0 0 -1
    outer loop
      vertex 0 14 0
      vertex 11.8425 15.7221 0
      vertex 11.6533 15.1647 0
    endloop
  endfacet
  facet normal 0 0 -1
    outer loop
      vertex 12.4299 63.2606 0
      vertex 0 66 0
      vertex 12.1029 63.75 0
    endloop
  endfacet
  facet normal 0 0 -1
    outer loop
      vertex 0 14 0
      vertex 11.6533 15.1647 0
      vertex 11.5385 14.5874 0
    endloop
  endfacet
  facet normal 0 0 -1
    outer loop
      vertex 12.1029 63.75 0
      vertex 0 66 0
      vertex 11.8425 64.2779 0
    endloop
  endfacet
  facet normal 0 0 -1
    outer loop
      vertex 0 14 0
      vertex 11.5385 14.5874 0
      vertex 11.5 14 0
    endloop
  endfacet
  facet normal 0 0 -1
    outer loop
      vertex 11.8425 64.2779 0
      vertex 0 66 0
      vertex 11.6533 64.8353 0
    endloop
  endfacet
  facet normal 0 0 -1
    outer loop
      vertex 98.1575 15.7221 0
      vertex 110 14 0
      vertex 98.3467 15.1647 0
    endloop
  endfacet
  facet normal -0 0 -1
    outer loop
      vertex 110 66 0
      vertex 98.4615 65.4126 0
      vertex 98.5 66 0
    endloop
  endfacet
  facet normal 0 0 -1
    outer loop
      vertex 97.8971 16.25 0
      vertex 110 14 0
      vertex 98.1575 15.7221 0
    endloop
  endfacet
  facet normal 0 0 -1
    outer loop
      vertex 110 66 0
      vertex 98.3467 64.8353 0
      vertex 98.4615 65.4126 0
    endloop
  endfacet
  facet normal 0 0 -1
    outer loop
      vertex 97.5701 16.7394 0
      vertex 110 14 0
      vertex 97.8971 16.25 0
    endloop
  endfacet
  facet normal 0 0 -1
    outer loop
      vertex 110 66 0
      vertex 98.1575 64.2779 0
      vertex 98.3467 64.8353 0
    endloop
  endfacet
  facet normal 0 0 -1
    outer loop
      vertex 97.182 17.182 0
      vertex 110 14 0
      vertex 97.5701 16.7394 0
    endloop
  endfacet
  facet normal 0 0 -1
    outer loop
      vertex 110 66 0
      vertex 97.8971 63.75 0
      vertex 98.1575 64.2779 0
    endloop
  endfacet
  facet normal 0 0 -1
    outer loop
      vertex 96.7394 17.5701 0
      vertex 110 14 0
      vertex 97.182 17.182 0
    endloop
  endfacet
  facet normal 0 0 -1
    outer loop
      vertex 110 66 0
      vertex 97.5701 63.2606 0
      vertex 97.8971 63.75 0
    endloop
  endfacet
  facet normal 0 0 -1
    outer loop
      vertex 96.25 17.8971 0
      vertex 110 14 0
      vertex 96.7394 17.5701 0
    endloop
  endfacet
  facet normal 0 0 -1
    outer loop
      vertex 110 66 0
      vertex 97.182 62.818 0
      vertex 97.5701 63.2606 0
    endloop
  endfacet
  facet normal 0 0 -1
    outer loop
      vertex 110 14 0
      vertex 96.25 17.8971 0
      vertex 110 66 0
    endloop
  endfacet
  facet normal 0 0 -1
    outer loop
      vertex 110 66 0
      vertex 96.7394 62.4299 0
      vertex 97.182 62.818 0
    endloop
  endfacet
  facet normal 0 0 -1
    outer loop
      vertex 96.25 62.1029 0
      vertex 110 66 0
      vertex 96.25 17.8971 0
    endloop
  endfacet
  facet normal 0 0 -1
    outer loop
      vertex 110 66 0
      vertex 96.25 62.1029 0
      vertex 96.7394 62.4299 0
    endloop
  endfacet
  facet normal 0 0 -1
    outer loop
      vertex 95.7221 18.1575 0
      vertex 96.25 62.1029 0
      vertex 96.25 17.8971 0
    endloop
  endfacet
  facet normal 0 0 -1
    outer loop
      vertex 95.7221 18.1575 0
      vertex 95.7221 61.8425 0
      vertex 96.25 62.1029 0
    endloop
  endfacet
  facet normal 0 0 -1
    outer loop
      vertex 95.1647 18.3467 0
      vertex 95.7221 61.8425 0
      vertex 95.7221 18.1575 0
    endloop
  endfacet
  facet normal 0 0 -1
    outer loop
      vertex 95.1647 18.3467 0
      vertex 95.1647 61.6533 0
      vertex 95.7221 61.8425 0
    endloop
  endfacet
  facet normal 0 0 -1
    outer loop
      vertex 94.5874 18.4615 0
      vertex 95.1647 61.6533 0
      vertex 95.1647 18.3467 0
    endloop
  endfacet
  facet normal 0 0 -1
    outer loop
      vertex 94.5874 18.4615 0
      vertex 94.5874 61.5385 0
      vertex 95.1647 61.6533 0
    endloop
  endfacet
  facet normal 0 0 -1
    outer loop
      vertex 94 18.5 0
      vertex 94.5874 61.5385 0
      vertex 94.5874 18.4615 0
    endloop
  endfacet
  facet normal 0 0 -1
    outer loop
      vertex 94 18.5 0
      vertex 94 61.5 0
      vertex 94.5874 61.5385 0
    endloop
  endfacet
  facet normal 0 0 -1
    outer loop
      vertex 93.4126 18.4615 0
      vertex 94 61.5 0
      vertex 94 18.5 0
    endloop
  endfacet
  facet normal 0 0 -1
    outer loop
      vertex 93.4126 18.4615 0
      vertex 93.4126 61.5385 0
      vertex 94 61.5 0
    endloop
  endfacet
  facet normal 0 0 -1
    outer loop
      vertex 92.8353 18.3467 0
      vertex 93.4126 61.5385 0
      vertex 93.4126 18.4615 0
    endloop
  endfacet
  facet normal 0 0 -1
    outer loop
      vertex 92.8353 18.3467 0
      vertex 92.8353 61.6533 0
      vertex 93.4126 61.5385 0
    endloop
  endfacet
  facet normal 0 0 -1
    outer loop
      vertex 92.2779 18.1575 0
      vertex 92.8353 61.6533 0
      vertex 92.8353 18.3467 0
    endloop
  endfacet
  facet normal 0 0 -1
    outer loop
      vertex 92.2779 18.1575 0
      vertex 92.2779 61.8425 0
      vertex 92.8353 61.6533 0
    endloop
  endfacet
  facet normal 0 0 -1
    outer loop
      vertex 91.75 17.8971 0
      vertex 92.2779 61.8425 0
      vertex 92.2779 18.1575 0
    endloop
  endfacet
  facet normal 0 0 -1
    outer loop
      vertex 91.75 17.8971 0
      vertex 91.75 62.1029 0
      vertex 92.2779 61.8425 0
    endloop
  endfacet
  facet normal 0 0 -1
    outer loop
      vertex 57.7231 54.8012 0
      vertex 91.75 17.8971 0
      vertex 91.2606 17.5701 0
    endloop
  endfacet
  facet normal 0 0 -1
    outer loop
      vertex 91.75 17.8971 0
      vertex 57.7231 54.8012 0
      vertex 91.75 62.1029 0
    endloop
  endfacet
  facet normal 0 0 -1
    outer loop
      vertex 57.3124 54.3726 0
      vertex 91.2606 17.5701 0
      vertex 90.818 17.182 0
    endloop
  endfacet
  facet normal 0 -0 -1
    outer loop
      vertex 58.0555 55.2931 0
      vertex 91.75 62.1029 0
      vertex 57.7231 54.8012 0
    endloop
  endfacet
  facet normal 0 0 -1
    outer loop
      vertex 56.8351 54.0196 0
      vertex 90.818 17.182 0
      vertex 90.4299 16.7394 0
    endloop
  endfacet
  facet normal -0 0 -1
    outer loop
      vertex 91.75 62.1029 0
      vertex 58.0555 55.2931 0
      vertex 91.2606 62.4299 0
    endloop
  endfacet
  facet normal 0 0 -1
    outer loop
      vertex 56.8351 54.0196 0
      vertex 90.4299 16.7394 0
      vertex 90.1029 16.25 0
    endloop
  endfacet
  facet normal 0 -0 -1
    outer loop
      vertex 58.5 56 0
      vertex 91.2606 62.4299 0
      vertex 58.0555 55.2931 0
    endloop
  endfacet
  facet normal 0 0 -1
    outer loop
      vertex 56.305 53.7524 0
      vertex 90.1029 16.25 0
      vertex 89.8425 15.7221 0
    endloop
  endfacet
  facet normal -0 0 -1
    outer loop
      vertex 91.2606 62.4299 0
      vertex 58.5 56 0
      vertex 90.818 62.818 0
    endloop
  endfacet
  facet normal 0 0 -1
    outer loop
      vertex 55.7374 53.5786 0
      vertex 89.8425 15.7221 0
      vertex 89.6533 15.1647 0
    endloop
  endfacet
  facet normal -0 0 -1
    outer loop
      vertex 90.818 62.818 0
      vertex 58.5 56 0
      vertex 90.4299 63.2606 0
    endloop
  endfacet
  facet normal 0 0 -1
    outer loop
      vertex 55.1485 53.5032 0
      vertex 89.6533 15.1647 0
      vertex 89.5385 14.5874 0
    endloop
  endfacet
  facet normal -0 0 -1
    outer loop
      vertex 90.4299 63.2606 0
      vertex 58.5 56 0
      vertex 90.1029 63.75 0
    endloop
  endfacet
  facet normal 0 0 -1
    outer loop
      vertex 20.5 14 0
      vertex 89.5385 14.5874 0
      vertex 89.5 14 0
    endloop
  endfacet
  facet normal -0 0 -1
    outer loop
      vertex 89.8425 64.2779 0
      vertex 58.5 56 0
      vertex 89.6533 64.8353 0
    endloop
  endfacet
  facet normal 0 0 -1
    outer loop
      vertex 98.5 14 0
      vertex 110 14 0
      vertex 109.947 12.7798 0
    endloop
  endfacet
  facet normal 0 0 -1
    outer loop
      vertex 98.4615 14.5874 0
      vertex 110 14 0
      vertex 98.5 14 0
    endloop
  endfacet
  facet normal 0 0 -1
    outer loop
      vertex 98.4615 13.4126 0
      vertex 109.947 12.7798 0
      vertex 109.787 11.5689 0
    endloop
  endfacet
  facet normal 0 0 -1
    outer loop
      vertex 98.3467 15.1647 0
      vertex 110 14 0
      vertex 98.4615 14.5874 0
    endloop
  endfacet
  facet normal 0 0 -1
    outer loop
      vertex 98.4615 13.4126 0
      vertex 109.787 11.5689 0
      vertex 109.523 10.3765 0
    endloop
  endfacet
  facet normal 0 0 -1
    outer loop
      vertex 110 66 0
      vertex 98.5 66 0
      vertex 109.947 67.2202 0
    endloop
  endfacet
  facet normal 0 0 -1
    outer loop
      vertex 98.3467 12.8353 0
      vertex 109.523 10.3765 0
      vertex 109.156 9.21172 0
    endloop
  endfacet
  facet normal 0 0 -1
    outer loop
      vertex 98.4615 66.5874 0
      vertex 109.947 67.2202 0
      vertex 98.5 66 0
    endloop
  endfacet
  facet normal 0 0 -1
    outer loop
      vertex 98.3467 12.8353 0
      vertex 109.156 9.21172 0
      vertex 108.688 8.08334 0
    endloop
  endfacet
  facet normal -0 0 -1
    outer loop
      vertex 109.947 67.2202 0
      vertex 98.4615 66.5874 0
      vertex 109.787 68.4311 0
    endloop
  endfacet
  facet normal 0 0 -1
    outer loop
      vertex 98.1575 12.2779 0
      vertex 108.688 8.08334 0
      vertex 108.124 7 0
    endloop
  endfacet
  facet normal -0 0 -1
    outer loop
      vertex 109.787 68.4311 0
      vertex 98.4615 66.5874 0
      vertex 109.523 69.6235 0
    endloop
  endfacet
  facet normal 0 0 -1
    outer loop
      vertex 98.1575 12.2779 0
      vertex 108.124 7 0
      vertex 107.468 5.96993 0
    endloop
  endfacet
  facet normal 0 0 -1
    outer loop
      vertex 98.3467 67.1647 0
      vertex 109.523 69.6235 0
      vertex 98.4615 66.5874 0
    endloop
  endfacet
  facet normal 0 0 -1
    outer loop
      vertex 97.8971 11.75 0
      vertex 107.468 5.96993 0
      vertex 106.725 5.00097 0
    endloop
  endfacet
  facet normal -0 0 -1
    outer loop
      vertex 109.523 69.6235 0
      vertex 98.3467 67.1647 0
      vertex 109.156 70.7883 0
    endloop
  endfacet
  facet normal 0 0 -1
    outer loop
      vertex 97.5701 11.2606 0
      vertex 106.725 5.00097 0
      vertex 105.899 4.10051 0
    endloop
  endfacet
  facet normal -0 0 -1
    outer loop
      vertex 109.156 70.7883 0
      vertex 98.3467 67.1647 0
      vertex 108.688 71.9167 0
    endloop
  endfacet
  facet normal 0 0 -1
    outer loop
      vertex 97.5701 11.2606 0
      vertex 105.899 4.10051 0
      vertex 104.999 3.27538 0
    endloop
  endfacet
  facet normal 0 0 -1
    outer loop
      vertex 98.1575 67.7221 0
      vertex 108.688 71.9167 0
      vertex 98.3467 67.1647 0
    endloop
  endfacet
  facet normal 0 0 -1
    outer loop
      vertex 97.182 10.818 0
      vertex 104.999 3.27538 0
      vertex 104.03 2.53187 0
    endloop
  endfacet
  facet normal -0 0 -1
    outer loop
      vertex 108.688 71.9167 0
      vertex 98.1575 67.7221 0
      vertex 108.124 73 0
    endloop
  endfacet
  facet normal 0 0 -1
    outer loop
      vertex 97.182 10.818 0
      vertex 104.03 2.53187 0
      vertex 103 1.87564 0
    endloop
  endfacet
  facet normal -0 0 -1
    outer loop
      vertex 108.124 73 0
      vertex 98.1575 67.7221 0
      vertex 107.468 74.0301 0
    endloop
  endfacet
  facet normal 0 0 -1
    outer loop
      vertex 96.7394 10.4299 0
      vertex 103 1.87564 0
      vertex 101.917 1.31169 0
    endloop
  endfacet
  facet normal 0 0 -1
    outer loop
      vertex 97.8971 68.25 0
      vertex 107.468 74.0301 0
      vertex 98.1575 67.7221 0
    endloop
  endfacet
  facet normal 0 0 -1
    outer loop
      vertex 96.7394 10.4299 0
      vertex 101.917 1.31169 0
      vertex 100.788 0.844304 0
    endloop
  endfacet
  facet normal -0 0 -1
    outer loop
      vertex 107.468 74.0301 0
      vertex 97.8971 68.25 0
      vertex 106.725 74.999 0
    endloop
  endfacet
  facet normal 0 0 -1
    outer loop
      vertex 96.25 10.1029 0
      vertex 100.788 0.844304 0
      vertex 99.6235 0.477039 0
    endloop
  endfacet
  facet normal 0 0 -1
    outer loop
      vertex 97.5701 68.7394 0
      vertex 106.725 74.999 0
      vertex 97.8971 68.25 0
    endloop
  endfacet
  facet normal -0 0 -1
    outer loop
      vertex 106.725 74.999 0
      vertex 97.5701 68.7394 0
      vertex 105.899 75.8995 0
    endloop
  endfacet
  facet normal 0 0 -1
    outer loop
      vertex 109.947 12.7798 0
      vertex 98.4615 13.4126 0
      vertex 98.5 14 0
    endloop
  endfacet
  facet normal 0 0 -1
    outer loop
      vertex 95.7221 9.84254 0
      vertex 99.6235 0.477039 0
      vertex 98.4311 0.212692 0
    endloop
  endfacet
  facet normal 0 0 -1
    outer loop
      vertex 109.523 10.3765 0
      vertex 98.3467 12.8353 0
      vertex 98.4615 13.4126 0
    endloop
  endfacet
  facet normal 0 0 -1
    outer loop
      vertex 108.688 8.08334 0
      vertex 98.1575 12.2779 0
      vertex 98.3467 12.8353 0
    endloop
  endfacet
  facet normal 0 0 -1
    outer loop
      vertex 107.468 5.96993 0
      vertex 97.8971 11.75 0
      vertex 98.1575 12.2779 0
    endloop
  endfacet
  facet normal 0 0 -1
    outer loop
      vertex 106.725 5.00097 0
      vertex 97.5701 11.2606 0
      vertex 97.8971 11.75 0
    endloop
  endfacet
  facet normal 0 0 -1
    outer loop
      vertex 95.7221 9.84254 0
      vertex 98.4311 0.212692 0
      vertex 97.2202 0.0532751 0
    endloop
  endfacet
  facet normal 0 0 -1
    outer loop
      vertex 104.999 3.27538 0
      vertex 97.182 10.818 0
      vertex 97.5701 11.2606 0
    endloop
  endfacet
  facet normal 0 0 -1
    outer loop
      vertex 103 1.87564 0
      vertex 96.7394 10.4299 0
      vertex 97.182 10.818 0
    endloop
  endfacet
  facet normal 0 0 -1
    outer loop
      vertex 100.788 0.844304 0
      vertex 96.25 10.1029 0
      vertex 96.7394 10.4299 0
    endloop
  endfacet
  facet normal 0 0 -1
    outer loop
      vertex 95.1647 9.65333 0
      vertex 97.2202 0.0532751 0
      vertex 96 0 0
    endloop
  endfacet
  facet normal 0 0 -1
    outer loop
      vertex 99.6235 0.477039 0
      vertex 95.7221 9.84254 0
      vertex 96.25 10.1029 0
    endloop
  endfacet
  facet normal 0 0 -1
    outer loop
      vertex 97.2202 0.0532751 0
      vertex 95.1647 9.65333 0
      vertex 95.7221 9.84254 0
    endloop
  endfacet
  facet normal 0 0 -1
    outer loop
      vertex 96 0 0
      vertex 94.5874 9.5385 0
      vertex 95.1647 9.65333 0
    endloop
  endfacet
  facet normal 0 0 -1
    outer loop
      vertex 96 0 0
      vertex 94 9.5 0
      vertex 94.5874 9.5385 0
    endloop
  endfacet
  facet normal 0 0 -1
    outer loop
      vertex 96 0 0
      vertex 93.4126 9.5385 0
      vertex 94 9.5 0
    endloop
  endfacet
  facet normal 0 0 -1
    outer loop
      vertex 96 0 0
      vertex 92.8353 9.65333 0
      vertex 93.4126 9.5385 0
    endloop
  endfacet
  facet normal 0 0 -1
    outer loop
      vertex 96 0 0
      vertex 92.2779 9.84254 0
      vertex 92.8353 9.65333 0
    endloop
  endfacet
  facet normal 0 0 -1
    outer loop
      vertex 96 0 0
      vertex 91.75 10.1029 0
      vertex 92.2779 9.84254 0
    endloop
  endfacet
  facet normal 0 0 -1
    outer loop
      vertex 96 0 0
      vertex 91.2606 10.4299 0
      vertex 91.75 10.1029 0
    endloop
  endfacet
  facet normal 0 0 -1
    outer loop
      vertex 96 0 0
      vertex 90.818 10.818 0
      vertex 91.2606 10.4299 0
    endloop
  endfacet
  facet normal 0 0 -1
    outer loop
      vertex 96 0 0
      vertex 90.4299 11.2606 0
      vertex 90.818 10.818 0
    endloop
  endfacet
  facet normal 0 0 -1
    outer loop
      vertex 19.5701 11.2606 0
      vertex 90.4299 11.2606 0
      vertex 96 0 0
    endloop
  endfacet
  facet normal -0 0 -1
    outer loop
      vertex 89.6533 64.8353 0
      vertex 58.5 56 0
      vertex 89.5385 65.4126 0
    endloop
  endfacet
  facet normal 0 0 -1
    outer loop
      vertex 20.5 14 0
      vertex 89.5 14 0
      vertex 89.5385 13.4126 0
    endloop
  endfacet
  facet normal 0 0 -1
    outer loop
      vertex 20.4615 13.4126 0
      vertex 89.5385 13.4126 0
      vertex 89.6533 12.8353 0
    endloop
  endfacet
  facet normal 0 0 -1
    outer loop
      vertex 20.3467 12.8353 0
      vertex 89.6533 12.8353 0
      vertex 89.8425 12.2779 0
    endloop
  endfacet
  facet normal 0 0 -1
    outer loop
      vertex 20.1575 12.2779 0
      vertex 89.8425 12.2779 0
      vertex 90.1029 11.75 0
    endloop
  endfacet
  facet normal 0 0 -1
    outer loop
      vertex 90.4299 11.2606 0
      vertex 19.5701 11.2606 0
      vertex 90.1029 11.75 0
    endloop
  endfacet
  facet normal -0 0 -1
    outer loop
      vertex 89.5385 65.4126 0
      vertex 58.5 56 0
      vertex 89.5 66 0
    endloop
  endfacet
  facet normal -0 0 -1
    outer loop
      vertex 58.5 56 0
      vertex 58.3001 55.834 0
      vertex 58.3433 56 0
    endloop
  endfacet
  facet normal 0 0 -1
    outer loop
      vertex 58.5 56 0
      vertex 58.0555 55.2931 0
      vertex 58.3001 55.834 0
    endloop
  endfacet
  facet normal -0 0 -1
    outer loop
      vertex 90.1029 63.75 0
      vertex 58.5 56 0
      vertex 89.8425 64.2779 0
    endloop
  endfacet
  facet normal 0 0 -1
    outer loop
      vertex 91.2606 17.5701 0
      vertex 57.3124 54.3726 0
      vertex 57.7231 54.8012 0
    endloop
  endfacet
  facet normal 0 0 -1
    outer loop
      vertex 90.818 17.182 0
      vertex 56.8351 54.0196 0
      vertex 57.3124 54.3726 0
    endloop
  endfacet
  facet normal 0 0 -1
    outer loop
      vertex 90.1029 16.25 0
      vertex 56.305 53.7524 0
      vertex 56.8351 54.0196 0
    endloop
  endfacet
  facet normal 0 0 -1
    outer loop
      vertex 89.8425 15.7221 0
      vertex 55.7374 53.5786 0
      vertex 56.305 53.7524 0
    endloop
  endfacet
  facet normal 0 0 -1
    outer loop
      vertex 89.6533 15.1647 0
      vertex 55.1485 53.5032 0
      vertex 55.7374 53.5786 0
    endloop
  endfacet
  facet normal 0 0 -1
    outer loop
      vertex 20.4615 14.5874 0
      vertex 89.5385 14.5874 0
      vertex 20.5 14 0
    endloop
  endfacet
  facet normal 0 0 -1
    outer loop
      vertex 89.5385 14.5874 0
      vertex 20.4615 14.5874 0
      vertex 55.1485 53.5032 0
    endloop
  endfacet
  facet normal -0 0 -1
    outer loop
      vertex 55.1485 53.5032 0
      vertex 20.4615 14.5874 0
      vertex 54.5554 53.5283 0
    endloop
  endfacet
  facet normal 0 0 -1
    outer loop
      vertex 20.3467 15.1647 0
      vertex 54.5554 53.5283 0
      vertex 20.4615 14.5874 0
    endloop
  endfacet
  facet normal -0 0 -1
    outer loop
      vertex 54.5554 53.5283 0
      vertex 20.3467 15.1647 0
      vertex 53.9751 53.6534 0
    endloop
  endfacet
  facet normal 0 0 -1
    outer loop
      vertex 20.1575 15.7221 0
      vertex 53.9751 53.6534 0
      vertex 20.3467 15.1647 0
    endloop
  endfacet
  facet normal 0 0 -1
    outer loop
      vertex 51.8107 55.5583 0
      vertex 51.5 56 0
      vertex 51.6547 56 0
    endloop
  endfacet
  facet normal 0 0 -1
    outer loop
      vertex 52.1002 55.0401 0
      vertex 51.5 56 0
      vertex 51.8107 55.5583 0
    endloop
  endfacet
  facet normal 0 0 -1
    outer loop
      vertex 52.1002 55.0401 0
      vertex 20.5 66 0
      vertex 51.5 56 0
    endloop
  endfacet
  facet normal -0 0 -1
    outer loop
      vertex 53.9751 53.6534 0
      vertex 19.8971 16.25 0
      vertex 53.4243 53.8748 0
    endloop
  endfacet
  facet normal 0 0 -1
    outer loop
      vertex 19.8971 16.25 0
      vertex 53.9751 53.6534 0
      vertex 20.1575 15.7221 0
    endloop
  endfacet
  facet normal 0 0 -1
    outer loop
      vertex 89.5385 13.4126 0
      vertex 20.4615 13.4126 0
      vertex 20.5 14 0
    endloop
  endfacet
  facet normal 0 0 -1
    outer loop
      vertex 89.6533 12.8353 0
      vertex 20.3467 12.8353 0
      vertex 20.4615 13.4126 0
    endloop
  endfacet
  facet normal 0 0 -1
    outer loop
      vertex 89.8425 12.2779 0
      vertex 20.1575 12.2779 0
      vertex 20.3467 12.8353 0
    endloop
  endfacet
  facet normal 0 0 -1
    outer loop
      vertex 90.1029 11.75 0
      vertex 19.8971 11.75 0
      vertex 20.1575 12.2779 0
    endloop
  endfacet
  facet normal -0 0 -1
    outer loop
      vertex 90.1029 11.75 0
      vertex 19.5701 11.2606 0
      vertex 19.8971 11.75 0
    endloop
  endfacet
  facet normal 0 0 -1
    outer loop
      vertex 14 0 0
      vertex 19.5701 11.2606 0
      vertex 96 0 0
    endloop
  endfacet
  facet normal 0 0 -1
    outer loop
      vertex 19.5701 11.2606 0
      vertex 14 0 0
      vertex 19.182 10.818 0
    endloop
  endfacet
  facet normal 0 0 -1
    outer loop
      vertex 19.182 10.818 0
      vertex 14 0 0
      vertex 18.7394 10.4299 0
    endloop
  endfacet
  facet normal 0 0 -1
    outer loop
      vertex 18.7394 10.4299 0
      vertex 14 0 0
      vertex 18.25 10.1029 0
    endloop
  endfacet
  facet normal 0 0 -1
    outer loop
      vertex 18.25 10.1029 0
      vertex 14 0 0
      vertex 17.7221 9.84254 0
    endloop
  endfacet
  facet normal 0 0 -1
    outer loop
      vertex 17.7221 9.84254 0
      vertex 14 0 0
      vertex 17.1647 9.65333 0
    endloop
  endfacet
  facet normal 0 0 -1
    outer loop
      vertex 17.1647 9.65333 0
      vertex 14 0 0
      vertex 16.5874 9.5385 0
    endloop
  endfacet
  facet normal 0 0 -1
    outer loop
      vertex 16.5874 9.5385 0
      vertex 14 0 0
      vertex 16 9.5 0
    endloop
  endfacet
  facet normal -0 0 -1
    outer loop
      vertex 16 9.5 0
      vertex 14 0 0
      vertex 15.4126 9.5385 0
    endloop
  endfacet
  facet normal 0 0 -1
    outer loop
      vertex 14 0 0
      vertex 14.8353 9.65333 0
      vertex 15.4126 9.5385 0
    endloop
  endfacet
  facet normal 0 0 -1
    outer loop
      vertex 12.7798 0.0532751 0
      vertex 14.8353 9.65333 0
      vertex 14 0 0
    endloop
  endfacet
  facet normal -0 0 -1
    outer loop
      vertex 14.8353 9.65333 0
      vertex 12.7798 0.0532751 0
      vertex 14.2779 9.84254 0
    endloop
  endfacet
  facet normal 0 0 -1
    outer loop
      vertex 11.5689 0.212692 0
      vertex 14.2779 9.84254 0
      vertex 12.7798 0.0532751 0
    endloop
  endfacet
  facet normal 0 0 -1
    outer loop
      vertex 10.3765 0.477039 0
      vertex 14.2779 9.84254 0
      vertex 11.5689 0.212692 0
    endloop
  endfacet
  facet normal -0 0 -1
    outer loop
      vertex 14.2779 9.84254 0
      vertex 10.3765 0.477039 0
      vertex 13.75 10.1029 0
    endloop
  endfacet
  facet normal 0 0 -1
    outer loop
      vertex 9.21172 0.844304 0
      vertex 13.75 10.1029 0
      vertex 10.3765 0.477039 0
    endloop
  endfacet
  facet normal -0 0 -1
    outer loop
      vertex 13.75 10.1029 0
      vertex 9.21172 0.844304 0
      vertex 13.2606 10.4299 0
    endloop
  endfacet
  facet normal 0 0 -1
    outer loop
      vertex 8.08334 1.31169 0
      vertex 13.2606 10.4299 0
      vertex 9.21172 0.844304 0
    endloop
  endfacet
  facet normal 0 0 -1
    outer loop
      vertex 7 1.87564 0
      vertex 13.2606 10.4299 0
      vertex 8.08334 1.31169 0
    endloop
  endfacet
  facet normal -0 0 -1
    outer loop
      vertex 13.2606 10.4299 0
      vertex 7 1.87564 0
      vertex 12.818 10.818 0
    endloop
  endfacet
  facet normal 0 0 -1
    outer loop
      vertex 5.96993 2.53187 0
      vertex 12.818 10.818 0
      vertex 7 1.87564 0
    endloop
  endfacet
  facet normal 0 0 -1
    outer loop
      vertex 5.00097 3.27538 0
      vertex 12.818 10.818 0
      vertex 5.96993 2.53187 0
    endloop
  endfacet
  facet normal 0 0 -1
    outer loop
      vertex 4.10051 4.10051 0
      vertex 12.4299 11.2606 0
      vertex 5.00097 3.27538 0
    endloop
  endfacet
  facet normal -0 0 -1
    outer loop
      vertex 12.818 10.818 0
      vertex 5.00097 3.27538 0
      vertex 12.4299 11.2606 0
    endloop
  endfacet
  facet normal -0 0 -1
    outer loop
      vertex 105.899 75.8995 0
      vertex 97.5701 68.7394 0
      vertex 104.999 76.7246 0
    endloop
  endfacet
  facet normal 0 0 -1
    outer loop
      vertex 97.182 69.182 0
      vertex 104.999 76.7246 0
      vertex 97.5701 68.7394 0
    endloop
  endfacet
  facet normal -0 0 -1
    outer loop
      vertex 104.999 76.7246 0
      vertex 97.182 69.182 0
      vertex 104.03 77.4681 0
    endloop
  endfacet
  facet normal -0 0 -1
    outer loop
      vertex 104.03 77.4681 0
      vertex 97.182 69.182 0
      vertex 103 78.1244 0
    endloop
  endfacet
  facet normal 0 0 -1
    outer loop
      vertex 96.7394 69.5701 0
      vertex 103 78.1244 0
      vertex 97.182 69.182 0
    endloop
  endfacet
  facet normal -0 0 -1
    outer loop
      vertex 103 78.1244 0
      vertex 96.7394 69.5701 0
      vertex 101.917 78.6883 0
    endloop
  endfacet
  facet normal -0 0 -1
    outer loop
      vertex 101.917 78.6883 0
      vertex 96.7394 69.5701 0
      vertex 100.788 79.1557 0
    endloop
  endfacet
  facet normal 0 0 -1
    outer loop
      vertex 96.25 69.8971 0
      vertex 100.788 79.1557 0
      vertex 96.7394 69.5701 0
    endloop
  endfacet
  facet normal -0 0 -1
    outer loop
      vertex 100.788 79.1557 0
      vertex 96.25 69.8971 0
      vertex 99.6235 79.523 0
    endloop
  endfacet
  facet normal 0 0 -1
    outer loop
      vertex 95.7221 70.1575 0
      vertex 99.6235 79.523 0
      vertex 96.25 69.8971 0
    endloop
  endfacet
  facet normal -0 0 -1
    outer loop
      vertex 99.6235 79.523 0
      vertex 95.7221 70.1575 0
      vertex 98.4311 79.7873 0
    endloop
  endfacet
  facet normal -0 0 -1
    outer loop
      vertex 98.4311 79.7873 0
      vertex 95.7221 70.1575 0
      vertex 97.2202 79.9467 0
    endloop
  endfacet
  facet normal 0 0 -1
    outer loop
      vertex 95.1647 70.3467 0
      vertex 97.2202 79.9467 0
      vertex 95.7221 70.1575 0
    endloop
  endfacet
  facet normal -0 0 -1
    outer loop
      vertex 97.2202 79.9467 0
      vertex 95.1647 70.3467 0
      vertex 96 80 0
    endloop
  endfacet
  facet normal 0 0 -1
    outer loop
      vertex 94.5874 70.4615 0
      vertex 96 80 0
      vertex 95.1647 70.3467 0
    endloop
  endfacet
  facet normal 0 0 -1
    outer loop
      vertex 94 70.5 0
      vertex 96 80 0
      vertex 94.5874 70.4615 0
    endloop
  endfacet
  facet normal 0 0 -1
    outer loop
      vertex 93.4126 70.4615 0
      vertex 96 80 0
      vertex 94 70.5 0
    endloop
  endfacet
  facet normal 0 0 -1
    outer loop
      vertex 92.8353 70.3467 0
      vertex 96 80 0
      vertex 93.4126 70.4615 0
    endloop
  endfacet
  facet normal 0 0 -1
    outer loop
      vertex 92.2779 70.1575 0
      vertex 96 80 0
      vertex 92.8353 70.3467 0
    endloop
  endfacet
  facet normal 0 0 -1
    outer loop
      vertex 91.75 69.8971 0
      vertex 96 80 0
      vertex 92.2779 70.1575 0
    endloop
  endfacet
  facet normal 0 0 -1
    outer loop
      vertex 91.2606 69.5701 0
      vertex 96 80 0
      vertex 91.75 69.8971 0
    endloop
  endfacet
  facet normal 0 0 -1
    outer loop
      vertex 90.818 69.182 0
      vertex 96 80 0
      vertex 91.2606 69.5701 0
    endloop
  endfacet
  facet normal 0 0 -1
    outer loop
      vertex 58.5 80 0
      vertex 90.818 69.182 0
      vertex 90.4299 68.7394 0
    endloop
  endfacet
  facet normal 0 0 -1
    outer loop
      vertex 58.5 80 0
      vertex 90.4299 68.7394 0
      vertex 90.1029 68.25 0
    endloop
  endfacet
  facet normal 0 0 -1
    outer loop
      vertex 58.5 56 0
      vertex 89.5385 66.5874 0
      vertex 89.5 66 0
    endloop
  endfacet
  facet normal 0 0 -1
    outer loop
      vertex 58.5 80 0
      vertex 89.5385 66.5874 0
      vertex 58.5 56 0
    endloop
  endfacet
  facet normal 0 0 -1
    outer loop
      vertex 89.5385 66.5874 0
      vertex 58.5 80 0
      vertex 89.6533 67.1647 0
    endloop
  endfacet
  facet normal 0 0 -1
    outer loop
      vertex 89.6533 67.1647 0
      vertex 58.5 80 0
      vertex 89.8425 67.7221 0
    endloop
  endfacet
  facet normal 0 0 -1
    outer loop
      vertex 89.8425 67.7221 0
      vertex 58.5 80 0
      vertex 90.1029 68.25 0
    endloop
  endfacet
  facet normal 0 0 -1
    outer loop
      vertex 90.818 69.182 0
      vertex 58.5 80 0
      vertex 96 80 0
    endloop
  endfacet
  facet normal 0 0 -1
    outer loop
      vertex 20.4615 66.5874 0
      vertex 51.5 56 0
      vertex 20.5 66 0
    endloop
  endfacet
  facet normal 0 0 -1
    outer loop
      vertex 51.5 56 0
      vertex 20.4615 66.5874 0
      vertex 51.5 80 0
    endloop
  endfacet
  facet normal 0 0 -1
    outer loop
      vertex 20.3467 67.1647 0
      vertex 51.5 80 0
      vertex 20.4615 66.5874 0
    endloop
  endfacet
  facet normal 0 0 -1
    outer loop
      vertex 20.1575 67.7221 0
      vertex 51.5 80 0
      vertex 20.3467 67.1647 0
    endloop
  endfacet
  facet normal 0 0 -1
    outer loop
      vertex 19.8971 68.25 0
      vertex 51.5 80 0
      vertex 20.1575 67.7221 0
    endloop
  endfacet
  facet normal 0 0 -1
    outer loop
      vertex 19.5701 68.7394 0
      vertex 51.5 80 0
      vertex 19.8971 68.25 0
    endloop
  endfacet
  facet normal 0 0 -1
    outer loop
      vertex 19.182 69.182 0
      vertex 51.5 80 0
      vertex 19.5701 68.7394 0
    endloop
  endfacet
  facet normal 0 0 -1
    outer loop
      vertex 14 80 0
      vertex 19.182 69.182 0
      vertex 18.7394 69.5701 0
    endloop
  endfacet
  facet normal 0 0 -1
    outer loop
      vertex 14 80 0
      vertex 18.7394 69.5701 0
      vertex 18.25 69.8971 0
    endloop
  endfacet
  facet normal 0 0 -1
    outer loop
      vertex 14 80 0
      vertex 18.25 69.8971 0
      vertex 17.7221 70.1575 0
    endloop
  endfacet
  facet normal 0 0 -1
    outer loop
      vertex 14 80 0
      vertex 17.7221 70.1575 0
      vertex 17.1647 70.3467 0
    endloop
  endfacet
  facet normal 0 0 -1
    outer loop
      vertex 14 80 0
      vertex 17.1647 70.3467 0
      vertex 16.5874 70.4615 0
    endloop
  endfacet
  facet normal 0 0 -1
    outer loop
      vertex 14 80 0
      vertex 16.5874 70.4615 0
      vertex 16 70.5 0
    endloop
  endfacet
  facet normal 0 0 -1
    outer loop
      vertex 14 80 0
      vertex 16 70.5 0
      vertex 15.4126 70.4615 0
    endloop
  endfacet
  facet normal 0 0 -1
    outer loop
      vertex 14 80 0
      vertex 15.4126 70.4615 0
      vertex 14.8353 70.3467 0
    endloop
  endfacet
  facet normal 0 0 -1
    outer loop
      vertex 19.182 69.182 0
      vertex 14 80 0
      vertex 51.5 80 0
    endloop
  endfacet
  facet normal 0 0 -1
    outer loop
      vertex 12.7798 79.9467 0
      vertex 14.8353 70.3467 0
      vertex 14.2779 70.1575 0
    endloop
  endfacet
  facet normal 0 0 -1
    outer loop
      vertex 10.3765 79.523 0
      vertex 14.2779 70.1575 0
      vertex 13.75 69.8971 0
    endloop
  endfacet
  facet normal 0 0 -1
    outer loop
      vertex 9.21172 79.1557 0
      vertex 13.75 69.8971 0
      vertex 13.2606 69.5701 0
    endloop
  endfacet
  facet normal 0 0 -1
    outer loop
      vertex 7 78.1244 0
      vertex 13.2606 69.5701 0
      vertex 12.818 69.182 0
    endloop
  endfacet
  facet normal 0 0 -1
    outer loop
      vertex 14.8353 70.3467 0
      vertex 12.7798 79.9467 0
      vertex 14 80 0
    endloop
  endfacet
  facet normal 0 0 -1
    outer loop
      vertex 5.00097 76.7246 0
      vertex 12.818 69.182 0
      vertex 12.4299 68.7394 0
    endloop
  endfacet
  facet normal 0 0 -1
    outer loop
      vertex 3.27538 74.999 0
      vertex 12.4299 68.7394 0
      vertex 12.1029 68.25 0
    endloop
  endfacet
  facet normal 0 0 -1
    outer loop
      vertex 2.53187 74.0301 0
      vertex 12.1029 68.25 0
      vertex 11.8425 67.7221 0
    endloop
  endfacet
  facet normal 0 0 -1
    outer loop
      vertex 1.31169 71.9167 0
      vertex 11.8425 67.7221 0
      vertex 11.6533 67.1647 0
    endloop
  endfacet
  facet normal 0 0 -1
    outer loop
      vertex 14.2779 70.1575 0
      vertex 11.5689 79.7873 0
      vertex 12.7798 79.9467 0
    endloop
  endfacet
  facet normal 0 0 -1
    outer loop
      vertex 0.477039 69.6235 0
      vertex 11.6533 67.1647 0
      vertex 11.5385 66.5874 0
    endloop
  endfacet
  facet normal 0 0 -1
    outer loop
      vertex 0.0532751 67.2202 0
      vertex 11.5385 66.5874 0
      vertex 11.5 66 0
    endloop
  endfacet
  facet normal 0 0 -1
    outer loop
      vertex 11.6533 64.8353 0
      vertex 0 66 0
      vertex 11.5385 65.4126 0
    endloop
  endfacet
  facet normal 0 0 -1
    outer loop
      vertex 11.5385 65.4126 0
      vertex 0 66 0
      vertex 11.5 66 0
    endloop
  endfacet
  facet normal 0 0 -1
    outer loop
      vertex 3.27538 5.00097 0
      vertex 12.4299 11.2606 0
      vertex 4.10051 4.10051 0
    endloop
  endfacet
  facet normal 0 -0 -1
    outer loop
      vertex 0.0532751 67.2202 0
      vertex 11.5 66 0
      vertex 0 66 0
    endloop
  endfacet
  facet normal -0 0 -1
    outer loop
      vertex 12.4299 11.2606 0
      vertex 3.27538 5.00097 0
      vertex 12.1029 11.75 0
    endloop
  endfacet
  facet normal 0 0 -1
    outer loop
      vertex 14.2779 70.1575 0
      vertex 10.3765 79.523 0
      vertex 11.5689 79.7873 0
    endloop
  endfacet
  facet normal 0 0 -1
    outer loop
      vertex 2.53187 5.96993 0
      vertex 12.1029 11.75 0
      vertex 3.27538 5.00097 0
    endloop
  endfacet
  facet normal 0 0 -1
    outer loop
      vertex 13.75 69.8971 0
      vertex 9.21172 79.1557 0
      vertex 10.3765 79.523 0
    endloop
  endfacet
  facet normal -0 0 -1
    outer loop
      vertex 12.1029 11.75 0
      vertex 2.53187 5.96993 0
      vertex 11.8425 12.2779 0
    endloop
  endfacet
  facet normal 0 0 -1
    outer loop
      vertex 13.2606 69.5701 0
      vertex 8.08334 78.6883 0
      vertex 9.21172 79.1557 0
    endloop
  endfacet
  facet normal 0 0 -1
    outer loop
      vertex 1.87564 7 0
      vertex 11.8425 12.2779 0
      vertex 2.53187 5.96993 0
    endloop
  endfacet
  facet normal 0 0 -1
    outer loop
      vertex 13.2606 69.5701 0
      vertex 7 78.1244 0
      vertex 8.08334 78.6883 0
    endloop
  endfacet
  facet normal 0 0 -1
    outer loop
      vertex 1.31169 8.08334 0
      vertex 11.8425 12.2779 0
      vertex 1.87564 7 0
    endloop
  endfacet
  facet normal 0 0 -1
    outer loop
      vertex 12.818 69.182 0
      vertex 5.96993 77.4681 0
      vertex 7 78.1244 0
    endloop
  endfacet
  facet normal -0 0 -1
    outer loop
      vertex 11.8425 12.2779 0
      vertex 1.31169 8.08334 0
      vertex 11.6533 12.8353 0
    endloop
  endfacet
  facet normal 0 0 -1
    outer loop
      vertex 12.818 69.182 0
      vertex 5.00097 76.7246 0
      vertex 5.96993 77.4681 0
    endloop
  endfacet
  facet normal 0 0 -1
    outer loop
      vertex 0.844304 9.21172 0
      vertex 11.6533 12.8353 0
      vertex 1.31169 8.08334 0
    endloop
  endfacet
  facet normal 0 0 -1
    outer loop
      vertex 12.4299 68.7394 0
      vertex 4.10051 75.8995 0
      vertex 5.00097 76.7246 0
    endloop
  endfacet
  facet normal 0 0 -1
    outer loop
      vertex 0.477039 10.3765 0
      vertex 11.6533 12.8353 0
      vertex 0.844304 9.21172 0
    endloop
  endfacet
  facet normal 0 0 -1
    outer loop
      vertex 12.4299 68.7394 0
      vertex 3.27538 74.999 0
      vertex 4.10051 75.8995 0
    endloop
  endfacet
  facet normal -0 0 -1
    outer loop
      vertex 11.6533 12.8353 0
      vertex 0.477039 10.3765 0
      vertex 11.5385 13.4126 0
    endloop
  endfacet
  facet normal 0 0 -1
    outer loop
      vertex 12.1029 68.25 0
      vertex 2.53187 74.0301 0
      vertex 3.27538 74.999 0
    endloop
  endfacet
  facet normal 0 0 -1
    outer loop
      vertex 0.212692 11.5689 0
      vertex 11.5385 13.4126 0
      vertex 0.477039 10.3765 0
    endloop
  endfacet
  facet normal 0 0 -1
    outer loop
      vertex 11.8425 67.7221 0
      vertex 1.87564 73 0
      vertex 2.53187 74.0301 0
    endloop
  endfacet
  facet normal 0 0 -1
    outer loop
      vertex 0.0532751 12.7798 0
      vertex 11.5385 13.4126 0
      vertex 0.212692 11.5689 0
    endloop
  endfacet
  facet normal 0 0 -1
    outer loop
      vertex 11.8425 67.7221 0
      vertex 1.31169 71.9167 0
      vertex 1.87564 73 0
    endloop
  endfacet
  facet normal -0 0 -1
    outer loop
      vertex 11.5385 13.4126 0
      vertex 0.0532751 12.7798 0
      vertex 11.5 14 0
    endloop
  endfacet
  facet normal 0 0 -1
    outer loop
      vertex 11.6533 67.1647 0
      vertex 0.844304 70.7883 0
      vertex 1.31169 71.9167 0
    endloop
  endfacet
  facet normal -0 0 -1
    outer loop
      vertex 11.5 14 0
      vertex 0.0532751 12.7798 0
      vertex 0 14 0
    endloop
  endfacet
  facet normal 0 0 -1
    outer loop
      vertex 11.6533 67.1647 0
      vertex 0.477039 69.6235 0
      vertex 0.844304 70.7883 0
    endloop
  endfacet
  facet normal 0 0 -1
    outer loop
      vertex 11.5385 66.5874 0
      vertex 0.212692 68.4311 0
      vertex 0.477039 69.6235 0
    endloop
  endfacet
  facet normal 0 0 -1
    outer loop
      vertex 11.5385 66.5874 0
      vertex 0.0532751 67.2202 0
      vertex 0.212692 68.4311 0
    endloop
  endfacet
  facet normal 0.35963 -0.868252 0.341766
    outer loop
      vertex 101.804 1.5527 18.622
      vertex 100.697 1.09418 18.622
      vertex 101.888 1.37277 18.0765
    endloop
  endfacet
  facet normal 0.282672 0.896266 0.341766
    outer loop
      vertex 99.606 79.4579 18.0765
      vertex 99.5546 79.2661 18.622
      vertex 100.697 78.9058 18.622
    endloop
  endfacet
  facet normal 0.0531361 -0.0692507 0.996183
    outer loop
      vertex 103.392 5.19049 20
      vertex 102.845 4.22414 19.962
      vertex 103.671 4.85793 19.962
    endloop
  endfacet
  facet normal 0.47753 -0.150632 0.865607
    outer loop
      vertex 108.55 10.6372 19.5053
      vertex 108.065 10.7673 19.7955
      vertex 108.209 9.55617 19.5053
    endloop
  endfacet
  facet normal 0.0125141 0.286796 0.95791
    outer loop
      vertex 97.0886 78.4427 19.7955
      vertex 96 78.4902 19.7955
      vertex 97.0401 77.8887 19.962
    endloop
  endfacet
  facet normal 0.0870919 -0.00382325 0.996193
    outer loop
      vertex 107.5 14 20
      vertex 107.456 12.9977 20
      vertex 107.889 12.9599 19.962
    endloop
  endfacet
  facet normal 0.443575 -0.23085 0.865996
    outer loop
      vertex 107.32 8.72141 19.7955
      vertex 106.817 7.7549 19.7955
      vertex 107.776 8.50897 19.5053
    endloop
  endfacet
  facet normal 0.692782 0.634722 0.342317
    outer loop
      vertex 105.852 75.8518 18.0765
      vertex 105.711 75.7115 18.622
      vertex 106.673 74.9557 18.0765
    endloop
  endfacet
  facet normal 0.458688 0.880935 0.116439
    outer loop
      vertex 101.917 78.6883 17.5
      vertex 101.888 78.6272 18.0765
      vertex 103 78.1244 17.5
    endloop
  endfacet
  facet normal 1 -0 0
    outer loop
      vertex 110 14 17.5
      vertex 110 66 0
      vertex 110 66 17.5
    endloop
  endfacet
  facet normal 1 0 0
    outer loop
      vertex 110 66 0
      vertex 110 14 17.5
      vertex 110 14 0
    endloop
  endfacet
  facet normal 0.0870919 0.00382325 0.996193
    outer loop
      vertex 107.889 67.0401 19.962
      vertex 107.456 67.0023 20
      vertex 107.5 66 20
    endloop
  endfacet
  facet normal 0.834925 -0.0364191 0.549157
    outer loop
      vertex 109.415 14 19.107
      vertex 109.364 12.8308 19.107
      vertex 109.734 14 18.622
    endloop
  endfacet
  facet normal 0.984741 -0.129926 0.115775
    outer loop
      vertex 109.88 12.7857 18.0765
      vertex 109.721 11.5806 18.0765
      vertex 109.947 12.7798 17.5
    endloop
  endfacet
  facet normal 0.93161 -0.122916 0.342044
    outer loop
      vertex 109.88 12.7857 18.0765
      vertex 109.682 12.803 18.622
      vertex 109.721 11.5806 18.0765
    endloop
  endfacet
  facet normal -0.122678 0.93177 0.341693
    outer loop
      vertex 12.803 79.6818 18.622
      vertex 11.5806 79.7209 18.0765
      vertex 11.6151 79.5254 18.622
    endloop
  endfacet
  facet normal -0.833616 -0.433946 0.341723
    outer loop
      vertex 2.10594 7.13296 18.622
      vertex 1.37277 8.11182 18.0765
      vertex 1.934 7.03369 18.0765
    endloop
  endfacet
  facet normal 0.947352 -0.298493 0.115874
    outer loop
      vertex 109.458 10.394 18.0765
      vertex 109.156 9.21172 17.5
      vertex 109.523 10.3765 17.5
    endloop
  endfacet
  facet normal 0.273406 -0.0862945 0.95802
    outer loop
      vertex 108.065 10.7673 19.7955
      vertex 107.527 10.9112 19.962
      vertex 107.737 9.7281 19.7955
    endloop
  endfacet
  facet normal -0.792609 0.504955 0.341747
    outer loop
      vertex 2.58707 73.9914 18.0765
      vertex 1.934 72.9663 18.0765
      vertex 2.10594 72.867 18.622
    endloop
  endfacet
  facet normal 0.0621333 -0.280281 0.957905
    outer loop
      vertex 99.0888 2.47253 19.962
      vertex 98.0723 2.24719 19.962
      vertex 99.2327 1.93539 19.7955
    endloop
  endfacet
  facet normal 0.129642 -0.984753 0.115997
    outer loop
      vertex 98.4194 0.279056 18.0765
      vertex 97.2143 0.120406 18.0765
      vertex 97.2202 0.0532751 17.5
    endloop
  endfacet
  facet normal 0.0333877 -0.0805993 0.996187
    outer loop
      vertex 100.86 3.57746 20
      vertex 99.9332 3.19354 20
      vertex 101.044 3.18401 19.962
    endloop
  endfacet
  facet normal -0.28463 0.0374745 0.957905
    outer loop
      vertex 2.24719 68.0723 19.962
      vertex 1.55733 67.0886 19.7955
      vertex 2.11129 67.0401 19.962
    endloop
  endfacet
  facet normal -0.0774171 0.0403005 0.996184
    outer loop
      vertex 3.66475 71.9671 19.962
      vertex 3.18401 71.0436 19.962
      vertex 4.04071 71.75 20
    endloop
  endfacet
  facet normal -0.663063 0.508757 0.549102
    outer loop
      vertex 3.47908 74.8281 18.622
      vertex 2.7497 73.8775 18.622
      vertex 3.72343 74.6231 19.107
    endloop
  endfacet
  facet normal -0.793335 0.608786 0
    outer loop
      vertex 2.53187 74.0301 0
      vertex 3.27538 74.999 17.5
      vertex 3.27538 74.999 0
    endloop
  endfacet
  facet normal -0.793335 0.608786 0
    outer loop
      vertex 3.27538 74.999 17.5
      vertex 2.53187 74.0301 0
      vertex 2.53187 74.0301 17.5
    endloop
  endfacet
  facet normal -0.421975 0.268819 0.865837
    outer loop
      vertex 3.35684 73.4524 19.5053
      vertex 2.74782 72.4964 19.5053
      vertex 3.76863 73.1641 19.7955
    endloop
  endfacet
  facet normal -0.396928 0.304593 0.865835
    outer loop
      vertex 4.43195 74.0285 19.7955
      vertex 3.35684 73.4524 19.5053
      vertex 3.76863 73.1641 19.7955
    endloop
  endfacet
  facet normal 0 0.83548 0.549522
    outer loop
      vertex 96 79.7341 18.622
      vertex 14 79.4151 19.107
      vertex 96 79.4151 19.107
    endloop
  endfacet
  facet normal 0 0.83548 0.549522
    outer loop
      vertex 14 79.4151 19.107
      vertex 96 79.7341 18.622
      vertex 14 79.7341 18.622
    endloop
  endfacet
  facet normal 0.608746 -0.793365 0
    outer loop
      vertex 104.03 2.53187 0
      vertex 104.999 3.27538 17.5
      vertex 104.03 2.53187 17.5
    endloop
  endfacet
  facet normal 0.608746 -0.793365 0
    outer loop
      vertex 104.999 3.27538 17.5
      vertex 104.03 2.53187 0
      vertex 104.999 3.27538 0
    endloop
  endfacet
  facet normal 0.0621269 0.280302 0.957899
    outer loop
      vertex 99.2327 78.0646 19.7955
      vertex 98.0723 77.7528 19.962
      vertex 99.0888 77.5275 19.962
    endloop
  endfacet
  facet normal 0.108264 0.488429 0.865861
    outer loop
      vertex 98.2562 78.7955 19.5053
      vertex 98.1689 78.3004 19.7955
      vertex 99.2327 78.0646 19.7955
    endloop
  endfacet
  facet normal -0.368884 -0.579035 0.727079
    outer loop
      vertex 7.50355 2.74782 19.5053
      vertex 6.30541 3.01098 19.107
      vertex 7.29245 2.38217 19.107
    endloop
  endfacet
  facet normal 0.316632 -0.608784 0.727411
    outer loop
      vertex 102.496 2.74782 19.5053
      vertex 101.669 1.84178 19.107
      vertex 102.708 2.38217 19.107
    endloop
  endfacet
  facet normal -0.537342 0.843364 0
    outer loop
      vertex 7 78.1244 0
      vertex 5.96993 77.4681 17.5
      vertex 7 78.1244 17.5
    endloop
  endfacet
  facet normal -0.537342 0.843364 0
    outer loop
      vertex 5.96993 77.4681 17.5
      vertex 7 78.1244 0
      vertex 5.96993 77.4681 0
    endloop
  endfacet
  facet normal 0.20336 0.917519 0.341765
    outer loop
      vertex 99.606 79.4579 18.0765
      vertex 98.4194 79.7209 18.0765
      vertex 99.5546 79.2661 18.622
    endloop
  endfacet
  facet normal -0.917647 0.380086 0.116014
    outer loop
      vertex 1.31169 71.9167 17.5
      vertex 0.907628 70.7652 18.0765
      vertex 1.37277 71.8882 18.0765
    endloop
  endfacet
  facet normal -0.298709 0.947264 0.116035
    outer loop
      vertex 10.3765 79.523 17.5
      vertex 9.21172 79.1557 17.5
      vertex 10.394 79.4579 18.0765
    endloop
  endfacet
  facet normal 0.953778 0.300512 0
    outer loop
      vertex 109.523 69.6235 17.5
      vertex 109.156 70.7883 0
      vertex 109.156 70.7883 17.5
    endloop
  endfacet
  facet normal 0.953778 0.300512 0
    outer loop
      vertex 109.156 70.7883 0
      vertex 109.523 69.6235 17.5
      vertex 109.523 69.6235 0
    endloop
  endfacet
  facet normal 0.251371 -0.797057 0.549102
    outer loop
      vertex 100.697 1.09418 18.622
      vertex 99.4721 1.042 19.107
      vertex 99.5546 0.733896 18.622
    endloop
  endfacet
  facet normal -0.0872 0 0.996191
    outer loop
      vertex 2.06588 66 19.962
      vertex 2.5 14 20
      vertex 2.5 66 20
    endloop
  endfacet
  facet normal -0.0872 0 0.996191
    outer loop
      vertex 2.5 14 20
      vertex 2.06588 66 19.962
      vertex 2.06588 14 19.962
    endloop
  endfacet
  facet normal -0.0334019 0.0806434 0.996183
    outer loop
      vertex 9.91829 77.2144 19.962
      vertex 8.95642 76.816 19.962
      vertex 10.0668 76.8065 20
    endloop
  endfacet
  facet normal -0.180886 0.81595 0.549095
    outer loop
      vertex 11.6151 79.5254 18.622
      vertex 10.5279 78.958 19.107
      vertex 11.6705 79.2113 19.107
    endloop
  endfacet
  facet normal 0.0125189 0.286804 0.957908
    outer loop
      vertex 96 78.4902 19.7955
      vertex 96 77.9341 19.962
      vertex 97.0401 77.8887 19.962
    endloop
  endfacet
  facet normal -0.368899 0.579074 0.72704
    outer loop
      vertex 7.50355 77.2522 19.5053
      vertex 6.30541 76.989 19.107
      vertex 6.54758 76.6432 19.5053
    endloop
  endfacet
  facet normal -0.268807 0.421957 0.86585
    outer loop
      vertex 7.50355 77.2522 19.5053
      vertex 6.54758 76.6432 19.5053
      vertex 6.83592 76.2314 19.7955
    endloop
  endfacet
  facet normal -0.670272 -0.148597 0.727087
    outer loop
      vertex 1.2045 11.7438 19.5053
      vertex 1.042 10.5279 19.107
      vertex 1.44983 10.6372 19.5053
    endloop
  endfacet
  facet normal -0.286813 -0.0125221 0.957905
    outer loop
      vertex 2.06588 14 19.962
      vertex 1.5098 14 19.7955
      vertex 2.11129 12.9599 19.962
    endloop
  endfacet
  facet normal -0.338013 -0.368871 0.865842
    outer loop
      vertex 5.97145 4.43195 19.7955
      vertex 4.81264 4.81264 19.5053
      vertex 5.64833 4.04686 19.5053
    endloop
  endfacet
  facet normal -0.504953 -0.792625 0.341712
    outer loop
      vertex 6.12245 2.7497 18.622
      vertex 6.00858 2.58707 18.0765
      vertex 7.13296 2.10594 18.622
    endloop
  endfacet
  facet normal -0.680675 -0.0896119 0.727084
    outer loop
      vertex 1.05655 12.8676 19.5053
      vertex 0.635938 12.8308 19.107
      vertex 1.2045 11.7438 19.5053
    endloop
  endfacet
  facet normal 0.0644274 -0.0590052 0.996176
    outer loop
      vertex 104.81 6.60794 20
      vertex 104.439 5.5613 19.962
      vertex 105.142 6.3289 19.962
    endloop
  endfacet
  facet normal -0.462243 0.191468 0.865836
    outer loop
      vertex 2.68004 71.2786 19.7955
      vertex 2.22444 71.491 19.5053
      vertex 2.26305 70.2719 19.7955
    endloop
  endfacet
  facet normal -0.298683 -0.947274 0.116021
    outer loop
      vertex 10.394 0.54213 18.0765
      vertex 9.21172 0.844304 17.5
      vertex 10.3765 0.477039 17.5
    endloop
  endfacet
  facet normal -0.109087 -0.828592 0.549123
    outer loop
      vertex 11.6705 0.788695 19.107
      vertex 11.6151 0.47457 18.622
      vertex 12.8308 0.635938 19.107
    endloop
  endfacet
  facet normal -0.634928 -0.692896 0.341705
    outer loop
      vertex 4.28854 4.28854 18.622
      vertex 4.14816 4.14816 18.0765
      vertex 5.04429 3.327 18.0765
    endloop
  endfacet
  facet normal -0.0806363 -0.0333998 0.996184
    outer loop
      vertex 3.19354 10.0668 20
      vertex 2.7856 9.91829 19.962
      vertex 3.18401 8.95642 19.962
    endloop
  endfacet
  facet normal 0.0299475 -0.685901 0.727078
    outer loop
      vertex 96 1.0071 19.5053
      vertex 96 0.584889 19.107
      vertex 97.1692 0.635938 19.107
    endloop
  endfacet
  facet normal -0.499837 -0.0218237 0.865844
    outer loop
      vertex 1.5098 14 19.7955
      vertex 1.0071 14 19.5053
      vertex 1.55733 12.9114 19.7955
    endloop
  endfacet
  facet normal -0.828592 0.109087 0.549123
    outer loop
      vertex 0.788695 68.3295 19.107
      vertex 0.47457 68.3849 18.622
      vertex 0.635938 67.1692 19.107
    endloop
  endfacet
  facet normal -0.923883 0.382675 0
    outer loop
      vertex 0.844304 70.7883 0
      vertex 1.31169 71.9167 17.5
      vertex 1.31169 71.9167 0
    endloop
  endfacet
  facet normal -0.923883 0.382675 0
    outer loop
      vertex 1.31169 71.9167 17.5
      vertex 0.844304 70.7883 0
      vertex 0.844304 70.7883 17.5
    endloop
  endfacet
  facet normal -0.421979 0.268827 0.865833
    outer loop
      vertex 3.76863 73.1641 19.7955
      vertex 2.74782 72.4964 19.5053
      vertex 3.18317 72.2451 19.7955
    endloop
  endfacet
  facet normal -0.833605 0.433952 0.341744
    outer loop
      vertex 1.934 72.9663 18.0765
      vertex 1.37277 71.8882 18.0765
      vertex 2.10594 72.867 18.622
    endloop
  endfacet
  facet normal -0.0436397 0.999047 0
    outer loop
      vertex 14 80 0
      vertex 12.7798 79.9467 17.5
      vertex 14 80 17.5
    endloop
  endfacet
  facet normal -0.0436397 0.999047 0
    outer loop
      vertex 12.7798 79.9467 17.5
      vertex 14 80 0
      vertex 12.7798 79.9467 0
    endloop
  endfacet
  facet normal -0.30074 0.953706 0
    outer loop
      vertex 10.3765 79.523 0
      vertex 9.21172 79.1557 17.5
      vertex 10.3765 79.523 17.5
    endloop
  endfacet
  facet normal -0.30074 0.953706 0
    outer loop
      vertex 9.21172 79.1557 17.5
      vertex 10.3765 79.523 0
      vertex 9.21172 79.1557 0
    endloop
  endfacet
  facet normal -0.991445 0.130525 0
    outer loop
      vertex 0.0532751 67.2202 0
      vertex 0.212692 68.4311 17.5
      vertex 0.212692 68.4311 0
    endloop
  endfacet
  facet normal -0.991445 0.130525 0
    outer loop
      vertex 0.212692 68.4311 17.5
      vertex 0.0532751 67.2202 0
      vertex 0.0532751 67.2202 17.5
    endloop
  endfacet
  facet normal -0.953716 0.30071 0
    outer loop
      vertex 0.477039 69.6235 0
      vertex 0.844304 70.7883 17.5
      vertex 0.844304 70.7883 0
    endloop
  endfacet
  facet normal -0.953716 0.30071 0
    outer loop
      vertex 0.844304 70.7883 17.5
      vertex 0.477039 69.6235 0
      vertex 0.477039 69.6235 17.5
    endloop
  endfacet
  facet normal -0.616194 0.564619 0.5491
    outer loop
      vertex 4.28854 75.7115 18.622
      vertex 3.47908 74.8281 18.622
      vertex 3.72343 74.6231 19.107
    endloop
  endfacet
  facet normal -0.737288 0.675579 0
    outer loop
      vertex 3.27538 74.999 0
      vertex 4.10051 75.8995 17.5
      vertex 4.10051 75.8995 0
    endloop
  endfacet
  facet normal -0.737288 0.675579 0
    outer loop
      vertex 4.10051 75.8995 17.5
      vertex 3.27538 74.999 0
      vertex 3.27538 74.999 17.5
    endloop
  endfacet
  facet normal -0.8377 0.533661 0.116034
    outer loop
      vertex 2.53187 74.0301 17.5
      vertex 1.87564 73 17.5
      vertex 2.58707 73.9914 18.0765
    endloop
  endfacet
  facet normal -0.881021 0.458636 0.115997
    outer loop
      vertex 1.87564 73 17.5
      vertex 1.37277 71.8882 18.0765
      vertex 1.934 72.9663 18.0765
    endloop
  endfacet
  facet normal -0.732297 -0.671035 0.115991
    outer loop
      vertex 4.14816 4.14816 18.0765
      vertex 3.27538 5.00097 17.5
      vertex 4.10051 4.10051 17.5
    endloop
  endfacet
  facet normal -0.608762 -0.793353 0
    outer loop
      vertex 5.00097 3.27538 0
      vertex 5.96993 2.53187 17.5
      vertex 5.00097 3.27538 17.5
    endloop
  endfacet
  facet normal -0.608762 -0.793353 -0
    outer loop
      vertex 5.96993 2.53187 17.5
      vertex 5.00097 3.27538 0
      vertex 5.96993 2.53187 0
    endloop
  endfacet
  facet normal -0.787997 -0.604654 0.115993
    outer loop
      vertex 3.327 5.04429 18.0765
      vertex 2.58707 6.00858 18.0765
      vertex 3.27538 5.00097 17.5
    endloop
  endfacet
  facet normal -0.881027 -0.458626 0.115989
    outer loop
      vertex 1.934 7.03369 18.0765
      vertex 1.37277 8.11182 18.0765
      vertex 1.87564 7 17.5
    endloop
  endfacet
  facet normal -0.976296 -0.216438 0
    outer loop
      vertex 0.477039 10.3765 0
      vertex 0.212692 11.5689 17.5
      vertex 0.212692 11.5689 0
    endloop
  endfacet
  facet normal -0.976296 -0.216438 0
    outer loop
      vertex 0.212692 11.5689 17.5
      vertex 0.477039 10.3765 0
      vertex 0.477039 10.3765 17.5
    endloop
  endfacet
  facet normal 0.675769 0.737113 -0
    outer loop
      vertex 105.899 75.8995 0
      vertex 104.999 76.7246 17.5
      vertex 105.899 75.8995 17.5
    endloop
  endfacet
  facet normal 0.675769 0.737113 0
    outer loop
      vertex 104.999 76.7246 17.5
      vertex 105.899 75.8995 0
      vertex 104.999 76.7246 0
    endloop
  endfacet
  facet normal 0.704961 0.449277 0.548799
    outer loop
      vertex 107.25 73.8775 18.622
      vertex 106.989 73.6946 19.107
      vertex 107.894 72.867 18.622
    endloop
  endfacet
  facet normal -0.84339 -0.537301 0
    outer loop
      vertex 2.53187 5.96993 0
      vertex 1.87564 7 17.5
      vertex 1.87564 7 0
    endloop
  endfacet
  facet normal -0.84339 -0.537301 0
    outer loop
      vertex 1.87564 7 17.5
      vertex 2.53187 5.96993 0
      vertex 2.53187 5.96993 17.5
    endloop
  endfacet
  facet normal -0.837698 -0.533675 0.115989
    outer loop
      vertex 2.58707 6.00858 18.0765
      vertex 1.87564 7 17.5
      vertex 2.53187 5.96993 17.5
    endloop
  endfacet
  facet normal 0.604384 0.788257 0.115633
    outer loop
      vertex 104.999 76.7246 17.5
      vertex 103.991 77.4129 18.0765
      vertex 104.956 76.673 18.0765
    endloop
  endfacet
  facet normal 0.300806 0.953685 -0
    outer loop
      vertex 100.788 79.1557 0
      vertex 99.6235 79.523 17.5
      vertex 100.788 79.1557 17.5
    endloop
  endfacet
  facet normal 0.300806 0.953685 0
    outer loop
      vertex 99.6235 79.523 17.5
      vertex 100.788 79.1557 0
      vertex 99.6235 79.523 0
    endloop
  endfacet
  facet normal -0.130512 0.991447 0
    outer loop
      vertex 12.7798 79.9467 0
      vertex 11.5689 79.7873 17.5
      vertex 12.7798 79.9467 17.5
    endloop
  endfacet
  facet normal -0.130512 0.991447 0
    outer loop
      vertex 11.5689 79.7873 17.5
      vertex 12.7798 79.9467 0
      vertex 11.5689 79.7873 0
    endloop
  endfacet
  facet normal 0.180886 0.81595 0.549095
    outer loop
      vertex 98.3849 79.5254 18.622
      vertex 98.3295 79.2113 19.107
      vertex 99.4721 78.958 19.107
    endloop
  endfacet
  facet normal 0.745605 0.572175 0.341598
    outer loop
      vertex 106.673 74.9557 18.0765
      vertex 106.521 74.8281 18.622
      vertex 107.413 73.9914 18.0765
    endloop
  endfacet
  facet normal -0.0402947 0.0774133 0.996184
    outer loop
      vertex 8.95642 76.816 19.962
      vertex 8.25 75.9593 20
      vertex 9.13989 76.4225 20
    endloop
  endfacet
  facet normal -0.073608 0.046897 0.996184
    outer loop
      vertex 4.22414 72.8451 19.962
      vertex 3.66475 71.9671 19.962
      vertex 4.04071 71.75 20
    endloop
  endfacet
  facet normal 0.654566 0.20644 0.727273
    outer loop
      vertex 108.606 70.5882 19.107
      vertex 108.209 70.4438 19.5053
      vertex 108.958 69.4721 19.107
    endloop
  endfacet
  facet normal 0.692727 0.635169 0.341599
    outer loop
      vertex 106.673 74.9557 18.0765
      vertex 105.711 75.7115 18.622
      vertex 106.521 74.8281 18.622
    endloop
  endfacet
  facet normal 0 -0.0872 0.996191
    outer loop
      vertex 14 2.5 20
      vertex 96 2.06588 19.962
      vertex 96 2.5 20
    endloop
  endfacet
  facet normal 0 -0.0872 0.996191
    outer loop
      vertex 96 2.06588 19.962
      vertex 14 2.5 20
      vertex 14 2.06588 19.962
    endloop
  endfacet
  facet normal 0.881019 -0.458669 0.11588
    outer loop
      vertex 108.627 8.11182 18.0765
      vertex 108.124 7 17.5
      vertex 108.688 8.08334 17.5
    endloop
  endfacet
  facet normal 0.896477 -0.283042 0.340904
    outer loop
      vertex 109.458 10.394 18.0765
      vertex 108.906 9.30267 18.622
      vertex 109.092 9.23477 18.0765
    endloop
  endfacet
  facet normal 0.279848 0.062219 0.958026
    outer loop
      vertex 108.065 69.2327 19.7955
      vertex 107.527 69.0888 19.962
      vertex 107.753 68.0723 19.962
    endloop
  endfacet
  facet normal 0.0188993 0.0852207 0.996183
    outer loop
      vertex 98.0723 77.7528 19.962
      vertex 97.997 77.3253 20
      vertex 98.9764 77.1081 20
    endloop
  endfacet
  facet normal 0.211673 -0.193927 0.957908
    outer loop
      vertex 105.142 6.3289 19.962
      vertex 104.832 5.1681 19.7955
      vertex 105.568 5.97145 19.7955
    endloop
  endfacet
  facet normal 0.681336 -0.0898426 0.726437
    outer loop
      vertex 109.364 12.8308 19.107
      vertex 108.796 11.7438 19.5053
      vertex 109.211 11.6705 19.107
    endloop
  endfacet
  facet normal 0.086444 -0.0113845 0.996192
    outer loop
      vertex 107.456 12.9977 20
      vertex 107.325 12.003 20
      vertex 107.753 11.9277 19.962
    endloop
  endfacet
  facet normal 0.487855 -0.10777 0.866246
    outer loop
      vertex 108.3 11.8311 19.7955
      vertex 108.065 10.7673 19.7955
      vertex 108.796 11.7438 19.5053
    endloop
  endfacet
  facet normal 0.787926 0.604652 0.116485
    outer loop
      vertex 106.725 74.999 17.5
      vertex 106.673 74.9557 18.0765
      vertex 107.413 73.9914 18.0765
    endloop
  endfacet
  facet normal 0.686391 0 0.727233
    outer loop
      vertex 108.993 66 19.5053
      vertex 109.415 14 19.107
      vertex 109.415 66 19.107
    endloop
  endfacet
  facet normal 0.686391 0 0.727233
    outer loop
      vertex 109.415 14 19.107
      vertex 108.993 66 19.5053
      vertex 108.993 14 19.5053
    endloop
  endfacet
  facet normal 0.788201 0.604431 0.115772
    outer loop
      vertex 107.468 74.0301 17.5
      vertex 106.725 74.999 17.5
      vertex 107.413 73.9914 18.0765
    endloop
  endfacet
  facet normal 0.837813 0.533546 0.115747
    outer loop
      vertex 107.468 74.0301 17.5
      vertex 107.413 73.9914 18.0765
      vertex 108.124 73 17.5
    endloop
  endfacet
  facet normal 0.999058 0.0433946 0
    outer loop
      vertex 110 66 17.5
      vertex 109.947 67.2202 0
      vertex 109.947 67.2202 17.5
    endloop
  endfacet
  facet normal 0.999058 0.0433946 0
    outer loop
      vertex 109.947 67.2202 0
      vertex 110 66 17.5
      vertex 110 66 0
    endloop
  endfacet
  facet normal 0.500406 0.0220949 0.865509
    outer loop
      vertex 108.943 67.1324 19.5053
      vertex 108.443 67.0886 19.7955
      vertex 108.993 66 19.5053
    endloop
  endfacet
  facet normal 0.284609 0.0374993 0.95791
    outer loop
      vertex 108.443 67.0886 19.7955
      vertex 107.753 68.0723 19.962
      vertex 107.889 67.0401 19.962
    endloop
  endfacet
  facet normal 0.609277 -0.31754 0.726602
    outer loop
      vertex 107.776 8.50897 19.5053
      vertex 107.252 7.50355 19.5053
      vertex 108.158 8.33053 19.107
    endloop
  endfacet
  facet normal 0.931435 -0.123104 0.342453
    outer loop
      vertex 109.682 12.803 18.622
      vertex 109.525 11.6151 18.622
      vertex 109.721 11.5806 18.0765
    endloop
  endfacet
  facet normal 0.969732 -0.214933 0.115861
    outer loop
      vertex 109.721 11.5806 18.0765
      vertex 109.458 10.394 18.0765
      vertex 109.523 10.3765 17.5
    endloop
  endfacet
  facet normal 0.63408 -0.262727 0.727267
    outer loop
      vertex 108.209 9.55617 19.5053
      vertex 108.158 8.33053 19.107
      vertex 108.606 9.41176 19.107
    endloop
  endfacet
  facet normal 0.262832 -0.634397 0.726952
    outer loop
      vertex 101.669 1.84178 19.107
      vertex 100.444 1.79067 19.5053
      vertex 100.588 1.39392 19.107
    endloop
  endfacet
  facet normal -0.0262467 -0.0832404 0.996184
    outer loop
      vertex 10.0668 3.19354 20
      vertex 9.91829 2.7856 19.962
      vertex 11.0236 2.89185 20
    endloop
  endfacet
  facet normal 0.741425 0.385817 0.549031
    outer loop
      vertex 108.447 71.8043 18.622
      vertex 107.894 72.867 18.622
      vertex 108.158 71.6695 19.107
    endloop
  endfacet
  facet normal 0.745612 -0.571828 0.342161
    outer loop
      vertex 107.25 6.12245 18.622
      vertex 106.521 5.1719 18.622
      vertex 107.413 6.00858 18.0765
    endloop
  endfacet
  facet normal 0.417459 -0.544496 0.727497
    outer loop
      vertex 104.352 4.04686 19.5053
      vertex 103.452 3.35684 19.5053
      vertex 103.695 3.01098 19.107
    endloop
  endfacet
  facet normal 0.0364545 -0.834947 0.549121
    outer loop
      vertex 97.1692 0.635938 19.107
      vertex 96 0.265919 18.622
      vertex 97.197 0.318181 18.622
    endloop
  endfacet
  facet normal 0.193946 -0.211767 0.957883
    outer loop
      vertex 104.439 5.5613 19.962
      vertex 103.671 4.85793 19.962
      vertex 104.832 5.1681 19.7955
    endloop
  endfacet
  facet normal -0.227747 0.174767 0.957908
    outer loop
      vertex 4.43195 74.0285 19.7955
      vertex 3.76863 73.1641 19.7955
      vertex 4.22414 72.8451 19.962
    endloop
  endfacet
  facet normal 0.0188934 -0.0852177 0.996183
    outer loop
      vertex 98.9764 2.89185 20
      vertex 97.997 2.67471 20
      vertex 98.0723 2.24719 19.962
    endloop
  endfacet
  facet normal 0.0113926 -0.0865389 0.996183
    outer loop
      vertex 97.997 2.67471 20
      vertex 97.0023 2.54376 20
      vertex 98.0723 2.24719 19.962
    endloop
  endfacet
  facet normal -0.461716 0.887028 0
    outer loop
      vertex 8.08334 78.6883 0
      vertex 7 78.1244 17.5
      vertex 8.08334 78.6883 17.5
    endloop
  endfacet
  facet normal -0.461716 0.887028 0
    outer loop
      vertex 7 78.1244 17.5
      vertex 8.08334 78.6883 0
      vertex 7 78.1244 0
    endloop
  endfacet
  facet normal -0.463859 0.506186 0.727056
    outer loop
      vertex 5.37693 76.2766 19.107
      vertex 4.51408 75.4859 19.107
      vertex 4.81264 75.1874 19.5053
    endloop
  endfacet
  facet normal -0.692907 0.63496 0.341623
    outer loop
      vertex 4.14816 75.8518 18.0765
      vertex 3.327 74.9557 18.0765
      vertex 4.28854 75.7115 18.622
    endloop
  endfacet
  facet normal -0.499956 0 0.866051
    outer loop
      vertex 1.0071 66 19.5053
      vertex 1.5098 14 19.7955
      vertex 1.5098 66 19.7955
    endloop
  endfacet
  facet normal -0.499956 0 0.866051
    outer loop
      vertex 1.5098 14 19.7955
      vertex 1.0071 66 19.5053
      vertex 1.0071 14 19.5053
    endloop
  endfacet
  facet normal 0.0403157 0.0774108 0.996184
    outer loop
      vertex 101.967 76.3353 19.962
      vertex 101.044 76.816 19.962
      vertex 101.75 75.9593 20
    endloop
  endfacet
  facet normal -0.227774 0.174771 0.957901
    outer loop
      vertex 4.43195 74.0285 19.7955
      vertex 4.22414 72.8451 19.962
      vertex 4.85793 73.6711 19.962
    endloop
  endfacet
  facet normal -0.129682 0.984753 0.115945
    outer loop
      vertex 12.7798 79.9467 17.5
      vertex 11.5806 79.7209 18.0765
      vertex 12.7857 79.8796 18.0765
    endloop
  endfacet
  facet normal -0.0364829 0.834991 0.549053
    outer loop
      vertex 14 79.7341 18.622
      vertex 12.803 79.6818 18.622
      vertex 12.8308 79.3641 19.107
    endloop
  endfacet
  facet normal 0.180879 0.815946 0.549104
    outer loop
      vertex 99.5546 79.2661 18.622
      vertex 98.3849 79.5254 18.622
      vertex 99.4721 78.958 19.107
    endloop
  endfacet
  facet normal 0.0364191 0.834925 0.549157
    outer loop
      vertex 96 79.7341 18.622
      vertex 96 79.4151 19.107
      vertex 97.1692 79.3641 19.107
    endloop
  endfacet
  facet normal 0.148593 0.670282 0.727078
    outer loop
      vertex 98.3295 79.2113 19.107
      vertex 98.2562 78.7955 19.5053
      vertex 99.4721 78.958 19.107
    endloop
  endfacet
  facet normal 0.262837 0.634353 0.726989
    outer loop
      vertex 100.588 78.6061 19.107
      vertex 100.444 78.2093 19.5053
      vertex 101.669 78.1582 19.107
    endloop
  endfacet
  facet normal -0 0.499956 0.866051
    outer loop
      vertex 14 78.9929 19.5053
      vertex 96 78.4902 19.7955
      vertex 96 78.9929 19.5053
    endloop
  endfacet
  facet normal 0 0.499956 0.866051
    outer loop
      vertex 96 78.4902 19.7955
      vertex 14 78.9929 19.5053
      vertex 14 78.4902 19.7955
    endloop
  endfacet
  facet normal -0.108264 0.488429 0.865861
    outer loop
      vertex 11.7438 78.7955 19.5053
      vertex 10.7673 78.0646 19.7955
      vertex 11.8311 78.3004 19.7955
    endloop
  endfacet
  facet normal -0.634286 -0.262733 0.727085
    outer loop
      vertex 2.22444 8.50897 19.5053
      vertex 1.79067 9.55617 19.5053
      vertex 1.84178 8.33053 19.107
    endloop
  endfacet
  facet normal 0.254654 -0.13253 0.957908
    outer loop
      vertex 107.32 8.72141 19.7955
      vertex 106.816 8.95642 19.962
      vertex 106.817 7.7549 19.7955
    endloop
  endfacet
  facet normal -0.0621294 0.280294 0.957902
    outer loop
      vertex 11.8311 78.3004 19.7955
      vertex 10.7673 78.0646 19.7955
      vertex 11.9277 77.7528 19.962
    endloop
  endfacet
  facet normal 0.282648 -0.896281 0.341747
    outer loop
      vertex 100.697 1.09418 18.622
      vertex 99.606 0.54213 18.0765
      vertex 100.765 0.907628 18.0765
    endloop
  endfacet
  facet normal 0.122702 0.931748 0.341746
    outer loop
      vertex 97.2143 79.8796 18.0765
      vertex 97.197 79.6818 18.622
      vertex 98.4194 79.7209 18.0765
    endloop
  endfacet
  facet normal -0.148585 0.6703 0.727062
    outer loop
      vertex 11.7438 78.7955 19.5053
      vertex 10.5279 78.958 19.107
      vertex 10.6372 78.5502 19.5053
    endloop
  endfacet
  facet normal -0.953714 -0.300714 0
    outer loop
      vertex 0.844304 9.21172 0
      vertex 0.477039 10.3765 17.5
      vertex 0.477039 10.3765 0
    endloop
  endfacet
  facet normal -0.953714 -0.300714 0
    outer loop
      vertex 0.477039 10.3765 17.5
      vertex 0.844304 9.21172 0
      vertex 0.844304 9.21172 17.5
    endloop
  endfacet
  facet normal -0.449013 0.704825 0.549189
    outer loop
      vertex 7.13296 77.8941 18.622
      vertex 6.30541 76.989 19.107
      vertex 7.29245 77.6178 19.107
    endloop
  endfacet
  facet normal -0.154245 0.242139 0.957902
    outer loop
      vertex 7.7549 76.8168 19.7955
      vertex 6.83592 76.2314 19.7955
      vertex 7.15487 75.7759 19.962
    endloop
  endfacet
  facet normal -0.0468936 0.0736071 0.996184
    outer loop
      vertex 8.03294 76.3353 19.962
      vertex 7.15487 75.7759 19.962
      vertex 8.25 75.9593 20
    endloop
  endfacet
  facet normal 0.265226 0.109863 0.957907
    outer loop
      vertex 107.32 71.2786 19.7955
      vertex 106.816 71.0436 19.962
      vertex 107.737 70.2719 19.7955
    endloop
  endfacet
  facet normal -0.242128 -0.154254 0.957904
    outer loop
      vertex 4.22414 7.15487 19.962
      vertex 3.18317 7.7549 19.7955
      vertex 3.76863 6.83592 19.7955
    endloop
  endfacet
  facet normal -0.380109 0.917645 0.115956
    outer loop
      vertex 9.21172 79.1557 17.5
      vertex 8.08334 78.6883 17.5
      vertex 9.23477 79.0924 18.0765
    endloop
  endfacet
  facet normal -0.319859 0.77214 0.54908
    outer loop
      vertex 9.30267 78.9058 18.622
      vertex 8.33053 78.1582 19.107
      vertex 9.41176 78.6061 19.107
    endloop
  endfacet
  facet normal -0.262737 0.634247 0.727118
    outer loop
      vertex 9.41176 78.6061 19.107
      vertex 8.33053 78.1582 19.107
      vertex 9.55617 78.2093 19.5053
    endloop
  endfacet
  facet normal -0.132572 0.254635 0.957907
    outer loop
      vertex 8.72141 77.32 19.7955
      vertex 7.7549 76.8168 19.7955
      vertex 8.95642 76.816 19.962
    endloop
  endfacet
  facet normal -0.319816 0.772119 0.549136
    outer loop
      vertex 9.30267 78.9058 18.622
      vertex 8.19573 78.4473 18.622
      vertex 8.33053 78.1582 19.107
    endloop
  endfacet
  facet normal -0.449055 0.704837 0.54914
    outer loop
      vertex 7.13296 77.8941 18.622
      vertex 6.12245 77.2503 18.622
      vertex 6.30541 76.989 19.107
    endloop
  endfacet
  facet normal -0.506178 0.463828 0.727081
    outer loop
      vertex 4.81264 75.1874 19.5053
      vertex 3.72343 74.6231 19.107
      vertex 4.04686 74.3517 19.5053
    endloop
  endfacet
  facet normal -0.304586 0.396904 0.865849
    outer loop
      vertex 6.54758 76.6432 19.5053
      vertex 5.97145 75.568 19.7955
      vertex 6.83592 76.2314 19.7955
    endloop
  endfacet
  facet normal -0.663039 -0.508769 0.54912
    outer loop
      vertex 3.01098 6.30541 19.107
      vertex 2.7497 6.12245 18.622
      vertex 3.72343 5.37693 19.107
    endloop
  endfacet
  facet normal -0.506176 -0.463831 0.727081
    outer loop
      vertex 4.04686 5.64833 19.5053
      vertex 3.72343 5.37693 19.107
      vertex 4.81264 4.81264 19.5053
    endloop
  endfacet
  facet normal -0.0852135 -0.0188903 0.996184
    outer loop
      vertex 2.89185 11.0236 20
      vertex 2.24719 11.9277 19.962
      vertex 2.47253 10.9112 19.962
    endloop
  endfacet
  facet normal -0.28463 -0.0374745 0.957905
    outer loop
      vertex 2.11129 12.9599 19.962
      vertex 1.55733 12.9114 19.7955
      vertex 2.24719 11.9277 19.962
    endloop
  endfacet
  facet normal -0.304566 -0.396925 0.865846
    outer loop
      vertex 6.83592 3.76863 19.7955
      vertex 5.97145 4.43195 19.7955
      vertex 6.54758 3.35684 19.5053
    endloop
  endfacet
  facet normal -0.368884 -0.579032 0.727081
    outer loop
      vertex 6.54758 3.35684 19.5053
      vertex 6.30541 3.01098 19.107
      vertex 7.50355 2.74782 19.5053
    endloop
  endfacet
  facet normal -0.797059 -0.251313 0.549126
    outer loop
      vertex 1.39392 9.41176 19.107
      vertex 1.042 10.5279 19.107
      vertex 1.09418 9.30267 18.622
    endloop
  endfacet
  facet normal -0.704861 -0.449042 0.549119
    outer loop
      vertex 3.01098 6.30541 19.107
      vertex 2.10594 7.13296 18.622
      vertex 2.7497 6.12245 18.622
    endloop
  endfacet
  facet normal -0.0643454 0.058967 0.996184
    outer loop
      vertex 5.5613 74.4387 19.962
      vertex 5.19049 73.3921 20
      vertex 5.86827 74.1317 20
    endloop
  endfacet
  facet normal 0.0402682 0.0773719 0.996189
    outer loop
      vertex 101.044 76.816 19.962
      vertex 100.86 76.4225 20
      vertex 101.75 75.9593 20
    endloop
  endfacet
  facet normal -0.0113889 0.0865436 0.996183
    outer loop
      vertex 12.9977 77.4562 20
      vertex 11.9277 77.7528 19.962
      vertex 12.003 77.3253 20
    endloop
  endfacet
  facet normal -0.0692507 0.0531361 0.996183
    outer loop
      vertex 4.85793 73.6711 19.962
      vertex 4.22414 72.8451 19.962
      vertex 5.19049 73.3921 20
    endloop
  endfacet
  facet normal -0.463818 -0.506173 0.727091
    outer loop
      vertex 4.81264 4.81264 19.5053
      vertex 4.51408 4.51408 19.107
      vertex 5.37693 3.72343 19.107
    endloop
  endfacet
  facet normal -0.506173 -0.463818 0.727091
    outer loop
      vertex 4.81264 4.81264 19.5053
      vertex 3.72343 5.37693 19.107
      vertex 4.51408 4.51408 19.107
    endloop
  endfacet
  facet normal -0.043325 -0.992305 0.115993
    outer loop
      vertex 12.7857 0.120406 18.0765
      vertex 12.7798 0.0532751 17.5
      vertex 14 0 17.5
    endloop
  endfacet
  facet normal -0.148595 -0.670277 0.727082
    outer loop
      vertex 11.7438 1.2045 19.5053
      vertex 10.5279 1.042 19.107
      vertex 11.6705 0.788695 19.107
    endloop
  endfacet
  facet normal -0.634929 -0.692895 0.341703
    outer loop
      vertex 5.1719 3.47908 18.622
      vertex 4.28854 4.28854 18.622
      vertex 5.04429 3.327 18.0765
    endloop
  endfacet
  facet normal -0.604653 -0.787998 0.115988
    outer loop
      vertex 6.00858 2.58707 18.0765
      vertex 5.00097 3.27538 17.5
      vertex 5.96993 2.53187 17.5
    endloop
  endfacet
  facet normal -0.533675 -0.837698 0.115989
    outer loop
      vertex 7.03369 1.934 18.0765
      vertex 6.00858 2.58707 18.0765
      vertex 7 1.87564 17.5
    endloop
  endfacet
  facet normal -0.461748 -0.887011 0
    outer loop
      vertex 7 1.87564 0
      vertex 8.08334 1.31169 17.5
      vertex 7 1.87564 17.5
    endloop
  endfacet
  facet normal -0.461748 -0.887011 -0
    outer loop
      vertex 8.08334 1.31169 17.5
      vertex 7 1.87564 0
      vertex 8.08334 1.31169 0
    endloop
  endfacet
  facet normal -0.496039 -0.0653044 0.865841
    outer loop
      vertex 1.55733 12.9114 19.7955
      vertex 1.05655 12.8676 19.5053
      vertex 1.2045 11.7438 19.5053
    endloop
  endfacet
  facet normal -0.984753 -0.129644 0.115991
    outer loop
      vertex 0.279056 11.5806 18.0765
      vertex 0.0532751 12.7798 17.5
      vertex 0.212692 11.5689 17.5
    endloop
  endfacet
  facet normal -0.947281 -0.298672 0.115993
    outer loop
      vertex 0.907628 9.23477 18.0765
      vertex 0.54213 10.394 18.0765
      vertex 0.844304 9.21172 17.5
    endloop
  endfacet
  facet normal -0.938911 0.0409936 0.341709
    outer loop
      vertex 0.318181 67.197 18.622
      vertex 0.120406 67.2143 18.0765
      vertex 0.265919 66 18.622
    endloop
  endfacet
  facet normal -0.843397 0.53729 0
    outer loop
      vertex 1.87564 73 0
      vertex 2.53187 74.0301 17.5
      vertex 2.53187 74.0301 0
    endloop
  endfacet
  facet normal -0.843397 0.53729 0
    outer loop
      vertex 2.53187 74.0301 17.5
      vertex 1.87564 73 0
      vertex 1.87564 73 17.5
    endloop
  endfacet
  facet normal -0.069248 0.0531313 0.996184
    outer loop
      vertex 5.19049 73.3921 20
      vertex 4.22414 72.8451 19.962
      vertex 4.57975 72.5961 20
    endloop
  endfacet
  facet normal -0.792616 0.504952 0.341736
    outer loop
      vertex 2.58707 73.9914 18.0765
      vertex 2.10594 72.867 18.622
      vertex 2.7497 73.8775 18.622
    endloop
  endfacet
  facet normal -0.608953 0.317002 0.727108
    outer loop
      vertex 2.74782 72.4964 19.5053
      vertex 1.84178 71.6695 19.107
      vertex 2.22444 71.491 19.5053
    endloop
  endfacet
  facet normal -0.732307 0.671014 0.116048
    outer loop
      vertex 4.10051 75.8995 17.5
      vertex 3.27538 74.999 17.5
      vertex 4.14816 75.8518 18.0765
    endloop
  endfacet
  facet normal -0.671017 0.732303 0.116053
    outer loop
      vertex 5.00097 76.7246 17.5
      vertex 4.10051 75.8995 17.5
      vertex 4.14816 75.8518 18.0765
    endloop
  endfacet
  facet normal -0.732288 0.671048 0.115971
    outer loop
      vertex 4.14816 75.8518 18.0765
      vertex 3.27538 74.999 17.5
      vertex 3.327 74.9557 18.0765
    endloop
  endfacet
  facet normal -0.692912 0.634916 0.341693
    outer loop
      vertex 4.28854 75.7115 18.622
      vertex 3.327 74.9557 18.0765
      vertex 3.47908 74.8281 18.622
    endloop
  endfacet
  facet normal -0.737273 -0.675595 0
    outer loop
      vertex 4.10051 4.10051 0
      vertex 3.27538 5.00097 17.5
      vertex 3.27538 5.00097 0
    endloop
  endfacet
  facet normal -0.737273 -0.675595 0
    outer loop
      vertex 3.27538 5.00097 17.5
      vertex 4.10051 4.10051 0
      vertex 4.10051 4.10051 17.5
    endloop
  endfacet
  facet normal -0.887004 0.461761 0
    outer loop
      vertex 1.31169 71.9167 0
      vertex 1.87564 73 17.5
      vertex 1.87564 73 0
    endloop
  endfacet
  facet normal -0.887004 0.461761 0
    outer loop
      vertex 1.87564 73 17.5
      vertex 1.31169 71.9167 0
      vertex 1.31169 71.9167 17.5
    endloop
  endfacet
  facet normal -0.741308 0.385924 0.549113
    outer loop
      vertex 2.10594 72.867 18.622
      vertex 1.5527 71.8043 18.622
      vertex 1.84178 71.6695 19.107
    endloop
  endfacet
  facet normal -0.837695 0.533678 0.115998
    outer loop
      vertex 2.58707 73.9914 18.0765
      vertex 1.87564 73 17.5
      vertex 1.934 72.9663 18.0765
    endloop
  endfacet
  facet normal -0.564622 -0.616182 0.54911
    outer loop
      vertex 4.51408 4.51408 19.107
      vertex 4.28854 4.28854 18.622
      vertex 5.37693 3.72343 19.107
    endloop
  endfacet
  facet normal -0.616182 -0.564622 0.54911
    outer loop
      vertex 4.51408 4.51408 19.107
      vertex 3.72343 5.37693 19.107
      vertex 4.28854 4.28854 18.622
    endloop
  endfacet
  facet normal -0.837698 -0.533675 0.115989
    outer loop
      vertex 1.934 7.03369 18.0765
      vertex 1.87564 7 17.5
      vertex 2.58707 6.00858 18.0765
    endloop
  endfacet
  facet normal -0.787998 -0.604653 0.115988
    outer loop
      vertex 2.58707 6.00858 18.0765
      vertex 2.53187 5.96993 17.5
      vertex 3.27538 5.00097 17.5
    endloop
  endfacet
  facet normal -0.654776 -0.206452 0.72708
    outer loop
      vertex 1.79067 9.55617 19.5053
      vertex 1.042 10.5279 19.107
      vertex 1.39392 9.41176 19.107
    endloop
  endfacet
  facet normal -0.969702 0.214987 0.116012
    outer loop
      vertex 0.477039 69.6235 17.5
      vertex 0.279056 68.4194 18.0765
      vertex 0.54213 69.606 18.0765
    endloop
  endfacet
  facet normal -0.931764 -0.122668 0.341714
    outer loop
      vertex 0.318181 12.803 18.622
      vertex 0.279056 11.5806 18.0765
      vertex 0.47457 11.6151 18.622
    endloop
  endfacet
  facet normal -0.976296 0.216438 0
    outer loop
      vertex 0.212692 68.4311 0
      vertex 0.477039 69.6235 17.5
      vertex 0.477039 69.6235 0
    endloop
  endfacet
  facet normal -0.976296 0.216438 0
    outer loop
      vertex 0.477039 69.6235 17.5
      vertex 0.212692 68.4311 0
      vertex 0.212692 68.4311 17.5
    endloop
  endfacet
  facet normal 0.338187 0.368794 0.865806
    outer loop
      vertex 104.352 75.9531 19.5053
      vertex 104.029 75.568 19.7955
      vertex 105.187 75.1874 19.5053
    endloop
  endfacet
  facet normal 0.417515 0.544506 0.727458
    outer loop
      vertex 103.695 76.989 19.107
      vertex 103.452 76.6432 19.5053
      vertex 104.352 75.9531 19.5053
    endloop
  endfacet
  facet normal 0.608741 0.793369 -0
    outer loop
      vertex 104.999 76.7246 0
      vertex 104.03 77.4681 17.5
      vertex 104.999 76.7246 17.5
    endloop
  endfacet
  facet normal 0.608741 0.793369 0
    outer loop
      vertex 104.03 77.4681 17.5
      vertex 104.999 76.7246 0
      vertex 104.03 77.4681 0
    endloop
  endfacet
  facet normal 0.251365 0.797096 0.549048
    outer loop
      vertex 100.697 78.9058 18.622
      vertex 99.4721 78.958 19.107
      vertex 100.588 78.6061 19.107
    endloop
  endfacet
  facet normal 0.458634 0.880983 0.116293
    outer loop
      vertex 103 78.1244 17.5
      vertex 101.888 78.6272 18.0765
      vertex 102.966 78.066 18.0765
    endloop
  endfacet
  facet normal 0.284888 -0.0377109 0.957819
    outer loop
      vertex 108.443 12.9114 19.7955
      vertex 107.753 11.9277 19.962
      vertex 108.3 11.8311 19.7955
    endloop
  endfacet
  facet normal -0.0852177 -0.0188934 0.996183
    outer loop
      vertex 2.67471 12.003 20
      vertex 2.24719 11.9277 19.962
      vertex 2.89185 11.0236 20
    endloop
  endfacet
  facet normal 0.0872239 0 0.996189
    outer loop
      vertex 107.5 66 20
      vertex 107.934 14 19.962
      vertex 107.934 66 19.962
    endloop
  endfacet
  facet normal 0.0872239 0 0.996189
    outer loop
      vertex 107.934 14 19.962
      vertex 107.5 66 20
      vertex 107.5 14 20
    endloop
  endfacet
  facet normal 0.670972 0.14857 0.726446
    outer loop
      vertex 108.958 69.4721 19.107
      vertex 108.796 68.2562 19.5053
      vertex 109.211 68.3295 19.107
    endloop
  endfacet
  facet normal 0.0851285 0.0188614 0.996191
    outer loop
      vertex 107.753 68.0723 19.962
      vertex 107.108 68.9764 20
      vertex 107.325 67.997 20
    endloop
  endfacet
  facet normal 0.0872233 -0.00377372 0.996182
    outer loop
      vertex 107.934 14 19.962
      vertex 107.5 14 20
      vertex 107.889 12.9599 19.962
    endloop
  endfacet
  facet normal 0.286852 -0.0124107 0.957895
    outer loop
      vertex 107.934 14 19.962
      vertex 107.889 12.9599 19.962
      vertex 108.49 14 19.7955
    endloop
  endfacet
  facet normal 0.273609 -0.086251 0.957966
    outer loop
      vertex 107.527 10.9112 19.962
      vertex 107.214 9.91829 19.962
      vertex 107.737 9.7281 19.7955
    endloop
  endfacet
  facet normal 0.0589504 -0.064362 0.996184
    outer loop
      vertex 104.132 5.86827 20
      vertex 103.392 5.19049 20
      vertex 104.439 5.5613 19.962
    endloop
  endfacet
  facet normal 0.0113934 -0.0865362 0.996184
    outer loop
      vertex 98.0723 2.24719 19.962
      vertex 97.0023 2.54376 20
      vertex 97.0401 2.11129 19.962
    endloop
  endfacet
  facet normal 0.796854 -0.251306 0.549425
    outer loop
      vertex 108.958 10.5279 19.107
      vertex 108.606 9.41176 19.107
      vertex 108.906 9.30267 18.622
    endloop
  endfacet
  facet normal 0.443872 -0.231335 0.865715
    outer loop
      vertex 107.776 8.50897 19.5053
      vertex 106.817 7.7549 19.7955
      vertex 107.252 7.50355 19.5053
    endloop
  endfacet
  facet normal 0.704931 -0.449223 0.548882
    outer loop
      vertex 107.618 7.29245 19.107
      vertex 106.989 6.30541 19.107
      vertex 107.894 7.13296 18.622
    endloop
  endfacet
  facet normal 0.917697 -0.380007 0.115875
    outer loop
      vertex 109.092 9.23477 18.0765
      vertex 108.627 8.11182 18.0765
      vertex 108.688 8.08334 17.5
    endloop
  endfacet
  facet normal 0.704955 0.449257 0.548823
    outer loop
      vertex 107.894 72.867 18.622
      vertex 106.989 73.6946 19.107
      vertex 107.618 72.7076 19.107
    endloop
  endfacet
  facet normal 0.227938 0.17483 0.957851
    outer loop
      vertex 106.231 73.1641 19.7955
      vertex 105.568 74.0285 19.7955
      vertex 105.776 72.8451 19.962
    endloop
  endfacet
  facet normal 0.609253 0.317534 0.726624
    outer loop
      vertex 108.158 71.6695 19.107
      vertex 107.252 72.4964 19.5053
      vertex 107.776 71.491 19.5053
    endloop
  endfacet
  facet normal 0.477529 0.150636 0.865607
    outer loop
      vertex 108.209 70.4438 19.5053
      vertex 108.065 69.2327 19.7955
      vertex 108.55 69.3628 19.5053
    endloop
  endfacet
  facet normal 0.732024 0.671462 0.115237
    outer loop
      vertex 105.899 75.8995 17.5
      vertex 105.852 75.8518 18.0765
      vertex 106.725 74.999 17.5
    endloop
  endfacet
  facet normal 0.793536 0.608523 0
    outer loop
      vertex 107.468 74.0301 17.5
      vertex 106.725 74.999 0
      vertex 106.725 74.999 17.5
    endloop
  endfacet
  facet normal 0.793536 0.608523 0
    outer loop
      vertex 106.725 74.999 0
      vertex 107.468 74.0301 17.5
      vertex 107.468 74.0301 0
    endloop
  endfacet
  facet normal 0.671262 0.732197 0.115308
    outer loop
      vertex 105.899 75.8995 17.5
      vertex 104.999 76.7246 17.5
      vertex 105.852 75.8518 18.0765
    endloop
  endfacet
  facet normal 0.797204 0.251154 0.548988
    outer loop
      vertex 109.266 69.5546 18.622
      vertex 108.906 70.6973 18.622
      vertex 108.958 69.4721 19.107
    endloop
  endfacet
  facet normal 0.917352 0.380469 0.117085
    outer loop
      vertex 109.156 70.7883 17.5
      vertex 108.688 71.9167 17.5
      vertex 109.092 70.7652 18.0765
    endloop
  endfacet
  facet normal 0.772066 0.320125 0.549031
    outer loop
      vertex 108.447 71.8043 18.622
      vertex 108.158 71.6695 19.107
      vertex 108.906 70.6973 18.622
    endloop
  endfacet
  facet normal 0.969835 0.214724 0.115388
    outer loop
      vertex 109.787 68.4311 17.5
      vertex 109.523 69.6235 17.5
      vertex 109.721 68.4194 18.0765
    endloop
  endfacet
  facet normal 0.828354 0.10948 0.549403
    outer loop
      vertex 109.525 68.3849 18.622
      vertex 109.364 67.1692 19.107
      vertex 109.682 67.197 18.622
    endloop
  endfacet
  facet normal 0.680408 0.0890016 0.727409
    outer loop
      vertex 109.364 67.1692 19.107
      vertex 108.796 68.2562 19.5053
      vertex 108.943 67.1324 19.5053
    endloop
  endfacet
  facet normal 0.917353 -0.380476 0.117052
    outer loop
      vertex 109.092 9.23477 18.0765
      vertex 108.688 8.08334 17.5
      vertex 109.156 9.21172 17.5
    endloop
  endfacet
  facet normal 0.463603 -0.506025 0.727331
    outer loop
      vertex 105.187 4.81264 19.5053
      vertex 104.623 3.72343 19.107
      vertex 105.486 4.51408 19.107
    endloop
  endfacet
  facet normal 0.42185 -0.268739 0.865922
    outer loop
      vertex 107.252 7.50355 19.5053
      vertex 106.231 6.83592 19.7955
      vertex 106.643 6.54758 19.5053
    endloop
  endfacet
  facet normal 0.508958 -0.662905 0.549108
    outer loop
      vertex 104.623 3.72343 19.107
      vertex 103.878 2.7497 18.622
      vertex 104.828 3.47908 18.622
    endloop
  endfacet
  facet normal 0.504919 -0.792955 0.340997
    outer loop
      vertex 103.878 2.7497 18.622
      vertex 102.867 2.10594 18.622
      vertex 103.991 2.58707 18.0765
    endloop
  endfacet
  facet normal -0.216402 0.976304 0
    outer loop
      vertex 11.5689 79.7873 0
      vertex 10.3765 79.523 17.5
      vertex 11.5689 79.7873 17.5
    endloop
  endfacet
  facet normal -0.216402 0.976304 0
    outer loop
      vertex 10.3765 79.523 17.5
      vertex 11.5689 79.7873 0
      vertex 10.3765 79.523 0
    endloop
  endfacet
  facet normal 0.571777 -0.745699 0.342059
    outer loop
      vertex 104.828 3.47908 18.622
      vertex 103.991 2.58707 18.0765
      vertex 104.956 3.327 18.0765
    endloop
  endfacet
  facet normal 0.396895 -0.304396 0.86592
    outer loop
      vertex 106.231 6.83592 19.7955
      vertex 105.568 5.97145 19.7955
      vertex 106.643 6.54758 19.5053
    endloop
  endfacet
  facet normal 0.211772 -0.193949 0.957881
    outer loop
      vertex 105.142 6.3289 19.962
      vertex 104.439 5.5613 19.962
      vertex 104.832 5.1681 19.7955
    endloop
  endfacet
  facet normal 0.0589533 -0.0643703 0.996183
    outer loop
      vertex 104.439 5.5613 19.962
      vertex 103.392 5.19049 20
      vertex 103.671 4.85793 19.962
    endloop
  endfacet
  facet normal 0.0374745 -0.28463 0.957905
    outer loop
      vertex 98.0723 2.24719 19.962
      vertex 97.0401 2.11129 19.962
      vertex 97.0886 1.55733 19.7955
    endloop
  endfacet
  facet normal 0 -0.499956 0.866051
    outer loop
      vertex 14 1.5098 19.7955
      vertex 96 1.0071 19.5053
      vertex 96 1.5098 19.7955
    endloop
  endfacet
  facet normal 0 -0.499956 0.866051
    outer loop
      vertex 96 1.0071 19.5053
      vertex 14 1.5098 19.7955
      vertex 14 1.0071 19.5053
    endloop
  endfacet
  facet normal 0.206524 -0.654864 0.726981
    outer loop
      vertex 100.444 1.79067 19.5053
      vertex 99.4721 1.042 19.107
      vertex 100.588 1.39392 19.107
    endloop
  endfacet
  facet normal 0 -0.835503 0.549486
    outer loop
      vertex 14 0.265919 18.622
      vertex 96 0.584889 19.107
      vertex 14 0.584889 19.107
    endloop
  endfacet
  facet normal 0 -0.835503 0.549486
    outer loop
      vertex 96 0.584889 19.107
      vertex 14 0.265919 18.622
      vertex 96 0.265919 18.622
    endloop
  endfacet
  facet normal -0.043325 -0.992305 0.115993
    outer loop
      vertex 14 0.0673885 18.0765
      vertex 12.7857 0.120406 18.0765
      vertex 14 0 17.5
    endloop
  endfacet
  facet normal -0.477166 0.150451 0.865839
    outer loop
      vertex 1.79067 70.4438 19.5053
      vertex 1.44983 69.3628 19.5053
      vertex 1.93539 69.2327 19.7955
    endloop
  endfacet
  facet normal -0.242119 0.154245 0.957908
    outer loop
      vertex 3.76863 73.1641 19.7955
      vertex 3.18317 72.2451 19.7955
      vertex 4.22414 72.8451 19.962
    endloop
  endfacet
  facet normal -0.508739 0.663046 0.54914
    outer loop
      vertex 6.12245 77.2503 18.622
      vertex 5.37693 76.2766 19.107
      vertex 6.30541 76.989 19.107
    endloop
  endfacet
  facet normal -0.604641 0.788011 0.115966
    outer loop
      vertex 6.00858 77.4129 18.0765
      vertex 5.00097 76.7246 17.5
      vertex 5.04429 76.673 18.0765
    endloop
  endfacet
  facet normal -0.604648 0.788002 0.115988
    outer loop
      vertex 5.96993 77.4681 17.5
      vertex 5.00097 76.7246 17.5
      vertex 6.00858 77.4129 18.0765
    endloop
  endfacet
  facet normal -0.533689 0.837681 0.116046
    outer loop
      vertex 7 78.1244 17.5
      vertex 6.00858 77.4129 18.0765
      vertex 7.03369 78.066 18.0765
    endloop
  endfacet
  facet normal -0.368843 0.337983 0.865865
    outer loop
      vertex 4.81264 75.1874 19.5053
      vertex 4.04686 74.3517 19.5053
      vertex 4.43195 74.0285 19.7955
    endloop
  endfacet
  facet normal -0.19396 0.211663 0.957903
    outer loop
      vertex 6.3289 75.1421 19.962
      vertex 5.1681 74.8319 19.7955
      vertex 5.5613 74.4387 19.962
    endloop
  endfacet
  facet normal -0.0865362 0.0113934 0.996184
    outer loop
      vertex 2.24719 68.0723 19.962
      vertex 2.11129 67.0401 19.962
      vertex 2.54376 67.0023 20
    endloop
  endfacet
  facet normal -0.0871993 0.00380706 0.996184
    outer loop
      vertex 2.11129 67.0401 19.962
      vertex 2.06588 66 19.962
      vertex 2.5 66 20
    endloop
  endfacet
  facet normal 0.00380708 -0.0871993 0.996184
    outer loop
      vertex 97.0023 2.54376 20
      vertex 96 2.5 20
      vertex 97.0401 2.11129 19.962
    endloop
  endfacet
  facet normal -0.0218046 0.499829 0.865849
    outer loop
      vertex 14 78.9929 19.5053
      vertex 12.8676 78.9435 19.5053
      vertex 12.9114 78.4427 19.7955
    endloop
  endfacet
  facet normal 0 0.993235 0.116121
    outer loop
      vertex 96 80 17.5
      vertex 14 79.9326 18.0765
      vertex 96 79.9326 18.0765
    endloop
  endfacet
  facet normal 0 0.993235 0.116121
    outer loop
      vertex 14 79.9326 18.0765
      vertex 96 80 17.5
      vertex 14 80 17.5
    endloop
  endfacet
  facet normal -0 0.286826 0.957983
    outer loop
      vertex 14 78.4902 19.7955
      vertex 96 77.9341 19.962
      vertex 96 78.4902 19.7955
    endloop
  endfacet
  facet normal 0 0.286826 0.957983
    outer loop
      vertex 96 77.9341 19.962
      vertex 14 78.4902 19.7955
      vertex 14 77.9341 19.962
    endloop
  endfacet
  facet normal 0.0433455 0.99231 0.115941
    outer loop
      vertex 97.2202 79.9467 17.5
      vertex 96 80 17.5
      vertex 97.2143 79.8796 18.0765
    endloop
  endfacet
  facet normal 0.298774 0.947243 0.116035
    outer loop
      vertex 99.6235 79.523 17.5
      vertex 99.606 79.4579 18.0765
      vertex 100.788 79.1557 17.5
    endloop
  endfacet
  facet normal 0.359657 0.868218 0.341826
    outer loop
      vertex 100.765 79.0924 18.0765
      vertex 100.697 78.9058 18.622
      vertex 101.888 78.6272 18.0765
    endloop
  endfacet
  facet normal 0.0410228 0.938896 0.341748
    outer loop
      vertex 97.2143 79.8796 18.0765
      vertex 96 79.7341 18.622
      vertex 97.197 79.6818 18.622
    endloop
  endfacet
  facet normal 0.251383 0.797056 0.549097
    outer loop
      vertex 99.5546 79.2661 18.622
      vertex 99.4721 78.958 19.107
      vertex 100.697 78.9058 18.622
    endloop
  endfacet
  facet normal 0.2034 0.917536 0.341697
    outer loop
      vertex 98.4194 79.7209 18.0765
      vertex 98.3849 79.5254 18.622
      vertex 99.5546 79.2661 18.622
    endloop
  endfacet
  facet normal 0.0692283 0.0530518 0.996189
    outer loop
      vertex 105.776 72.8451 19.962
      vertex 104.81 73.3921 20
      vertex 105.42 72.5961 20
    endloop
  endfacet
  facet normal -0.0774195 -0.0403023 0.996184
    outer loop
      vertex 3.57746 9.13989 20
      vertex 3.18401 8.95642 19.962
      vertex 4.04071 8.25 20
    endloop
  endfacet
  facet normal 0.0896431 0.680682 0.727074
    outer loop
      vertex 97.1692 79.3641 19.107
      vertex 97.1324 78.9435 19.5053
      vertex 98.2562 78.7955 19.5053
    endloop
  endfacet
  facet normal 0.0653344 0.495999 0.865861
    outer loop
      vertex 98.2562 78.7955 19.5053
      vertex 97.0886 78.4427 19.7955
      vertex 98.1689 78.3004 19.7955
    endloop
  endfacet
  facet normal -0.231008 0.443752 0.865863
    outer loop
      vertex 8.50897 77.7756 19.5053
      vertex 7.50355 77.2522 19.5053
      vertex 7.7549 76.8168 19.7955
    endloop
  endfacet
  facet normal -0.0188838 0.0851991 0.996185
    outer loop
      vertex 11.9277 77.7528 19.962
      vertex 10.9112 77.5275 19.962
      vertex 11.0236 77.1081 20
    endloop
  endfacet
  facet normal 0.0374935 0.28464 0.957901
    outer loop
      vertex 98.1689 78.3004 19.7955
      vertex 97.0886 78.4427 19.7955
      vertex 98.0723 77.7528 19.962
    endloop
  endfacet
  facet normal 0.0621294 0.280294 0.957902
    outer loop
      vertex 98.1689 78.3004 19.7955
      vertex 98.0723 77.7528 19.962
      vertex 99.2327 78.0646 19.7955
    endloop
  endfacet
  facet normal 0.0374721 0.284611 0.95791
    outer loop
      vertex 97.0886 78.4427 19.7955
      vertex 97.0401 77.8887 19.962
      vertex 98.0723 77.7528 19.962
    endloop
  endfacet
  facet normal 0.0218099 0.499837 0.865845
    outer loop
      vertex 96 78.9929 19.5053
      vertex 96 78.4902 19.7955
      vertex 97.0886 78.4427 19.7955
    endloop
  endfacet
  facet normal 0.0863292 0.273849 0.95789
    outer loop
      vertex 100.272 77.7369 19.7955
      vertex 99.0888 77.5275 19.962
      vertex 100.082 77.2144 19.962
    endloop
  endfacet
  facet normal 0.0113926 0.0865303 0.996184
    outer loop
      vertex 97.0401 77.8887 19.962
      vertex 97.0023 77.4562 20
      vertex 98.0723 77.7528 19.962
    endloop
  endfacet
  facet normal 0.0125221 -0.286813 0.957905
    outer loop
      vertex 96 2.06588 19.962
      vertex 96 1.5098 19.7955
      vertex 97.0401 2.11129 19.962
    endloop
  endfacet
  facet normal -0.040981 0.938929 0.341663
    outer loop
      vertex 14 79.9326 18.0765
      vertex 12.7857 79.8796 18.0765
      vertex 14 79.7341 18.622
    endloop
  endfacet
  facet normal -0.214939 0.969708 0.116051
    outer loop
      vertex 11.5689 79.7873 17.5
      vertex 10.3765 79.523 17.5
      vertex 11.5806 79.7209 18.0765
    endloop
  endfacet
  facet normal -0.0865362 -0.0113934 0.996184
    outer loop
      vertex 2.54376 12.9977 20
      vertex 2.11129 12.9599 19.962
      vertex 2.24719 11.9277 19.962
    endloop
  endfacet
  facet normal -0.337985 0.368864 0.865855
    outer loop
      vertex 5.97145 75.568 19.7955
      vertex 4.81264 75.1874 19.5053
      vertex 5.1681 74.8319 19.7955
    endloop
  endfacet
  facet normal 0.109813 0.265248 0.957906
    outer loop
      vertex 101.279 77.32 19.7955
      vertex 100.272 77.7369 19.7955
      vertex 101.044 76.816 19.962
    endloop
  endfacet
  facet normal -0.13257 0.254683 0.957895
    outer loop
      vertex 8.95642 76.816 19.962
      vertex 7.7549 76.8168 19.7955
      vertex 8.03294 76.3353 19.962
    endloop
  endfacet
  facet normal -0.15427 0.242152 0.957895
    outer loop
      vertex 7.7549 76.8168 19.7955
      vertex 7.15487 75.7759 19.962
      vertex 8.03294 76.3353 19.962
    endloop
  endfacet
  facet normal -0.0865389 0.0113926 0.996183
    outer loop
      vertex 2.67471 67.997 20
      vertex 2.24719 68.0723 19.962
      vertex 2.54376 67.0023 20
    endloop
  endfacet
  facet normal -0.0125141 0.286796 0.95791
    outer loop
      vertex 14 78.4902 19.7955
      vertex 12.9114 78.4427 19.7955
      vertex 12.9599 77.8887 19.962
    endloop
  endfacet
  facet normal 0.154236 0.24213 0.957906
    outer loop
      vertex 103.164 76.2314 19.7955
      vertex 102.245 76.8168 19.7955
      vertex 102.845 75.7759 19.962
    endloop
  endfacet
  facet normal -0.00380708 -0.0871993 0.996184
    outer loop
      vertex 12.9977 2.54376 20
      vertex 12.9599 2.11129 19.962
      vertex 14 2.5 20
    endloop
  endfacet
  facet normal -0.0262419 0.0832502 0.996183
    outer loop
      vertex 11.0236 77.1081 20
      vertex 9.91829 77.2144 19.962
      vertex 10.0668 76.8065 20
    endloop
  endfacet
  facet normal -0.206429 0.654741 0.727119
    outer loop
      vertex 10.5279 78.958 19.107
      vertex 9.41176 78.6061 19.107
      vertex 9.55617 78.2093 19.5053
    endloop
  endfacet
  facet normal -0.231045 0.443775 0.865842
    outer loop
      vertex 8.50897 77.7756 19.5053
      vertex 7.7549 76.8168 19.7955
      vertex 8.72141 77.32 19.7955
    endloop
  endfacet
  facet normal -0.109841 0.265234 0.957907
    outer loop
      vertex 9.7281 77.7369 19.7955
      vertex 8.72141 77.32 19.7955
      vertex 8.95642 76.816 19.962
    endloop
  endfacet
  facet normal -0.508793 0.663056 0.549077
    outer loop
      vertex 6.12245 77.2503 18.622
      vertex 5.1719 76.5209 18.622
      vertex 5.37693 76.2766 19.107
    endloop
  endfacet
  facet normal -0.368899 0.579068 0.727045
    outer loop
      vertex 7.29245 77.6178 19.107
      vertex 6.30541 76.989 19.107
      vertex 7.50355 77.2522 19.5053
    endloop
  endfacet
  facet normal -0.418003 0.544688 0.727042
    outer loop
      vertex 6.30541 76.989 19.107
      vertex 5.64833 75.9531 19.5053
      vertex 6.54758 76.6432 19.5053
    endloop
  endfacet
  facet normal -0.304593 0.396906 0.865846
    outer loop
      vertex 6.54758 76.6432 19.5053
      vertex 5.64833 75.9531 19.5053
      vertex 5.97145 75.568 19.7955
    endloop
  endfacet
  facet normal -0.578989 0.36887 0.727122
    outer loop
      vertex 3.01098 73.6946 19.107
      vertex 2.38217 72.7076 19.107
      vertex 2.74782 72.4964 19.5053
    endloop
  endfacet
  facet normal -0.396908 0.304542 0.865863
    outer loop
      vertex 4.04686 74.3517 19.5053
      vertex 3.35684 73.4524 19.5053
      vertex 4.43195 74.0285 19.7955
    endloop
  endfacet
  facet normal -0.174786 0.227782 0.957896
    outer loop
      vertex 7.15487 75.7759 19.962
      vertex 5.97145 75.568 19.7955
      vertex 6.3289 75.1421 19.962
    endloop
  endfacet
  facet normal -0.174783 0.227758 0.957903
    outer loop
      vertex 6.83592 76.2314 19.7955
      vertex 5.97145 75.568 19.7955
      vertex 7.15487 75.7759 19.962
    endloop
  endfacet
  facet normal -0.704862 -0.449044 0.549117
    outer loop
      vertex 2.38217 7.29245 19.107
      vertex 2.10594 7.13296 18.622
      vertex 3.01098 6.30541 19.107
    endloop
  endfacet
  facet normal 0.0851285 -0.0188614 0.996191
    outer loop
      vertex 107.325 12.003 20
      vertex 107.108 11.0236 20
      vertex 107.753 11.9277 19.962
    endloop
  endfacet
  facet normal -0.286814 -0.0125228 0.957904
    outer loop
      vertex 2.11129 12.9599 19.962
      vertex 1.5098 14 19.7955
      vertex 1.55733 12.9114 19.7955
    endloop
  endfacet
  facet normal -0.368868 -0.338012 0.865843
    outer loop
      vertex 5.1681 5.1681 19.7955
      vertex 4.43195 5.97145 19.7955
      vertex 4.81264 4.81264 19.5053
    endloop
  endfacet
  facet normal -0.670272 0.148597 0.727087
    outer loop
      vertex 1.44983 69.3628 19.5053
      vertex 1.042 69.4721 19.107
      vertex 1.2045 68.2562 19.5053
    endloop
  endfacet
  facet normal -0.670277 0.148595 0.727082
    outer loop
      vertex 1.042 69.4721 19.107
      vertex 0.788695 68.3295 19.107
      vertex 1.2045 68.2562 19.5053
    endloop
  endfacet
  facet normal -0.417947 -0.544678 0.727081
    outer loop
      vertex 6.54758 3.35684 19.5053
      vertex 5.64833 4.04686 19.5053
      vertex 6.30541 3.01098 19.107
    endloop
  endfacet
  facet normal -0.304574 -0.396929 0.865842
    outer loop
      vertex 5.97145 4.43195 19.7955
      vertex 5.64833 4.04686 19.5053
      vertex 6.54758 3.35684 19.5053
    endloop
  endfacet
  facet normal -0.0468966 -0.0736132 0.996184
    outer loop
      vertex 8.25 4.04071 20
      vertex 7.15487 4.22414 19.962
      vertex 8.03294 3.66475 19.962
    endloop
  endfacet
  facet normal -0.174767 -0.227765 0.957904
    outer loop
      vertex 7.15487 4.22414 19.962
      vertex 5.97145 4.43195 19.7955
      vertex 6.83592 3.76863 19.7955
    endloop
  endfacet
  facet normal -0.211659 -0.193954 0.957905
    outer loop
      vertex 4.85793 6.3289 19.962
      vertex 4.43195 5.97145 19.7955
      vertex 5.1681 5.1681 19.7955
    endloop
  endfacet
  facet normal -0.47716 -0.150449 0.865843
    outer loop
      vertex 1.93539 10.7673 19.7955
      vertex 1.79067 9.55617 19.5053
      vertex 2.26305 9.7281 19.7955
    endloop
  endfacet
  facet normal -0.080636 0.0333992 0.996184
    outer loop
      vertex 3.57746 70.8601 20
      vertex 3.18401 71.0436 19.962
      vertex 3.19354 69.9332 20
    endloop
  endfacet
  facet normal 0 -0.286836 0.95798
    outer loop
      vertex 14 2.06588 19.962
      vertex 96 1.5098 19.7955
      vertex 96 2.06588 19.962
    endloop
  endfacet
  facet normal 0 -0.286836 0.95798
    outer loop
      vertex 96 1.5098 19.7955
      vertex 14 2.06588 19.962
      vertex 14 1.5098 19.7955
    endloop
  endfacet
  facet normal -0.23102 -0.443787 0.865842
    outer loop
      vertex 8.72141 2.68004 19.7955
      vertex 7.7549 3.18317 19.7955
      vertex 8.50897 2.22444 19.5053
    endloop
  endfacet
  facet normal 0.0692262 -0.0530549 0.996189
    outer loop
      vertex 105.42 7.40387 20
      vertex 104.81 6.60794 20
      vertex 105.776 7.15487 19.962
    endloop
  endfacet
  facet normal 0.231213 0.443863 0.865752
    outer loop
      vertex 101.491 77.7756 19.5053
      vertex 101.279 77.32 19.7955
      vertex 102.245 76.8168 19.7955
    endloop
  endfacet
  facet normal -0.0896131 -0.680676 0.727083
    outer loop
      vertex 11.7438 1.2045 19.5053
      vertex 11.6705 0.788695 19.107
      vertex 12.8308 0.635938 19.107
    endloop
  endfacet
  facet normal -0.504956 -0.792619 0.341723
    outer loop
      vertex 7.13296 2.10594 18.622
      vertex 6.00858 2.58707 18.0765
      vertex 7.03369 1.934 18.0765
    endloop
  endfacet
  facet normal -0.317008 -0.608977 0.727085
    outer loop
      vertex 8.50897 2.22444 19.5053
      vertex 7.50355 2.74782 19.5053
      vertex 8.33053 1.84178 19.107
    endloop
  endfacet
  facet normal -0.417947 -0.544678 0.72708
    outer loop
      vertex 5.64833 4.04686 19.5053
      vertex 5.37693 3.72343 19.107
      vertex 6.30541 3.01098 19.107
    endloop
  endfacet
  facet normal -0.380097 -0.917645 0.115993
    outer loop
      vertex 9.23477 0.907628 18.0765
      vertex 8.08334 1.31169 17.5
      vertex 9.21172 0.844304 17.5
    endloop
  endfacet
  facet normal -0.319824 -0.772123 0.549125
    outer loop
      vertex 9.41176 1.39392 19.107
      vertex 8.33053 1.84178 19.107
      vertex 9.30267 1.09418 18.622
    endloop
  endfacet
  facet normal -0.533675 -0.837698 0.115989
    outer loop
      vertex 6.00858 2.58707 18.0765
      vertex 5.96993 2.53187 17.5
      vertex 7 1.87564 17.5
    endloop
  endfacet
  facet normal -0.458631 -0.881023 0.116001
    outer loop
      vertex 8.11182 1.37277 18.0765
      vertex 7 1.87564 17.5
      vertex 8.08334 1.31169 17.5
    endloop
  endfacet
  facet normal -0.280281 -0.0621333 0.957905
    outer loop
      vertex 2.24719 11.9277 19.962
      vertex 1.93539 10.7673 19.7955
      vertex 2.47253 10.9112 19.962
    endloop
  endfacet
  facet normal -0.815939 -0.180896 0.549109
    outer loop
      vertex 1.042 10.5279 19.107
      vertex 0.47457 11.6151 18.622
      vertex 0.733896 10.4454 18.622
    endloop
  endfacet
  facet normal -0.931766 0.122666 0.341709
    outer loop
      vertex 0.279056 68.4194 18.0765
      vertex 0.120406 67.2143 18.0765
      vertex 0.318181 67.197 18.622
    endloop
  endfacet
  facet normal -0.969707 -0.214977 0.115991
    outer loop
      vertex 0.279056 11.5806 18.0765
      vertex 0.212692 11.5689 17.5
      vertex 0.477039 10.3765 17.5
    endloop
  endfacet
  facet normal -0.984753 0.129642 0.115997
    outer loop
      vertex 0.279056 68.4194 18.0765
      vertex 0.0532751 67.2202 17.5
      vertex 0.120406 67.2143 18.0765
    endloop
  endfacet
  facet normal -0.685901 0.0299475 0.727078
    outer loop
      vertex 0.635938 67.1692 19.107
      vertex 0.584889 66 19.107
      vertex 1.0071 66 19.5053
    endloop
  endfacet
  facet normal -0.992305 0.043325 0.115993
    outer loop
      vertex 0.0532751 67.2202 17.5
      vertex 0 66 17.5
      vertex 0.120406 67.2143 18.0765
    endloop
  endfacet
  facet normal -0.939701 0 0.341997
    outer loop
      vertex 0.0673885 14 18.0765
      vertex 0.265919 66 18.622
      vertex 0.0673885 66 18.0765
    endloop
  endfacet
  facet normal -0.939701 0 0.341997
    outer loop
      vertex 0.265919 66 18.622
      vertex 0.0673885 14 18.0765
      vertex 0.265919 14 18.622
    endloop
  endfacet
  facet normal -0.917525 0.203419 0.341715
    outer loop
      vertex 0.54213 69.606 18.0765
      vertex 0.279056 68.4194 18.0765
      vertex 0.733896 69.5546 18.622
    endloop
  endfacet
  facet normal -0.680675 0.0896119 0.727084
    outer loop
      vertex 1.2045 68.2562 19.5053
      vertex 0.635938 67.1692 19.107
      vertex 1.05655 67.1324 19.5053
    endloop
  endfacet
  facet normal -0.284629 0.0374736 0.957905
    outer loop
      vertex 1.69956 68.1689 19.7955
      vertex 1.55733 67.0886 19.7955
      vertex 2.24719 68.0723 19.962
    endloop
  endfacet
  facet normal -0.704881 0.449059 0.549081
    outer loop
      vertex 2.7497 73.8775 18.622
      vertex 2.10594 72.867 18.622
      vertex 3.01098 73.6946 19.107
    endloop
  endfacet
  facet normal -0.704886 0.449077 0.549059
    outer loop
      vertex 3.01098 73.6946 19.107
      vertex 2.10594 72.867 18.622
      vertex 2.38217 72.7076 19.107
    endloop
  endfacet
  facet normal -0.917643 0.38009 0.116026
    outer loop
      vertex 1.31169 71.9167 17.5
      vertex 0.844304 70.7883 17.5
      vertex 0.907628 70.7652 18.0765
    endloop
  endfacet
  facet normal -0.947276 0.298678 0.116019
    outer loop
      vertex 0.844304 70.7883 17.5
      vertex 0.54213 69.606 18.0765
      vertex 0.907628 70.7652 18.0765
    endloop
  endfacet
  facet normal -0.788001 0.604652 0.115972
    outer loop
      vertex 3.27538 74.999 17.5
      vertex 2.58707 73.9914 18.0765
      vertex 3.327 74.9557 18.0765
    endloop
  endfacet
  facet normal -0.787975 0.604673 0.11604
    outer loop
      vertex 3.27538 74.999 17.5
      vertex 2.53187 74.0301 17.5
      vertex 2.58707 73.9914 18.0765
    endloop
  endfacet
  facet normal -0.741348 0.385914 0.549066
    outer loop
      vertex 2.10594 72.867 18.622
      vertex 1.84178 71.6695 19.107
      vertex 2.38217 72.7076 19.107
    endloop
  endfacet
  facet normal -0.544676 0.417922 0.727096
    outer loop
      vertex 4.04686 74.3517 19.5053
      vertex 3.01098 73.6946 19.107
      vertex 3.35684 73.4524 19.5053
    endloop
  endfacet
  facet normal -0.692895 -0.634929 0.341703
    outer loop
      vertex 3.47908 5.1719 18.622
      vertex 3.327 5.04429 18.0765
      vertex 4.28854 4.28854 18.622
    endloop
  endfacet
  facet normal -0.616169 -0.564622 0.549124
    outer loop
      vertex 3.72343 5.37693 19.107
      vertex 3.47908 5.1719 18.622
      vertex 4.28854 4.28854 18.622
    endloop
  endfacet
  facet normal -0.572121 -0.745598 0.341703
    outer loop
      vertex 5.1719 3.47908 18.622
      vertex 5.04429 3.327 18.0765
      vertex 6.00858 2.58707 18.0765
    endloop
  endfacet
  facet normal -0.572116 -0.745598 0.341711
    outer loop
      vertex 6.12245 2.7497 18.622
      vertex 5.1719 3.47908 18.622
      vertex 6.00858 2.58707 18.0765
    endloop
  endfacet
  facet normal -0.793353 -0.608762 0
    outer loop
      vertex 3.27538 5.00097 0
      vertex 2.53187 5.96993 17.5
      vertex 2.53187 5.96993 0
    endloop
  endfacet
  facet normal -0.793353 -0.608762 0
    outer loop
      vertex 2.53187 5.96993 17.5
      vertex 3.27538 5.00097 0
      vertex 3.27538 5.00097 17.5
    endloop
  endfacet
  facet normal -0.265237 -0.109866 0.957903
    outer loop
      vertex 3.18401 8.95642 19.962
      vertex 2.26305 9.7281 19.7955
      vertex 2.68004 8.72141 19.7955
    endloop
  endfacet
  facet normal -0.917642 -0.380101 0.116001
    outer loop
      vertex 1.37277 8.11182 18.0765
      vertex 0.907628 9.23477 18.0765
      vertex 1.31169 8.08334 17.5
    endloop
  endfacet
  facet normal -0.828593 -0.109086 0.549121
    outer loop
      vertex 0.635938 12.8308 19.107
      vertex 0.318181 12.803 18.622
      vertex 0.47457 11.6151 18.622
    endloop
  endfacet
  facet normal -0.89631 -0.282592 0.341718
    outer loop
      vertex 0.733896 10.4454 18.622
      vertex 0.54213 10.394 18.0765
      vertex 1.09418 9.30267 18.622
    endloop
  endfacet
  facet normal -0.923881 -0.38268 0
    outer loop
      vertex 1.31169 8.08334 0
      vertex 0.844304 9.21172 17.5
      vertex 0.844304 9.21172 0
    endloop
  endfacet
  facet normal -0.923881 -0.38268 0
    outer loop
      vertex 0.844304 9.21172 17.5
      vertex 1.31169 8.08334 0
      vertex 1.31169 8.08334 17.5
    endloop
  endfacet
  facet normal 0.505847 0.463658 0.72742
    outer loop
      vertex 106.277 74.6231 19.107
      vertex 105.187 75.1874 19.5053
      vertex 105.953 74.3517 19.5053
    endloop
  endfacet
  facet normal 0.262813 0.634461 0.726903
    outer loop
      vertex 101.669 78.1582 19.107
      vertex 100.444 78.2093 19.5053
      vertex 101.491 77.7756 19.5053
    endloop
  endfacet
  facet normal 0.464144 0.506152 0.726898
    outer loop
      vertex 104.623 76.2766 19.107
      vertex 104.352 75.9531 19.5053
      vertex 105.187 75.1874 19.5053
    endloop
  endfacet
  facet normal 0.63486 0.692687 0.342253
    outer loop
      vertex 105.852 75.8518 18.0765
      vertex 104.956 76.673 18.0765
      vertex 105.711 75.7115 18.622
    endloop
  endfacet
  facet normal 0.191429 0.462386 0.865768
    outer loop
      vertex 101.491 77.7756 19.5053
      vertex 100.272 77.7369 19.7955
      vertex 101.279 77.32 19.7955
    endloop
  endfacet
  facet normal 0.449138 0.704993 0.548871
    outer loop
      vertex 102.867 77.8941 18.622
      vertex 102.708 77.6178 19.107
      vertex 103.695 76.989 19.107
    endloop
  endfacet
  facet normal 0.38011 0.917591 0.116371
    outer loop
      vertex 101.917 78.6883 17.5
      vertex 100.765 79.0924 18.0765
      vertex 101.888 78.6272 18.0765
    endloop
  endfacet
  facet normal 0.379932 0.917722 0.115924
    outer loop
      vertex 100.788 79.1557 17.5
      vertex 100.765 79.0924 18.0765
      vertex 101.917 78.6883 17.5
    endloop
  endfacet
  facet normal 0.317225 0.609116 0.726874
    outer loop
      vertex 101.669 78.1582 19.107
      vertex 101.491 77.7756 19.5053
      vertex 102.496 77.2522 19.5053
    endloop
  endfacet
  facet normal 0.359623 0.868272 0.341724
    outer loop
      vertex 101.888 78.6272 18.0765
      vertex 100.697 78.9058 18.622
      vertex 101.804 78.4473 18.622
    endloop
  endfacet
  facet normal 0.154285 0.242156 0.957892
    outer loop
      vertex 102.245 76.8168 19.7955
      vertex 101.967 76.3353 19.962
      vertex 102.845 75.7759 19.962
    endloop
  endfacet
  facet normal 0.0774658 -0.0403916 0.996176
    outer loop
      vertex 106.423 9.13989 20
      vertex 105.959 8.25 20
      vertex 106.816 8.95642 19.962
    endloop
  endfacet
  facet normal 0.0833012 0.0262597 0.996178
    outer loop
      vertex 107.214 70.0817 19.962
      vertex 107.108 68.9764 20
      vertex 107.527 69.0888 19.962
    endloop
  endfacet
  facet normal 0.0864315 0.011388 0.996193
    outer loop
      vertex 107.753 68.0723 19.962
      vertex 107.456 67.0023 20
      vertex 107.889 67.0401 19.962
    endloop
  endfacet
  facet normal 0.65461 0.206496 0.727218
    outer loop
      vertex 108.958 69.4721 19.107
      vertex 108.209 70.4438 19.5053
      vertex 108.55 69.3628 19.5053
    endloop
  endfacet
  facet normal 0.462593 0.191274 0.865692
    outer loop
      vertex 107.776 71.491 19.5053
      vertex 107.737 70.2719 19.7955
      vertex 108.209 70.4438 19.5053
    endloop
  endfacet
  facet normal 0.797206 -0.251148 0.548988
    outer loop
      vertex 108.958 10.5279 19.107
      vertex 108.906 9.30267 18.622
      vertex 109.266 10.4454 18.622
    endloop
  endfacet
  facet normal 0.634945 -0.262539 0.726579
    outer loop
      vertex 108.209 9.55617 19.5053
      vertex 107.776 8.50897 19.5053
      vertex 108.158 8.33053 19.107
    endloop
  endfacet
  facet normal 0.0852604 -0.0189561 0.996178
    outer loop
      vertex 107.753 11.9277 19.962
      vertex 107.108 11.0236 20
      vertex 107.527 10.9112 19.962
    endloop
  endfacet
  facet normal 0.0735599 -0.046859 0.996189
    outer loop
      vertex 105.959 8.25 20
      vertex 105.42 7.40387 20
      vertex 105.776 7.15487 19.962
    endloop
  endfacet
  facet normal 0.0643381 -0.0589739 0.996184
    outer loop
      vertex 104.81 6.60794 20
      vertex 104.132 5.86827 20
      vertex 104.439 5.5613 19.962
    endloop
  endfacet
  facet normal 0.0774041 -0.0403164 0.996184
    outer loop
      vertex 106.816 8.95642 19.962
      vertex 105.959 8.25 20
      vertex 106.335 8.03294 19.962
    endloop
  endfacet
  facet normal 0.25446 -0.132537 0.957958
    outer loop
      vertex 106.816 8.95642 19.962
      vertex 106.335 8.03294 19.962
      vertex 106.817 7.7549 19.7955
    endloop
  endfacet
  facet normal 0.833664 -0.433793 0.341802
    outer loop
      vertex 108.627 8.11182 18.0765
      vertex 107.894 7.13296 18.622
      vertex 108.066 7.03369 18.0765
    endloop
  endfacet
  facet normal 0.704941 -0.44926 0.548838
    outer loop
      vertex 107.894 7.13296 18.622
      vertex 106.989 6.30541 19.107
      vertex 107.25 6.12245 18.622
    endloop
  endfacet
  facet normal 0.578727 0.368814 0.72736
    outer loop
      vertex 107.618 72.7076 19.107
      vertex 106.989 73.6946 19.107
      vertex 107.252 72.4964 19.5053
    endloop
  endfacet
  facet normal 0.663367 0.508726 0.548764
    outer loop
      vertex 106.521 74.8281 18.622
      vertex 106.277 74.6231 19.107
      vertex 107.25 73.8775 18.622
    endloop
  endfacet
  facet normal 0.634089 0.262713 0.727264
    outer loop
      vertex 108.606 70.5882 19.107
      vertex 108.158 71.6695 19.107
      vertex 108.209 70.4438 19.5053
    endloop
  endfacet
  facet normal 0.868574 0.35965 0.340926
    outer loop
      vertex 109.092 70.7652 18.0765
      vertex 108.627 71.8882 18.0765
      vertex 108.906 70.6973 18.622
    endloop
  endfacet
  facet normal 0.380071 -0.917612 0.11634
    outer loop
      vertex 101.888 1.37277 18.0765
      vertex 100.765 0.907628 18.0765
      vertex 101.917 1.31169 17.5
    endloop
  endfacet
  facet normal 0.843483 0.537156 0
    outer loop
      vertex 108.124 73 17.5
      vertex 107.468 74.0301 0
      vertex 107.468 74.0301 17.5
    endloop
  endfacet
  facet normal 0.843483 0.537156 0
    outer loop
      vertex 107.468 74.0301 0
      vertex 108.124 73 17.5
      vertex 108.124 73 0
    endloop
  endfacet
  facet normal 0.043325 -0.992305 0.115993
    outer loop
      vertex 97.2143 0.120406 18.0765
      vertex 96 0 17.5
      vertex 97.2202 0.0532751 17.5
    endloop
  endfacet
  facet normal 0.923705 0.383104 0
    outer loop
      vertex 109.156 70.7883 17.5
      vertex 108.688 71.9167 0
      vertex 108.688 71.9167 17.5
    endloop
  endfacet
  facet normal 0.923705 0.383104 0
    outer loop
      vertex 108.688 71.9167 0
      vertex 109.156 70.7883 17.5
      vertex 109.156 70.7883 0
    endloop
  endfacet
  facet normal 0.88101 0.458682 0.115896
    outer loop
      vertex 108.688 71.9167 17.5
      vertex 108.124 73 17.5
      vertex 108.627 71.8882 18.0765
    endloop
  endfacet
  facet normal 0.868104 0.359945 0.341811
    outer loop
      vertex 108.627 71.8882 18.0765
      vertex 108.447 71.8043 18.622
      vertex 108.906 70.6973 18.622
    endloop
  endfacet
  facet normal 0.939441 -0 0.342711
    outer loop
      vertex 109.734 14 18.622
      vertex 109.933 66 18.0765
      vertex 109.734 66 18.622
    endloop
  endfacet
  facet normal 0.939441 0 0.342711
    outer loop
      vertex 109.933 66 18.0765
      vertex 109.734 14 18.622
      vertex 109.933 14 18.0765
    endloop
  endfacet
  facet normal 0.931435 0.123104 0.342453
    outer loop
      vertex 109.721 68.4194 18.0765
      vertex 109.525 68.3849 18.622
      vertex 109.682 67.197 18.622
    endloop
  endfacet
  facet normal 0.834766 0.0362638 0.54941
    outer loop
      vertex 109.682 67.197 18.622
      vertex 109.364 67.1692 19.107
      vertex 109.734 66 18.622
    endloop
  endfacet
  facet normal 0.834925 0.0364191 0.549157
    outer loop
      vertex 109.734 66 18.622
      vertex 109.364 67.1692 19.107
      vertex 109.415 66 19.107
    endloop
  endfacet
  facet normal 0.938652 0.0409689 0.342423
    outer loop
      vertex 109.88 67.2143 18.0765
      vertex 109.734 66 18.622
      vertex 109.933 66 18.0765
    endloop
  endfacet
  facet normal 0.992382 0.043314 0.115333
    outer loop
      vertex 110 66 17.5
      vertex 109.88 67.2143 18.0765
      vertex 109.933 66 18.0765
    endloop
  endfacet
  facet normal 0.896255 -0.282352 0.34206
    outer loop
      vertex 109.266 10.4454 18.622
      vertex 108.906 9.30267 18.622
      vertex 109.458 10.394 18.0765
    endloop
  endfacet
  facet normal 0.917413 -0.203337 0.342062
    outer loop
      vertex 109.721 11.5806 18.0765
      vertex 109.266 10.4454 18.622
      vertex 109.458 10.394 18.0765
    endloop
  endfacet
  facet normal 0.969835 -0.214724 0.115388
    outer loop
      vertex 109.721 11.5806 18.0765
      vertex 109.523 10.3765 17.5
      vertex 109.787 11.5689 17.5
    endloop
  endfacet
  facet normal 0.736918 -0.675982 0
    outer loop
      vertex 105.899 4.10051 17.5
      vertex 106.725 5.00097 0
      vertex 106.725 5.00097 17.5
    endloop
  endfacet
  facet normal 0.736918 -0.675982 0
    outer loop
      vertex 106.725 5.00097 0
      vertex 105.899 4.10051 17.5
      vertex 105.899 4.10051 0
    endloop
  endfacet
  facet normal 0.616135 -0.564967 0.548808
    outer loop
      vertex 106.277 5.37693 19.107
      vertex 105.711 4.28854 18.622
      vertex 106.521 5.1719 18.622
    endloop
  endfacet
  facet normal 0.368861 -0.338101 0.865812
    outer loop
      vertex 105.568 5.97145 19.7955
      vertex 105.187 4.81264 19.5053
      vertex 105.953 5.64833 19.5053
    endloop
  endfacet
  facet normal 0.564764 -0.616444 0.54867
    outer loop
      vertex 105.486 4.51408 19.107
      vertex 104.623 3.72343 19.107
      vertex 105.711 4.28854 18.622
    endloop
  endfacet
  facet normal 0.564759 -0.616068 0.549097
    outer loop
      vertex 105.711 4.28854 18.622
      vertex 104.623 3.72343 19.107
      vertex 104.828 3.47908 18.622
    endloop
  endfacet
  facet normal 0.298749 -0.947253 0.11602
    outer loop
      vertex 100.788 0.844304 17.5
      vertex 99.606 0.54213 18.0765
      vertex 99.6235 0.477039 17.5
    endloop
  endfacet
  facet normal 0.262831 -0.634401 0.726949
    outer loop
      vertex 101.491 2.22444 19.5053
      vertex 100.444 1.79067 19.5053
      vertex 101.669 1.84178 19.107
    endloop
  endfacet
  facet normal 0.533681 -0.83765 0.116308
    outer loop
      vertex 103.991 2.58707 18.0765
      vertex 103 1.87564 17.5
      vertex 104.03 2.53187 17.5
    endloop
  endfacet
  facet normal 0.434019 -0.833656 0.341534
    outer loop
      vertex 102.867 2.10594 18.622
      vertex 101.888 1.37277 18.0765
      vertex 102.966 1.934 18.0765
    endloop
  endfacet
  facet normal 0.203419 -0.917525 0.341715
    outer loop
      vertex 99.5546 0.733896 18.622
      vertex 98.4194 0.279056 18.0765
      vertex 99.606 0.54213 18.0765
    endloop
  endfacet
  facet normal 0.923703 -0.383109 0
    outer loop
      vertex 108.688 8.08334 17.5
      vertex 109.156 9.21172 0
      vertex 109.156 9.21172 17.5
    endloop
  endfacet
  facet normal 0.923703 -0.383109 0
    outer loop
      vertex 109.156 9.21172 0
      vertex 108.688 8.08334 17.5
      vertex 108.688 8.08334 0
    endloop
  endfacet
  facet normal 0.604398 -0.788242 0.11566
    outer loop
      vertex 104.956 3.327 18.0765
      vertex 103.991 2.58707 18.0765
      vertex 104.999 3.27538 17.5
    endloop
  endfacet
  facet normal 0.634821 -0.692678 0.342343
    outer loop
      vertex 105.711 4.28854 18.622
      vertex 104.956 3.327 18.0765
      vertex 105.852 4.14816 18.0765
    endloop
  endfacet
  facet normal 0.544501 -0.417547 0.727443
    outer loop
      vertex 106.989 6.30541 19.107
      vertex 105.953 5.64833 19.5053
      vertex 106.277 5.37693 19.107
    endloop
  endfacet
  facet normal 0.422039 -0.269119 0.865713
    outer loop
      vertex 106.817 7.7549 19.7955
      vertex 106.231 6.83592 19.7955
      vertex 107.252 7.50355 19.5053
    endloop
  endfacet
  facet normal 0.36909 -0.338147 0.865696
    outer loop
      vertex 105.568 5.97145 19.7955
      vertex 104.832 5.1681 19.7955
      vertex 105.187 4.81264 19.5053
    endloop
  endfacet
  facet normal 0.418209 -0.544737 0.726886
    outer loop
      vertex 104.352 4.04686 19.5053
      vertex 103.695 3.01098 19.107
      vertex 104.623 3.72343 19.107
    endloop
  endfacet
  facet normal 0.0218237 -0.499837 0.865844
    outer loop
      vertex 96 1.5098 19.7955
      vertex 96 1.0071 19.5053
      vertex 97.0886 1.55733 19.7955
    endloop
  endfacet
  facet normal 0.154245 -0.242119 0.957908
    outer loop
      vertex 102.845 4.22414 19.962
      vertex 102.245 3.18317 19.7955
      vertex 103.164 3.76863 19.7955
    endloop
  endfacet
  facet normal 0.227724 -0.174797 0.957908
    outer loop
      vertex 105.776 7.15487 19.962
      vertex 105.142 6.3289 19.962
      vertex 105.568 5.97145 19.7955
    endloop
  endfacet
  facet normal 0.0736213 -0.046869 0.996184
    outer loop
      vertex 105.959 8.25 20
      vertex 105.776 7.15487 19.962
      vertex 106.335 8.03294 19.962
    endloop
  endfacet
  facet normal -0.109086 -0.828593 0.549121
    outer loop
      vertex 12.8308 0.635938 19.107
      vertex 11.6151 0.47457 18.622
      vertex 12.803 0.318181 18.622
    endloop
  endfacet
  facet normal -0.579025 0.368868 0.727094
    outer loop
      vertex 3.01098 73.6946 19.107
      vertex 2.74782 72.4964 19.5053
      vertex 3.35684 73.4524 19.5053
    endloop
  endfacet
  facet normal -0.265239 0.109866 0.957903
    outer loop
      vertex 2.68004 71.2786 19.7955
      vertex 2.26305 70.2719 19.7955
      vertex 3.18401 71.0436 19.962
    endloop
  endfacet
  facet normal -0.616142 0.564618 0.54916
    outer loop
      vertex 4.28854 75.7115 18.622
      vertex 3.72343 74.6231 19.107
      vertex 4.51408 75.4859 19.107
    endloop
  endfacet
  facet normal -0.564618 0.616138 0.549164
    outer loop
      vertex 5.37693 76.2766 19.107
      vertex 4.28854 75.7115 18.622
      vertex 4.51408 75.4859 19.107
    endloop
  endfacet
  facet normal -0.572134 0.745601 0.341675
    outer loop
      vertex 6.00858 77.4129 18.0765
      vertex 5.1719 76.5209 18.622
      vertex 6.12245 77.2503 18.622
    endloop
  endfacet
  facet normal -0.572101 0.745603 0.341727
    outer loop
      vertex 6.00858 77.4129 18.0765
      vertex 5.04429 76.673 18.0765
      vertex 5.1719 76.5209 18.622
    endloop
  endfacet
  facet normal -0.533715 0.837672 0.115989
    outer loop
      vertex 7 78.1244 17.5
      vertex 5.96993 77.4681 17.5
      vertex 6.00858 77.4129 18.0765
    endloop
  endfacet
  facet normal -0.0736127 0.0468978 0.996184
    outer loop
      vertex 4.22414 72.8451 19.962
      vertex 4.04071 71.75 20
      vertex 4.57975 72.5961 20
    endloop
  endfacet
  facet normal -0.280281 0.0621333 0.957905
    outer loop
      vertex 2.47253 69.0888 19.962
      vertex 1.93539 69.2327 19.7955
      vertex 2.24719 68.0723 19.962
    endloop
  endfacet
  facet normal -0.0589645 0.0643462 0.996184
    outer loop
      vertex 6.3289 75.1421 19.962
      vertex 5.5613 74.4387 19.962
      vertex 6.60794 74.8095 20
    endloop
  endfacet
  facet normal -0.0589648 0.0643471 0.996184
    outer loop
      vertex 6.60794 74.8095 20
      vertex 5.5613 74.4387 19.962
      vertex 5.86827 74.1317 20
    endloop
  endfacet
  facet normal -0.0531309 0.0692404 0.996184
    outer loop
      vertex 7.15487 75.7759 19.962
      vertex 6.3289 75.1421 19.962
      vertex 6.60794 74.8095 20
    endloop
  endfacet
  facet normal -0.0531234 0.0692361 0.996185
    outer loop
      vertex 7.15487 75.7759 19.962
      vertex 6.60794 74.8095 20
      vertex 7.40387 75.4202 20
    endloop
  endfacet
  facet normal 0 1 0
    outer loop
      vertex 96 80 17.5
      vertex 58.5 80 4.9
      vertex 14 80 17.5
    endloop
  endfacet
  facet normal 0 1 -0
    outer loop
      vertex 96 80 0
      vertex 58.5 80 4.9
      vertex 96 80 17.5
    endloop
  endfacet
  facet normal 0 1 0
    outer loop
      vertex 58.5 80 4.9
      vertex 96 80 0
      vertex 58.5 80 0
    endloop
  endfacet
  facet normal 0 1 -0
    outer loop
      vertex 51.5 80 4.9
      vertex 14 80 17.5
      vertex 58.5 80 4.9
    endloop
  endfacet
  facet normal 0 1 0
    outer loop
      vertex 14 80 0
      vertex 51.5 80 4.9
      vertex 51.5 80 0
    endloop
  endfacet
  facet normal 0 1 0
    outer loop
      vertex 51.5 80 4.9
      vertex 14 80 0
      vertex 14 80 17.5
    endloop
  endfacet
  facet normal -0.0299192 0.685912 0.72707
    outer loop
      vertex 14 79.4151 19.107
      vertex 12.8308 79.3641 19.107
      vertex 14 78.9929 19.5053
    endloop
  endfacet
  facet normal -0.0364191 0.834925 0.549157
    outer loop
      vertex 14 79.7341 18.622
      vertex 12.8308 79.3641 19.107
      vertex 14 79.4151 19.107
    endloop
  endfacet
  facet normal 0.0653242 0.496023 0.865849
    outer loop
      vertex 97.1324 78.9435 19.5053
      vertex 97.0886 78.4427 19.7955
      vertex 98.2562 78.7955 19.5053
    endloop
  endfacet
  facet normal 0.0896383 0.680676 0.727079
    outer loop
      vertex 98.3295 79.2113 19.107
      vertex 97.1692 79.3641 19.107
      vertex 98.2562 78.7955 19.5053
    endloop
  endfacet
  facet normal 0 0.939718 0.341951
    outer loop
      vertex 96 79.9326 18.0765
      vertex 14 79.7341 18.622
      vertex 96 79.7341 18.622
    endloop
  endfacet
  facet normal 0 0.939718 0.341951
    outer loop
      vertex 14 79.7341 18.622
      vertex 96 79.9326 18.0765
      vertex 14 79.9326 18.0765
    endloop
  endfacet
  facet normal 0.214929 0.969713 0.116027
    outer loop
      vertex 99.6235 79.523 17.5
      vertex 98.4194 79.7209 18.0765
      vertex 99.606 79.4579 18.0765
    endloop
  endfacet
  facet normal 0.214939 0.969708 0.116051
    outer loop
      vertex 98.4311 79.7873 17.5
      vertex 98.4194 79.7209 18.0765
      vertex 99.6235 79.523 17.5
    endloop
  endfacet
  facet normal 0.191457 0.462198 0.865862
    outer loop
      vertex 100.444 78.2093 19.5053
      vertex 100.272 77.7369 19.7955
      vertex 101.491 77.7756 19.5053
    endloop
  endfacet
  facet normal 0.150443 0.47713 0.86586
    outer loop
      vertex 100.444 78.2093 19.5053
      vertex 99.2327 78.0646 19.7955
      vertex 100.272 77.7369 19.7955
    endloop
  endfacet
  facet normal 0.0693073 -0.0531991 0.996176
    outer loop
      vertex 105.776 7.15487 19.962
      vertex 104.81 6.60794 20
      vertex 105.142 6.3289 19.962
    endloop
  endfacet
  facet normal 0.148585 0.6703 0.727062
    outer loop
      vertex 99.4721 78.958 19.107
      vertex 98.2562 78.7955 19.5053
      vertex 99.3628 78.5502 19.5053
    endloop
  endfacet
  facet normal 0.108272 0.488437 0.865856
    outer loop
      vertex 99.3628 78.5502 19.5053
      vertex 98.2562 78.7955 19.5053
      vertex 99.2327 78.0646 19.7955
    endloop
  endfacet
  facet normal -0.0374721 0.284611 0.95791
    outer loop
      vertex 12.9114 78.4427 19.7955
      vertex 11.9277 77.7528 19.962
      vertex 12.9599 77.8887 19.962
    endloop
  endfacet
  facet normal -0.109099 0.828636 0.549053
    outer loop
      vertex 12.803 79.6818 18.622
      vertex 11.6151 79.5254 18.622
      vertex 12.8308 79.3641 19.107
    endloop
  endfacet
  facet normal -0.0218099 0.499837 0.865845
    outer loop
      vertex 14 78.9929 19.5053
      vertex 12.9114 78.4427 19.7955
      vertex 14 78.4902 19.7955
    endloop
  endfacet
  facet normal -0.0653242 0.496023 0.865849
    outer loop
      vertex 12.8676 78.9435 19.5053
      vertex 11.7438 78.7955 19.5053
      vertex 12.9114 78.4427 19.7955
    endloop
  endfacet
  facet normal -0.0334021 0.080627 0.996185
    outer loop
      vertex 10.0668 76.8065 20
      vertex 8.95642 76.816 19.962
      vertex 9.13989 76.4225 20
    endloop
  endfacet
  facet normal -0.0621269 0.280302 0.957899
    outer loop
      vertex 11.9277 77.7528 19.962
      vertex 10.7673 78.0646 19.7955
      vertex 10.9112 77.5275 19.962
    endloop
  endfacet
  facet normal 0.080638 0.0333651 0.996185
    outer loop
      vertex 106.816 71.0436 19.962
      vertex 106.806 69.9332 20
      vertex 107.214 70.0817 19.962
    endloop
  endfacet
  facet normal -0.191433 0.462229 0.865851
    outer loop
      vertex 9.55617 78.2093 19.5053
      vertex 8.50897 77.7756 19.5053
      vertex 9.7281 77.7369 19.7955
    endloop
  endfacet
  facet normal -0.268783 0.421945 0.865863
    outer loop
      vertex 7.50355 77.2522 19.5053
      vertex 6.83592 76.2314 19.7955
      vertex 7.7549 76.8168 19.7955
    endloop
  endfacet
  facet normal -0 0.087204 0.99619
    outer loop
      vertex 14 77.9341 19.962
      vertex 96 77.5 20
      vertex 96 77.9341 19.962
    endloop
  endfacet
  facet normal 0 0.087204 0.99619
    outer loop
      vertex 96 77.5 20
      vertex 14 77.9341 19.962
      vertex 14 77.5 20
    endloop
  endfacet
  facet normal -0.0806382 -0.0333998 0.996184
    outer loop
      vertex 3.19354 10.0668 20
      vertex 3.18401 8.95642 19.962
      vertex 3.57746 9.13989 20
    endloop
  endfacet
  facet normal -0.0113926 0.0865303 0.996184
    outer loop
      vertex 12.9599 77.8887 19.962
      vertex 11.9277 77.7528 19.962
      vertex 12.9977 77.4562 20
    endloop
  endfacet
  facet normal -0.0832404 -0.0262467 0.996184
    outer loop
      vertex 2.89185 11.0236 20
      vertex 2.7856 9.91829 19.962
      vertex 3.19354 10.0668 20
    endloop
  endfacet
  facet normal -0.150461 0.477141 0.865851
    outer loop
      vertex 10.7673 78.0646 19.7955
      vertex 9.55617 78.2093 19.5053
      vertex 9.7281 77.7369 19.7955
    endloop
  endfacet
  facet normal -0.206484 0.654784 0.727064
    outer loop
      vertex 10.5279 78.958 19.107
      vertex 9.55617 78.2093 19.5053
      vertex 10.6372 78.5502 19.5053
    endloop
  endfacet
  facet normal -0.20336 0.917519 0.341765
    outer loop
      vertex 11.5806 79.7209 18.0765
      vertex 10.394 79.4579 18.0765
      vertex 10.4454 79.2661 18.622
    endloop
  endfacet
  facet normal -0.458604 0.881031 0.11605
    outer loop
      vertex 8.11182 78.6272 18.0765
      vertex 7 78.1244 17.5
      vertex 7.03369 78.066 18.0765
    endloop
  endfacet
  facet normal -0.086344 0.273814 0.957899
    outer loop
      vertex 10.7673 78.0646 19.7955
      vertex 9.7281 77.7369 19.7955
      vertex 10.9112 77.5275 19.962
    endloop
  endfacet
  facet normal -0.0262443 0.0832265 0.996185
    outer loop
      vertex 10.9112 77.5275 19.962
      vertex 9.91829 77.2144 19.962
      vertex 11.0236 77.1081 20
    endloop
  endfacet
  facet normal -0.458597 0.881037 0.116032
    outer loop
      vertex 8.08334 78.6883 17.5
      vertex 7 78.1244 17.5
      vertex 8.11182 78.6272 18.0765
    endloop
  endfacet
  facet normal -0.433937 0.833643 0.341669
    outer loop
      vertex 8.11182 78.6272 18.0765
      vertex 7.03369 78.066 18.0765
      vertex 7.13296 77.8941 18.622
    endloop
  endfacet
  facet normal -0.337989 0.368884 0.865845
    outer loop
      vertex 5.64833 75.9531 19.5053
      vertex 4.81264 75.1874 19.5053
      vertex 5.97145 75.568 19.7955
    endloop
  endfacet
  facet normal -0.463775 0.506167 0.727124
    outer loop
      vertex 5.37693 76.2766 19.107
      vertex 4.81264 75.1874 19.5053
      vertex 5.64833 75.9531 19.5053
    endloop
  endfacet
  facet normal -0.0692458 -0.0531343 0.996184
    outer loop
      vertex 5.19049 6.60794 20
      vertex 4.22414 7.15487 19.962
      vertex 4.85793 6.3289 19.962
    endloop
  endfacet
  facet normal 0.0833012 -0.0262595 0.996178
    outer loop
      vertex 107.527 10.9112 19.962
      vertex 107.108 11.0236 20
      vertex 107.214 9.91829 19.962
    endloop
  endfacet
  facet normal -0.0871993 -0.00380706 0.996184
    outer loop
      vertex 2.5 14 20
      vertex 2.06588 14 19.962
      vertex 2.11129 12.9599 19.962
    endloop
  endfacet
  facet normal -0.150449 -0.47716 0.865843
    outer loop
      vertex 9.7281 2.26305 19.7955
      vertex 9.55617 1.79067 19.5053
      vertex 10.7673 1.93539 19.7955
    endloop
  endfacet
  facet normal -0.0806373 0.0333992 0.996184
    outer loop
      vertex 3.18401 71.0436 19.962
      vertex 2.7856 70.0817 19.962
      vertex 3.19354 69.9332 20
    endloop
  endfacet
  facet normal -0.499842 -0.0218273 0.865841
    outer loop
      vertex 1.55733 12.9114 19.7955
      vertex 1.0071 14 19.5053
      vertex 1.05655 12.8676 19.5053
    endloop
  endfacet
  facet normal -0.685895 -0.0299519 0.727084
    outer loop
      vertex 1.0071 14 19.5053
      vertex 0.635938 12.8308 19.107
      vertex 1.05655 12.8676 19.5053
    endloop
  endfacet
  facet normal -0.608977 -0.317008 0.727085
    outer loop
      vertex 2.22444 8.50897 19.5053
      vertex 1.84178 8.33053 19.107
      vertex 2.74782 7.50355 19.5053
    endloop
  endfacet
  facet normal -0.634291 -0.262732 0.727081
    outer loop
      vertex 1.79067 9.55617 19.5053
      vertex 1.39392 9.41176 19.107
      vertex 1.84178 8.33053 19.107
    endloop
  endfacet
  facet normal -0.443787 -0.23102 0.865842
    outer loop
      vertex 2.68004 8.72141 19.7955
      vertex 2.22444 8.50897 19.5053
      vertex 3.18317 7.7549 19.7955
    endloop
  endfacet
  facet normal -0.544678 -0.417947 0.72708
    outer loop
      vertex 4.04686 5.64833 19.5053
      vertex 3.01098 6.30541 19.107
      vertex 3.72343 5.37693 19.107
    endloop
  endfacet
  facet normal -0.0653068 -0.496034 0.865844
    outer loop
      vertex 11.8311 1.69956 19.7955
      vertex 11.7438 1.2045 19.5053
      vertex 12.9114 1.55733 19.7955
    endloop
  endfacet
  facet normal -0.0403029 -0.07742 0.996184
    outer loop
      vertex 8.25 4.04071 20
      vertex 8.03294 3.66475 19.962
      vertex 8.95642 3.18401 19.962
    endloop
  endfacet
  facet normal -0.132563 -0.254648 0.957905
    outer loop
      vertex 8.03294 3.66475 19.962
      vertex 7.7549 3.18317 19.7955
      vertex 8.95642 3.18401 19.962
    endloop
  endfacet
  facet normal -0.154251 -0.242126 0.957905
    outer loop
      vertex 8.03294 3.66475 19.962
      vertex 7.15487 4.22414 19.962
      vertex 7.7549 3.18317 19.7955
    endloop
  endfacet
  facet normal 0.0735591 0.0468601 0.996189
    outer loop
      vertex 105.776 72.8451 19.962
      vertex 105.42 72.5961 20
      vertex 105.959 71.75 20
    endloop
  endfacet
  facet normal 0.080637 -0.0333657 0.996185
    outer loop
      vertex 107.214 9.91829 19.962
      vertex 106.806 10.0668 20
      vertex 106.816 8.95642 19.962
    endloop
  endfacet
  facet normal -0.214977 -0.969707 0.115991
    outer loop
      vertex 11.5806 0.279056 18.0765
      vertex 10.3765 0.477039 17.5
      vertex 11.5689 0.212692 17.5
    endloop
  endfacet
  facet normal -0.214987 -0.969702 0.116012
    outer loop
      vertex 10.394 0.54213 18.0765
      vertex 10.3765 0.477039 17.5
      vertex 11.5806 0.279056 18.0765
    endloop
  endfacet
  facet normal -0.0409936 -0.938911 0.341709
    outer loop
      vertex 12.803 0.318181 18.622
      vertex 12.7857 0.120406 18.0765
      vertex 14 0.265919 18.622
    endloop
  endfacet
  facet normal 0 -0.939701 0.341997
    outer loop
      vertex 14 0.0673885 18.0765
      vertex 96 0.265919 18.622
      vertex 14 0.265919 18.622
    endloop
  endfacet
  facet normal 0 -0.939701 0.341997
    outer loop
      vertex 96 0.265919 18.622
      vertex 14 0.0673885 18.0765
      vertex 96 0.0673885 18.0765
    endloop
  endfacet
  facet normal -0.0364545 -0.834947 0.549121
    outer loop
      vertex 12.8308 0.635938 19.107
      vertex 12.803 0.318181 18.622
      vertex 14 0.265919 18.622
    endloop
  endfacet
  facet normal 0 -0.686209 0.727404
    outer loop
      vertex 14 1.0071 19.5053
      vertex 96 0.584889 19.107
      vertex 96 1.0071 19.5053
    endloop
  endfacet
  facet normal 0 -0.686209 0.727404
    outer loop
      vertex 96 0.584889 19.107
      vertex 14 1.0071 19.5053
      vertex 14 0.584889 19.107
    endloop
  endfacet
  facet normal -0.508769 -0.663039 0.54912
    outer loop
      vertex 6.30541 3.01098 19.107
      vertex 5.37693 3.72343 19.107
      vertex 6.12245 2.7497 18.622
    endloop
  endfacet
  facet normal -0.449042 -0.704861 0.549119
    outer loop
      vertex 6.30541 3.01098 19.107
      vertex 6.12245 2.7497 18.622
      vertex 7.13296 2.10594 18.622
    endloop
  endfacet
  facet normal -0.380101 -0.917642 0.116001
    outer loop
      vertex 8.11182 1.37277 18.0765
      vertex 8.08334 1.31169 17.5
      vertex 9.23477 0.907628 18.0765
    endloop
  endfacet
  facet normal -0.0374745 -0.28463 0.957905
    outer loop
      vertex 12.9599 2.11129 19.962
      vertex 11.9277 2.24719 19.962
      vertex 12.9114 1.55733 19.7955
    endloop
  endfacet
  facet normal -0.579035 -0.368884 0.727079
    outer loop
      vertex 2.74782 7.50355 19.5053
      vertex 2.38217 7.29245 19.107
      vertex 3.01098 6.30541 19.107
    endloop
  endfacet
  facet normal -0.368871 -0.338013 0.865842
    outer loop
      vertex 4.43195 5.97145 19.7955
      vertex 4.04686 5.64833 19.5053
      vertex 4.81264 4.81264 19.5053
    endloop
  endfacet
  facet normal -0.938911 0.0409938 0.341709
    outer loop
      vertex 0.120406 67.2143 18.0765
      vertex 0.0673885 66 18.0765
      vertex 0.265919 66 18.622
    endloop
  endfacet
  facet normal -0.938911 -0.0409938 0.341709
    outer loop
      vertex 0.265919 14 18.622
      vertex 0.0673885 14 18.0765
      vertex 0.120406 12.7857 18.0765
    endloop
  endfacet
  facet normal -0.686209 0 0.727404
    outer loop
      vertex 0.584889 66 19.107
      vertex 1.0071 14 19.5053
      vertex 1.0071 66 19.5053
    endloop
  endfacet
  facet normal -0.686209 0 0.727404
    outer loop
      vertex 1.0071 14 19.5053
      vertex 0.584889 66 19.107
      vertex 0.584889 14 19.107
    endloop
  endfacet
  facet normal -0.815931 0.180885 0.549124
    outer loop
      vertex 1.042 69.4721 19.107
      vertex 0.47457 68.3849 18.622
      vertex 0.788695 68.3295 19.107
    endloop
  endfacet
  facet normal -0.868272 0.359639 0.341708
    outer loop
      vertex 1.37277 71.8882 18.0765
      vertex 1.09418 70.6973 18.622
      vertex 1.5527 71.8043 18.622
    endloop
  endfacet
  facet normal -0.496039 0.0653044 0.865841
    outer loop
      vertex 1.2045 68.2562 19.5053
      vertex 1.05655 67.1324 19.5053
      vertex 1.55733 67.0886 19.7955
    endloop
  endfacet
  facet normal -0.969707 0.214977 0.115991
    outer loop
      vertex 0.477039 69.6235 17.5
      vertex 0.212692 68.4311 17.5
      vertex 0.279056 68.4194 18.0765
    endloop
  endfacet
  facet normal 0.30078 -0.953694 0
    outer loop
      vertex 99.6235 0.477039 0
      vertex 100.788 0.844304 17.5
      vertex 99.6235 0.477039 17.5
    endloop
  endfacet
  facet normal 0.30078 -0.953694 0
    outer loop
      vertex 100.788 0.844304 17.5
      vertex 99.6235 0.477039 0
      vertex 100.788 0.844304 0
    endloop
  endfacet
  facet normal -0.544682 0.417942 0.72708
    outer loop
      vertex 3.72343 74.6231 19.107
      vertex 3.01098 73.6946 19.107
      vertex 4.04686 74.3517 19.5053
    endloop
  endfacet
  facet normal -0.663067 0.50878 0.549076
    outer loop
      vertex 3.72343 74.6231 19.107
      vertex 2.7497 73.8775 18.622
      vertex 3.01098 73.6946 19.107
    endloop
  endfacet
  facet normal -0.797054 0.251321 0.54913
    outer loop
      vertex 1.09418 70.6973 18.622
      vertex 1.042 69.4721 19.107
      vertex 1.39392 70.5882 19.107
    endloop
  endfacet
  facet normal -0.772134 0.319818 0.549113
    outer loop
      vertex 1.5527 71.8043 18.622
      vertex 1.09418 70.6973 18.622
      vertex 1.84178 71.6695 19.107
    endloop
  endfacet
  facet normal -0.917524 -0.203418 0.341717
    outer loop
      vertex 0.47457 11.6151 18.622
      vertex 0.279056 11.5806 18.0765
      vertex 0.733896 10.4454 18.622
    endloop
  endfacet
  facet normal -0.741318 -0.385904 0.549114
    outer loop
      vertex 1.84178 8.33053 19.107
      vertex 1.5527 8.19573 18.622
      vertex 2.10594 7.13296 18.622
    endloop
  endfacet
  facet normal -0.938911 -0.0409936 0.341709
    outer loop
      vertex 0.265919 14 18.622
      vertex 0.120406 12.7857 18.0765
      vertex 0.318181 12.803 18.622
    endloop
  endfacet
  facet normal -0.947274 -0.298683 0.116021
    outer loop
      vertex 0.54213 10.394 18.0765
      vertex 0.477039 10.3765 17.5
      vertex 0.844304 9.21172 17.5
    endloop
  endfacet
  facet normal 0.571757 0.745703 0.342083
    outer loop
      vertex 104.956 76.673 18.0765
      vertex 103.991 77.4129 18.0765
      vertex 104.828 76.5209 18.622
    endloop
  endfacet
  facet normal 0.0693121 0.0532008 0.996175
    outer loop
      vertex 105.142 73.6711 19.962
      vertex 104.81 73.3921 20
      vertex 105.776 72.8451 19.962
    endloop
  endfacet
  facet normal 0.671135 0.732266 0.115601
    outer loop
      vertex 104.999 76.7246 17.5
      vertex 104.956 76.673 18.0765
      vertex 105.852 75.8518 18.0765
    endloop
  endfacet
  facet normal 0.56476 0.6164 0.548723
    outer loop
      vertex 105.711 75.7115 18.622
      vertex 104.623 76.2766 19.107
      vertex 105.486 75.4859 19.107
    endloop
  endfacet
  facet normal 0.604606 0.787981 0.116351
    outer loop
      vertex 104.03 77.4681 17.5
      vertex 103.991 77.4129 18.0765
      vertex 104.999 76.7246 17.5
    endloop
  endfacet
  facet normal 0.533721 0.837624 0.116309
    outer loop
      vertex 104.03 77.4681 17.5
      vertex 103 78.1244 17.5
      vertex 103.991 77.4129 18.0765
    endloop
  endfacet
  facet normal 0.268854 0.422066 0.865782
    outer loop
      vertex 102.496 77.2522 19.5053
      vertex 102.245 76.8168 19.7955
      vertex 103.164 76.2314 19.7955
    endloop
  endfacet
  facet normal 0.231138 0.443817 0.865795
    outer loop
      vertex 102.496 77.2522 19.5053
      vertex 101.491 77.7756 19.5053
      vertex 102.245 76.8168 19.7955
    endloop
  endfacet
  facet normal 0.319928 0.772142 0.549038
    outer loop
      vertex 100.697 78.9058 18.622
      vertex 100.588 78.6061 19.107
      vertex 101.669 78.1582 19.107
    endloop
  endfacet
  facet normal 0.385703 0.741571 0.548913
    outer loop
      vertex 102.867 77.8941 18.622
      vertex 101.669 78.1582 19.107
      vertex 102.708 77.6178 19.107
    endloop
  endfacet
  facet normal -0.0832415 0.0262468 0.996184
    outer loop
      vertex 2.7856 70.0817 19.962
      vertex 2.47253 69.0888 19.962
      vertex 2.89185 68.9764 20
    endloop
  endfacet
  facet normal -0.273799 0.0863289 0.957905
    outer loop
      vertex 2.26305 70.2719 19.7955
      vertex 1.93539 69.2327 19.7955
      vertex 2.47253 69.0888 19.962
    endloop
  endfacet
  facet normal 0.369086 0.338122 0.865707
    outer loop
      vertex 105.187 75.1874 19.5053
      vertex 104.832 74.8319 19.7955
      vertex 105.568 74.0285 19.7955
    endloop
  endfacet
  facet normal 0.0531313 -0.069248 0.996184
    outer loop
      vertex 103.392 5.19049 20
      vertex 102.596 4.57975 20
      vertex 102.845 4.22414 19.962
    endloop
  endfacet
  facet normal 0.422058 0.269125 0.865701
    outer loop
      vertex 107.252 72.4964 19.5053
      vertex 106.231 73.1641 19.7955
      vertex 106.817 72.2451 19.7955
    endloop
  endfacet
  facet normal 0.368833 0.338071 0.865835
    outer loop
      vertex 105.953 74.3517 19.5053
      vertex 105.187 75.1874 19.5053
      vertex 105.568 74.0285 19.7955
    endloop
  endfacet
  facet normal 0.680408 -0.0890016 0.727409
    outer loop
      vertex 108.943 12.8676 19.5053
      vertex 108.796 11.7438 19.5053
      vertex 109.364 12.8308 19.107
    endloop
  endfacet
  facet normal 0.685539 -0.0302693 0.727406
    outer loop
      vertex 108.993 14 19.5053
      vertex 108.943 12.8676 19.5053
      vertex 109.364 12.8308 19.107
    endloop
  endfacet
  facet normal 0.495288 -0.0655615 0.866252
    outer loop
      vertex 108.443 12.9114 19.7955
      vertex 108.3 11.8311 19.7955
      vertex 108.796 11.7438 19.5053
    endloop
  endfacet
  facet normal 0.286807 -0.0123828 0.957908
    outer loop
      vertex 108.49 14 19.7955
      vertex 107.889 12.9599 19.962
      vertex 108.443 12.9114 19.7955
    endloop
  endfacet
  facet normal 0.816068 -0.180697 0.548982
    outer loop
      vertex 109.525 11.6151 18.622
      vertex 108.958 10.5279 19.107
      vertex 109.266 10.4454 18.622
    endloop
  endfacet
  facet normal 0.670972 -0.14857 0.726446
    outer loop
      vertex 109.211 11.6705 19.107
      vertex 108.796 11.7438 19.5053
      vertex 108.958 10.5279 19.107
    endloop
  endfacet
  facet normal 0.265086 -0.109687 0.957966
    outer loop
      vertex 107.214 9.91829 19.962
      vertex 106.816 8.95642 19.962
      vertex 107.737 9.7281 19.7955
    endloop
  endfacet
  facet normal 0.48879 -0.108659 0.865608
    outer loop
      vertex 108.796 11.7438 19.5053
      vertex 108.065 10.7673 19.7955
      vertex 108.55 10.6372 19.5053
    endloop
  endfacet
  facet normal 0.741435 -0.385797 0.549031
    outer loop
      vertex 108.158 8.33053 19.107
      vertex 107.894 7.13296 18.622
      vertex 108.447 8.19573 18.622
    endloop
  endfacet
  facet normal 0.88116 -0.458508 0.115446
    outer loop
      vertex 108.627 8.11182 18.0765
      vertex 108.066 7.03369 18.0765
      vertex 108.124 7 17.5
    endloop
  endfacet
  facet normal 0.741576 -0.385761 0.548866
    outer loop
      vertex 108.158 8.33053 19.107
      vertex 107.618 7.29245 19.107
      vertex 107.894 7.13296 18.622
    endloop
  endfacet
  facet normal 0.608841 -0.316714 0.727327
    outer loop
      vertex 108.158 8.33053 19.107
      vertex 107.252 7.50355 19.5053
      vertex 107.618 7.29245 19.107
    endloop
  endfacet
  facet normal 0.616287 -0.564969 0.548635
    outer loop
      vertex 106.277 5.37693 19.107
      vertex 105.486 4.51408 19.107
      vertex 105.711 4.28854 18.622
    endloop
  endfacet
  facet normal 0.544505 0.417542 0.727443
    outer loop
      vertex 106.277 74.6231 19.107
      vertex 105.953 74.3517 19.5053
      vertex 106.989 73.6946 19.107
    endloop
  endfacet
  facet normal 0.663359 0.508683 0.548814
    outer loop
      vertex 107.25 73.8775 18.622
      vertex 106.277 74.6231 19.107
      vertex 106.989 73.6946 19.107
    endloop
  endfacet
  facet normal 0.578945 0.368805 0.72719
    outer loop
      vertex 106.989 73.6946 19.107
      vertex 106.643 73.4524 19.5053
      vertex 107.252 72.4964 19.5053
    endloop
  endfacet
  facet normal 0.544606 0.417856 0.727187
    outer loop
      vertex 106.989 73.6946 19.107
      vertex 105.953 74.3517 19.5053
      vertex 106.643 73.4524 19.5053
    endloop
  endfacet
  facet normal 0.792384 0.504993 0.342213
    outer loop
      vertex 107.413 73.9914 18.0765
      vertex 107.25 73.8775 18.622
      vertex 107.894 72.867 18.622
    endloop
  endfacet
  facet normal 0.745619 0.571803 0.342189
    outer loop
      vertex 107.413 73.9914 18.0765
      vertex 106.521 74.8281 18.622
      vertex 107.25 73.8775 18.622
    endloop
  endfacet
  facet normal 0.608809 0.316691 0.727364
    outer loop
      vertex 107.618 72.7076 19.107
      vertex 107.252 72.4964 19.5053
      vertex 108.158 71.6695 19.107
    endloop
  endfacet
  facet normal 0.741608 0.38577 0.548816
    outer loop
      vertex 107.894 72.867 18.622
      vertex 107.618 72.7076 19.107
      vertex 108.158 71.6695 19.107
    endloop
  endfacet
  facet normal 0.833652 0.433799 0.341823
    outer loop
      vertex 108.066 72.9663 18.0765
      vertex 107.894 72.867 18.622
      vertex 108.627 71.8882 18.0765
    endloop
  endfacet
  facet normal 0.881154 0.458517 0.115454
    outer loop
      vertex 108.124 73 17.5
      vertex 108.066 72.9663 18.0765
      vertex 108.627 71.8882 18.0765
    endloop
  endfacet
  facet normal 0.816068 0.180697 0.548982
    outer loop
      vertex 109.266 69.5546 18.622
      vertex 108.958 69.4721 19.107
      vertex 109.525 68.3849 18.622
    endloop
  endfacet
  facet normal 0.976356 0.216167 0
    outer loop
      vertex 109.787 68.4311 17.5
      vertex 109.523 69.6235 0
      vertex 109.523 69.6235 17.5
    endloop
  endfacet
  facet normal 0.976356 0.216167 0
    outer loop
      vertex 109.523 69.6235 0
      vertex 109.787 68.4311 17.5
      vertex 109.787 68.4311 0
    endloop
  endfacet
  facet normal 0.496653 0.0649654 0.865514
    outer loop
      vertex 108.796 68.2562 19.5053
      vertex 108.443 67.0886 19.7955
      vertex 108.943 67.1324 19.5053
    endloop
  endfacet
  facet normal 0.686083 0.0299267 0.726907
    outer loop
      vertex 109.364 67.1692 19.107
      vertex 108.993 66 19.5053
      vertex 109.415 66 19.107
    endloop
  endfacet
  facet normal 0.984741 0.129926 0.115775
    outer loop
      vertex 109.947 67.2202 17.5
      vertex 109.721 68.4194 18.0765
      vertex 109.88 67.2143 18.0765
    endloop
  endfacet
  facet normal 0.984762 0.13012 0.11538
    outer loop
      vertex 109.787 68.4311 17.5
      vertex 109.721 68.4194 18.0765
      vertex 109.947 67.2202 17.5
    endloop
  endfacet
  facet normal 0.833663 -0.433787 0.341812
    outer loop
      vertex 108.447 8.19573 18.622
      vertex 107.894 7.13296 18.622
      vertex 108.627 8.11182 18.0765
    endloop
  endfacet
  facet normal 0.868569 -0.359664 0.340926
    outer loop
      vertex 108.906 9.30267 18.622
      vertex 108.627 8.11182 18.0765
      vertex 109.092 9.23477 18.0765
    endloop
  endfacet
  facet normal 0.953777 -0.300517 0
    outer loop
      vertex 109.156 9.21172 17.5
      vertex 109.523 10.3765 0
      vertex 109.523 10.3765 17.5
    endloop
  endfacet
  facet normal 0.953777 -0.300517 0
    outer loop
      vertex 109.523 10.3765 0
      vertex 109.156 9.21172 17.5
      vertex 109.156 9.21172 0
    endloop
  endfacet
  facet normal 0.843476 -0.537167 0
    outer loop
      vertex 107.468 5.96993 17.5
      vertex 108.124 7 0
      vertex 108.124 7 17.5
    endloop
  endfacet
  facet normal 0.843476 -0.537167 0
    outer loop
      vertex 108.124 7 0
      vertex 107.468 5.96993 17.5
      vertex 107.468 5.96993 0
    endloop
  endfacet
  facet normal 0.508925 -0.662899 0.549145
    outer loop
      vertex 104.623 3.72343 19.107
      vertex 103.695 3.01098 19.107
      vertex 103.878 2.7497 18.622
    endloop
  endfacet
  facet normal 0.464201 -0.506161 0.726855
    outer loop
      vertex 105.187 4.81264 19.5053
      vertex 104.352 4.04686 19.5053
      vertex 104.623 3.72343 19.107
    endloop
  endfacet
  facet normal 0.062134 -0.280279 0.957906
    outer loop
      vertex 99.2327 1.93539 19.7955
      vertex 98.0723 2.24719 19.962
      vertex 98.1689 1.69956 19.7955
    endloop
  endfacet
  facet normal 0.108291 -0.488463 0.865839
    outer loop
      vertex 99.2327 1.93539 19.7955
      vertex 98.2562 1.2045 19.5053
      vertex 99.3628 1.44983 19.5053
    endloop
  endfacet
  facet normal 0.317194 -0.60908 0.726917
    outer loop
      vertex 102.496 2.74782 19.5053
      vertex 101.491 2.22444 19.5053
      vertex 101.669 1.84178 19.107
    endloop
  endfacet
  facet normal 0.206414 -0.654779 0.727089
    outer loop
      vertex 100.444 1.79067 19.5053
      vertex 99.3628 1.44983 19.5053
      vertex 99.4721 1.042 19.107
    endloop
  endfacet
  facet normal 0.448879 -0.704948 0.549141
    outer loop
      vertex 103.695 3.01098 19.107
      vertex 102.867 2.10594 18.622
      vertex 103.878 2.7497 18.622
    endloop
  endfacet
  facet normal 0.449169 -0.705029 0.5488
    outer loop
      vertex 103.695 3.01098 19.107
      vertex 102.708 2.38217 19.107
      vertex 102.867 2.10594 18.622
    endloop
  endfacet
  facet normal 0.692771 -0.63469 0.342399
    outer loop
      vertex 106.673 5.04429 18.0765
      vertex 105.711 4.28854 18.622
      vertex 105.852 4.14816 18.0765
    endloop
  endfacet
  facet normal 0.251369 -0.797063 0.549094
    outer loop
      vertex 100.588 1.39392 19.107
      vertex 99.4721 1.042 19.107
      vertex 100.697 1.09418 18.622
    endloop
  endfacet
  facet normal 0.214977 -0.969707 0.115991
    outer loop
      vertex 99.6235 0.477039 17.5
      vertex 98.4194 0.279056 18.0765
      vertex 98.4311 0.212692 17.5
    endloop
  endfacet
  facet normal 0.505038 -0.792662 0.341502
    outer loop
      vertex 103.991 2.58707 18.0765
      vertex 102.867 2.10594 18.622
      vertex 102.966 1.934 18.0765
    endloop
  endfacet
  facet normal 0.227956 -0.174829 0.957847
    outer loop
      vertex 105.776 7.15487 19.962
      vertex 105.568 5.97145 19.7955
      vertex 106.231 6.83592 19.7955
    endloop
  endfacet
  facet normal 0.242231 -0.154462 0.957844
    outer loop
      vertex 106.817 7.7549 19.7955
      vertex 105.776 7.15487 19.962
      vertex 106.231 6.83592 19.7955
    endloop
  endfacet
  facet normal 0.33821 -0.368781 0.865803
    outer loop
      vertex 105.187 4.81264 19.5053
      vertex 104.029 4.43195 19.7955
      vertex 104.352 4.04686 19.5053
    endloop
  endfacet
  facet normal 0.338247 -0.368963 0.865711
    outer loop
      vertex 104.832 5.1681 19.7955
      vertex 104.029 4.43195 19.7955
      vertex 105.187 4.81264 19.5053
    endloop
  endfacet
  facet normal 0.663331 -0.508672 0.548858
    outer loop
      vertex 106.989 6.30541 19.107
      vertex 106.277 5.37693 19.107
      vertex 107.25 6.12245 18.622
    endloop
  endfacet
  facet normal 0.396975 -0.304602 0.865811
    outer loop
      vertex 106.643 6.54758 19.5053
      vertex 105.568 5.97145 19.7955
      vertex 105.953 5.64833 19.5053
    endloop
  endfacet
  facet normal 0.13262 -0.254625 0.957903
    outer loop
      vertex 101.967 3.66475 19.962
      vertex 101.044 3.18401 19.962
      vertex 102.245 3.18317 19.7955
    endloop
  endfacet
  facet normal 0.0262395 -0.0832435 0.996184
    outer loop
      vertex 100.082 2.7856 19.962
      vertex 98.9764 2.89185 20
      vertex 99.0888 2.47253 19.962
    endloop
  endfacet
  facet normal 0.368671 -0.578678 0.727471
    outer loop
      vertex 103.695 3.01098 19.107
      vertex 102.496 2.74782 19.5053
      vertex 102.708 2.38217 19.107
    endloop
  endfacet
  facet normal 0.36867 -0.578714 0.727443
    outer loop
      vertex 103.452 3.35684 19.5053
      vertex 102.496 2.74782 19.5053
      vertex 103.695 3.01098 19.107
    endloop
  endfacet
  facet normal -0.0333998 -0.0806363 0.996184
    outer loop
      vertex 10.0668 3.19354 20
      vertex 8.95642 3.18401 19.962
      vertex 9.91829 2.7856 19.962
    endloop
  endfacet
  facet normal -0.0218237 -0.499837 0.865844
    outer loop
      vertex 14 1.5098 19.7955
      vertex 12.9114 1.55733 19.7955
      vertex 14 1.0071 19.5053
    endloop
  endfacet
  facet normal -0.24213 0.154265 0.957902
    outer loop
      vertex 4.22414 72.8451 19.962
      vertex 3.18317 72.2451 19.7955
      vertex 3.66475 71.9671 19.962
    endloop
  endfacet
  facet normal -0.254657 0.132565 0.957902
    outer loop
      vertex 3.66475 71.9671 19.962
      vertex 3.18317 72.2451 19.7955
      vertex 3.18401 71.0436 19.962
    endloop
  endfacet
  facet normal -0.608948 0.316992 0.727117
    outer loop
      vertex 2.38217 72.7076 19.107
      vertex 1.84178 71.6695 19.107
      vertex 2.74782 72.4964 19.5053
    endloop
  endfacet
  facet normal -0.443799 0.231028 0.865834
    outer loop
      vertex 2.74782 72.4964 19.5053
      vertex 2.22444 71.491 19.5053
      vertex 3.18317 72.2451 19.7955
    endloop
  endfacet
  facet normal -0.745604 0.572119 0.341694
    outer loop
      vertex 3.327 74.9557 18.0765
      vertex 2.58707 73.9914 18.0765
      vertex 3.47908 74.8281 18.622
    endloop
  endfacet
  facet normal -0.745605 0.572091 0.341739
    outer loop
      vertex 3.47908 74.8281 18.622
      vertex 2.58707 73.9914 18.0765
      vertex 2.7497 73.8775 18.622
    endloop
  endfacet
  facet normal -0.433933 0.833643 0.341675
    outer loop
      vertex 8.11182 78.6272 18.0765
      vertex 7.13296 77.8941 18.622
      vertex 8.19573 78.4473 18.622
    endloop
  endfacet
  facet normal -0.504983 0.792624 0.341671
    outer loop
      vertex 7.03369 78.066 18.0765
      vertex 6.00858 77.4129 18.0765
      vertex 7.13296 77.8941 18.622
    endloop
  endfacet
  facet normal -0.634898 0.692913 0.341726
    outer loop
      vertex 5.04429 76.673 18.0765
      vertex 4.28854 75.7115 18.622
      vertex 5.1719 76.5209 18.622
    endloop
  endfacet
  facet normal -0.564619 0.616211 0.549081
    outer loop
      vertex 5.1719 76.5209 18.622
      vertex 4.28854 75.7115 18.622
      vertex 5.37693 76.2766 19.107
    endloop
  endfacet
  facet normal -0.608757 0.793357 0
    outer loop
      vertex 5.96993 77.4681 0
      vertex 5.00097 76.7246 17.5
      vertex 5.96993 77.4681 17.5
    endloop
  endfacet
  facet normal -0.608757 0.793357 0
    outer loop
      vertex 5.00097 76.7246 17.5
      vertex 5.96993 77.4681 0
      vertex 5.00097 76.7246 0
    endloop
  endfacet
  facet normal -0.07742 -0.0403029 0.996184
    outer loop
      vertex 4.04071 8.25 20
      vertex 3.18401 8.95642 19.962
      vertex 3.66475 8.03294 19.962
    endloop
  endfacet
  facet normal -0.280279 0.062134 0.957906
    outer loop
      vertex 1.93539 69.2327 19.7955
      vertex 1.69956 68.1689 19.7955
      vertex 2.24719 68.0723 19.962
    endloop
  endfacet
  facet normal -0.496034 0.0653068 0.865844
    outer loop
      vertex 1.69956 68.1689 19.7955
      vertex 1.2045 68.2562 19.5053
      vertex 1.55733 67.0886 19.7955
    endloop
  endfacet
  facet normal -0.286814 0.0125228 0.957904
    outer loop
      vertex 1.55733 67.0886 19.7955
      vertex 1.5098 66 19.7955
      vertex 2.11129 67.0401 19.962
    endloop
  endfacet
  facet normal -0.286813 0.0125221 0.957905
    outer loop
      vertex 2.11129 67.0401 19.962
      vertex 1.5098 66 19.7955
      vertex 2.06588 66 19.962
    endloop
  endfacet
  facet normal -0.083241 0.0262468 0.996184
    outer loop
      vertex 3.19354 69.9332 20
      vertex 2.7856 70.0817 19.962
      vertex 2.89185 68.9764 20
    endloop
  endfacet
  facet normal -0.0852177 0.0188934 0.996183
    outer loop
      vertex 2.89185 68.9764 20
      vertex 2.24719 68.0723 19.962
      vertex 2.67471 67.997 20
    endloop
  endfacet
  facet normal -0.0433106 0.992303 0.116013
    outer loop
      vertex 14 80 17.5
      vertex 12.7857 79.8796 18.0765
      vertex 14 79.9326 18.0765
    endloop
  endfacet
  facet normal -0.109119 0.828607 0.549094
    outer loop
      vertex 12.8308 79.3641 19.107
      vertex 11.6151 79.5254 18.622
      vertex 11.6705 79.2113 19.107
    endloop
  endfacet
  facet normal -0.0896383 0.680676 0.727079
    outer loop
      vertex 12.8308 79.3641 19.107
      vertex 11.6705 79.2113 19.107
      vertex 11.7438 78.7955 19.5053
    endloop
  endfacet
  facet normal 0.122678 0.93177 0.341693
    outer loop
      vertex 98.4194 79.7209 18.0765
      vertex 97.197 79.6818 18.622
      vertex 98.3849 79.5254 18.622
    endloop
  endfacet
  facet normal 0.0364829 0.834991 0.549053
    outer loop
      vertex 97.197 79.6818 18.622
      vertex 96 79.7341 18.622
      vertex 97.1692 79.3641 19.107
    endloop
  endfacet
  facet normal 0.0433106 0.992303 0.116013
    outer loop
      vertex 96 80 17.5
      vertex 96 79.9326 18.0765
      vertex 97.2143 79.8796 18.0765
    endloop
  endfacet
  facet normal 0.040981 0.938929 0.341663
    outer loop
      vertex 96 79.9326 18.0765
      vertex 96 79.7341 18.622
      vertex 97.2143 79.8796 18.0765
    endloop
  endfacet
  facet normal 0.109099 0.828636 0.549053
    outer loop
      vertex 97.197 79.6818 18.622
      vertex 97.1692 79.3641 19.107
      vertex 98.3849 79.5254 18.622
    endloop
  endfacet
  facet normal 0.109119 0.828607 0.549094
    outer loop
      vertex 98.3849 79.5254 18.622
      vertex 97.1692 79.3641 19.107
      vertex 98.3295 79.2113 19.107
    endloop
  endfacet
  facet normal 0.282642 0.896256 0.341817
    outer loop
      vertex 100.765 79.0924 18.0765
      vertex 99.606 79.4579 18.0765
      vertex 100.697 78.9058 18.622
    endloop
  endfacet
  facet normal 0.298729 0.94727 0.115929
    outer loop
      vertex 100.788 79.1557 17.5
      vertex 99.606 79.4579 18.0765
      vertex 100.765 79.0924 18.0765
    endloop
  endfacet
  facet normal 0.0863364 0.273816 0.957899
    outer loop
      vertex 99.2327 78.0646 19.7955
      vertex 99.0888 77.5275 19.962
      vertex 100.272 77.7369 19.7955
    endloop
  endfacet
  facet normal -0.0871993 0.00380708 0.996184
    outer loop
      vertex 2.54376 67.0023 20
      vertex 2.11129 67.0401 19.962
      vertex 2.5 66 20
    endloop
  endfacet
  facet normal 0.242222 0.154453 0.957848
    outer loop
      vertex 106.231 73.1641 19.7955
      vertex 105.776 72.8451 19.962
      vertex 106.817 72.2451 19.7955
    endloop
  endfacet
  facet normal -0.0374935 0.28464 0.957901
    outer loop
      vertex 12.9114 78.4427 19.7955
      vertex 11.8311 78.3004 19.7955
      vertex 11.9277 77.7528 19.962
    endloop
  endfacet
  facet normal -0.0653344 0.495999 0.865861
    outer loop
      vertex 12.9114 78.4427 19.7955
      vertex 11.7438 78.7955 19.5053
      vertex 11.8311 78.3004 19.7955
    endloop
  endfacet
  facet normal -0.0299221 0.685907 0.727074
    outer loop
      vertex 14 78.9929 19.5053
      vertex 12.8308 79.3641 19.107
      vertex 12.8676 78.9435 19.5053
    endloop
  endfacet
  facet normal -0.0896431 0.680682 0.727074
    outer loop
      vertex 12.8308 79.3641 19.107
      vertex 11.7438 78.7955 19.5053
      vertex 12.8676 78.9435 19.5053
    endloop
  endfacet
  facet normal -0.00380639 0.0872033 0.996183
    outer loop
      vertex 14 77.9341 19.962
      vertex 12.9599 77.8887 19.962
      vertex 14 77.5 20
    endloop
  endfacet
  facet normal -0.0125189 0.286804 0.957908
    outer loop
      vertex 14 78.4902 19.7955
      vertex 12.9599 77.8887 19.962
      vertex 14 77.9341 19.962
    endloop
  endfacet
  facet normal -0.150463 0.477133 0.865855
    outer loop
      vertex 10.6372 78.5502 19.5053
      vertex 9.55617 78.2093 19.5053
      vertex 10.7673 78.0646 19.7955
    endloop
  endfacet
  facet normal -0.108272 0.488437 0.865856
    outer loop
      vertex 11.7438 78.7955 19.5053
      vertex 10.6372 78.5502 19.5053
      vertex 10.7673 78.0646 19.7955
    endloop
  endfacet
  facet normal -0.262716 0.634346 0.727039
    outer loop
      vertex 9.55617 78.2093 19.5053
      vertex 8.33053 78.1582 19.107
      vertex 8.50897 77.7756 19.5053
    endloop
  endfacet
  facet normal -0.317039 0.609013 0.727042
    outer loop
      vertex 8.33053 78.1582 19.107
      vertex 7.50355 77.2522 19.5053
      vertex 8.50897 77.7756 19.5053
    endloop
  endfacet
  facet normal -0.282598 0.896289 0.341767
    outer loop
      vertex 10.394 79.4579 18.0765
      vertex 9.30267 78.9058 18.622
      vertex 10.4454 79.2661 18.622
    endloop
  endfacet
  facet normal -0.214929 0.969713 0.116027
    outer loop
      vertex 11.5806 79.7209 18.0765
      vertex 10.3765 79.523 17.5
      vertex 10.394 79.4579 18.0765
    endloop
  endfacet
  facet normal -0.359679 0.868232 0.341768
    outer loop
      vertex 9.23477 79.0924 18.0765
      vertex 8.11182 78.6272 18.0765
      vertex 9.30267 78.9058 18.622
    endloop
  endfacet
  facet normal -0.38014 0.917622 0.116033
    outer loop
      vertex 9.23477 79.0924 18.0765
      vertex 8.08334 78.6883 17.5
      vertex 8.11182 78.6272 18.0765
    endloop
  endfacet
  facet normal -0.251316 0.797076 0.549099
    outer loop
      vertex 10.4454 79.2661 18.622
      vertex 9.30267 78.9058 18.622
      vertex 10.5279 78.958 19.107
    endloop
  endfacet
  facet normal -0.180879 0.815946 0.549104
    outer loop
      vertex 11.6151 79.5254 18.622
      vertex 10.4454 79.2661 18.622
      vertex 10.5279 78.958 19.107
    endloop
  endfacet
  facet normal -0.0863437 0.273815 0.957899
    outer loop
      vertex 10.9112 77.5275 19.962
      vertex 9.7281 77.7369 19.7955
      vertex 9.91829 77.2144 19.962
    endloop
  endfacet
  facet normal -0.109866 0.265253 0.957899
    outer loop
      vertex 9.7281 77.7369 19.7955
      vertex 8.95642 76.816 19.962
      vertex 9.91829 77.2144 19.962
    endloop
  endfacet
  facet normal -0.211676 0.193958 0.957901
    outer loop
      vertex 5.1681 74.8319 19.7955
      vertex 4.43195 74.0285 19.7955
      vertex 4.85793 73.6711 19.962
    endloop
  endfacet
  facet normal -0.211667 0.193956 0.957903
    outer loop
      vertex 5.1681 74.8319 19.7955
      vertex 4.85793 73.6711 19.962
      vertex 5.5613 74.4387 19.962
    endloop
  endfacet
  facet normal 0.0832207 -0.0262674 0.996185
    outer loop
      vertex 107.108 11.0236 20
      vertex 106.806 10.0668 20
      vertex 107.214 9.91829 19.962
    endloop
  endfacet
  facet normal -0.0333998 -0.0806382 0.996184
    outer loop
      vertex 9.13989 3.57746 20
      vertex 8.95642 3.18401 19.962
      vertex 10.0668 3.19354 20
    endloop
  endfacet
  facet normal -0.772128 -0.319833 0.549114
    outer loop
      vertex 1.84178 8.33053 19.107
      vertex 1.09418 9.30267 18.622
      vertex 1.5527 8.19573 18.622
    endloop
  endfacet
  facet normal -0.772123 -0.319824 0.549125
    outer loop
      vertex 1.39392 9.41176 19.107
      vertex 1.09418 9.30267 18.622
      vertex 1.84178 8.33053 19.107
    endloop
  endfacet
  facet normal -0.608981 -0.317015 0.727079
    outer loop
      vertex 2.74782 7.50355 19.5053
      vertex 1.84178 8.33053 19.107
      vertex 2.38217 7.29245 19.107
    endloop
  endfacet
  facet normal -0.741316 -0.385904 0.549117
    outer loop
      vertex 2.38217 7.29245 19.107
      vertex 1.84178 8.33053 19.107
      vertex 2.10594 7.13296 18.622
    endloop
  endfacet
  facet normal 0.254469 0.132539 0.957956
    outer loop
      vertex 106.817 72.2451 19.7955
      vertex 106.335 71.9671 19.962
      vertex 106.816 71.0436 19.962
    endloop
  endfacet
  facet normal -0.154254 -0.242128 0.957904
    outer loop
      vertex 7.15487 4.22414 19.962
      vertex 6.83592 3.76863 19.7955
      vertex 7.7549 3.18317 19.7955
    endloop
  endfacet
  facet normal -0.231016 -0.443785 0.865844
    outer loop
      vertex 7.7549 3.18317 19.7955
      vertex 7.50355 2.74782 19.5053
      vertex 8.50897 2.22444 19.5053
    endloop
  endfacet
  facet normal -0.26882 -0.421959 0.865844
    outer loop
      vertex 7.7549 3.18317 19.7955
      vertex 6.83592 3.76863 19.7955
      vertex 7.50355 2.74782 19.5053
    endloop
  endfacet
  facet normal -0.268817 -0.421958 0.865846
    outer loop
      vertex 6.83592 3.76863 19.7955
      vertex 6.54758 3.35684 19.5053
      vertex 7.50355 2.74782 19.5053
    endloop
  endfacet
  facet normal -0.108284 -0.488455 0.865844
    outer loop
      vertex 11.8311 1.69956 19.7955
      vertex 10.7673 1.93539 19.7955
      vertex 11.7438 1.2045 19.5053
    endloop
  endfacet
  facet normal -0.298672 -0.947281 0.115993
    outer loop
      vertex 9.23477 0.907628 18.0765
      vertex 9.21172 0.844304 17.5
      vertex 10.394 0.54213 18.0765
    endloop
  endfacet
  facet normal -0.122668 -0.931764 0.341714
    outer loop
      vertex 11.6151 0.47457 18.622
      vertex 11.5806 0.279056 18.0765
      vertex 12.803 0.318181 18.622
    endloop
  endfacet
  facet normal -0.0364551 -0.834948 0.54912
    outer loop
      vertex 14 0.584889 19.107
      vertex 12.8308 0.635938 19.107
      vertex 14 0.265919 18.622
    endloop
  endfacet
  facet normal -0.216438 -0.976296 0
    outer loop
      vertex 10.3765 0.477039 0
      vertex 11.5689 0.212692 17.5
      vertex 10.3765 0.477039 17.5
    endloop
  endfacet
  facet normal -0.216438 -0.976296 -0
    outer loop
      vertex 11.5689 0.212692 17.5
      vertex 10.3765 0.477039 0
      vertex 11.5689 0.212692 0
    endloop
  endfacet
  facet normal -0.0409938 -0.938911 0.341709
    outer loop
      vertex 14 0.265919 18.622
      vertex 12.7857 0.120406 18.0765
      vertex 14 0.0673885 18.0765
    endloop
  endfacet
  facet normal -0.122666 -0.931766 0.341709
    outer loop
      vertex 12.803 0.318181 18.622
      vertex 11.5806 0.279056 18.0765
      vertex 12.7857 0.120406 18.0765
    endloop
  endfacet
  facet normal -0.129642 -0.984753 0.115997
    outer loop
      vertex 12.7857 0.120406 18.0765
      vertex 11.5806 0.279056 18.0765
      vertex 12.7798 0.0532751 17.5
    endloop
  endfacet
  facet normal 0.0364551 -0.834948 0.54912
    outer loop
      vertex 96 0.584889 19.107
      vertex 96 0.265919 18.622
      vertex 97.1692 0.635938 19.107
    endloop
  endfacet
  facet normal -0.0299475 -0.685901 0.727078
    outer loop
      vertex 14 1.0071 19.5053
      vertex 12.8308 0.635938 19.107
      vertex 14 0.584889 19.107
    endloop
  endfacet
  facet normal -0.0125228 -0.286814 0.957904
    outer loop
      vertex 12.9599 2.11129 19.962
      vertex 12.9114 1.55733 19.7955
      vertex 14 1.5098 19.7955
    endloop
  endfacet
  facet normal -0.458626 -0.881027 0.115989
    outer loop
      vertex 7.03369 1.934 18.0765
      vertex 7 1.87564 17.5
      vertex 8.11182 1.37277 18.0765
    endloop
  endfacet
  facet normal -0.433946 -0.833616 0.341723
    outer loop
      vertex 7.13296 2.10594 18.622
      vertex 7.03369 1.934 18.0765
      vertex 8.11182 1.37277 18.0765
    endloop
  endfacet
  facet normal -0.273799 -0.0863289 0.957905
    outer loop
      vertex 2.47253 10.9112 19.962
      vertex 1.93539 10.7673 19.7955
      vertex 2.26305 9.7281 19.7955
    endloop
  endfacet
  facet normal -0.0832416 -0.0262465 0.996184
    outer loop
      vertex 2.89185 11.0236 20
      vertex 2.47253 10.9112 19.962
      vertex 2.7856 9.91829 19.962
    endloop
  endfacet
  facet normal -0.488455 -0.108284 0.865844
    outer loop
      vertex 1.69956 11.8311 19.7955
      vertex 1.2045 11.7438 19.5053
      vertex 1.93539 10.7673 19.7955
    endloop
  endfacet
  facet normal -0.280279 -0.062134 0.957906
    outer loop
      vertex 2.24719 11.9277 19.962
      vertex 1.69956 11.8311 19.7955
      vertex 1.93539 10.7673 19.7955
    endloop
  endfacet
  facet normal -0.992305 0.043325 0.115993
    outer loop
      vertex 0.120406 67.2143 18.0765
      vertex 0 66 17.5
      vertex 0.0673885 66 18.0765
    endloop
  endfacet
  facet normal -0.835503 0 0.549486
    outer loop
      vertex 0.265919 14 18.622
      vertex 0.584889 66 19.107
      vertex 0.265919 66 18.622
    endloop
  endfacet
  facet normal -0.835503 0 0.549486
    outer loop
      vertex 0.584889 66 19.107
      vertex 0.265919 14 18.622
      vertex 0.584889 14 19.107
    endloop
  endfacet
  facet normal -0.834948 -0.0364551 0.54912
    outer loop
      vertex 0.584889 14 19.107
      vertex 0.265919 14 18.622
      vertex 0.635938 12.8308 19.107
    endloop
  endfacet
  facet normal -0.499837 0.0218237 0.865844
    outer loop
      vertex 1.55733 67.0886 19.7955
      vertex 1.0071 66 19.5053
      vertex 1.5098 66 19.7955
    endloop
  endfacet
  facet normal -0.834948 0.0364551 0.54912
    outer loop
      vertex 0.635938 67.1692 19.107
      vertex 0.265919 66 18.622
      vertex 0.584889 66 19.107
    endloop
  endfacet
  facet normal -0.772127 0.319805 0.54913
    outer loop
      vertex 1.84178 71.6695 19.107
      vertex 1.09418 70.6973 18.622
      vertex 1.39392 70.5882 19.107
    endloop
  endfacet
  facet normal -0.6343 0.262719 0.727078
    outer loop
      vertex 1.84178 71.6695 19.107
      vertex 1.39392 70.5882 19.107
      vertex 1.79067 70.4438 19.5053
    endloop
  endfacet
  facet normal -0.931764 0.122668 0.341714
    outer loop
      vertex 0.47457 68.3849 18.622
      vertex 0.279056 68.4194 18.0765
      vertex 0.318181 67.197 18.622
    endloop
  endfacet
  facet normal -0.680676 0.0896131 0.727083
    outer loop
      vertex 0.788695 68.3295 19.107
      vertex 0.635938 67.1692 19.107
      vertex 1.2045 68.2562 19.5053
    endloop
  endfacet
  facet normal -0.868276 0.359636 0.341701
    outer loop
      vertex 1.37277 71.8882 18.0765
      vertex 0.907628 70.7652 18.0765
      vertex 1.09418 70.6973 18.622
    endloop
  endfacet
  facet normal -0.896311 0.282609 0.341701
    outer loop
      vertex 0.907628 70.7652 18.0765
      vertex 0.54213 69.606 18.0765
      vertex 1.09418 70.6973 18.622
    endloop
  endfacet
  facet normal -0.670277 -0.148595 0.727082
    outer loop
      vertex 1.2045 11.7438 19.5053
      vertex 0.788695 11.6705 19.107
      vertex 1.042 10.5279 19.107
    endloop
  endfacet
  facet normal -0.680676 -0.0896131 0.727083
    outer loop
      vertex 1.2045 11.7438 19.5053
      vertex 0.635938 12.8308 19.107
      vertex 0.788695 11.6705 19.107
    endloop
  endfacet
  facet normal -0.984753 -0.129642 0.115997
    outer loop
      vertex 0.120406 12.7857 18.0765
      vertex 0.0532751 12.7798 17.5
      vertex 0.279056 11.5806 18.0765
    endloop
  endfacet
  facet normal -0.931766 -0.122666 0.341709
    outer loop
      vertex 0.318181 12.803 18.622
      vertex 0.120406 12.7857 18.0765
      vertex 0.279056 11.5806 18.0765
    endloop
  endfacet
  facet normal 0.732312 0.670939 0.116447
    outer loop
      vertex 106.725 74.999 17.5
      vertex 105.852 75.8518 18.0765
      vertex 106.673 74.9557 18.0765
    endloop
  endfacet
  facet normal 0.564756 0.61611 0.549053
    outer loop
      vertex 104.828 76.5209 18.622
      vertex 104.623 76.2766 19.107
      vertex 105.711 75.7115 18.622
    endloop
  endfacet
  facet normal 0.418161 0.544713 0.726931
    outer loop
      vertex 104.623 76.2766 19.107
      vertex 103.695 76.989 19.107
      vertex 104.352 75.9531 19.5053
    endloop
  endfacet
  facet normal 0.505065 0.792668 0.34145
    outer loop
      vertex 102.966 78.066 18.0765
      vertex 102.867 77.8941 18.622
      vertex 103.991 77.4129 18.0765
    endloop
  endfacet
  facet normal 0.368684 0.578756 0.727402
    outer loop
      vertex 103.695 76.989 19.107
      vertex 102.496 77.2522 19.5053
      vertex 103.452 76.6432 19.5053
    endloop
  endfacet
  facet normal 0.268875 0.422076 0.865771
    outer loop
      vertex 103.452 76.6432 19.5053
      vertex 102.496 77.2522 19.5053
      vertex 103.164 76.2314 19.7955
    endloop
  endfacet
  facet normal 0.316654 0.608815 0.727375
    outer loop
      vertex 102.708 77.6178 19.107
      vertex 101.669 78.1582 19.107
      vertex 102.496 77.2522 19.5053
    endloop
  endfacet
  facet normal 0.368686 0.578711 0.727437
    outer loop
      vertex 102.708 77.6178 19.107
      vertex 102.496 77.2522 19.5053
      vertex 103.695 76.989 19.107
    endloop
  endfacet
  facet normal 0.0262372 0.0832283 0.996185
    outer loop
      vertex 99.0888 77.5275 19.962
      vertex 98.9764 77.1081 20
      vertex 100.082 77.2144 19.962
    endloop
  endfacet
  facet normal 0.0468998 0.073611 0.996184
    outer loop
      vertex 101.967 76.3353 19.962
      vertex 101.75 75.9593 20
      vertex 102.845 75.7759 19.962
    endloop
  endfacet
  facet normal 0.0531204 0.0692383 0.996185
    outer loop
      vertex 102.845 75.7759 19.962
      vertex 102.596 75.4202 20
      vertex 103.392 74.8095 20
    endloop
  endfacet
  facet normal 0.0832213 0.0262676 0.996185
    outer loop
      vertex 107.214 70.0817 19.962
      vertex 106.806 69.9332 20
      vertex 107.108 68.9764 20
    endloop
  endfacet
  facet normal 0.0589508 0.0643648 0.996184
    outer loop
      vertex 103.671 75.1421 19.962
      vertex 103.392 74.8095 20
      vertex 104.439 74.4387 19.962
    endloop
  endfacet
  facet normal 0.0531327 0.0692452 0.996184
    outer loop
      vertex 103.671 75.1421 19.962
      vertex 102.845 75.7759 19.962
      vertex 103.392 74.8095 20
    endloop
  endfacet
  facet normal 0.0774635 0.04039 0.996177
    outer loop
      vertex 106.816 71.0436 19.962
      vertex 105.959 71.75 20
      vertex 106.423 70.8601 20
    endloop
  endfacet
  facet normal 0.477375 0.150673 0.865685
    outer loop
      vertex 108.209 70.4438 19.5053
      vertex 107.737 70.2719 19.7955
      vertex 108.065 69.2327 19.7955
    endloop
  endfacet
  facet normal 0.0852604 0.0189561 0.996178
    outer loop
      vertex 107.527 69.0888 19.962
      vertex 107.108 68.9764 20
      vertex 107.753 68.0723 19.962
    endloop
  endfacet
  facet normal 0.461986 0.191366 0.865995
    outer loop
      vertex 107.776 71.491 19.5053
      vertex 107.32 71.2786 19.7955
      vertex 107.737 70.2719 19.7955
    endloop
  endfacet
  facet normal 0.254656 0.132532 0.957907
    outer loop
      vertex 106.817 72.2451 19.7955
      vertex 106.816 71.0436 19.962
      vertex 107.32 71.2786 19.7955
    endloop
  endfacet
  facet normal 0.496653 -0.0649654 0.865514
    outer loop
      vertex 108.943 12.8676 19.5053
      vertex 108.443 12.9114 19.7955
      vertex 108.796 11.7438 19.5053
    endloop
  endfacet
  facet normal 0.500406 -0.0220949 0.865509
    outer loop
      vertex 108.993 14 19.5053
      vertex 108.443 12.9114 19.7955
      vertex 108.943 12.8676 19.5053
    endloop
  endfacet
  facet normal 0.284609 -0.0374993 0.95791
    outer loop
      vertex 107.889 12.9599 19.962
      vertex 107.753 11.9277 19.962
      vertex 108.443 12.9114 19.7955
    endloop
  endfacet
  facet normal 0.0864315 -0.011388 0.996193
    outer loop
      vertex 107.889 12.9599 19.962
      vertex 107.456 12.9977 20
      vertex 107.753 11.9277 19.962
    endloop
  endfacet
  facet normal 0.265223 -0.109863 0.957907
    outer loop
      vertex 107.737 9.7281 19.7955
      vertex 106.816 8.95642 19.962
      vertex 107.32 8.72141 19.7955
    endloop
  endfacet
  facet normal 0.461975 -0.191363 0.866002
    outer loop
      vertex 107.737 9.7281 19.7955
      vertex 107.32 8.72141 19.7955
      vertex 107.776 8.50897 19.5053
    endloop
  endfacet
  facet normal 0.816068 -0.180698 0.548982
    outer loop
      vertex 109.211 11.6705 19.107
      vertex 108.958 10.5279 19.107
      vertex 109.525 11.6151 18.622
    endloop
  endfacet
  facet normal 0.828664 -0.10927 0.548977
    outer loop
      vertex 109.364 12.8308 19.107
      vertex 109.211 11.6705 19.107
      vertex 109.525 11.6151 18.622
    endloop
  endfacet
  facet normal 0.792394 -0.504994 0.342189
    outer loop
      vertex 107.894 7.13296 18.622
      vertex 107.25 6.12245 18.622
      vertex 107.413 6.00858 18.0765
    endloop
  endfacet
  facet normal 0.7456 -0.572176 0.341607
    outer loop
      vertex 107.413 6.00858 18.0765
      vertex 106.521 5.1719 18.622
      vertex 106.673 5.04429 18.0765
    endloop
  endfacet
  facet normal 0.663343 -0.508734 0.548786
    outer loop
      vertex 107.25 6.12245 18.622
      vertex 106.277 5.37693 19.107
      vertex 106.521 5.1719 18.622
    endloop
  endfacet
  facet normal 0.69271 -0.635183 0.341609
    outer loop
      vertex 106.521 5.1719 18.622
      vertex 105.711 4.28854 18.622
      vertex 106.673 5.04429 18.0765
    endloop
  endfacet
  facet normal 0.505874 0.463777 0.727326
    outer loop
      vertex 105.486 75.4859 19.107
      vertex 105.187 75.1874 19.5053
      vertex 106.277 74.6231 19.107
    endloop
  endfacet
  facet normal 0.616159 0.564964 0.548784
    outer loop
      vertex 106.521 74.8281 18.622
      vertex 105.711 75.7115 18.622
      vertex 106.277 74.6231 19.107
    endloop
  endfacet
  facet normal 0.947035 0.299012 0.117116
    outer loop
      vertex 109.156 70.7883 17.5
      vertex 109.092 70.7652 18.0765
      vertex 109.458 69.606 18.0765
    endloop
  endfacet
  facet normal 0.833654 0.43381 0.341804
    outer loop
      vertex 108.627 71.8882 18.0765
      vertex 107.894 72.867 18.622
      vertex 108.447 71.8043 18.622
    endloop
  endfacet
  facet normal 0.837771 0.53367 0.115482
    outer loop
      vertex 108.124 73 17.5
      vertex 107.413 73.9914 18.0765
      vertex 108.066 72.9663 18.0765
    endloop
  endfacet
  facet normal 0.79261 0.504901 0.341825
    outer loop
      vertex 108.066 72.9663 18.0765
      vertex 107.413 73.9914 18.0765
      vertex 107.894 72.867 18.622
    endloop
  endfacet
  facet normal 0.896475 0.283049 0.340904
    outer loop
      vertex 109.092 70.7652 18.0765
      vertex 108.906 70.6973 18.622
      vertex 109.458 69.606 18.0765
    endloop
  endfacet
  facet normal 0.917413 0.203337 0.342062
    outer loop
      vertex 109.458 69.606 18.0765
      vertex 109.266 69.5546 18.622
      vertex 109.721 68.4194 18.0765
    endloop
  endfacet
  facet normal 0.284888 0.0377109 0.957819
    outer loop
      vertex 108.3 68.1689 19.7955
      vertex 107.753 68.0723 19.962
      vertex 108.443 67.0886 19.7955
    endloop
  endfacet
  facet normal 0.286807 0.0123828 0.957908
    outer loop
      vertex 108.443 67.0886 19.7955
      vertex 107.889 67.0401 19.962
      vertex 108.49 66 19.7955
    endloop
  endfacet
  facet normal 0.828664 0.10927 0.548977
    outer loop
      vertex 109.525 68.3849 18.622
      vertex 109.211 68.3295 19.107
      vertex 109.364 67.1692 19.107
    endloop
  endfacet
  facet normal 0.816068 0.180698 0.548982
    outer loop
      vertex 109.525 68.3849 18.622
      vertex 108.958 69.4721 19.107
      vertex 109.211 68.3295 19.107
    endloop
  endfacet
  facet normal 0.48879 0.108659 0.865608
    outer loop
      vertex 108.55 69.3628 19.5053
      vertex 108.065 69.2327 19.7955
      vertex 108.796 68.2562 19.5053
    endloop
  endfacet
  facet normal 0.670038 0.148951 0.72723
    outer loop
      vertex 108.958 69.4721 19.107
      vertex 108.55 69.3628 19.5053
      vertex 108.796 68.2562 19.5053
    endloop
  endfacet
  facet normal 0.868095 -0.359961 0.341817
    outer loop
      vertex 108.906 9.30267 18.622
      vertex 108.447 8.19573 18.622
      vertex 108.627 8.11182 18.0765
    endloop
  endfacet
  facet normal 0.772059 -0.32014 0.549031
    outer loop
      vertex 108.906 9.30267 18.622
      vertex 108.158 8.33053 19.107
      vertex 108.447 8.19573 18.622
    endloop
  endfacet
  facet normal 0.604612 -0.787977 0.116351
    outer loop
      vertex 104.999 3.27538 17.5
      vertex 103.991 2.58707 18.0765
      vertex 104.03 2.53187 17.5
    endloop
  endfacet
  facet normal 0.150425 -0.477173 0.865839
    outer loop
      vertex 100.444 1.79067 19.5053
      vertex 99.2327 1.93539 19.7955
      vertex 99.3628 1.44983 19.5053
    endloop
  endfacet
  facet normal 0.0374736 -0.284629 0.957905
    outer loop
      vertex 98.0723 2.24719 19.962
      vertex 97.0886 1.55733 19.7955
      vertex 98.1689 1.69956 19.7955
    endloop
  endfacet
  facet normal 0.359628 -0.868256 0.341759
    outer loop
      vertex 101.888 1.37277 18.0765
      vertex 100.697 1.09418 18.622
      vertex 100.765 0.907628 18.0765
    endloop
  endfacet
  facet normal 0.108284 -0.488455 0.865844
    outer loop
      vertex 99.2327 1.93539 19.7955
      vertex 98.1689 1.69956 19.7955
      vertex 98.2562 1.2045 19.5053
    endloop
  endfacet
  facet normal 0.231147 -0.443851 0.865776
    outer loop
      vertex 102.245 3.18317 19.7955
      vertex 101.491 2.22444 19.5053
      vertex 102.496 2.74782 19.5053
    endloop
  endfacet
  facet normal 0.385804 -0.741287 0.549226
    outer loop
      vertex 102.867 2.10594 18.622
      vertex 101.669 1.84178 19.107
      vertex 101.804 1.5527 18.622
    endloop
  endfacet
  facet normal 0.38572 -0.741618 0.548838
    outer loop
      vertex 102.708 2.38217 19.107
      vertex 101.669 1.84178 19.107
      vertex 102.867 2.10594 18.622
    endloop
  endfacet
  facet normal 0.214987 -0.969702 0.116012
    outer loop
      vertex 99.606 0.54213 18.0765
      vertex 98.4194 0.279056 18.0765
      vertex 99.6235 0.477039 17.5
    endloop
  endfacet
  facet normal 0.129644 -0.984753 0.115991
    outer loop
      vertex 98.4194 0.279056 18.0765
      vertex 97.2202 0.0532751 17.5
      vertex 98.4311 0.212692 17.5
    endloop
  endfacet
  facet normal 0.203418 -0.917524 0.341717
    outer loop
      vertex 99.5546 0.733896 18.622
      vertex 98.3849 0.47457 18.622
      vertex 98.4194 0.279056 18.0765
    endloop
  endfacet
  facet normal 0.0653068 -0.496034 0.865844
    outer loop
      vertex 98.1689 1.69956 19.7955
      vertex 97.0886 1.55733 19.7955
      vertex 98.2562 1.2045 19.5053
    endloop
  endfacet
  facet normal 0.458722 -0.880922 0.116409
    outer loop
      vertex 103 1.87564 17.5
      vertex 101.888 1.37277 18.0765
      vertex 101.917 1.31169 17.5
    endloop
  endfacet
  facet normal 0.379921 -0.917722 0.115962
    outer loop
      vertex 101.917 1.31169 17.5
      vertex 100.765 0.907628 18.0765
      vertex 100.788 0.844304 17.5
    endloop
  endfacet
  facet normal 0.30454 -0.397134 0.86576
    outer loop
      vertex 104.029 4.43195 19.7955
      vertex 103.164 3.76863 19.7955
      vertex 103.452 3.35684 19.5053
    endloop
  endfacet
  facet normal 0.174689 -0.227802 0.957909
    outer loop
      vertex 104.029 4.43195 19.7955
      vertex 102.845 4.22414 19.962
      vertex 103.164 3.76863 19.7955
    endloop
  endfacet
  facet normal 0.544608 -0.417881 0.727171
    outer loop
      vertex 106.643 6.54758 19.5053
      vertex 105.953 5.64833 19.5053
      vertex 106.989 6.30541 19.107
    endloop
  endfacet
  facet normal 0.578952 -0.368821 0.727177
    outer loop
      vertex 107.252 7.50355 19.5053
      vertex 106.643 6.54758 19.5053
      vertex 106.989 6.30541 19.107
    endloop
  endfacet
  facet normal 0.154265 -0.24213 0.957902
    outer loop
      vertex 102.845 4.22414 19.962
      vertex 101.967 3.66475 19.962
      vertex 102.245 3.18317 19.7955
    endloop
  endfacet
  facet normal 0.191489 -0.462201 0.865853
    outer loop
      vertex 101.491 2.22444 19.5053
      vertex 100.272 2.26305 19.7955
      vertex 100.444 1.79067 19.5053
    endloop
  endfacet
  facet normal 0.231187 -0.443875 0.865752
    outer loop
      vertex 102.245 3.18317 19.7955
      vertex 101.279 2.68004 19.7955
      vertex 101.491 2.22444 19.5053
    endloop
  endfacet
  facet normal 0.13262 -0.254628 0.957902
    outer loop
      vertex 102.245 3.18317 19.7955
      vertex 101.044 3.18401 19.962
      vertex 101.279 2.68004 19.7955
    endloop
  endfacet
  facet normal -0.00381029 0.087193 0.996184
    outer loop
      vertex 14 77.5 20
      vertex 12.9599 77.8887 19.962
      vertex 12.9977 77.4562 20
    endloop
  endfacet
  facet normal 0.0188838 0.0851991 0.996185
    outer loop
      vertex 99.0888 77.5275 19.962
      vertex 98.0723 77.7528 19.962
      vertex 98.9764 77.1081 20
    endloop
  endfacet
  facet normal -0.251305 -0.797077 0.549103
    outer loop
      vertex 10.5279 1.042 19.107
      vertex 9.30267 1.09418 18.622
      vertex 10.4454 0.733896 18.622
    endloop
  endfacet
  facet normal -0.251313 -0.797059 0.549126
    outer loop
      vertex 9.41176 1.39392 19.107
      vertex 9.30267 1.09418 18.622
      vertex 10.5279 1.042 19.107
    endloop
  endfacet
  facet normal -0.0113926 -0.0865389 0.996183
    outer loop
      vertex 12.003 2.67471 20
      vertex 11.9277 2.24719 19.962
      vertex 12.9977 2.54376 20
    endloop
  endfacet
  facet normal -0.0188934 -0.0852177 0.996183
    outer loop
      vertex 12.003 2.67471 20
      vertex 11.0236 2.89185 20
      vertex 11.9277 2.24719 19.962
    endloop
  endfacet
  facet normal -0.634268 0.262726 0.727104
    outer loop
      vertex 1.84178 71.6695 19.107
      vertex 1.79067 70.4438 19.5053
      vertex 2.22444 71.491 19.5053
    endloop
  endfacet
  facet normal -0.443799 0.231028 0.865834
    outer loop
      vertex 3.18317 72.2451 19.7955
      vertex 2.22444 71.491 19.5053
      vertex 2.68004 71.2786 19.7955
    endloop
  endfacet
  facet normal 0.0469028 -0.073617 0.996183
    outer loop
      vertex 102.845 4.22414 19.962
      vertex 101.75 4.04071 20
      vertex 101.967 3.66475 19.962
    endloop
  endfacet
  facet normal 0.0807441 0.0333639 0.996176
    outer loop
      vertex 106.816 71.0436 19.962
      vertex 106.423 70.8601 20
      vertex 106.806 69.9332 20
    endloop
  endfacet
  facet normal 0.537327 -0.843374 0
    outer loop
      vertex 103 1.87564 0
      vertex 104.03 2.53187 17.5
      vertex 103 1.87564 17.5
    endloop
  endfacet
  facet normal 0.537327 -0.843374 0
    outer loop
      vertex 104.03 2.53187 17.5
      vertex 103 1.87564 0
      vertex 104.03 2.53187 0
    endloop
  endfacet
  facet normal -0.122702 0.931748 0.341746
    outer loop
      vertex 12.7857 79.8796 18.0765
      vertex 11.5806 79.7209 18.0765
      vertex 12.803 79.6818 18.622
    endloop
  endfacet
  facet normal -0.0410228 0.938896 0.341748
    outer loop
      vertex 14 79.7341 18.622
      vertex 12.7857 79.8796 18.0765
      vertex 12.803 79.6818 18.622
    endloop
  endfacet
  facet normal 0.0299221 0.685907 0.727074
    outer loop
      vertex 97.1692 79.3641 19.107
      vertex 96 78.9929 19.5053
      vertex 97.1324 78.9435 19.5053
    endloop
  endfacet
  facet normal 0.0218046 0.499829 0.865849
    outer loop
      vertex 97.1324 78.9435 19.5053
      vertex 96 78.9929 19.5053
      vertex 97.0886 78.4427 19.7955
    endloop
  endfacet
  facet normal 0.0468971 0.0735948 0.996185
    outer loop
      vertex 102.845 75.7759 19.962
      vertex 101.75 75.9593 20
      vertex 102.596 75.4202 20
    endloop
  endfacet
  facet normal 0.0643322 0.0589741 0.996184
    outer loop
      vertex 104.439 74.4387 19.962
      vertex 104.132 74.1317 20
      vertex 104.81 73.3921 20
    endloop
  endfacet
  facet normal 0.132627 0.25466 0.957893
    outer loop
      vertex 102.245 76.8168 19.7955
      vertex 101.044 76.816 19.962
      vertex 101.967 76.3353 19.962
    endloop
  endfacet
  facet normal 0.132629 0.25461 0.957906
    outer loop
      vertex 101.279 77.32 19.7955
      vertex 101.044 76.816 19.962
      vertex 102.245 76.8168 19.7955
    endloop
  endfacet
  facet normal 0.0262414 -0.0832238 0.996185
    outer loop
      vertex 99.9332 3.19354 20
      vertex 98.9764 2.89185 20
      vertex 100.082 2.7856 19.962
    endloop
  endfacet
  facet normal -0.0865389 -0.0113926 0.996183
    outer loop
      vertex 2.54376 12.9977 20
      vertex 2.24719 11.9277 19.962
      vertex 2.67471 12.003 20
    endloop
  endfacet
  facet normal -0.282596 0.896288 0.34177
    outer loop
      vertex 10.394 79.4579 18.0765
      vertex 9.23477 79.0924 18.0765
      vertex 9.30267 78.9058 18.622
    endloop
  endfacet
  facet normal -0.298675 0.947285 0.115954
    outer loop
      vertex 10.394 79.4579 18.0765
      vertex 9.21172 79.1557 17.5
      vertex 9.23477 79.0924 18.0765
    endloop
  endfacet
  facet normal -0.0643517 -0.058967 0.996184
    outer loop
      vertex 5.19049 6.60794 20
      vertex 4.85793 6.3289 19.962
      vertex 5.5613 5.5613 19.962
    endloop
  endfacet
  facet normal -0.211667 -0.193956 0.957903
    outer loop
      vertex 5.5613 5.5613 19.962
      vertex 4.85793 6.3289 19.962
      vertex 5.1681 5.1681 19.7955
    endloop
  endfacet
  facet normal -0.0736136 -0.0468966 0.996184
    outer loop
      vertex 4.57975 7.40387 20
      vertex 4.04071 8.25 20
      vertex 4.22414 7.15487 19.962
    endloop
  endfacet
  facet normal 0.0774012 0.040314 0.996185
    outer loop
      vertex 106.335 71.9671 19.962
      vertex 105.959 71.75 20
      vertex 106.816 71.0436 19.962
    endloop
  endfacet
  facet normal -0.868263 -0.359654 0.341714
    outer loop
      vertex 1.5527 8.19573 18.622
      vertex 1.09418 9.30267 18.622
      vertex 1.37277 8.11182 18.0765
    endloop
  endfacet
  facet normal -0.833617 -0.433951 0.341715
    outer loop
      vertex 1.5527 8.19573 18.622
      vertex 1.37277 8.11182 18.0765
      vertex 2.10594 7.13296 18.622
    endloop
  endfacet
  facet normal -0.421958 -0.268817 0.865846
    outer loop
      vertex 3.76863 6.83592 19.7955
      vertex 2.74782 7.50355 19.5053
      vertex 3.35684 6.54758 19.5053
    endloop
  endfacet
  facet normal -0.579032 -0.368884 0.727081
    outer loop
      vertex 3.35684 6.54758 19.5053
      vertex 2.74782 7.50355 19.5053
      vertex 3.01098 6.30541 19.107
    endloop
  endfacet
  facet normal -0.385904 -0.741318 0.549114
    outer loop
      vertex 8.33053 1.84178 19.107
      vertex 7.13296 2.10594 18.622
      vertex 8.19573 1.5527 18.622
    endloop
  endfacet
  facet normal -0.319833 -0.772128 0.549114
    outer loop
      vertex 8.33053 1.84178 19.107
      vertex 8.19573 1.5527 18.622
      vertex 9.30267 1.09418 18.622
    endloop
  endfacet
  facet normal -0.203418 -0.917524 0.341717
    outer loop
      vertex 11.6151 0.47457 18.622
      vertex 10.4454 0.733896 18.622
      vertex 11.5806 0.279056 18.0765
    endloop
  endfacet
  facet normal -0.206452 -0.654776 0.72708
    outer loop
      vertex 9.55617 1.79067 19.5053
      vertex 9.41176 1.39392 19.107
      vertex 10.5279 1.042 19.107
    endloop
  endfacet
  facet normal -0.273796 -0.0863295 0.957905
    outer loop
      vertex 2.47253 10.9112 19.962
      vertex 2.26305 9.7281 19.7955
      vertex 2.7856 9.91829 19.962
    endloop
  endfacet
  facet normal -0.265232 -0.10986 0.957905
    outer loop
      vertex 2.7856 9.91829 19.962
      vertex 2.26305 9.7281 19.7955
      vertex 3.18401 8.95642 19.962
    endloop
  endfacet
  facet normal -0.477167 -0.150447 0.865839
    outer loop
      vertex 1.93539 10.7673 19.7955
      vertex 1.44983 10.6372 19.5053
      vertex 1.79067 9.55617 19.5053
    endloop
  endfacet
  facet normal -0.488463 -0.108291 0.865839
    outer loop
      vertex 1.93539 10.7673 19.7955
      vertex 1.2045 11.7438 19.5053
      vertex 1.44983 10.6372 19.5053
    endloop
  endfacet
  facet normal -0.284629 -0.0374736 0.957905
    outer loop
      vertex 2.24719 11.9277 19.962
      vertex 1.55733 12.9114 19.7955
      vertex 1.69956 11.8311 19.7955
    endloop
  endfacet
  facet normal -0.496034 -0.0653068 0.865844
    outer loop
      vertex 1.55733 12.9114 19.7955
      vertex 1.2045 11.7438 19.5053
      vertex 1.69956 11.8311 19.7955
    endloop
  endfacet
  facet normal -0.488455 0.108284 0.865844
    outer loop
      vertex 1.93539 69.2327 19.7955
      vertex 1.2045 68.2562 19.5053
      vertex 1.69956 68.1689 19.7955
    endloop
  endfacet
  facet normal -0.488463 0.108291 0.865839
    outer loop
      vertex 1.44983 69.3628 19.5053
      vertex 1.2045 68.2562 19.5053
      vertex 1.93539 69.2327 19.7955
    endloop
  endfacet
  facet normal -0.815939 0.180896 0.549109
    outer loop
      vertex 0.733896 69.5546 18.622
      vertex 0.47457 68.3849 18.622
      vertex 1.042 69.4721 19.107
    endloop
  endfacet
  facet normal -0.917524 0.203418 0.341717
    outer loop
      vertex 0.733896 69.5546 18.622
      vertex 0.279056 68.4194 18.0765
      vertex 0.47457 68.3849 18.622
    endloop
  endfacet
  facet normal -0.917525 -0.203419 0.341715
    outer loop
      vertex 0.733896 10.4454 18.622
      vertex 0.279056 11.5806 18.0765
      vertex 0.54213 10.394 18.0765
    endloop
  endfacet
  facet normal -0.969702 -0.214987 0.116012
    outer loop
      vertex 0.54213 10.394 18.0765
      vertex 0.279056 11.5806 18.0765
      vertex 0.477039 10.3765 17.5
    endloop
  endfacet
  facet normal -0.815931 -0.180885 0.549124
    outer loop
      vertex 0.788695 11.6705 19.107
      vertex 0.47457 11.6151 18.622
      vertex 1.042 10.5279 19.107
    endloop
  endfacet
  facet normal -0.828592 -0.109087 0.549123
    outer loop
      vertex 0.635938 12.8308 19.107
      vertex 0.47457 11.6151 18.622
      vertex 0.788695 11.6705 19.107
    endloop
  endfacet
  facet normal -0.992305 -0.043325 0.115993
    outer loop
      vertex 0.0673885 14 18.0765
      vertex 0 14 17.5
      vertex 0.120406 12.7857 18.0765
    endloop
  endfacet
  facet normal -0.992305 -0.043325 0.115993
    outer loop
      vertex 0.120406 12.7857 18.0765
      vertex 0 14 17.5
      vertex 0.0532751 12.7798 17.5
    endloop
  endfacet
  facet normal 0.385775 0.741285 0.549248
    outer loop
      vertex 101.804 78.4473 18.622
      vertex 101.669 78.1582 19.107
      vertex 102.867 77.8941 18.622
    endloop
  endfacet
  facet normal 0.433849 0.83366 0.341739
    outer loop
      vertex 101.888 78.6272 18.0765
      vertex 101.804 78.4473 18.622
      vertex 102.867 77.8941 18.622
    endloop
  endfacet
  facet normal 0.504948 0.792953 0.340959
    outer loop
      vertex 103.991 77.4129 18.0765
      vertex 102.867 77.8941 18.622
      vertex 103.878 77.2503 18.622
    endloop
  endfacet
  facet normal 0.448892 0.704923 0.549162
    outer loop
      vertex 103.878 77.2503 18.622
      vertex 102.867 77.8941 18.622
      vertex 103.695 76.989 19.107
    endloop
  endfacet
  facet normal 0.0403216 -0.0774156 0.996183
    outer loop
      vertex 101.75 4.04071 20
      vertex 101.044 3.18401 19.962
      vertex 101.967 3.66475 19.962
    endloop
  endfacet
  facet normal 0.174705 0.227796 0.957908
    outer loop
      vertex 103.164 76.2314 19.7955
      vertex 102.845 75.7759 19.962
      vertex 104.029 75.568 19.7955
    endloop
  endfacet
  facet normal 0.0644313 0.0590089 0.996176
    outer loop
      vertex 105.142 73.6711 19.962
      vertex 104.439 74.4387 19.962
      vertex 104.81 73.3921 20
    endloop
  endfacet
  facet normal 0.33822 0.368959 0.865723
    outer loop
      vertex 105.187 75.1874 19.5053
      vertex 104.029 75.568 19.7955
      vertex 104.832 74.8319 19.7955
    endloop
  endfacet
  facet normal 0.193894 0.211516 0.957949
    outer loop
      vertex 104.029 75.568 19.7955
      vertex 103.671 75.1421 19.962
      vertex 104.832 74.8319 19.7955
    endloop
  endfacet
  facet normal 0.273406 0.0862945 0.95802
    outer loop
      vertex 107.737 70.2719 19.7955
      vertex 107.527 69.0888 19.962
      vertex 108.065 69.2327 19.7955
    endloop
  endfacet
  facet normal 0.273607 0.0862514 0.957967
    outer loop
      vertex 107.737 70.2719 19.7955
      vertex 107.214 70.0817 19.962
      vertex 107.527 69.0888 19.962
    endloop
  endfacet
  facet normal 0.487855 0.10777 0.866246
    outer loop
      vertex 108.796 68.2562 19.5053
      vertex 108.065 69.2327 19.7955
      vertex 108.3 68.1689 19.7955
    endloop
  endfacet
  facet normal 0.280602 0.0619867 0.957821
    outer loop
      vertex 108.065 69.2327 19.7955
      vertex 107.753 68.0723 19.962
      vertex 108.3 68.1689 19.7955
    endloop
  endfacet
  facet normal 0.443587 0.230858 0.865988
    outer loop
      vertex 107.776 71.491 19.5053
      vertex 106.817 72.2451 19.7955
      vertex 107.32 71.2786 19.7955
    endloop
  endfacet
  facet normal 0.443885 0.231347 0.865705
    outer loop
      vertex 107.252 72.4964 19.5053
      vertex 106.817 72.2451 19.7955
      vertex 107.776 71.491 19.5053
    endloop
  endfacet
  facet normal 0.477369 -0.150671 0.865689
    outer loop
      vertex 108.065 10.7673 19.7955
      vertex 107.737 9.7281 19.7955
      vertex 108.209 9.55617 19.5053
    endloop
  endfacet
  facet normal 0.462585 -0.191271 0.865697
    outer loop
      vertex 108.209 9.55617 19.5053
      vertex 107.737 9.7281 19.7955
      vertex 107.776 8.50897 19.5053
    endloop
  endfacet
  facet normal 0 0 1
    outer loop
      vertex 57 20.005 20
      vertex 52.9497 20.5965 20
      vertex 53 20.005 20
    endloop
  endfacet
  facet normal 0 0 1
    outer loop
      vertex 50.2374 23.4264 20
      vertex 53.6108 44.1215 20
      vertex 52.9294 44.2726 20
    endloop
  endfacet
  facet normal 0 0 1
    outer loop
      vertex 58.3012 22.7281 20
      vertex 52.8001 21.171 20
      vertex 52.9497 20.5965 20
    endloop
  endfacet
  facet normal 0 0 1
    outer loop
      vertex 58.3012 22.7281 20
      vertex 52.5555 21.7119 20
      vertex 52.8001 21.171 20
    endloop
  endfacet
  facet normal 0 0 1
    outer loop
      vertex 49.5 23.505 20
      vertex 52.9294 44.2726 20
      vertex 52.2638 44.4825 20
    endloop
  endfacet
  facet normal 0 0 1
    outer loop
      vertex 58.3012 22.7281 20
      vertex 52.2231 22.2038 20
      vertex 52.5555 21.7119 20
    endloop
  endfacet
  facet normal 0 0 1
    outer loop
      vertex 58.3012 22.7281 20
      vertex 51.8124 22.6323 20
      vertex 52.2231 22.2038 20
    endloop
  endfacet
  facet normal 0 0 1
    outer loop
      vertex 49.5 23.505 20
      vertex 52.2638 44.4825 20
      vertex 51.6191 44.7495 20
    endloop
  endfacet
  facet normal 0 0 1
    outer loop
      vertex 58.3012 22.7281 20
      vertex 51.3351 22.9853 20
      vertex 51.8124 22.6323 20
    endloop
  endfacet
  facet normal 0 0 1
    outer loop
      vertex 44.5 23.505 20
      vertex 51.6191 44.7495 20
      vertex 51 45.0718 20
    endloop
  endfacet
  facet normal 0 0 1
    outer loop
      vertex 58.7931 23.0605 20
      vertex 51.3351 22.9853 20
      vertex 58.3012 22.7281 20
    endloop
  endfacet
  facet normal 0 0 1
    outer loop
      vertex 44.5 23.505 20
      vertex 51 45.0718 20
      vertex 50.4114 45.4468 20
    endloop
  endfacet
  facet normal 0 0 1
    outer loop
      vertex 53.6108 44.1215 20
      vertex 50.2374 23.4264 20
      vertex 50.805 23.2526 20
    endloop
  endfacet
  facet normal 0 0 1
    outer loop
      vertex 43.9085 23.4547 20
      vertex 50.4114 45.4468 20
      vertex 49.8577 45.8716 20
    endloop
  endfacet
  facet normal 0 0 1
    outer loop
      vertex 52.9294 44.2726 20
      vertex 49.5 23.505 20
      vertex 50.2374 23.4264 20
    endloop
  endfacet
  facet normal 0 0 1
    outer loop
      vertex 43.9085 23.4547 20
      vertex 49.8577 45.8716 20
      vertex 49.3431 46.3431 20
    endloop
  endfacet
  facet normal 0 0 1
    outer loop
      vertex 34.805 23.2526 20
      vertex 49.3431 46.3431 20
      vertex 48.8716 46.8577 20
    endloop
  endfacet
  facet normal 0 0 1
    outer loop
      vertex 34.2374 23.4264 20
      vertex 48.8716 46.8577 20
      vertex 48.4468 47.4114 20
    endloop
  endfacet
  facet normal 0 0 1
    outer loop
      vertex 33.5 23.505 20
      vertex 48.4468 47.4114 20
      vertex 48.0718 48 20
    endloop
  endfacet
  facet normal 0 0 1
    outer loop
      vertex 33.5 23.505 20
      vertex 48.0718 48 20
      vertex 47.7495 48.6191 20
    endloop
  endfacet
  facet normal 0 0 1
    outer loop
      vertex 28.5 23.505 20
      vertex 47.7495 48.6191 20
      vertex 47.4825 49.2638 20
    endloop
  endfacet
  facet normal 0 0 1
    outer loop
      vertex 28.5 23.505 20
      vertex 47.4825 49.2638 20
      vertex 47.2726 49.9294 20
    endloop
  endfacet
  facet normal 0 0 1
    outer loop
      vertex 27.9085 23.4547 20
      vertex 47.2726 49.9294 20
      vertex 47.1215 50.6108 20
    endloop
  endfacet
  facet normal 0 0 1
    outer loop
      vertex 27.9085 23.4547 20
      vertex 47.1215 50.6108 20
      vertex 47.0304 51.3028 20
    endloop
  endfacet
  facet normal 0 0 1
    outer loop
      vertex 51.6191 44.7495 20
      vertex 44.5 23.505 20
      vertex 49.5 23.505 20
    endloop
  endfacet
  facet normal 0 0 1
    outer loop
      vertex 2.5 66 20
      vertex 47.0304 51.3028 20
      vertex 47 52 20
    endloop
  endfacet
  facet normal 0 0 1
    outer loop
      vertex 96 77.5 20
      vertex 107.5 66 20
      vertex 107.456 67.0023 20
    endloop
  endfacet
  facet normal 0 0 1
    outer loop
      vertex 107.5 66 20
      vertex 84.2231 22.2038 20
      vertex 107.5 14 20
    endloop
  endfacet
  facet normal 0 0 1
    outer loop
      vertex 96 77.5 20
      vertex 107.456 67.0023 20
      vertex 107.325 67.997 20
    endloop
  endfacet
  facet normal -0 -0 1
    outer loop
      vertex 84.5555 21.7119 20
      vertex 107.5 14 20
      vertex 84.2231 22.2038 20
    endloop
  endfacet
  facet normal 0 0 1
    outer loop
      vertex 96 77.5 20
      vertex 107.325 67.997 20
      vertex 107.108 68.9764 20
    endloop
  endfacet
  facet normal -0 -0 1
    outer loop
      vertex 84.8001 21.171 20
      vertex 107.5 14 20
      vertex 84.5555 21.7119 20
    endloop
  endfacet
  facet normal 0 0 1
    outer loop
      vertex 96 77.5 20
      vertex 107.108 68.9764 20
      vertex 106.806 69.9332 20
    endloop
  endfacet
  facet normal -0 -0 1
    outer loop
      vertex 84.9497 20.5965 20
      vertex 107.5 14 20
      vertex 84.8001 21.171 20
    endloop
  endfacet
  facet normal 0 0 1
    outer loop
      vertex 96 77.5 20
      vertex 106.806 69.9332 20
      vertex 106.423 70.8601 20
    endloop
  endfacet
  facet normal -0 -0 1
    outer loop
      vertex 85 20.005 20
      vertex 107.5 14 20
      vertex 84.9497 20.5965 20
    endloop
  endfacet
  facet normal 0 0 1
    outer loop
      vertex 96 77.5 20
      vertex 106.423 70.8601 20
      vertex 105.959 71.75 20
    endloop
  endfacet
  facet normal -0 0 1
    outer loop
      vertex 85 19.995 20
      vertex 107.5 14 20
      vertex 85 20.005 20
    endloop
  endfacet
  facet normal 0 0 1
    outer loop
      vertex 96 77.5 20
      vertex 105.959 71.75 20
      vertex 105.42 72.5961 20
    endloop
  endfacet
  facet normal -0 0 1
    outer loop
      vertex 84.7476 18.69 20
      vertex 107.5 14 20
      vertex 84.9214 19.2576 20
    endloop
  endfacet
  facet normal 0 0 1
    outer loop
      vertex 96 77.5 20
      vertex 105.42 72.5961 20
      vertex 104.81 73.3921 20
    endloop
  endfacet
  facet normal 0 0 1
    outer loop
      vertex 107.5 14 20
      vertex 84.7476 18.69 20
      vertex 107.456 12.9977 20
    endloop
  endfacet
  facet normal 0 0 1
    outer loop
      vertex 96 77.5 20
      vertex 104.81 73.3921 20
      vertex 104.132 74.1317 20
    endloop
  endfacet
  facet normal 0 0 1
    outer loop
      vertex 107.456 12.9977 20
      vertex 84.7476 18.69 20
      vertex 107.325 12.003 20
    endloop
  endfacet
  facet normal 0 0 1
    outer loop
      vertex 96 77.5 20
      vertex 104.132 74.1317 20
      vertex 103.392 74.8095 20
    endloop
  endfacet
  facet normal 0 0 1
    outer loop
      vertex 107.325 12.003 20
      vertex 84.7476 18.69 20
      vertex 107.108 11.0236 20
    endloop
  endfacet
  facet normal 0 0 1
    outer loop
      vertex 96 77.5 20
      vertex 103.392 74.8095 20
      vertex 102.596 75.4202 20
    endloop
  endfacet
  facet normal 0 0 1
    outer loop
      vertex 107.108 11.0236 20
      vertex 84.7476 18.69 20
      vertex 106.806 10.0668 20
    endloop
  endfacet
  facet normal 0 0 1
    outer loop
      vertex 96 77.5 20
      vertex 102.596 75.4202 20
      vertex 101.75 75.9593 20
    endloop
  endfacet
  facet normal 0 0 1
    outer loop
      vertex 106.806 10.0668 20
      vertex 84.7476 18.69 20
      vertex 106.423 9.13989 20
    endloop
  endfacet
  facet normal 0 0 1
    outer loop
      vertex 96 77.5 20
      vertex 101.75 75.9593 20
      vertex 100.86 76.4225 20
    endloop
  endfacet
  facet normal 0 0 1
    outer loop
      vertex 106.423 9.13989 20
      vertex 84.7476 18.69 20
      vertex 105.959 8.25 20
    endloop
  endfacet
  facet normal 0 0 1
    outer loop
      vertex 96 77.5 20
      vertex 100.86 76.4225 20
      vertex 99.9332 76.8065 20
    endloop
  endfacet
  facet normal 0 0 1
    outer loop
      vertex 105.959 8.25 20
      vertex 84.7476 18.69 20
      vertex 105.42 7.40387 20
    endloop
  endfacet
  facet normal 0 0 1
    outer loop
      vertex 96 77.5 20
      vertex 99.9332 76.8065 20
      vertex 98.9764 77.1081 20
    endloop
  endfacet
  facet normal 0 0 1
    outer loop
      vertex 104.81 6.60794 20
      vertex 84.7476 18.69 20
      vertex 104.132 5.86827 20
    endloop
  endfacet
  facet normal 0 0 1
    outer loop
      vertex 96 77.5 20
      vertex 98.9764 77.1081 20
      vertex 97.997 77.3253 20
    endloop
  endfacet
  facet normal 0 0 1
    outer loop
      vertex 104.132 5.86827 20
      vertex 84.7476 18.69 20
      vertex 103.392 5.19049 20
    endloop
  endfacet
  facet normal 0 0 1
    outer loop
      vertex 96 77.5 20
      vertex 97.997 77.3253 20
      vertex 97.0023 77.4562 20
    endloop
  endfacet
  facet normal 0 0 1
    outer loop
      vertex 103.392 5.19049 20
      vertex 84.7476 18.69 20
      vertex 102.596 4.57975 20
    endloop
  endfacet
  facet normal 0 0 1
    outer loop
      vertex 107.5 66 20
      vertex 96 77.5 20
      vertex 62.9696 52.6972 20
    endloop
  endfacet
  facet normal 0 0 1
    outer loop
      vertex 102.596 4.57975 20
      vertex 84.7476 18.69 20
      vertex 101.75 4.04071 20
    endloop
  endfacet
  facet normal 0 0 1
    outer loop
      vertex 101.75 4.04071 20
      vertex 84.7476 18.69 20
      vertex 100.86 3.57746 20
    endloop
  endfacet
  facet normal 0 0 1
    outer loop
      vertex 99.9332 3.19354 20
      vertex 84.7476 18.69 20
      vertex 98.9764 2.89185 20
    endloop
  endfacet
  facet normal 0 0 1
    outer loop
      vertex 100.86 3.57746 20
      vertex 84.7476 18.69 20
      vertex 99.9332 3.19354 20
    endloop
  endfacet
  facet normal 0 0 1
    outer loop
      vertex 105.42 7.40387 20
      vertex 84.7476 18.69 20
      vertex 104.81 6.60794 20
    endloop
  endfacet
  facet normal -0 0 1
    outer loop
      vertex 84.9214 19.2576 20
      vertex 107.5 14 20
      vertex 85 19.995 20
    endloop
  endfacet
  facet normal 0 0 1
    outer loop
      vertex 107.5 66 20
      vertex 83.8124 22.6323 20
      vertex 84.2231 22.2038 20
    endloop
  endfacet
  facet normal 0 0 1
    outer loop
      vertex 107.5 66 20
      vertex 83.3351 22.9853 20
      vertex 83.8124 22.6323 20
    endloop
  endfacet
  facet normal 0 0 1
    outer loop
      vertex 107.5 66 20
      vertex 82.805 23.2526 20
      vertex 83.3351 22.9853 20
    endloop
  endfacet
  facet normal 0 0 1
    outer loop
      vertex 107.5 66 20
      vertex 82.2374 23.4264 20
      vertex 82.805 23.2526 20
    endloop
  endfacet
  facet normal 0 0 1
    outer loop
      vertex 107.5 66 20
      vertex 62.9696 51.3028 20
      vertex 82.2374 23.4264 20
    endloop
  endfacet
  facet normal -0 0 1
    outer loop
      vertex 62.8785 50.6108 20
      vertex 82.2374 23.4264 20
      vertex 62.9696 51.3028 20
    endloop
  endfacet
  facet normal 0 0 1
    outer loop
      vertex 82.2374 23.4264 20
      vertex 62.8785 50.6108 20
      vertex 81.5 23.505 20
    endloop
  endfacet
  facet normal -0 0 1
    outer loop
      vertex 62.7274 49.9294 20
      vertex 81.5 23.505 20
      vertex 62.8785 50.6108 20
    endloop
  endfacet
  facet normal -0 0 1
    outer loop
      vertex 62.5175 49.2638 20
      vertex 81.5 23.505 20
      vertex 62.7274 49.9294 20
    endloop
  endfacet
  facet normal -0 0 1
    outer loop
      vertex 62.2505 48.6191 20
      vertex 81.5 23.505 20
      vertex 62.5175 49.2638 20
    endloop
  endfacet
  facet normal -0 0 1
    outer loop
      vertex 61.9282 48 20
      vertex 76.5 23.505 20
      vertex 62.2505 48.6191 20
    endloop
  endfacet
  facet normal -0 0 1
    outer loop
      vertex 61.5532 47.4114 20
      vertex 76.5 23.505 20
      vertex 61.9282 48 20
    endloop
  endfacet
  facet normal 0 0 1
    outer loop
      vertex 76.5 23.505 20
      vertex 61.5532 47.4114 20
      vertex 75.9085 23.4547 20
    endloop
  endfacet
  facet normal 0 0 1
    outer loop
      vertex 73 20.005 20
      vertex 69 20.005 20
      vertex 73 19.995 20
    endloop
  endfacet
  facet normal -0 0 1
    outer loop
      vertex 68.9497 20.5965 20
      vertex 73 20.005 20
      vertex 73.0786 20.7424 20
    endloop
  endfacet
  facet normal -0 0 1
    outer loop
      vertex 68.8001 21.171 20
      vertex 73.0786 20.7424 20
      vertex 73.2524 21.31 20
    endloop
  endfacet
  facet normal -0 0 1
    outer loop
      vertex 61.1284 46.8577 20
      vertex 75.9085 23.4547 20
      vertex 61.5532 47.4114 20
    endloop
  endfacet
  facet normal 0 0 1
    outer loop
      vertex 73 20.005 20
      vertex 68.9497 20.5965 20
      vertex 69 20.005 20
    endloop
  endfacet
  facet normal 0 0 1
    outer loop
      vertex 73.0786 20.7424 20
      vertex 68.8001 21.171 20
      vertex 68.9497 20.5965 20
    endloop
  endfacet
  facet normal 0 0 1
    outer loop
      vertex 73.2524 21.31 20
      vertex 68.5555 21.7119 20
      vertex 68.8001 21.171 20
    endloop
  endfacet
  facet normal 0 0 1
    outer loop
      vertex 73.5197 21.8401 20
      vertex 68.5555 21.7119 20
      vertex 73.2524 21.31 20
    endloop
  endfacet
  facet normal -0 0 1
    outer loop
      vertex 60.6569 46.3431 20
      vertex 75.334 23.3051 20
      vertex 61.1284 46.8577 20
    endloop
  endfacet
  facet normal 0 -0 1
    outer loop
      vertex 66.805 23.2526 20
      vertex 75.334 23.3051 20
      vertex 60.6569 46.3431 20
    endloop
  endfacet
  facet normal 0 -0 1
    outer loop
      vertex 68.5555 21.7119 20
      vertex 73.5197 21.8401 20
      vertex 68.2231 22.2038 20
    endloop
  endfacet
  facet normal 0 -0 1
    outer loop
      vertex 67.3351 22.9853 20
      vertex 74.7931 23.0605 20
      vertex 66.805 23.2526 20
    endloop
  endfacet
  facet normal 0 0 1
    outer loop
      vertex 74.7931 23.0605 20
      vertex 67.3351 22.9853 20
      vertex 74.3012 22.7281 20
    endloop
  endfacet
  facet normal 0 0 1
    outer loop
      vertex 107.5 66 20
      vertex 63 52 20
      vertex 62.9696 51.3028 20
    endloop
  endfacet
  facet normal 0 0 1
    outer loop
      vertex 107.5 66 20
      vertex 62.9696 52.6972 20
      vertex 63 52 20
    endloop
  endfacet
  facet normal 0 0 1
    outer loop
      vertex 96 77.5 20
      vertex 62.8785 53.3892 20
      vertex 62.9696 52.6972 20
    endloop
  endfacet
  facet normal 0 0 1
    outer loop
      vertex 96 77.5 20
      vertex 62.7274 54.0706 20
      vertex 62.8785 53.3892 20
    endloop
  endfacet
  facet normal 0 0 1
    outer loop
      vertex 96 77.5 20
      vertex 62.5175 54.7362 20
      vertex 62.7274 54.0706 20
    endloop
  endfacet
  facet normal 0 0 1
    outer loop
      vertex 96 77.5 20
      vertex 62.2505 55.3809 20
      vertex 62.5175 54.7362 20
    endloop
  endfacet
  facet normal 0 0 1
    outer loop
      vertex 96 77.5 20
      vertex 61.9282 56 20
      vertex 62.2505 55.3809 20
    endloop
  endfacet
  facet normal 0 0 1
    outer loop
      vertex 96 77.5 20
      vertex 61.5532 56.5886 20
      vertex 61.9282 56 20
    endloop
  endfacet
  facet normal 0 0 1
    outer loop
      vertex 96 77.5 20
      vertex 61.1284 57.1423 20
      vertex 61.5532 56.5886 20
    endloop
  endfacet
  facet normal 0 0 1
    outer loop
      vertex 96 77.5 20
      vertex 60.6569 57.6569 20
      vertex 61.1284 57.1423 20
    endloop
  endfacet
  facet normal 0 0 1
    outer loop
      vertex 96 77.5 20
      vertex 60.1423 58.1284 20
      vertex 60.6569 57.6569 20
    endloop
  endfacet
  facet normal 0 0 1
    outer loop
      vertex 96 77.5 20
      vertex 59.5886 58.5532 20
      vertex 60.1423 58.1284 20
    endloop
  endfacet
  facet normal 0 0 1
    outer loop
      vertex 96 77.5 20
      vertex 59 58.9282 20
      vertex 59.5886 58.5532 20
    endloop
  endfacet
  facet normal 0 0 1
    outer loop
      vertex 96 77.5 20
      vertex 58.3809 59.2505 20
      vertex 59 58.9282 20
    endloop
  endfacet
  facet normal -0 0 1
    outer loop
      vertex 56.8351 59.9804 20
      vertex 58.3809 59.2505 20
      vertex 96 77.5 20
    endloop
  endfacet
  facet normal 0 0 1
    outer loop
      vertex 58.3809 59.2505 20
      vertex 56.8351 59.9804 20
      vertex 57.7362 59.5175 20
    endloop
  endfacet
  facet normal 0 0 1
    outer loop
      vertex 57.7362 59.5175 20
      vertex 56.8351 59.9804 20
      vertex 57.2562 59.6689 20
    endloop
  endfacet
  facet normal 0 0 1
    outer loop
      vertex 96 77.5 20
      vertex 56.305 60.2476 20
      vertex 56.8351 59.9804 20
    endloop
  endfacet
  facet normal 0 0 1
    outer loop
      vertex 96 77.5 20
      vertex 55.7374 60.4214 20
      vertex 56.305 60.2476 20
    endloop
  endfacet
  facet normal 0 0 1
    outer loop
      vertex 96 77.5 20
      vertex 55.1485 60.4968 20
      vertex 55.7374 60.4214 20
    endloop
  endfacet
  facet normal -0 0 1
    outer loop
      vertex 14 77.5 20
      vertex 55.1485 60.4968 20
      vertex 96 77.5 20
    endloop
  endfacet
  facet normal 0 0 1
    outer loop
      vertex 55.1485 60.4968 20
      vertex 14 77.5 20
      vertex 54.5554 60.4716 20
    endloop
  endfacet
  facet normal 0 0 1
    outer loop
      vertex 54.5554 60.4716 20
      vertex 14 77.5 20
      vertex 53.9751 60.3466 20
    endloop
  endfacet
  facet normal 0 0 1
    outer loop
      vertex 52.9188 59.814 20
      vertex 52.2638 59.5175 20
      vertex 52.7595 59.6738 20
    endloop
  endfacet
  facet normal 0 0 1
    outer loop
      vertex 53.4243 60.1252 20
      vertex 52.2638 59.5175 20
      vertex 52.9188 59.814 20
    endloop
  endfacet
  facet normal 0 0 1
    outer loop
      vertex 53.4243 60.1252 20
      vertex 51.6191 59.2505 20
      vertex 52.2638 59.5175 20
    endloop
  endfacet
  facet normal 0 0 1
    outer loop
      vertex 2.5 66 20
      vertex 47 52 20
      vertex 47.0304 52.6972 20
    endloop
  endfacet
  facet normal 0 0 1
    outer loop
      vertex 50.4114 45.4468 20
      vertex 43.9085 23.4547 20
      vertex 44.5 23.505 20
    endloop
  endfacet
  facet normal 0 0 1
    outer loop
      vertex 49.3431 46.3431 20
      vertex 43.334 23.3051 20
      vertex 43.9085 23.4547 20
    endloop
  endfacet
  facet normal 0 0 1
    outer loop
      vertex 48.8716 46.8577 20
      vertex 34.2374 23.4264 20
      vertex 34.805 23.2526 20
    endloop
  endfacet
  facet normal 0 0 1
    outer loop
      vertex 2.5 66 20
      vertex 47.0304 52.6972 20
      vertex 47.1215 53.3892 20
    endloop
  endfacet
  facet normal 0 0 1
    outer loop
      vertex 43.334 23.3051 20
      vertex 34.805 23.2526 20
      vertex 42.7931 23.0605 20
    endloop
  endfacet
  facet normal 0 -0 1
    outer loop
      vertex 35.3351 22.9853 20
      vertex 42.7931 23.0605 20
      vertex 34.805 23.2526 20
    endloop
  endfacet
  facet normal 0 0 1
    outer loop
      vertex 42.7931 23.0605 20
      vertex 35.3351 22.9853 20
      vertex 42.3012 22.7281 20
    endloop
  endfacet
  facet normal 0 -0 1
    outer loop
      vertex 35.8124 22.6323 20
      vertex 42.3012 22.7281 20
      vertex 35.3351 22.9853 20
    endloop
  endfacet
  facet normal 0 -0 1
    outer loop
      vertex 36.2231 22.2038 20
      vertex 41.8727 22.3174 20
      vertex 35.8124 22.6323 20
    endloop
  endfacet
  facet normal 0 0 1
    outer loop
      vertex 41 20.005 20
      vertex 37 20.005 20
      vertex 41 19.995 20
    endloop
  endfacet
  facet normal -0 0 1
    outer loop
      vertex 36.9497 20.5965 20
      vertex 41 20.005 20
      vertex 41.0786 20.7424 20
    endloop
  endfacet
  facet normal 0 0 1
    outer loop
      vertex 41.8727 22.3174 20
      vertex 36.2231 22.2038 20
      vertex 41.5197 21.8401 20
    endloop
  endfacet
  facet normal 0 0 1
    outer loop
      vertex 14 77.5 20
      vertex 47.1215 53.3892 20
      vertex 47.2726 54.0706 20
    endloop
  endfacet
  facet normal 0 0 1
    outer loop
      vertex 41 20.005 20
      vertex 36.9497 20.5965 20
      vertex 37 20.005 20
    endloop
  endfacet
  facet normal 0 0 1
    outer loop
      vertex 41.0786 20.7424 20
      vertex 36.8001 21.171 20
      vertex 36.9497 20.5965 20
    endloop
  endfacet
  facet normal 0 0 1
    outer loop
      vertex 14 77.5 20
      vertex 47.2726 54.0706 20
      vertex 47.4825 54.7362 20
    endloop
  endfacet
  facet normal 0 0 1
    outer loop
      vertex 41.2524 21.31 20
      vertex 36.8001 21.171 20
      vertex 41.0786 20.7424 20
    endloop
  endfacet
  facet normal 0 -0 1
    outer loop
      vertex 36.8001 21.171 20
      vertex 41.2524 21.31 20
      vertex 36.5555 21.7119 20
    endloop
  endfacet
  facet normal 0 0 1
    outer loop
      vertex 41.5197 21.8401 20
      vertex 36.5555 21.7119 20
      vertex 41.2524 21.31 20
    endloop
  endfacet
  facet normal 0 -0 1
    outer loop
      vertex 36.5555 21.7119 20
      vertex 41.5197 21.8401 20
      vertex 36.2231 22.2038 20
    endloop
  endfacet
  facet normal 0 0 1
    outer loop
      vertex 42.3012 22.7281 20
      vertex 35.8124 22.6323 20
      vertex 41.8727 22.3174 20
    endloop
  endfacet
  facet normal 0 0 1
    outer loop
      vertex 49.3431 46.3431 20
      vertex 34.805 23.2526 20
      vertex 43.334 23.3051 20
    endloop
  endfacet
  facet normal 0 0 1
    outer loop
      vertex 14 77.5 20
      vertex 47.4825 54.7362 20
      vertex 47.7495 55.3809 20
    endloop
  endfacet
  facet normal 0 0 1
    outer loop
      vertex 48.4468 47.4114 20
      vertex 33.5 23.505 20
      vertex 34.2374 23.4264 20
    endloop
  endfacet
  facet normal 0 0 1
    outer loop
      vertex 47.7495 48.6191 20
      vertex 28.5 23.505 20
      vertex 33.5 23.505 20
    endloop
  endfacet
  facet normal 0 0 1
    outer loop
      vertex 14 77.5 20
      vertex 47.7495 55.3809 20
      vertex 48.0718 56 20
    endloop
  endfacet
  facet normal 0 0 1
    outer loop
      vertex 47.2726 49.9294 20
      vertex 27.9085 23.4547 20
      vertex 28.5 23.505 20
    endloop
  endfacet
  facet normal 0 0 1
    outer loop
      vertex 47.0304 51.3028 20
      vertex 2.5 66 20
      vertex 27.9085 23.4547 20
    endloop
  endfacet
  facet normal 0 0 1
    outer loop
      vertex 27.9085 23.4547 20
      vertex 2.5 66 20
      vertex 27.334 23.3051 20
    endloop
  endfacet
  facet normal 0 0 1
    outer loop
      vertex 14 77.5 20
      vertex 48.0718 56 20
      vertex 48.4468 56.5886 20
    endloop
  endfacet
  facet normal 0 0 1
    outer loop
      vertex 27.334 23.3051 20
      vertex 2.5 66 20
      vertex 26.7931 23.0605 20
    endloop
  endfacet
  facet normal 0 0 1
    outer loop
      vertex 26.7931 23.0605 20
      vertex 2.5 66 20
      vertex 26.3012 22.7281 20
    endloop
  endfacet
  facet normal 0 0 1
    outer loop
      vertex 26.3012 22.7281 20
      vertex 2.5 66 20
      vertex 25.8727 22.3174 20
    endloop
  endfacet
  facet normal 0 0 1
    outer loop
      vertex 25.2524 21.31 20
      vertex 2.5 14 20
      vertex 25.0786 20.7424 20
    endloop
  endfacet
  facet normal 0 0 1
    outer loop
      vertex 25.5197 21.8401 20
      vertex 2.5 14 20
      vertex 25.2524 21.31 20
    endloop
  endfacet
  facet normal 0 0 1
    outer loop
      vertex 25.8727 22.3174 20
      vertex 2.5 14 20
      vertex 25.5197 21.8401 20
    endloop
  endfacet
  facet normal 0 0 1
    outer loop
      vertex 2.5 14 20
      vertex 25.8727 22.3174 20
      vertex 2.5 66 20
    endloop
  endfacet
  facet normal 0 0 1
    outer loop
      vertex 47.1215 53.3892 20
      vertex 14 77.5 20
      vertex 2.5 66 20
    endloop
  endfacet
  facet normal 0 0 1
    outer loop
      vertex 48.8716 57.1423 20
      vertex 14 77.5 20
      vertex 48.4468 56.5886 20
    endloop
  endfacet
  facet normal 0 0 1
    outer loop
      vertex 49.3431 57.6569 20
      vertex 14 77.5 20
      vertex 48.8716 57.1423 20
    endloop
  endfacet
  facet normal 0 0 1
    outer loop
      vertex 49.8577 58.1284 20
      vertex 14 77.5 20
      vertex 49.3431 57.6569 20
    endloop
  endfacet
  facet normal 0 0 1
    outer loop
      vertex 50.4114 58.5532 20
      vertex 14 77.5 20
      vertex 49.8577 58.1284 20
    endloop
  endfacet
  facet normal 0 0 1
    outer loop
      vertex 51 58.9282 20
      vertex 14 77.5 20
      vertex 50.4114 58.5532 20
    endloop
  endfacet
  facet normal 0 0 1
    outer loop
      vertex 51.6191 59.2505 20
      vertex 14 77.5 20
      vertex 51 58.9282 20
    endloop
  endfacet
  facet normal 0 0 1
    outer loop
      vertex 53.4243 60.1252 20
      vertex 14 77.5 20
      vertex 51.6191 59.2505 20
    endloop
  endfacet
  facet normal 0 0 1
    outer loop
      vertex 53.9751 60.3466 20
      vertex 14 77.5 20
      vertex 53.4243 60.1252 20
    endloop
  endfacet
  facet normal 0 0 1
    outer loop
      vertex 98.9764 2.89185 20
      vertex 84.7476 18.69 20
      vertex 97.997 2.67471 20
    endloop
  endfacet
  facet normal 0 0 1
    outer loop
      vertex 97.997 2.67471 20
      vertex 84.7476 18.69 20
      vertex 97.0023 2.54376 20
    endloop
  endfacet
  facet normal 0 0 1
    outer loop
      vertex 97.0023 2.54376 20
      vertex 84.7476 18.69 20
      vertex 96 2.5 20
    endloop
  endfacet
  facet normal -0 0 1
    outer loop
      vertex 84.4803 18.1599 20
      vertex 96 2.5 20
      vertex 84.7476 18.69 20
    endloop
  endfacet
  facet normal -0 0 1
    outer loop
      vertex 84.1273 17.6826 20
      vertex 96 2.5 20
      vertex 84.4803 18.1599 20
    endloop
  endfacet
  facet normal -0 0 1
    outer loop
      vertex 83.6988 17.2719 20
      vertex 96 2.5 20
      vertex 84.1273 17.6826 20
    endloop
  endfacet
  facet normal -0 0 1
    outer loop
      vertex 83.2069 16.9395 20
      vertex 96 2.5 20
      vertex 83.6988 17.2719 20
    endloop
  endfacet
  facet normal -0 0 1
    outer loop
      vertex 82.666 16.6949 20
      vertex 96 2.5 20
      vertex 83.2069 16.9395 20
    endloop
  endfacet
  facet normal -0 0 1
    outer loop
      vertex 82.0915 16.5453 20
      vertex 96 2.5 20
      vertex 82.666 16.6949 20
    endloop
  endfacet
  facet normal -0 0 1
    outer loop
      vertex 81.5 16.495 20
      vertex 96 2.5 20
      vertex 82.0915 16.5453 20
    endloop
  endfacet
  facet normal -0 0 1
    outer loop
      vertex 76.5 16.495 20
      vertex 96 2.5 20
      vertex 81.5 16.495 20
    endloop
  endfacet
  facet normal 0 0 1
    outer loop
      vertex 75.7626 16.5736 20
      vertex 96 2.5 20
      vertex 76.5 16.495 20
    endloop
  endfacet
  facet normal -0 0 1
    outer loop
      vertex 66.666 16.6949 20
      vertex 75.7626 16.5736 20
      vertex 75.195 16.7474 20
    endloop
  endfacet
  facet normal -0 0 1
    outer loop
      vertex 67.2069 16.9395 20
      vertex 75.195 16.7474 20
      vertex 74.6649 17.0147 20
    endloop
  endfacet
  facet normal 0 0 1
    outer loop
      vertex 69 19.995 20
      vertex 73 19.995 20
      vertex 69 20.005 20
    endloop
  endfacet
  facet normal 0 0 1
    outer loop
      vertex 73 19.995 20
      vertex 69 19.995 20
      vertex 73.0503 19.4035 20
    endloop
  endfacet
  facet normal 0 0 1
    outer loop
      vertex 68.9214 19.2576 20
      vertex 73.0503 19.4035 20
      vertex 69 19.995 20
    endloop
  endfacet
  facet normal 0 0 1
    outer loop
      vertex 73.0503 19.4035 20
      vertex 68.9214 19.2576 20
      vertex 73.1999 18.829 20
    endloop
  endfacet
  facet normal 0 0 1
    outer loop
      vertex 68.7476 18.69 20
      vertex 73.1999 18.829 20
      vertex 68.9214 19.2576 20
    endloop
  endfacet
  facet normal 0 0 1
    outer loop
      vertex 73.1999 18.829 20
      vertex 68.7476 18.69 20
      vertex 73.4445 18.2881 20
    endloop
  endfacet
  facet normal 0 0 1
    outer loop
      vertex 68.4803 18.1599 20
      vertex 73.4445 18.2881 20
      vertex 68.7476 18.69 20
    endloop
  endfacet
  facet normal 0 0 1
    outer loop
      vertex 73.4445 18.2881 20
      vertex 68.4803 18.1599 20
      vertex 73.7769 17.7962 20
    endloop
  endfacet
  facet normal 0 0 1
    outer loop
      vertex 68.1273 17.6826 20
      vertex 73.7769 17.7962 20
      vertex 68.4803 18.1599 20
    endloop
  endfacet
  facet normal 0 0 1
    outer loop
      vertex 73.7769 17.7962 20
      vertex 68.1273 17.6826 20
      vertex 74.1876 17.3677 20
    endloop
  endfacet
  facet normal 0 0 1
    outer loop
      vertex 67.6988 17.2719 20
      vertex 74.1876 17.3677 20
      vertex 68.1273 17.6826 20
    endloop
  endfacet
  facet normal 0 0 1
    outer loop
      vertex 74.1876 17.3677 20
      vertex 67.6988 17.2719 20
      vertex 74.6649 17.0147 20
    endloop
  endfacet
  facet normal 0 0 1
    outer loop
      vertex 67.2069 16.9395 20
      vertex 74.6649 17.0147 20
      vertex 67.6988 17.2719 20
    endloop
  endfacet
  facet normal 0 0 1
    outer loop
      vertex 75.195 16.7474 20
      vertex 67.2069 16.9395 20
      vertex 66.666 16.6949 20
    endloop
  endfacet
  facet normal 0 0 1
    outer loop
      vertex 75.7626 16.5736 20
      vertex 66.666 16.6949 20
      vertex 66.0915 16.5453 20
    endloop
  endfacet
  facet normal 0 0 1
    outer loop
      vertex 75.7626 16.5736 20
      vertex 66.0915 16.5453 20
      vertex 96 2.5 20
    endloop
  endfacet
  facet normal -0 0 1
    outer loop
      vertex 65.5 16.495 20
      vertex 96 2.5 20
      vertex 66.0915 16.5453 20
    endloop
  endfacet
  facet normal -0 0 1
    outer loop
      vertex 60.5 16.495 20
      vertex 96 2.5 20
      vertex 65.5 16.495 20
    endloop
  endfacet
  facet normal -0 0 1
    outer loop
      vertex 50.0915 16.5453 20
      vertex 60.5 16.495 20
      vertex 59.7626 16.5736 20
    endloop
  endfacet
  facet normal -0 0 1
    outer loop
      vertex 50.666 16.6949 20
      vertex 59.7626 16.5736 20
      vertex 59.195 16.7474 20
    endloop
  endfacet
  facet normal 0 0 1
    outer loop
      vertex 52.9497 20.5965 20
      vertex 57.5197 21.8401 20
      vertex 57.8727 22.3174 20
    endloop
  endfacet
  facet normal -0 0 1
    outer loop
      vertex 52.9497 20.5965 20
      vertex 57 20.005 20
      vertex 57.0786 20.7424 20
    endloop
  endfacet
  facet normal 0 0 1
    outer loop
      vertex 52.9497 20.5965 20
      vertex 57.0786 20.7424 20
      vertex 57.2524 21.31 20
    endloop
  endfacet
  facet normal 0 0 1
    outer loop
      vertex 57 20.005 20
      vertex 53 20.005 20
      vertex 57 19.995 20
    endloop
  endfacet
  facet normal 0 0 1
    outer loop
      vertex 52.9497 20.5965 20
      vertex 57.2524 21.31 20
      vertex 57.5197 21.8401 20
    endloop
  endfacet
  facet normal 0 0 1
    outer loop
      vertex 53 19.995 20
      vertex 57 19.995 20
      vertex 53 20.005 20
    endloop
  endfacet
  facet normal 0 0 1
    outer loop
      vertex 57 19.995 20
      vertex 53 19.995 20
      vertex 57.0503 19.4035 20
    endloop
  endfacet
  facet normal 0 0 1
    outer loop
      vertex 52.9214 19.2576 20
      vertex 57.0503 19.4035 20
      vertex 53 19.995 20
    endloop
  endfacet
  facet normal 0 0 1
    outer loop
      vertex 57.0503 19.4035 20
      vertex 52.9214 19.2576 20
      vertex 57.1999 18.829 20
    endloop
  endfacet
  facet normal 0 0 1
    outer loop
      vertex 52.7476 18.69 20
      vertex 57.1999 18.829 20
      vertex 52.9214 19.2576 20
    endloop
  endfacet
  facet normal 0 0 1
    outer loop
      vertex 57.1999 18.829 20
      vertex 52.7476 18.69 20
      vertex 57.4445 18.2881 20
    endloop
  endfacet
  facet normal 0 0 1
    outer loop
      vertex 52.4803 18.1599 20
      vertex 57.4445 18.2881 20
      vertex 52.7476 18.69 20
    endloop
  endfacet
  facet normal 0 0 1
    outer loop
      vertex 57.4445 18.2881 20
      vertex 52.4803 18.1599 20
      vertex 57.7769 17.7962 20
    endloop
  endfacet
  facet normal 0 0 1
    outer loop
      vertex 52.1273 17.6826 20
      vertex 57.7769 17.7962 20
      vertex 52.4803 18.1599 20
    endloop
  endfacet
  facet normal 0 0 1
    outer loop
      vertex 57.7769 17.7962 20
      vertex 52.1273 17.6826 20
      vertex 58.1876 17.3677 20
    endloop
  endfacet
  facet normal 0 0 1
    outer loop
      vertex 51.6988 17.2719 20
      vertex 58.1876 17.3677 20
      vertex 52.1273 17.6826 20
    endloop
  endfacet
  facet normal 0 0 1
    outer loop
      vertex 58.1876 17.3677 20
      vertex 51.6988 17.2719 20
      vertex 58.6649 17.0147 20
    endloop
  endfacet
  facet normal 0 0 1
    outer loop
      vertex 51.2069 16.9395 20
      vertex 58.6649 17.0147 20
      vertex 51.6988 17.2719 20
    endloop
  endfacet
  facet normal 0 0 1
    outer loop
      vertex 58.6649 17.0147 20
      vertex 51.2069 16.9395 20
      vertex 59.195 16.7474 20
    endloop
  endfacet
  facet normal 0 0 1
    outer loop
      vertex 50.666 16.6949 20
      vertex 59.195 16.7474 20
      vertex 51.2069 16.9395 20
    endloop
  endfacet
  facet normal 0 0 1
    outer loop
      vertex 59.7626 16.5736 20
      vertex 50.666 16.6949 20
      vertex 50.0915 16.5453 20
    endloop
  endfacet
  facet normal 0 0 1
    outer loop
      vertex 60.5 16.495 20
      vertex 50.0915 16.5453 20
      vertex 96 2.5 20
    endloop
  endfacet
  facet normal -0 0 1
    outer loop
      vertex 49.5 16.495 20
      vertex 96 2.5 20
      vertex 50.0915 16.5453 20
    endloop
  endfacet
  facet normal 0 0 1
    outer loop
      vertex 14 2.5 20
      vertex 49.5 16.495 20
      vertex 44.5 16.495 20
    endloop
  endfacet
  facet normal 0 0 1
    outer loop
      vertex 14 2.5 20
      vertex 44.5 16.495 20
      vertex 43.7626 16.5736 20
    endloop
  endfacet
  facet normal 0 0 1
    outer loop
      vertex 37 19.995 20
      vertex 41 19.995 20
      vertex 37 20.005 20
    endloop
  endfacet
  facet normal 0 0 1
    outer loop
      vertex 41 19.995 20
      vertex 37 19.995 20
      vertex 41.0503 19.4035 20
    endloop
  endfacet
  facet normal 0 0 1
    outer loop
      vertex 36.9214 19.2576 20
      vertex 41.0503 19.4035 20
      vertex 37 19.995 20
    endloop
  endfacet
  facet normal 0 0 1
    outer loop
      vertex 41.0503 19.4035 20
      vertex 36.9214 19.2576 20
      vertex 41.1999 18.829 20
    endloop
  endfacet
  facet normal 0 0 1
    outer loop
      vertex 36.7476 18.69 20
      vertex 41.1999 18.829 20
      vertex 36.9214 19.2576 20
    endloop
  endfacet
  facet normal 0 0 1
    outer loop
      vertex 41.1999 18.829 20
      vertex 36.7476 18.69 20
      vertex 41.4445 18.2881 20
    endloop
  endfacet
  facet normal 0 0 1
    outer loop
      vertex 36.4803 18.1599 20
      vertex 41.4445 18.2881 20
      vertex 36.7476 18.69 20
    endloop
  endfacet
  facet normal 0 0 1
    outer loop
      vertex 41.4445 18.2881 20
      vertex 36.4803 18.1599 20
      vertex 41.7769 17.7962 20
    endloop
  endfacet
  facet normal 0 0 1
    outer loop
      vertex 36.1273 17.6826 20
      vertex 41.7769 17.7962 20
      vertex 36.4803 18.1599 20
    endloop
  endfacet
  facet normal 0 0 1
    outer loop
      vertex 41.7769 17.7962 20
      vertex 36.1273 17.6826 20
      vertex 42.1876 17.3677 20
    endloop
  endfacet
  facet normal 0 0 1
    outer loop
      vertex 35.6988 17.2719 20
      vertex 42.1876 17.3677 20
      vertex 36.1273 17.6826 20
    endloop
  endfacet
  facet normal 0 0 1
    outer loop
      vertex 42.1876 17.3677 20
      vertex 35.6988 17.2719 20
      vertex 42.6649 17.0147 20
    endloop
  endfacet
  facet normal 0 0 1
    outer loop
      vertex 35.2069 16.9395 20
      vertex 42.6649 17.0147 20
      vertex 35.6988 17.2719 20
    endloop
  endfacet
  facet normal 0 0 1
    outer loop
      vertex 42.6649 17.0147 20
      vertex 35.2069 16.9395 20
      vertex 43.195 16.7474 20
    endloop
  endfacet
  facet normal 0 0 1
    outer loop
      vertex 34.666 16.6949 20
      vertex 43.195 16.7474 20
      vertex 35.2069 16.9395 20
    endloop
  endfacet
  facet normal 0 0 1
    outer loop
      vertex 43.195 16.7474 20
      vertex 34.666 16.6949 20
      vertex 43.7626 16.5736 20
    endloop
  endfacet
  facet normal 0 0 1
    outer loop
      vertex 34.0915 16.5453 20
      vertex 43.7626 16.5736 20
      vertex 34.666 16.6949 20
    endloop
  endfacet
  facet normal 0 0 1
    outer loop
      vertex 43.7626 16.5736 20
      vertex 34.0915 16.5453 20
      vertex 14 2.5 20
    endloop
  endfacet
  facet normal 0 0 1
    outer loop
      vertex 14 2.5 20
      vertex 34.0915 16.5453 20
      vertex 33.5 16.495 20
    endloop
  endfacet
  facet normal 0 0 1
    outer loop
      vertex 14 2.5 20
      vertex 33.5 16.495 20
      vertex 28.5 16.495 20
    endloop
  endfacet
  facet normal 0 0 1
    outer loop
      vertex 14 2.5 20
      vertex 28.5 16.495 20
      vertex 27.7626 16.5736 20
    endloop
  endfacet
  facet normal 0 0 1
    outer loop
      vertex 25.0786 20.7424 20
      vertex 2.5 14 20
      vertex 25 20.005 20
    endloop
  endfacet
  facet normal 0 0 1
    outer loop
      vertex 49.5 16.495 20
      vertex 14 2.5 20
      vertex 96 2.5 20
    endloop
  endfacet
  facet normal 0 0 1
    outer loop
      vertex 27.195 16.7474 20
      vertex 14 2.5 20
      vertex 27.7626 16.5736 20
    endloop
  endfacet
  facet normal 0 0 1
    outer loop
      vertex 26.6649 17.0147 20
      vertex 14 2.5 20
      vertex 27.195 16.7474 20
    endloop
  endfacet
  facet normal 0 0 1
    outer loop
      vertex 26.1876 17.3677 20
      vertex 14 2.5 20
      vertex 26.6649 17.0147 20
    endloop
  endfacet
  facet normal 0 0 1
    outer loop
      vertex 25.7769 17.7962 20
      vertex 14 2.5 20
      vertex 26.1876 17.3677 20
    endloop
  endfacet
  facet normal 0 0 1
    outer loop
      vertex 25.4445 18.2881 20
      vertex 14 2.5 20
      vertex 25.7769 17.7962 20
    endloop
  endfacet
  facet normal 0 0 1
    outer loop
      vertex 25.1999 18.829 20
      vertex 14 2.5 20
      vertex 25.4445 18.2881 20
    endloop
  endfacet
  facet normal 0 0 1
    outer loop
      vertex 2.5 14 20
      vertex 25.1999 18.829 20
      vertex 25.0503 19.4035 20
    endloop
  endfacet
  facet normal 0 0 1
    outer loop
      vertex 25 20.005 20
      vertex 2.5 14 20
      vertex 25 19.995 20
    endloop
  endfacet
  facet normal 0 0 1
    outer loop
      vertex 2.5 66 20
      vertex 14 77.5 20
      vertex 12.9977 77.4562 20
    endloop
  endfacet
  facet normal 0 0 1
    outer loop
      vertex 25 19.995 20
      vertex 2.5 14 20
      vertex 25.0503 19.4035 20
    endloop
  endfacet
  facet normal 0 0 1
    outer loop
      vertex 2.5 66 20
      vertex 12.9977 77.4562 20
      vertex 12.003 77.3253 20
    endloop
  endfacet
  facet normal 0 0 1
    outer loop
      vertex 25.1999 18.829 20
      vertex 2.5 14 20
      vertex 14 2.5 20
    endloop
  endfacet
  facet normal 0 0 1
    outer loop
      vertex 2.5 66 20
      vertex 12.003 77.3253 20
      vertex 11.0236 77.1081 20
    endloop
  endfacet
  facet normal 0 0 1
    outer loop
      vertex 14 2.5 20
      vertex 2.5 14 20
      vertex 12.9977 2.54376 20
    endloop
  endfacet
  facet normal 0 0 1
    outer loop
      vertex 2.5 66 20
      vertex 11.0236 77.1081 20
      vertex 10.0668 76.8065 20
    endloop
  endfacet
  facet normal 0 0 1
    outer loop
      vertex 12.9977 2.54376 20
      vertex 2.5 14 20
      vertex 12.003 2.67471 20
    endloop
  endfacet
  facet normal 0 0 1
    outer loop
      vertex 2.5 66 20
      vertex 10.0668 76.8065 20
      vertex 9.13989 76.4225 20
    endloop
  endfacet
  facet normal 0 0 1
    outer loop
      vertex 12.003 2.67471 20
      vertex 2.5 14 20
      vertex 11.0236 2.89185 20
    endloop
  endfacet
  facet normal 0 0 1
    outer loop
      vertex 2.5 66 20
      vertex 9.13989 76.4225 20
      vertex 8.25 75.9593 20
    endloop
  endfacet
  facet normal 0 0 1
    outer loop
      vertex 11.0236 2.89185 20
      vertex 2.5 14 20
      vertex 10.0668 3.19354 20
    endloop
  endfacet
  facet normal 0 0 1
    outer loop
      vertex 2.5 66 20
      vertex 8.25 75.9593 20
      vertex 7.40387 75.4202 20
    endloop
  endfacet
  facet normal 0 0 1
    outer loop
      vertex 10.0668 3.19354 20
      vertex 2.5 14 20
      vertex 9.13989 3.57746 20
    endloop
  endfacet
  facet normal 0 0 1
    outer loop
      vertex 2.5 66 20
      vertex 7.40387 75.4202 20
      vertex 6.60794 74.8095 20
    endloop
  endfacet
  facet normal 0 0 1
    outer loop
      vertex 9.13989 3.57746 20
      vertex 2.5 14 20
      vertex 8.25 4.04071 20
    endloop
  endfacet
  facet normal 0 0 1
    outer loop
      vertex 2.5 66 20
      vertex 6.60794 74.8095 20
      vertex 5.86827 74.1317 20
    endloop
  endfacet
  facet normal 0 0 1
    outer loop
      vertex 8.25 4.04071 20
      vertex 2.5 14 20
      vertex 7.40387 4.57975 20
    endloop
  endfacet
  facet normal 0 0 1
    outer loop
      vertex 2.5 66 20
      vertex 5.86827 74.1317 20
      vertex 5.19049 73.3921 20
    endloop
  endfacet
  facet normal 0 0 1
    outer loop
      vertex 7.40387 4.57975 20
      vertex 2.5 14 20
      vertex 6.60794 5.19049 20
    endloop
  endfacet
  facet normal 0 0 1
    outer loop
      vertex 2.5 66 20
      vertex 5.19049 73.3921 20
      vertex 4.57975 72.5961 20
    endloop
  endfacet
  facet normal 0 0 1
    outer loop
      vertex 6.60794 5.19049 20
      vertex 2.5 14 20
      vertex 5.86827 5.86827 20
    endloop
  endfacet
  facet normal 0 0 1
    outer loop
      vertex 2.5 66 20
      vertex 4.57975 72.5961 20
      vertex 4.04071 71.75 20
    endloop
  endfacet
  facet normal 0 0 1
    outer loop
      vertex 5.86827 5.86827 20
      vertex 2.5 14 20
      vertex 5.19049 6.60794 20
    endloop
  endfacet
  facet normal 0 0 1
    outer loop
      vertex 2.5 66 20
      vertex 4.04071 71.75 20
      vertex 3.57746 70.8601 20
    endloop
  endfacet
  facet normal 0 0 1
    outer loop
      vertex 5.19049 6.60794 20
      vertex 2.5 14 20
      vertex 4.57975 7.40387 20
    endloop
  endfacet
  facet normal 0 0 1
    outer loop
      vertex 2.5 66 20
      vertex 3.57746 70.8601 20
      vertex 3.19354 69.9332 20
    endloop
  endfacet
  facet normal 0 0 1
    outer loop
      vertex 4.57975 7.40387 20
      vertex 2.5 14 20
      vertex 4.04071 8.25 20
    endloop
  endfacet
  facet normal 0 0 1
    outer loop
      vertex 2.5 66 20
      vertex 3.19354 69.9332 20
      vertex 2.89185 68.9764 20
    endloop
  endfacet
  facet normal 0 0 1
    outer loop
      vertex 4.04071 8.25 20
      vertex 2.5 14 20
      vertex 3.57746 9.13989 20
    endloop
  endfacet
  facet normal 0 0 1
    outer loop
      vertex 2.5 66 20
      vertex 2.89185 68.9764 20
      vertex 2.67471 67.997 20
    endloop
  endfacet
  facet normal 0 0 1
    outer loop
      vertex 3.57746 9.13989 20
      vertex 2.5 14 20
      vertex 3.19354 10.0668 20
    endloop
  endfacet
  facet normal 0 0 1
    outer loop
      vertex 2.5 66 20
      vertex 2.67471 67.997 20
      vertex 2.54376 67.0023 20
    endloop
  endfacet
  facet normal 0 0 1
    outer loop
      vertex 3.19354 10.0668 20
      vertex 2.5 14 20
      vertex 2.89185 11.0236 20
    endloop
  endfacet
  facet normal 0 0 1
    outer loop
      vertex 2.89185 11.0236 20
      vertex 2.5 14 20
      vertex 2.67471 12.003 20
    endloop
  endfacet
  facet normal 0 0 1
    outer loop
      vertex 2.67471 12.003 20
      vertex 2.5 14 20
      vertex 2.54376 12.9977 20
    endloop
  endfacet
  facet normal 0 0 1
    outer loop
      vertex 81.5 23.505 20
      vertex 62.2505 48.6191 20
      vertex 76.5 23.505 20
    endloop
  endfacet
  facet normal 0 0 1
    outer loop
      vertex 75.9085 23.4547 20
      vertex 61.1284 46.8577 20
      vertex 75.334 23.3051 20
    endloop
  endfacet
  facet normal 0 0 1
    outer loop
      vertex 73.8727 22.3174 20
      vertex 68.2231 22.2038 20
      vertex 73.5197 21.8401 20
    endloop
  endfacet
  facet normal 0 -0 1
    outer loop
      vertex 68.2231 22.2038 20
      vertex 73.8727 22.3174 20
      vertex 67.8124 22.6323 20
    endloop
  endfacet
  facet normal 0 0 1
    outer loop
      vertex 74.3012 22.7281 20
      vertex 67.8124 22.6323 20
      vertex 73.8727 22.3174 20
    endloop
  endfacet
  facet normal 0 -0 1
    outer loop
      vertex 67.8124 22.6323 20
      vertex 74.3012 22.7281 20
      vertex 67.3351 22.9853 20
    endloop
  endfacet
  facet normal 0 0 1
    outer loop
      vertex 75.334 23.3051 20
      vertex 66.805 23.2526 20
      vertex 74.7931 23.0605 20
    endloop
  endfacet
  facet normal 0 0 1
    outer loop
      vertex 66.805 23.2526 20
      vertex 60.6569 46.3431 20
      vertex 66.2374 23.4264 20
    endloop
  endfacet
  facet normal -0 0 1
    outer loop
      vertex 60.1423 45.8716 20
      vertex 66.2374 23.4264 20
      vertex 60.6569 46.3431 20
    endloop
  endfacet
  facet normal -0 0 1
    outer loop
      vertex 59.5886 45.4468 20
      vertex 66.2374 23.4264 20
      vertex 60.1423 45.8716 20
    endloop
  endfacet
  facet normal 0 0 1
    outer loop
      vertex 66.2374 23.4264 20
      vertex 59.5886 45.4468 20
      vertex 65.5 23.505 20
    endloop
  endfacet
  facet normal -0 0 1
    outer loop
      vertex 59 45.0718 20
      vertex 65.5 23.505 20
      vertex 59.5886 45.4468 20
    endloop
  endfacet
  facet normal -0 0 1
    outer loop
      vertex 58.3809 44.7495 20
      vertex 65.5 23.505 20
      vertex 59 45.0718 20
    endloop
  endfacet
  facet normal 0 0 1
    outer loop
      vertex 65.5 23.505 20
      vertex 58.3809 44.7495 20
      vertex 60.5 23.505 20
    endloop
  endfacet
  facet normal -0 0 1
    outer loop
      vertex 57.7362 44.4825 20
      vertex 60.5 23.505 20
      vertex 58.3809 44.7495 20
    endloop
  endfacet
  facet normal -0 0 1
    outer loop
      vertex 57.0706 44.2726 20
      vertex 60.5 23.505 20
      vertex 57.7362 44.4825 20
    endloop
  endfacet
  facet normal 0 0 1
    outer loop
      vertex 60.5 23.505 20
      vertex 57.0706 44.2726 20
      vertex 59.9085 23.4547 20
    endloop
  endfacet
  facet normal -0 0 1
    outer loop
      vertex 56.3892 44.1215 20
      vertex 59.9085 23.4547 20
      vertex 57.0706 44.2726 20
    endloop
  endfacet
  facet normal -0 0 1
    outer loop
      vertex 55.6972 44.0304 20
      vertex 59.9085 23.4547 20
      vertex 56.3892 44.1215 20
    endloop
  endfacet
  facet normal 0 0 1
    outer loop
      vertex 59.9085 23.4547 20
      vertex 55.6972 44.0304 20
      vertex 59.334 23.3051 20
    endloop
  endfacet
  facet normal -0 0 1
    outer loop
      vertex 55 44 20
      vertex 59.334 23.3051 20
      vertex 55.6972 44.0304 20
    endloop
  endfacet
  facet normal 0 0 1
    outer loop
      vertex 50.805 23.2526 20
      vertex 59.334 23.3051 20
      vertex 55 44 20
    endloop
  endfacet
  facet normal 0 0 1
    outer loop
      vertex 50.805 23.2526 20
      vertex 55 44 20
      vertex 54.3028 44.0304 20
    endloop
  endfacet
  facet normal 0 0 1
    outer loop
      vertex 50.805 23.2526 20
      vertex 54.3028 44.0304 20
      vertex 53.6108 44.1215 20
    endloop
  endfacet
  facet normal 0 0 1
    outer loop
      vertex 59.334 23.3051 20
      vertex 50.805 23.2526 20
      vertex 58.7931 23.0605 20
    endloop
  endfacet
  facet normal 0 0 1
    outer loop
      vertex 52.9497 20.5965 20
      vertex 57.8727 22.3174 20
      vertex 58.3012 22.7281 20
    endloop
  endfacet
  facet normal 0 -0 1
    outer loop
      vertex 51.3351 22.9853 20
      vertex 58.7931 23.0605 20
      vertex 50.805 23.2526 20
    endloop
  endfacet
  facet normal 0.793555 -0.608499 0
    outer loop
      vertex 106.725 5.00097 17.5
      vertex 107.468 5.96993 0
      vertex 107.468 5.96993 17.5
    endloop
  endfacet
  facet normal 0.793555 -0.608499 0
    outer loop
      vertex 107.468 5.96993 0
      vertex 106.725 5.00097 17.5
      vertex 106.725 5.00097 0
    endloop
  endfacet
  facet normal 0.837811 -0.53356 0.115701
    outer loop
      vertex 108.124 7 17.5
      vertex 107.413 6.00858 18.0765
      vertex 107.468 5.96993 17.5
    endloop
  endfacet
  facet normal 0.505845 -0.463661 0.72742
    outer loop
      vertex 105.953 5.64833 19.5053
      vertex 105.187 4.81264 19.5053
      vertex 106.277 5.37693 19.107
    endloop
  endfacet
  facet normal 0.505862 -0.463739 0.727358
    outer loop
      vertex 106.277 5.37693 19.107
      vertex 105.187 4.81264 19.5053
      vertex 105.486 4.51408 19.107
    endloop
  endfacet
  facet normal 0.616247 0.564965 0.548684
    outer loop
      vertex 105.711 75.7115 18.622
      vertex 105.486 75.4859 19.107
      vertex 106.277 74.6231 19.107
    endloop
  endfacet
  facet normal 0.634941 0.692677 0.342124
    outer loop
      vertex 104.956 76.673 18.0765
      vertex 104.828 76.5209 18.622
      vertex 105.711 75.7115 18.622
    endloop
  endfacet
  facet normal 0.771918 0.319818 0.549417
    outer loop
      vertex 108.906 70.6973 18.622
      vertex 108.158 71.6695 19.107
      vertex 108.606 70.5882 19.107
    endloop
  endfacet
  facet normal 0.796849 0.251314 0.549429
    outer loop
      vertex 108.906 70.6973 18.622
      vertex 108.606 70.5882 19.107
      vertex 108.958 69.4721 19.107
    endloop
  endfacet
  facet normal 0.969732 0.214933 0.115861
    outer loop
      vertex 109.523 69.6235 17.5
      vertex 109.458 69.606 18.0765
      vertex 109.721 68.4194 18.0765
    endloop
  endfacet
  facet normal 0.947353 0.298488 0.115874
    outer loop
      vertex 109.523 69.6235 17.5
      vertex 109.156 70.7883 17.5
      vertex 109.458 69.606 18.0765
    endloop
  endfacet
  facet normal 0.495288 0.0655615 0.866252
    outer loop
      vertex 108.796 68.2562 19.5053
      vertex 108.3 68.1689 19.7955
      vertex 108.443 67.0886 19.7955
    endloop
  endfacet
  facet normal 0.685539 0.0302693 0.727406
    outer loop
      vertex 109.364 67.1692 19.107
      vertex 108.943 67.1324 19.5053
      vertex 108.993 66 19.5053
    endloop
  endfacet
  facet normal 0.788223 -0.604411 0.11572
    outer loop
      vertex 107.413 6.00858 18.0765
      vertex 106.725 5.00097 17.5
      vertex 107.468 5.96993 17.5
    endloop
  endfacet
  facet normal 0.787921 -0.604654 0.116506
    outer loop
      vertex 107.413 6.00858 18.0765
      vertex 106.673 5.04429 18.0765
      vertex 106.725 5.00097 17.5
    endloop
  endfacet
  facet normal 0.67128 -0.73219 0.115245
    outer loop
      vertex 105.852 4.14816 18.0765
      vertex 104.999 3.27538 17.5
      vertex 105.899 4.10051 17.5
    endloop
  endfacet
  facet normal 0.634972 -0.69266 0.342101
    outer loop
      vertex 105.711 4.28854 18.622
      vertex 104.828 3.47908 18.622
      vertex 104.956 3.327 18.0765
    endloop
  endfacet
  facet normal 0.0896119 -0.680675 0.727084
    outer loop
      vertex 98.2562 1.2045 19.5053
      vertex 97.1324 1.05655 19.5053
      vertex 97.1692 0.635938 19.107
    endloop
  endfacet
  facet normal 0.0653044 -0.496039 0.865841
    outer loop
      vertex 98.2562 1.2045 19.5053
      vertex 97.0886 1.55733 19.7955
      vertex 97.1324 1.05655 19.5053
    endloop
  endfacet
  facet normal 0.122666 -0.931766 0.341709
    outer loop
      vertex 98.4194 0.279056 18.0765
      vertex 97.197 0.318181 18.622
      vertex 97.2143 0.120406 18.0765
    endloop
  endfacet
  facet normal 0.282666 -0.896287 0.341716
    outer loop
      vertex 100.697 1.09418 18.622
      vertex 99.5546 0.733896 18.622
      vertex 99.606 0.54213 18.0765
    endloop
  endfacet
  facet normal 0.298727 -0.947267 0.115968
    outer loop
      vertex 100.765 0.907628 18.0765
      vertex 99.606 0.54213 18.0765
      vertex 100.788 0.844304 17.5
    endloop
  endfacet
  facet normal 0.148597 -0.670272 0.727087
    outer loop
      vertex 99.3628 1.44983 19.5053
      vertex 98.2562 1.2045 19.5053
      vertex 99.4721 1.042 19.107
    endloop
  endfacet
  facet normal 0.180885 -0.815931 0.549124
    outer loop
      vertex 99.4721 1.042 19.107
      vertex 98.3295 0.788695 19.107
      vertex 98.3849 0.47457 18.622
    endloop
  endfacet
  facet normal 0.458657 -0.880979 0.116233
    outer loop
      vertex 102.966 1.934 18.0765
      vertex 101.888 1.37277 18.0765
      vertex 103 1.87564 17.5
    endloop
  endfacet
  facet normal 0.533698 -0.837644 0.116272
    outer loop
      vertex 103.991 2.58707 18.0765
      vertex 102.966 1.934 18.0765
      vertex 103 1.87564 17.5
    endloop
  endfacet
  facet normal 0.382501 -0.923955 0
    outer loop
      vertex 100.788 0.844304 0
      vertex 101.917 1.31169 17.5
      vertex 100.788 0.844304 17.5
    endloop
  endfacet
  facet normal 0.382501 -0.923955 0
    outer loop
      vertex 101.917 1.31169 17.5
      vertex 100.788 0.844304 0
      vertex 101.917 1.31169 0
    endloop
  endfacet
  facet normal 0.461862 -0.886952 0
    outer loop
      vertex 101.917 1.31169 0
      vertex 103 1.87564 17.5
      vertex 101.917 1.31169 17.5
    endloop
  endfacet
  facet normal 0.461862 -0.886952 0
    outer loop
      vertex 103 1.87564 17.5
      vertex 101.917 1.31169 0
      vertex 103 1.87564 0
    endloop
  endfacet
  facet normal 0.174666 -0.227637 0.957953
    outer loop
      vertex 103.671 4.85793 19.962
      vertex 102.845 4.22414 19.962
      vertex 104.029 4.43195 19.7955
    endloop
  endfacet
  facet normal 0.193882 -0.211489 0.957957
    outer loop
      vertex 104.832 5.1681 19.7955
      vertex 103.671 4.85793 19.962
      vertex 104.029 4.43195 19.7955
    endloop
  endfacet
  facet normal 0.268891 -0.42208 0.865763
    outer loop
      vertex 103.164 3.76863 19.7955
      vertex 102.245 3.18317 19.7955
      vertex 102.496 2.74782 19.5053
    endloop
  endfacet
  facet normal 0.268884 -0.422077 0.865767
    outer loop
      vertex 103.164 3.76863 19.7955
      vertex 102.496 2.74782 19.5053
      vertex 103.452 3.35684 19.5053
    endloop
  endfacet
  facet normal 0.086315 -0.27383 0.957897
    outer loop
      vertex 100.082 2.7856 19.962
      vertex 99.0888 2.47253 19.962
      vertex 100.272 2.26305 19.7955
    endloop
  endfacet
  facet normal 0.0188903 -0.0852135 0.996184
    outer loop
      vertex 98.9764 2.89185 20
      vertex 98.0723 2.24719 19.962
      vertex 99.0888 2.47253 19.962
    endloop
  endfacet
  facet normal 0.191463 -0.46237 0.865769
    outer loop
      vertex 101.279 2.68004 19.7955
      vertex 100.272 2.26305 19.7955
      vertex 101.491 2.22444 19.5053
    endloop
  endfacet
  facet normal 0.109838 -0.265251 0.957903
    outer loop
      vertex 101.044 3.18401 19.962
      vertex 100.272 2.26305 19.7955
      vertex 101.279 2.68004 19.7955
    endloop
  endfacet
  facet normal -0.0896119 -0.680675 0.727084
    outer loop
      vertex 12.8676 1.05655 19.5053
      vertex 11.7438 1.2045 19.5053
      vertex 12.8308 0.635938 19.107
    endloop
  endfacet
  facet normal -0.0299519 -0.685895 0.727084
    outer loop
      vertex 12.8676 1.05655 19.5053
      vertex 12.8308 0.635938 19.107
      vertex 14 1.0071 19.5053
    endloop
  endfacet
  facet normal -0.0374736 -0.284629 0.957905
    outer loop
      vertex 11.9277 2.24719 19.962
      vertex 11.8311 1.69956 19.7955
      vertex 12.9114 1.55733 19.7955
    endloop
  endfacet
  facet normal -0.0188903 -0.0852135 0.996184
    outer loop
      vertex 11.0236 2.89185 20
      vertex 10.9112 2.47253 19.962
      vertex 11.9277 2.24719 19.962
    endloop
  endfacet
  facet normal -0.0125221 -0.286813 0.957905
    outer loop
      vertex 14 2.06588 19.962
      vertex 12.9599 2.11129 19.962
      vertex 14 1.5098 19.7955
    endloop
  endfacet
  facet normal -0.00380706 -0.0871993 0.996184
    outer loop
      vertex 14 2.5 20
      vertex 12.9599 2.11129 19.962
      vertex 14 2.06588 19.962
    endloop
  endfacet
  facet normal -0.654776 0.206459 0.727078
    outer loop
      vertex 1.39392 70.5882 19.107
      vertex 1.042 69.4721 19.107
      vertex 1.79067 70.4438 19.5053
    endloop
  endfacet
  facet normal -0.654769 0.206449 0.727088
    outer loop
      vertex 1.79067 70.4438 19.5053
      vertex 1.042 69.4721 19.107
      vertex 1.44983 69.3628 19.5053
    endloop
  endfacet
  facet normal -0.462239 0.191468 0.865838
    outer loop
      vertex 2.22444 71.491 19.5053
      vertex 1.79067 70.4438 19.5053
      vertex 2.26305 70.2719 19.7955
    endloop
  endfacet
  facet normal -0.477167 0.150451 0.865839
    outer loop
      vertex 2.26305 70.2719 19.7955
      vertex 1.79067 70.4438 19.5053
      vertex 1.93539 69.2327 19.7955
    endloop
  endfacet
  facet normal 0.0807463 -0.0333645 0.996176
    outer loop
      vertex 106.806 10.0668 20
      vertex 106.423 9.13989 20
      vertex 106.816 8.95642 19.962
    endloop
  endfacet
  facet normal 0.109866 0.26529 0.957889
    outer loop
      vertex 100.272 77.7369 19.7955
      vertex 100.082 77.2144 19.962
      vertex 101.044 76.816 19.962
    endloop
  endfacet
  facet normal -0.0692459 -0.0531343 0.996184
    outer loop
      vertex 4.57975 7.40387 20
      vertex 4.22414 7.15487 19.962
      vertex 5.19049 6.60794 20
    endloop
  endfacet
  facet normal -0.193954 -0.211659 0.957905
    outer loop
      vertex 6.3289 4.85793 19.962
      vertex 5.1681 5.1681 19.7955
      vertex 5.97145 4.43195 19.7955
    endloop
  endfacet
  facet normal -0.0736132 -0.0468966 0.996184
    outer loop
      vertex 4.04071 8.25 20
      vertex 3.66475 8.03294 19.962
      vertex 4.22414 7.15487 19.962
    endloop
  endfacet
  facet normal -0.421959 -0.26882 0.865844
    outer loop
      vertex 3.18317 7.7549 19.7955
      vertex 2.74782 7.50355 19.5053
      vertex 3.76863 6.83592 19.7955
    endloop
  endfacet
  facet normal -0.22776 -0.174766 0.957905
    outer loop
      vertex 4.85793 6.3289 19.962
      vertex 4.22414 7.15487 19.962
      vertex 4.43195 5.97145 19.7955
    endloop
  endfacet
  facet normal -0.227765 -0.174767 0.957904
    outer loop
      vertex 4.22414 7.15487 19.962
      vertex 3.76863 6.83592 19.7955
      vertex 4.43195 5.97145 19.7955
    endloop
  endfacet
  facet normal -0.174766 -0.22776 0.957905
    outer loop
      vertex 6.3289 4.85793 19.962
      vertex 5.97145 4.43195 19.7955
      vertex 7.15487 4.22414 19.962
    endloop
  endfacet
  facet normal -0.0531343 -0.0692458 0.996184
    outer loop
      vertex 6.60794 5.19049 20
      vertex 6.3289 4.85793 19.962
      vertex 7.15487 4.22414 19.962
    endloop
  endfacet
  facet normal -0.242126 -0.154251 0.957905
    outer loop
      vertex 3.66475 8.03294 19.962
      vertex 3.18317 7.7549 19.7955
      vertex 4.22414 7.15487 19.962
    endloop
  endfacet
  facet normal -0.254648 -0.132563 0.957905
    outer loop
      vertex 3.18401 8.95642 19.962
      vertex 3.18317 7.7549 19.7955
      vertex 3.66475 8.03294 19.962
    endloop
  endfacet
  facet normal -0.396929 -0.304574 0.865842
    outer loop
      vertex 4.43195 5.97145 19.7955
      vertex 3.35684 6.54758 19.5053
      vertex 4.04686 5.64833 19.5053
    endloop
  endfacet
  facet normal -0.396925 -0.304566 0.865846
    outer loop
      vertex 3.76863 6.83592 19.7955
      vertex 3.35684 6.54758 19.5053
      vertex 4.43195 5.97145 19.7955
    endloop
  endfacet
  facet normal -0.359654 -0.868263 0.341714
    outer loop
      vertex 8.19573 1.5527 18.622
      vertex 8.11182 1.37277 18.0765
      vertex 9.30267 1.09418 18.622
    endloop
  endfacet
  facet normal -0.35965 -0.86827 0.341701
    outer loop
      vertex 9.30267 1.09418 18.622
      vertex 8.11182 1.37277 18.0765
      vertex 9.23477 0.907628 18.0765
    endloop
  endfacet
  facet normal -0.317015 -0.608981 0.727079
    outer loop
      vertex 7.50355 2.74782 19.5053
      vertex 7.29245 2.38217 19.107
      vertex 8.33053 1.84178 19.107
    endloop
  endfacet
  facet normal -0.385904 -0.741316 0.549117
    outer loop
      vertex 7.29245 2.38217 19.107
      vertex 7.13296 2.10594 18.622
      vertex 8.33053 1.84178 19.107
    endloop
  endfacet
  facet normal -0.180896 -0.815939 0.549109
    outer loop
      vertex 10.5279 1.042 19.107
      vertex 10.4454 0.733896 18.622
      vertex 11.6151 0.47457 18.622
    endloop
  endfacet
  facet normal -0.180885 -0.815931 0.549124
    outer loop
      vertex 11.6705 0.788695 19.107
      vertex 10.5279 1.042 19.107
      vertex 11.6151 0.47457 18.622
    endloop
  endfacet
  facet normal -0.282592 -0.89631 0.341718
    outer loop
      vertex 10.4454 0.733896 18.622
      vertex 9.30267 1.09418 18.622
      vertex 10.394 0.54213 18.0765
    endloop
  endfacet
  facet normal -0.282602 -0.896313 0.341701
    outer loop
      vertex 9.30267 1.09418 18.622
      vertex 9.23477 0.907628 18.0765
      vertex 10.394 0.54213 18.0765
    endloop
  endfacet
  facet normal -0.828593 0.109086 0.549121
    outer loop
      vertex 0.47457 68.3849 18.622
      vertex 0.318181 67.197 18.622
      vertex 0.635938 67.1692 19.107
    endloop
  endfacet
  facet normal -0.834947 0.0364545 0.549121
    outer loop
      vertex 0.318181 67.197 18.622
      vertex 0.265919 66 18.622
      vertex 0.635938 67.1692 19.107
    endloop
  endfacet
  facet normal -0.797075 0.251311 0.549103
    outer loop
      vertex 1.09418 70.6973 18.622
      vertex 0.733896 69.5546 18.622
      vertex 1.042 69.4721 19.107
    endloop
  endfacet
  facet normal -0.896308 0.282598 0.341717
    outer loop
      vertex 1.09418 70.6973 18.622
      vertex 0.54213 69.606 18.0765
      vertex 0.733896 69.5546 18.622
    endloop
  endfacet
  facet normal 0.572521 0.745675 0.340865
    outer loop
      vertex 103.991 77.4129 18.0765
      vertex 103.878 77.2503 18.622
      vertex 104.828 76.5209 18.622
    endloop
  endfacet
  facet normal 0.463644 0.506038 0.727296
    outer loop
      vertex 105.486 75.4859 19.107
      vertex 104.623 76.2766 19.107
      vertex 105.187 75.1874 19.5053
    endloop
  endfacet
  facet normal 0.0333874 -0.0806173 0.996186
    outer loop
      vertex 101.044 3.18401 19.962
      vertex 99.9332 3.19354 20
      vertex 100.082 2.7856 19.962
    endloop
  endfacet
  facet normal 0.0402757 -0.0773781 0.996188
    outer loop
      vertex 101.75 4.04071 20
      vertex 100.86 3.57746 20
      vertex 101.044 3.18401 19.962
    endloop
  endfacet
  facet normal 0.19395 0.211763 0.957883
    outer loop
      vertex 104.832 74.8319 19.7955
      vertex 103.671 75.1421 19.962
      vertex 104.439 74.4387 19.962
    endloop
  endfacet
  facet normal 0.174686 0.227659 0.957944
    outer loop
      vertex 104.029 75.568 19.7955
      vertex 102.845 75.7759 19.962
      vertex 103.671 75.1421 19.962
    endloop
  endfacet
  facet normal 0.227739 0.174802 0.957904
    outer loop
      vertex 105.568 74.0285 19.7955
      vertex 105.142 73.6711 19.962
      vertex 105.776 72.8451 19.962
    endloop
  endfacet
  facet normal 0.03339 0.080588 0.996188
    outer loop
      vertex 101.044 76.816 19.962
      vertex 99.9332 76.8065 20
      vertex 100.86 76.4225 20
    endloop
  endfacet
  facet normal 0.0262367 0.0832336 0.996185
    outer loop
      vertex 100.082 77.2144 19.962
      vertex 98.9764 77.1081 20
      vertex 99.9332 76.8065 20
    endloop
  endfacet
  facet normal 0.286852 0.0124107 0.957895
    outer loop
      vertex 108.49 66 19.7955
      vertex 107.889 67.0401 19.962
      vertex 107.934 66 19.962
    endloop
  endfacet
  facet normal 0.499616 0.0215708 0.865978
    outer loop
      vertex 108.993 66 19.5053
      vertex 108.443 67.0886 19.7955
      vertex 108.49 66 19.7955
    endloop
  endfacet
  facet normal 0.654611 -0.206491 0.727218
    outer loop
      vertex 108.55 10.6372 19.5053
      vertex 108.209 9.55617 19.5053
      vertex 108.958 10.5279 19.107
    endloop
  endfacet
  facet normal 0.670038 -0.148951 0.72723
    outer loop
      vertex 108.796 11.7438 19.5053
      vertex 108.55 10.6372 19.5053
      vertex 108.958 10.5279 19.107
    endloop
  endfacet
  facet normal 0.0333895 0.0806243 0.996185
    outer loop
      vertex 100.082 77.2144 19.962
      vertex 99.9332 76.8065 20
      vertex 101.044 76.816 19.962
    endloop
  endfacet
  facet normal 0.671115 -0.73228 0.115626
    outer loop
      vertex 105.852 4.14816 18.0765
      vertex 104.956 3.327 18.0765
      vertex 104.999 3.27538 17.5
    endloop
  endfacet
  facet normal 0.0218273 -0.499842 0.865841
    outer loop
      vertex 97.0886 1.55733 19.7955
      vertex 96 1.0071 19.5053
      vertex 97.1324 1.05655 19.5053
    endloop
  endfacet
  facet normal 0.0299519 -0.685895 0.727084
    outer loop
      vertex 97.1324 1.05655 19.5053
      vertex 96 1.0071 19.5053
      vertex 97.1692 0.635938 19.107
    endloop
  endfacet
  facet normal 0.0436194 -0.999048 0
    outer loop
      vertex 96 0 0
      vertex 97.2202 0.0532751 17.5
      vertex 96 0 17.5
    endloop
  endfacet
  facet normal 0.0436194 -0.999048 0
    outer loop
      vertex 97.2202 0.0532751 17.5
      vertex 96 0 0
      vertex 97.2202 0.0532751 0
    endloop
  endfacet
  facet normal 0.180896 -0.815939 0.549109
    outer loop
      vertex 99.4721 1.042 19.107
      vertex 98.3849 0.47457 18.622
      vertex 99.5546 0.733896 18.622
    endloop
  endfacet
  facet normal 0.109087 -0.828592 0.549123
    outer loop
      vertex 98.3295 0.788695 19.107
      vertex 97.1692 0.635938 19.107
      vertex 98.3849 0.47457 18.622
    endloop
  endfacet
  facet normal 0.319795 -0.772078 0.549205
    outer loop
      vertex 101.669 1.84178 19.107
      vertex 100.697 1.09418 18.622
      vertex 101.804 1.5527 18.622
    endloop
  endfacet
  facet normal 0.319893 -0.772125 0.549083
    outer loop
      vertex 101.669 1.84178 19.107
      vertex 100.588 1.39392 19.107
      vertex 100.697 1.09418 18.622
    endloop
  endfacet
  facet normal 0.0863212 -0.273801 0.957905
    outer loop
      vertex 100.272 2.26305 19.7955
      vertex 99.0888 2.47253 19.962
      vertex 99.2327 1.93539 19.7955
    endloop
  endfacet
  facet normal 0.150431 -0.47715 0.865851
    outer loop
      vertex 100.272 2.26305 19.7955
      vertex 99.2327 1.93539 19.7955
      vertex 100.444 1.79067 19.5053
    endloop
  endfacet
  facet normal -0.0653044 -0.496039 0.865841
    outer loop
      vertex 12.9114 1.55733 19.7955
      vertex 11.7438 1.2045 19.5053
      vertex 12.8676 1.05655 19.5053
    endloop
  endfacet
  facet normal -0.0218273 -0.499842 0.865841
    outer loop
      vertex 12.9114 1.55733 19.7955
      vertex 12.8676 1.05655 19.5053
      vertex 14 1.0071 19.5053
    endloop
  endfacet
  facet normal -0.262733 -0.634286 0.727085
    outer loop
      vertex 8.50897 2.22444 19.5053
      vertex 8.33053 1.84178 19.107
      vertex 9.55617 1.79067 19.5053
    endloop
  endfacet
  facet normal -0.0262465 -0.0832416 0.996184
    outer loop
      vertex 11.0236 2.89185 20
      vertex 9.91829 2.7856 19.962
      vertex 10.9112 2.47253 19.962
    endloop
  endfacet
  facet normal -0.273795 0.0863298 0.957906
    outer loop
      vertex 2.7856 70.0817 19.962
      vertex 2.26305 70.2719 19.7955
      vertex 2.47253 69.0888 19.962
    endloop
  endfacet
  facet normal -0.265231 0.109856 0.957906
    outer loop
      vertex 3.18401 71.0436 19.962
      vertex 2.26305 70.2719 19.7955
      vertex 2.7856 70.0817 19.962
    endloop
  endfacet
  facet normal -0.193956 -0.211667 0.957903
    outer loop
      vertex 5.5613 5.5613 19.962
      vertex 5.1681 5.1681 19.7955
      vertex 6.3289 4.85793 19.962
    endloop
  endfacet
  facet normal -0.058967 -0.0643517 0.996184
    outer loop
      vertex 6.60794 5.19049 20
      vertex 5.5613 5.5613 19.962
      vertex 6.3289 4.85793 19.962
    endloop
  endfacet
  facet normal -0.443785 -0.231016 0.865844
    outer loop
      vertex 3.18317 7.7549 19.7955
      vertex 2.22444 8.50897 19.5053
      vertex 2.74782 7.50355 19.5053
    endloop
  endfacet
  facet normal -0.254653 -0.132563 0.957903
    outer loop
      vertex 3.18401 8.95642 19.962
      vertex 2.68004 8.72141 19.7955
      vertex 3.18317 7.7549 19.7955
    endloop
  endfacet
  facet normal -0.685895 0.0299519 0.727084
    outer loop
      vertex 1.05655 67.1324 19.5053
      vertex 0.635938 67.1692 19.107
      vertex 1.0071 66 19.5053
    endloop
  endfacet
  facet normal -0.499842 0.0218273 0.865841
    outer loop
      vertex 1.05655 67.1324 19.5053
      vertex 1.0071 66 19.5053
      vertex 1.55733 67.0886 19.7955
    endloop
  endfacet
  facet normal 0.508985 0.662923 0.54906
    outer loop
      vertex 104.828 76.5209 18.622
      vertex 103.878 77.2503 18.622
      vertex 104.623 76.2766 19.107
    endloop
  endfacet
  facet normal 0.508895 0.662906 0.549165
    outer loop
      vertex 103.878 77.2503 18.622
      vertex 103.695 76.989 19.107
      vertex 104.623 76.2766 19.107
    endloop
  endfacet
  facet normal 0.30447 0.397077 0.86581
    outer loop
      vertex 104.352 75.9531 19.5053
      vertex 103.452 76.6432 19.5053
      vertex 104.029 75.568 19.7955
    endloop
  endfacet
  facet normal 0.30456 0.397113 0.865763
    outer loop
      vertex 103.452 76.6432 19.5053
      vertex 103.164 76.2314 19.7955
      vertex 104.029 75.568 19.7955
    endloop
  endfacet
  facet normal 0.242034 0.154097 0.957953
    outer loop
      vertex 106.817 72.2451 19.7955
      vertex 105.776 72.8451 19.962
      vertex 106.335 71.9671 19.962
    endloop
  endfacet
  facet normal 0.0736161 0.0468695 0.996185
    outer loop
      vertex 106.335 71.9671 19.962
      vertex 105.776 72.8451 19.962
      vertex 105.959 71.75 20
    endloop
  endfacet
  facet normal 0.396898 0.304423 0.865909
    outer loop
      vertex 106.643 73.4524 19.5053
      vertex 105.568 74.0285 19.7955
      vertex 106.231 73.1641 19.7955
    endloop
  endfacet
  facet normal 0.396955 0.304569 0.865832
    outer loop
      vertex 105.953 74.3517 19.5053
      vertex 105.568 74.0285 19.7955
      vertex 106.643 73.4524 19.5053
    endloop
  endfacet
  facet normal 0.0469016 -0.0736101 0.996184
    outer loop
      vertex 102.596 4.57975 20
      vertex 101.75 4.04071 20
      vertex 102.845 4.22414 19.962
    endloop
  endfacet
  facet normal 0.286874 0 0.957968
    outer loop
      vertex 107.934 66 19.962
      vertex 108.49 14 19.7955
      vertex 108.49 66 19.7955
    endloop
  endfacet
  facet normal 0.286874 0 0.957968
    outer loop
      vertex 108.49 14 19.7955
      vertex 107.934 66 19.962
      vertex 107.934 14 19.962
    endloop
  endfacet
  facet normal 0.499732 0 0.86618
    outer loop
      vertex 108.49 66 19.7955
      vertex 108.993 14 19.5053
      vertex 108.993 66 19.5053
    endloop
  endfacet
  facet normal 0.499732 0 0.86618
    outer loop
      vertex 108.993 14 19.5053
      vertex 108.49 66 19.7955
      vertex 108.49 14 19.7955
    endloop
  endfacet
  facet normal 0.280602 -0.0619867 0.957821
    outer loop
      vertex 108.3 11.8311 19.7955
      vertex 107.753 11.9277 19.962
      vertex 108.065 10.7673 19.7955
    endloop
  endfacet
  facet normal 0.279848 -0.062219 0.958026
    outer loop
      vertex 107.753 11.9277 19.962
      vertex 107.527 10.9112 19.962
      vertex 108.065 10.7673 19.7955
    endloop
  endfacet
  facet normal 0.732014 -0.671483 0.115179
    outer loop
      vertex 106.725 5.00097 17.5
      vertex 105.852 4.14816 18.0765
      vertex 105.899 4.10051 17.5
    endloop
  endfacet
  facet normal 0.732321 -0.670925 0.11647
    outer loop
      vertex 106.673 5.04429 18.0765
      vertex 105.852 4.14816 18.0765
      vertex 106.725 5.00097 17.5
    endloop
  endfacet
  facet normal 0.043325 -0.992305 0.115993
    outer loop
      vertex 96 0.0673885 18.0765
      vertex 96 0 17.5
      vertex 97.2143 0.120406 18.0765
    endloop
  endfacet
  facet normal 0.0409938 -0.938911 0.341709
    outer loop
      vertex 96 0.265919 18.622
      vertex 96 0.0673885 18.0765
      vertex 97.2143 0.120406 18.0765
    endloop
  endfacet
  facet normal 0.122668 -0.931764 0.341714
    outer loop
      vertex 98.3849 0.47457 18.622
      vertex 97.197 0.318181 18.622
      vertex 98.4194 0.279056 18.0765
    endloop
  endfacet
  facet normal 0.109086 -0.828593 0.549121
    outer loop
      vertex 98.3849 0.47457 18.622
      vertex 97.1692 0.635938 19.107
      vertex 97.197 0.318181 18.622
    endloop
  endfacet
  facet normal 0.148595 -0.670277 0.727082
    outer loop
      vertex 99.4721 1.042 19.107
      vertex 98.2562 1.2045 19.5053
      vertex 98.3295 0.788695 19.107
    endloop
  endfacet
  facet normal 0.0896131 -0.680676 0.727083
    outer loop
      vertex 98.2562 1.2045 19.5053
      vertex 97.1692 0.635938 19.107
      vertex 98.3295 0.788695 19.107
    endloop
  endfacet
  facet normal 0.10986 -0.265269 0.957895
    outer loop
      vertex 101.044 3.18401 19.962
      vertex 100.082 2.7856 19.962
      vertex 100.272 2.26305 19.7955
    endloop
  endfacet
  facet normal -0.0863295 -0.273796 0.957905
    outer loop
      vertex 9.91829 2.7856 19.962
      vertex 9.7281 2.26305 19.7955
      vertex 10.9112 2.47253 19.962
    endloop
  endfacet
  facet normal -0.10986 -0.265232 0.957905
    outer loop
      vertex 9.91829 2.7856 19.962
      vertex 8.95642 3.18401 19.962
      vertex 9.7281 2.26305 19.7955
    endloop
  endfacet
  facet normal -0.0643513 -0.0589669 0.996184
    outer loop
      vertex 5.86827 5.86827 20
      vertex 5.19049 6.60794 20
      vertex 5.5613 5.5613 19.962
    endloop
  endfacet
  facet normal -0.0589669 -0.0643513 0.996184
    outer loop
      vertex 5.86827 5.86827 20
      vertex 5.5613 5.5613 19.962
      vertex 6.60794 5.19049 20
    endloop
  endfacet
  facet normal -0.462231 -0.191465 0.865842
    outer loop
      vertex 2.26305 9.7281 19.7955
      vertex 2.22444 8.50897 19.5053
      vertex 2.68004 8.72141 19.7955
    endloop
  endfacet
  facet normal -0.462231 -0.191465 0.865842
    outer loop
      vertex 2.26305 9.7281 19.7955
      vertex 1.79067 9.55617 19.5053
      vertex 2.22444 8.50897 19.5053
    endloop
  endfacet
  facet normal 0.21169 0.193931 0.957903
    outer loop
      vertex 105.568 74.0285 19.7955
      vertex 104.832 74.8319 19.7955
      vertex 105.142 73.6711 19.962
    endloop
  endfacet
  facet normal 0.211772 0.193949 0.957881
    outer loop
      vertex 104.832 74.8319 19.7955
      vertex 104.439 74.4387 19.962
      vertex 105.142 73.6711 19.962
    endloop
  endfacet
  facet normal 0 -0.993237 0.116102
    outer loop
      vertex 14 0 17.5
      vertex 96 0.0673885 18.0765
      vertex 14 0.0673885 18.0765
    endloop
  endfacet
  facet normal 0 -0.993237 0.116102
    outer loop
      vertex 96 0.0673885 18.0765
      vertex 14 0 17.5
      vertex 96 0 17.5
    endloop
  endfacet
  facet normal -0.191465 -0.462231 0.865842
    outer loop
      vertex 8.72141 2.68004 19.7955
      vertex 8.50897 2.22444 19.5053
      vertex 9.7281 2.26305 19.7955
    endloop
  endfacet
  facet normal -0.109866 -0.265237 0.957903
    outer loop
      vertex 8.95642 3.18401 19.962
      vertex 8.72141 2.68004 19.7955
      vertex 9.7281 2.26305 19.7955
    endloop
  endfacet
  facet normal -0.062134 -0.280279 0.957906
    outer loop
      vertex 11.9277 2.24719 19.962
      vertex 10.7673 1.93539 19.7955
      vertex 11.8311 1.69956 19.7955
    endloop
  endfacet
  facet normal -0.191465 -0.462231 0.865842
    outer loop
      vertex 9.7281 2.26305 19.7955
      vertex 8.50897 2.22444 19.5053
      vertex 9.55617 1.79067 19.5053
    endloop
  endfacet
  facet normal -0.0863289 -0.273799 0.957905
    outer loop
      vertex 10.9112 2.47253 19.962
      vertex 9.7281 2.26305 19.7955
      vertex 10.7673 1.93539 19.7955
    endloop
  endfacet
  facet normal -0.0621333 -0.280281 0.957905
    outer loop
      vertex 10.9112 2.47253 19.962
      vertex 10.7673 1.93539 19.7955
      vertex 11.9277 2.24719 19.962
    endloop
  endfacet
  facet normal -0.206444 -0.65477 0.727088
    outer loop
      vertex 10.6372 1.44983 19.5053
      vertex 9.55617 1.79067 19.5053
      vertex 10.5279 1.042 19.107
    endloop
  endfacet
  facet normal -0.148597 -0.670272 0.727087
    outer loop
      vertex 10.6372 1.44983 19.5053
      vertex 10.5279 1.042 19.107
      vertex 11.7438 1.2045 19.5053
    endloop
  endfacet
  facet normal -0.150447 -0.477167 0.865839
    outer loop
      vertex 10.7673 1.93539 19.7955
      vertex 9.55617 1.79067 19.5053
      vertex 10.6372 1.44983 19.5053
    endloop
  endfacet
  facet normal -0.108291 -0.488463 0.865839
    outer loop
      vertex 10.7673 1.93539 19.7955
      vertex 10.6372 1.44983 19.5053
      vertex 11.7438 1.2045 19.5053
    endloop
  endfacet
  facet normal 0.991446 0.130521 0
    outer loop
      vertex 62.9696 52.6972 80
      vertex 62.8785 53.3892 20
      vertex 62.8785 53.3892 80
    endloop
  endfacet
  facet normal 0.991446 0.130521 0
    outer loop
      vertex 62.8785 53.3892 20
      vertex 62.9696 52.6972 80
      vertex 62.9696 52.6972 20
    endloop
  endfacet
  facet normal 0.999051 0.0435616 0
    outer loop
      vertex 63 52 80
      vertex 62.9696 52.6972 20
      vertex 62.9696 52.6972 80
    endloop
  endfacet
  facet normal 0.999051 0.0435616 0
    outer loop
      vertex 62.9696 52.6972 20
      vertex 63 52 80
      vertex 63 52 20
    endloop
  endfacet
  facet normal 0.976285 0.21649 0
    outer loop
      vertex 62.8785 53.3892 80
      vertex 62.7274 54.0706 20
      vertex 62.7274 54.0706 80
    endloop
  endfacet
  facet normal 0.976285 0.21649 0
    outer loop
      vertex 62.7274 54.0706 20
      vertex 62.8785 53.3892 80
      vertex 62.8785 53.3892 20
    endloop
  endfacet
  facet normal -0.887001 -0.461768 0
    outer loop
      vertex 48.0718 48 20
      vertex 47.7495 48.6191 80
      vertex 47.7495 48.6191 20
    endloop
  endfacet
  facet normal -0.887001 -0.461768 0
    outer loop
      vertex 47.7495 48.6191 80
      vertex 48.0718 48 20
      vertex 48.0718 48 80
    endloop
  endfacet
  facet normal 0.300808 0.953685 -0
    outer loop
      vertex 57.7362 59.5175 20
      vertex 57.2562 59.6689 21
      vertex 57.7362 59.5175 21
    endloop
  endfacet
  facet normal 0.300808 0.953685 0
    outer loop
      vertex 57.2562 59.6689 21
      vertex 57.7362 59.5175 20
      vertex 57.2562 59.6689 20
    endloop
  endfacet
  facet normal -0.843378 -0.53732 0
    outer loop
      vertex 48.4468 47.4114 20
      vertex 48.0718 48 80
      vertex 48.0718 48 20
    endloop
  endfacet
  facet normal -0.843378 -0.53732 0
    outer loop
      vertex 48.0718 48 80
      vertex 48.4468 47.4114 20
      vertex 48.4468 47.4114 80
    endloop
  endfacet
  facet normal 0.923902 0.38263 0
    outer loop
      vertex 62.5175 54.7362 80
      vertex 62.2505 55.3809 20
      vertex 62.2505 55.3809 80
    endloop
  endfacet
  facet normal 0.923902 0.38263 0
    outer loop
      vertex 62.2505 55.3809 20
      vertex 62.5175 54.7362 80
      vertex 62.5175 54.7362 20
    endloop
  endfacet
  facet normal 0.0435616 -0.999051 0
    outer loop
      vertex 55 44 20
      vertex 55.6972 44.0304 80
      vertex 55 44 80
    endloop
  endfacet
  facet normal 0.0435616 -0.999051 0
    outer loop
      vertex 55.6972 44.0304 80
      vertex 55 44 20
      vertex 55.6972 44.0304 20
    endloop
  endfacet
  facet normal 0.21649 -0.976285 0
    outer loop
      vertex 56.3892 44.1215 20
      vertex 57.0706 44.2726 80
      vertex 56.3892 44.1215 80
    endloop
  endfacet
  facet normal 0.21649 -0.976285 0
    outer loop
      vertex 57.0706 44.2726 80
      vertex 56.3892 44.1215 20
      vertex 57.0706 44.2726 20
    endloop
  endfacet
  facet normal 0.53732 -0.843378 0
    outer loop
      vertex 59 45.0718 20
      vertex 59.5886 45.4468 80
      vertex 59 45.0718 80
    endloop
  endfacet
  facet normal 0.53732 -0.843378 0
    outer loop
      vertex 59.5886 45.4468 80
      vertex 59 45.0718 20
      vertex 59.5886 45.4468 20
    endloop
  endfacet
  facet normal 0.793401 -0.608699 0
    outer loop
      vertex 61.1284 46.8577 80
      vertex 61.5532 47.4114 20
      vertex 61.5532 47.4114 80
    endloop
  endfacet
  facet normal 0.793401 -0.608699 0
    outer loop
      vertex 61.5532 47.4114 20
      vertex 61.1284 46.8577 80
      vertex 61.1284 46.8577 20
    endloop
  endfacet
  facet normal 0.382737 0.923857 0
    outer loop
      vertex 58.3809 59.2505 80
      vertex 58 59.4083 21
      vertex 58 59.4083 80
    endloop
  endfacet
  facet normal 0.382737 0.923857 -0
    outer loop
      vertex 58.3809 59.2505 20
      vertex 58 59.4083 21
      vertex 58.3809 59.2505 80
    endloop
  endfacet
  facet normal 0.38263 0.923902 -4.78073e-05
    outer loop
      vertex 57.7362 59.5175 20
      vertex 58 59.4083 21
      vertex 58.3809 59.2505 20
    endloop
  endfacet
  facet normal 0.382476 0.923966 0
    outer loop
      vertex 58 59.4083 21
      vertex 57.7362 59.5175 20
      vertex 57.7362 59.5175 21
    endloop
  endfacet
  facet normal 0.991446 -0.130521 0
    outer loop
      vertex 62.8785 50.6108 80
      vertex 62.9696 51.3028 20
      vertex 62.9696 51.3028 80
    endloop
  endfacet
  facet normal 0.991446 -0.130521 0
    outer loop
      vertex 62.9696 51.3028 20
      vertex 62.8785 50.6108 80
      vertex 62.8785 50.6108 20
    endloop
  endfacet
  facet normal -0.53732 0.843378 0
    outer loop
      vertex 51 58.9282 20
      vertex 50.4114 58.5532 80
      vertex 51 58.9282 80
    endloop
  endfacet
  facet normal -0.53732 0.843378 0
    outer loop
      vertex 50.4114 58.5532 80
      vertex 51 58.9282 20
      vertex 50.4114 58.5532 20
    endloop
  endfacet
  facet normal -0.793401 -0.608699 0
    outer loop
      vertex 48.8716 46.8577 20
      vertex 48.4468 47.4114 80
      vertex 48.4468 47.4114 20
    endloop
  endfacet
  facet normal -0.793401 -0.608699 0
    outer loop
      vertex 48.4468 47.4114 80
      vertex 48.8716 46.8577 20
      vertex 48.8716 46.8577 80
    endloop
  endfacet
  facet normal -0.130521 -0.991446 0
    outer loop
      vertex 53.6108 44.1215 20
      vertex 54.3028 44.0304 80
      vertex 53.6108 44.1215 80
    endloop
  endfacet
  facet normal -0.130521 -0.991446 -0
    outer loop
      vertex 54.3028 44.0304 80
      vertex 53.6108 44.1215 20
      vertex 54.3028 44.0304 20
    endloop
  endfacet
  facet normal -0.843378 0.53732 0
    outer loop
      vertex 48.0718 56 20
      vertex 48.4468 56.5886 80
      vertex 48.4468 56.5886 20
    endloop
  endfacet
  facet normal -0.843378 0.53732 0
    outer loop
      vertex 48.4468 56.5886 80
      vertex 48.0718 56 20
      vertex 48.0718 56 80
    endloop
  endfacet
  facet normal -0.953702 -0.300754 0
    outer loop
      vertex 47.4825 49.2638 20
      vertex 47.2726 49.9294 80
      vertex 47.2726 49.9294 20
    endloop
  endfacet
  facet normal -0.953702 -0.300754 0
    outer loop
      vertex 47.2726 49.9294 80
      vertex 47.4825 49.2638 20
      vertex 47.4825 49.2638 80
    endloop
  endfacet
  facet normal 0.923902 -0.38263 0
    outer loop
      vertex 62.2505 48.6191 80
      vertex 62.5175 49.2638 20
      vertex 62.5175 49.2638 80
    endloop
  endfacet
  facet normal 0.923902 -0.38263 0
    outer loop
      vertex 62.5175 49.2638 20
      vertex 62.2505 48.6191 80
      vertex 62.2505 48.6191 20
    endloop
  endfacet
  facet normal 0.976285 -0.21649 0
    outer loop
      vertex 62.7274 49.9294 80
      vertex 62.8785 50.6108 20
      vertex 62.8785 50.6108 80
    endloop
  endfacet
  facet normal 0.976285 -0.21649 0
    outer loop
      vertex 62.8785 50.6108 20
      vertex 62.7274 49.9294 80
      vertex 62.7274 49.9294 20
    endloop
  endfacet
  facet normal -0.793401 0.608699 0
    outer loop
      vertex 48.4468 56.5886 20
      vertex 48.8716 57.1423 80
      vertex 48.8716 57.1423 20
    endloop
  endfacet
  facet normal -0.793401 0.608699 0
    outer loop
      vertex 48.8716 57.1423 80
      vertex 48.4468 56.5886 20
      vertex 48.4468 56.5886 80
    endloop
  endfacet
  facet normal -0.675556 0.737309 0
    outer loop
      vertex 49.8577 58.1284 20
      vertex 49.3431 57.6569 80
      vertex 49.8577 58.1284 80
    endloop
  endfacet
  facet normal -0.675556 0.737309 0
    outer loop
      vertex 49.3431 57.6569 80
      vertex 49.8577 58.1284 20
      vertex 49.3431 57.6569 20
    endloop
  endfacet
  facet normal 0.300754 -0.953702 0
    outer loop
      vertex 57.0706 44.2726 20
      vertex 57.7362 44.4825 80
      vertex 57.0706 44.2726 80
    endloop
  endfacet
  facet normal 0.300754 -0.953702 0
    outer loop
      vertex 57.7362 44.4825 80
      vertex 57.0706 44.2726 20
      vertex 57.7362 44.4825 20
    endloop
  endfacet
  facet normal -0.976285 0.21649 0
    outer loop
      vertex 47.1215 53.3892 20
      vertex 47.2726 54.0706 80
      vertex 47.2726 54.0706 20
    endloop
  endfacet
  facet normal -0.976285 0.21649 0
    outer loop
      vertex 47.2726 54.0706 80
      vertex 47.1215 53.3892 20
      vertex 47.1215 53.3892 80
    endloop
  endfacet
  facet normal -0.300717 0.953713 0
    outer loop
      vertex 52.7595 59.6738 20
      vertex 52.2638 59.5175 21
      vertex 52.7595 59.6738 21
    endloop
  endfacet
  facet normal -0.300717 0.953713 0
    outer loop
      vertex 52.2638 59.5175 21
      vertex 52.7595 59.6738 20
      vertex 52.2638 59.5175 20
    endloop
  endfacet
  facet normal 0.793401 0.608699 0
    outer loop
      vertex 61.5532 56.5886 80
      vertex 61.1284 57.1423 20
      vertex 61.1284 57.1423 80
    endloop
  endfacet
  facet normal 0.793401 0.608699 0
    outer loop
      vertex 61.1284 57.1423 20
      vertex 61.5532 56.5886 80
      vertex 61.5532 56.5886 20
    endloop
  endfacet
  facet normal -0.923902 -0.38263 0
    outer loop
      vertex 47.7495 48.6191 20
      vertex 47.4825 49.2638 80
      vertex 47.4825 49.2638 20
    endloop
  endfacet
  facet normal -0.923902 -0.38263 0
    outer loop
      vertex 47.4825 49.2638 80
      vertex 47.7495 48.6191 20
      vertex 47.7495 48.6191 80
    endloop
  endfacet
  facet normal 0.999051 -0.0435616 0
    outer loop
      vertex 62.9696 51.3028 80
      vertex 63 52 20
      vertex 63 52 80
    endloop
  endfacet
  facet normal 0.999051 -0.0435616 0
    outer loop
      vertex 63 52 20
      vertex 62.9696 51.3028 80
      vertex 62.9696 51.3028 20
    endloop
  endfacet
  facet normal 0.608699 0.793401 -0
    outer loop
      vertex 60.1423 58.1284 20
      vertex 59.5886 58.5532 80
      vertex 60.1423 58.1284 80
    endloop
  endfacet
  facet normal 0.608699 0.793401 0
    outer loop
      vertex 59.5886 58.5532 80
      vertex 60.1423 58.1284 20
      vertex 59.5886 58.5532 20
    endloop
  endfacet
  facet normal -0.21649 -0.976285 0
    outer loop
      vertex 52.9294 44.2726 20
      vertex 53.6108 44.1215 80
      vertex 52.9294 44.2726 80
    endloop
  endfacet
  facet normal -0.21649 -0.976285 -0
    outer loop
      vertex 53.6108 44.1215 80
      vertex 52.9294 44.2726 20
      vertex 53.6108 44.1215 20
    endloop
  endfacet
  facet normal 0.53732 0.843378 -0
    outer loop
      vertex 59.5886 58.5532 20
      vertex 59 58.9282 80
      vertex 59.5886 58.5532 80
    endloop
  endfacet
  facet normal 0.53732 0.843378 0
    outer loop
      vertex 59 58.9282 80
      vertex 59.5886 58.5532 20
      vertex 59 58.9282 20
    endloop
  endfacet
  facet normal 0.130521 -0.991446 0
    outer loop
      vertex 55.6972 44.0304 20
      vertex 56.3892 44.1215 80
      vertex 55.6972 44.0304 80
    endloop
  endfacet
  facet normal 0.130521 -0.991446 0
    outer loop
      vertex 56.3892 44.1215 80
      vertex 55.6972 44.0304 20
      vertex 56.3892 44.1215 20
    endloop
  endfacet
  facet normal 0.953702 0.300754 0
    outer loop
      vertex 62.7274 54.0706 80
      vertex 62.5175 54.7362 20
      vertex 62.5175 54.7362 80
    endloop
  endfacet
  facet normal 0.953702 0.300754 0
    outer loop
      vertex 62.5175 54.7362 20
      vertex 62.7274 54.0706 80
      vertex 62.7274 54.0706 20
    endloop
  endfacet
  facet normal 0.843378 -0.53732 0
    outer loop
      vertex 61.5532 47.4114 80
      vertex 61.9282 48 20
      vertex 61.9282 48 80
    endloop
  endfacet
  facet normal 0.843378 -0.53732 0
    outer loop
      vertex 61.9282 48 20
      vertex 61.5532 47.4114 80
      vertex 61.5532 47.4114 20
    endloop
  endfacet
  facet normal -0.887001 0.461768 0
    outer loop
      vertex 47.7495 55.3809 20
      vertex 48.0718 56 80
      vertex 48.0718 56 20
    endloop
  endfacet
  facet normal -0.887001 0.461768 0
    outer loop
      vertex 48.0718 56 80
      vertex 47.7495 55.3809 20
      vertex 47.7495 55.3809 80
    endloop
  endfacet
  facet normal 0.953702 -0.300754 0
    outer loop
      vertex 62.5175 49.2638 80
      vertex 62.7274 49.9294 20
      vertex 62.7274 49.9294 80
    endloop
  endfacet
  facet normal 0.953702 -0.300754 0
    outer loop
      vertex 62.7274 49.9294 20
      vertex 62.5175 49.2638 80
      vertex 62.5175 49.2638 20
    endloop
  endfacet
  facet normal 0.461768 0.887001 -0
    outer loop
      vertex 59 58.9282 20
      vertex 58.3809 59.2505 80
      vertex 59 58.9282 80
    endloop
  endfacet
  facet normal 0.461768 0.887001 0
    outer loop
      vertex 58.3809 59.2505 80
      vertex 59 58.9282 20
      vertex 58.3809 59.2505 20
    endloop
  endfacet
  facet normal 0.675556 -0.737309 0
    outer loop
      vertex 60.1423 45.8716 20
      vertex 60.6569 46.3431 80
      vertex 60.1423 45.8716 80
    endloop
  endfacet
  facet normal 0.675556 -0.737309 0
    outer loop
      vertex 60.6569 46.3431 80
      vertex 60.1423 45.8716 20
      vertex 60.6569 46.3431 20
    endloop
  endfacet
  facet normal -0.300754 -0.953702 0
    outer loop
      vertex 52.2638 44.4825 20
      vertex 52.9294 44.2726 80
      vertex 52.2638 44.4825 80
    endloop
  endfacet
  facet normal -0.300754 -0.953702 -0
    outer loop
      vertex 52.9294 44.2726 80
      vertex 52.2638 44.4825 20
      vertex 52.9294 44.2726 20
    endloop
  endfacet
  facet normal 0.843378 0.53732 0
    outer loop
      vertex 61.9282 56 80
      vertex 61.5532 56.5886 20
      vertex 61.5532 56.5886 80
    endloop
  endfacet
  facet normal 0.843378 0.53732 0
    outer loop
      vertex 61.5532 56.5886 20
      vertex 61.9282 56 80
      vertex 61.9282 56 20
    endloop
  endfacet
  facet normal -0.737309 0.675556 0
    outer loop
      vertex 48.8716 57.1423 20
      vertex 49.3431 57.6569 80
      vertex 49.3431 57.6569 20
    endloop
  endfacet
  facet normal -0.737309 0.675556 0
    outer loop
      vertex 49.3431 57.6569 80
      vertex 48.8716 57.1423 20
      vertex 48.8716 57.1423 80
    endloop
  endfacet
  facet normal -0.0435616 -0.999051 0
    outer loop
      vertex 54.3028 44.0304 20
      vertex 55 44 80
      vertex 54.3028 44.0304 80
    endloop
  endfacet
  facet normal -0.0435616 -0.999051 -0
    outer loop
      vertex 55 44 80
      vertex 54.3028 44.0304 20
      vertex 55 44 20
    endloop
  endfacet
  facet normal 0.675556 0.737309 -0
    outer loop
      vertex 60.6569 57.6569 20
      vertex 60.1423 58.1284 80
      vertex 60.6569 57.6569 80
    endloop
  endfacet
  facet normal 0.675556 0.737309 0
    outer loop
      vertex 60.1423 58.1284 80
      vertex 60.6569 57.6569 20
      vertex 60.1423 58.1284 20
    endloop
  endfacet
  facet normal -0.675556 -0.737309 0
    outer loop
      vertex 49.3431 46.3431 20
      vertex 49.8577 45.8716 80
      vertex 49.3431 46.3431 80
    endloop
  endfacet
  facet normal -0.675556 -0.737309 -0
    outer loop
      vertex 49.8577 45.8716 80
      vertex 49.3431 46.3431 20
      vertex 49.8577 45.8716 20
    endloop
  endfacet
  facet normal 0.38263 -0.923902 0
    outer loop
      vertex 57.7362 44.4825 20
      vertex 58.3809 44.7495 80
      vertex 57.7362 44.4825 80
    endloop
  endfacet
  facet normal 0.38263 -0.923902 0
    outer loop
      vertex 58.3809 44.7495 80
      vertex 57.7362 44.4825 20
      vertex 58.3809 44.7495 20
    endloop
  endfacet
  facet normal 0.737309 0.675556 0
    outer loop
      vertex 61.1284 57.1423 80
      vertex 60.6569 57.6569 20
      vertex 60.6569 57.6569 80
    endloop
  endfacet
  facet normal 0.737309 0.675556 0
    outer loop
      vertex 60.6569 57.6569 20
      vertex 61.1284 57.1423 80
      vertex 61.1284 57.1423 20
    endloop
  endfacet
  facet normal -0.976285 -0.21649 0
    outer loop
      vertex 47.2726 49.9294 20
      vertex 47.1215 50.6108 80
      vertex 47.1215 50.6108 20
    endloop
  endfacet
  facet normal -0.976285 -0.21649 0
    outer loop
      vertex 47.1215 50.6108 80
      vertex 47.2726 49.9294 20
      vertex 47.2726 49.9294 80
    endloop
  endfacet
  facet normal -0.461768 0.887001 0
    outer loop
      vertex 51.6191 59.2505 20
      vertex 51 58.9282 80
      vertex 51.6191 59.2505 80
    endloop
  endfacet
  facet normal -0.461768 0.887001 0
    outer loop
      vertex 51 58.9282 80
      vertex 51.6191 59.2505 20
      vertex 51 58.9282 20
    endloop
  endfacet
  facet normal -0.737309 -0.675556 0
    outer loop
      vertex 49.3431 46.3431 20
      vertex 48.8716 46.8577 80
      vertex 48.8716 46.8577 20
    endloop
  endfacet
  facet normal -0.737309 -0.675556 0
    outer loop
      vertex 48.8716 46.8577 80
      vertex 49.3431 46.3431 20
      vertex 49.3431 46.3431 80
    endloop
  endfacet
  facet normal -0.608699 0.793401 0
    outer loop
      vertex 50.4114 58.5532 20
      vertex 49.8577 58.1284 80
      vertex 50.4114 58.5532 80
    endloop
  endfacet
  facet normal -0.608699 0.793401 0
    outer loop
      vertex 49.8577 58.1284 80
      vertex 50.4114 58.5532 20
      vertex 49.8577 58.1284 20
    endloop
  endfacet
  facet normal -0.991446 -0.130521 0
    outer loop
      vertex 47.1215 50.6108 20
      vertex 47.0304 51.3028 80
      vertex 47.0304 51.3028 20
    endloop
  endfacet
  facet normal -0.991446 -0.130521 0
    outer loop
      vertex 47.0304 51.3028 80
      vertex 47.1215 50.6108 20
      vertex 47.1215 50.6108 80
    endloop
  endfacet
  facet normal -0.991446 0.130521 0
    outer loop
      vertex 47.0304 52.6972 20
      vertex 47.1215 53.3892 80
      vertex 47.1215 53.3892 20
    endloop
  endfacet
  facet normal -0.991446 0.130521 0
    outer loop
      vertex 47.1215 53.3892 80
      vertex 47.0304 52.6972 20
      vertex 47.0304 52.6972 80
    endloop
  endfacet
  facet normal 0 0 1
    outer loop
      vertex 52 59.4083 80
      vertex 51.6191 59.2505 80
      vertex 52 57.5 80
    endloop
  endfacet
  facet normal 0 0 1
    outer loop
      vertex 60 57 80
      vertex 63 52 80
      vertex 62.9696 52.6972 80
    endloop
  endfacet
  facet normal 0 0 1
    outer loop
      vertex 60 57 80
      vertex 62.9696 52.6972 80
      vertex 62.8785 53.3892 80
    endloop
  endfacet
  facet normal 0 0 1
    outer loop
      vertex 60 47 80
      vertex 63 52 80
      vertex 60 57 80
    endloop
  endfacet
  facet normal 0 0 1
    outer loop
      vertex 60 57 80
      vertex 62.8785 53.3892 80
      vertex 62.7274 54.0706 80
    endloop
  endfacet
  facet normal 0 0 1
    outer loop
      vertex 63 52 80
      vertex 60 47 80
      vertex 62.9696 51.3028 80
    endloop
  endfacet
  facet normal 0 0 1
    outer loop
      vertex 60 57 80
      vertex 62.7274 54.0706 80
      vertex 62.5175 54.7362 80
    endloop
  endfacet
  facet normal 0 0 1
    outer loop
      vertex 62.9696 51.3028 80
      vertex 60 47 80
      vertex 62.8785 50.6108 80
    endloop
  endfacet
  facet normal 0 0 1
    outer loop
      vertex 60 57 80
      vertex 62.5175 54.7362 80
      vertex 62.2505 55.3809 80
    endloop
  endfacet
  facet normal 0 0 1
    outer loop
      vertex 62.8785 50.6108 80
      vertex 60 47 80
      vertex 62.7274 49.9294 80
    endloop
  endfacet
  facet normal 0 0 1
    outer loop
      vertex 60 57 80
      vertex 62.2505 55.3809 80
      vertex 61.9282 56 80
    endloop
  endfacet
  facet normal 0 0 1
    outer loop
      vertex 62.7274 49.9294 80
      vertex 60 47 80
      vertex 62.5175 49.2638 80
    endloop
  endfacet
  facet normal 0 0 1
    outer loop
      vertex 60 57 80
      vertex 61.9282 56 80
      vertex 61.5532 56.5886 80
    endloop
  endfacet
  facet normal 0 0 1
    outer loop
      vertex 62.5175 49.2638 80
      vertex 60 47 80
      vertex 62.2505 48.6191 80
    endloop
  endfacet
  facet normal -0 0 1
    outer loop
      vertex 60 57 80
      vertex 61.5532 56.5886 80
      vertex 61.1284 57.1423 80
    endloop
  endfacet
  facet normal 0 0 1
    outer loop
      vertex 62.2505 48.6191 80
      vertex 60 47 80
      vertex 61.9282 48 80
    endloop
  endfacet
  facet normal 0 0 1
    outer loop
      vertex 60 57 80
      vertex 61.1284 57.1423 80
      vertex 60.6569 57.6569 80
    endloop
  endfacet
  facet normal 0 0 1
    outer loop
      vertex 61.9282 48 80
      vertex 60 47 80
      vertex 61.5532 47.4114 80
    endloop
  endfacet
  facet normal 0 0 1
    outer loop
      vertex 60 57 80
      vertex 60.6569 57.6569 80
      vertex 60.1423 58.1284 80
    endloop
  endfacet
  facet normal 0 0 1
    outer loop
      vertex 61.5532 47.4114 80
      vertex 60 47 80
      vertex 61.1284 46.8577 80
    endloop
  endfacet
  facet normal 0 0 1
    outer loop
      vertex 61.1284 46.8577 80
      vertex 60 47 80
      vertex 60.6569 46.3431 80
    endloop
  endfacet
  facet normal 0 0 1
    outer loop
      vertex 59.5886 58.5532 80
      vertex 60 57 80
      vertex 60.1423 58.1284 80
    endloop
  endfacet
  facet normal 0 0 1
    outer loop
      vertex 58 57.5 80
      vertex 59.5886 58.5532 80
      vertex 59 58.9282 80
    endloop
  endfacet
  facet normal 0 0 1
    outer loop
      vertex 58 57.5 80
      vertex 59 58.9282 80
      vertex 58.3809 59.2505 80
    endloop
  endfacet
  facet normal 0 0 1
    outer loop
      vertex 58 57.5 80
      vertex 58.3809 59.2505 80
      vertex 58 59.4083 80
    endloop
  endfacet
  facet normal 0 0 1
    outer loop
      vertex 59.5886 58.5532 80
      vertex 58 57.5 80
      vertex 60 57 80
    endloop
  endfacet
  facet normal -0 0 1
    outer loop
      vertex 52 57.5 80
      vertex 60 57 80
      vertex 58 57.5 80
    endloop
  endfacet
  facet normal -0 0 1
    outer loop
      vertex 51 58.9282 80
      vertex 52 57.5 80
      vertex 51.6191 59.2505 80
    endloop
  endfacet
  facet normal -0 0 1
    outer loop
      vertex 50.4114 58.5532 80
      vertex 52 57.5 80
      vertex 51 58.9282 80
    endloop
  endfacet
  facet normal 0 0 1
    outer loop
      vertex 52 57.5 80
      vertex 50 57 80
      vertex 60 57 80
    endloop
  endfacet
  facet normal 0 0 1
    outer loop
      vertex 50.4114 58.5532 80
      vertex 50 57 80
      vertex 52 57.5 80
    endloop
  endfacet
  facet normal -0 0 1
    outer loop
      vertex 49.3431 57.6569 80
      vertex 50 57 80
      vertex 49.8577 58.1284 80
    endloop
  endfacet
  facet normal -0 0 1
    outer loop
      vertex 49.8577 58.1284 80
      vertex 50 57 80
      vertex 50.4114 58.5532 80
    endloop
  endfacet
  facet normal 0 0 1
    outer loop
      vertex 60.6569 46.3431 80
      vertex 60 47 80
      vertex 60.1423 45.8716 80
    endloop
  endfacet
  facet normal 0 0 1
    outer loop
      vertex 60 47 80
      vertex 59.5886 45.4468 80
      vertex 60.1423 45.8716 80
    endloop
  endfacet
  facet normal 0 0 1
    outer loop
      vertex 60 47 80
      vertex 59 45.0718 80
      vertex 59.5886 45.4468 80
    endloop
  endfacet
  facet normal 0 0 1
    outer loop
      vertex 60 47 80
      vertex 58.3809 44.7495 80
      vertex 59 45.0718 80
    endloop
  endfacet
  facet normal 0 0 1
    outer loop
      vertex 60 47 80
      vertex 57.7362 44.4825 80
      vertex 58.3809 44.7495 80
    endloop
  endfacet
  facet normal 0 0 1
    outer loop
      vertex 60 47 80
      vertex 57.0706 44.2726 80
      vertex 57.7362 44.4825 80
    endloop
  endfacet
  facet normal 0 0 1
    outer loop
      vertex 60 47 80
      vertex 56.3892 44.1215 80
      vertex 57.0706 44.2726 80
    endloop
  endfacet
  facet normal 0 0 1
    outer loop
      vertex 60 47 80
      vertex 55.6972 44.0304 80
      vertex 56.3892 44.1215 80
    endloop
  endfacet
  facet normal 0 0 1
    outer loop
      vertex 60 47 80
      vertex 55 44 80
      vertex 55.6972 44.0304 80
    endloop
  endfacet
  facet normal -0 0 1
    outer loop
      vertex 50 47 80
      vertex 55 44 80
      vertex 60 47 80
    endloop
  endfacet
  facet normal 0 0 1
    outer loop
      vertex 55 44 80
      vertex 50 47 80
      vertex 54.3028 44.0304 80
    endloop
  endfacet
  facet normal 0 0 1
    outer loop
      vertex 54.3028 44.0304 80
      vertex 50 47 80
      vertex 53.6108 44.1215 80
    endloop
  endfacet
  facet normal 0 0 1
    outer loop
      vertex 53.6108 44.1215 80
      vertex 50 47 80
      vertex 52.9294 44.2726 80
    endloop
  endfacet
  facet normal 0 0 1
    outer loop
      vertex 52.9294 44.2726 80
      vertex 50 47 80
      vertex 52.2638 44.4825 80
    endloop
  endfacet
  facet normal 0 0 1
    outer loop
      vertex 52.2638 44.4825 80
      vertex 50 47 80
      vertex 51.6191 44.7495 80
    endloop
  endfacet
  facet normal 0 0 1
    outer loop
      vertex 51.6191 44.7495 80
      vertex 50 47 80
      vertex 51 45.0718 80
    endloop
  endfacet
  facet normal 0 0 1
    outer loop
      vertex 51 45.0718 80
      vertex 50 47 80
      vertex 50.4114 45.4468 80
    endloop
  endfacet
  facet normal 0 0 1
    outer loop
      vertex 50 47 80
      vertex 49.8577 45.8716 80
      vertex 50.4114 45.4468 80
    endloop
  endfacet
  facet normal -0 0 1
    outer loop
      vertex 48.8716 57.1423 80
      vertex 50 57 80
      vertex 49.3431 57.6569 80
    endloop
  endfacet
  facet normal 0 0 1
    outer loop
      vertex 48.4468 56.5886 80
      vertex 50 57 80
      vertex 48.8716 57.1423 80
    endloop
  endfacet
  facet normal 0 0 1
    outer loop
      vertex 50 47 80
      vertex 49.3431 46.3431 80
      vertex 49.8577 45.8716 80
    endloop
  endfacet
  facet normal 0 0 1
    outer loop
      vertex 48.0718 56 80
      vertex 50 57 80
      vertex 48.4468 56.5886 80
    endloop
  endfacet
  facet normal 0 0 1
    outer loop
      vertex 50 47 80
      vertex 48.8716 46.8577 80
      vertex 49.3431 46.3431 80
    endloop
  endfacet
  facet normal 0 0 1
    outer loop
      vertex 47.7495 55.3809 80
      vertex 50 57 80
      vertex 48.0718 56 80
    endloop
  endfacet
  facet normal 0 0 1
    outer loop
      vertex 50 47 80
      vertex 48.4468 47.4114 80
      vertex 48.8716 46.8577 80
    endloop
  endfacet
  facet normal 0 0 1
    outer loop
      vertex 47.4825 54.7362 80
      vertex 50 57 80
      vertex 47.7495 55.3809 80
    endloop
  endfacet
  facet normal 0 0 1
    outer loop
      vertex 50 47 80
      vertex 48.0718 48 80
      vertex 48.4468 47.4114 80
    endloop
  endfacet
  facet normal 0 0 1
    outer loop
      vertex 47.2726 54.0706 80
      vertex 50 57 80
      vertex 47.4825 54.7362 80
    endloop
  endfacet
  facet normal 0 0 1
    outer loop
      vertex 50 47 80
      vertex 47.7495 48.6191 80
      vertex 48.0718 48 80
    endloop
  endfacet
  facet normal 0 0 1
    outer loop
      vertex 47.1215 53.3892 80
      vertex 50 57 80
      vertex 47.2726 54.0706 80
    endloop
  endfacet
  facet normal 0 0 1
    outer loop
      vertex 50 47 80
      vertex 47.4825 49.2638 80
      vertex 47.7495 48.6191 80
    endloop
  endfacet
  facet normal 0 0 1
    outer loop
      vertex 47.0304 52.6972 80
      vertex 50 57 80
      vertex 47.1215 53.3892 80
    endloop
  endfacet
  facet normal 0 0 1
    outer loop
      vertex 50 47 80
      vertex 47.2726 49.9294 80
      vertex 47.4825 49.2638 80
    endloop
  endfacet
  facet normal 0 0 1
    outer loop
      vertex 47 52 80
      vertex 50 57 80
      vertex 47.0304 52.6972 80
    endloop
  endfacet
  facet normal 0 0 1
    outer loop
      vertex 50 47 80
      vertex 47.1215 50.6108 80
      vertex 47.2726 49.9294 80
    endloop
  endfacet
  facet normal 0 0 1
    outer loop
      vertex 50 57 80
      vertex 47 52 80
      vertex 50 47 80
    endloop
  endfacet
  facet normal 0 0 1
    outer loop
      vertex 50 47 80
      vertex 47.0304 51.3028 80
      vertex 47.1215 50.6108 80
    endloop
  endfacet
  facet normal 0 0 1
    outer loop
      vertex 50 47 80
      vertex 47 52 80
      vertex 47.0304 51.3028 80
    endloop
  endfacet
  facet normal 0.887001 0.461768 0
    outer loop
      vertex 62.2505 55.3809 80
      vertex 61.9282 56 20
      vertex 61.9282 56 80
    endloop
  endfacet
  facet normal 0.887001 0.461768 0
    outer loop
      vertex 61.9282 56 20
      vertex 62.2505 55.3809 80
      vertex 62.2505 55.3809 20
    endloop
  endfacet
  facet normal 0.608699 -0.793401 0
    outer loop
      vertex 59.5886 45.4468 20
      vertex 60.1423 45.8716 80
      vertex 59.5886 45.4468 80
    endloop
  endfacet
  facet normal 0.608699 -0.793401 0
    outer loop
      vertex 60.1423 45.8716 80
      vertex 59.5886 45.4468 20
      vertex 60.1423 45.8716 20
    endloop
  endfacet
  facet normal -0.38263 -0.923902 0
    outer loop
      vertex 51.6191 44.7495 20
      vertex 52.2638 44.4825 80
      vertex 51.6191 44.7495 80
    endloop
  endfacet
  facet normal -0.38263 -0.923902 -0
    outer loop
      vertex 52.2638 44.4825 80
      vertex 51.6191 44.7495 20
      vertex 52.2638 44.4825 20
    endloop
  endfacet
  facet normal -0.382476 0.923966 0
    outer loop
      vertex 52.2638 59.5175 21
      vertex 52.2638 59.5175 20
      vertex 52 59.4083 21
    endloop
  endfacet
  facet normal -0.382737 0.923857 0
    outer loop
      vertex 52 59.4083 21
      vertex 51.6191 59.2505 80
      vertex 52 59.4083 80
    endloop
  endfacet
  facet normal -0.382737 0.923857 0
    outer loop
      vertex 52 59.4083 21
      vertex 51.6191 59.2505 20
      vertex 51.6191 59.2505 80
    endloop
  endfacet
  facet normal -0.38263 0.923902 -4.78073e-05
    outer loop
      vertex 51.6191 59.2505 20
      vertex 52 59.4083 21
      vertex 52.2638 59.5175 20
    endloop
  endfacet
  facet normal 0.887001 -0.461768 0
    outer loop
      vertex 61.9282 48 80
      vertex 62.2505 48.6191 20
      vertex 62.2505 48.6191 80
    endloop
  endfacet
  facet normal 0.887001 -0.461768 0
    outer loop
      vertex 62.2505 48.6191 20
      vertex 61.9282 48 80
      vertex 61.9282 48 20
    endloop
  endfacet
  facet normal -0.461768 -0.887001 0
    outer loop
      vertex 51 45.0718 20
      vertex 51.6191 44.7495 80
      vertex 51 45.0718 80
    endloop
  endfacet
  facet normal -0.461768 -0.887001 -0
    outer loop
      vertex 51.6191 44.7495 80
      vertex 51 45.0718 20
      vertex 51.6191 44.7495 20
    endloop
  endfacet
  facet normal -0.608699 -0.793401 0
    outer loop
      vertex 49.8577 45.8716 20
      vertex 50.4114 45.4468 80
      vertex 49.8577 45.8716 80
    endloop
  endfacet
  facet normal -0.608699 -0.793401 -0
    outer loop
      vertex 50.4114 45.4468 80
      vertex 49.8577 45.8716 20
      vertex 50.4114 45.4468 20
    endloop
  endfacet
  facet normal -0.53732 -0.843378 0
    outer loop
      vertex 50.4114 45.4468 20
      vertex 51 45.0718 80
      vertex 50.4114 45.4468 80
    endloop
  endfacet
  facet normal -0.53732 -0.843378 -0
    outer loop
      vertex 51 45.0718 80
      vertex 50.4114 45.4468 20
      vertex 51 45.0718 20
    endloop
  endfacet
  facet normal -0.999051 0.0435616 0
    outer loop
      vertex 47 52 20
      vertex 47.0304 52.6972 80
      vertex 47.0304 52.6972 20
    endloop
  endfacet
  facet normal -0.999051 0.0435616 0
    outer loop
      vertex 47.0304 52.6972 80
      vertex 47 52 20
      vertex 47 52 80
    endloop
  endfacet
  facet normal -0.999051 -0.0435616 0
    outer loop
      vertex 47.0304 51.3028 20
      vertex 47 52 80
      vertex 47 52 20
    endloop
  endfacet
  facet normal -0.999051 -0.0435616 0
    outer loop
      vertex 47 52 80
      vertex 47.0304 51.3028 20
      vertex 47.0304 51.3028 80
    endloop
  endfacet
  facet normal 0.737309 -0.675556 0
    outer loop
      vertex 60.6569 46.3431 80
      vertex 61.1284 46.8577 20
      vertex 61.1284 46.8577 80
    endloop
  endfacet
  facet normal 0.737309 -0.675556 0
    outer loop
      vertex 61.1284 46.8577 20
      vertex 60.6569 46.3431 80
      vertex 60.6569 46.3431 20
    endloop
  endfacet
  facet normal 0.461768 -0.887001 0
    outer loop
      vertex 58.3809 44.7495 20
      vertex 59 45.0718 80
      vertex 58.3809 44.7495 80
    endloop
  endfacet
  facet normal 0.461768 -0.887001 0
    outer loop
      vertex 59 45.0718 80
      vertex 58.3809 44.7495 20
      vertex 59 45.0718 20
    endloop
  endfacet
  facet normal -0.953702 0.300754 0
    outer loop
      vertex 47.2726 54.0706 20
      vertex 47.4825 54.7362 80
      vertex 47.4825 54.7362 20
    endloop
  endfacet
  facet normal -0.953702 0.300754 0
    outer loop
      vertex 47.4825 54.7362 80
      vertex 47.2726 54.0706 20
      vertex 47.2726 54.0706 80
    endloop
  endfacet
  facet normal -0.923902 0.38263 0
    outer loop
      vertex 47.4825 54.7362 20
      vertex 47.7495 55.3809 80
      vertex 47.7495 55.3809 20
    endloop
  endfacet
  facet normal -0.923902 0.38263 0
    outer loop
      vertex 47.7495 55.3809 80
      vertex 47.4825 54.7362 20
      vertex 47.4825 54.7362 80
    endloop
  endfacet
  facet normal 1 -0 0
    outer loop
      vertex 60 47 98
      vertex 60 57 80
      vertex 60 57 98
    endloop
  endfacet
  facet normal 1 0 0
    outer loop
      vertex 60 57 80
      vertex 60 47 98
      vertex 60 47 80
    endloop
  endfacet
  facet normal -0 0 1
    outer loop
      vertex 50 57 98
      vertex 60 47 98
      vertex 60 57 98
    endloop
  endfacet
  facet normal 0 0 1
    outer loop
      vertex 60 47 98
      vertex 50 57 98
      vertex 50 47 98
    endloop
  endfacet
  facet normal -1 0 0
    outer loop
      vertex 50 47 80
      vertex 50 57 98
      vertex 50 57 80
    endloop
  endfacet
  facet normal -1 -0 0
    outer loop
      vertex 50 57 98
      vertex 50 47 80
      vertex 50 47 98
    endloop
  endfacet
  facet normal 0 1 -0
    outer loop
      vertex 60 57 80
      vertex 50 57 98
      vertex 60 57 98
    endloop
  endfacet
  facet normal 0 1 0
    outer loop
      vertex 50 57 98
      vertex 60 57 80
      vertex 50 57 80
    endloop
  endfacet
  facet normal 0 -1 0
    outer loop
      vertex 50 47 80
      vertex 60 47 98
      vertex 50 47 98
    endloop
  endfacet
  facet normal 0 -1 -0
    outer loop
      vertex 60 47 98
      vertex 50 47 80
      vertex 60 47 80
    endloop
  endfacet
  facet normal -0.195087 0.980786 0
    outer loop
      vertex 17.1647 9.65333 0
      vertex 16.5874 9.5385 0.599999
      vertex 17.1647 9.65333 0.599999
    endloop
  endfacet
  facet normal -0.195087 0.980786 0
    outer loop
      vertex 16.5874 9.5385 0.599999
      vertex 17.1647 9.65333 0
      vertex 16.5874 9.5385 0
    endloop
  endfacet
  facet normal -0.980796 -0.195038 0
    outer loop
      vertex 20.4615 14.5874 0
      vertex 20.3467 15.1647 0.599999
      vertex 20.3467 15.1647 0
    endloop
  endfacet
  facet normal -0.980796 -0.195038 0
    outer loop
      vertex 20.3467 15.1647 0.599999
      vertex 20.4615 14.5874 0
      vertex 20.4615 14.5874 0.599999
    endloop
  endfacet
  facet normal -0.997859 -0.0654027 0
    outer loop
      vertex 20.5 14 0
      vertex 20.4615 14.5874 0.599999
      vertex 20.4615 14.5874 0
    endloop
  endfacet
  facet normal -0.997859 -0.0654027 0
    outer loop
      vertex 20.4615 14.5874 0.599999
      vertex 20.5 14 0
      vertex 20.5 14 0.599999
    endloop
  endfacet
  facet normal -0.980796 0.195038 0
    outer loop
      vertex 20.3467 12.8353 0
      vertex 20.4615 13.4126 0.599999
      vertex 20.4615 13.4126 0
    endloop
  endfacet
  facet normal -0.980796 0.195038 0
    outer loop
      vertex 20.4615 13.4126 0.599999
      vertex 20.3467 12.8353 0
      vertex 20.3467 12.8353 0.599999
    endloop
  endfacet
  facet normal 0.831475 -0.555562 0
    outer loop
      vertex 12.1029 16.25 0.599999
      vertex 12.4299 16.7394 0
      vertex 12.4299 16.7394 0.599999
    endloop
  endfacet
  facet normal 0.831475 -0.555562 0
    outer loop
      vertex 12.4299 16.7394 0
      vertex 12.1029 16.25 0.599999
      vertex 12.1029 16.25 0
    endloop
  endfacet
  facet normal -0.659298 -0.751882 0
    outer loop
      vertex 18.7394 17.5701 0
      vertex 19.182 17.182 0.599999
      vertex 18.7394 17.5701 0.599999
    endloop
  endfacet
  facet normal -0.659298 -0.751882 -0
    outer loop
      vertex 19.182 17.182 0.599999
      vertex 18.7394 17.5701 0
      vertex 19.182 17.182 0
    endloop
  endfacet
  facet normal 0.195087 0.980786 -0
    outer loop
      vertex 15.4126 9.5385 0
      vertex 14.8353 9.65333 0.599999
      vertex 15.4126 9.5385 0.599999
    endloop
  endfacet
  facet normal 0.195087 0.980786 0
    outer loop
      vertex 14.8353 9.65333 0.599999
      vertex 15.4126 9.5385 0
      vertex 14.8353 9.65333 0
    endloop
  endfacet
  facet normal -0.195038 -0.980796 0
    outer loop
      vertex 16.5874 18.4615 0
      vertex 17.1647 18.3467 0.599999
      vertex 16.5874 18.4615 0.599999
    endloop
  endfacet
  facet normal -0.195038 -0.980796 -0
    outer loop
      vertex 17.1647 18.3467 0.599999
      vertex 16.5874 18.4615 0
      vertex 17.1647 18.3467 0
    endloop
  endfacet
  facet normal -0.659298 0.751882 0
    outer loop
      vertex 19.182 10.818 0
      vertex 18.7394 10.4299 0.599999
      vertex 19.182 10.818 0.599999
    endloop
  endfacet
  facet normal -0.659298 0.751882 0
    outer loop
      vertex 18.7394 10.4299 0.599999
      vertex 19.182 10.818 0
      vertex 18.7394 10.4299 0
    endloop
  endfacet
  facet normal -0.896827 0.442382 0
    outer loop
      vertex 19.8971 11.75 0
      vertex 20.1575 12.2779 0.599999
      vertex 20.1575 12.2779 0
    endloop
  endfacet
  facet normal -0.896827 0.442382 0
    outer loop
      vertex 20.1575 12.2779 0.599999
      vertex 19.8971 11.75 0
      vertex 19.8971 11.75 0.599999
    endloop
  endfacet
  facet normal -0.946936 0.321421 0
    outer loop
      vertex 20.1575 12.2779 0
      vertex 20.3467 12.8353 0.599999
      vertex 20.3467 12.8353 0
    endloop
  endfacet
  facet normal -0.946936 0.321421 0
    outer loop
      vertex 20.3467 12.8353 0.599999
      vertex 20.1575 12.2779 0
      vertex 20.1575 12.2779 0.599999
    endloop
  endfacet
  facet normal 0.896827 -0.442382 0
    outer loop
      vertex 11.8425 15.7221 0.599999
      vertex 12.1029 16.25 0
      vertex 12.1029 16.25 0.599999
    endloop
  endfacet
  facet normal 0.896827 -0.442382 0
    outer loop
      vertex 12.1029 16.25 0
      vertex 11.8425 15.7221 0.599999
      vertex 11.8425 15.7221 0
    endloop
  endfacet
  facet normal 0.555562 0.831475 -0
    outer loop
      vertex 13.75 10.1029 0
      vertex 13.2606 10.4299 0.599999
      vertex 13.75 10.1029 0.599999
    endloop
  endfacet
  facet normal 0.555562 0.831475 0
    outer loop
      vertex 13.2606 10.4299 0.599999
      vertex 13.75 10.1029 0
      vertex 13.2606 10.4299 0
    endloop
  endfacet
  facet normal -0.831475 0.555562 0
    outer loop
      vertex 19.5701 11.2606 0
      vertex 19.8971 11.75 0.599999
      vertex 19.8971 11.75 0
    endloop
  endfacet
  facet normal -0.831475 0.555562 0
    outer loop
      vertex 19.8971 11.75 0.599999
      vertex 19.5701 11.2606 0
      vertex 19.5701 11.2606 0.599999
    endloop
  endfacet
  facet normal 0.831475 0.555562 0
    outer loop
      vertex 12.4299 11.2606 0.599999
      vertex 12.1029 11.75 0
      vertex 12.1029 11.75 0.599999
    endloop
  endfacet
  facet normal 0.831475 0.555562 0
    outer loop
      vertex 12.1029 11.75 0
      vertex 12.4299 11.2606 0.599999
      vertex 12.4299 11.2606 0
    endloop
  endfacet
  facet normal 0.997859 -0.0654027 0
    outer loop
      vertex 11.5 14 0.599999
      vertex 11.5385 14.5874 0
      vertex 11.5385 14.5874 0.599999
    endloop
  endfacet
  facet normal 0.997859 -0.0654027 0
    outer loop
      vertex 11.5385 14.5874 0
      vertex 11.5 14 0.599999
      vertex 11.5 14 0
    endloop
  endfacet
  facet normal 0.0654027 -0.997859 0
    outer loop
      vertex 15.4126 18.4615 0
      vertex 16 18.5 0.599999
      vertex 15.4126 18.4615 0.599999
    endloop
  endfacet
  facet normal 0.0654027 -0.997859 0
    outer loop
      vertex 16 18.5 0.599999
      vertex 15.4126 18.4615 0
      vertex 16 18.5 0
    endloop
  endfacet
  facet normal 0.896827 0.442382 0
    outer loop
      vertex 12.1029 11.75 0.599999
      vertex 11.8425 12.2779 0
      vertex 11.8425 12.2779 0.599999
    endloop
  endfacet
  facet normal 0.896827 0.442382 0
    outer loop
      vertex 11.8425 12.2779 0
      vertex 12.1029 11.75 0.599999
      vertex 12.1029 11.75 0
    endloop
  endfacet
  facet normal -0.442382 -0.896827 0
    outer loop
      vertex 17.7221 18.1575 0
      vertex 18.25 17.8971 0.599999
      vertex 17.7221 18.1575 0.599999
    endloop
  endfacet
  facet normal -0.442382 -0.896827 -0
    outer loop
      vertex 18.25 17.8971 0.599999
      vertex 17.7221 18.1575 0
      vertex 18.25 17.8971 0
    endloop
  endfacet
  facet normal -0.0654027 0.997859 0
    outer loop
      vertex 16.5874 9.5385 0
      vertex 16 9.5 0.599999
      vertex 16.5874 9.5385 0.599999
    endloop
  endfacet
  facet normal -0.0654027 0.997859 0
    outer loop
      vertex 16 9.5 0.599999
      vertex 16.5874 9.5385 0
      vertex 16 9.5 0
    endloop
  endfacet
  facet normal 0.751882 0.659298 0
    outer loop
      vertex 12.818 10.818 0.599999
      vertex 12.4299 11.2606 0
      vertex 12.4299 11.2606 0.599999
    endloop
  endfacet
  facet normal 0.751882 0.659298 0
    outer loop
      vertex 12.4299 11.2606 0
      vertex 12.818 10.818 0.599999
      vertex 12.818 10.818 0
    endloop
  endfacet
  facet normal 0.321421 -0.946936 0
    outer loop
      vertex 14.2779 18.1575 0
      vertex 14.8353 18.3467 0.599999
      vertex 14.2779 18.1575 0.599999
    endloop
  endfacet
  facet normal 0.321421 -0.946936 0
    outer loop
      vertex 14.8353 18.3467 0.599999
      vertex 14.2779 18.1575 0
      vertex 14.8353 18.3467 0
    endloop
  endfacet
  facet normal 0.997859 0.0654027 0
    outer loop
      vertex 11.5385 13.4126 0.599999
      vertex 11.5 14 0
      vertex 11.5 14 0.599999
    endloop
  endfacet
  facet normal 0.997859 0.0654027 0
    outer loop
      vertex 11.5 14 0
      vertex 11.5385 13.4126 0.599999
      vertex 11.5385 13.4126 0
    endloop
  endfacet
  facet normal 0.659298 -0.751882 0
    outer loop
      vertex 12.818 17.182 0
      vertex 13.2606 17.5701 0.599999
      vertex 12.818 17.182 0.599999
    endloop
  endfacet
  facet normal 0.659298 -0.751882 0
    outer loop
      vertex 13.2606 17.5701 0.599999
      vertex 12.818 17.182 0
      vertex 13.2606 17.5701 0
    endloop
  endfacet
  facet normal 0.751882 -0.659298 0
    outer loop
      vertex 12.4299 16.7394 0.599999
      vertex 12.818 17.182 0
      vertex 12.818 17.182 0.599999
    endloop
  endfacet
  facet normal 0.751882 -0.659298 0
    outer loop
      vertex 12.818 17.182 0
      vertex 12.4299 16.7394 0.599999
      vertex 12.4299 16.7394 0
    endloop
  endfacet
  facet normal -0.831475 -0.555562 0
    outer loop
      vertex 19.8971 16.25 0
      vertex 19.5701 16.7394 0.599999
      vertex 19.5701 16.7394 0
    endloop
  endfacet
  facet normal -0.831475 -0.555562 0
    outer loop
      vertex 19.5701 16.7394 0.599999
      vertex 19.8971 16.25 0
      vertex 19.8971 16.25 0.599999
    endloop
  endfacet
  facet normal -0.555562 -0.831475 0
    outer loop
      vertex 18.25 17.8971 0
      vertex 18.7394 17.5701 0.599999
      vertex 18.25 17.8971 0.599999
    endloop
  endfacet
  facet normal -0.555562 -0.831475 -0
    outer loop
      vertex 18.7394 17.5701 0.599999
      vertex 18.25 17.8971 0
      vertex 18.7394 17.5701 0
    endloop
  endfacet
  facet normal 0 0 -1
    outer loop
      vertex 20.4615 13.4126 0.599999
      vertex 20.4615 14.5874 0.599999
      vertex 20.5 14 0.599999
    endloop
  endfacet
  facet normal 0 0 -1
    outer loop
      vertex 20.3467 12.8353 0.599999
      vertex 20.4615 14.5874 0.599999
      vertex 20.4615 13.4126 0.599999
    endloop
  endfacet
  facet normal 0 0 -1
    outer loop
      vertex 20.3467 12.8353 0.599999
      vertex 20.3467 15.1647 0.599999
      vertex 20.4615 14.5874 0.599999
    endloop
  endfacet
  facet normal 0 0 -1
    outer loop
      vertex 20.1575 12.2779 0.599999
      vertex 20.3467 15.1647 0.599999
      vertex 20.3467 12.8353 0.599999
    endloop
  endfacet
  facet normal 0 0 -1
    outer loop
      vertex 20.1575 12.2779 0.599999
      vertex 20.1575 15.7221 0.599999
      vertex 20.3467 15.1647 0.599999
    endloop
  endfacet
  facet normal 0 0 -1
    outer loop
      vertex 19.8971 11.75 0.599999
      vertex 20.1575 15.7221 0.599999
      vertex 20.1575 12.2779 0.599999
    endloop
  endfacet
  facet normal 0 0 -1
    outer loop
      vertex 19.8971 11.75 0.599999
      vertex 19.8971 16.25 0.599999
      vertex 20.1575 15.7221 0.599999
    endloop
  endfacet
  facet normal 0 0 -1
    outer loop
      vertex 19.5701 11.2606 0.599999
      vertex 19.8971 16.25 0.599999
      vertex 19.8971 11.75 0.599999
    endloop
  endfacet
  facet normal 0 0 -1
    outer loop
      vertex 19.5701 11.2606 0.599999
      vertex 19.5701 16.7394 0.599999
      vertex 19.8971 16.25 0.599999
    endloop
  endfacet
  facet normal 0 0 -1
    outer loop
      vertex 19.182 10.818 0.599999
      vertex 19.5701 16.7394 0.599999
      vertex 19.5701 11.2606 0.599999
    endloop
  endfacet
  facet normal 0 0 -1
    outer loop
      vertex 19.182 10.818 0.599999
      vertex 19.182 17.182 0.599999
      vertex 19.5701 16.7394 0.599999
    endloop
  endfacet
  facet normal 0 0 -1
    outer loop
      vertex 18.7394 10.4299 0.599999
      vertex 19.182 17.182 0.599999
      vertex 19.182 10.818 0.599999
    endloop
  endfacet
  facet normal 0 0 -1
    outer loop
      vertex 18.7394 10.4299 0.599999
      vertex 18.7394 17.5701 0.599999
      vertex 19.182 17.182 0.599999
    endloop
  endfacet
  facet normal 0 0 -1
    outer loop
      vertex 18.25 10.1029 0.599999
      vertex 18.7394 17.5701 0.599999
      vertex 18.7394 10.4299 0.599999
    endloop
  endfacet
  facet normal 0 0 -1
    outer loop
      vertex 18.25 10.1029 0.599999
      vertex 18.25 17.8971 0.599999
      vertex 18.7394 17.5701 0.599999
    endloop
  endfacet
  facet normal 0 0 -1
    outer loop
      vertex 17.7221 9.84254 0.599999
      vertex 18.25 17.8971 0.599999
      vertex 18.25 10.1029 0.599999
    endloop
  endfacet
  facet normal 0 0 -1
    outer loop
      vertex 17.7221 9.84254 0.599999
      vertex 17.7221 18.1575 0.599999
      vertex 18.25 17.8971 0.599999
    endloop
  endfacet
  facet normal 0 0 -1
    outer loop
      vertex 17.1647 9.65333 0.599999
      vertex 17.7221 18.1575 0.599999
      vertex 17.7221 9.84254 0.599999
    endloop
  endfacet
  facet normal 0 0 -1
    outer loop
      vertex 17.1647 9.65333 0.599999
      vertex 17.1647 18.3467 0.599999
      vertex 17.7221 18.1575 0.599999
    endloop
  endfacet
  facet normal 0 0 -1
    outer loop
      vertex 16.5874 9.5385 0.599999
      vertex 17.1647 18.3467 0.599999
      vertex 17.1647 9.65333 0.599999
    endloop
  endfacet
  facet normal 0 0 -1
    outer loop
      vertex 16.5874 9.5385 0.599999
      vertex 16.5874 18.4615 0.599999
      vertex 17.1647 18.3467 0.599999
    endloop
  endfacet
  facet normal 0 0 -1
    outer loop
      vertex 16 9.5 0.599999
      vertex 16.5874 18.4615 0.599999
      vertex 16.5874 9.5385 0.599999
    endloop
  endfacet
  facet normal 0 0 -1
    outer loop
      vertex 16 9.5 0.599999
      vertex 16 18.5 0.599999
      vertex 16.5874 18.4615 0.599999
    endloop
  endfacet
  facet normal 0 0 -1
    outer loop
      vertex 15.4126 9.5385 0.599999
      vertex 16 18.5 0.599999
      vertex 16 9.5 0.599999
    endloop
  endfacet
  facet normal 0 0 -1
    outer loop
      vertex 15.4126 9.5385 0.599999
      vertex 15.4126 18.4615 0.599999
      vertex 16 18.5 0.599999
    endloop
  endfacet
  facet normal 0 0 -1
    outer loop
      vertex 14.8353 9.65333 0.599999
      vertex 15.4126 18.4615 0.599999
      vertex 15.4126 9.5385 0.599999
    endloop
  endfacet
  facet normal 0 0 -1
    outer loop
      vertex 14.8353 9.65333 0.599999
      vertex 14.8353 18.3467 0.599999
      vertex 15.4126 18.4615 0.599999
    endloop
  endfacet
  facet normal 0 0 -1
    outer loop
      vertex 14.2779 9.84254 0.599999
      vertex 14.8353 18.3467 0.599999
      vertex 14.8353 9.65333 0.599999
    endloop
  endfacet
  facet normal 0 0 -1
    outer loop
      vertex 14.2779 9.84254 0.599999
      vertex 14.2779 18.1575 0.599999
      vertex 14.8353 18.3467 0.599999
    endloop
  endfacet
  facet normal 0 0 -1
    outer loop
      vertex 13.75 10.1029 0.599999
      vertex 14.2779 18.1575 0.599999
      vertex 14.2779 9.84254 0.599999
    endloop
  endfacet
  facet normal 0 0 -1
    outer loop
      vertex 13.75 10.1029 0.599999
      vertex 13.75 17.8971 0.599999
      vertex 14.2779 18.1575 0.599999
    endloop
  endfacet
  facet normal 0 0 -1
    outer loop
      vertex 13.2606 10.4299 0.599999
      vertex 13.75 17.8971 0.599999
      vertex 13.75 10.1029 0.599999
    endloop
  endfacet
  facet normal 0 0 -1
    outer loop
      vertex 13.2606 10.4299 0.599999
      vertex 13.2606 17.5701 0.599999
      vertex 13.75 17.8971 0.599999
    endloop
  endfacet
  facet normal 0 0 -1
    outer loop
      vertex 12.818 10.818 0.599999
      vertex 13.2606 17.5701 0.599999
      vertex 13.2606 10.4299 0.599999
    endloop
  endfacet
  facet normal 0 0 -1
    outer loop
      vertex 12.818 10.818 0.599999
      vertex 12.818 17.182 0.599999
      vertex 13.2606 17.5701 0.599999
    endloop
  endfacet
  facet normal 0 0 -1
    outer loop
      vertex 12.4299 11.2606 0.599999
      vertex 12.818 17.182 0.599999
      vertex 12.818 10.818 0.599999
    endloop
  endfacet
  facet normal 0 0 -1
    outer loop
      vertex 12.4299 11.2606 0.599999
      vertex 12.4299 16.7394 0.599999
      vertex 12.818 17.182 0.599999
    endloop
  endfacet
  facet normal 0 0 -1
    outer loop
      vertex 12.1029 11.75 0.599999
      vertex 12.4299 16.7394 0.599999
      vertex 12.4299 11.2606 0.599999
    endloop
  endfacet
  facet normal 0 0 -1
    outer loop
      vertex 12.1029 11.75 0.599999
      vertex 12.1029 16.25 0.599999
      vertex 12.4299 16.7394 0.599999
    endloop
  endfacet
  facet normal 0 0 -1
    outer loop
      vertex 11.8425 12.2779 0.599999
      vertex 12.1029 16.25 0.599999
      vertex 12.1029 11.75 0.599999
    endloop
  endfacet
  facet normal 0 0 -1
    outer loop
      vertex 11.8425 12.2779 0.599999
      vertex 11.8425 15.7221 0.599999
      vertex 12.1029 16.25 0.599999
    endloop
  endfacet
  facet normal 0 0 -1
    outer loop
      vertex 11.6533 12.8353 0.599999
      vertex 11.8425 15.7221 0.599999
      vertex 11.8425 12.2779 0.599999
    endloop
  endfacet
  facet normal 0 0 -1
    outer loop
      vertex 11.6533 12.8353 0.599999
      vertex 11.6533 15.1647 0.599999
      vertex 11.8425 15.7221 0.599999
    endloop
  endfacet
  facet normal 0 0 -1
    outer loop
      vertex 11.5385 13.4126 0.599999
      vertex 11.6533 15.1647 0.599999
      vertex 11.6533 12.8353 0.599999
    endloop
  endfacet
  facet normal 0 0 -1
    outer loop
      vertex 11.5385 13.4126 0.599999
      vertex 11.5385 14.5874 0.599999
      vertex 11.6533 15.1647 0.599999
    endloop
  endfacet
  facet normal 0 -0 -1
    outer loop
      vertex 11.5385 14.5874 0.599999
      vertex 11.5385 13.4126 0.599999
      vertex 11.5 14 0.599999
    endloop
  endfacet
  facet normal 0.980796 0.195038 0
    outer loop
      vertex 11.6533 12.8353 0.599999
      vertex 11.5385 13.4126 0
      vertex 11.5385 13.4126 0.599999
    endloop
  endfacet
  facet normal 0.980796 0.195038 0
    outer loop
      vertex 11.5385 13.4126 0
      vertex 11.6533 12.8353 0.599999
      vertex 11.6533 12.8353 0
    endloop
  endfacet
  facet normal 0.442382 -0.896827 0
    outer loop
      vertex 13.75 17.8971 0
      vertex 14.2779 18.1575 0.599999
      vertex 13.75 17.8971 0.599999
    endloop
  endfacet
  facet normal 0.442382 -0.896827 0
    outer loop
      vertex 14.2779 18.1575 0.599999
      vertex 13.75 17.8971 0
      vertex 14.2779 18.1575 0
    endloop
  endfacet
  facet normal -0.321421 -0.946936 0
    outer loop
      vertex 17.1647 18.3467 0
      vertex 17.7221 18.1575 0.599999
      vertex 17.1647 18.3467 0.599999
    endloop
  endfacet
  facet normal -0.321421 -0.946936 -0
    outer loop
      vertex 17.7221 18.1575 0.599999
      vertex 17.1647 18.3467 0
      vertex 17.7221 18.1575 0
    endloop
  endfacet
  facet normal 0.321437 0.946931 -0
    outer loop
      vertex 14.8353 9.65333 0
      vertex 14.2779 9.84254 0.599999
      vertex 14.8353 9.65333 0.599999
    endloop
  endfacet
  facet normal 0.321437 0.946931 0
    outer loop
      vertex 14.2779 9.84254 0.599999
      vertex 14.8353 9.65333 0
      vertex 14.2779 9.84254 0
    endloop
  endfacet
  facet normal -0.997859 0.0654027 0
    outer loop
      vertex 20.4615 13.4126 0
      vertex 20.5 14 0.599999
      vertex 20.5 14 0
    endloop
  endfacet
  facet normal -0.997859 0.0654027 0
    outer loop
      vertex 20.5 14 0.599999
      vertex 20.4615 13.4126 0
      vertex 20.4615 13.4126 0.599999
    endloop
  endfacet
  facet normal -0.555562 0.831475 0
    outer loop
      vertex 18.7394 10.4299 0
      vertex 18.25 10.1029 0.599999
      vertex 18.7394 10.4299 0.599999
    endloop
  endfacet
  facet normal -0.555562 0.831475 0
    outer loop
      vertex 18.25 10.1029 0.599999
      vertex 18.7394 10.4299 0
      vertex 18.25 10.1029 0
    endloop
  endfacet
  facet normal -0.896827 -0.442382 0
    outer loop
      vertex 20.1575 15.7221 0
      vertex 19.8971 16.25 0.599999
      vertex 19.8971 16.25 0
    endloop
  endfacet
  facet normal -0.896827 -0.442382 0
    outer loop
      vertex 19.8971 16.25 0.599999
      vertex 20.1575 15.7221 0
      vertex 20.1575 15.7221 0.599999
    endloop
  endfacet
  facet normal 0.442328 0.896854 -0
    outer loop
      vertex 14.2779 9.84254 0
      vertex 13.75 10.1029 0.599999
      vertex 14.2779 9.84254 0.599999
    endloop
  endfacet
  facet normal 0.442328 0.896854 0
    outer loop
      vertex 13.75 10.1029 0.599999
      vertex 14.2779 9.84254 0
      vertex 13.75 10.1029 0
    endloop
  endfacet
  facet normal 0.659298 0.751882 -0
    outer loop
      vertex 13.2606 10.4299 0
      vertex 12.818 10.818 0.599999
      vertex 13.2606 10.4299 0.599999
    endloop
  endfacet
  facet normal 0.659298 0.751882 0
    outer loop
      vertex 12.818 10.818 0.599999
      vertex 13.2606 10.4299 0
      vertex 12.818 10.818 0
    endloop
  endfacet
  facet normal 0.980796 -0.195038 0
    outer loop
      vertex 11.5385 14.5874 0.599999
      vertex 11.6533 15.1647 0
      vertex 11.6533 15.1647 0.599999
    endloop
  endfacet
  facet normal 0.980796 -0.195038 0
    outer loop
      vertex 11.6533 15.1647 0
      vertex 11.5385 14.5874 0.599999
      vertex 11.5385 14.5874 0
    endloop
  endfacet
  facet normal -0.751882 0.659298 0
    outer loop
      vertex 19.182 10.818 0
      vertex 19.5701 11.2606 0.599999
      vertex 19.5701 11.2606 0
    endloop
  endfacet
  facet normal -0.751882 0.659298 0
    outer loop
      vertex 19.5701 11.2606 0.599999
      vertex 19.182 10.818 0
      vertex 19.182 10.818 0.599999
    endloop
  endfacet
  facet normal 0.946936 0.321421 0
    outer loop
      vertex 11.8425 12.2779 0.599999
      vertex 11.6533 12.8353 0
      vertex 11.6533 12.8353 0.599999
    endloop
  endfacet
  facet normal 0.946936 0.321421 0
    outer loop
      vertex 11.6533 12.8353 0
      vertex 11.8425 12.2779 0.599999
      vertex 11.8425 12.2779 0
    endloop
  endfacet
  facet normal 0.0654027 0.997859 -0
    outer loop
      vertex 16 9.5 0
      vertex 15.4126 9.5385 0.599999
      vertex 16 9.5 0.599999
    endloop
  endfacet
  facet normal 0.0654027 0.997859 0
    outer loop
      vertex 15.4126 9.5385 0.599999
      vertex 16 9.5 0
      vertex 15.4126 9.5385 0
    endloop
  endfacet
  facet normal -0.751882 -0.659298 0
    outer loop
      vertex 19.5701 16.7394 0
      vertex 19.182 17.182 0.599999
      vertex 19.182 17.182 0
    endloop
  endfacet
  facet normal -0.751882 -0.659298 0
    outer loop
      vertex 19.182 17.182 0.599999
      vertex 19.5701 16.7394 0
      vertex 19.5701 16.7394 0.599999
    endloop
  endfacet
  facet normal 0.555562 -0.831475 0
    outer loop
      vertex 13.2606 17.5701 0
      vertex 13.75 17.8971 0.599999
      vertex 13.2606 17.5701 0.599999
    endloop
  endfacet
  facet normal 0.555562 -0.831475 0
    outer loop
      vertex 13.75 17.8971 0.599999
      vertex 13.2606 17.5701 0
      vertex 13.75 17.8971 0
    endloop
  endfacet
  facet normal -0.946936 -0.321421 0
    outer loop
      vertex 20.3467 15.1647 0
      vertex 20.1575 15.7221 0.599999
      vertex 20.1575 15.7221 0
    endloop
  endfacet
  facet normal -0.946936 -0.321421 0
    outer loop
      vertex 20.1575 15.7221 0.599999
      vertex 20.3467 15.1647 0
      vertex 20.3467 15.1647 0.599999
    endloop
  endfacet
  facet normal -0.321437 0.946931 0
    outer loop
      vertex 17.7221 9.84254 0
      vertex 17.1647 9.65333 0.599999
      vertex 17.7221 9.84254 0.599999
    endloop
  endfacet
  facet normal -0.321437 0.946931 0
    outer loop
      vertex 17.1647 9.65333 0.599999
      vertex 17.7221 9.84254 0
      vertex 17.1647 9.65333 0
    endloop
  endfacet
  facet normal -0.442328 0.896854 0
    outer loop
      vertex 18.25 10.1029 0
      vertex 17.7221 9.84254 0.599999
      vertex 18.25 10.1029 0.599999
    endloop
  endfacet
  facet normal -0.442328 0.896854 0
    outer loop
      vertex 17.7221 9.84254 0.599999
      vertex 18.25 10.1029 0
      vertex 17.7221 9.84254 0
    endloop
  endfacet
  facet normal 0.195038 -0.980796 0
    outer loop
      vertex 14.8353 18.3467 0
      vertex 15.4126 18.4615 0.599999
      vertex 14.8353 18.3467 0.599999
    endloop
  endfacet
  facet normal 0.195038 -0.980796 0
    outer loop
      vertex 15.4126 18.4615 0.599999
      vertex 14.8353 18.3467 0
      vertex 15.4126 18.4615 0
    endloop
  endfacet
  facet normal -0.0654027 -0.997859 0
    outer loop
      vertex 16 18.5 0
      vertex 16.5874 18.4615 0.599999
      vertex 16 18.5 0.599999
    endloop
  endfacet
  facet normal -0.0654027 -0.997859 -0
    outer loop
      vertex 16.5874 18.4615 0.599999
      vertex 16 18.5 0
      vertex 16.5874 18.4615 0
    endloop
  endfacet
  facet normal 0.946936 -0.321421 0
    outer loop
      vertex 11.6533 15.1647 0.599999
      vertex 11.8425 15.7221 0
      vertex 11.8425 15.7221 0.599999
    endloop
  endfacet
  facet normal 0.946936 -0.321421 0
    outer loop
      vertex 11.8425 15.7221 0
      vertex 11.6533 15.1647 0.599999
      vertex 11.6533 15.1647 0
    endloop
  endfacet
  facet normal 0.0654027 -0.997859 0
    outer loop
      vertex 15.4126 70.4615 0
      vertex 16 70.5 0.599999
      vertex 15.4126 70.4615 0.599999
    endloop
  endfacet
  facet normal 0.0654027 -0.997859 0
    outer loop
      vertex 16 70.5 0.599999
      vertex 15.4126 70.4615 0
      vertex 16 70.5 0
    endloop
  endfacet
  facet normal -0.831475 -0.555562 0
    outer loop
      vertex 19.8971 68.25 0
      vertex 19.5701 68.7394 0.599999
      vertex 19.5701 68.7394 0
    endloop
  endfacet
  facet normal -0.831475 -0.555562 0
    outer loop
      vertex 19.5701 68.7394 0.599999
      vertex 19.8971 68.25 0
      vertex 19.8971 68.25 0.599999
    endloop
  endfacet
  facet normal -0.980796 -0.195038 0
    outer loop
      vertex 20.4615 66.5874 0
      vertex 20.3467 67.1647 0.599999
      vertex 20.3467 67.1647 0
    endloop
  endfacet
  facet normal -0.980796 -0.195038 0
    outer loop
      vertex 20.3467 67.1647 0.599999
      vertex 20.4615 66.5874 0
      vertex 20.4615 66.5874 0.599999
    endloop
  endfacet
  facet normal -0.555562 0.831475 0
    outer loop
      vertex 18.7394 62.4299 0
      vertex 18.25 62.1029 0.599999
      vertex 18.7394 62.4299 0.599999
    endloop
  endfacet
  facet normal -0.555562 0.831475 0
    outer loop
      vertex 18.25 62.1029 0.599999
      vertex 18.7394 62.4299 0
      vertex 18.25 62.1029 0
    endloop
  endfacet
  facet normal -0.442382 0.896827 0
    outer loop
      vertex 18.25 62.1029 0
      vertex 17.7221 61.8425 0.599999
      vertex 18.25 62.1029 0.599999
    endloop
  endfacet
  facet normal -0.442382 0.896827 0
    outer loop
      vertex 17.7221 61.8425 0.599999
      vertex 18.25 62.1029 0
      vertex 17.7221 61.8425 0
    endloop
  endfacet
  facet normal -0.555562 -0.831475 0
    outer loop
      vertex 18.25 69.8971 0
      vertex 18.7394 69.5701 0.599999
      vertex 18.25 69.8971 0.599999
    endloop
  endfacet
  facet normal -0.555562 -0.831475 -0
    outer loop
      vertex 18.7394 69.5701 0.599999
      vertex 18.25 69.8971 0
      vertex 18.7394 69.5701 0
    endloop
  endfacet
  facet normal 0.980796 -0.195038 0
    outer loop
      vertex 11.5385 66.5874 0.599999
      vertex 11.6533 67.1647 0
      vertex 11.6533 67.1647 0.599999
    endloop
  endfacet
  facet normal 0.980796 -0.195038 0
    outer loop
      vertex 11.6533 67.1647 0
      vertex 11.5385 66.5874 0.599999
      vertex 11.5385 66.5874 0
    endloop
  endfacet
  facet normal -0.442382 -0.896827 0
    outer loop
      vertex 17.7221 70.1575 0
      vertex 18.25 69.8971 0.599999
      vertex 17.7221 70.1575 0.599999
    endloop
  endfacet
  facet normal -0.442382 -0.896827 -0
    outer loop
      vertex 18.25 69.8971 0.599999
      vertex 17.7221 70.1575 0
      vertex 18.25 69.8971 0
    endloop
  endfacet
  facet normal -0.659298 -0.751882 0
    outer loop
      vertex 18.7394 69.5701 0
      vertex 19.182 69.182 0.599999
      vertex 18.7394 69.5701 0.599999
    endloop
  endfacet
  facet normal -0.659298 -0.751882 -0
    outer loop
      vertex 19.182 69.182 0.599999
      vertex 18.7394 69.5701 0
      vertex 19.182 69.182 0
    endloop
  endfacet
  facet normal -0.195038 0.980796 0
    outer loop
      vertex 17.1647 61.6533 0
      vertex 16.5874 61.5385 0.599999
      vertex 17.1647 61.6533 0.599999
    endloop
  endfacet
  facet normal -0.195038 0.980796 0
    outer loop
      vertex 16.5874 61.5385 0.599999
      vertex 17.1647 61.6533 0
      vertex 16.5874 61.5385 0
    endloop
  endfacet
  facet normal -0.946936 -0.321421 0
    outer loop
      vertex 20.3467 67.1647 0
      vertex 20.1575 67.7221 0.599999
      vertex 20.1575 67.7221 0
    endloop
  endfacet
  facet normal -0.946936 -0.321421 0
    outer loop
      vertex 20.1575 67.7221 0.599999
      vertex 20.3467 67.1647 0
      vertex 20.3467 67.1647 0.599999
    endloop
  endfacet
  facet normal 0.946936 0.321421 0
    outer loop
      vertex 11.8425 64.2779 0.599999
      vertex 11.6533 64.8353 0
      vertex 11.6533 64.8353 0.599999
    endloop
  endfacet
  facet normal 0.946936 0.321421 0
    outer loop
      vertex 11.6533 64.8353 0
      vertex 11.8425 64.2779 0.599999
      vertex 11.8425 64.2779 0
    endloop
  endfacet
  facet normal -0.997859 -0.0654027 0
    outer loop
      vertex 20.5 66 0
      vertex 20.4615 66.5874 0.599999
      vertex 20.4615 66.5874 0
    endloop
  endfacet
  facet normal -0.997859 -0.0654027 0
    outer loop
      vertex 20.4615 66.5874 0.599999
      vertex 20.5 66 0
      vertex 20.5 66 0.599999
    endloop
  endfacet
  facet normal -0.997859 0.0654027 0
    outer loop
      vertex 20.4615 65.4126 0
      vertex 20.5 66 0.599999
      vertex 20.5 66 0
    endloop
  endfacet
  facet normal -0.997859 0.0654027 0
    outer loop
      vertex 20.5 66 0.599999
      vertex 20.4615 65.4126 0
      vertex 20.4615 65.4126 0.599999
    endloop
  endfacet
  facet normal -0.0654027 -0.997859 0
    outer loop
      vertex 16 70.5 0
      vertex 16.5874 70.4615 0.599999
      vertex 16 70.5 0.599999
    endloop
  endfacet
  facet normal -0.0654027 -0.997859 -0
    outer loop
      vertex 16.5874 70.4615 0.599999
      vertex 16 70.5 0
      vertex 16.5874 70.4615 0
    endloop
  endfacet
  facet normal -0.831475 0.555562 0
    outer loop
      vertex 19.5701 63.2606 0
      vertex 19.8971 63.75 0.599999
      vertex 19.8971 63.75 0
    endloop
  endfacet
  facet normal -0.831475 0.555562 0
    outer loop
      vertex 19.8971 63.75 0.599999
      vertex 19.5701 63.2606 0
      vertex 19.5701 63.2606 0.599999
    endloop
  endfacet
  facet normal -0.751882 -0.659298 0
    outer loop
      vertex 19.5701 68.7394 0
      vertex 19.182 69.182 0.599999
      vertex 19.182 69.182 0
    endloop
  endfacet
  facet normal -0.751882 -0.659298 0
    outer loop
      vertex 19.182 69.182 0.599999
      vertex 19.5701 68.7394 0
      vertex 19.5701 68.7394 0.599999
    endloop
  endfacet
  facet normal 0.896827 -0.442382 0
    outer loop
      vertex 11.8425 67.7221 0.599999
      vertex 12.1029 68.25 0
      vertex 12.1029 68.25 0.599999
    endloop
  endfacet
  facet normal 0.896827 -0.442382 0
    outer loop
      vertex 12.1029 68.25 0
      vertex 11.8425 67.7221 0.599999
      vertex 11.8425 67.7221 0
    endloop
  endfacet
  facet normal -0.751882 0.659298 0
    outer loop
      vertex 19.182 62.818 0
      vertex 19.5701 63.2606 0.599999
      vertex 19.5701 63.2606 0
    endloop
  endfacet
  facet normal -0.751882 0.659298 0
    outer loop
      vertex 19.5701 63.2606 0.599999
      vertex 19.182 62.818 0
      vertex 19.182 62.818 0.599999
    endloop
  endfacet
  facet normal 0.0654027 0.997859 -0
    outer loop
      vertex 16 61.5 0
      vertex 15.4126 61.5385 0.599999
      vertex 16 61.5 0.599999
    endloop
  endfacet
  facet normal 0.0654027 0.997859 0
    outer loop
      vertex 15.4126 61.5385 0.599999
      vertex 16 61.5 0
      vertex 15.4126 61.5385 0
    endloop
  endfacet
  facet normal 0.980796 0.195038 0
    outer loop
      vertex 11.6533 64.8353 0.599999
      vertex 11.5385 65.4126 0
      vertex 11.5385 65.4126 0.599999
    endloop
  endfacet
  facet normal 0.980796 0.195038 0
    outer loop
      vertex 11.5385 65.4126 0
      vertex 11.6533 64.8353 0.599999
      vertex 11.6533 64.8353 0
    endloop
  endfacet
  facet normal 0.321421 0.946936 -0
    outer loop
      vertex 14.8353 61.6533 0
      vertex 14.2779 61.8425 0.599999
      vertex 14.8353 61.6533 0.599999
    endloop
  endfacet
  facet normal 0.321421 0.946936 0
    outer loop
      vertex 14.2779 61.8425 0.599999
      vertex 14.8353 61.6533 0
      vertex 14.2779 61.8425 0
    endloop
  endfacet
  facet normal -0.195038 -0.980796 0
    outer loop
      vertex 16.5874 70.4615 0
      vertex 17.1647 70.3467 0.599999
      vertex 16.5874 70.4615 0.599999
    endloop
  endfacet
  facet normal -0.195038 -0.980796 -0
    outer loop
      vertex 17.1647 70.3467 0.599999
      vertex 16.5874 70.4615 0
      vertex 17.1647 70.3467 0
    endloop
  endfacet
  facet normal 0.195038 0.980796 -0
    outer loop
      vertex 15.4126 61.5385 0
      vertex 14.8353 61.6533 0.599999
      vertex 15.4126 61.5385 0.599999
    endloop
  endfacet
  facet normal 0.195038 0.980796 0
    outer loop
      vertex 14.8353 61.6533 0.599999
      vertex 15.4126 61.5385 0
      vertex 14.8353 61.6533 0
    endloop
  endfacet
  facet normal 0.831475 0.555562 0
    outer loop
      vertex 12.4299 63.2606 0.599999
      vertex 12.1029 63.75 0
      vertex 12.1029 63.75 0.599999
    endloop
  endfacet
  facet normal 0.831475 0.555562 0
    outer loop
      vertex 12.1029 63.75 0
      vertex 12.4299 63.2606 0.599999
      vertex 12.4299 63.2606 0
    endloop
  endfacet
  facet normal 0.751882 -0.659298 0
    outer loop
      vertex 12.4299 68.7394 0.599999
      vertex 12.818 69.182 0
      vertex 12.818 69.182 0.599999
    endloop
  endfacet
  facet normal 0.751882 -0.659298 0
    outer loop
      vertex 12.818 69.182 0
      vertex 12.4299 68.7394 0.599999
      vertex 12.4299 68.7394 0
    endloop
  endfacet
  facet normal -0.0654027 0.997859 0
    outer loop
      vertex 16.5874 61.5385 0
      vertex 16 61.5 0.599999
      vertex 16.5874 61.5385 0.599999
    endloop
  endfacet
  facet normal -0.0654027 0.997859 0
    outer loop
      vertex 16 61.5 0.599999
      vertex 16.5874 61.5385 0
      vertex 16 61.5 0
    endloop
  endfacet
  facet normal -0.321421 -0.946936 0
    outer loop
      vertex 17.1647 70.3467 0
      vertex 17.7221 70.1575 0.599999
      vertex 17.1647 70.3467 0.599999
    endloop
  endfacet
  facet normal -0.321421 -0.946936 -0
    outer loop
      vertex 17.7221 70.1575 0.599999
      vertex 17.1647 70.3467 0
      vertex 17.7221 70.1575 0
    endloop
  endfacet
  facet normal 0.896827 0.442382 0
    outer loop
      vertex 12.1029 63.75 0.599999
      vertex 11.8425 64.2779 0
      vertex 11.8425 64.2779 0.599999
    endloop
  endfacet
  facet normal 0.896827 0.442382 0
    outer loop
      vertex 11.8425 64.2779 0
      vertex 12.1029 63.75 0.599999
      vertex 12.1029 63.75 0
    endloop
  endfacet
  facet normal -0.896827 0.442382 0
    outer loop
      vertex 19.8971 63.75 0
      vertex 20.1575 64.2779 0.599999
      vertex 20.1575 64.2779 0
    endloop
  endfacet
  facet normal -0.896827 0.442382 0
    outer loop
      vertex 20.1575 64.2779 0.599999
      vertex 19.8971 63.75 0
      vertex 19.8971 63.75 0.599999
    endloop
  endfacet
  facet normal -0.946936 0.321421 0
    outer loop
      vertex 20.1575 64.2779 0
      vertex 20.3467 64.8353 0.599999
      vertex 20.3467 64.8353 0
    endloop
  endfacet
  facet normal -0.946936 0.321421 0
    outer loop
      vertex 20.3467 64.8353 0.599999
      vertex 20.1575 64.2779 0
      vertex 20.1575 64.2779 0.599999
    endloop
  endfacet
  facet normal -0.896827 -0.442382 0
    outer loop
      vertex 20.1575 67.7221 0
      vertex 19.8971 68.25 0.599999
      vertex 19.8971 68.25 0
    endloop
  endfacet
  facet normal -0.896827 -0.442382 0
    outer loop
      vertex 19.8971 68.25 0.599999
      vertex 20.1575 67.7221 0
      vertex 20.1575 67.7221 0.599999
    endloop
  endfacet
  facet normal 0.997859 -0.0654027 0
    outer loop
      vertex 11.5 66 0.599999
      vertex 11.5385 66.5874 0
      vertex 11.5385 66.5874 0.599999
    endloop
  endfacet
  facet normal 0.997859 -0.0654027 0
    outer loop
      vertex 11.5385 66.5874 0
      vertex 11.5 66 0.599999
      vertex 11.5 66 0
    endloop
  endfacet
  facet normal -0.659298 0.751882 0
    outer loop
      vertex 19.182 62.818 0
      vertex 18.7394 62.4299 0.599999
      vertex 19.182 62.818 0.599999
    endloop
  endfacet
  facet normal -0.659298 0.751882 0
    outer loop
      vertex 18.7394 62.4299 0.599999
      vertex 19.182 62.818 0
      vertex 18.7394 62.4299 0
    endloop
  endfacet
  facet normal 0.555562 -0.831475 0
    outer loop
      vertex 13.2606 69.5701 0
      vertex 13.75 69.8971 0.599999
      vertex 13.2606 69.5701 0.599999
    endloop
  endfacet
  facet normal 0.555562 -0.831475 0
    outer loop
      vertex 13.75 69.8971 0.599999
      vertex 13.2606 69.5701 0
      vertex 13.75 69.8971 0
    endloop
  endfacet
  facet normal 0.442382 0.896827 -0
    outer loop
      vertex 14.2779 61.8425 0
      vertex 13.75 62.1029 0.599999
      vertex 14.2779 61.8425 0.599999
    endloop
  endfacet
  facet normal 0.442382 0.896827 0
    outer loop
      vertex 13.75 62.1029 0.599999
      vertex 14.2779 61.8425 0
      vertex 13.75 62.1029 0
    endloop
  endfacet
  facet normal 0.442382 -0.896827 0
    outer loop
      vertex 13.75 69.8971 0
      vertex 14.2779 70.1575 0.599999
      vertex 13.75 69.8971 0.599999
    endloop
  endfacet
  facet normal 0.442382 -0.896827 0
    outer loop
      vertex 14.2779 70.1575 0.599999
      vertex 13.75 69.8971 0
      vertex 14.2779 70.1575 0
    endloop
  endfacet
  facet normal 0.659298 0.751882 -0
    outer loop
      vertex 13.2606 62.4299 0
      vertex 12.818 62.818 0.599999
      vertex 13.2606 62.4299 0.599999
    endloop
  endfacet
  facet normal 0.659298 0.751882 0
    outer loop
      vertex 12.818 62.818 0.599999
      vertex 13.2606 62.4299 0
      vertex 12.818 62.818 0
    endloop
  endfacet
  facet normal 0.321421 -0.946936 0
    outer loop
      vertex 14.2779 70.1575 0
      vertex 14.8353 70.3467 0.599999
      vertex 14.2779 70.1575 0.599999
    endloop
  endfacet
  facet normal 0.321421 -0.946936 0
    outer loop
      vertex 14.8353 70.3467 0.599999
      vertex 14.2779 70.1575 0
      vertex 14.8353 70.3467 0
    endloop
  endfacet
  facet normal 0.997859 0.0654027 0
    outer loop
      vertex 11.5385 65.4126 0.599999
      vertex 11.5 66 0
      vertex 11.5 66 0.599999
    endloop
  endfacet
  facet normal 0.997859 0.0654027 0
    outer loop
      vertex 11.5 66 0
      vertex 11.5385 65.4126 0.599999
      vertex 11.5385 65.4126 0
    endloop
  endfacet
  facet normal -0.980796 0.195038 0
    outer loop
      vertex 20.3467 64.8353 0
      vertex 20.4615 65.4126 0.599999
      vertex 20.4615 65.4126 0
    endloop
  endfacet
  facet normal -0.980796 0.195038 0
    outer loop
      vertex 20.4615 65.4126 0.599999
      vertex 20.3467 64.8353 0
      vertex 20.3467 64.8353 0.599999
    endloop
  endfacet
  facet normal 0.195038 -0.980796 0
    outer loop
      vertex 14.8353 70.3467 0
      vertex 15.4126 70.4615 0.599999
      vertex 14.8353 70.3467 0.599999
    endloop
  endfacet
  facet normal 0.195038 -0.980796 0
    outer loop
      vertex 15.4126 70.4615 0.599999
      vertex 14.8353 70.3467 0
      vertex 15.4126 70.4615 0
    endloop
  endfacet
  facet normal 0.659298 -0.751882 0
    outer loop
      vertex 12.818 69.182 0
      vertex 13.2606 69.5701 0.599999
      vertex 12.818 69.182 0.599999
    endloop
  endfacet
  facet normal 0.659298 -0.751882 0
    outer loop
      vertex 13.2606 69.5701 0.599999
      vertex 12.818 69.182 0
      vertex 13.2606 69.5701 0
    endloop
  endfacet
  facet normal 0.555562 0.831475 -0
    outer loop
      vertex 13.75 62.1029 0
      vertex 13.2606 62.4299 0.599999
      vertex 13.75 62.1029 0.599999
    endloop
  endfacet
  facet normal 0.555562 0.831475 0
    outer loop
      vertex 13.2606 62.4299 0.599999
      vertex 13.75 62.1029 0
      vertex 13.2606 62.4299 0
    endloop
  endfacet
  facet normal 0.751882 0.659298 0
    outer loop
      vertex 12.818 62.818 0.599999
      vertex 12.4299 63.2606 0
      vertex 12.4299 63.2606 0.599999
    endloop
  endfacet
  facet normal 0.751882 0.659298 0
    outer loop
      vertex 12.4299 63.2606 0
      vertex 12.818 62.818 0.599999
      vertex 12.818 62.818 0
    endloop
  endfacet
  facet normal 0.946936 -0.321421 0
    outer loop
      vertex 11.6533 67.1647 0.599999
      vertex 11.8425 67.7221 0
      vertex 11.8425 67.7221 0.599999
    endloop
  endfacet
  facet normal 0.946936 -0.321421 0
    outer loop
      vertex 11.8425 67.7221 0
      vertex 11.6533 67.1647 0.599999
      vertex 11.6533 67.1647 0
    endloop
  endfacet
  facet normal 0 0 -1
    outer loop
      vertex 20.4615 65.4126 0.599999
      vertex 20.4615 66.5874 0.599999
      vertex 20.5 66 0.599999
    endloop
  endfacet
  facet normal 0 0 -1
    outer loop
      vertex 20.3467 64.8353 0.599999
      vertex 20.4615 66.5874 0.599999
      vertex 20.4615 65.4126 0.599999
    endloop
  endfacet
  facet normal 0 0 -1
    outer loop
      vertex 20.3467 64.8353 0.599999
      vertex 20.3467 67.1647 0.599999
      vertex 20.4615 66.5874 0.599999
    endloop
  endfacet
  facet normal 0 0 -1
    outer loop
      vertex 20.1575 64.2779 0.599999
      vertex 20.3467 67.1647 0.599999
      vertex 20.3467 64.8353 0.599999
    endloop
  endfacet
  facet normal 0 0 -1
    outer loop
      vertex 20.1575 64.2779 0.599999
      vertex 20.1575 67.7221 0.599999
      vertex 20.3467 67.1647 0.599999
    endloop
  endfacet
  facet normal 0 0 -1
    outer loop
      vertex 19.8971 63.75 0.599999
      vertex 20.1575 67.7221 0.599999
      vertex 20.1575 64.2779 0.599999
    endloop
  endfacet
  facet normal 0 0 -1
    outer loop
      vertex 19.8971 63.75 0.599999
      vertex 19.8971 68.25 0.599999
      vertex 20.1575 67.7221 0.599999
    endloop
  endfacet
  facet normal 0 0 -1
    outer loop
      vertex 19.5701 63.2606 0.599999
      vertex 19.8971 68.25 0.599999
      vertex 19.8971 63.75 0.599999
    endloop
  endfacet
  facet normal 0 0 -1
    outer loop
      vertex 19.5701 63.2606 0.599999
      vertex 19.5701 68.7394 0.599999
      vertex 19.8971 68.25 0.599999
    endloop
  endfacet
  facet normal 0 0 -1
    outer loop
      vertex 19.182 62.818 0.599999
      vertex 19.5701 68.7394 0.599999
      vertex 19.5701 63.2606 0.599999
    endloop
  endfacet
  facet normal 0 0 -1
    outer loop
      vertex 19.182 62.818 0.599999
      vertex 19.182 69.182 0.599999
      vertex 19.5701 68.7394 0.599999
    endloop
  endfacet
  facet normal 0 0 -1
    outer loop
      vertex 18.7394 62.4299 0.599999
      vertex 19.182 69.182 0.599999
      vertex 19.182 62.818 0.599999
    endloop
  endfacet
  facet normal 0 0 -1
    outer loop
      vertex 18.7394 62.4299 0.599999
      vertex 18.7394 69.5701 0.599999
      vertex 19.182 69.182 0.599999
    endloop
  endfacet
  facet normal 0 0 -1
    outer loop
      vertex 18.25 62.1029 0.599999
      vertex 18.7394 69.5701 0.599999
      vertex 18.7394 62.4299 0.599999
    endloop
  endfacet
  facet normal 0 0 -1
    outer loop
      vertex 18.25 62.1029 0.599999
      vertex 18.25 69.8971 0.599999
      vertex 18.7394 69.5701 0.599999
    endloop
  endfacet
  facet normal 0 0 -1
    outer loop
      vertex 17.7221 61.8425 0.599999
      vertex 18.25 69.8971 0.599999
      vertex 18.25 62.1029 0.599999
    endloop
  endfacet
  facet normal 0 0 -1
    outer loop
      vertex 17.7221 61.8425 0.599999
      vertex 17.7221 70.1575 0.599999
      vertex 18.25 69.8971 0.599999
    endloop
  endfacet
  facet normal 0 0 -1
    outer loop
      vertex 17.1647 61.6533 0.599999
      vertex 17.7221 70.1575 0.599999
      vertex 17.7221 61.8425 0.599999
    endloop
  endfacet
  facet normal 0 0 -1
    outer loop
      vertex 17.1647 61.6533 0.599999
      vertex 17.1647 70.3467 0.599999
      vertex 17.7221 70.1575 0.599999
    endloop
  endfacet
  facet normal 0 0 -1
    outer loop
      vertex 16.5874 61.5385 0.599999
      vertex 17.1647 70.3467 0.599999
      vertex 17.1647 61.6533 0.599999
    endloop
  endfacet
  facet normal 0 0 -1
    outer loop
      vertex 16.5874 61.5385 0.599999
      vertex 16.5874 70.4615 0.599999
      vertex 17.1647 70.3467 0.599999
    endloop
  endfacet
  facet normal 0 0 -1
    outer loop
      vertex 16 61.5 0.599999
      vertex 16.5874 70.4615 0.599999
      vertex 16.5874 61.5385 0.599999
    endloop
  endfacet
  facet normal 0 0 -1
    outer loop
      vertex 16 61.5 0.599999
      vertex 16 70.5 0.599999
      vertex 16.5874 70.4615 0.599999
    endloop
  endfacet
  facet normal 0 0 -1
    outer loop
      vertex 15.4126 61.5385 0.599999
      vertex 16 70.5 0.599999
      vertex 16 61.5 0.599999
    endloop
  endfacet
  facet normal 0 0 -1
    outer loop
      vertex 15.4126 61.5385 0.599999
      vertex 15.4126 70.4615 0.599999
      vertex 16 70.5 0.599999
    endloop
  endfacet
  facet normal 0 0 -1
    outer loop
      vertex 14.8353 61.6533 0.599999
      vertex 15.4126 70.4615 0.599999
      vertex 15.4126 61.5385 0.599999
    endloop
  endfacet
  facet normal 0 0 -1
    outer loop
      vertex 14.8353 61.6533 0.599999
      vertex 14.8353 70.3467 0.599999
      vertex 15.4126 70.4615 0.599999
    endloop
  endfacet
  facet normal 0 0 -1
    outer loop
      vertex 14.2779 61.8425 0.599999
      vertex 14.8353 70.3467 0.599999
      vertex 14.8353 61.6533 0.599999
    endloop
  endfacet
  facet normal 0 0 -1
    outer loop
      vertex 14.2779 61.8425 0.599999
      vertex 14.2779 70.1575 0.599999
      vertex 14.8353 70.3467 0.599999
    endloop
  endfacet
  facet normal 0 0 -1
    outer loop
      vertex 13.75 62.1029 0.599999
      vertex 14.2779 70.1575 0.599999
      vertex 14.2779 61.8425 0.599999
    endloop
  endfacet
  facet normal 0 0 -1
    outer loop
      vertex 13.75 62.1029 0.599999
      vertex 13.75 69.8971 0.599999
      vertex 14.2779 70.1575 0.599999
    endloop
  endfacet
  facet normal 0 0 -1
    outer loop
      vertex 13.2606 62.4299 0.599999
      vertex 13.75 69.8971 0.599999
      vertex 13.75 62.1029 0.599999
    endloop
  endfacet
  facet normal 0 0 -1
    outer loop
      vertex 13.2606 62.4299 0.599999
      vertex 13.2606 69.5701 0.599999
      vertex 13.75 69.8971 0.599999
    endloop
  endfacet
  facet normal 0 0 -1
    outer loop
      vertex 12.818 62.818 0.599999
      vertex 13.2606 69.5701 0.599999
      vertex 13.2606 62.4299 0.599999
    endloop
  endfacet
  facet normal 0 0 -1
    outer loop
      vertex 12.818 62.818 0.599999
      vertex 12.818 69.182 0.599999
      vertex 13.2606 69.5701 0.599999
    endloop
  endfacet
  facet normal 0 0 -1
    outer loop
      vertex 12.4299 63.2606 0.599999
      vertex 12.818 69.182 0.599999
      vertex 12.818 62.818 0.599999
    endloop
  endfacet
  facet normal 0 0 -1
    outer loop
      vertex 12.4299 63.2606 0.599999
      vertex 12.4299 68.7394 0.599999
      vertex 12.818 69.182 0.599999
    endloop
  endfacet
  facet normal 0 0 -1
    outer loop
      vertex 12.1029 63.75 0.599999
      vertex 12.4299 68.7394 0.599999
      vertex 12.4299 63.2606 0.599999
    endloop
  endfacet
  facet normal 0 0 -1
    outer loop
      vertex 12.1029 63.75 0.599999
      vertex 12.1029 68.25 0.599999
      vertex 12.4299 68.7394 0.599999
    endloop
  endfacet
  facet normal 0 0 -1
    outer loop
      vertex 11.8425 64.2779 0.599999
      vertex 12.1029 68.25 0.599999
      vertex 12.1029 63.75 0.599999
    endloop
  endfacet
  facet normal 0 0 -1
    outer loop
      vertex 11.8425 64.2779 0.599999
      vertex 11.8425 67.7221 0.599999
      vertex 12.1029 68.25 0.599999
    endloop
  endfacet
  facet normal 0 0 -1
    outer loop
      vertex 11.6533 64.8353 0.599999
      vertex 11.8425 67.7221 0.599999
      vertex 11.8425 64.2779 0.599999
    endloop
  endfacet
  facet normal 0 0 -1
    outer loop
      vertex 11.6533 64.8353 0.599999
      vertex 11.6533 67.1647 0.599999
      vertex 11.8425 67.7221 0.599999
    endloop
  endfacet
  facet normal 0 0 -1
    outer loop
      vertex 11.5385 65.4126 0.599999
      vertex 11.6533 67.1647 0.599999
      vertex 11.6533 64.8353 0.599999
    endloop
  endfacet
  facet normal 0 0 -1
    outer loop
      vertex 11.5385 65.4126 0.599999
      vertex 11.5385 66.5874 0.599999
      vertex 11.6533 67.1647 0.599999
    endloop
  endfacet
  facet normal 0 -0 -1
    outer loop
      vertex 11.5385 66.5874 0.599999
      vertex 11.5385 65.4126 0.599999
      vertex 11.5 66 0.599999
    endloop
  endfacet
  facet normal -0.321421 0.946936 0
    outer loop
      vertex 17.7221 61.8425 0
      vertex 17.1647 61.6533 0.599999
      vertex 17.7221 61.8425 0.599999
    endloop
  endfacet
  facet normal -0.321421 0.946936 0
    outer loop
      vertex 17.1647 61.6533 0.599999
      vertex 17.7221 61.8425 0
      vertex 17.1647 61.6533 0
    endloop
  endfacet
  facet normal 0.831475 -0.555562 0
    outer loop
      vertex 12.1029 68.25 0.599999
      vertex 12.4299 68.7394 0
      vertex 12.4299 68.7394 0.599999
    endloop
  endfacet
  facet normal 0.831475 -0.555562 0
    outer loop
      vertex 12.4299 68.7394 0
      vertex 12.1029 68.25 0.599999
      vertex 12.1029 68.25 0
    endloop
  endfacet
  facet normal -0.195087 0.980786 0
    outer loop
      vertex 95.1647 9.65333 0
      vertex 94.5874 9.5385 0.599999
      vertex 95.1647 9.65333 0.599999
    endloop
  endfacet
  facet normal -0.195087 0.980786 0
    outer loop
      vertex 94.5874 9.5385 0.599999
      vertex 95.1647 9.65333 0
      vertex 94.5874 9.5385 0
    endloop
  endfacet
  facet normal -0.980796 -0.195038 0
    outer loop
      vertex 98.4615 14.5874 0
      vertex 98.3467 15.1647 0.599999
      vertex 98.3467 15.1647 0
    endloop
  endfacet
  facet normal -0.980796 -0.195038 0
    outer loop
      vertex 98.3467 15.1647 0.599999
      vertex 98.4615 14.5874 0
      vertex 98.4615 14.5874 0.599999
    endloop
  endfacet
  facet normal -0.997859 -0.0654027 0
    outer loop
      vertex 98.5 14 0
      vertex 98.4615 14.5874 0.599999
      vertex 98.4615 14.5874 0
    endloop
  endfacet
  facet normal -0.997859 -0.0654027 0
    outer loop
      vertex 98.4615 14.5874 0.599999
      vertex 98.5 14 0
      vertex 98.5 14 0.599999
    endloop
  endfacet
  facet normal -0.980796 0.195038 0
    outer loop
      vertex 98.3467 12.8353 0
      vertex 98.4615 13.4126 0.599999
      vertex 98.4615 13.4126 0
    endloop
  endfacet
  facet normal -0.980796 0.195038 0
    outer loop
      vertex 98.4615 13.4126 0.599999
      vertex 98.3467 12.8353 0
      vertex 98.3467 12.8353 0.599999
    endloop
  endfacet
  facet normal 0.831475 -0.555562 0
    outer loop
      vertex 90.1029 16.25 0.599999
      vertex 90.4299 16.7394 0
      vertex 90.4299 16.7394 0.599999
    endloop
  endfacet
  facet normal 0.831475 -0.555562 0
    outer loop
      vertex 90.4299 16.7394 0
      vertex 90.1029 16.25 0.599999
      vertex 90.1029 16.25 0
    endloop
  endfacet
  facet normal -0.659298 -0.751882 0
    outer loop
      vertex 96.7394 17.5701 0
      vertex 97.182 17.182 0.599999
      vertex 96.7394 17.5701 0.599999
    endloop
  endfacet
  facet normal -0.659298 -0.751882 -0
    outer loop
      vertex 97.182 17.182 0.599999
      vertex 96.7394 17.5701 0
      vertex 97.182 17.182 0
    endloop
  endfacet
  facet normal 0.195087 0.980786 -0
    outer loop
      vertex 93.4126 9.5385 0
      vertex 92.8353 9.65333 0.599999
      vertex 93.4126 9.5385 0.599999
    endloop
  endfacet
  facet normal 0.195087 0.980786 0
    outer loop
      vertex 92.8353 9.65333 0.599999
      vertex 93.4126 9.5385 0
      vertex 92.8353 9.65333 0
    endloop
  endfacet
  facet normal -0.195038 -0.980796 0
    outer loop
      vertex 94.5874 18.4615 0
      vertex 95.1647 18.3467 0.599999
      vertex 94.5874 18.4615 0.599999
    endloop
  endfacet
  facet normal -0.195038 -0.980796 -0
    outer loop
      vertex 95.1647 18.3467 0.599999
      vertex 94.5874 18.4615 0
      vertex 95.1647 18.3467 0
    endloop
  endfacet
  facet normal -0.659298 0.751882 0
    outer loop
      vertex 97.182 10.818 0
      vertex 96.7394 10.4299 0.599999
      vertex 97.182 10.818 0.599999
    endloop
  endfacet
  facet normal -0.659298 0.751882 0
    outer loop
      vertex 96.7394 10.4299 0.599999
      vertex 97.182 10.818 0
      vertex 96.7394 10.4299 0
    endloop
  endfacet
  facet normal -0.896827 0.442382 0
    outer loop
      vertex 97.8971 11.75 0
      vertex 98.1575 12.2779 0.599999
      vertex 98.1575 12.2779 0
    endloop
  endfacet
  facet normal -0.896827 0.442382 0
    outer loop
      vertex 98.1575 12.2779 0.599999
      vertex 97.8971 11.75 0
      vertex 97.8971 11.75 0.599999
    endloop
  endfacet
  facet normal -0.946936 0.321421 0
    outer loop
      vertex 98.1575 12.2779 0
      vertex 98.3467 12.8353 0.599999
      vertex 98.3467 12.8353 0
    endloop
  endfacet
  facet normal -0.946936 0.321421 0
    outer loop
      vertex 98.3467 12.8353 0.599999
      vertex 98.1575 12.2779 0
      vertex 98.1575 12.2779 0.599999
    endloop
  endfacet
  facet normal 0.555562 0.831475 -0
    outer loop
      vertex 91.75 10.1029 0
      vertex 91.2606 10.4299 0.599999
      vertex 91.75 10.1029 0.599999
    endloop
  endfacet
  facet normal 0.555562 0.831475 0
    outer loop
      vertex 91.2606 10.4299 0.599999
      vertex 91.75 10.1029 0
      vertex 91.2606 10.4299 0
    endloop
  endfacet
  facet normal -0.831475 0.555562 0
    outer loop
      vertex 97.5701 11.2606 0
      vertex 97.8971 11.75 0.599999
      vertex 97.8971 11.75 0
    endloop
  endfacet
  facet normal -0.831475 0.555562 0
    outer loop
      vertex 97.8971 11.75 0.599999
      vertex 97.5701 11.2606 0
      vertex 97.5701 11.2606 0.599999
    endloop
  endfacet
  facet normal 0.896827 -0.442382 0
    outer loop
      vertex 89.8425 15.7221 0.599999
      vertex 90.1029 16.25 0
      vertex 90.1029 16.25 0.599999
    endloop
  endfacet
  facet normal 0.896827 -0.442382 0
    outer loop
      vertex 90.1029 16.25 0
      vertex 89.8425 15.7221 0.599999
      vertex 89.8425 15.7221 0
    endloop
  endfacet
  facet normal 0.831475 0.555562 0
    outer loop
      vertex 90.4299 11.2606 0.599999
      vertex 90.1029 11.75 0
      vertex 90.1029 11.75 0.599999
    endloop
  endfacet
  facet normal 0.831475 0.555562 0
    outer loop
      vertex 90.1029 11.75 0
      vertex 90.4299 11.2606 0.599999
      vertex 90.4299 11.2606 0
    endloop
  endfacet
  facet normal 0.997859 -0.0654027 0
    outer loop
      vertex 89.5 14 0.599999
      vertex 89.5385 14.5874 0
      vertex 89.5385 14.5874 0.599999
    endloop
  endfacet
  facet normal 0.997859 -0.0654027 0
    outer loop
      vertex 89.5385 14.5874 0
      vertex 89.5 14 0.599999
      vertex 89.5 14 0
    endloop
  endfacet
  facet normal 0.0654027 -0.997859 0
    outer loop
      vertex 93.4126 18.4615 0
      vertex 94 18.5 0.599999
      vertex 93.4126 18.4615 0.599999
    endloop
  endfacet
  facet normal 0.0654027 -0.997859 0
    outer loop
      vertex 94 18.5 0.599999
      vertex 93.4126 18.4615 0
      vertex 94 18.5 0
    endloop
  endfacet
  facet normal 0.896827 0.442382 0
    outer loop
      vertex 90.1029 11.75 0.599999
      vertex 89.8425 12.2779 0
      vertex 89.8425 12.2779 0.599999
    endloop
  endfacet
  facet normal 0.896827 0.442382 0
    outer loop
      vertex 89.8425 12.2779 0
      vertex 90.1029 11.75 0.599999
      vertex 90.1029 11.75 0
    endloop
  endfacet
  facet normal -0.442382 -0.896827 0
    outer loop
      vertex 95.7221 18.1575 0
      vertex 96.25 17.8971 0.599999
      vertex 95.7221 18.1575 0.599999
    endloop
  endfacet
  facet normal -0.442382 -0.896827 -0
    outer loop
      vertex 96.25 17.8971 0.599999
      vertex 95.7221 18.1575 0
      vertex 96.25 17.8971 0
    endloop
  endfacet
  facet normal -0.0654027 0.997859 0
    outer loop
      vertex 94.5874 9.5385 0
      vertex 94 9.5 0.599999
      vertex 94.5874 9.5385 0.599999
    endloop
  endfacet
  facet normal -0.0654027 0.997859 0
    outer loop
      vertex 94 9.5 0.599999
      vertex 94.5874 9.5385 0
      vertex 94 9.5 0
    endloop
  endfacet
  facet normal 0.751882 0.659298 0
    outer loop
      vertex 90.818 10.818 0.599999
      vertex 90.4299 11.2606 0
      vertex 90.4299 11.2606 0.599999
    endloop
  endfacet
  facet normal 0.751882 0.659298 0
    outer loop
      vertex 90.4299 11.2606 0
      vertex 90.818 10.818 0.599999
      vertex 90.818 10.818 0
    endloop
  endfacet
  facet normal 0.321421 -0.946936 0
    outer loop
      vertex 92.2779 18.1575 0
      vertex 92.8353 18.3467 0.599999
      vertex 92.2779 18.1575 0.599999
    endloop
  endfacet
  facet normal 0.321421 -0.946936 0
    outer loop
      vertex 92.8353 18.3467 0.599999
      vertex 92.2779 18.1575 0
      vertex 92.8353 18.3467 0
    endloop
  endfacet
  facet normal 0.997859 0.0654027 0
    outer loop
      vertex 89.5385 13.4126 0.599999
      vertex 89.5 14 0
      vertex 89.5 14 0.599999
    endloop
  endfacet
  facet normal 0.997859 0.0654027 0
    outer loop
      vertex 89.5 14 0
      vertex 89.5385 13.4126 0.599999
      vertex 89.5385 13.4126 0
    endloop
  endfacet
  facet normal -0.946936 -0.321421 0
    outer loop
      vertex 98.3467 15.1647 0
      vertex 98.1575 15.7221 0.599999
      vertex 98.1575 15.7221 0
    endloop
  endfacet
  facet normal -0.946936 -0.321421 0
    outer loop
      vertex 98.1575 15.7221 0.599999
      vertex 98.3467 15.1647 0
      vertex 98.3467 15.1647 0.599999
    endloop
  endfacet
  facet normal 0.659298 -0.751882 0
    outer loop
      vertex 90.818 17.182 0
      vertex 91.2606 17.5701 0.599999
      vertex 90.818 17.182 0.599999
    endloop
  endfacet
  facet normal 0.659298 -0.751882 0
    outer loop
      vertex 91.2606 17.5701 0.599999
      vertex 90.818 17.182 0
      vertex 91.2606 17.5701 0
    endloop
  endfacet
  facet normal 0.751882 -0.659298 0
    outer loop
      vertex 90.4299 16.7394 0.599999
      vertex 90.818 17.182 0
      vertex 90.818 17.182 0.599999
    endloop
  endfacet
  facet normal 0.751882 -0.659298 0
    outer loop
      vertex 90.818 17.182 0
      vertex 90.4299 16.7394 0.599999
      vertex 90.4299 16.7394 0
    endloop
  endfacet
  facet normal -0.831475 -0.555562 0
    outer loop
      vertex 97.8971 16.25 0
      vertex 97.5701 16.7394 0.599999
      vertex 97.5701 16.7394 0
    endloop
  endfacet
  facet normal -0.831475 -0.555562 0
    outer loop
      vertex 97.5701 16.7394 0.599999
      vertex 97.8971 16.25 0
      vertex 97.8971 16.25 0.599999
    endloop
  endfacet
  facet normal -0.555562 -0.831475 0
    outer loop
      vertex 96.25 17.8971 0
      vertex 96.7394 17.5701 0.599999
      vertex 96.25 17.8971 0.599999
    endloop
  endfacet
  facet normal -0.555562 -0.831475 -0
    outer loop
      vertex 96.7394 17.5701 0.599999
      vertex 96.25 17.8971 0
      vertex 96.7394 17.5701 0
    endloop
  endfacet
  facet normal 0.980796 0.195038 0
    outer loop
      vertex 89.6533 12.8353 0.599999
      vertex 89.5385 13.4126 0
      vertex 89.5385 13.4126 0.599999
    endloop
  endfacet
  facet normal 0.980796 0.195038 0
    outer loop
      vertex 89.5385 13.4126 0
      vertex 89.6533 12.8353 0.599999
      vertex 89.6533 12.8353 0
    endloop
  endfacet
  facet normal 0.442382 -0.896827 0
    outer loop
      vertex 91.75 17.8971 0
      vertex 92.2779 18.1575 0.599999
      vertex 91.75 17.8971 0.599999
    endloop
  endfacet
  facet normal 0.442382 -0.896827 0
    outer loop
      vertex 92.2779 18.1575 0.599999
      vertex 91.75 17.8971 0
      vertex 92.2779 18.1575 0
    endloop
  endfacet
  facet normal -0.321421 -0.946936 0
    outer loop
      vertex 95.1647 18.3467 0
      vertex 95.7221 18.1575 0.599999
      vertex 95.1647 18.3467 0.599999
    endloop
  endfacet
  facet normal -0.321421 -0.946936 -0
    outer loop
      vertex 95.7221 18.1575 0.599999
      vertex 95.1647 18.3467 0
      vertex 95.7221 18.1575 0
    endloop
  endfacet
  facet normal -0.997859 0.0654027 0
    outer loop
      vertex 98.4615 13.4126 0
      vertex 98.5 14 0.599999
      vertex 98.5 14 0
    endloop
  endfacet
  facet normal -0.997859 0.0654027 0
    outer loop
      vertex 98.5 14 0.599999
      vertex 98.4615 13.4126 0
      vertex 98.4615 13.4126 0.599999
    endloop
  endfacet
  facet normal -0.555562 0.831475 0
    outer loop
      vertex 96.7394 10.4299 0
      vertex 96.25 10.1029 0.599999
      vertex 96.7394 10.4299 0.599999
    endloop
  endfacet
  facet normal -0.555562 0.831475 0
    outer loop
      vertex 96.25 10.1029 0.599999
      vertex 96.7394 10.4299 0
      vertex 96.25 10.1029 0
    endloop
  endfacet
  facet normal -0.896827 -0.442382 0
    outer loop
      vertex 98.1575 15.7221 0
      vertex 97.8971 16.25 0.599999
      vertex 97.8971 16.25 0
    endloop
  endfacet
  facet normal -0.896827 -0.442382 0
    outer loop
      vertex 97.8971 16.25 0.599999
      vertex 98.1575 15.7221 0
      vertex 98.1575 15.7221 0.599999
    endloop
  endfacet
  facet normal 0.659298 0.751882 -0
    outer loop
      vertex 91.2606 10.4299 0
      vertex 90.818 10.818 0.599999
      vertex 91.2606 10.4299 0.599999
    endloop
  endfacet
  facet normal 0.659298 0.751882 0
    outer loop
      vertex 90.818 10.818 0.599999
      vertex 91.2606 10.4299 0
      vertex 90.818 10.818 0
    endloop
  endfacet
  facet normal 0.321437 0.946931 -0
    outer loop
      vertex 92.8353 9.65333 0
      vertex 92.2779 9.84254 0.599999
      vertex 92.8353 9.65333 0.599999
    endloop
  endfacet
  facet normal 0.321437 0.946931 0
    outer loop
      vertex 92.2779 9.84254 0.599999
      vertex 92.8353 9.65333 0
      vertex 92.2779 9.84254 0
    endloop
  endfacet
  facet normal 0.980796 -0.195038 0
    outer loop
      vertex 89.5385 14.5874 0.599999
      vertex 89.6533 15.1647 0
      vertex 89.6533 15.1647 0.599999
    endloop
  endfacet
  facet normal 0.980796 -0.195038 0
    outer loop
      vertex 89.6533 15.1647 0
      vertex 89.5385 14.5874 0.599999
      vertex 89.5385 14.5874 0
    endloop
  endfacet
  facet normal -0.751882 0.659298 0
    outer loop
      vertex 97.182 10.818 0
      vertex 97.5701 11.2606 0.599999
      vertex 97.5701 11.2606 0
    endloop
  endfacet
  facet normal -0.751882 0.659298 0
    outer loop
      vertex 97.5701 11.2606 0.599999
      vertex 97.182 10.818 0
      vertex 97.182 10.818 0.599999
    endloop
  endfacet
  facet normal 0.946936 0.321421 0
    outer loop
      vertex 89.8425 12.2779 0.599999
      vertex 89.6533 12.8353 0
      vertex 89.6533 12.8353 0.599999
    endloop
  endfacet
  facet normal 0.946936 0.321421 0
    outer loop
      vertex 89.6533 12.8353 0
      vertex 89.8425 12.2779 0.599999
      vertex 89.8425 12.2779 0
    endloop
  endfacet
  facet normal 0.0654027 0.997859 -0
    outer loop
      vertex 94 9.5 0
      vertex 93.4126 9.5385 0.599999
      vertex 94 9.5 0.599999
    endloop
  endfacet
  facet normal 0.0654027 0.997859 0
    outer loop
      vertex 93.4126 9.5385 0.599999
      vertex 94 9.5 0
      vertex 93.4126 9.5385 0
    endloop
  endfacet
  facet normal -0.751882 -0.659298 0
    outer loop
      vertex 97.5701 16.7394 0
      vertex 97.182 17.182 0.599999
      vertex 97.182 17.182 0
    endloop
  endfacet
  facet normal -0.751882 -0.659298 0
    outer loop
      vertex 97.182 17.182 0.599999
      vertex 97.5701 16.7394 0
      vertex 97.5701 16.7394 0.599999
    endloop
  endfacet
  facet normal -0.442328 0.896854 0
    outer loop
      vertex 96.25 10.1029 0
      vertex 95.7221 9.84254 0.599999
      vertex 96.25 10.1029 0.599999
    endloop
  endfacet
  facet normal -0.442328 0.896854 0
    outer loop
      vertex 95.7221 9.84254 0.599999
      vertex 96.25 10.1029 0
      vertex 95.7221 9.84254 0
    endloop
  endfacet
  facet normal 0.555562 -0.831475 0
    outer loop
      vertex 91.2606 17.5701 0
      vertex 91.75 17.8971 0.599999
      vertex 91.2606 17.5701 0.599999
    endloop
  endfacet
  facet normal 0.555562 -0.831475 0
    outer loop
      vertex 91.75 17.8971 0.599999
      vertex 91.2606 17.5701 0
      vertex 91.75 17.8971 0
    endloop
  endfacet
  facet normal -0.321437 0.946931 0
    outer loop
      vertex 95.7221 9.84254 0
      vertex 95.1647 9.65333 0.599999
      vertex 95.7221 9.84254 0.599999
    endloop
  endfacet
  facet normal -0.321437 0.946931 0
    outer loop
      vertex 95.1647 9.65333 0.599999
      vertex 95.7221 9.84254 0
      vertex 95.1647 9.65333 0
    endloop
  endfacet
  facet normal 0.195038 -0.980796 0
    outer loop
      vertex 92.8353 18.3467 0
      vertex 93.4126 18.4615 0.599999
      vertex 92.8353 18.3467 0.599999
    endloop
  endfacet
  facet normal 0.195038 -0.980796 0
    outer loop
      vertex 93.4126 18.4615 0.599999
      vertex 92.8353 18.3467 0
      vertex 93.4126 18.4615 0
    endloop
  endfacet
  facet normal 0 0 -1
    outer loop
      vertex 98.4615 13.4126 0.599999
      vertex 98.4615 14.5874 0.599999
      vertex 98.5 14 0.599999
    endloop
  endfacet
  facet normal 0 0 -1
    outer loop
      vertex 98.3467 12.8353 0.599999
      vertex 98.4615 14.5874 0.599999
      vertex 98.4615 13.4126 0.599999
    endloop
  endfacet
  facet normal 0 0 -1
    outer loop
      vertex 98.3467 12.8353 0.599999
      vertex 98.3467 15.1647 0.599999
      vertex 98.4615 14.5874 0.599999
    endloop
  endfacet
  facet normal 0 0 -1
    outer loop
      vertex 98.1575 12.2779 0.599999
      vertex 98.3467 15.1647 0.599999
      vertex 98.3467 12.8353 0.599999
    endloop
  endfacet
  facet normal 0 0 -1
    outer loop
      vertex 98.1575 12.2779 0.599999
      vertex 98.1575 15.7221 0.599999
      vertex 98.3467 15.1647 0.599999
    endloop
  endfacet
  facet normal 0 0 -1
    outer loop
      vertex 97.8971 11.75 0.599999
      vertex 98.1575 15.7221 0.599999
      vertex 98.1575 12.2779 0.599999
    endloop
  endfacet
  facet normal 0 0 -1
    outer loop
      vertex 97.8971 11.75 0.599999
      vertex 97.8971 16.25 0.599999
      vertex 98.1575 15.7221 0.599999
    endloop
  endfacet
  facet normal 0 0 -1
    outer loop
      vertex 97.5701 11.2606 0.599999
      vertex 97.8971 16.25 0.599999
      vertex 97.8971 11.75 0.599999
    endloop
  endfacet
  facet normal 0 0 -1
    outer loop
      vertex 97.5701 11.2606 0.599999
      vertex 97.5701 16.7394 0.599999
      vertex 97.8971 16.25 0.599999
    endloop
  endfacet
  facet normal 0 0 -1
    outer loop
      vertex 97.182 10.818 0.599999
      vertex 97.5701 16.7394 0.599999
      vertex 97.5701 11.2606 0.599999
    endloop
  endfacet
  facet normal 0 0 -1
    outer loop
      vertex 97.182 10.818 0.599999
      vertex 97.182 17.182 0.599999
      vertex 97.5701 16.7394 0.599999
    endloop
  endfacet
  facet normal 0 0 -1
    outer loop
      vertex 96.7394 10.4299 0.599999
      vertex 97.182 17.182 0.599999
      vertex 97.182 10.818 0.599999
    endloop
  endfacet
  facet normal 0 0 -1
    outer loop
      vertex 96.7394 10.4299 0.599999
      vertex 96.7394 17.5701 0.599999
      vertex 97.182 17.182 0.599999
    endloop
  endfacet
  facet normal 0 0 -1
    outer loop
      vertex 96.25 10.1029 0.599999
      vertex 96.7394 17.5701 0.599999
      vertex 96.7394 10.4299 0.599999
    endloop
  endfacet
  facet normal 0 0 -1
    outer loop
      vertex 96.25 10.1029 0.599999
      vertex 96.25 17.8971 0.599999
      vertex 96.7394 17.5701 0.599999
    endloop
  endfacet
  facet normal 0 0 -1
    outer loop
      vertex 95.7221 9.84254 0.599999
      vertex 96.25 17.8971 0.599999
      vertex 96.25 10.1029 0.599999
    endloop
  endfacet
  facet normal 0 0 -1
    outer loop
      vertex 95.7221 9.84254 0.599999
      vertex 95.7221 18.1575 0.599999
      vertex 96.25 17.8971 0.599999
    endloop
  endfacet
  facet normal 0 0 -1
    outer loop
      vertex 95.1647 9.65333 0.599999
      vertex 95.7221 18.1575 0.599999
      vertex 95.7221 9.84254 0.599999
    endloop
  endfacet
  facet normal 0 0 -1
    outer loop
      vertex 95.1647 9.65333 0.599999
      vertex 95.1647 18.3467 0.599999
      vertex 95.7221 18.1575 0.599999
    endloop
  endfacet
  facet normal 0 0 -1
    outer loop
      vertex 94.5874 9.5385 0.599999
      vertex 95.1647 18.3467 0.599999
      vertex 95.1647 9.65333 0.599999
    endloop
  endfacet
  facet normal 0 0 -1
    outer loop
      vertex 94.5874 9.5385 0.599999
      vertex 94.5874 18.4615 0.599999
      vertex 95.1647 18.3467 0.599999
    endloop
  endfacet
  facet normal 0 0 -1
    outer loop
      vertex 94 9.5 0.599999
      vertex 94.5874 18.4615 0.599999
      vertex 94.5874 9.5385 0.599999
    endloop
  endfacet
  facet normal 0 0 -1
    outer loop
      vertex 94 9.5 0.599999
      vertex 94 18.5 0.599999
      vertex 94.5874 18.4615 0.599999
    endloop
  endfacet
  facet normal 0 0 -1
    outer loop
      vertex 93.4126 9.5385 0.599999
      vertex 94 18.5 0.599999
      vertex 94 9.5 0.599999
    endloop
  endfacet
  facet normal 0 0 -1
    outer loop
      vertex 93.4126 9.5385 0.599999
      vertex 93.4126 18.4615 0.599999
      vertex 94 18.5 0.599999
    endloop
  endfacet
  facet normal 0 0 -1
    outer loop
      vertex 92.8353 9.65333 0.599999
      vertex 93.4126 18.4615 0.599999
      vertex 93.4126 9.5385 0.599999
    endloop
  endfacet
  facet normal 0 0 -1
    outer loop
      vertex 92.8353 9.65333 0.599999
      vertex 92.8353 18.3467 0.599999
      vertex 93.4126 18.4615 0.599999
    endloop
  endfacet
  facet normal 0 0 -1
    outer loop
      vertex 92.2779 9.84254 0.599999
      vertex 92.8353 18.3467 0.599999
      vertex 92.8353 9.65333 0.599999
    endloop
  endfacet
  facet normal 0 0 -1
    outer loop
      vertex 92.2779 9.84254 0.599999
      vertex 92.2779 18.1575 0.599999
      vertex 92.8353 18.3467 0.599999
    endloop
  endfacet
  facet normal 0 0 -1
    outer loop
      vertex 91.75 10.1029 0.599999
      vertex 92.2779 18.1575 0.599999
      vertex 92.2779 9.84254 0.599999
    endloop
  endfacet
  facet normal 0 0 -1
    outer loop
      vertex 91.75 10.1029 0.599999
      vertex 91.75 17.8971 0.599999
      vertex 92.2779 18.1575 0.599999
    endloop
  endfacet
  facet normal 0 0 -1
    outer loop
      vertex 91.2606 10.4299 0.599999
      vertex 91.75 17.8971 0.599999
      vertex 91.75 10.1029 0.599999
    endloop
  endfacet
  facet normal 0 0 -1
    outer loop
      vertex 91.2606 10.4299 0.599999
      vertex 91.2606 17.5701 0.599999
      vertex 91.75 17.8971 0.599999
    endloop
  endfacet
  facet normal 0 0 -1
    outer loop
      vertex 90.818 10.818 0.599999
      vertex 91.2606 17.5701 0.599999
      vertex 91.2606 10.4299 0.599999
    endloop
  endfacet
  facet normal 0 0 -1
    outer loop
      vertex 90.818 10.818 0.599999
      vertex 90.818 17.182 0.599999
      vertex 91.2606 17.5701 0.599999
    endloop
  endfacet
  facet normal 0 0 -1
    outer loop
      vertex 90.4299 11.2606 0.599999
      vertex 90.818 17.182 0.599999
      vertex 90.818 10.818 0.599999
    endloop
  endfacet
  facet normal 0 0 -1
    outer loop
      vertex 90.4299 11.2606 0.599999
      vertex 90.4299 16.7394 0.599999
      vertex 90.818 17.182 0.599999
    endloop
  endfacet
  facet normal 0 0 -1
    outer loop
      vertex 90.1029 11.75 0.599999
      vertex 90.4299 16.7394 0.599999
      vertex 90.4299 11.2606 0.599999
    endloop
  endfacet
  facet normal 0 0 -1
    outer loop
      vertex 90.1029 11.75 0.599999
      vertex 90.1029 16.25 0.599999
      vertex 90.4299 16.7394 0.599999
    endloop
  endfacet
  facet normal 0 0 -1
    outer loop
      vertex 89.8425 12.2779 0.599999
      vertex 90.1029 16.25 0.599999
      vertex 90.1029 11.75 0.599999
    endloop
  endfacet
  facet normal 0 0 -1
    outer loop
      vertex 89.8425 12.2779 0.599999
      vertex 89.8425 15.7221 0.599999
      vertex 90.1029 16.25 0.599999
    endloop
  endfacet
  facet normal 0 0 -1
    outer loop
      vertex 89.6533 12.8353 0.599999
      vertex 89.8425 15.7221 0.599999
      vertex 89.8425 12.2779 0.599999
    endloop
  endfacet
  facet normal 0 0 -1
    outer loop
      vertex 89.6533 12.8353 0.599999
      vertex 89.6533 15.1647 0.599999
      vertex 89.8425 15.7221 0.599999
    endloop
  endfacet
  facet normal 0 0 -1
    outer loop
      vertex 89.5385 13.4126 0.599999
      vertex 89.6533 15.1647 0.599999
      vertex 89.6533 12.8353 0.599999
    endloop
  endfacet
  facet normal 0 0 -1
    outer loop
      vertex 89.5385 13.4126 0.599999
      vertex 89.5385 14.5874 0.599999
      vertex 89.6533 15.1647 0.599999
    endloop
  endfacet
  facet normal 0 -0 -1
    outer loop
      vertex 89.5385 14.5874 0.599999
      vertex 89.5385 13.4126 0.599999
      vertex 89.5 14 0.599999
    endloop
  endfacet
  facet normal -0.0654027 -0.997859 0
    outer loop
      vertex 94 18.5 0
      vertex 94.5874 18.4615 0.599999
      vertex 94 18.5 0.599999
    endloop
  endfacet
  facet normal -0.0654027 -0.997859 -0
    outer loop
      vertex 94.5874 18.4615 0.599999
      vertex 94 18.5 0
      vertex 94.5874 18.4615 0
    endloop
  endfacet
  facet normal 0.442328 0.896854 -0
    outer loop
      vertex 92.2779 9.84254 0
      vertex 91.75 10.1029 0.599999
      vertex 92.2779 9.84254 0.599999
    endloop
  endfacet
  facet normal 0.442328 0.896854 0
    outer loop
      vertex 91.75 10.1029 0.599999
      vertex 92.2779 9.84254 0
      vertex 91.75 10.1029 0
    endloop
  endfacet
  facet normal 0.946936 -0.321421 0
    outer loop
      vertex 89.6533 15.1647 0.599999
      vertex 89.8425 15.7221 0
      vertex 89.8425 15.7221 0.599999
    endloop
  endfacet
  facet normal 0.946936 -0.321421 0
    outer loop
      vertex 89.8425 15.7221 0
      vertex 89.6533 15.1647 0.599999
      vertex 89.6533 15.1647 0
    endloop
  endfacet
  facet normal 0.0654027 -0.997859 0
    outer loop
      vertex 93.4126 70.4615 0
      vertex 94 70.5 0.599999
      vertex 93.4126 70.4615 0.599999
    endloop
  endfacet
  facet normal 0.0654027 -0.997859 0
    outer loop
      vertex 94 70.5 0.599999
      vertex 93.4126 70.4615 0
      vertex 94 70.5 0
    endloop
  endfacet
  facet normal -0.831475 -0.555562 0
    outer loop
      vertex 97.8971 68.25 0
      vertex 97.5701 68.7394 0.599999
      vertex 97.5701 68.7394 0
    endloop
  endfacet
  facet normal -0.831475 -0.555562 0
    outer loop
      vertex 97.5701 68.7394 0.599999
      vertex 97.8971 68.25 0
      vertex 97.8971 68.25 0.599999
    endloop
  endfacet
  facet normal -0.980796 -0.195038 0
    outer loop
      vertex 98.4615 66.5874 0
      vertex 98.3467 67.1647 0.599999
      vertex 98.3467 67.1647 0
    endloop
  endfacet
  facet normal -0.980796 -0.195038 0
    outer loop
      vertex 98.3467 67.1647 0.599999
      vertex 98.4615 66.5874 0
      vertex 98.4615 66.5874 0.599999
    endloop
  endfacet
  facet normal -0.555562 0.831475 0
    outer loop
      vertex 96.7394 62.4299 0
      vertex 96.25 62.1029 0.599999
      vertex 96.7394 62.4299 0.599999
    endloop
  endfacet
  facet normal -0.555562 0.831475 0
    outer loop
      vertex 96.25 62.1029 0.599999
      vertex 96.7394 62.4299 0
      vertex 96.25 62.1029 0
    endloop
  endfacet
  facet normal -0.442382 0.896827 0
    outer loop
      vertex 96.25 62.1029 0
      vertex 95.7221 61.8425 0.599999
      vertex 96.25 62.1029 0.599999
    endloop
  endfacet
  facet normal -0.442382 0.896827 0
    outer loop
      vertex 95.7221 61.8425 0.599999
      vertex 96.25 62.1029 0
      vertex 95.7221 61.8425 0
    endloop
  endfacet
  facet normal -0.555562 -0.831475 0
    outer loop
      vertex 96.25 69.8971 0
      vertex 96.7394 69.5701 0.599999
      vertex 96.25 69.8971 0.599999
    endloop
  endfacet
  facet normal -0.555562 -0.831475 -0
    outer loop
      vertex 96.7394 69.5701 0.599999
      vertex 96.25 69.8971 0
      vertex 96.7394 69.5701 0
    endloop
  endfacet
  facet normal 0.980796 -0.195038 0
    outer loop
      vertex 89.5385 66.5874 0.599999
      vertex 89.6533 67.1647 0
      vertex 89.6533 67.1647 0.599999
    endloop
  endfacet
  facet normal 0.980796 -0.195038 0
    outer loop
      vertex 89.6533 67.1647 0
      vertex 89.5385 66.5874 0.599999
      vertex 89.5385 66.5874 0
    endloop
  endfacet
  facet normal -0.442382 -0.896827 0
    outer loop
      vertex 95.7221 70.1575 0
      vertex 96.25 69.8971 0.599999
      vertex 95.7221 70.1575 0.599999
    endloop
  endfacet
  facet normal -0.442382 -0.896827 -0
    outer loop
      vertex 96.25 69.8971 0.599999
      vertex 95.7221 70.1575 0
      vertex 96.25 69.8971 0
    endloop
  endfacet
  facet normal -0.659298 -0.751882 0
    outer loop
      vertex 96.7394 69.5701 0
      vertex 97.182 69.182 0.599999
      vertex 96.7394 69.5701 0.599999
    endloop
  endfacet
  facet normal -0.659298 -0.751882 -0
    outer loop
      vertex 97.182 69.182 0.599999
      vertex 96.7394 69.5701 0
      vertex 97.182 69.182 0
    endloop
  endfacet
  facet normal -0.195038 0.980796 0
    outer loop
      vertex 95.1647 61.6533 0
      vertex 94.5874 61.5385 0.599999
      vertex 95.1647 61.6533 0.599999
    endloop
  endfacet
  facet normal -0.195038 0.980796 0
    outer loop
      vertex 94.5874 61.5385 0.599999
      vertex 95.1647 61.6533 0
      vertex 94.5874 61.5385 0
    endloop
  endfacet
  facet normal -0.946936 -0.321421 0
    outer loop
      vertex 98.3467 67.1647 0
      vertex 98.1575 67.7221 0.599999
      vertex 98.1575 67.7221 0
    endloop
  endfacet
  facet normal -0.946936 -0.321421 0
    outer loop
      vertex 98.1575 67.7221 0.599999
      vertex 98.3467 67.1647 0
      vertex 98.3467 67.1647 0.599999
    endloop
  endfacet
  facet normal 0.946936 0.321421 0
    outer loop
      vertex 89.8425 64.2779 0.599999
      vertex 89.6533 64.8353 0
      vertex 89.6533 64.8353 0.599999
    endloop
  endfacet
  facet normal 0.946936 0.321421 0
    outer loop
      vertex 89.6533 64.8353 0
      vertex 89.8425 64.2779 0.599999
      vertex 89.8425 64.2779 0
    endloop
  endfacet
  facet normal -0.997859 -0.0654027 0
    outer loop
      vertex 98.5 66 0
      vertex 98.4615 66.5874 0.599999
      vertex 98.4615 66.5874 0
    endloop
  endfacet
  facet normal -0.997859 -0.0654027 0
    outer loop
      vertex 98.4615 66.5874 0.599999
      vertex 98.5 66 0
      vertex 98.5 66 0.599999
    endloop
  endfacet
  facet normal -0.997859 0.0654027 0
    outer loop
      vertex 98.4615 65.4126 0
      vertex 98.5 66 0.599999
      vertex 98.5 66 0
    endloop
  endfacet
  facet normal -0.997859 0.0654027 0
    outer loop
      vertex 98.5 66 0.599999
      vertex 98.4615 65.4126 0
      vertex 98.4615 65.4126 0.599999
    endloop
  endfacet
  facet normal -0.0654027 -0.997859 0
    outer loop
      vertex 94 70.5 0
      vertex 94.5874 70.4615 0.599999
      vertex 94 70.5 0.599999
    endloop
  endfacet
  facet normal -0.0654027 -0.997859 -0
    outer loop
      vertex 94.5874 70.4615 0.599999
      vertex 94 70.5 0
      vertex 94.5874 70.4615 0
    endloop
  endfacet
  facet normal -0.831475 0.555562 0
    outer loop
      vertex 97.5701 63.2606 0
      vertex 97.8971 63.75 0.599999
      vertex 97.8971 63.75 0
    endloop
  endfacet
  facet normal -0.831475 0.555562 0
    outer loop
      vertex 97.8971 63.75 0.599999
      vertex 97.5701 63.2606 0
      vertex 97.5701 63.2606 0.599999
    endloop
  endfacet
  facet normal -0.751882 -0.659298 0
    outer loop
      vertex 97.5701 68.7394 0
      vertex 97.182 69.182 0.599999
      vertex 97.182 69.182 0
    endloop
  endfacet
  facet normal -0.751882 -0.659298 0
    outer loop
      vertex 97.182 69.182 0.599999
      vertex 97.5701 68.7394 0
      vertex 97.5701 68.7394 0.599999
    endloop
  endfacet
  facet normal 0.896827 -0.442382 0
    outer loop
      vertex 89.8425 67.7221 0.599999
      vertex 90.1029 68.25 0
      vertex 90.1029 68.25 0.599999
    endloop
  endfacet
  facet normal 0.896827 -0.442382 0
    outer loop
      vertex 90.1029 68.25 0
      vertex 89.8425 67.7221 0.599999
      vertex 89.8425 67.7221 0
    endloop
  endfacet
  facet normal -0.751882 0.659298 0
    outer loop
      vertex 97.182 62.818 0
      vertex 97.5701 63.2606 0.599999
      vertex 97.5701 63.2606 0
    endloop
  endfacet
  facet normal -0.751882 0.659298 0
    outer loop
      vertex 97.5701 63.2606 0.599999
      vertex 97.182 62.818 0
      vertex 97.182 62.818 0.599999
    endloop
  endfacet
  facet normal 0.0654027 0.997859 -0
    outer loop
      vertex 94 61.5 0
      vertex 93.4126 61.5385 0.599999
      vertex 94 61.5 0.599999
    endloop
  endfacet
  facet normal 0.0654027 0.997859 0
    outer loop
      vertex 93.4126 61.5385 0.599999
      vertex 94 61.5 0
      vertex 93.4126 61.5385 0
    endloop
  endfacet
  facet normal 0.980796 0.195038 0
    outer loop
      vertex 89.6533 64.8353 0.599999
      vertex 89.5385 65.4126 0
      vertex 89.5385 65.4126 0.599999
    endloop
  endfacet
  facet normal 0.980796 0.195038 0
    outer loop
      vertex 89.5385 65.4126 0
      vertex 89.6533 64.8353 0.599999
      vertex 89.6533 64.8353 0
    endloop
  endfacet
  facet normal 0.321421 0.946936 -0
    outer loop
      vertex 92.8353 61.6533 0
      vertex 92.2779 61.8425 0.599999
      vertex 92.8353 61.6533 0.599999
    endloop
  endfacet
  facet normal 0.321421 0.946936 0
    outer loop
      vertex 92.2779 61.8425 0.599999
      vertex 92.8353 61.6533 0
      vertex 92.2779 61.8425 0
    endloop
  endfacet
  facet normal -0.195038 -0.980796 0
    outer loop
      vertex 94.5874 70.4615 0
      vertex 95.1647 70.3467 0.599999
      vertex 94.5874 70.4615 0.599999
    endloop
  endfacet
  facet normal -0.195038 -0.980796 -0
    outer loop
      vertex 95.1647 70.3467 0.599999
      vertex 94.5874 70.4615 0
      vertex 95.1647 70.3467 0
    endloop
  endfacet
  facet normal 0.195038 0.980796 -0
    outer loop
      vertex 93.4126 61.5385 0
      vertex 92.8353 61.6533 0.599999
      vertex 93.4126 61.5385 0.599999
    endloop
  endfacet
  facet normal 0.195038 0.980796 0
    outer loop
      vertex 92.8353 61.6533 0.599999
      vertex 93.4126 61.5385 0
      vertex 92.8353 61.6533 0
    endloop
  endfacet
  facet normal 0.831475 0.555562 0
    outer loop
      vertex 90.4299 63.2606 0.599999
      vertex 90.1029 63.75 0
      vertex 90.1029 63.75 0.599999
    endloop
  endfacet
  facet normal 0.831475 0.555562 0
    outer loop
      vertex 90.1029 63.75 0
      vertex 90.4299 63.2606 0.599999
      vertex 90.4299 63.2606 0
    endloop
  endfacet
  facet normal 0.751882 -0.659298 0
    outer loop
      vertex 90.4299 68.7394 0.599999
      vertex 90.818 69.182 0
      vertex 90.818 69.182 0.599999
    endloop
  endfacet
  facet normal 0.751882 -0.659298 0
    outer loop
      vertex 90.818 69.182 0
      vertex 90.4299 68.7394 0.599999
      vertex 90.4299 68.7394 0
    endloop
  endfacet
  facet normal -0.0654027 0.997859 0
    outer loop
      vertex 94.5874 61.5385 0
      vertex 94 61.5 0.599999
      vertex 94.5874 61.5385 0.599999
    endloop
  endfacet
  facet normal -0.0654027 0.997859 0
    outer loop
      vertex 94 61.5 0.599999
      vertex 94.5874 61.5385 0
      vertex 94 61.5 0
    endloop
  endfacet
  facet normal -0.321421 -0.946936 0
    outer loop
      vertex 95.1647 70.3467 0
      vertex 95.7221 70.1575 0.599999
      vertex 95.1647 70.3467 0.599999
    endloop
  endfacet
  facet normal -0.321421 -0.946936 -0
    outer loop
      vertex 95.7221 70.1575 0.599999
      vertex 95.1647 70.3467 0
      vertex 95.7221 70.1575 0
    endloop
  endfacet
  facet normal 0.896827 0.442382 0
    outer loop
      vertex 90.1029 63.75 0.599999
      vertex 89.8425 64.2779 0
      vertex 89.8425 64.2779 0.599999
    endloop
  endfacet
  facet normal 0.896827 0.442382 0
    outer loop
      vertex 89.8425 64.2779 0
      vertex 90.1029 63.75 0.599999
      vertex 90.1029 63.75 0
    endloop
  endfacet
  facet normal -0.896827 0.442382 0
    outer loop
      vertex 97.8971 63.75 0
      vertex 98.1575 64.2779 0.599999
      vertex 98.1575 64.2779 0
    endloop
  endfacet
  facet normal -0.896827 0.442382 0
    outer loop
      vertex 98.1575 64.2779 0.599999
      vertex 97.8971 63.75 0
      vertex 97.8971 63.75 0.599999
    endloop
  endfacet
  facet normal -0.946936 0.321421 0
    outer loop
      vertex 98.1575 64.2779 0
      vertex 98.3467 64.8353 0.599999
      vertex 98.3467 64.8353 0
    endloop
  endfacet
  facet normal -0.946936 0.321421 0
    outer loop
      vertex 98.3467 64.8353 0.599999
      vertex 98.1575 64.2779 0
      vertex 98.1575 64.2779 0.599999
    endloop
  endfacet
  facet normal -0.896827 -0.442382 0
    outer loop
      vertex 98.1575 67.7221 0
      vertex 97.8971 68.25 0.599999
      vertex 97.8971 68.25 0
    endloop
  endfacet
  facet normal -0.896827 -0.442382 0
    outer loop
      vertex 97.8971 68.25 0.599999
      vertex 98.1575 67.7221 0
      vertex 98.1575 67.7221 0.599999
    endloop
  endfacet
  facet normal 0.997859 -0.0654027 0
    outer loop
      vertex 89.5 66 0.599999
      vertex 89.5385 66.5874 0
      vertex 89.5385 66.5874 0.599999
    endloop
  endfacet
  facet normal 0.997859 -0.0654027 0
    outer loop
      vertex 89.5385 66.5874 0
      vertex 89.5 66 0.599999
      vertex 89.5 66 0
    endloop
  endfacet
  facet normal 0.555562 -0.831475 0
    outer loop
      vertex 91.2606 69.5701 0
      vertex 91.75 69.8971 0.599999
      vertex 91.2606 69.5701 0.599999
    endloop
  endfacet
  facet normal 0.555562 -0.831475 0
    outer loop
      vertex 91.75 69.8971 0.599999
      vertex 91.2606 69.5701 0
      vertex 91.75 69.8971 0
    endloop
  endfacet
  facet normal 0.442382 0.896827 -0
    outer loop
      vertex 92.2779 61.8425 0
      vertex 91.75 62.1029 0.599999
      vertex 92.2779 61.8425 0.599999
    endloop
  endfacet
  facet normal 0.442382 0.896827 0
    outer loop
      vertex 91.75 62.1029 0.599999
      vertex 92.2779 61.8425 0
      vertex 91.75 62.1029 0
    endloop
  endfacet
  facet normal 0.442382 -0.896827 0
    outer loop
      vertex 91.75 69.8971 0
      vertex 92.2779 70.1575 0.599999
      vertex 91.75 69.8971 0.599999
    endloop
  endfacet
  facet normal 0.442382 -0.896827 0
    outer loop
      vertex 92.2779 70.1575 0.599999
      vertex 91.75 69.8971 0
      vertex 92.2779 70.1575 0
    endloop
  endfacet
  facet normal 0.659298 0.751882 -0
    outer loop
      vertex 91.2606 62.4299 0
      vertex 90.818 62.818 0.599999
      vertex 91.2606 62.4299 0.599999
    endloop
  endfacet
  facet normal 0.659298 0.751882 0
    outer loop
      vertex 90.818 62.818 0.599999
      vertex 91.2606 62.4299 0
      vertex 90.818 62.818 0
    endloop
  endfacet
  facet normal 0.321421 -0.946936 0
    outer loop
      vertex 92.2779 70.1575 0
      vertex 92.8353 70.3467 0.599999
      vertex 92.2779 70.1575 0.599999
    endloop
  endfacet
  facet normal 0.321421 -0.946936 0
    outer loop
      vertex 92.8353 70.3467 0.599999
      vertex 92.2779 70.1575 0
      vertex 92.8353 70.3467 0
    endloop
  endfacet
  facet normal 0.997859 0.0654027 0
    outer loop
      vertex 89.5385 65.4126 0.599999
      vertex 89.5 66 0
      vertex 89.5 66 0.599999
    endloop
  endfacet
  facet normal 0.997859 0.0654027 0
    outer loop
      vertex 89.5 66 0
      vertex 89.5385 65.4126 0.599999
      vertex 89.5385 65.4126 0
    endloop
  endfacet
  facet normal -0.980796 0.195038 0
    outer loop
      vertex 98.3467 64.8353 0
      vertex 98.4615 65.4126 0.599999
      vertex 98.4615 65.4126 0
    endloop
  endfacet
  facet normal -0.980796 0.195038 0
    outer loop
      vertex 98.4615 65.4126 0.599999
      vertex 98.3467 64.8353 0
      vertex 98.3467 64.8353 0.599999
    endloop
  endfacet
  facet normal 0.195038 -0.980796 0
    outer loop
      vertex 92.8353 70.3467 0
      vertex 93.4126 70.4615 0.599999
      vertex 92.8353 70.3467 0.599999
    endloop
  endfacet
  facet normal 0.195038 -0.980796 0
    outer loop
      vertex 93.4126 70.4615 0.599999
      vertex 92.8353 70.3467 0
      vertex 93.4126 70.4615 0
    endloop
  endfacet
  facet normal 0.659298 -0.751882 0
    outer loop
      vertex 90.818 69.182 0
      vertex 91.2606 69.5701 0.599999
      vertex 90.818 69.182 0.599999
    endloop
  endfacet
  facet normal 0.659298 -0.751882 0
    outer loop
      vertex 91.2606 69.5701 0.599999
      vertex 90.818 69.182 0
      vertex 91.2606 69.5701 0
    endloop
  endfacet
  facet normal 0.555562 0.831475 -0
    outer loop
      vertex 91.75 62.1029 0
      vertex 91.2606 62.4299 0.599999
      vertex 91.75 62.1029 0.599999
    endloop
  endfacet
  facet normal 0.555562 0.831475 0
    outer loop
      vertex 91.2606 62.4299 0.599999
      vertex 91.75 62.1029 0
      vertex 91.2606 62.4299 0
    endloop
  endfacet
  facet normal 0.751882 0.659298 0
    outer loop
      vertex 90.818 62.818 0.599999
      vertex 90.4299 63.2606 0
      vertex 90.4299 63.2606 0.599999
    endloop
  endfacet
  facet normal 0.751882 0.659298 0
    outer loop
      vertex 90.4299 63.2606 0
      vertex 90.818 62.818 0.599999
      vertex 90.818 62.818 0
    endloop
  endfacet
  facet normal 0.946936 -0.321421 0
    outer loop
      vertex 89.6533 67.1647 0.599999
      vertex 89.8425 67.7221 0
      vertex 89.8425 67.7221 0.599999
    endloop
  endfacet
  facet normal 0.946936 -0.321421 0
    outer loop
      vertex 89.8425 67.7221 0
      vertex 89.6533 67.1647 0.599999
      vertex 89.6533 67.1647 0
    endloop
  endfacet
  facet normal 0 0 -1
    outer loop
      vertex 98.4615 65.4126 0.599999
      vertex 98.4615 66.5874 0.599999
      vertex 98.5 66 0.599999
    endloop
  endfacet
  facet normal 0 0 -1
    outer loop
      vertex 98.3467 64.8353 0.599999
      vertex 98.4615 66.5874 0.599999
      vertex 98.4615 65.4126 0.599999
    endloop
  endfacet
  facet normal 0 0 -1
    outer loop
      vertex 98.3467 64.8353 0.599999
      vertex 98.3467 67.1647 0.599999
      vertex 98.4615 66.5874 0.599999
    endloop
  endfacet
  facet normal 0 0 -1
    outer loop
      vertex 98.1575 64.2779 0.599999
      vertex 98.3467 67.1647 0.599999
      vertex 98.3467 64.8353 0.599999
    endloop
  endfacet
  facet normal 0 0 -1
    outer loop
      vertex 98.1575 64.2779 0.599999
      vertex 98.1575 67.7221 0.599999
      vertex 98.3467 67.1647 0.599999
    endloop
  endfacet
  facet normal 0 0 -1
    outer loop
      vertex 97.8971 63.75 0.599999
      vertex 98.1575 67.7221 0.599999
      vertex 98.1575 64.2779 0.599999
    endloop
  endfacet
  facet normal 0 0 -1
    outer loop
      vertex 97.8971 63.75 0.599999
      vertex 97.8971 68.25 0.599999
      vertex 98.1575 67.7221 0.599999
    endloop
  endfacet
  facet normal 0 0 -1
    outer loop
      vertex 97.5701 63.2606 0.599999
      vertex 97.8971 68.25 0.599999
      vertex 97.8971 63.75 0.599999
    endloop
  endfacet
  facet normal 0 0 -1
    outer loop
      vertex 97.5701 63.2606 0.599999
      vertex 97.5701 68.7394 0.599999
      vertex 97.8971 68.25 0.599999
    endloop
  endfacet
  facet normal 0 0 -1
    outer loop
      vertex 97.182 62.818 0.599999
      vertex 97.5701 68.7394 0.599999
      vertex 97.5701 63.2606 0.599999
    endloop
  endfacet
  facet normal 0 0 -1
    outer loop
      vertex 97.182 62.818 0.599999
      vertex 97.182 69.182 0.599999
      vertex 97.5701 68.7394 0.599999
    endloop
  endfacet
  facet normal 0 0 -1
    outer loop
      vertex 96.7394 62.4299 0.599999
      vertex 97.182 69.182 0.599999
      vertex 97.182 62.818 0.599999
    endloop
  endfacet
  facet normal 0 0 -1
    outer loop
      vertex 96.7394 62.4299 0.599999
      vertex 96.7394 69.5701 0.599999
      vertex 97.182 69.182 0.599999
    endloop
  endfacet
  facet normal 0 0 -1
    outer loop
      vertex 96.25 62.1029 0.599999
      vertex 96.7394 69.5701 0.599999
      vertex 96.7394 62.4299 0.599999
    endloop
  endfacet
  facet normal 0 0 -1
    outer loop
      vertex 96.25 62.1029 0.599999
      vertex 96.25 69.8971 0.599999
      vertex 96.7394 69.5701 0.599999
    endloop
  endfacet
  facet normal 0 0 -1
    outer loop
      vertex 95.7221 61.8425 0.599999
      vertex 96.25 69.8971 0.599999
      vertex 96.25 62.1029 0.599999
    endloop
  endfacet
  facet normal 0 0 -1
    outer loop
      vertex 95.7221 61.8425 0.599999
      vertex 95.7221 70.1575 0.599999
      vertex 96.25 69.8971 0.599999
    endloop
  endfacet
  facet normal 0 0 -1
    outer loop
      vertex 95.1647 61.6533 0.599999
      vertex 95.7221 70.1575 0.599999
      vertex 95.7221 61.8425 0.599999
    endloop
  endfacet
  facet normal 0 0 -1
    outer loop
      vertex 95.1647 61.6533 0.599999
      vertex 95.1647 70.3467 0.599999
      vertex 95.7221 70.1575 0.599999
    endloop
  endfacet
  facet normal 0 0 -1
    outer loop
      vertex 94.5874 61.5385 0.599999
      vertex 95.1647 70.3467 0.599999
      vertex 95.1647 61.6533 0.599999
    endloop
  endfacet
  facet normal 0 0 -1
    outer loop
      vertex 94.5874 61.5385 0.599999
      vertex 94.5874 70.4615 0.599999
      vertex 95.1647 70.3467 0.599999
    endloop
  endfacet
  facet normal 0 0 -1
    outer loop
      vertex 94 61.5 0.599999
      vertex 94.5874 70.4615 0.599999
      vertex 94.5874 61.5385 0.599999
    endloop
  endfacet
  facet normal 0 0 -1
    outer loop
      vertex 94 61.5 0.599999
      vertex 94 70.5 0.599999
      vertex 94.5874 70.4615 0.599999
    endloop
  endfacet
  facet normal 0 0 -1
    outer loop
      vertex 93.4126 61.5385 0.599999
      vertex 94 70.5 0.599999
      vertex 94 61.5 0.599999
    endloop
  endfacet
  facet normal 0 0 -1
    outer loop
      vertex 93.4126 61.5385 0.599999
      vertex 93.4126 70.4615 0.599999
      vertex 94 70.5 0.599999
    endloop
  endfacet
  facet normal 0 0 -1
    outer loop
      vertex 92.8353 61.6533 0.599999
      vertex 93.4126 70.4615 0.599999
      vertex 93.4126 61.5385 0.599999
    endloop
  endfacet
  facet normal 0 0 -1
    outer loop
      vertex 92.8353 61.6533 0.599999
      vertex 92.8353 70.3467 0.599999
      vertex 93.4126 70.4615 0.599999
    endloop
  endfacet
  facet normal 0 0 -1
    outer loop
      vertex 92.2779 61.8425 0.599999
      vertex 92.8353 70.3467 0.599999
      vertex 92.8353 61.6533 0.599999
    endloop
  endfacet
  facet normal 0 0 -1
    outer loop
      vertex 92.2779 61.8425 0.599999
      vertex 92.2779 70.1575 0.599999
      vertex 92.8353 70.3467 0.599999
    endloop
  endfacet
  facet normal 0 0 -1
    outer loop
      vertex 91.75 62.1029 0.599999
      vertex 92.2779 70.1575 0.599999
      vertex 92.2779 61.8425 0.599999
    endloop
  endfacet
  facet normal 0 0 -1
    outer loop
      vertex 91.75 62.1029 0.599999
      vertex 91.75 69.8971 0.599999
      vertex 92.2779 70.1575 0.599999
    endloop
  endfacet
  facet normal 0 0 -1
    outer loop
      vertex 91.2606 62.4299 0.599999
      vertex 91.75 69.8971 0.599999
      vertex 91.75 62.1029 0.599999
    endloop
  endfacet
  facet normal 0 0 -1
    outer loop
      vertex 91.2606 62.4299 0.599999
      vertex 91.2606 69.5701 0.599999
      vertex 91.75 69.8971 0.599999
    endloop
  endfacet
  facet normal 0 0 -1
    outer loop
      vertex 90.818 62.818 0.599999
      vertex 91.2606 69.5701 0.599999
      vertex 91.2606 62.4299 0.599999
    endloop
  endfacet
  facet normal 0 0 -1
    outer loop
      vertex 90.818 62.818 0.599999
      vertex 90.818 69.182 0.599999
      vertex 91.2606 69.5701 0.599999
    endloop
  endfacet
  facet normal 0 0 -1
    outer loop
      vertex 90.4299 63.2606 0.599999
      vertex 90.818 69.182 0.599999
      vertex 90.818 62.818 0.599999
    endloop
  endfacet
  facet normal 0 0 -1
    outer loop
      vertex 90.4299 63.2606 0.599999
      vertex 90.4299 68.7394 0.599999
      vertex 90.818 69.182 0.599999
    endloop
  endfacet
  facet normal 0 0 -1
    outer loop
      vertex 90.1029 63.75 0.599999
      vertex 90.4299 68.7394 0.599999
      vertex 90.4299 63.2606 0.599999
    endloop
  endfacet
  facet normal 0 0 -1
    outer loop
      vertex 90.1029 63.75 0.599999
      vertex 90.1029 68.25 0.599999
      vertex 90.4299 68.7394 0.599999
    endloop
  endfacet
  facet normal 0 0 -1
    outer loop
      vertex 89.8425 64.2779 0.599999
      vertex 90.1029 68.25 0.599999
      vertex 90.1029 63.75 0.599999
    endloop
  endfacet
  facet normal 0 0 -1
    outer loop
      vertex 89.8425 64.2779 0.599999
      vertex 89.8425 67.7221 0.599999
      vertex 90.1029 68.25 0.599999
    endloop
  endfacet
  facet normal 0 0 -1
    outer loop
      vertex 89.6533 64.8353 0.599999
      vertex 89.8425 67.7221 0.599999
      vertex 89.8425 64.2779 0.599999
    endloop
  endfacet
  facet normal 0 0 -1
    outer loop
      vertex 89.6533 64.8353 0.599999
      vertex 89.6533 67.1647 0.599999
      vertex 89.8425 67.7221 0.599999
    endloop
  endfacet
  facet normal 0 0 -1
    outer loop
      vertex 89.5385 65.4126 0.599999
      vertex 89.6533 67.1647 0.599999
      vertex 89.6533 64.8353 0.599999
    endloop
  endfacet
  facet normal 0 0 -1
    outer loop
      vertex 89.5385 65.4126 0.599999
      vertex 89.5385 66.5874 0.599999
      vertex 89.6533 67.1647 0.599999
    endloop
  endfacet
  facet normal 0 -0 -1
    outer loop
      vertex 89.5385 66.5874 0.599999
      vertex 89.5385 65.4126 0.599999
      vertex 89.5 66 0.599999
    endloop
  endfacet
  facet normal -0.321421 0.946936 0
    outer loop
      vertex 95.7221 61.8425 0
      vertex 95.1647 61.6533 0.599999
      vertex 95.7221 61.8425 0.599999
    endloop
  endfacet
  facet normal -0.321421 0.946936 0
    outer loop
      vertex 95.1647 61.6533 0.599999
      vertex 95.7221 61.8425 0
      vertex 95.1647 61.6533 0
    endloop
  endfacet
  facet normal 0.831475 -0.555562 0
    outer loop
      vertex 90.1029 68.25 0.599999
      vertex 90.4299 68.7394 0
      vertex 90.4299 68.7394 0.599999
    endloop
  endfacet
  facet normal 0.831475 -0.555562 0
    outer loop
      vertex 90.4299 68.7394 0
      vertex 90.1029 68.25 0.599999
      vertex 90.1029 68.25 0
    endloop
  endfacet
  facet normal -0.659298 0.751882 0
    outer loop
      vertex 97.182 62.818 0
      vertex 96.7394 62.4299 0.599999
      vertex 97.182 62.818 0.599999
    endloop
  endfacet
  facet normal -0.659298 0.751882 0
    outer loop
      vertex 96.7394 62.4299 0.599999
      vertex 97.182 62.818 0
      vertex 96.7394 62.4299 0
    endloop
  endfacet
  facet normal 0 -1 0
    outer loop
      vertex 39 0.599999 13.905
      vertex 39 0.599999 15.005
      vertex 38.4086 0.599999 14.9699
    endloop
  endfacet
  facet normal 0 -1 0
    outer loop
      vertex 39 0.599999 15.005
      vertex 39 0.599999 13.905
      vertex 71 0.599999 15.005
    endloop
  endfacet
  facet normal 0 -1 0
    outer loop
      vertex 38.4047 0.599999 13.8593
      vertex 38.4086 0.599999 14.9699
      vertex 37.8256 0.599999 14.8651
    endloop
  endfacet
  facet normal 0 -1 -0
    outer loop
      vertex 71 0.599999 15.005
      vertex 39 0.599999 13.905
      vertex 71 0.599999 13.905
    endloop
  endfacet
  facet normal 0 -1 0
    outer loop
      vertex 37.8233 0.599999 13.7232
      vertex 37.8256 0.599999 14.8651
      vertex 37.259 0.599999 14.6921
    endloop
  endfacet
  facet normal 0 -1 0
    outer loop
      vertex 71 0.599999 15.005
      vertex 71 0.599999 13.905
      vertex 71.7382 0.599999 14.9502
    endloop
  endfacet
  facet normal 0 -1 0
    outer loop
      vertex 37.2695 0.599999 13.5
      vertex 37.259 0.599999 14.6921
      vertex 36.7169 0.599999 14.4533
    endloop
  endfacet
  facet normal 0 -1 0
    outer loop
      vertex 71.7425 0.599999 13.8336
      vertex 71.7382 0.599999 14.9502
      vertex 71 0.599999 13.905
    endloop
  endfacet
  facet normal 0 -1 0
    outer loop
      vertex 37.2695 0.599999 13.5
      vertex 36.7169 0.599999 14.4533
      vertex 36.2068 0.599999 14.152
    endloop
  endfacet
  facet normal 0 -1 0
    outer loop
      vertex 71.7382 0.599999 14.9502
      vertex 71.7425 0.599999 13.8336
      vertex 72.3179 0.599999 14.8282
    endloop
  endfacet
  facet normal 0 -1 0
    outer loop
      vertex 72.3183 0.599999 13.6754
      vertex 72.3179 0.599999 14.8282
      vertex 71.7425 0.599999 13.8336
    endloop
  endfacet
  facet normal 0 -1 -0
    outer loop
      vertex 38.4086 0.599999 14.9699
      vertex 38.4047 0.599999 13.8593
      vertex 39 0.599999 13.905
    endloop
  endfacet
  facet normal 0 -1 0
    outer loop
      vertex 36.7563 0.599999 13.1949
      vertex 36.2068 0.599999 14.152
      vertex 35.7359 0.599999 13.7925
    endloop
  endfacet
  facet normal 0 -1 -0
    outer loop
      vertex 37.8256 0.599999 14.8651
      vertex 37.8233 0.599999 13.7232
      vertex 38.4047 0.599999 13.8593
    endloop
  endfacet
  facet normal 0 -1 0
    outer loop
      vertex 37.259 0.599999 14.6921
      vertex 37.2695 0.599999 13.5
      vertex 37.8233 0.599999 13.7232
    endloop
  endfacet
  facet normal 0 -1 0
    outer loop
      vertex 36.2956 0.599999 12.815
      vertex 35.7359 0.599999 13.7925
      vertex 35.3108 0.599999 13.3799
    endloop
  endfacet
  facet normal 0 -1 0
    outer loop
      vertex 36.2068 0.599999 14.152
      vertex 36.7563 0.599999 13.1949
      vertex 37.2695 0.599999 13.5
    endloop
  endfacet
  facet normal 0 -1 0
    outer loop
      vertex 35.8984 0.599999 12.3693
      vertex 35.3108 0.599999 13.3799
      vertex 34.9376 0.599999 12.9199
    endloop
  endfacet
  facet normal 0 -1 0
    outer loop
      vertex 35.7359 0.599999 13.7925
      vertex 36.2956 0.599999 12.815
      vertex 36.7563 0.599999 13.1949
    endloop
  endfacet
  facet normal 0 -1 0
    outer loop
      vertex 35.5738 0.599999 11.8681
      vertex 34.9376 0.599999 12.9199
      vertex 34.6213 0.599999 12.4189
    endloop
  endfacet
  facet normal 0 -1 0
    outer loop
      vertex 35.3108 0.599999 13.3799
      vertex 35.8984 0.599999 12.3693
      vertex 36.2956 0.599999 12.815
    endloop
  endfacet
  facet normal 0 -1 0
    outer loop
      vertex 35.5738 0.599999 11.8681
      vertex 34.6213 0.599999 12.4189
      vertex 34.3665 0.599999 11.8841
    endloop
  endfacet
  facet normal 0 -1 0
    outer loop
      vertex 34.9376 0.599999 12.9199
      vertex 35.5738 0.599999 11.8681
      vertex 35.8984 0.599999 12.3693
    endloop
  endfacet
  facet normal 0 -1 0
    outer loop
      vertex 34.3665 0.599999 11.8841
      vertex 35.3296 0.599999 11.3233
      vertex 35.5738 0.599999 11.8681
    endloop
  endfacet
  facet normal 0 -1 0
    outer loop
      vertex 34.1768 0.599999 11.3229
      vertex 35.3296 0.599999 11.3233
      vertex 34.3665 0.599999 11.8841
    endloop
  endfacet
  facet normal 0 -1 0
    outer loop
      vertex 34.1768 0.599999 11.3229
      vertex 35.1713 0.599999 10.7475
      vertex 35.3296 0.599999 11.3233
    endloop
  endfacet
  facet normal 0 -1 0
    outer loop
      vertex 34.0548 0.599999 10.7432
      vertex 35.1713 0.599999 10.7475
      vertex 34.1768 0.599999 11.3229
    endloop
  endfacet
  facet normal 0 -1 0
    outer loop
      vertex 35.1 0.599999 10.005
      vertex 34.0548 0.599999 10.7432
      vertex 34 0.599999 10.005
    endloop
  endfacet
  facet normal 0 -1 0
    outer loop
      vertex 34.0548 0.599999 10.7432
      vertex 35.1 0.599999 10.005
      vertex 35.1713 0.599999 10.7475
    endloop
  endfacet
  facet normal 0 -1 0
    outer loop
      vertex 34 0.599999 9.99501
      vertex 35.1 0.599999 10.005
      vertex 34 0.599999 10.005
    endloop
  endfacet
  facet normal 0 -1 0
    outer loop
      vertex 34 0.599999 9.99501
      vertex 35.1 0.599999 9.99501
      vertex 35.1 0.599999 10.005
    endloop
  endfacet
  facet normal 0 -1 0
    outer loop
      vertex 34.0351 0.599999 9.40364
      vertex 35.1 0.599999 9.99501
      vertex 34 0.599999 9.99501
    endloop
  endfacet
  facet normal 0 -1 0
    outer loop
      vertex 34.0351 0.599999 9.40364
      vertex 35.1457 0.599999 9.39967
      vertex 35.1 0.599999 9.99501
    endloop
  endfacet
  facet normal 0 -1 0
    outer loop
      vertex 34.1399 0.599999 8.82059
      vertex 35.1457 0.599999 9.39967
      vertex 34.0351 0.599999 9.40364
    endloop
  endfacet
  facet normal 0 -1 0
    outer loop
      vertex 34.1399 0.599999 8.82059
      vertex 35.2818 0.599999 8.8183
      vertex 35.1457 0.599999 9.39967
    endloop
  endfacet
  facet normal 0 -1 0
    outer loop
      vertex 34.3129 0.599999 8.254
      vertex 35.2818 0.599999 8.8183
      vertex 34.1399 0.599999 8.82059
    endloop
  endfacet
  facet normal 0 -1 -0
    outer loop
      vertex 35.2818 0.599999 8.8183
      vertex 34.3129 0.599999 8.254
      vertex 35.505 0.599999 8.2645
    endloop
  endfacet
  facet normal 0 -1 0
    outer loop
      vertex 34.5517 0.599999 7.71187
      vertex 35.505 0.599999 8.2645
      vertex 34.3129 0.599999 8.254
    endloop
  endfacet
  facet normal 0 -1 0
    outer loop
      vertex 34.853 0.599999 7.20178
      vertex 35.505 0.599999 8.2645
      vertex 34.5517 0.599999 7.71187
    endloop
  endfacet
  facet normal 0 -1 -0
    outer loop
      vertex 35.505 0.599999 8.2645
      vertex 34.853 0.599999 7.20178
      vertex 35.8101 0.599999 7.75127
    endloop
  endfacet
  facet normal 0 -1 0
    outer loop
      vertex 35.2124 0.599999 6.7309
      vertex 35.8101 0.599999 7.75127
      vertex 34.853 0.599999 7.20178
    endloop
  endfacet
  facet normal 0 -1 -0
    outer loop
      vertex 35.8101 0.599999 7.75127
      vertex 35.2124 0.599999 6.7309
      vertex 36.19 0.599999 7.29062
    endloop
  endfacet
  facet normal 0 -1 0
    outer loop
      vertex 35.6251 0.599999 6.30585
      vertex 36.19 0.599999 7.29062
      vertex 35.2124 0.599999 6.7309
    endloop
  endfacet
  facet normal 0 -1 -0
    outer loop
      vertex 36.19 0.599999 7.29062
      vertex 35.6251 0.599999 6.30585
      vertex 36.6357 0.599999 6.89337
    endloop
  endfacet
  facet normal 0 -1 0
    outer loop
      vertex 36.0851 0.599999 5.93257
      vertex 36.6357 0.599999 6.89337
      vertex 35.6251 0.599999 6.30585
    endloop
  endfacet
  facet normal 0 -1 -0
    outer loop
      vertex 36.6357 0.599999 6.89337
      vertex 36.0851 0.599999 5.93257
      vertex 37.1369 0.599999 6.56882
    endloop
  endfacet
  facet normal 0 -1 0
    outer loop
      vertex 36.586 0.599999 5.61633
      vertex 37.1369 0.599999 6.56882
      vertex 36.0851 0.599999 5.93257
    endloop
  endfacet
  facet normal 0 -1 0
    outer loop
      vertex 37.1209 0.599999 5.36156
      vertex 37.1369 0.599999 6.56882
      vertex 36.586 0.599999 5.61633
    endloop
  endfacet
  facet normal 0 -1 0
    outer loop
      vertex 37.6821 0.599999 5.17183
      vertex 37.6817 0.599999 6.32457
      vertex 37.1209 0.599999 5.36156
    endloop
  endfacet
  facet normal 0 -1 -0
    outer loop
      vertex 37.1369 0.599999 6.56882
      vertex 37.1209 0.599999 5.36156
      vertex 37.6817 0.599999 6.32457
    endloop
  endfacet
  facet normal 0 -1 0
    outer loop
      vertex 72.3179 0.599999 14.8282
      vertex 72.3183 0.599999 13.6754
      vertex 72.8791 0.599999 14.6384
    endloop
  endfacet
  facet normal 0 -1 0
    outer loop
      vertex 72.8631 0.599999 13.4312
      vertex 72.8791 0.599999 14.6384
      vertex 72.3183 0.599999 13.6754
    endloop
  endfacet
  facet normal 0 -1 -0
    outer loop
      vertex 72.8791 0.599999 14.6384
      vertex 72.8631 0.599999 13.4312
      vertex 73.414 0.599999 14.3837
    endloop
  endfacet
  facet normal 0 -1 -0
    outer loop
      vertex 73.414 0.599999 14.3837
      vertex 72.8631 0.599999 13.4312
      vertex 73.9149 0.599999 14.0674
    endloop
  endfacet
  facet normal 0 -1 0
    outer loop
      vertex 73.3643 0.599999 13.1066
      vertex 73.9149 0.599999 14.0674
      vertex 72.8631 0.599999 13.4312
    endloop
  endfacet
  facet normal 0 -1 -0
    outer loop
      vertex 73.9149 0.599999 14.0674
      vertex 73.3643 0.599999 13.1066
      vertex 74.3749 0.599999 13.6942
    endloop
  endfacet
  facet normal 0 -1 0
    outer loop
      vertex 73.81 0.599999 12.7094
      vertex 74.3749 0.599999 13.6942
      vertex 73.3643 0.599999 13.1066
    endloop
  endfacet
  facet normal 0 -1 -0
    outer loop
      vertex 74.3749 0.599999 13.6942
      vertex 73.81 0.599999 12.7094
      vertex 74.7876 0.599999 13.2691
    endloop
  endfacet
  facet normal 0 -1 0
    outer loop
      vertex 74.1899 0.599999 12.2487
      vertex 74.7876 0.599999 13.2691
      vertex 73.81 0.599999 12.7094
    endloop
  endfacet
  facet normal 0 -1 -0
    outer loop
      vertex 74.7876 0.599999 13.2691
      vertex 74.1899 0.599999 12.2487
      vertex 75.147 0.599999 12.7982
    endloop
  endfacet
  facet normal 0 -1 0
    outer loop
      vertex 74.495 0.599999 11.7355
      vertex 75.147 0.599999 12.7982
      vertex 74.1899 0.599999 12.2487
    endloop
  endfacet
  facet normal 0 -1 -0
    outer loop
      vertex 75.147 0.599999 12.7982
      vertex 74.495 0.599999 11.7355
      vertex 75.4483 0.599999 12.2881
    endloop
  endfacet
  facet normal 0 -1 -0
    outer loop
      vertex 75.4483 0.599999 12.2881
      vertex 74.495 0.599999 11.7355
      vertex 75.6871 0.599999 11.746
    endloop
  endfacet
  facet normal 0 -1 0
    outer loop
      vertex 74.7182 0.599999 11.1817
      vertex 75.6871 0.599999 11.746
      vertex 74.495 0.599999 11.7355
    endloop
  endfacet
  facet normal 0 -1 0
    outer loop
      vertex 74.7182 0.599999 11.1817
      vertex 75.8601 0.599999 11.1794
      vertex 75.6871 0.599999 11.746
    endloop
  endfacet
  facet normal 0 -1 0
    outer loop
      vertex 74.8543 0.599999 10.6003
      vertex 75.8601 0.599999 11.1794
      vertex 74.7182 0.599999 11.1817
    endloop
  endfacet
  facet normal 0 -1 0
    outer loop
      vertex 74.8543 0.599999 10.6003
      vertex 75.9649 0.599999 10.5964
      vertex 75.8601 0.599999 11.1794
    endloop
  endfacet
  facet normal 0 -1 0
    outer loop
      vertex 74.9 0.599999 10.005
      vertex 75.9649 0.599999 10.5964
      vertex 74.8543 0.599999 10.6003
    endloop
  endfacet
  facet normal 0 -1 0
    outer loop
      vertex 74.9 0.599999 10.005
      vertex 76 0.599999 10.005
      vertex 75.9649 0.599999 10.5964
    endloop
  endfacet
  facet normal 0 -1 0
    outer loop
      vertex 74.9 0.599999 9.99501
      vertex 76 0.599999 10.005
      vertex 74.9 0.599999 10.005
    endloop
  endfacet
  facet normal 0 -1 0
    outer loop
      vertex 74.9 0.599999 9.99501
      vertex 76 0.599999 9.99501
      vertex 76 0.599999 10.005
    endloop
  endfacet
  facet normal 0 -1 0
    outer loop
      vertex 74.9 0.599999 9.99501
      vertex 75.9452 0.599999 9.25677
      vertex 76 0.599999 9.99501
    endloop
  endfacet
  facet normal 0 -1 0
    outer loop
      vertex 74.8287 0.599999 9.25249
      vertex 75.9452 0.599999 9.25677
      vertex 74.9 0.599999 9.99501
    endloop
  endfacet
  facet normal 0 -1 0
    outer loop
      vertex 74.8287 0.599999 9.25249
      vertex 75.8232 0.599999 8.67708
      vertex 75.9452 0.599999 9.25677
    endloop
  endfacet
  facet normal 0 -1 0
    outer loop
      vertex 74.6704 0.599999 8.67674
      vertex 75.8232 0.599999 8.67708
      vertex 74.8287 0.599999 9.25249
    endloop
  endfacet
  facet normal 0 -1 0
    outer loop
      vertex 75.6335 0.599999 8.11588
      vertex 74.6704 0.599999 8.67674
      vertex 74.4262 0.599999 8.1319
    endloop
  endfacet
  facet normal 0 -1 0
    outer loop
      vertex 74.6704 0.599999 8.67674
      vertex 75.6335 0.599999 8.11588
      vertex 75.8232 0.599999 8.67708
    endloop
  endfacet
  facet normal 0 -1 0
    outer loop
      vertex 75.0624 0.599999 7.08011
      vertex 74.4262 0.599999 8.1319
      vertex 74.1016 0.599999 7.63074
    endloop
  endfacet
  facet normal 0 -1 0
    outer loop
      vertex 74.4262 0.599999 8.1319
      vertex 75.3787 0.599999 7.58105
      vertex 75.6335 0.599999 8.11588
    endloop
  endfacet
  facet normal 0 -1 0
    outer loop
      vertex 74.6892 0.599999 6.6201
      vertex 74.1016 0.599999 7.63074
      vertex 73.7044 0.599999 7.18498
    endloop
  endfacet
  facet normal 0 -1 0
    outer loop
      vertex 74.4262 0.599999 8.1319
      vertex 75.0624 0.599999 7.08011
      vertex 75.3787 0.599999 7.58105
    endloop
  endfacet
  facet normal 0 -1 0
    outer loop
      vertex 74.2641 0.599999 6.20746
      vertex 73.7044 0.599999 7.18498
      vertex 73.2437 0.599999 6.80508
    endloop
  endfacet
  facet normal 0 -1 0
    outer loop
      vertex 74.1016 0.599999 7.63074
      vertex 74.6892 0.599999 6.6201
      vertex 75.0624 0.599999 7.08011
    endloop
  endfacet
  facet normal 0 -1 0
    outer loop
      vertex 73.7932 0.599999 5.84798
      vertex 73.2437 0.599999 6.80508
      vertex 72.7305 0.599999 6.49997
    endloop
  endfacet
  facet normal 0 -1 0
    outer loop
      vertex 72.741 0.599999 5.30791
      vertex 72.7305 0.599999 6.49997
      vertex 72.1767 0.599999 6.27676
    endloop
  endfacet
  facet normal 0 -1 0
    outer loop
      vertex 73.7044 0.599999 7.18498
      vertex 74.2641 0.599999 6.20746
      vertex 74.6892 0.599999 6.6201
    endloop
  endfacet
  facet normal 0 -1 0
    outer loop
      vertex 72.1744 0.599999 5.1349
      vertex 72.1767 0.599999 6.27676
      vertex 71.5953 0.599999 6.14072
    endloop
  endfacet
  facet normal 0 -1 0
    outer loop
      vertex 71.5914 0.599999 5.03011
      vertex 71.5953 0.599999 6.14072
      vertex 71 0.599999 6.09502
    endloop
  endfacet
  facet normal 0 -1 0
    outer loop
      vertex 73.2437 0.599999 6.80508
      vertex 73.7932 0.599999 5.84798
      vertex 74.2641 0.599999 6.20746
    endloop
  endfacet
  facet normal 0 -1 0
    outer loop
      vertex 39 0.599999 6.09502
      vertex 39 0.599999 4.99501
      vertex 71 0.599999 6.09502
    endloop
  endfacet
  facet normal 0 -1 0
    outer loop
      vertex 37.6817 0.599999 6.32457
      vertex 37.6821 0.599999 5.17183
      vertex 38.2575 0.599999 6.16635
    endloop
  endfacet
  facet normal 0 -1 -0
    outer loop
      vertex 71 0.599999 6.09502
      vertex 39 0.599999 4.99501
      vertex 71 0.599999 4.99501
    endloop
  endfacet
  facet normal 0 -1 0
    outer loop
      vertex 38.2618 0.599999 5.0498
      vertex 38.2575 0.599999 6.16635
      vertex 37.6821 0.599999 5.17183
    endloop
  endfacet
  facet normal -0 -1 0
    outer loop
      vertex 71.5914 0.599999 5.03011
      vertex 71 0.599999 6.09502
      vertex 71 0.599999 4.99501
    endloop
  endfacet
  facet normal 0 -1 0
    outer loop
      vertex 38.2575 0.599999 6.16635
      vertex 38.2618 0.599999 5.0498
      vertex 39 0.599999 6.09502
    endloop
  endfacet
  facet normal 0 -1 0
    outer loop
      vertex 72.7305 0.599999 6.49997
      vertex 73.2831 0.599999 5.54672
      vertex 73.7932 0.599999 5.84798
    endloop
  endfacet
  facet normal 0 -1 -0
    outer loop
      vertex 39 0.599999 6.09502
      vertex 38.2618 0.599999 5.0498
      vertex 39 0.599999 4.99501
    endloop
  endfacet
  facet normal 0 -1 0
    outer loop
      vertex 72.7305 0.599999 6.49997
      vertex 72.741 0.599999 5.30791
      vertex 73.2831 0.599999 5.54672
    endloop
  endfacet
  facet normal 0 -1 -0
    outer loop
      vertex 72.1767 0.599999 6.27676
      vertex 72.1744 0.599999 5.1349
      vertex 72.741 0.599999 5.30791
    endloop
  endfacet
  facet normal 0 -1 -0
    outer loop
      vertex 71.5953 0.599999 6.14072
      vertex 71.5914 0.599999 5.03011
      vertex 72.1744 0.599999 5.1349
    endloop
  endfacet
  facet normal 0 -1 0
    outer loop
      vertex 41.7912 0.599999 11.2614
      vertex 42.6364 0.599999 11.8567
      vertex 40.0234 0.599999 11.8567
    endloop
  endfacet
  facet normal 0 -1 0
    outer loop
      vertex 41.7912 0.599999 11.2614
      vertex 40.0234 0.599999 11.8567
      vertex 40.0234 0.599999 11.2614
    endloop
  endfacet
  facet normal 0 -1 -0
    outer loop
      vertex 42.6364 0.599999 11.8567
      vertex 41.7912 0.599999 11.2614
      vertex 42.6364 0.599999 11.3284
    endloop
  endfacet
  facet normal 0 -1 -0
    outer loop
      vertex 41.7912 0.599999 11.2614
      vertex 40.6728 0.599999 8.82115
      vertex 42.6364 0.599999 11.3284
    endloop
  endfacet
  facet normal 0 -1 0
    outer loop
      vertex 39.8276 0.599999 8.76445
      vertex 40.6728 0.599999 8.82115
      vertex 41.7912 0.599999 11.2614
    endloop
  endfacet
  facet normal 0 -1 0
    outer loop
      vertex 39.8276 0.599999 8.22588
      vertex 40.6728 0.599999 8.82115
      vertex 39.8276 0.599999 8.76445
    endloop
  endfacet
  facet normal 0 -1 -0
    outer loop
      vertex 40.6728 0.599999 8.82115
      vertex 39.8276 0.599999 8.22588
      vertex 42.7421 0.599999 8.22588
    endloop
  endfacet
  facet normal 0 -1 0
    outer loop
      vertex 40.6728 0.599999 8.82115
      vertex 42.7421 0.599999 8.22588
      vertex 42.7421 0.599999 8.82115
    endloop
  endfacet
  facet normal 0 -1 0
    outer loop
      vertex 60.4481 0.599999 11.8567
      vertex 60.8964 0.599999 11.2975
      vertex 61.3448 0.599999 11.8567
    endloop
  endfacet
  facet normal 0 -1 0
    outer loop
      vertex 60.4481 0.599999 11.8567
      vertex 60.881 0.599999 11.2408
      vertex 60.8964 0.599999 11.2975
    endloop
  endfacet
  facet normal 0 -1 0
    outer loop
      vertex 60.4481 0.599999 11.8567
      vertex 60.8721 0.599999 11.2092
      vertex 60.881 0.599999 11.2408
    endloop
  endfacet
  facet normal 0 -1 0
    outer loop
      vertex 60.4481 0.599999 11.8567
      vertex 60.8627 0.599999 11.1761
      vertex 60.8721 0.599999 11.2092
    endloop
  endfacet
  facet normal 0 -1 0
    outer loop
      vertex 60.4481 0.599999 11.8567
      vertex 60.8526 0.599999 11.1416
      vertex 60.8627 0.599999 11.1761
    endloop
  endfacet
  facet normal 0 -1 0
    outer loop
      vertex 60.4481 0.599999 11.8567
      vertex 60.842 0.599999 11.1057
      vertex 60.8526 0.599999 11.1416
    endloop
  endfacet
  facet normal 0 -1 0
    outer loop
      vertex 60.4481 0.599999 11.8567
      vertex 60.8309 0.599999 11.0683
      vertex 60.842 0.599999 11.1057
    endloop
  endfacet
  facet normal 0 -1 0
    outer loop
      vertex 60.4481 0.599999 11.8567
      vertex 60.8191 0.599999 11.0295
      vertex 60.8309 0.599999 11.0683
    endloop
  endfacet
  facet normal 0 -1 0
    outer loop
      vertex 60.4481 0.599999 11.8567
      vertex 60.7968 0.599999 10.9604
      vertex 60.8191 0.599999 11.0295
    endloop
  endfacet
  facet normal 0 -1 0
    outer loop
      vertex 60.4481 0.599999 11.8567
      vertex 60.7539 0.599999 10.832
      vertex 60.7968 0.599999 10.9604
    endloop
  endfacet
  facet normal 0 -1 0
    outer loop
      vertex 60.4481 0.599999 11.8567
      vertex 60.6903 0.599999 10.6443
      vertex 60.7539 0.599999 10.832
    endloop
  endfacet
  facet normal 0 -1 0
    outer loop
      vertex 60.4481 0.599999 11.8567
      vertex 60.6061 0.599999 10.3973
      vertex 60.6903 0.599999 10.6443
    endloop
  endfacet
  facet normal 0 -1 0
    outer loop
      vertex 60.4481 0.599999 11.8567
      vertex 60.5013 0.599999 10.0911
      vertex 60.6061 0.599999 10.3973
    endloop
  endfacet
  facet normal 0 -1 -0
    outer loop
      vertex 60.4481 0.599999 11.8567
      vertex 60.3759 0.599999 9.72563
      vertex 60.5013 0.599999 10.0911
    endloop
  endfacet
  facet normal 0 -1 -0
    outer loop
      vertex 60.3759 0.599999 9.72563
      vertex 60.2059 0.599999 9.15358
      vertex 61.4195 0.599999 9.72563
    endloop
  endfacet
  facet normal 0 -1 0
    outer loop
      vertex 59.1235 0.599999 8.22588
      vertex 60.3759 0.599999 9.72563
      vertex 60.4481 0.599999 11.8567
    endloop
  endfacet
  facet normal 0 -1 0
    outer loop
      vertex 60.3759 0.599999 9.72563
      vertex 59.1235 0.599999 8.22588
      vertex 60.2059 0.599999 9.15358
    endloop
  endfacet
  facet normal 0 -1 0
    outer loop
      vertex 60.2059 0.599999 9.15358
      vertex 59.1235 0.599999 8.22588
      vertex 59.8837 0.599999 8.22588
    endloop
  endfacet
  facet normal 0 -1 0
    outer loop
      vertex 60.9506 0.599999 11.1197
      vertex 61.3448 0.599999 11.8567
      vertex 60.8964 0.599999 11.2975
    endloop
  endfacet
  facet normal 0 -1 0
    outer loop
      vertex 61.0614 0.599999 10.7692
      vertex 61.3448 0.599999 11.8567
      vertex 60.9506 0.599999 11.1197
    endloop
  endfacet
  facet normal 0 -1 0
    outer loop
      vertex 61.4195 0.599999 9.72563
      vertex 61.3448 0.599999 11.8567
      vertex 61.0614 0.599999 10.7692
    endloop
  endfacet
  facet normal 0 -1 0
    outer loop
      vertex 61.5896 0.599999 9.15358
      vertex 61.4195 0.599999 9.72563
      vertex 60.2059 0.599999 9.15358
    endloop
  endfacet
  facet normal 0 -1 0
    outer loop
      vertex 62.6642 0.599999 8.22588
      vertex 61.4195 0.599999 9.72563
      vertex 61.5896 0.599999 9.15358
    endloop
  endfacet
  facet normal 0 -1 0
    outer loop
      vertex 62.6642 0.599999 8.22588
      vertex 61.5896 0.599999 9.15358
      vertex 61.9118 0.599999 8.22588
    endloop
  endfacet
  facet normal 0 -1 0
    outer loop
      vertex 61.4195 0.599999 9.72563
      vertex 62.6642 0.599999 8.22588
      vertex 61.3448 0.599999 11.8567
    endloop
  endfacet
  facet normal 0 -1 0
    outer loop
      vertex 67.965 0.599999 11.3038
      vertex 68.1287 0.599999 11.9108
      vertex 67.8514 0.599999 11.8972
    endloop
  endfacet
  facet normal 0 -1 0
    outer loop
      vertex 67.8143 0.599999 11.2762
      vertex 67.8514 0.599999 11.8972
      vertex 67.5952 0.599999 11.8564
    endloop
  endfacet
  facet normal 0 -1 -0
    outer loop
      vertex 68.1287 0.599999 11.9108
      vertex 67.965 0.599999 11.3038
      vertex 68.1287 0.599999 11.3129
    endloop
  endfacet
  facet normal 0 -1 0
    outer loop
      vertex 67.6764 0.599999 11.2302
      vertex 67.5952 0.599999 11.8564
      vertex 67.3601 0.599999 11.7884
    endloop
  endfacet
  facet normal 0 -1 0
    outer loop
      vertex 68.2899 0.599999 11.3037
      vertex 68.1287 0.599999 11.9108
      vertex 68.1287 0.599999 11.3129
    endloop
  endfacet
  facet normal 0 -1 0
    outer loop
      vertex 67.5514 0.599999 11.1658
      vertex 67.3601 0.599999 11.7884
      vertex 67.146 0.599999 11.6932
    endloop
  endfacet
  facet normal 0 -1 0
    outer loop
      vertex 68.4387 0.599999 11.2759
      vertex 68.4059 0.599999 11.8971
      vertex 68.2899 0.599999 11.3037
    endloop
  endfacet
  facet normal 0 -1 0
    outer loop
      vertex 67.4393 0.599999 11.083
      vertex 67.146 0.599999 11.6932
      vertex 66.953 0.599999 11.5708
    endloop
  endfacet
  facet normal 0 -1 0
    outer loop
      vertex 68.4059 0.599999 11.8971
      vertex 68.4387 0.599999 11.2759
      vertex 68.6622 0.599999 11.8558
    endloop
  endfacet
  facet normal 0 -1 0
    outer loop
      vertex 67.3401 0.599999 10.9818
      vertex 66.953 0.599999 11.5708
      vertex 66.7809 0.599999 11.4212
    endloop
  endfacet
  facet normal 0 -1 0
    outer loop
      vertex 68.5751 0.599999 11.2295
      vertex 68.6622 0.599999 11.8558
      vertex 68.4387 0.599999 11.2759
    endloop
  endfacet
  facet normal 0 -1 -0
    outer loop
      vertex 68.6622 0.599999 11.8558
      vertex 68.5751 0.599999 11.2295
      vertex 68.8975 0.599999 11.7871
    endloop
  endfacet
  facet normal 0 -1 0
    outer loop
      vertex 68.1287 0.599999 11.9108
      vertex 68.2899 0.599999 11.3037
      vertex 68.4059 0.599999 11.8971
    endloop
  endfacet
  facet normal 0 -1 -0
    outer loop
      vertex 67.8514 0.599999 11.8972
      vertex 67.8143 0.599999 11.2762
      vertex 67.965 0.599999 11.3038
    endloop
  endfacet
  facet normal 0 -1 0
    outer loop
      vertex 67.2551 0.599999 10.8642
      vertex 66.7809 0.599999 11.4212
      vertex 66.6329 0.599999 11.2473
    endloop
  endfacet
  facet normal 0 -1 0
    outer loop
      vertex 67.5952 0.599999 11.8564
      vertex 67.6764 0.599999 11.2302
      vertex 67.8143 0.599999 11.2762
    endloop
  endfacet
  facet normal 0 -1 0
    outer loop
      vertex 67.3601 0.599999 11.7884
      vertex 67.5514 0.599999 11.1658
      vertex 67.6764 0.599999 11.2302
    endloop
  endfacet
  facet normal 0 -1 0
    outer loop
      vertex 67.146 0.599999 11.6932
      vertex 67.4393 0.599999 11.083
      vertex 67.5514 0.599999 11.1658
    endloop
  endfacet
  facet normal 0 -1 0
    outer loop
      vertex 67.1855 0.599999 10.732
      vertex 66.6329 0.599999 11.2473
      vertex 66.5118 0.599999 11.0521
    endloop
  endfacet
  facet normal 0 -1 0
    outer loop
      vertex 66.953 0.599999 11.5708
      vertex 67.3401 0.599999 10.9818
      vertex 67.4393 0.599999 11.083
    endloop
  endfacet
  facet normal 0 -1 0
    outer loop
      vertex 66.7809 0.599999 11.4212
      vertex 67.2551 0.599999 10.8642
      vertex 67.3401 0.599999 10.9818
    endloop
  endfacet
  facet normal 0 -1 0
    outer loop
      vertex 67.1855 0.599999 10.732
      vertex 66.5118 0.599999 11.0521
      vertex 66.4176 0.599999 10.8356
    endloop
  endfacet
  facet normal 0 -1 0
    outer loop
      vertex 66.6329 0.599999 11.2473
      vertex 67.1855 0.599999 10.732
      vertex 67.2551 0.599999 10.8642
    endloop
  endfacet
  facet normal 0 -1 0
    outer loop
      vertex 67.1314 0.599999 10.5853
      vertex 66.4176 0.599999 10.8356
      vertex 66.3503 0.599999 10.5977
    endloop
  endfacet
  facet normal 0 -1 0
    outer loop
      vertex 66.4176 0.599999 10.8356
      vertex 67.1314 0.599999 10.5853
      vertex 67.1855 0.599999 10.732
    endloop
  endfacet
  facet normal 0 -1 0
    outer loop
      vertex 66.3503 0.599999 10.5977
      vertex 67.0928 0.599999 10.4241
      vertex 67.1314 0.599999 10.5853
    endloop
  endfacet
  facet normal 0 -1 0
    outer loop
      vertex 66.31 0.599999 10.3385
      vertex 67.0928 0.599999 10.4241
      vertex 66.3503 0.599999 10.5977
    endloop
  endfacet
  facet normal 0 -1 0
    outer loop
      vertex 66.31 0.599999 10.3385
      vertex 67.0696 0.599999 10.2483
      vertex 67.0928 0.599999 10.4241
    endloop
  endfacet
  facet normal 0 -1 0
    outer loop
      vertex 66.2965 0.599999 10.058
      vertex 67.0696 0.599999 10.2483
      vertex 66.31 0.599999 10.3385
    endloop
  endfacet
  facet normal 0 -1 0
    outer loop
      vertex 66.2965 0.599999 10.058
      vertex 67.0618 0.599999 10.058
      vertex 67.0696 0.599999 10.2483
    endloop
  endfacet
  facet normal 0 -1 0
    outer loop
      vertex 66.2965 0.599999 10.058
      vertex 67.0698 0.599999 9.86581
      vertex 67.0618 0.599999 10.058
    endloop
  endfacet
  facet normal 0 -1 0
    outer loop
      vertex 66.31 0.599999 9.77634
      vertex 67.0698 0.599999 9.86581
      vertex 66.2965 0.599999 10.058
    endloop
  endfacet
  facet normal 0 -1 0
    outer loop
      vertex 66.31 0.599999 9.77634
      vertex 67.0935 0.599999 9.68768
      vertex 67.0698 0.599999 9.86581
    endloop
  endfacet
  facet normal 0 -1 0
    outer loop
      vertex 66.3505 0.599999 9.51532
      vertex 67.0935 0.599999 9.68768
      vertex 66.31 0.599999 9.77634
    endloop
  endfacet
  facet normal 0 -1 -0
    outer loop
      vertex 67.0935 0.599999 9.68768
      vertex 66.3505 0.599999 9.51532
      vertex 67.133 0.599999 9.52365
    endloop
  endfacet
  facet normal 0 -1 0
    outer loop
      vertex 66.4179 0.599999 9.27499
      vertex 67.133 0.599999 9.52365
      vertex 66.3505 0.599999 9.51532
    endloop
  endfacet
  facet normal 0 -1 -0
    outer loop
      vertex 67.133 0.599999 9.52365
      vertex 66.4179 0.599999 9.27499
      vertex 67.1884 0.599999 9.37373
    endloop
  endfacet
  facet normal 0 -1 0
    outer loop
      vertex 66.5124 0.599999 9.05534
      vertex 67.1884 0.599999 9.37373
      vertex 66.4179 0.599999 9.27499
    endloop
  endfacet
  facet normal 0 -1 0
    outer loop
      vertex 66.6338 0.599999 8.85638
      vertex 67.1884 0.599999 9.37373
      vertex 66.5124 0.599999 9.05534
    endloop
  endfacet
  facet normal 0 -1 -0
    outer loop
      vertex 67.1884 0.599999 9.37373
      vertex 66.6338 0.599999 8.85638
      vertex 67.2596 0.599999 9.2379
    endloop
  endfacet
  facet normal 0 -1 0
    outer loop
      vertex 66.7822 0.599999 8.67812
      vertex 67.2596 0.599999 9.2379
      vertex 66.6338 0.599999 8.85638
    endloop
  endfacet
  facet normal 0 -1 -0
    outer loop
      vertex 67.2596 0.599999 9.2379
      vertex 66.7822 0.599999 8.67812
      vertex 67.3466 0.599999 9.11618
    endloop
  endfacet
  facet normal 0 -1 0
    outer loop
      vertex 66.9544 0.599999 8.52419
      vertex 67.3466 0.599999 9.11618
      vertex 66.7822 0.599999 8.67812
    endloop
  endfacet
  facet normal 0 -1 -0
    outer loop
      vertex 67.3466 0.599999 9.11618
      vertex 66.9544 0.599999 8.52419
      vertex 67.4473 0.599999 9.01106
    endloop
  endfacet
  facet normal 0 -1 0
    outer loop
      vertex 67.1472 0.599999 8.39825
      vertex 67.4473 0.599999 9.01106
      vertex 66.9544 0.599999 8.52419
    endloop
  endfacet
  facet normal 0 -1 -0
    outer loop
      vertex 67.4473 0.599999 9.01106
      vertex 67.1472 0.599999 8.39825
      vertex 67.5594 0.599999 8.92506
    endloop
  endfacet
  facet normal 0 -1 0
    outer loop
      vertex 67.3604 0.599999 8.30029
      vertex 67.5594 0.599999 8.92506
      vertex 67.1472 0.599999 8.39825
    endloop
  endfacet
  facet normal 0 -1 -0
    outer loop
      vertex 67.5594 0.599999 8.92506
      vertex 67.3604 0.599999 8.30029
      vertex 67.6832 0.599999 8.85817
    endloop
  endfacet
  facet normal 0 -1 0
    outer loop
      vertex 67.5942 0.599999 8.23033
      vertex 67.6832 0.599999 8.85817
      vertex 67.3604 0.599999 8.30029
    endloop
  endfacet
  facet normal -0 -1 0
    outer loop
      vertex 68.3052 0.599999 8.18069
      vertex 68.1235 0.599999 8.77217
      vertex 68.1235 0.599999 8.17436
    endloop
  endfacet
  facet normal 0 -1 -0
    outer loop
      vertex 67.6832 0.599999 8.85817
      vertex 67.5942 0.599999 8.23033
      vertex 67.8184 0.599999 8.81039
    endloop
  endfacet
  facet normal -0 -1 0
    outer loop
      vertex 68.4791 0.599999 8.19969
      vertex 68.1235 0.599999 8.77217
      vertex 68.3052 0.599999 8.18069
    endloop
  endfacet
  facet normal -0 -1 0
    outer loop
      vertex 68.6453 0.599999 8.23137
      vertex 68.1235 0.599999 8.77217
      vertex 68.4791 0.599999 8.19969
    endloop
  endfacet
  facet normal 0 -1 0
    outer loop
      vertex 67.8486 0.599999 8.18835
      vertex 67.8184 0.599999 8.81039
      vertex 67.5942 0.599999 8.23033
    endloop
  endfacet
  facet normal 0 -1 0
    outer loop
      vertex 68.1235 0.599999 8.77217
      vertex 69.3544 0.599999 8.57692
      vertex 69.4667 0.599999 8.68103
    endloop
  endfacet
  facet normal 0 -1 0
    outer loop
      vertex 67.8184 0.599999 8.81039
      vertex 67.8486 0.599999 8.18835
      vertex 67.9652 0.599999 8.78172
    endloop
  endfacet
  facet normal 0 -1 0
    outer loop
      vertex 68.1235 0.599999 8.77217
      vertex 69.2313 0.599999 8.48404
      vertex 69.3544 0.599999 8.57692
    endloop
  endfacet
  facet normal 0 -1 0
    outer loop
      vertex 68.1235 0.599999 8.77217
      vertex 68.9545 0.599999 8.33272
      vertex 69.0975 0.599999 8.40239
    endloop
  endfacet
  facet normal 0 -1 0
    outer loop
      vertex 68.1235 0.599999 8.17436
      vertex 67.9652 0.599999 8.78172
      vertex 67.8486 0.599999 8.18835
    endloop
  endfacet
  facet normal 0 -1 0
    outer loop
      vertex 68.1235 0.599999 8.77217
      vertex 68.6453 0.599999 8.23137
      vertex 68.8038 0.599999 8.27571
    endloop
  endfacet
  facet normal 0 -1 0
    outer loop
      vertex 67.9652 0.599999 8.78172
      vertex 68.1235 0.599999 8.17436
      vertex 68.1235 0.599999 8.77217
    endloop
  endfacet
  facet normal 0 -1 0
    outer loop
      vertex 68.1235 0.599999 8.77217
      vertex 68.8038 0.599999 8.27571
      vertex 68.9545 0.599999 8.33272
    endloop
  endfacet
  facet normal 0 -1 0
    outer loop
      vertex 68.1235 0.599999 8.77217
      vertex 69.0975 0.599999 8.40239
      vertex 69.2313 0.599999 8.48404
    endloop
  endfacet
  facet normal 0 -1 0
    outer loop
      vertex 68.699 0.599999 11.1646
      vertex 68.8975 0.599999 11.7871
      vertex 68.5751 0.599999 11.2295
    endloop
  endfacet
  facet normal 0 -1 -0
    outer loop
      vertex 68.8975 0.599999 11.7871
      vertex 68.699 0.599999 11.1646
      vertex 69.1119 0.599999 11.6909
    endloop
  endfacet
  facet normal 0 -1 0
    outer loop
      vertex 68.8104 0.599999 11.0812
      vertex 69.1119 0.599999 11.6909
      vertex 68.699 0.599999 11.1646
    endloop
  endfacet
  facet normal 0 -1 -0
    outer loop
      vertex 69.1119 0.599999 11.6909
      vertex 68.8104 0.599999 11.0812
      vertex 69.3052 0.599999 11.5672
    endloop
  endfacet
  facet normal 0 -1 0
    outer loop
      vertex 68.9094 0.599999 10.9792
      vertex 69.3052 0.599999 11.5672
      vertex 68.8104 0.599999 11.0812
    endloop
  endfacet
  facet normal 0 -1 -0
    outer loop
      vertex 69.3052 0.599999 11.5672
      vertex 68.9094 0.599999 10.9792
      vertex 69.4776 0.599999 11.416
    endloop
  endfacet
  facet normal 0 -1 0
    outer loop
      vertex 68.9945 0.599999 10.861
      vertex 69.4776 0.599999 11.416
      vertex 68.9094 0.599999 10.9792
    endloop
  endfacet
  facet normal 0 -1 -0
    outer loop
      vertex 69.4776 0.599999 11.416
      vertex 68.9945 0.599999 10.861
      vertex 69.6261 0.599999 11.2409
    endloop
  endfacet
  facet normal 0 -1 0
    outer loop
      vertex 69.0641 0.599999 10.7286
      vertex 69.6261 0.599999 11.2409
      vertex 68.9945 0.599999 10.861
    endloop
  endfacet
  facet normal 0 -1 -0
    outer loop
      vertex 69.6261 0.599999 11.2409
      vertex 69.0641 0.599999 10.7286
      vertex 69.7475 0.599999 11.0453
    endloop
  endfacet
  facet normal 0 -1 -0
    outer loop
      vertex 69.7475 0.599999 11.0453
      vertex 69.0641 0.599999 10.7286
      vertex 69.8419 0.599999 10.8292
    endloop
  endfacet
  facet normal 0 -1 0
    outer loop
      vertex 69.1182 0.599999 10.5821
      vertex 69.8419 0.599999 10.8292
      vertex 69.0641 0.599999 10.7286
    endloop
  endfacet
  facet normal 0 -1 -0
    outer loop
      vertex 69.8419 0.599999 10.8292
      vertex 69.1182 0.599999 10.5821
      vertex 69.9094 0.599999 10.5926
    endloop
  endfacet
  facet normal 0 -1 0
    outer loop
      vertex 69.1568 0.599999 10.4215
      vertex 69.9094 0.599999 10.5926
      vertex 69.1182 0.599999 10.5821
    endloop
  endfacet
  facet normal 0 -1 0
    outer loop
      vertex 69.1568 0.599999 10.4215
      vertex 69.9499 0.599999 10.3356
      vertex 69.9094 0.599999 10.5926
    endloop
  endfacet
  facet normal 0 -1 0
    outer loop
      vertex 69.18 0.599999 10.2468
      vertex 69.9499 0.599999 10.3356
      vertex 69.1568 0.599999 10.4215
    endloop
  endfacet
  facet normal 0 -1 0
    outer loop
      vertex 69.9634 0.599999 10.058
      vertex 69.18 0.599999 10.2468
      vertex 69.1878 0.599999 10.058
    endloop
  endfacet
  facet normal 0 -1 0
    outer loop
      vertex 69.18 0.599999 10.2468
      vertex 69.9634 0.599999 10.058
      vertex 69.9499 0.599999 10.3356
    endloop
  endfacet
  facet normal 0 -1 0
    outer loop
      vertex 69.1878 0.599999 10.058
      vertex 69.9572 0.599999 9.87288
      vertex 69.9634 0.599999 10.058
    endloop
  endfacet
  facet normal 0 -1 0
    outer loop
      vertex 69.1801 0.599999 9.86057
      vertex 69.9572 0.599999 9.87288
      vertex 69.1878 0.599999 10.058
    endloop
  endfacet
  facet normal 0 -1 0
    outer loop
      vertex 69.1801 0.599999 9.86057
      vertex 69.9385 0.599999 9.69528
      vertex 69.9572 0.599999 9.87288
    endloop
  endfacet
  facet normal 0 -1 0
    outer loop
      vertex 69.157 0.599999 9.67868
      vertex 69.9385 0.599999 9.69528
      vertex 69.1801 0.599999 9.86057
    endloop
  endfacet
  facet normal 0 -1 0
    outer loop
      vertex 69.157 0.599999 9.67868
      vertex 69.9073 0.599999 9.52527
      vertex 69.9385 0.599999 9.69528
    endloop
  endfacet
  facet normal 0 -1 0
    outer loop
      vertex 69.8637 0.599999 9.36285
      vertex 69.157 0.599999 9.67868
      vertex 69.1185 0.599999 9.51241
    endloop
  endfacet
  facet normal 0 -1 0
    outer loop
      vertex 69.157 0.599999 9.67868
      vertex 69.8637 0.599999 9.36285
      vertex 69.9073 0.599999 9.52527
    endloop
  endfacet
  facet normal 0 -1 0
    outer loop
      vertex 69.8077 0.599999 9.20802
      vertex 69.1185 0.599999 9.51241
      vertex 69.0646 0.599999 9.36172
    endloop
  endfacet
  facet normal 0 -1 0
    outer loop
      vertex 69.6591 0.599999 8.92296
      vertex 69.0646 0.599999 9.36172
      vertex 68.9954 0.599999 9.22665
    endloop
  endfacet
  facet normal 0 -1 0
    outer loop
      vertex 69.1185 0.599999 9.51241
      vertex 69.8077 0.599999 9.20802
      vertex 69.8637 0.599999 9.36285
    endloop
  endfacet
  facet normal 0 -1 0
    outer loop
      vertex 69.4667 0.599999 8.68103
      vertex 68.9954 0.599999 9.22665
      vertex 68.9107 0.599999 9.10718
    endloop
  endfacet
  facet normal 0 -1 0
    outer loop
      vertex 69.0646 0.599999 9.36172
      vertex 69.7392 0.599999 9.06078
      vertex 69.8077 0.599999 9.20802
    endloop
  endfacet
  facet normal 0 -1 0
    outer loop
      vertex 69.4667 0.599999 8.68103
      vertex 68.9107 0.599999 9.10718
      vertex 68.8119 0.599999 9.00482
    endloop
  endfacet
  facet normal 0 -1 0
    outer loop
      vertex 69.0646 0.599999 9.36172
      vertex 69.6591 0.599999 8.92296
      vertex 69.7392 0.599999 9.06078
    endloop
  endfacet
  facet normal 0 -1 0
    outer loop
      vertex 69.4667 0.599999 8.68103
      vertex 68.8119 0.599999 9.00482
      vertex 68.7001 0.599999 8.92107
    endloop
  endfacet
  facet normal 0 -1 0
    outer loop
      vertex 69.4667 0.599999 8.68103
      vertex 68.7001 0.599999 8.92107
      vertex 68.5754 0.599999 8.85593
    endloop
  endfacet
  facet normal 0 -1 0
    outer loop
      vertex 69.4667 0.599999 8.68103
      vertex 68.5754 0.599999 8.85593
      vertex 68.4377 0.599999 8.80939
    endloop
  endfacet
  facet normal 0 -1 0
    outer loop
      vertex 68.9954 0.599999 9.22665
      vertex 69.5683 0.599999 8.79637
      vertex 69.6591 0.599999 8.92296
    endloop
  endfacet
  facet normal 0 -1 0
    outer loop
      vertex 69.4667 0.599999 8.68103
      vertex 68.4377 0.599999 8.80939
      vertex 68.2871 0.599999 8.78148
    endloop
  endfacet
  facet normal 0 -1 0
    outer loop
      vertex 69.4667 0.599999 8.68103
      vertex 68.2871 0.599999 8.78148
      vertex 68.1235 0.599999 8.77217
    endloop
  endfacet
  facet normal 0 -1 0
    outer loop
      vertex 68.9954 0.599999 9.22665
      vertex 69.4667 0.599999 8.68103
      vertex 69.5683 0.599999 8.79637
    endloop
  endfacet
  facet normal 0 -1 0
    outer loop
      vertex 52.0766 0.599999 11.3038
      vertex 52.2402 0.599999 11.9108
      vertex 51.963 0.599999 11.8972
    endloop
  endfacet
  facet normal 0 -1 0
    outer loop
      vertex 51.9258 0.599999 11.2762
      vertex 51.963 0.599999 11.8972
      vertex 51.7068 0.599999 11.8564
    endloop
  endfacet
  facet normal 0 -1 -0
    outer loop
      vertex 52.2402 0.599999 11.9108
      vertex 52.0766 0.599999 11.3038
      vertex 52.2402 0.599999 11.3129
    endloop
  endfacet
  facet normal 0 -1 0
    outer loop
      vertex 51.788 0.599999 11.2302
      vertex 51.7068 0.599999 11.8564
      vertex 51.4717 0.599999 11.7884
    endloop
  endfacet
  facet normal 0 -1 0
    outer loop
      vertex 52.4015 0.599999 11.3037
      vertex 52.2402 0.599999 11.9108
      vertex 52.2402 0.599999 11.3129
    endloop
  endfacet
  facet normal 0 -1 0
    outer loop
      vertex 51.663 0.599999 11.1658
      vertex 51.4717 0.599999 11.7884
      vertex 51.2576 0.599999 11.6932
    endloop
  endfacet
  facet normal 0 -1 0
    outer loop
      vertex 52.5503 0.599999 11.2759
      vertex 52.5175 0.599999 11.8971
      vertex 52.4015 0.599999 11.3037
    endloop
  endfacet
  facet normal 0 -1 0
    outer loop
      vertex 51.5509 0.599999 11.083
      vertex 51.2576 0.599999 11.6932
      vertex 51.0645 0.599999 11.5708
    endloop
  endfacet
  facet normal 0 -1 0
    outer loop
      vertex 52.5175 0.599999 11.8971
      vertex 52.5503 0.599999 11.2759
      vertex 52.7738 0.599999 11.8558
    endloop
  endfacet
  facet normal 0 -1 0
    outer loop
      vertex 51.4517 0.599999 10.9818
      vertex 51.0645 0.599999 11.5708
      vertex 50.8925 0.599999 11.4212
    endloop
  endfacet
  facet normal 0 -1 0
    outer loop
      vertex 52.6867 0.599999 11.2295
      vertex 52.7738 0.599999 11.8558
      vertex 52.5503 0.599999 11.2759
    endloop
  endfacet
  facet normal 0 -1 -0
    outer loop
      vertex 52.7738 0.599999 11.8558
      vertex 52.6867 0.599999 11.2295
      vertex 53.0091 0.599999 11.7871
    endloop
  endfacet
  facet normal 0 -1 0
    outer loop
      vertex 52.2402 0.599999 11.9108
      vertex 52.4015 0.599999 11.3037
      vertex 52.5175 0.599999 11.8971
    endloop
  endfacet
  facet normal 0 -1 -0
    outer loop
      vertex 51.963 0.599999 11.8972
      vertex 51.9258 0.599999 11.2762
      vertex 52.0766 0.599999 11.3038
    endloop
  endfacet
  facet normal 0 -1 0
    outer loop
      vertex 51.3667 0.599999 10.8642
      vertex 50.8925 0.599999 11.4212
      vertex 50.7445 0.599999 11.2473
    endloop
  endfacet
  facet normal 0 -1 0
    outer loop
      vertex 51.7068 0.599999 11.8564
      vertex 51.788 0.599999 11.2302
      vertex 51.9258 0.599999 11.2762
    endloop
  endfacet
  facet normal 0 -1 0
    outer loop
      vertex 51.4717 0.599999 11.7884
      vertex 51.663 0.599999 11.1658
      vertex 51.788 0.599999 11.2302
    endloop
  endfacet
  facet normal 0 -1 0
    outer loop
      vertex 51.2576 0.599999 11.6932
      vertex 51.5509 0.599999 11.083
      vertex 51.663 0.599999 11.1658
    endloop
  endfacet
  facet normal 0 -1 0
    outer loop
      vertex 51.2971 0.599999 10.732
      vertex 50.7445 0.599999 11.2473
      vertex 50.6234 0.599999 11.0521
    endloop
  endfacet
  facet normal 0 -1 0
    outer loop
      vertex 51.0645 0.599999 11.5708
      vertex 51.4517 0.599999 10.9818
      vertex 51.5509 0.599999 11.083
    endloop
  endfacet
  facet normal 0 -1 0
    outer loop
      vertex 50.8925 0.599999 11.4212
      vertex 51.3667 0.599999 10.8642
      vertex 51.4517 0.599999 10.9818
    endloop
  endfacet
  facet normal 0 -1 0
    outer loop
      vertex 51.2971 0.599999 10.732
      vertex 50.6234 0.599999 11.0521
      vertex 50.5292 0.599999 10.8356
    endloop
  endfacet
  facet normal 0 -1 0
    outer loop
      vertex 50.7445 0.599999 11.2473
      vertex 51.2971 0.599999 10.732
      vertex 51.3667 0.599999 10.8642
    endloop
  endfacet
  facet normal 0 -1 0
    outer loop
      vertex 51.243 0.599999 10.5853
      vertex 50.5292 0.599999 10.8356
      vertex 50.4619 0.599999 10.5977
    endloop
  endfacet
  facet normal 0 -1 0
    outer loop
      vertex 50.5292 0.599999 10.8356
      vertex 51.243 0.599999 10.5853
      vertex 51.2971 0.599999 10.732
    endloop
  endfacet
  facet normal 0 -1 0
    outer loop
      vertex 50.4619 0.599999 10.5977
      vertex 51.2043 0.599999 10.4241
      vertex 51.243 0.599999 10.5853
    endloop
  endfacet
  facet normal 0 -1 0
    outer loop
      vertex 50.4215 0.599999 10.3385
      vertex 51.2043 0.599999 10.4241
      vertex 50.4619 0.599999 10.5977
    endloop
  endfacet
  facet normal 0 -1 0
    outer loop
      vertex 50.4215 0.599999 10.3385
      vertex 51.1811 0.599999 10.2483
      vertex 51.2043 0.599999 10.4241
    endloop
  endfacet
  facet normal 0 -1 0
    outer loop
      vertex 50.4081 0.599999 10.058
      vertex 51.1811 0.599999 10.2483
      vertex 50.4215 0.599999 10.3385
    endloop
  endfacet
  facet normal 0 -1 0
    outer loop
      vertex 50.4081 0.599999 10.058
      vertex 51.1734 0.599999 10.058
      vertex 51.1811 0.599999 10.2483
    endloop
  endfacet
  facet normal 0 -1 0
    outer loop
      vertex 50.4081 0.599999 10.058
      vertex 51.1813 0.599999 9.86581
      vertex 51.1734 0.599999 10.058
    endloop
  endfacet
  facet normal 0 -1 0
    outer loop
      vertex 50.4215 0.599999 9.77634
      vertex 51.1813 0.599999 9.86581
      vertex 50.4081 0.599999 10.058
    endloop
  endfacet
  facet normal 0 -1 0
    outer loop
      vertex 50.4215 0.599999 9.77634
      vertex 51.205 0.599999 9.68768
      vertex 51.1813 0.599999 9.86581
    endloop
  endfacet
  facet normal 0 -1 0
    outer loop
      vertex 50.462 0.599999 9.51532
      vertex 51.205 0.599999 9.68768
      vertex 50.4215 0.599999 9.77634
    endloop
  endfacet
  facet normal 0 -1 -0
    outer loop
      vertex 51.205 0.599999 9.68768
      vertex 50.462 0.599999 9.51532
      vertex 51.2446 0.599999 9.52365
    endloop
  endfacet
  facet normal 0 -1 0
    outer loop
      vertex 50.5295 0.599999 9.27499
      vertex 51.2446 0.599999 9.52365
      vertex 50.462 0.599999 9.51532
    endloop
  endfacet
  facet normal 0 -1 -0
    outer loop
      vertex 51.2446 0.599999 9.52365
      vertex 50.5295 0.599999 9.27499
      vertex 51.3 0.599999 9.37373
    endloop
  endfacet
  facet normal 0 -1 0
    outer loop
      vertex 50.6239 0.599999 9.05534
      vertex 51.3 0.599999 9.37373
      vertex 50.5295 0.599999 9.27499
    endloop
  endfacet
  facet normal 0 -1 0
    outer loop
      vertex 50.7454 0.599999 8.85638
      vertex 51.3 0.599999 9.37373
      vertex 50.6239 0.599999 9.05534
    endloop
  endfacet
  facet normal 0 -1 -0
    outer loop
      vertex 51.3 0.599999 9.37373
      vertex 50.7454 0.599999 8.85638
      vertex 51.3711 0.599999 9.2379
    endloop
  endfacet
  facet normal 0 -1 0
    outer loop
      vertex 50.8938 0.599999 8.67812
      vertex 51.3711 0.599999 9.2379
      vertex 50.7454 0.599999 8.85638
    endloop
  endfacet
  facet normal 0 -1 -0
    outer loop
      vertex 51.3711 0.599999 9.2379
      vertex 50.8938 0.599999 8.67812
      vertex 51.4581 0.599999 9.11618
    endloop
  endfacet
  facet normal 0 -1 0
    outer loop
      vertex 51.066 0.599999 8.52419
      vertex 51.4581 0.599999 9.11618
      vertex 50.8938 0.599999 8.67812
    endloop
  endfacet
  facet normal 0 -1 -0
    outer loop
      vertex 51.4581 0.599999 9.11618
      vertex 51.066 0.599999 8.52419
      vertex 51.5588 0.599999 9.01106
    endloop
  endfacet
  facet normal 0 -1 0
    outer loop
      vertex 51.2587 0.599999 8.39825
      vertex 51.5588 0.599999 9.01106
      vertex 51.066 0.599999 8.52419
    endloop
  endfacet
  facet normal 0 -1 -0
    outer loop
      vertex 51.5588 0.599999 9.01106
      vertex 51.2587 0.599999 8.39825
      vertex 51.671 0.599999 8.92506
    endloop
  endfacet
  facet normal 0 -1 0
    outer loop
      vertex 51.472 0.599999 8.30029
      vertex 51.671 0.599999 8.92506
      vertex 51.2587 0.599999 8.39825
    endloop
  endfacet
  facet normal 0 -1 -0
    outer loop
      vertex 51.671 0.599999 8.92506
      vertex 51.472 0.599999 8.30029
      vertex 51.7947 0.599999 8.85817
    endloop
  endfacet
  facet normal 0 -1 0
    outer loop
      vertex 51.7058 0.599999 8.23033
      vertex 51.7947 0.599999 8.85817
      vertex 51.472 0.599999 8.30029
    endloop
  endfacet
  facet normal -0 -1 0
    outer loop
      vertex 52.4167 0.599999 8.18069
      vertex 52.235 0.599999 8.77217
      vertex 52.235 0.599999 8.17436
    endloop
  endfacet
  facet normal 0 -1 -0
    outer loop
      vertex 51.7947 0.599999 8.85817
      vertex 51.7058 0.599999 8.23033
      vertex 51.93 0.599999 8.81039
    endloop
  endfacet
  facet normal -0 -1 0
    outer loop
      vertex 52.5907 0.599999 8.19969
      vertex 52.235 0.599999 8.77217
      vertex 52.4167 0.599999 8.18069
    endloop
  endfacet
  facet normal -0 -1 0
    outer loop
      vertex 52.7569 0.599999 8.23137
      vertex 52.235 0.599999 8.77217
      vertex 52.5907 0.599999 8.19969
    endloop
  endfacet
  facet normal 0 -1 0
    outer loop
      vertex 51.9602 0.599999 8.18835
      vertex 51.93 0.599999 8.81039
      vertex 51.7058 0.599999 8.23033
    endloop
  endfacet
  facet normal 0 -1 0
    outer loop
      vertex 52.235 0.599999 8.77217
      vertex 53.4659 0.599999 8.57692
      vertex 53.5782 0.599999 8.68103
    endloop
  endfacet
  facet normal 0 -1 0
    outer loop
      vertex 51.93 0.599999 8.81039
      vertex 51.9602 0.599999 8.18835
      vertex 52.0768 0.599999 8.78172
    endloop
  endfacet
  facet normal 0 -1 0
    outer loop
      vertex 52.235 0.599999 8.77217
      vertex 53.3429 0.599999 8.48404
      vertex 53.4659 0.599999 8.57692
    endloop
  endfacet
  facet normal 0 -1 0
    outer loop
      vertex 52.235 0.599999 8.77217
      vertex 53.0661 0.599999 8.33272
      vertex 53.2091 0.599999 8.40239
    endloop
  endfacet
  facet normal 0 -1 0
    outer loop
      vertex 52.235 0.599999 8.17436
      vertex 52.0768 0.599999 8.78172
      vertex 51.9602 0.599999 8.18835
    endloop
  endfacet
  facet normal 0 -1 0
    outer loop
      vertex 52.235 0.599999 8.77217
      vertex 52.7569 0.599999 8.23137
      vertex 52.9154 0.599999 8.27571
    endloop
  endfacet
  facet normal 0 -1 0
    outer loop
      vertex 52.0768 0.599999 8.78172
      vertex 52.235 0.599999 8.17436
      vertex 52.235 0.599999 8.77217
    endloop
  endfacet
  facet normal 0 -1 0
    outer loop
      vertex 52.235 0.599999 8.77217
      vertex 52.9154 0.599999 8.27571
      vertex 53.0661 0.599999 8.33272
    endloop
  endfacet
  facet normal 0 -1 0
    outer loop
      vertex 52.235 0.599999 8.77217
      vertex 53.2091 0.599999 8.40239
      vertex 53.3429 0.599999 8.48404
    endloop
  endfacet
  facet normal 0 -1 0
    outer loop
      vertex 52.8106 0.599999 11.1646
      vertex 53.0091 0.599999 11.7871
      vertex 52.6867 0.599999 11.2295
    endloop
  endfacet
  facet normal 0 -1 -0
    outer loop
      vertex 53.0091 0.599999 11.7871
      vertex 52.8106 0.599999 11.1646
      vertex 53.2234 0.599999 11.6909
    endloop
  endfacet
  facet normal 0 -1 0
    outer loop
      vertex 52.922 0.599999 11.0812
      vertex 53.2234 0.599999 11.6909
      vertex 52.8106 0.599999 11.1646
    endloop
  endfacet
  facet normal 0 -1 -0
    outer loop
      vertex 53.2234 0.599999 11.6909
      vertex 52.922 0.599999 11.0812
      vertex 53.4168 0.599999 11.5672
    endloop
  endfacet
  facet normal 0 -1 0
    outer loop
      vertex 53.021 0.599999 10.9792
      vertex 53.4168 0.599999 11.5672
      vertex 52.922 0.599999 11.0812
    endloop
  endfacet
  facet normal 0 -1 -0
    outer loop
      vertex 53.4168 0.599999 11.5672
      vertex 53.021 0.599999 10.9792
      vertex 53.5892 0.599999 11.416
    endloop
  endfacet
  facet normal 0 -1 0
    outer loop
      vertex 53.106 0.599999 10.861
      vertex 53.5892 0.599999 11.416
      vertex 53.021 0.599999 10.9792
    endloop
  endfacet
  facet normal 0 -1 -0
    outer loop
      vertex 53.5892 0.599999 11.416
      vertex 53.106 0.599999 10.861
      vertex 53.7376 0.599999 11.2409
    endloop
  endfacet
  facet normal 0 -1 0
    outer loop
      vertex 53.1756 0.599999 10.7286
      vertex 53.7376 0.599999 11.2409
      vertex 53.106 0.599999 10.861
    endloop
  endfacet
  facet normal 0 -1 -0
    outer loop
      vertex 53.7376 0.599999 11.2409
      vertex 53.1756 0.599999 10.7286
      vertex 53.859 0.599999 11.0453
    endloop
  endfacet
  facet normal 0 -1 -0
    outer loop
      vertex 53.859 0.599999 11.0453
      vertex 53.1756 0.599999 10.7286
      vertex 53.9535 0.599999 10.8292
    endloop
  endfacet
  facet normal 0 -1 0
    outer loop
      vertex 53.2297 0.599999 10.5821
      vertex 53.9535 0.599999 10.8292
      vertex 53.1756 0.599999 10.7286
    endloop
  endfacet
  facet normal 0 -1 -0
    outer loop
      vertex 53.9535 0.599999 10.8292
      vertex 53.2297 0.599999 10.5821
      vertex 54.021 0.599999 10.5926
    endloop
  endfacet
  facet normal 0 -1 0
    outer loop
      vertex 53.2684 0.599999 10.4215
      vertex 54.021 0.599999 10.5926
      vertex 53.2297 0.599999 10.5821
    endloop
  endfacet
  facet normal 0 -1 0
    outer loop
      vertex 53.2684 0.599999 10.4215
      vertex 54.0614 0.599999 10.3356
      vertex 54.021 0.599999 10.5926
    endloop
  endfacet
  facet normal 0 -1 0
    outer loop
      vertex 53.2916 0.599999 10.2468
      vertex 54.0614 0.599999 10.3356
      vertex 53.2684 0.599999 10.4215
    endloop
  endfacet
  facet normal 0 -1 0
    outer loop
      vertex 54.0749 0.599999 10.058
      vertex 53.2916 0.599999 10.2468
      vertex 53.2993 0.599999 10.058
    endloop
  endfacet
  facet normal 0 -1 0
    outer loop
      vertex 53.2916 0.599999 10.2468
      vertex 54.0749 0.599999 10.058
      vertex 54.0614 0.599999 10.3356
    endloop
  endfacet
  facet normal 0 -1 0
    outer loop
      vertex 53.2993 0.599999 10.058
      vertex 54.0687 0.599999 9.87288
      vertex 54.0749 0.599999 10.058
    endloop
  endfacet
  facet normal 0 -1 0
    outer loop
      vertex 53.2916 0.599999 9.86057
      vertex 54.0687 0.599999 9.87288
      vertex 53.2993 0.599999 10.058
    endloop
  endfacet
  facet normal 0 -1 0
    outer loop
      vertex 53.2916 0.599999 9.86057
      vertex 54.05 0.599999 9.69528
      vertex 54.0687 0.599999 9.87288
    endloop
  endfacet
  facet normal 0 -1 0
    outer loop
      vertex 53.2685 0.599999 9.67868
      vertex 54.05 0.599999 9.69528
      vertex 53.2916 0.599999 9.86057
    endloop
  endfacet
  facet normal 0 -1 0
    outer loop
      vertex 53.2685 0.599999 9.67868
      vertex 54.0189 0.599999 9.52527
      vertex 54.05 0.599999 9.69528
    endloop
  endfacet
  facet normal 0 -1 0
    outer loop
      vertex 53.9753 0.599999 9.36285
      vertex 53.2685 0.599999 9.67868
      vertex 53.2301 0.599999 9.51241
    endloop
  endfacet
  facet normal 0 -1 0
    outer loop
      vertex 53.2685 0.599999 9.67868
      vertex 53.9753 0.599999 9.36285
      vertex 54.0189 0.599999 9.52527
    endloop
  endfacet
  facet normal 0 -1 0
    outer loop
      vertex 53.9192 0.599999 9.20802
      vertex 53.2301 0.599999 9.51241
      vertex 53.1762 0.599999 9.36172
    endloop
  endfacet
  facet normal 0 -1 0
    outer loop
      vertex 53.7706 0.599999 8.92296
      vertex 53.1762 0.599999 9.36172
      vertex 53.1069 0.599999 9.22665
    endloop
  endfacet
  facet normal 0 -1 0
    outer loop
      vertex 53.2301 0.599999 9.51241
      vertex 53.9192 0.599999 9.20802
      vertex 53.9753 0.599999 9.36285
    endloop
  endfacet
  facet normal 0 -1 0
    outer loop
      vertex 53.5782 0.599999 8.68103
      vertex 53.1069 0.599999 9.22665
      vertex 53.0223 0.599999 9.10718
    endloop
  endfacet
  facet normal 0 -1 0
    outer loop
      vertex 53.1762 0.599999 9.36172
      vertex 53.8507 0.599999 9.06078
      vertex 53.9192 0.599999 9.20802
    endloop
  endfacet
  facet normal 0 -1 0
    outer loop
      vertex 53.5782 0.599999 8.68103
      vertex 53.0223 0.599999 9.10718
      vertex 52.9235 0.599999 9.00482
    endloop
  endfacet
  facet normal 0 -1 0
    outer loop
      vertex 53.1762 0.599999 9.36172
      vertex 53.7706 0.599999 8.92296
      vertex 53.8507 0.599999 9.06078
    endloop
  endfacet
  facet normal 0 -1 0
    outer loop
      vertex 53.5782 0.599999 8.68103
      vertex 52.9235 0.599999 9.00482
      vertex 52.8117 0.599999 8.92107
    endloop
  endfacet
  facet normal 0 -1 0
    outer loop
      vertex 53.5782 0.599999 8.68103
      vertex 52.8117 0.599999 8.92107
      vertex 52.687 0.599999 8.85593
    endloop
  endfacet
  facet normal 0 -1 0
    outer loop
      vertex 53.5782 0.599999 8.68103
      vertex 52.687 0.599999 8.85593
      vertex 52.5493 0.599999 8.80939
    endloop
  endfacet
  facet normal 0 -1 0
    outer loop
      vertex 53.1069 0.599999 9.22665
      vertex 53.6798 0.599999 8.79637
      vertex 53.7706 0.599999 8.92296
    endloop
  endfacet
  facet normal 0 -1 0
    outer loop
      vertex 53.5782 0.599999 8.68103
      vertex 52.5493 0.599999 8.80939
      vertex 52.3987 0.599999 8.78148
    endloop
  endfacet
  facet normal 0 -1 0
    outer loop
      vertex 53.5782 0.599999 8.68103
      vertex 52.3987 0.599999 8.78148
      vertex 52.235 0.599999 8.77217
    endloop
  endfacet
  facet normal 0 -1 0
    outer loop
      vertex 53.1069 0.599999 9.22665
      vertex 53.5782 0.599999 8.68103
      vertex 53.6798 0.599999 8.79637
    endloop
  endfacet
  facet normal 0 -1 0
    outer loop
      vertex 48.1848 0.599999 8.22588
      vertex 48.945 0.599999 11.2692
      vertex 48.1848 0.599999 11.2692
    endloop
  endfacet
  facet normal 0 -1 -0
    outer loop
      vertex 48.945 0.599999 11.2692
      vertex 48.1848 0.599999 8.22588
      vertex 48.945 0.599999 8.22588
    endloop
  endfacet
  facet normal 0 -1 0
    outer loop
      vertex 48.1848 0.599999 11.2692
      vertex 47.0124 0.599999 11.8567
      vertex 47.0124 0.599999 11.2692
    endloop
  endfacet
  facet normal 0 -1 0
    outer loop
      vertex 47.0124 0.599999 11.8567
      vertex 48.1848 0.599999 11.2692
      vertex 50.1201 0.599999 11.8567
    endloop
  endfacet
  facet normal 0 -1 0
    outer loop
      vertex 48.945 0.599999 11.2692
      vertex 50.1201 0.599999 11.8567
      vertex 48.1848 0.599999 11.2692
    endloop
  endfacet
  facet normal 0 -1 -0
    outer loop
      vertex 50.1201 0.599999 11.8567
      vertex 48.945 0.599999 11.2692
      vertex 50.1201 0.599999 11.2692
    endloop
  endfacet
  facet normal 0 -1 0
    outer loop
      vertex 54.7942 0.599999 11.8567
      vertex 55.4384 0.599999 11.2176
      vertex 55.812 0.599999 11.8567
    endloop
  endfacet
  facet normal 0 -1 0
    outer loop
      vertex 54.7942 0.599999 11.8567
      vertex 55.4478 0.599999 11.0296
      vertex 55.4384 0.599999 11.2176
    endloop
  endfacet
  facet normal 0 -1 0
    outer loop
      vertex 54.7942 0.599999 11.8567
      vertex 55.4556 0.599999 10.864
      vertex 55.4478 0.599999 11.0296
    endloop
  endfacet
  facet normal 0 -1 0
    outer loop
      vertex 54.7942 0.599999 11.8567
      vertex 55.4616 0.599999 10.7209
      vertex 55.4556 0.599999 10.864
    endloop
  endfacet
  facet normal 0 -1 0
    outer loop
      vertex 54.7942 0.599999 11.8567
      vertex 55.4659 0.599999 10.6003
      vertex 55.4616 0.599999 10.7209
    endloop
  endfacet
  facet normal 0 -1 0
    outer loop
      vertex 54.7942 0.599999 11.8567
      vertex 55.4684 0.599999 10.5022
      vertex 55.4659 0.599999 10.6003
    endloop
  endfacet
  facet normal 0 -1 0
    outer loop
      vertex 54.7942 0.599999 11.8567
      vertex 55.4693 0.599999 10.4265
      vertex 55.4684 0.599999 10.5022
    endloop
  endfacet
  facet normal 0 -1 0
    outer loop
      vertex 54.7942 0.599999 8.22588
      vertex 55.4693 0.599999 10.4265
      vertex 54.7942 0.599999 11.8567
    endloop
  endfacet
  facet normal 0 -1 -0
    outer loop
      vertex 55.4693 0.599999 10.4265
      vertex 54.7942 0.599999 8.22588
      vertex 55.4693 0.599999 8.22588
    endloop
  endfacet
  facet normal 0 -1 0
    outer loop
      vertex 55.7141 0.599999 10.2513
      vertex 55.812 0.599999 11.8567
      vertex 55.4384 0.599999 11.2176
    endloop
  endfacet
  facet normal 0 -1 0
    outer loop
      vertex 55.7141 0.599999 10.2513
      vertex 56.4614 0.599999 9.82614
      vertex 55.812 0.599999 11.8567
    endloop
  endfacet
  facet normal 0 -1 0
    outer loop
      vertex 55.7141 0.599999 10.2513
      vertex 56.5181 0.599999 9.63028
      vertex 56.4614 0.599999 9.82614
    endloop
  endfacet
  facet normal 0 -1 0
    outer loop
      vertex 55.7141 0.599999 10.2513
      vertex 56.6418 0.599999 9.14323
      vertex 56.5181 0.599999 9.63028
    endloop
  endfacet
  facet normal -0 -1 0
    outer loop
      vertex 56.6418 0.599999 9.14323
      vertex 55.7141 0.599999 10.2513
      vertex 56.3686 0.599999 8.22588
    endloop
  endfacet
  facet normal 0 -1 0
    outer loop
      vertex 57.4716 0.599999 11.8567
      vertex 57.8349 0.599999 11.2176
      vertex 58.4843 0.599999 11.8567
    endloop
  endfacet
  facet normal 0 -1 0
    outer loop
      vertex 57.4716 0.599999 11.8567
      vertex 57.7765 0.599999 10.9982
      vertex 57.8349 0.599999 11.2176
    endloop
  endfacet
  facet normal 0 -1 0
    outer loop
      vertex 57.4716 0.599999 11.8567
      vertex 57.7235 0.599999 10.8022
      vertex 57.7765 0.599999 10.9982
    endloop
  endfacet
  facet normal 0 -1 0
    outer loop
      vertex 57.4716 0.599999 11.8567
      vertex 57.6758 0.599999 10.6295
      vertex 57.7235 0.599999 10.8022
    endloop
  endfacet
  facet normal 0 -1 0
    outer loop
      vertex 56.8041 0.599999 9.72563
      vertex 57.6758 0.599999 10.6295
      vertex 57.4716 0.599999 11.8567
    endloop
  endfacet
  facet normal 0 -1 0
    outer loop
      vertex 57.6758 0.599999 10.6295
      vertex 56.8041 0.599999 9.72563
      vertex 57.6333 0.599999 10.4801
    endloop
  endfacet
  facet normal 0 -1 0
    outer loop
      vertex 57.6333 0.599999 10.4801
      vertex 56.8041 0.599999 9.72563
      vertex 57.5962 0.599999 10.354
    endloop
  endfacet
  facet normal 0 -1 0
    outer loop
      vertex 57.5962 0.599999 10.354
      vertex 56.8041 0.599999 9.72563
      vertex 57.5643 0.599999 10.2513
    endloop
  endfacet
  facet normal 0 -1 0
    outer loop
      vertex 56.6418 0.599999 9.14323
      vertex 57.5643 0.599999 10.2513
      vertex 56.8041 0.599999 9.72563
    endloop
  endfacet
  facet normal 0 -1 0
    outer loop
      vertex 56.9098 0.599999 8.22588
      vertex 56.6418 0.599999 9.14323
      vertex 56.3686 0.599999 8.22588
    endloop
  endfacet
  facet normal 0 -1 0
    outer loop
      vertex 56.6418 0.599999 9.14323
      vertex 56.9098 0.599999 8.22588
      vertex 57.5643 0.599999 10.2513
    endloop
  endfacet
  facet normal 0 -1 0
    outer loop
      vertex 57.8277 0.599999 11.0423
      vertex 58.4843 0.599999 11.8567
      vertex 57.8349 0.599999 11.2176
    endloop
  endfacet
  facet normal 0 -1 0
    outer loop
      vertex 57.8219 0.599999 10.8944
      vertex 58.4843 0.599999 11.8567
      vertex 57.8277 0.599999 11.0423
    endloop
  endfacet
  facet normal 0 -1 0
    outer loop
      vertex 57.8172 0.599999 10.7738
      vertex 58.4843 0.599999 11.8567
      vertex 57.8219 0.599999 10.8944
    endloop
  endfacet
  facet normal 0 -1 0
    outer loop
      vertex 57.8137 0.599999 10.6805
      vertex 58.4843 0.599999 11.8567
      vertex 57.8172 0.599999 10.7738
    endloop
  endfacet
  facet normal 0 -1 0
    outer loop
      vertex 57.8114 0.599999 10.6146
      vertex 58.4843 0.599999 11.8567
      vertex 57.8137 0.599999 10.6805
    endloop
  endfacet
  facet normal 0 -1 0
    outer loop
      vertex 57.8104 0.599999 10.576
      vertex 58.4843 0.599999 11.8567
      vertex 57.8114 0.599999 10.6146
    endloop
  endfacet
  facet normal 0 -1 0
    outer loop
      vertex 57.81 0.599999 10.5511
      vertex 58.4843 0.599999 11.8567
      vertex 57.8104 0.599999 10.576
    endloop
  endfacet
  facet normal 0 -1 0
    outer loop
      vertex 57.8097 0.599999 10.5262
      vertex 58.4843 0.599999 11.8567
      vertex 57.81 0.599999 10.5511
    endloop
  endfacet
  facet normal 0 -1 0
    outer loop
      vertex 57.8094 0.599999 10.5012
      vertex 58.4843 0.599999 11.8567
      vertex 57.8097 0.599999 10.5262
    endloop
  endfacet
  facet normal 0 -1 0
    outer loop
      vertex 57.8092 0.599999 10.4763
      vertex 58.4843 0.599999 11.8567
      vertex 57.8094 0.599999 10.5012
    endloop
  endfacet
  facet normal 0 -1 0
    outer loop
      vertex 57.8091 0.599999 10.4514
      vertex 58.4843 0.599999 11.8567
      vertex 57.8092 0.599999 10.4763
    endloop
  endfacet
  facet normal 0 -1 0
    outer loop
      vertex 57.8091 0.599999 10.4265
      vertex 58.4843 0.599999 11.8567
      vertex 57.8091 0.599999 10.4514
    endloop
  endfacet
  facet normal 0 -1 0
    outer loop
      vertex 58.4843 0.599999 8.22588
      vertex 57.8091 0.599999 10.4265
      vertex 57.8091 0.599999 8.22588
    endloop
  endfacet
  facet normal 0 -1 0
    outer loop
      vertex 57.8091 0.599999 10.4265
      vertex 58.4843 0.599999 8.22588
      vertex 58.4843 0.599999 11.8567
    endloop
  endfacet
  facet normal 0 -1 0
    outer loop
      vertex 63.8198 0.599999 9.71533
      vertex 63.3225 0.599999 11.8567
      vertex 62.5262 0.599999 11.8567
    endloop
  endfacet
  facet normal 0 -1 0
    outer loop
      vertex 63.3225 0.599999 11.8567
      vertex 63.8198 0.599999 9.71533
      vertex 64.1935 0.599999 10.3209
    endloop
  endfacet
  facet normal 0 -1 0
    outer loop
      vertex 64.5774 0.599999 9.71533
      vertex 65.0748 0.599999 11.8567
      vertex 64.1935 0.599999 10.3209
    endloop
  endfacet
  facet normal 0 -1 0
    outer loop
      vertex 64.5774 0.599999 9.71533
      vertex 64.1935 0.599999 10.3209
      vertex 63.8198 0.599999 9.71533
    endloop
  endfacet
  facet normal 0 -1 -0
    outer loop
      vertex 65.0748 0.599999 11.8567
      vertex 64.5774 0.599999 9.71533
      vertex 65.871 0.599999 11.8567
    endloop
  endfacet
  facet normal 0 -1 0
    outer loop
      vertex 63.8198 0.599999 8.22588
      vertex 64.5774 0.599999 9.71533
      vertex 63.8198 0.599999 9.71533
    endloop
  endfacet
  facet normal 0 -1 -0
    outer loop
      vertex 64.5774 0.599999 9.71533
      vertex 63.8198 0.599999 8.22588
      vertex 64.5774 0.599999 8.22588
    endloop
  endfacet
  facet normal 0 -1 0
    outer loop
      vertex 43.3246 0.599999 11.8567
      vertex 44.0848 0.599999 9.64575
      vertex 44.0848 0.599999 11.8567
    endloop
  endfacet
  facet normal 0 -1 0
    outer loop
      vertex 43.3246 0.599999 9.58647
      vertex 44.0848 0.599999 9.64575
      vertex 43.3246 0.599999 11.8567
    endloop
  endfacet
  facet normal 0 -1 0
    outer loop
      vertex 43.3246 0.599999 9.58647
      vertex 44.0905 0.599999 9.50807
      vertex 44.0848 0.599999 9.64575
    endloop
  endfacet
  facet normal 0 -1 0
    outer loop
      vertex 43.3357 0.599999 9.36844
      vertex 44.0905 0.599999 9.50807
      vertex 43.3246 0.599999 9.58647
    endloop
  endfacet
  facet normal 0 -1 -0
    outer loop
      vertex 44.0905 0.599999 9.50807
      vertex 43.3357 0.599999 9.36844
      vertex 44.1075 0.599999 9.3819
    endloop
  endfacet
  facet normal 0 -1 0
    outer loop
      vertex 43.3688 0.599999 9.16788
      vertex 44.1075 0.599999 9.3819
      vertex 43.3357 0.599999 9.36844
    endloop
  endfacet
  facet normal 0 -1 -0
    outer loop
      vertex 44.1075 0.599999 9.3819
      vertex 43.3688 0.599999 9.16788
      vertex 44.136 0.599999 9.26726
    endloop
  endfacet
  facet normal 0 -1 0
    outer loop
      vertex 43.4241 0.599999 8.98479
      vertex 44.136 0.599999 9.26726
      vertex 43.3688 0.599999 9.16788
    endloop
  endfacet
  facet normal 0 -1 -0
    outer loop
      vertex 44.136 0.599999 9.26726
      vertex 43.4241 0.599999 8.98479
      vertex 44.1758 0.599999 9.16415
    endloop
  endfacet
  facet normal 0 -1 0
    outer loop
      vertex 43.5015 0.599999 8.81914
      vertex 44.1758 0.599999 9.16415
      vertex 43.4241 0.599999 8.98479
    endloop
  endfacet
  facet normal 0 -1 0
    outer loop
      vertex 43.6011 0.599999 8.67097
      vertex 44.1758 0.599999 9.16415
      vertex 43.5015 0.599999 8.81914
    endloop
  endfacet
  facet normal 0 -1 -0
    outer loop
      vertex 44.1758 0.599999 9.16415
      vertex 43.6011 0.599999 8.67097
      vertex 44.2271 0.599999 9.07256
    endloop
  endfacet
  facet normal 0 -1 0
    outer loop
      vertex 43.7227 0.599999 8.54025
      vertex 44.2271 0.599999 9.07256
      vertex 43.6011 0.599999 8.67097
    endloop
  endfacet
  facet normal 0 -1 -0
    outer loop
      vertex 44.2271 0.599999 9.07256
      vertex 43.7227 0.599999 8.54025
      vertex 44.2896 0.599999 8.99249
    endloop
  endfacet
  facet normal 0 -1 0
    outer loop
      vertex 43.8652 0.599999 8.42845
      vertex 44.2896 0.599999 8.99249
      vertex 43.7227 0.599999 8.54025
    endloop
  endfacet
  facet normal 0 -1 -0
    outer loop
      vertex 44.2896 0.599999 8.99249
      vertex 43.8652 0.599999 8.42845
      vertex 44.3633 0.599999 8.92438
    endloop
  endfacet
  facet normal 0 -1 0
    outer loop
      vertex 44.0272 0.599999 8.33698
      vertex 44.3633 0.599999 8.92438
      vertex 43.8652 0.599999 8.42845
    endloop
  endfacet
  facet normal 0 -1 -0
    outer loop
      vertex 44.3633 0.599999 8.92438
      vertex 44.0272 0.599999 8.33698
      vertex 44.4476 0.599999 8.86865
    endloop
  endfacet
  facet normal 0 -1 0
    outer loop
      vertex 44.2088 0.599999 8.26582
      vertex 44.4476 0.599999 8.86865
      vertex 44.0272 0.599999 8.33698
    endloop
  endfacet
  facet normal 0 -1 -0
    outer loop
      vertex 44.4476 0.599999 8.86865
      vertex 44.2088 0.599999 8.26582
      vertex 44.5425 0.599999 8.82532
    endloop
  endfacet
  facet normal -0 -1 0
    outer loop
      vertex 45.1188 0.599999 8.18491
      vertex 44.8913 0.599999 8.76959
      vertex 44.8707 0.599999 8.17436
    endloop
  endfacet
  facet normal 0 -1 0
    outer loop
      vertex 44.4099 0.599999 8.21501
      vertex 44.5425 0.599999 8.82532
      vertex 44.2088 0.599999 8.26582
    endloop
  endfacet
  facet normal -0 -1 0
    outer loop
      vertex 45.3476 0.599999 8.21658
      vertex 44.8913 0.599999 8.76959
      vertex 45.1188 0.599999 8.18491
    endloop
  endfacet
  facet normal 0 -1 -0
    outer loop
      vertex 44.5425 0.599999 8.82532
      vertex 44.4099 0.599999 8.21501
      vertex 44.6481 0.599999 8.79436
    endloop
  endfacet
  facet normal -0 -1 0
    outer loop
      vertex 45.5571 0.599999 8.26938
      vertex 44.8913 0.599999 8.76959
      vertex 45.3476 0.599999 8.21658
    endloop
  endfacet
  facet normal 0 -1 0
    outer loop
      vertex 44.6305 0.599999 8.18452
      vertex 44.6481 0.599999 8.79436
      vertex 44.4099 0.599999 8.21501
    endloop
  endfacet
  facet normal -0 -1 0
    outer loop
      vertex 45.7474 0.599999 8.34328
      vertex 44.8913 0.599999 8.76959
      vertex 45.5571 0.599999 8.26938
    endloop
  endfacet
  facet normal 0 -1 -0
    outer loop
      vertex 44.6481 0.599999 8.79436
      vertex 44.6305 0.599999 8.18452
      vertex 44.7644 0.599999 8.77577
    endloop
  endfacet
  facet normal 0 -1 0
    outer loop
      vertex 44.8913 0.599999 8.76959
      vertex 45.9185 0.599999 8.43829
      vertex 46.0703 0.599999 8.55443
    endloop
  endfacet
  facet normal 0 -1 0
    outer loop
      vertex 44.8707 0.599999 8.17436
      vertex 44.7644 0.599999 8.77577
      vertex 44.6305 0.599999 8.18452
    endloop
  endfacet
  facet normal 0 -1 0
    outer loop
      vertex 44.8913 0.599999 8.76959
      vertex 45.7474 0.599999 8.34328
      vertex 45.9185 0.599999 8.43829
    endloop
  endfacet
  facet normal 0 -1 0
    outer loop
      vertex 44.7644 0.599999 8.77577
      vertex 44.8707 0.599999 8.17436
      vertex 44.8913 0.599999 8.76959
    endloop
  endfacet
  facet normal 0 -1 0
    outer loop
      vertex 44.8913 0.599999 8.76959
      vertex 46.0703 0.599999 8.55443
      vertex 46.2006 0.599999 8.68974
    endloop
  endfacet
  facet normal 0 -1 0
    outer loop
      vertex 45.7365 0.599999 9.67152
      vertex 46.4967 0.599999 11.8567
      vertex 45.7365 0.599999 11.8567
    endloop
  endfacet
  facet normal 0 -1 0
    outer loop
      vertex 45.7365 0.599999 9.67152
      vertex 46.4967 0.599999 9.62512
      vertex 46.4967 0.599999 11.8567
    endloop
  endfacet
  facet normal 0 -1 0
    outer loop
      vertex 45.7305 0.599999 9.53197
      vertex 46.4967 0.599999 9.62512
      vertex 45.7365 0.599999 9.67152
    endloop
  endfacet
  facet normal 0 -1 0
    outer loop
      vertex 46.4849 0.599999 9.40353
      vertex 45.7305 0.599999 9.53197
      vertex 45.7122 0.599999 9.40367
    endloop
  endfacet
  facet normal 0 -1 0
    outer loop
      vertex 45.7305 0.599999 9.53197
      vertex 46.4849 0.599999 9.40353
      vertex 46.4967 0.599999 9.62512
    endloop
  endfacet
  facet normal 0 -1 0
    outer loop
      vertex 46.4493 0.599999 9.19922
      vertex 45.7122 0.599999 9.40367
      vertex 45.6818 0.599999 9.28659
    endloop
  endfacet
  facet normal 0 -1 0
    outer loop
      vertex 45.7122 0.599999 9.40367
      vertex 46.4493 0.599999 9.19922
      vertex 46.4849 0.599999 9.40353
    endloop
  endfacet
  facet normal 0 -1 0
    outer loop
      vertex 46.3901 0.599999 9.01215
      vertex 45.6818 0.599999 9.28659
      vertex 45.6392 0.599999 9.18076
    endloop
  endfacet
  facet normal 0 -1 0
    outer loop
      vertex 46.2006 0.599999 8.68974
      vertex 45.6392 0.599999 9.18076
      vertex 45.5844 0.599999 9.08615
    endloop
  endfacet
  facet normal 0 -1 0
    outer loop
      vertex 45.6818 0.599999 9.28659
      vertex 46.3901 0.599999 9.01215
      vertex 46.4493 0.599999 9.19922
    endloop
  endfacet
  facet normal 0 -1 0
    outer loop
      vertex 46.2006 0.599999 8.68974
      vertex 45.5844 0.599999 9.08615
      vertex 45.5175 0.599999 9.00279
    endloop
  endfacet
  facet normal 0 -1 0
    outer loop
      vertex 46.2006 0.599999 8.68974
      vertex 45.5175 0.599999 9.00279
      vertex 45.4393 0.599999 8.93153
    endloop
  endfacet
  facet normal 0 -1 0
    outer loop
      vertex 46.2006 0.599999 8.68974
      vertex 45.4393 0.599999 8.93153
      vertex 45.3506 0.599999 8.87323
    endloop
  endfacet
  facet normal 0 -1 0
    outer loop
      vertex 45.6392 0.599999 9.18076
      vertex 46.3072 0.599999 8.84232
      vertex 46.3901 0.599999 9.01215
    endloop
  endfacet
  facet normal 0 -1 0
    outer loop
      vertex 46.2006 0.599999 8.68974
      vertex 45.3506 0.599999 8.87323
      vertex 45.2514 0.599999 8.82788
    endloop
  endfacet
  facet normal 0 -1 0
    outer loop
      vertex 46.2006 0.599999 8.68974
      vertex 45.2514 0.599999 8.82788
      vertex 45.1419 0.599999 8.7955
    endloop
  endfacet
  facet normal 0 -1 0
    outer loop
      vertex 46.2006 0.599999 8.68974
      vertex 45.1419 0.599999 8.7955
      vertex 45.0218 0.599999 8.77606
    endloop
  endfacet
  facet normal 0 -1 0
    outer loop
      vertex 45.6392 0.599999 9.18076
      vertex 46.2006 0.599999 8.68974
      vertex 46.3072 0.599999 8.84232
    endloop
  endfacet
  facet normal 0 -1 0
    outer loop
      vertex 46.2006 0.599999 8.68974
      vertex 45.0218 0.599999 8.77606
      vertex 44.8913 0.599999 8.76959
    endloop
  endfacet
  facet normal -0.176908 0 0.984227
    outer loop
      vertex 71.5914 0.599999 5.03011
      vertex 72.1744 0 5.1349
      vertex 72.1744 0.599999 5.1349
    endloop
  endfacet
  facet normal -0.176908 0 0.984227
    outer loop
      vertex 72.1744 0 5.1349
      vertex 71.5914 0.599999 5.03011
      vertex 71.5914 0 5.03011
    endloop
  endfacet
  facet normal -0.292037 0 0.956407
    outer loop
      vertex 72.1744 0.599999 5.1349
      vertex 72.741 0 5.30791
      vertex 72.741 0.599999 5.30791
    endloop
  endfacet
  facet normal -0.292037 0 0.956407
    outer loop
      vertex 72.741 0 5.30791
      vertex 72.1744 0.599999 5.1349
      vertex 72.1744 0 5.1349
    endloop
  endfacet
  facet normal -0.403143 0 0.915137
    outer loop
      vertex 72.741 0.599999 5.30791
      vertex 73.2831 0 5.54672
      vertex 73.2831 0.599999 5.54672
    endloop
  endfacet
  facet normal -0.403143 0 0.915137
    outer loop
      vertex 73.2831 0 5.54672
      vertex 72.741 0.599999 5.30791
      vertex 72.741 0 5.30791
    endloop
  endfacet
  facet normal -0.508526 0 0.861047
    outer loop
      vertex 73.2831 0.599999 5.54672
      vertex 73.7932 0 5.84798
      vertex 73.7932 0.599999 5.84798
    endloop
  endfacet
  facet normal -0.508526 0 0.861047
    outer loop
      vertex 73.7932 0 5.84798
      vertex 73.2831 0.599999 5.54672
      vertex 73.2831 0 5.54672
    endloop
  endfacet
  facet normal -0.60679 0 0.794863
    outer loop
      vertex 73.7932 0.599999 5.84798
      vertex 74.2641 0 6.20746
      vertex 74.2641 0.599999 6.20746
    endloop
  endfacet
  facet normal -0.60679 0 0.794863
    outer loop
      vertex 74.2641 0 6.20746
      vertex 73.7932 0.599999 5.84798
      vertex 73.7932 0 5.84798
    endloop
  endfacet
  facet normal -0.696513 0 0.717544
    outer loop
      vertex 74.2641 0.599999 6.20746
      vertex 74.6892 0 6.6201
      vertex 74.6892 0.599999 6.6201
    endloop
  endfacet
  facet normal -0.696513 0 0.717544
    outer loop
      vertex 74.6892 0 6.6201
      vertex 74.2641 0.599999 6.20746
      vertex 74.2641 0 6.20746
    endloop
  endfacet
  facet normal -0.776575 0 0.630025
    outer loop
      vertex 74.6892 0 6.6201
      vertex 75.0624 0.599999 7.08011
      vertex 74.6892 0.599999 6.6201
    endloop
  endfacet
  facet normal -0.776575 0 0.630025
    outer loop
      vertex 75.0624 0.599999 7.08011
      vertex 74.6892 0 6.6201
      vertex 75.0624 0 7.08011
    endloop
  endfacet
  facet normal -0.845552 0 0.533893
    outer loop
      vertex 75.0624 0 7.08011
      vertex 75.3787 0.599999 7.58105
      vertex 75.0624 0.599999 7.08011
    endloop
  endfacet
  facet normal -0.845552 0 0.533893
    outer loop
      vertex 75.3787 0.599999 7.58105
      vertex 75.0624 0 7.08011
      vertex 75.3787 0 7.58105
    endloop
  endfacet
  facet normal -0.902783 0 0.430097
    outer loop
      vertex 75.3787 0 7.58105
      vertex 75.6335 0.599999 8.11588
      vertex 75.3787 0.599999 7.58105
    endloop
  endfacet
  facet normal -0.902783 0 0.430097
    outer loop
      vertex 75.6335 0.599999 8.11588
      vertex 75.3787 0 7.58105
      vertex 75.6335 0 8.11588
    endloop
  endfacet
  facet normal -0.947341 0 0.320226
    outer loop
      vertex 75.6335 0 8.11588
      vertex 75.8232 0.599999 8.67708
      vertex 75.6335 0.599999 8.11588
    endloop
  endfacet
  facet normal -0.947341 0 0.320226
    outer loop
      vertex 75.8232 0.599999 8.67708
      vertex 75.6335 0 8.11588
      vertex 75.8232 0 8.67708
    endloop
  endfacet
  facet normal -0.978563 0 0.205946
    outer loop
      vertex 75.8232 0 8.67708
      vertex 75.9452 0.599999 9.25677
      vertex 75.8232 0.599999 8.67708
    endloop
  endfacet
  facet normal -0.978563 0 0.205946
    outer loop
      vertex 75.9452 0.599999 9.25677
      vertex 75.8232 0 8.67708
      vertex 75.9452 0 9.25677
    endloop
  endfacet
  facet normal -0.997256 0 0.0740269
    outer loop
      vertex 75.9452 0 9.25677
      vertex 76 0.599999 9.99501
      vertex 75.9452 0.599999 9.25677
    endloop
  endfacet
  facet normal -0.997256 0 0.0740269
    outer loop
      vertex 76 0.599999 9.99501
      vertex 75.9452 0 9.25677
      vertex 76 0 9.99501
    endloop
  endfacet
  facet normal -1 0 0
    outer loop
      vertex 76 0 9.99501
      vertex 76 0.599999 10.005
      vertex 76 0.599999 9.99501
    endloop
  endfacet
  facet normal -1 -0 0
    outer loop
      vertex 76 0.599999 10.005
      vertex 76 0 9.99501
      vertex 76 0 10.005
    endloop
  endfacet
  facet normal -0.998243 0 -0.0592464
    outer loop
      vertex 76 0 10.005
      vertex 75.9649 0.599999 10.5964
      vertex 76 0.599999 10.005
    endloop
  endfacet
  facet normal -0.998243 -0 -0.0592464
    outer loop
      vertex 75.9649 0.599999 10.5964
      vertex 76 0 10.005
      vertex 75.9649 0 10.5964
    endloop
  endfacet
  facet normal -0.984225 0 -0.176924
    outer loop
      vertex 75.9649 0 10.5964
      vertex 75.8601 0.599999 11.1794
      vertex 75.9649 0.599999 10.5964
    endloop
  endfacet
  facet normal -0.984225 -0 -0.176924
    outer loop
      vertex 75.8601 0.599999 11.1794
      vertex 75.9649 0 10.5964
      vertex 75.8601 0 11.1794
    endloop
  endfacet
  facet normal -0.956412 0 -0.292021
    outer loop
      vertex 75.8601 0 11.1794
      vertex 75.6871 0.599999 11.746
      vertex 75.8601 0.599999 11.1794
    endloop
  endfacet
  facet normal -0.956412 -0 -0.292021
    outer loop
      vertex 75.6871 0.599999 11.746
      vertex 75.8601 0 11.1794
      vertex 75.6871 0 11.746
    endloop
  endfacet
  facet normal -0.915143 0 -0.403129
    outer loop
      vertex 75.6871 0 11.746
      vertex 75.4483 0.599999 12.2881
      vertex 75.6871 0.599999 11.746
    endloop
  endfacet
  facet normal -0.915143 -0 -0.403129
    outer loop
      vertex 75.4483 0.599999 12.2881
      vertex 75.6871 0 11.746
      vertex 75.4483 0 12.2881
    endloop
  endfacet
  facet normal -0.861017 0 -0.508576
    outer loop
      vertex 75.4483 0 12.2881
      vertex 75.147 0.599999 12.7982
      vertex 75.4483 0.599999 12.2881
    endloop
  endfacet
  facet normal -0.861017 -0 -0.508576
    outer loop
      vertex 75.147 0.599999 12.7982
      vertex 75.4483 0 12.2881
      vertex 75.147 0 12.7982
    endloop
  endfacet
  facet normal -0.794928 0 -0.606704
    outer loop
      vertex 75.147 0 12.7982
      vertex 74.7876 0.599999 13.2691
      vertex 75.147 0.599999 12.7982
    endloop
  endfacet
  facet normal -0.794928 -0 -0.606704
    outer loop
      vertex 74.7876 0.599999 13.2691
      vertex 75.147 0 12.7982
      vertex 74.7876 0 13.2691
    endloop
  endfacet
  facet normal -0.717494 0 -0.696565
    outer loop
      vertex 74.7876 0 13.2691
      vertex 74.3749 0.599999 13.6942
      vertex 74.7876 0.599999 13.2691
    endloop
  endfacet
  facet normal -0.717494 -0 -0.696565
    outer loop
      vertex 74.3749 0.599999 13.6942
      vertex 74.7876 0 13.2691
      vertex 74.3749 0 13.6942
    endloop
  endfacet
  facet normal -0.630033 0 -0.776568
    outer loop
      vertex 73.9149 0 14.0674
      vertex 74.3749 0.599999 13.6942
      vertex 74.3749 0 13.6942
    endloop
  endfacet
  facet normal -0.630033 0 -0.776568
    outer loop
      vertex 74.3749 0.599999 13.6942
      vertex 73.9149 0 14.0674
      vertex 73.9149 0.599999 14.0674
    endloop
  endfacet
  facet normal -0.533923 0 -0.845533
    outer loop
      vertex 73.414 0 14.3837
      vertex 73.9149 0.599999 14.0674
      vertex 73.9149 0 14.0674
    endloop
  endfacet
  facet normal -0.533923 0 -0.845533
    outer loop
      vertex 73.9149 0.599999 14.0674
      vertex 73.414 0 14.3837
      vertex 73.414 0.599999 14.3837
    endloop
  endfacet
  facet normal -0.429914 0 -0.90287
    outer loop
      vertex 72.8791 0 14.6384
      vertex 73.414 0.599999 14.3837
      vertex 73.414 0 14.3837
    endloop
  endfacet
  facet normal -0.429914 0 -0.90287
    outer loop
      vertex 73.414 0.599999 14.3837
      vertex 72.8791 0 14.6384
      vertex 72.8791 0.599999 14.6384
    endloop
  endfacet
  facet normal -0.320377 0 -0.94729
    outer loop
      vertex 72.3179 0 14.8282
      vertex 72.8791 0.599999 14.6384
      vertex 72.8791 0 14.6384
    endloop
  endfacet
  facet normal -0.320377 0 -0.94729
    outer loop
      vertex 72.8791 0.599999 14.6384
      vertex 72.3179 0 14.8282
      vertex 72.3179 0.599999 14.8282
    endloop
  endfacet
  facet normal -0.205942 0 -0.978564
    outer loop
      vertex 71.7382 0 14.9502
      vertex 72.3179 0.599999 14.8282
      vertex 72.3179 0 14.8282
    endloop
  endfacet
  facet normal -0.205942 0 -0.978564
    outer loop
      vertex 72.3179 0.599999 14.8282
      vertex 71.7382 0 14.9502
      vertex 71.7382 0.599999 14.9502
    endloop
  endfacet
  facet normal -0.0740309 0 -0.997256
    outer loop
      vertex 71 0 15.005
      vertex 71.7382 0.599999 14.9502
      vertex 71.7382 0 14.9502
    endloop
  endfacet
  facet normal -0.0740309 0 -0.997256
    outer loop
      vertex 71.7382 0.599999 14.9502
      vertex 71 0 15.005
      vertex 71 0.599999 15.005
    endloop
  endfacet
  facet normal 0 0 -1
    outer loop
      vertex 39 0 15.005
      vertex 71 0.599999 15.005
      vertex 71 0 15.005
    endloop
  endfacet
  facet normal -0 0 -1
    outer loop
      vertex 71 0.599999 15.005
      vertex 39 0 15.005
      vertex 39 0.599999 15.005
    endloop
  endfacet
  facet normal 0.0592464 0 -0.998243
    outer loop
      vertex 38.4086 0 14.9699
      vertex 39 0.599999 15.005
      vertex 39 0 15.005
    endloop
  endfacet
  facet normal 0.0592464 0 -0.998243
    outer loop
      vertex 39 0.599999 15.005
      vertex 38.4086 0 14.9699
      vertex 38.4086 0.599999 14.9699
    endloop
  endfacet
  facet normal 0.176924 0 -0.984225
    outer loop
      vertex 37.8256 0 14.8651
      vertex 38.4086 0.599999 14.9699
      vertex 38.4086 0 14.9699
    endloop
  endfacet
  facet normal 0.176924 0 -0.984225
    outer loop
      vertex 38.4086 0.599999 14.9699
      vertex 37.8256 0 14.8651
      vertex 37.8256 0.599999 14.8651
    endloop
  endfacet
  facet normal 0.292021 0 -0.956412
    outer loop
      vertex 37.259 0 14.6921
      vertex 37.8256 0.599999 14.8651
      vertex 37.8256 0 14.8651
    endloop
  endfacet
  facet normal 0.292021 0 -0.956412
    outer loop
      vertex 37.8256 0.599999 14.8651
      vertex 37.259 0 14.6921
      vertex 37.259 0.599999 14.6921
    endloop
  endfacet
  facet normal 0.403129 0 -0.915143
    outer loop
      vertex 36.7169 0 14.4533
      vertex 37.259 0.599999 14.6921
      vertex 37.259 0 14.6921
    endloop
  endfacet
  facet normal 0.403129 0 -0.915143
    outer loop
      vertex 37.259 0.599999 14.6921
      vertex 36.7169 0 14.4533
      vertex 36.7169 0.599999 14.4533
    endloop
  endfacet
  facet normal 0.508576 0 -0.861017
    outer loop
      vertex 36.2068 0 14.152
      vertex 36.7169 0.599999 14.4533
      vertex 36.7169 0 14.4533
    endloop
  endfacet
  facet normal 0.508576 0 -0.861017
    outer loop
      vertex 36.7169 0.599999 14.4533
      vertex 36.2068 0 14.152
      vertex 36.2068 0.599999 14.152
    endloop
  endfacet
  facet normal 0.606811 0 -0.794846
    outer loop
      vertex 35.7359 0 13.7925
      vertex 36.2068 0.599999 14.152
      vertex 36.2068 0 14.152
    endloop
  endfacet
  facet normal 0.606811 0 -0.794846
    outer loop
      vertex 36.2068 0.599999 14.152
      vertex 35.7359 0 13.7925
      vertex 35.7359 0.599999 13.7925
    endloop
  endfacet
  facet normal 0.696478 0 -0.717578
    outer loop
      vertex 35.3108 0 13.3799
      vertex 35.7359 0.599999 13.7925
      vertex 35.7359 0 13.7925
    endloop
  endfacet
  facet normal 0.696478 0 -0.717578
    outer loop
      vertex 35.7359 0.599999 13.7925
      vertex 35.3108 0 13.3799
      vertex 35.3108 0.599999 13.3799
    endloop
  endfacet
  facet normal 0.776568 0 -0.630033
    outer loop
      vertex 35.3108 0 13.3799
      vertex 34.9376 0.599999 12.9199
      vertex 35.3108 0.599999 13.3799
    endloop
  endfacet
  facet normal 0.776568 0 -0.630033
    outer loop
      vertex 34.9376 0.599999 12.9199
      vertex 35.3108 0 13.3799
      vertex 34.9376 0 12.9199
    endloop
  endfacet
  facet normal 0.845581 0 -0.533847
    outer loop
      vertex 34.9376 0 12.9199
      vertex 34.6213 0.599999 12.4189
      vertex 34.9376 0.599999 12.9199
    endloop
  endfacet
  facet normal 0.845581 0 -0.533847
    outer loop
      vertex 34.6213 0.599999 12.4189
      vertex 34.9376 0 12.9199
      vertex 34.6213 0 12.4189
    endloop
  endfacet
  facet normal 0.902773 0 -0.430117
    outer loop
      vertex 34.6213 0 12.4189
      vertex 34.3665 0.599999 11.8841
      vertex 34.6213 0.599999 12.4189
    endloop
  endfacet
  facet normal 0.902773 0 -0.430117
    outer loop
      vertex 34.3665 0.599999 11.8841
      vertex 34.6213 0 12.4189
      vertex 34.3665 0 11.8841
    endloop
  endfacet
  facet normal 0.947341 0 -0.320226
    outer loop
      vertex 34.3665 0 11.8841
      vertex 34.1768 0.599999 11.3229
      vertex 34.3665 0.599999 11.8841
    endloop
  endfacet
  facet normal 0.947341 0 -0.320226
    outer loop
      vertex 34.1768 0.599999 11.3229
      vertex 34.3665 0 11.8841
      vertex 34.1768 0 11.3229
    endloop
  endfacet
  facet normal 0.978564 0 -0.205942
    outer loop
      vertex 34.1768 0 11.3229
      vertex 34.0548 0.599999 10.7432
      vertex 34.1768 0.599999 11.3229
    endloop
  endfacet
  facet normal 0.978564 0 -0.205942
    outer loop
      vertex 34.0548 0.599999 10.7432
      vertex 34.1768 0 11.3229
      vertex 34.0548 0 10.7432
    endloop
  endfacet
  facet normal 0.997256 0 -0.0740309
    outer loop
      vertex 34.0548 0 10.7432
      vertex 34 0.599999 10.005
      vertex 34.0548 0.599999 10.7432
    endloop
  endfacet
  facet normal 0.997256 0 -0.0740309
    outer loop
      vertex 34 0.599999 10.005
      vertex 34.0548 0 10.7432
      vertex 34 0 10.005
    endloop
  endfacet
  facet normal 1 -0 0
    outer loop
      vertex 34 0 10.005
      vertex 34 0.599999 9.99501
      vertex 34 0.599999 10.005
    endloop
  endfacet
  facet normal 1 0 0
    outer loop
      vertex 34 0.599999 9.99501
      vertex 34 0 10.005
      vertex 34 0 9.99501
    endloop
  endfacet
  facet normal 0.998243 -0 0.0592494
    outer loop
      vertex 34 0 9.99501
      vertex 34.0351 0.599999 9.40364
      vertex 34 0.599999 9.99501
    endloop
  endfacet
  facet normal 0.998243 0 0.0592494
    outer loop
      vertex 34.0351 0.599999 9.40364
      vertex 34 0 9.99501
      vertex 34.0351 0 9.40364
    endloop
  endfacet
  facet normal 0.984227 -0 0.176909
    outer loop
      vertex 34.0351 0 9.40364
      vertex 34.1399 0.599999 8.82059
      vertex 34.0351 0.599999 9.40364
    endloop
  endfacet
  facet normal 0.984227 0 0.176909
    outer loop
      vertex 34.1399 0.599999 8.82059
      vertex 34.0351 0 9.40364
      vertex 34.1399 0 8.82059
    endloop
  endfacet
  facet normal 0.95641 -0 0.292026
    outer loop
      vertex 34.1399 0 8.82059
      vertex 34.3129 0.599999 8.254
      vertex 34.1399 0.599999 8.82059
    endloop
  endfacet
  facet normal 0.95641 0 0.292026
    outer loop
      vertex 34.3129 0.599999 8.254
      vertex 34.1399 0 8.82059
      vertex 34.3129 0 8.254
    endloop
  endfacet
  facet normal 0.915151 -0 0.40311
    outer loop
      vertex 34.3129 0 8.254
      vertex 34.5517 0.599999 7.71187
      vertex 34.3129 0.599999 8.254
    endloop
  endfacet
  facet normal 0.915151 0 0.40311
    outer loop
      vertex 34.5517 0.599999 7.71187
      vertex 34.3129 0 8.254
      vertex 34.5517 0 7.71187
    endloop
  endfacet
  facet normal 0.861013 -0 0.508583
    outer loop
      vertex 34.5517 0 7.71187
      vertex 34.853 0.599999 7.20178
      vertex 34.5517 0.599999 7.71187
    endloop
  endfacet
  facet normal 0.861013 0 0.508583
    outer loop
      vertex 34.853 0.599999 7.20178
      vertex 34.5517 0 7.71187
      vertex 34.853 0 7.20178
    endloop
  endfacet
  facet normal 0.794915 -0 0.60672
    outer loop
      vertex 34.853 0 7.20178
      vertex 35.2124 0.599999 6.7309
      vertex 34.853 0.599999 7.20178
    endloop
  endfacet
  facet normal 0.794915 0 0.60672
    outer loop
      vertex 35.2124 0.599999 6.7309
      vertex 34.853 0 7.20178
      vertex 35.2124 0 6.7309
    endloop
  endfacet
  facet normal 0.717453 -0 0.696607
    outer loop
      vertex 35.2124 0 6.7309
      vertex 35.6251 0.599999 6.30585
      vertex 35.2124 0.599999 6.7309
    endloop
  endfacet
  facet normal 0.717453 0 0.696607
    outer loop
      vertex 35.6251 0.599999 6.30585
      vertex 35.2124 0 6.7309
      vertex 35.6251 0 6.30585
    endloop
  endfacet
  facet normal 0.630115 0 0.776502
    outer loop
      vertex 35.6251 0.599999 6.30585
      vertex 36.0851 0 5.93257
      vertex 36.0851 0.599999 5.93257
    endloop
  endfacet
  facet normal 0.630115 0 0.776502
    outer loop
      vertex 36.0851 0 5.93257
      vertex 35.6251 0.599999 6.30585
      vertex 35.6251 0 6.30585
    endloop
  endfacet
  facet normal 0.533851 0 0.845579
    outer loop
      vertex 36.0851 0.599999 5.93257
      vertex 36.586 0 5.61633
      vertex 36.586 0.599999 5.61633
    endloop
  endfacet
  facet normal 0.533851 0 0.845579
    outer loop
      vertex 36.586 0 5.61633
      vertex 36.0851 0.599999 5.93257
      vertex 36.0851 0 5.93257
    endloop
  endfacet
  facet normal 0.43001 0 0.902824
    outer loop
      vertex 36.586 0.599999 5.61633
      vertex 37.1209 0 5.36156
      vertex 37.1209 0.599999 5.36156
    endloop
  endfacet
  facet normal 0.43001 0 0.902824
    outer loop
      vertex 37.1209 0 5.36156
      vertex 36.586 0.599999 5.61633
      vertex 36.586 0 5.61633
    endloop
  endfacet
  facet normal 0.320271 0 0.947326
    outer loop
      vertex 37.1209 0.599999 5.36156
      vertex 37.6821 0 5.17183
      vertex 37.6821 0.599999 5.17183
    endloop
  endfacet
  facet normal 0.320271 0 0.947326
    outer loop
      vertex 37.6821 0 5.17183
      vertex 37.1209 0.599999 5.36156
      vertex 37.1209 0 5.36156
    endloop
  endfacet
  facet normal 0.205991 0 0.978554
    outer loop
      vertex 37.6821 0.599999 5.17183
      vertex 38.2618 0 5.0498
      vertex 38.2618 0.599999 5.0498
    endloop
  endfacet
  facet normal 0.205991 0 0.978554
    outer loop
      vertex 38.2618 0 5.0498
      vertex 37.6821 0.599999 5.17183
      vertex 37.6821 0 5.17183
    endloop
  endfacet
  facet normal 0.0740175 0 0.997257
    outer loop
      vertex 38.2618 0.599999 5.0498
      vertex 39 0 4.99501
      vertex 39 0.599999 4.99501
    endloop
  endfacet
  facet normal 0.0740175 0 0.997257
    outer loop
      vertex 39 0 4.99501
      vertex 38.2618 0.599999 5.0498
      vertex 38.2618 0 5.0498
    endloop
  endfacet
  facet normal -0 0 1
    outer loop
      vertex 39 0.599999 4.99501
      vertex 71 0 4.99501
      vertex 71 0.599999 4.99501
    endloop
  endfacet
  facet normal 0 0 1
    outer loop
      vertex 71 0 4.99501
      vertex 39 0.599999 4.99501
      vertex 39 0 4.99501
    endloop
  endfacet
  facet normal -0.0592464 0 0.998243
    outer loop
      vertex 71 0.599999 4.99501
      vertex 71.5914 0 5.03011
      vertex 71.5914 0.599999 5.03011
    endloop
  endfacet
  facet normal -0.0592464 0 0.998243
    outer loop
      vertex 71.5914 0 5.03011
      vertex 71 0.599999 4.99501
      vertex 71 0 4.99501
    endloop
  endfacet
  facet normal -0.0956271 0 -0.995417
    outer loop
      vertex 38.2575 0 6.16635
      vertex 39 0.599999 6.09502
      vertex 39 0 6.09502
    endloop
  endfacet
  facet normal -0.0956271 0 -0.995417
    outer loop
      vertex 39 0.599999 6.09502
      vertex 38.2575 0 6.16635
      vertex 38.2575 0.599999 6.16635
    endloop
  endfacet
  facet normal -0.264962 0 -0.964259
    outer loop
      vertex 37.6817 0 6.32457
      vertex 38.2575 0.599999 6.16635
      vertex 38.2575 0 6.16635
    endloop
  endfacet
  facet normal -0.264962 0 -0.964259
    outer loop
      vertex 38.2575 0.599999 6.16635
      vertex 37.6817 0 6.32457
      vertex 37.6817 0.599999 6.32457
    endloop
  endfacet
  facet normal -0.409097 0 -0.912491
    outer loop
      vertex 37.1369 0 6.56882
      vertex 37.6817 0.599999 6.32457
      vertex 37.6817 0 6.32457
    endloop
  endfacet
  facet normal -0.409097 0 -0.912491
    outer loop
      vertex 37.6817 0.599999 6.32457
      vertex 37.1369 0 6.56882
      vertex 37.1369 0.599999 6.56882
    endloop
  endfacet
  facet normal -0.543539 0 -0.839384
    outer loop
      vertex 36.6357 0 6.89337
      vertex 37.1369 0.599999 6.56882
      vertex 37.1369 0 6.56882
    endloop
  endfacet
  facet normal -0.543539 0 -0.839384
    outer loop
      vertex 37.1369 0.599999 6.56882
      vertex 36.6357 0 6.89337
      vertex 36.6357 0.599999 6.89337
    endloop
  endfacet
  facet normal -0.665366 0 -0.746517
    outer loop
      vertex 36.19 0 7.29062
      vertex 36.6357 0.599999 6.89337
      vertex 36.6357 0 6.89337
    endloop
  endfacet
  facet normal -0.665366 0 -0.746517
    outer loop
      vertex 36.6357 0.599999 6.89337
      vertex 36.19 0 7.29062
      vertex 36.19 0.599999 7.29062
    endloop
  endfacet
  facet normal -0.771485 0 -0.636247
    outer loop
      vertex 36.19 0 7.29062
      vertex 35.8101 0.599999 7.75127
      vertex 36.19 0.599999 7.29062
    endloop
  endfacet
  facet normal -0.771485 -0 -0.636247
    outer loop
      vertex 35.8101 0.599999 7.75127
      vertex 36.19 0 7.29062
      vertex 35.8101 0 7.75127
    endloop
  endfacet
  facet normal -0.859583 0 -0.510996
    outer loop
      vertex 35.8101 0 7.75127
      vertex 35.505 0.599999 8.2645
      vertex 35.8101 0.599999 7.75127
    endloop
  endfacet
  facet normal -0.859583 -0 -0.510996
    outer loop
      vertex 35.505 0.599999 8.2645
      vertex 35.8101 0 7.75127
      vertex 35.505 0 8.2645
    endloop
  endfacet
  facet normal -0.927503 0 -0.373815
    outer loop
      vertex 35.505 0 8.2645
      vertex 35.2818 0.599999 8.8183
      vertex 35.505 0.599999 8.2645
    endloop
  endfacet
  facet normal -0.927503 -0 -0.373815
    outer loop
      vertex 35.2818 0.599999 8.8183
      vertex 35.505 0 8.2645
      vertex 35.2818 0 8.8183
    endloop
  endfacet
  facet normal -0.973675 0 -0.22794
    outer loop
      vertex 35.2818 0 8.8183
      vertex 35.1457 0.599999 9.39967
      vertex 35.2818 0.599999 8.8183
    endloop
  endfacet
  facet normal -0.973675 -0 -0.22794
    outer loop
      vertex 35.1457 0.599999 9.39967
      vertex 35.2818 0 8.8183
      vertex 35.1457 0 9.39967
    endloop
  endfacet
  facet normal -0.997067 0 -0.0765377
    outer loop
      vertex 35.1457 0 9.39967
      vertex 35.1 0.599999 9.99501
      vertex 35.1457 0.599999 9.39967
    endloop
  endfacet
  facet normal -0.997067 -0 -0.0765377
    outer loop
      vertex 35.1 0.599999 9.99501
      vertex 35.1457 0 9.39967
      vertex 35.1 0 9.99501
    endloop
  endfacet
  facet normal -1 0 0
    outer loop
      vertex 35.1 0 9.99501
      vertex 35.1 0.599999 10.005
      vertex 35.1 0.599999 9.99501
    endloop
  endfacet
  facet normal -1 -0 0
    outer loop
      vertex 35.1 0.599999 10.005
      vertex 35.1 0 9.99501
      vertex 35.1 0 10.005
    endloop
  endfacet
  facet normal -0.995421 0 0.0955872
    outer loop
      vertex 35.1 0 10.005
      vertex 35.1713 0.599999 10.7475
      vertex 35.1 0.599999 10.005
    endloop
  endfacet
  facet normal -0.995421 0 0.0955872
    outer loop
      vertex 35.1713 0.599999 10.7475
      vertex 35.1 0 10.005
      vertex 35.1713 0 10.7475
    endloop
  endfacet
  facet normal -0.964225 0 0.265086
    outer loop
      vertex 35.1713 0 10.7475
      vertex 35.3296 0.599999 11.3233
      vertex 35.1713 0.599999 10.7475
    endloop
  endfacet
  facet normal -0.964225 0 0.265086
    outer loop
      vertex 35.3296 0.599999 11.3233
      vertex 35.1713 0 10.7475
      vertex 35.3296 0 11.3233
    endloop
  endfacet
  facet normal -0.912522 0 0.409027
    outer loop
      vertex 35.3296 0 11.3233
      vertex 35.5738 0.599999 11.8681
      vertex 35.3296 0.599999 11.3233
    endloop
  endfacet
  facet normal -0.912522 0 0.409027
    outer loop
      vertex 35.5738 0.599999 11.8681
      vertex 35.3296 0 11.3233
      vertex 35.5738 0 11.8681
    endloop
  endfacet
  facet normal -0.839345 0 0.543598
    outer loop
      vertex 35.5738 0 11.8681
      vertex 35.8984 0.599999 12.3693
      vertex 35.5738 0.599999 11.8681
    endloop
  endfacet
  facet normal -0.839345 0 0.543598
    outer loop
      vertex 35.8984 0.599999 12.3693
      vertex 35.5738 0 11.8681
      vertex 35.8984 0 12.3693
    endloop
  endfacet
  facet normal -0.746558 0 0.66532
    outer loop
      vertex 35.8984 0 12.3693
      vertex 36.2956 0.599999 12.815
      vertex 35.8984 0.599999 12.3693
    endloop
  endfacet
  facet normal -0.746558 0 0.66532
    outer loop
      vertex 36.2956 0.599999 12.815
      vertex 35.8984 0 12.3693
      vertex 36.2956 0 12.815
    endloop
  endfacet
  facet normal -0.636206 0 0.771519
    outer loop
      vertex 36.2956 0.599999 12.815
      vertex 36.7563 0 13.1949
      vertex 36.7563 0.599999 13.1949
    endloop
  endfacet
  facet normal -0.636206 0 0.771519
    outer loop
      vertex 36.7563 0 13.1949
      vertex 36.2956 0.599999 12.815
      vertex 36.2956 0 12.815
    endloop
  endfacet
  facet normal -0.511019 0 0.85957
    outer loop
      vertex 36.7563 0.599999 13.1949
      vertex 37.2695 0 13.5
      vertex 37.2695 0.599999 13.5
    endloop
  endfacet
  facet normal -0.511019 0 0.85957
    outer loop
      vertex 37.2695 0 13.5
      vertex 36.7563 0.599999 13.1949
      vertex 36.7563 0 13.1949
    endloop
  endfacet
  facet normal -0.373815 0 0.927503
    outer loop
      vertex 37.2695 0.599999 13.5
      vertex 37.8233 0 13.7232
      vertex 37.8233 0.599999 13.7232
    endloop
  endfacet
  facet normal -0.373815 0 0.927503
    outer loop
      vertex 37.8233 0 13.7232
      vertex 37.2695 0.599999 13.5
      vertex 37.2695 0 13.5
    endloop
  endfacet
  facet normal -0.227928 0 0.973678
    outer loop
      vertex 37.8233 0.599999 13.7232
      vertex 38.4047 0 13.8593
      vertex 38.4047 0.599999 13.8593
    endloop
  endfacet
  facet normal -0.227928 0 0.973678
    outer loop
      vertex 38.4047 0 13.8593
      vertex 37.8233 0.599999 13.7232
      vertex 37.8233 0 13.7232
    endloop
  endfacet
  facet normal -0.0765428 0 0.997066
    outer loop
      vertex 38.4047 0.599999 13.8593
      vertex 39 0 13.905
      vertex 39 0.599999 13.905
    endloop
  endfacet
  facet normal -0.0765428 0 0.997066
    outer loop
      vertex 39 0 13.905
      vertex 38.4047 0.599999 13.8593
      vertex 38.4047 0 13.8593
    endloop
  endfacet
  facet normal -0 0 1
    outer loop
      vertex 39 0.599999 13.905
      vertex 71 0 13.905
      vertex 71 0.599999 13.905
    endloop
  endfacet
  facet normal 0 0 1
    outer loop
      vertex 71 0 13.905
      vertex 39 0.599999 13.905
      vertex 39 0 13.905
    endloop
  endfacet
  facet normal 0.0957201 0 0.995408
    outer loop
      vertex 71 0.599999 13.905
      vertex 71.7425 0 13.8336
      vertex 71.7425 0.599999 13.8336
    endloop
  endfacet
  facet normal 0.0957201 0 0.995408
    outer loop
      vertex 71.7425 0 13.8336
      vertex 71 0.599999 13.905
      vertex 71 0 13.905
    endloop
  endfacet
  facet normal 0.264931 0 0.964267
    outer loop
      vertex 71.7425 0.599999 13.8336
      vertex 72.3183 0 13.6754
      vertex 72.3183 0.599999 13.6754
    endloop
  endfacet
  facet normal 0.264931 0 0.964267
    outer loop
      vertex 72.3183 0 13.6754
      vertex 71.7425 0.599999 13.8336
      vertex 71.7425 0 13.8336
    endloop
  endfacet
  facet normal 0.409027 0 0.912522
    outer loop
      vertex 72.3183 0.599999 13.6754
      vertex 72.8631 0 13.4312
      vertex 72.8631 0.599999 13.4312
    endloop
  endfacet
  facet normal 0.409027 0 0.912522
    outer loop
      vertex 72.8631 0 13.4312
      vertex 72.3183 0.599999 13.6754
      vertex 72.3183 0 13.6754
    endloop
  endfacet
  facet normal 0.543598 0 0.839345
    outer loop
      vertex 72.8631 0.599999 13.4312
      vertex 73.3643 0 13.1066
      vertex 73.3643 0.599999 13.1066
    endloop
  endfacet
  facet normal 0.543598 0 0.839345
    outer loop
      vertex 73.3643 0 13.1066
      vertex 72.8631 0.599999 13.4312
      vertex 72.8631 0 13.4312
    endloop
  endfacet
  facet normal 0.66532 0 0.746558
    outer loop
      vertex 73.3643 0.599999 13.1066
      vertex 73.81 0 12.7094
      vertex 73.81 0.599999 12.7094
    endloop
  endfacet
  facet normal 0.66532 0 0.746558
    outer loop
      vertex 73.81 0 12.7094
      vertex 73.3643 0.599999 13.1066
      vertex 73.3643 0 13.1066
    endloop
  endfacet
  facet normal 0.771519 -0 0.636206
    outer loop
      vertex 73.81 0 12.7094
      vertex 74.1899 0.599999 12.2487
      vertex 73.81 0.599999 12.7094
    endloop
  endfacet
  facet normal 0.771519 0 0.636206
    outer loop
      vertex 74.1899 0.599999 12.2487
      vertex 73.81 0 12.7094
      vertex 74.1899 0 12.2487
    endloop
  endfacet
  facet normal 0.85957 -0 0.511019
    outer loop
      vertex 74.1899 0 12.2487
      vertex 74.495 0.599999 11.7355
      vertex 74.1899 0.599999 12.2487
    endloop
  endfacet
  facet normal 0.85957 0 0.511019
    outer loop
      vertex 74.495 0.599999 11.7355
      vertex 74.1899 0 12.2487
      vertex 74.495 0 11.7355
    endloop
  endfacet
  facet normal 0.927503 -0 0.373815
    outer loop
      vertex 74.495 0 11.7355
      vertex 74.7182 0.599999 11.1817
      vertex 74.495 0.599999 11.7355
    endloop
  endfacet
  facet normal 0.927503 0 0.373815
    outer loop
      vertex 74.7182 0.599999 11.1817
      vertex 74.495 0 11.7355
      vertex 74.7182 0 11.1817
    endloop
  endfacet
  facet normal 0.973678 -0 0.227928
    outer loop
      vertex 74.7182 0 11.1817
      vertex 74.8543 0.599999 10.6003
      vertex 74.7182 0.599999 11.1817
    endloop
  endfacet
  facet normal 0.973678 0 0.227928
    outer loop
      vertex 74.8543 0.599999 10.6003
      vertex 74.7182 0 11.1817
      vertex 74.8543 0 10.6003
    endloop
  endfacet
  facet normal 0.997066 -0 0.0765428
    outer loop
      vertex 74.8543 0 10.6003
      vertex 74.9 0.599999 10.005
      vertex 74.8543 0.599999 10.6003
    endloop
  endfacet
  facet normal 0.997066 0 0.0765428
    outer loop
      vertex 74.9 0.599999 10.005
      vertex 74.8543 0 10.6003
      vertex 74.9 0 10.005
    endloop
  endfacet
  facet normal 1 -0 0
    outer loop
      vertex 74.9 0 10.005
      vertex 74.9 0.599999 9.99501
      vertex 74.9 0.599999 10.005
    endloop
  endfacet
  facet normal 1 0 0
    outer loop
      vertex 74.9 0.599999 9.99501
      vertex 74.9 0 10.005
      vertex 74.9 0 9.99501
    endloop
  endfacet
  facet normal 0.995421 0 -0.0955847
    outer loop
      vertex 74.9 0 9.99501
      vertex 74.8287 0.599999 9.25249
      vertex 74.9 0.599999 9.99501
    endloop
  endfacet
  facet normal 0.995421 0 -0.0955847
    outer loop
      vertex 74.8287 0.599999 9.25249
      vertex 74.9 0 9.99501
      vertex 74.8287 0 9.25249
    endloop
  endfacet
  facet normal 0.964219 0 -0.265108
    outer loop
      vertex 74.8287 0 9.25249
      vertex 74.6704 0.599999 8.67674
      vertex 74.8287 0.599999 9.25249
    endloop
  endfacet
  facet normal 0.964219 0 -0.265108
    outer loop
      vertex 74.6704 0.599999 8.67674
      vertex 74.8287 0 9.25249
      vertex 74.6704 0 8.67674
    endloop
  endfacet
  facet normal 0.912533 0 -0.409002
    outer loop
      vertex 74.6704 0 8.67674
      vertex 74.4262 0.599999 8.1319
      vertex 74.6704 0.599999 8.67674
    endloop
  endfacet
  facet normal 0.912533 0 -0.409002
    outer loop
      vertex 74.4262 0.599999 8.1319
      vertex 74.6704 0 8.67674
      vertex 74.4262 0 8.1319
    endloop
  endfacet
  facet normal 0.839326 0 -0.543629
    outer loop
      vertex 74.4262 0 8.1319
      vertex 74.1016 0.599999 7.63074
      vertex 74.4262 0.599999 8.1319
    endloop
  endfacet
  facet normal 0.839326 0 -0.543629
    outer loop
      vertex 74.1016 0.599999 7.63074
      vertex 74.4262 0 8.1319
      vertex 74.1016 0 7.63074
    endloop
  endfacet
  facet normal 0.746603 0 -0.66527
    outer loop
      vertex 74.1016 0 7.63074
      vertex 73.7044 0.599999 7.18498
      vertex 74.1016 0.599999 7.63074
    endloop
  endfacet
  facet normal 0.746603 0 -0.66527
    outer loop
      vertex 73.7044 0.599999 7.18498
      vertex 74.1016 0 7.63074
      vertex 73.7044 0 7.18498
    endloop
  endfacet
  facet normal 0.636206 0 -0.771519
    outer loop
      vertex 73.2437 0 6.80508
      vertex 73.7044 0.599999 7.18498
      vertex 73.7044 0 7.18498
    endloop
  endfacet
  facet normal 0.636206 0 -0.771519
    outer loop
      vertex 73.7044 0.599999 7.18498
      vertex 73.2437 0 6.80508
      vertex 73.2437 0.599999 6.80508
    endloop
  endfacet
  facet normal 0.511031 0 -0.859562
    outer loop
      vertex 72.7305 0 6.49997
      vertex 73.2437 0.599999 6.80508
      vertex 73.2437 0 6.80508
    endloop
  endfacet
  facet normal 0.511031 0 -0.859562
    outer loop
      vertex 73.2437 0.599999 6.80508
      vertex 72.7305 0 6.49997
      vertex 72.7305 0.599999 6.49997
    endloop
  endfacet
  facet normal 0.373829 0 -0.927497
    outer loop
      vertex 72.1767 0 6.27676
      vertex 72.7305 0.599999 6.49997
      vertex 72.7305 0 6.49997
    endloop
  endfacet
  facet normal 0.373829 0 -0.927497
    outer loop
      vertex 72.7305 0.599999 6.49997
      vertex 72.1767 0 6.27676
      vertex 72.1767 0.599999 6.27676
    endloop
  endfacet
  facet normal 0.227833 0 -0.9737
    outer loop
      vertex 71.5953 0 6.14072
      vertex 72.1767 0.599999 6.27676
      vertex 72.1767 0 6.27676
    endloop
  endfacet
  facet normal 0.227833 0 -0.9737
    outer loop
      vertex 72.1767 0.599999 6.27676
      vertex 71.5953 0 6.14072
      vertex 71.5953 0.599999 6.14072
    endloop
  endfacet
  facet normal 0.0765428 0 -0.997066
    outer loop
      vertex 71 0 6.09502
      vertex 71.5953 0.599999 6.14072
      vertex 71.5953 0 6.14072
    endloop
  endfacet
  facet normal 0.0765428 0 -0.997066
    outer loop
      vertex 71.5953 0.599999 6.14072
      vertex 71 0 6.09502
      vertex 71 0.599999 6.09502
    endloop
  endfacet
  facet normal 0 0 -1
    outer loop
      vertex 39 0 6.09502
      vertex 71 0.599999 6.09502
      vertex 71 0 6.09502
    endloop
  endfacet
  facet normal -0 0 -1
    outer loop
      vertex 71 0.599999 6.09502
      vertex 39 0 6.09502
      vertex 39 0.599999 6.09502
    endloop
  endfacet
  facet normal -0.108612 0 0.994084
    outer loop
      vertex 68.3052 0.599999 8.18069
      vertex 68.4791 0 8.19969
      vertex 68.4791 0.599999 8.19969
    endloop
  endfacet
  facet normal -0.108612 0 0.994084
    outer loop
      vertex 68.4791 0 8.19969
      vertex 68.3052 0.599999 8.18069
      vertex 68.3052 0 8.18069
    endloop
  endfacet
  facet normal -0.187242 0 0.982314
    outer loop
      vertex 68.4791 0.599999 8.19969
      vertex 68.6453 0 8.23137
      vertex 68.6453 0.599999 8.23137
    endloop
  endfacet
  facet normal -0.187242 0 0.982314
    outer loop
      vertex 68.6453 0 8.23137
      vertex 68.4791 0.599999 8.19969
      vertex 68.4791 0 8.19969
    endloop
  endfacet
  facet normal -0.269405 0 0.963027
    outer loop
      vertex 68.6453 0.599999 8.23137
      vertex 68.8038 0 8.27571
      vertex 68.8038 0.599999 8.27571
    endloop
  endfacet
  facet normal -0.269405 0 0.963027
    outer loop
      vertex 68.8038 0 8.27571
      vertex 68.6453 0.599999 8.23137
      vertex 68.6453 0 8.23137
    endloop
  endfacet
  facet normal -0.353829 0 0.93531
    outer loop
      vertex 68.8038 0.599999 8.27571
      vertex 68.9545 0 8.33272
      vertex 68.9545 0.599999 8.33272
    endloop
  endfacet
  facet normal -0.353829 0 0.93531
    outer loop
      vertex 68.9545 0 8.33272
      vertex 68.8038 0.599999 8.27571
      vertex 68.8038 0 8.27571
    endloop
  endfacet
  facet normal -0.437986 0 0.898982
    outer loop
      vertex 68.9545 0.599999 8.33272
      vertex 69.0975 0 8.40239
      vertex 69.0975 0.599999 8.40239
    endloop
  endfacet
  facet normal -0.437986 0 0.898982
    outer loop
      vertex 69.0975 0 8.40239
      vertex 68.9545 0.599999 8.33272
      vertex 68.9545 0 8.33272
    endloop
  endfacet
  facet normal -0.520908 0 0.853613
    outer loop
      vertex 69.0975 0.599999 8.40239
      vertex 69.2313 0 8.48404
      vertex 69.2313 0.599999 8.48404
    endloop
  endfacet
  facet normal -0.520908 0 0.853613
    outer loop
      vertex 69.2313 0 8.48404
      vertex 69.0975 0.599999 8.40239
      vertex 69.0975 0 8.40239
    endloop
  endfacet
  facet normal -0.602301 0 0.798269
    outer loop
      vertex 69.2313 0.599999 8.48404
      vertex 69.3544 0 8.57692
      vertex 69.3544 0.599999 8.57692
    endloop
  endfacet
  facet normal -0.602301 0 0.798269
    outer loop
      vertex 69.3544 0 8.57692
      vertex 69.2313 0.599999 8.48404
      vertex 69.2313 0 8.48404
    endloop
  endfacet
  facet normal -0.67986 0 0.733342
    outer loop
      vertex 69.3544 0.599999 8.57692
      vertex 69.4667 0 8.68103
      vertex 69.4667 0.599999 8.68103
    endloop
  endfacet
  facet normal -0.67986 0 0.733342
    outer loop
      vertex 69.4667 0 8.68103
      vertex 69.3544 0.599999 8.57692
      vertex 69.3544 0 8.57692
    endloop
  endfacet
  facet normal -0.750388 0 0.660997
    outer loop
      vertex 69.4667 0 8.68103
      vertex 69.5683 0.599999 8.79637
      vertex 69.4667 0.599999 8.68103
    endloop
  endfacet
  facet normal -0.750388 0 0.660997
    outer loop
      vertex 69.5683 0.599999 8.79637
      vertex 69.4667 0 8.68103
      vertex 69.5683 0 8.79637
    endloop
  endfacet
  facet normal -0.812583 0 0.582846
    outer loop
      vertex 69.5683 0 8.79637
      vertex 69.6591 0.599999 8.92296
      vertex 69.5683 0.599999 8.79637
    endloop
  endfacet
  facet normal -0.812583 0 0.582846
    outer loop
      vertex 69.6591 0.599999 8.92296
      vertex 69.5683 0 8.79637
      vertex 69.6591 0 8.92296
    endloop
  endfacet
  facet normal -0.864583 0 0.50249
    outer loop
      vertex 69.6591 0 8.92296
      vertex 69.7392 0.599999 9.06078
      vertex 69.6591 0.599999 8.92296
    endloop
  endfacet
  facet normal -0.864583 0 0.50249
    outer loop
      vertex 69.7392 0.599999 9.06078
      vertex 69.6591 0 8.92296
      vertex 69.7392 0 9.06078
    endloop
  endfacet
  facet normal -0.906683 0 0.421813
    outer loop
      vertex 69.7392 0 9.06078
      vertex 69.8077 0.599999 9.20802
      vertex 69.7392 0.599999 9.06078
    endloop
  endfacet
  facet normal -0.906683 0 0.421813
    outer loop
      vertex 69.8077 0.599999 9.20802
      vertex 69.7392 0 9.06078
      vertex 69.8077 0 9.20802
    endloop
  endfacet
  facet normal -0.940381 0 0.340124
    outer loop
      vertex 69.8077 0 9.20802
      vertex 69.8637 0.599999 9.36285
      vertex 69.8077 0.599999 9.20802
    endloop
  endfacet
  facet normal -0.940381 0 0.340124
    outer loop
      vertex 69.8637 0.599999 9.36285
      vertex 69.8077 0 9.20802
      vertex 69.8637 0 9.36285
    endloop
  endfacet
  facet normal -0.965807 0 0.259261
    outer loop
      vertex 69.8637 0 9.36285
      vertex 69.9073 0.599999 9.52527
      vertex 69.8637 0.599999 9.36285
    endloop
  endfacet
  facet normal -0.965807 0 0.259261
    outer loop
      vertex 69.9073 0.599999 9.52527
      vertex 69.8637 0 9.36285
      vertex 69.9073 0 9.52527
    endloop
  endfacet
  facet normal -0.983574 0 0.180504
    outer loop
      vertex 69.9073 0 9.52527
      vertex 69.9385 0.599999 9.69528
      vertex 69.9073 0.599999 9.52527
    endloop
  endfacet
  facet normal -0.983574 0 0.180504
    outer loop
      vertex 69.9385 0.599999 9.69528
      vertex 69.9073 0 9.52527
      vertex 69.9385 0 9.69528
    endloop
  endfacet
  facet normal -0.994502 0 0.104714
    outer loop
      vertex 69.9385 0 9.69528
      vertex 69.9572 0.599999 9.87288
      vertex 69.9385 0.599999 9.69528
    endloop
  endfacet
  facet normal -0.994502 0 0.104714
    outer loop
      vertex 69.9572 0.599999 9.87288
      vertex 69.9385 0 9.69528
      vertex 69.9572 0 9.87288
    endloop
  endfacet
  facet normal -0.99944 0 0.033473
    outer loop
      vertex 69.9572 0 9.87288
      vertex 69.9634 0.599999 10.058
      vertex 69.9572 0.599999 9.87288
    endloop
  endfacet
  facet normal -0.99944 0 0.033473
    outer loop
      vertex 69.9634 0.599999 10.058
      vertex 69.9572 0 9.87288
      vertex 69.9634 0 10.058
    endloop
  endfacet
  facet normal -0.99882 0 -0.0485737
    outer loop
      vertex 69.9634 0 10.058
      vertex 69.9499 0.599999 10.3356
      vertex 69.9634 0.599999 10.058
    endloop
  endfacet
  facet normal -0.99882 -0 -0.0485737
    outer loop
      vertex 69.9499 0.599999 10.3356
      vertex 69.9634 0 10.058
      vertex 69.9499 0 10.3356
    endloop
  endfacet
  facet normal -0.98781 0 -0.155667
    outer loop
      vertex 69.9499 0 10.3356
      vertex 69.9094 0.599999 10.5926
      vertex 69.9499 0.599999 10.3356
    endloop
  endfacet
  facet normal -0.98781 -0 -0.155667
    outer loop
      vertex 69.9094 0.599999 10.5926
      vertex 69.9499 0 10.3356
      vertex 69.9094 0 10.5926
    endloop
  endfacet
  facet normal -0.961631 0 -0.274345
    outer loop
      vertex 69.9094 0 10.5926
      vertex 69.8419 0.599999 10.8292
      vertex 69.9094 0.599999 10.5926
    endloop
  endfacet
  facet normal -0.961631 -0 -0.274345
    outer loop
      vertex 69.8419 0.599999 10.8292
      vertex 69.9094 0 10.5926
      vertex 69.8419 0 10.8292
    endloop
  endfacet
  facet normal -0.916381 0 -0.400307
    outer loop
      vertex 69.8419 0 10.8292
      vertex 69.7475 0.599999 11.0453
      vertex 69.8419 0.599999 10.8292
    endloop
  endfacet
  facet normal -0.916381 -0 -0.400307
    outer loop
      vertex 69.7475 0.599999 11.0453
      vertex 69.8419 0 10.8292
      vertex 69.7475 0 11.0453
    endloop
  endfacet
  facet normal -0.849654 0 -0.527341
    outer loop
      vertex 69.7475 0 11.0453
      vertex 69.6261 0.599999 11.2409
      vertex 69.7475 0.599999 11.0453
    endloop
  endfacet
  facet normal -0.849654 -0 -0.527341
    outer loop
      vertex 69.6261 0.599999 11.2409
      vertex 69.7475 0 11.0453
      vertex 69.6261 0 11.2409
    endloop
  endfacet
  facet normal -0.762659 0 -0.646801
    outer loop
      vertex 69.6261 0 11.2409
      vertex 69.4776 0.599999 11.416
      vertex 69.6261 0.599999 11.2409
    endloop
  endfacet
  facet normal -0.762659 -0 -0.646801
    outer loop
      vertex 69.4776 0.599999 11.416
      vertex 69.6261 0 11.2409
      vertex 69.4776 0 11.416
    endloop
  endfacet
  facet normal -0.659369 0 -0.75182
    outer loop
      vertex 69.3052 0 11.5672
      vertex 69.4776 0.599999 11.416
      vertex 69.4776 0 11.416
    endloop
  endfacet
  facet normal -0.659369 0 -0.75182
    outer loop
      vertex 69.4776 0.599999 11.416
      vertex 69.3052 0 11.5672
      vertex 69.3052 0.599999 11.5672
    endloop
  endfacet
  facet normal -0.539017 0 -0.842295
    outer loop
      vertex 69.1119 0 11.6909
      vertex 69.3052 0.599999 11.5672
      vertex 69.3052 0 11.5672
    endloop
  endfacet
  facet normal -0.539017 0 -0.842295
    outer loop
      vertex 69.3052 0.599999 11.5672
      vertex 69.1119 0 11.6909
      vertex 69.1119 0.599999 11.6909
    endloop
  endfacet
  facet normal -0.409374 0 -0.912367
    outer loop
      vertex 68.8975 0 11.7871
      vertex 69.1119 0.599999 11.6909
      vertex 69.1119 0 11.6909
    endloop
  endfacet
  facet normal -0.409374 0 -0.912367
    outer loop
      vertex 69.1119 0.599999 11.6909
      vertex 68.8975 0 11.7871
      vertex 68.8975 0.599999 11.7871
    endloop
  endfacet
  facet normal -0.280266 0 -0.959922
    outer loop
      vertex 68.6622 0 11.8558
      vertex 68.8975 0.599999 11.7871
      vertex 68.8975 0 11.7871
    endloop
  endfacet
  facet normal -0.280266 0 -0.959922
    outer loop
      vertex 68.8975 0.599999 11.7871
      vertex 68.6622 0 11.8558
      vertex 68.6622 0.599999 11.8558
    endloop
  endfacet
  facet normal -0.159087 0 -0.987265
    outer loop
      vertex 68.4059 0 11.8971
      vertex 68.6622 0.599999 11.8558
      vertex 68.6622 0 11.8558
    endloop
  endfacet
  facet normal -0.159087 0 -0.987265
    outer loop
      vertex 68.6622 0.599999 11.8558
      vertex 68.4059 0 11.8971
      vertex 68.4059 0.599999 11.8971
    endloop
  endfacet
  facet normal -0.0493625 0 -0.998781
    outer loop
      vertex 68.1287 0 11.9108
      vertex 68.4059 0.599999 11.8971
      vertex 68.4059 0 11.8971
    endloop
  endfacet
  facet normal -0.0493625 0 -0.998781
    outer loop
      vertex 68.4059 0.599999 11.8971
      vertex 68.1287 0 11.9108
      vertex 68.1287 0.599999 11.9108
    endloop
  endfacet
  facet normal 0.0489855 0 -0.998799
    outer loop
      vertex 67.8514 0 11.8972
      vertex 68.1287 0.599999 11.9108
      vertex 68.1287 0 11.9108
    endloop
  endfacet
  facet normal 0.0489855 0 -0.998799
    outer loop
      vertex 68.1287 0.599999 11.9108
      vertex 67.8514 0 11.8972
      vertex 67.8514 0.599999 11.8972
    endloop
  endfacet
  facet normal 0.157269 0 -0.987556
    outer loop
      vertex 67.5952 0 11.8564
      vertex 67.8514 0.599999 11.8972
      vertex 67.8514 0 11.8972
    endloop
  endfacet
  facet normal 0.157269 0 -0.987556
    outer loop
      vertex 67.8514 0.599999 11.8972
      vertex 67.5952 0 11.8564
      vertex 67.5952 0.599999 11.8564
    endloop
  endfacet
  facet normal 0.27785 0 -0.960625
    outer loop
      vertex 67.3601 0 11.7884
      vertex 67.5952 0.599999 11.8564
      vertex 67.5952 0 11.8564
    endloop
  endfacet
  facet normal 0.27785 0 -0.960625
    outer loop
      vertex 67.5952 0.599999 11.8564
      vertex 67.3601 0 11.7884
      vertex 67.3601 0.599999 11.7884
    endloop
  endfacet
  facet normal 0.406297 0 -0.913741
    outer loop
      vertex 67.146 0 11.6932
      vertex 67.3601 0.599999 11.7884
      vertex 67.3601 0 11.7884
    endloop
  endfacet
  facet normal 0.406297 0 -0.913741
    outer loop
      vertex 67.3601 0.599999 11.7884
      vertex 67.146 0 11.6932
      vertex 67.146 0.599999 11.6932
    endloop
  endfacet
  facet normal 0.535572 0 -0.844489
    outer loop
      vertex 66.953 0 11.5708
      vertex 67.146 0.599999 11.6932
      vertex 67.146 0 11.6932
    endloop
  endfacet
  facet normal 0.535572 0 -0.844489
    outer loop
      vertex 67.146 0.599999 11.6932
      vertex 66.953 0 11.5708
      vertex 66.953 0.599999 11.5708
    endloop
  endfacet
  facet normal 0.656048 0 -0.754719
    outer loop
      vertex 66.7809 0 11.4212
      vertex 66.953 0.599999 11.5708
      vertex 66.953 0 11.5708
    endloop
  endfacet
  facet normal 0.656048 0 -0.754719
    outer loop
      vertex 66.953 0.599999 11.5708
      vertex 66.7809 0 11.4212
      vertex 66.7809 0.599999 11.4212
    endloop
  endfacet
  facet normal 0.761539 0 -0.648119
    outer loop
      vertex 66.7809 0 11.4212
      vertex 66.6329 0.599999 11.2473
      vertex 66.7809 0.599999 11.4212
    endloop
  endfacet
  facet normal 0.761539 0 -0.648119
    outer loop
      vertex 66.6329 0.599999 11.2473
      vertex 66.7809 0 11.4212
      vertex 66.6329 0 11.2473
    endloop
  endfacet
  facet normal 0.849754 0 -0.527179
    outer loop
      vertex 66.6329 0 11.2473
      vertex 66.5118 0.599999 11.0521
      vertex 66.6329 0.599999 11.2473
    endloop
  endfacet
  facet normal 0.849754 0 -0.527179
    outer loop
      vertex 66.5118 0.599999 11.0521
      vertex 66.6329 0 11.2473
      vertex 66.5118 0 11.0521
    endloop
  endfacet
  facet normal 0.916962 0 -0.398974
    outer loop
      vertex 66.5118 0 11.0521
      vertex 66.4176 0.599999 10.8356
      vertex 66.5118 0.599999 11.0521
    endloop
  endfacet
  facet normal 0.916962 0 -0.398974
    outer loop
      vertex 66.4176 0.599999 10.8356
      vertex 66.5118 0 11.0521
      vertex 66.4176 0 10.8356
    endloop
  endfacet
  facet normal 0.962238 0 -0.272209
    outer loop
      vertex 66.4176 0 10.8356
      vertex 66.3503 0.599999 10.5977
      vertex 66.4176 0.599999 10.8356
    endloop
  endfacet
  facet normal 0.962238 0 -0.272209
    outer loop
      vertex 66.3503 0.599999 10.5977
      vertex 66.4176 0 10.8356
      vertex 66.3503 0 10.5977
    endloop
  endfacet
  facet normal 0.988128 0 -0.153633
    outer loop
      vertex 66.3503 0 10.5977
      vertex 66.31 0.599999 10.3385
      vertex 66.3503 0.599999 10.5977
    endloop
  endfacet
  facet normal 0.988128 0 -0.153633
    outer loop
      vertex 66.31 0.599999 10.3385
      vertex 66.3503 0 10.5977
      vertex 66.31 0 10.3385
    endloop
  endfacet
  facet normal 0.998844 0 -0.0480727
    outer loop
      vertex 66.31 0 10.3385
      vertex 66.2965 0.599999 10.058
      vertex 66.31 0.599999 10.3385
    endloop
  endfacet
  facet normal 0.998844 0 -0.0480727
    outer loop
      vertex 66.2965 0.599999 10.058
      vertex 66.31 0 10.3385
      vertex 66.2965 0 10.058
    endloop
  endfacet
  facet normal 0.998853 -0 0.0478752
    outer loop
      vertex 66.2965 0 10.058
      vertex 66.31 0.599999 9.77634
      vertex 66.2965 0.599999 10.058
    endloop
  endfacet
  facet normal 0.998853 0 0.0478752
    outer loop
      vertex 66.31 0.599999 9.77634
      vertex 66.2965 0 10.058
      vertex 66.31 0 9.77634
    endloop
  endfacet
  facet normal 0.988176 -0 0.153326
    outer loop
      vertex 66.31 0 9.77634
      vertex 66.3505 0.599999 9.51532
      vertex 66.31 0.599999 9.77634
    endloop
  endfacet
  facet normal 0.988176 0 0.153326
    outer loop
      vertex 66.3505 0.599999 9.51532
      vertex 66.31 0 9.77634
      vertex 66.3505 0 9.51532
    endloop
  endfacet
  facet normal 0.962852 -0 0.27003
    outer loop
      vertex 66.3505 0 9.51532
      vertex 66.4179 0.599999 9.27499
      vertex 66.3505 0.599999 9.51532
    endloop
  endfacet
  facet normal 0.962852 0 0.27003
    outer loop
      vertex 66.4179 0.599999 9.27499
      vertex 66.3505 0 9.51532
      vertex 66.4179 0 9.27499
    endloop
  endfacet
  facet normal 0.918593 -0 0.395206
    outer loop
      vertex 66.4179 0 9.27499
      vertex 66.5124 0.599999 9.05534
      vertex 66.4179 0.599999 9.27499
    endloop
  endfacet
  facet normal 0.918593 0 0.395206
    outer loop
      vertex 66.5124 0.599999 9.05534
      vertex 66.4179 0 9.27499
      vertex 66.5124 0 9.05534
    endloop
  endfacet
  facet normal 0.853638 -0 0.520867
    outer loop
      vertex 66.5124 0 9.05534
      vertex 66.6338 0.599999 8.85638
      vertex 66.5124 0.599999 9.05534
    endloop
  endfacet
  facet normal 0.853638 0 0.520867
    outer loop
      vertex 66.6338 0.599999 8.85638
      vertex 66.5124 0 9.05534
      vertex 66.6338 0 8.85638
    endloop
  endfacet
  facet normal 0.768539 -0 0.639803
    outer loop
      vertex 66.6338 0 8.85638
      vertex 66.7822 0.599999 8.67812
      vertex 66.6338 0.599999 8.85638
    endloop
  endfacet
  facet normal 0.768539 0 0.639803
    outer loop
      vertex 66.7822 0.599999 8.67812
      vertex 66.6338 0 8.85638
      vertex 66.7822 0 8.67812
    endloop
  endfacet
  facet normal 0.666449 0 0.74555
    outer loop
      vertex 66.7822 0.599999 8.67812
      vertex 66.9544 0 8.52419
      vertex 66.9544 0.599999 8.52419
    endloop
  endfacet
  facet normal 0.666449 0 0.74555
    outer loop
      vertex 66.9544 0 8.52419
      vertex 66.7822 0.599999 8.67812
      vertex 66.7822 0 8.67812
    endloop
  endfacet
  facet normal 0.54688 0 0.837211
    outer loop
      vertex 66.9544 0.599999 8.52419
      vertex 67.1472 0 8.39825
      vertex 67.1472 0.599999 8.39825
    endloop
  endfacet
  facet normal 0.54688 0 0.837211
    outer loop
      vertex 67.1472 0 8.39825
      vertex 66.9544 0.599999 8.52419
      vertex 66.9544 0 8.52419
    endloop
  endfacet
  facet normal 0.417512 0 0.908672
    outer loop
      vertex 67.1472 0.599999 8.39825
      vertex 67.3604 0 8.30029
      vertex 67.3604 0.599999 8.30029
    endloop
  endfacet
  facet normal 0.417512 0 0.908672
    outer loop
      vertex 67.3604 0 8.30029
      vertex 67.1472 0.599999 8.39825
      vertex 67.1472 0 8.39825
    endloop
  endfacet
  facet normal 0.286671 0 0.958029
    outer loop
      vertex 67.3604 0.599999 8.30029
      vertex 67.5942 0 8.23033
      vertex 67.5942 0.599999 8.23033
    endloop
  endfacet
  facet normal 0.286671 0 0.958029
    outer loop
      vertex 67.5942 0 8.23033
      vertex 67.3604 0.599999 8.30029
      vertex 67.3604 0 8.30029
    endloop
  endfacet
  facet normal 0.162814 0 0.986657
    outer loop
      vertex 67.5942 0.599999 8.23033
      vertex 67.8486 0 8.18835
      vertex 67.8486 0.599999 8.18835
    endloop
  endfacet
  facet normal 0.162814 0 0.986657
    outer loop
      vertex 67.8486 0 8.18835
      vertex 67.5942 0.599999 8.23033
      vertex 67.5942 0 8.23033
    endloop
  endfacet
  facet normal 0.0508255 0 0.998708
    outer loop
      vertex 67.8486 0.599999 8.18835
      vertex 68.1235 0 8.17436
      vertex 68.1235 0.599999 8.17436
    endloop
  endfacet
  facet normal 0.0508255 0 0.998708
    outer loop
      vertex 68.1235 0 8.17436
      vertex 67.8486 0.599999 8.18835
      vertex 67.8486 0 8.18835
    endloop
  endfacet
  facet normal -0.0348165 0 0.999394
    outer loop
      vertex 68.1235 0.599999 8.17436
      vertex 68.3052 0 8.18069
      vertex 68.3052 0.599999 8.18069
    endloop
  endfacet
  facet normal -0.0348165 0 0.999394
    outer loop
      vertex 68.3052 0 8.18069
      vertex 68.1235 0.599999 8.17436
      vertex 68.1235 0 8.17436
    endloop
  endfacet
  facet normal -0.191678 0 -0.981458
    outer loop
      vertex 67.8184 0 8.81039
      vertex 67.9652 0.599999 8.78172
      vertex 67.9652 0 8.78172
    endloop
  endfacet
  facet normal -0.191678 0 -0.981458
    outer loop
      vertex 67.9652 0.599999 8.78172
      vertex 67.8184 0 8.81039
      vertex 67.8184 0.599999 8.81039
    endloop
  endfacet
  facet normal -0.333207 0 -0.942854
    outer loop
      vertex 67.6832 0 8.85817
      vertex 67.8184 0.599999 8.81039
      vertex 67.8184 0 8.81039
    endloop
  endfacet
  facet normal -0.333207 0 -0.942854
    outer loop
      vertex 67.8184 0.599999 8.81039
      vertex 67.6832 0 8.85817
      vertex 67.6832 0.599999 8.85817
    endloop
  endfacet
  facet normal -0.475358 0 -0.879792
    outer loop
      vertex 67.5594 0 8.92506
      vertex 67.6832 0.599999 8.85817
      vertex 67.6832 0 8.85817
    endloop
  endfacet
  facet normal -0.475358 0 -0.879792
    outer loop
      vertex 67.6832 0.599999 8.85817
      vertex 67.5594 0 8.92506
      vertex 67.5594 0.599999 8.92506
    endloop
  endfacet
  facet normal -0.608684 0 -0.793413
    outer loop
      vertex 67.4473 0 9.01106
      vertex 67.5594 0.599999 8.92506
      vertex 67.5594 0 8.92506
    endloop
  endfacet
  facet normal -0.608684 0 -0.793413
    outer loop
      vertex 67.5594 0.599999 8.92506
      vertex 67.4473 0 9.01106
      vertex 67.4473 0.599999 9.01106
    endloop
  endfacet
  facet normal -0.722125 0 -0.691762
    outer loop
      vertex 67.4473 0 9.01106
      vertex 67.3466 0.599999 9.11618
      vertex 67.4473 0.599999 9.01106
    endloop
  endfacet
  facet normal -0.722125 -0 -0.691762
    outer loop
      vertex 67.3466 0.599999 9.11618
      vertex 67.4473 0 9.01106
      vertex 67.3466 0 9.11618
    endloop
  endfacet
  facet normal -0.813553 0 -0.581491
    outer loop
      vertex 67.3466 0 9.11618
      vertex 67.2596 0.599999 9.2379
      vertex 67.3466 0.599999 9.11618
    endloop
  endfacet
  facet normal -0.813553 -0 -0.581491
    outer loop
      vertex 67.2596 0.599999 9.2379
      vertex 67.3466 0 9.11618
      vertex 67.2596 0 9.2379
    endloop
  endfacet
  facet normal -0.885695 0 -0.464268
    outer loop
      vertex 67.2596 0 9.2379
      vertex 67.1884 0.599999 9.37373
      vertex 67.2596 0.599999 9.2379
    endloop
  endfacet
  facet normal -0.885695 -0 -0.464268
    outer loop
      vertex 67.1884 0.599999 9.37373
      vertex 67.2596 0 9.2379
      vertex 67.1884 0 9.37373
    endloop
  endfacet
  facet normal -0.938005 0 -0.346621
    outer loop
      vertex 67.1884 0 9.37373
      vertex 67.133 0.599999 9.52365
      vertex 67.1884 0.599999 9.37373
    endloop
  endfacet
  facet normal -0.938005 -0 -0.346621
    outer loop
      vertex 67.133 0.599999 9.52365
      vertex 67.1884 0 9.37373
      vertex 67.133 0 9.52365
    endloop
  endfacet
  facet normal -0.972208 0 -0.234117
    outer loop
      vertex 67.133 0 9.52365
      vertex 67.0935 0.599999 9.68768
      vertex 67.133 0.599999 9.52365
    endloop
  endfacet
  facet normal -0.972208 -0 -0.234117
    outer loop
      vertex 67.0935 0.599999 9.68768
      vertex 67.133 0 9.52365
      vertex 67.0935 0 9.68768
    endloop
  endfacet
  facet normal -0.991265 0 -0.131887
    outer loop
      vertex 67.0935 0 9.68768
      vertex 67.0698 0.599999 9.86581
      vertex 67.0935 0.599999 9.68768
    endloop
  endfacet
  facet normal -0.991265 -0 -0.131887
    outer loop
      vertex 67.0698 0.599999 9.86581
      vertex 67.0935 0 9.68768
      vertex 67.0698 0 9.86581
    endloop
  endfacet
  facet normal -0.999135 0 -0.0415895
    outer loop
      vertex 67.0698 0 9.86581
      vertex 67.0618 0.599999 10.058
      vertex 67.0698 0.599999 9.86581
    endloop
  endfacet
  facet normal -0.999135 -0 -0.0415895
    outer loop
      vertex 67.0618 0.599999 10.058
      vertex 67.0698 0 9.86581
      vertex 67.0618 0 10.058
    endloop
  endfacet
  facet normal -0.999161 0 0.0409535
    outer loop
      vertex 67.0618 0 10.058
      vertex 67.0696 0.599999 10.2483
      vertex 67.0618 0.599999 10.058
    endloop
  endfacet
  facet normal -0.999161 0 0.0409535
    outer loop
      vertex 67.0696 0.599999 10.2483
      vertex 67.0618 0 10.058
      vertex 67.0696 0 10.2483
    endloop
  endfacet
  facet normal -0.991404 0 0.130834
    outer loop
      vertex 67.0696 0 10.2483
      vertex 67.0928 0.599999 10.4241
      vertex 67.0696 0.599999 10.2483
    endloop
  endfacet
  facet normal -0.991404 0 0.130834
    outer loop
      vertex 67.0928 0.599999 10.4241
      vertex 67.0696 0 10.2483
      vertex 67.0928 0 10.4241
    endloop
  endfacet
  facet normal -0.972508 0 0.232871
    outer loop
      vertex 67.0928 0 10.4241
      vertex 67.1314 0.599999 10.5853
      vertex 67.0928 0.599999 10.4241
    endloop
  endfacet
  facet normal -0.972508 0 0.232871
    outer loop
      vertex 67.1314 0.599999 10.5853
      vertex 67.0928 0 10.4241
      vertex 67.1314 0 10.5853
    endloop
  endfacet
  facet normal -0.938234 0 0.346002
    outer loop
      vertex 67.1314 0 10.5853
      vertex 67.1855 0.599999 10.732
      vertex 67.1314 0.599999 10.5853
    endloop
  endfacet
  facet normal -0.938234 0 0.346002
    outer loop
      vertex 67.1855 0.599999 10.732
      vertex 67.1314 0 10.5853
      vertex 67.1855 0 10.732
    endloop
  endfacet
  facet normal -0.88486 0 0.465857
    outer loop
      vertex 67.1855 0 10.732
      vertex 67.2551 0.599999 10.8642
      vertex 67.1855 0.599999 10.732
    endloop
  endfacet
  facet normal -0.88486 0 0.465857
    outer loop
      vertex 67.2551 0.599999 10.8642
      vertex 67.1855 0 10.732
      vertex 67.2551 0 10.8642
    endloop
  endfacet
  facet normal -0.810461 0 0.585792
    outer loop
      vertex 67.2551 0 10.8642
      vertex 67.3401 0.599999 10.9818
      vertex 67.2551 0.599999 10.8642
    endloop
  endfacet
  facet normal -0.810461 0 0.585792
    outer loop
      vertex 67.3401 0.599999 10.9818
      vertex 67.2551 0 10.8642
      vertex 67.3401 0 10.9818
    endloop
  endfacet
  facet normal -0.714128 0 0.700015
    outer loop
      vertex 67.3401 0 10.9818
      vertex 67.4393 0.599999 11.083
      vertex 67.3401 0.599999 10.9818
    endloop
  endfacet
  facet normal -0.714128 0 0.700015
    outer loop
      vertex 67.4393 0.599999 11.083
      vertex 67.3401 0 10.9818
      vertex 67.4393 0 11.083
    endloop
  endfacet
  facet normal -0.594129 0 0.80437
    outer loop
      vertex 67.4393 0.599999 11.083
      vertex 67.5514 0 11.1658
      vertex 67.5514 0.599999 11.1658
    endloop
  endfacet
  facet normal -0.594129 0 0.80437
    outer loop
      vertex 67.5514 0 11.1658
      vertex 67.4393 0.599999 11.083
      vertex 67.4393 0 11.083
    endloop
  endfacet
  facet normal -0.457991 0 0.888957
    outer loop
      vertex 67.5514 0.599999 11.1658
      vertex 67.6764 0 11.2302
      vertex 67.6764 0.599999 11.2302
    endloop
  endfacet
  facet normal -0.457991 0 0.888957
    outer loop
      vertex 67.6764 0 11.2302
      vertex 67.5514 0.599999 11.1658
      vertex 67.5514 0 11.1658
    endloop
  endfacet
  facet normal -0.316434 0 0.948614
    outer loop
      vertex 67.6764 0.599999 11.2302
      vertex 67.8143 0 11.2762
      vertex 67.8143 0.599999 11.2762
    endloop
  endfacet
  facet normal -0.316434 0 0.948614
    outer loop
      vertex 67.8143 0 11.2762
      vertex 67.6764 0.599999 11.2302
      vertex 67.6764 0 11.2302
    endloop
  endfacet
  facet normal -0.180149 0 0.983639
    outer loop
      vertex 67.8143 0.599999 11.2762
      vertex 67.965 0 11.3038
      vertex 67.965 0.599999 11.3038
    endloop
  endfacet
  facet normal -0.180149 0 0.983639
    outer loop
      vertex 67.965 0 11.3038
      vertex 67.8143 0.599999 11.2762
      vertex 67.8143 0 11.2762
    endloop
  endfacet
  facet normal -0.0555038 0 0.998458
    outer loop
      vertex 67.965 0.599999 11.3038
      vertex 68.1287 0 11.3129
      vertex 68.1287 0.599999 11.3129
    endloop
  endfacet
  facet normal -0.0555038 0 0.998458
    outer loop
      vertex 68.1287 0 11.3129
      vertex 67.965 0.599999 11.3038
      vertex 67.965 0 11.3038
    endloop
  endfacet
  facet normal 0.0569792 0 0.998375
    outer loop
      vertex 68.1287 0.599999 11.3129
      vertex 68.2899 0 11.3037
      vertex 68.2899 0.599999 11.3037
    endloop
  endfacet
  facet normal 0.0569792 0 0.998375
    outer loop
      vertex 68.2899 0 11.3037
      vertex 68.1287 0.599999 11.3129
      vertex 68.1287 0 11.3129
    endloop
  endfacet
  facet normal 0.18365 0 0.982992
    outer loop
      vertex 68.2899 0.599999 11.3037
      vertex 68.4387 0 11.2759
      vertex 68.4387 0.599999 11.2759
    endloop
  endfacet
  facet normal 0.18365 0 0.982992
    outer loop
      vertex 68.4387 0 11.2759
      vertex 68.2899 0.599999 11.3037
      vertex 68.2899 0 11.3037
    endloop
  endfacet
  facet normal 0.322052 0 0.946722
    outer loop
      vertex 68.4387 0.599999 11.2759
      vertex 68.5751 0 11.2295
      vertex 68.5751 0.599999 11.2295
    endloop
  endfacet
  facet normal 0.322052 0 0.946722
    outer loop
      vertex 68.5751 0 11.2295
      vertex 68.4387 0.599999 11.2759
      vertex 68.4387 0 11.2759
    endloop
  endfacet
  facet normal 0.464007 0 0.885832
    outer loop
      vertex 68.5751 0.599999 11.2295
      vertex 68.699 0 11.1646
      vertex 68.699 0.599999 11.1646
    endloop
  endfacet
  facet normal 0.464007 0 0.885832
    outer loop
      vertex 68.699 0 11.1646
      vertex 68.5751 0.599999 11.2295
      vertex 68.5751 0 11.2295
    endloop
  endfacet
  facet normal 0.59931 0 0.800517
    outer loop
      vertex 68.699 0.599999 11.1646
      vertex 68.8104 0 11.0812
      vertex 68.8104 0.599999 11.0812
    endloop
  endfacet
  facet normal 0.59931 0 0.800517
    outer loop
      vertex 68.8104 0 11.0812
      vertex 68.699 0.599999 11.1646
      vertex 68.699 0 11.1646
    endloop
  endfacet
  facet normal 0.717581 -0 0.696475
    outer loop
      vertex 68.8104 0 11.0812
      vertex 68.9094 0.599999 10.9792
      vertex 68.8104 0.599999 11.0812
    endloop
  endfacet
  facet normal 0.717581 0 0.696475
    outer loop
      vertex 68.9094 0.599999 10.9792
      vertex 68.8104 0 11.0812
      vertex 68.9094 0 10.9792
    endloop
  endfacet
  facet normal 0.811547 -0 0.584287
    outer loop
      vertex 68.9094 0 10.9792
      vertex 68.9945 0.599999 10.861
      vertex 68.9094 0.599999 10.9792
    endloop
  endfacet
  facet normal 0.811547 0 0.584287
    outer loop
      vertex 68.9945 0.599999 10.861
      vertex 68.9094 0 10.9792
      vertex 68.9945 0 10.861
    endloop
  endfacet
  facet normal 0.88515 -0 0.465306
    outer loop
      vertex 68.9945 0 10.861
      vertex 69.0641 0.599999 10.7286
      vertex 68.9945 0.599999 10.861
    endloop
  endfacet
  facet normal 0.88515 0 0.465306
    outer loop
      vertex 69.0641 0.599999 10.7286
      vertex 68.9945 0 10.861
      vertex 69.0641 0 10.7286
    endloop
  endfacet
  facet normal 0.93808 -0 0.346417
    outer loop
      vertex 69.0641 0 10.7286
      vertex 69.1182 0.599999 10.5821
      vertex 69.0641 0.599999 10.7286
    endloop
  endfacet
  facet normal 0.93808 0 0.346417
    outer loop
      vertex 69.1182 0.599999 10.5821
      vertex 69.0641 0 10.7286
      vertex 69.1182 0 10.5821
    endloop
  endfacet
  facet normal 0.97231 -0 0.233694
    outer loop
      vertex 69.1182 0 10.5821
      vertex 69.1568 0.599999 10.4215
      vertex 69.1182 0.599999 10.5821
    endloop
  endfacet
  facet normal 0.97231 0 0.233694
    outer loop
      vertex 69.1568 0.599999 10.4215
      vertex 69.1182 0 10.5821
      vertex 69.1568 0 10.4215
    endloop
  endfacet
  facet normal 0.991297 -0 0.131643
    outer loop
      vertex 69.1568 0 10.4215
      vertex 69.18 0.599999 10.2468
      vertex 69.1568 0.599999 10.4215
    endloop
  endfacet
  facet normal 0.991297 0 0.131643
    outer loop
      vertex 69.18 0.599999 10.2468
      vertex 69.1568 0 10.4215
      vertex 69.18 0 10.2468
    endloop
  endfacet
  facet normal 0.999148 -0 0.0412783
    outer loop
      vertex 69.18 0 10.2468
      vertex 69.1878 0.599999 10.058
      vertex 69.18 0.599999 10.2468
    endloop
  endfacet
  facet normal 0.999148 0 0.0412783
    outer loop
      vertex 69.1878 0.599999 10.058
      vertex 69.18 0 10.2468
      vertex 69.1878 0 10.058
    endloop
  endfacet
  facet normal 0.99924 0 -0.0389715
    outer loop
      vertex 69.1878 0 10.058
      vertex 69.1801 0.599999 9.86057
      vertex 69.1878 0.599999 10.058
    endloop
  endfacet
  facet normal 0.99924 0 -0.0389715
    outer loop
      vertex 69.1801 0.599999 9.86057
      vertex 69.1878 0 10.058
      vertex 69.1801 0 9.86057
    endloop
  endfacet
  facet normal 0.992032 0 -0.125988
    outer loop
      vertex 69.1801 0 9.86057
      vertex 69.157 0.599999 9.67868
      vertex 69.1801 0.599999 9.86057
    endloop
  endfacet
  facet normal 0.992032 0 -0.125988
    outer loop
      vertex 69.157 0.599999 9.67868
      vertex 69.1801 0 9.86057
      vertex 69.157 0 9.67868
    endloop
  endfacet
  facet normal 0.974224 0 -0.225583
    outer loop
      vertex 69.157 0 9.67868
      vertex 69.1185 0.599999 9.51241
      vertex 69.157 0.599999 9.67868
    endloop
  endfacet
  facet normal 0.974224 0 -0.225583
    outer loop
      vertex 69.1185 0.599999 9.51241
      vertex 69.157 0 9.67868
      vertex 69.1185 0 9.51241
    endloop
  endfacet
  facet normal 0.941579 0 -0.336792
    outer loop
      vertex 69.1185 0 9.51241
      vertex 69.0646 0.599999 9.36172
      vertex 69.1185 0.599999 9.51241
    endloop
  endfacet
  facet normal 0.941579 0 -0.336792
    outer loop
      vertex 69.0646 0.599999 9.36172
      vertex 69.1185 0 9.51241
      vertex 69.0646 0 9.36172
    endloop
  endfacet
  facet normal 0.889996 0 -0.455969
    outer loop
      vertex 69.0646 0 9.36172
      vertex 68.9954 0.599999 9.22665
      vertex 69.0646 0.599999 9.36172
    endloop
  endfacet
  facet normal 0.889996 0 -0.455969
    outer loop
      vertex 68.9954 0.599999 9.22665
      vertex 69.0646 0 9.36172
      vertex 68.9954 0 9.22665
    endloop
  endfacet
  facet normal 0.815782 0 -0.57836
    outer loop
      vertex 68.9954 0 9.22665
      vertex 68.9107 0.599999 9.10718
      vertex 68.9954 0.599999 9.22665
    endloop
  endfacet
  facet normal 0.815782 0 -0.57836
    outer loop
      vertex 68.9107 0.599999 9.10718
      vertex 68.9954 0 9.22665
      vertex 68.9107 0 9.10718
    endloop
  endfacet
  facet normal 0.719508 0 -0.694484
    outer loop
      vertex 68.9107 0 9.10718
      vertex 68.8119 0.599999 9.00482
      vertex 68.9107 0.599999 9.10718
    endloop
  endfacet
  facet normal 0.719508 0 -0.694484
    outer loop
      vertex 68.8119 0.599999 9.00482
      vertex 68.9107 0 9.10718
      vertex 68.8119 0 9.00482
    endloop
  endfacet
  facet normal 0.599542 0 -0.800343
    outer loop
      vertex 68.7001 0 8.92107
      vertex 68.8119 0.599999 9.00482
      vertex 68.8119 0 9.00482
    endloop
  endfacet
  facet normal 0.599542 0 -0.800343
    outer loop
      vertex 68.8119 0.599999 9.00482
      vertex 68.7001 0 8.92107
      vertex 68.7001 0.599999 8.92107
    endloop
  endfacet
  facet normal 0.463008 0 -0.886354
    outer loop
      vertex 68.5754 0 8.85593
      vertex 68.7001 0.599999 8.92107
      vertex 68.7001 0 8.92107
    endloop
  endfacet
  facet normal 0.463008 0 -0.886354
    outer loop
      vertex 68.7001 0.599999 8.92107
      vertex 68.5754 0 8.85593
      vertex 68.5754 0.599999 8.85593
    endloop
  endfacet
  facet normal 0.320188 0 -0.947354
    outer loop
      vertex 68.4377 0 8.80939
      vertex 68.5754 0.599999 8.85593
      vertex 68.5754 0 8.85593
    endloop
  endfacet
  facet normal 0.320188 0 -0.947354
    outer loop
      vertex 68.5754 0.599999 8.85593
      vertex 68.4377 0 8.80939
      vertex 68.4377 0.599999 8.80939
    endloop
  endfacet
  facet normal 0.182223 0 -0.983257
    outer loop
      vertex 68.2871 0 8.78148
      vertex 68.4377 0.599999 8.80939
      vertex 68.4377 0 8.80939
    endloop
  endfacet
  facet normal 0.182223 0 -0.983257
    outer loop
      vertex 68.4377 0.599999 8.80939
      vertex 68.2871 0 8.78148
      vertex 68.2871 0.599999 8.78148
    endloop
  endfacet
  facet normal 0.0568152 0 -0.998385
    outer loop
      vertex 68.1235 0 8.77217
      vertex 68.2871 0.599999 8.78148
      vertex 68.2871 0 8.78148
    endloop
  endfacet
  facet normal 0.0568152 0 -0.998385
    outer loop
      vertex 68.2871 0.599999 8.78148
      vertex 68.1235 0 8.77217
      vertex 68.1235 0.599999 8.77217
    endloop
  endfacet
  facet normal -0.060219 0 -0.998185
    outer loop
      vertex 67.9652 0 8.78172
      vertex 68.1235 0.599999 8.77217
      vertex 68.1235 0 8.77217
    endloop
  endfacet
  facet normal -0.060219 0 -0.998185
    outer loop
      vertex 68.1235 0.599999 8.77217
      vertex 67.9652 0 8.78172
      vertex 67.9652 0.599999 8.78172
    endloop
  endfacet
  facet normal -0.10855 0 0.994091
    outer loop
      vertex 52.4167 0.599999 8.18069
      vertex 52.5907 0 8.19969
      vertex 52.5907 0.599999 8.19969
    endloop
  endfacet
  facet normal -0.10855 0 0.994091
    outer loop
      vertex 52.5907 0 8.19969
      vertex 52.4167 0.599999 8.18069
      vertex 52.4167 0 8.18069
    endloop
  endfacet
  facet normal -0.187242 0 0.982314
    outer loop
      vertex 52.5907 0.599999 8.19969
      vertex 52.7569 0 8.23137
      vertex 52.7569 0.599999 8.23137
    endloop
  endfacet
  facet normal -0.187242 0 0.982314
    outer loop
      vertex 52.7569 0 8.23137
      vertex 52.5907 0.599999 8.19969
      vertex 52.5907 0 8.19969
    endloop
  endfacet
  facet normal -0.269405 0 0.963027
    outer loop
      vertex 52.7569 0.599999 8.23137
      vertex 52.9154 0 8.27571
      vertex 52.9154 0.599999 8.27571
    endloop
  endfacet
  facet normal -0.269405 0 0.963027
    outer loop
      vertex 52.9154 0 8.27571
      vertex 52.7569 0.599999 8.23137
      vertex 52.7569 0 8.23137
    endloop
  endfacet
  facet normal -0.353829 0 0.93531
    outer loop
      vertex 52.9154 0.599999 8.27571
      vertex 53.0661 0 8.33272
      vertex 53.0661 0.599999 8.33272
    endloop
  endfacet
  facet normal -0.353829 0 0.93531
    outer loop
      vertex 53.0661 0 8.33272
      vertex 52.9154 0.599999 8.27571
      vertex 52.9154 0 8.27571
    endloop
  endfacet
  facet normal -0.437986 0 0.898982
    outer loop
      vertex 53.0661 0.599999 8.33272
      vertex 53.2091 0 8.40239
      vertex 53.2091 0.599999 8.40239
    endloop
  endfacet
  facet normal -0.437986 0 0.898982
    outer loop
      vertex 53.2091 0 8.40239
      vertex 53.0661 0.599999 8.33272
      vertex 53.0661 0 8.33272
    endloop
  endfacet
  facet normal -0.520908 0 0.853613
    outer loop
      vertex 53.2091 0.599999 8.40239
      vertex 53.3429 0 8.48404
      vertex 53.3429 0.599999 8.48404
    endloop
  endfacet
  facet normal -0.520908 0 0.853613
    outer loop
      vertex 53.3429 0 8.48404
      vertex 53.2091 0.599999 8.40239
      vertex 53.2091 0 8.40239
    endloop
  endfacet
  facet normal -0.602613 0 0.798034
    outer loop
      vertex 53.3429 0.599999 8.48404
      vertex 53.4659 0 8.57692
      vertex 53.4659 0.599999 8.57692
    endloop
  endfacet
  facet normal -0.602613 0 0.798034
    outer loop
      vertex 53.4659 0 8.57692
      vertex 53.3429 0.599999 8.48404
      vertex 53.3429 0 8.48404
    endloop
  endfacet
  facet normal -0.67986 0 0.733342
    outer loop
      vertex 53.4659 0.599999 8.57692
      vertex 53.5782 0 8.68103
      vertex 53.5782 0.599999 8.68103
    endloop
  endfacet
  facet normal -0.67986 0 0.733342
    outer loop
      vertex 53.5782 0 8.68103
      vertex 53.4659 0.599999 8.57692
      vertex 53.4659 0 8.57692
    endloop
  endfacet
  facet normal -0.750388 0 0.660997
    outer loop
      vertex 53.5782 0 8.68103
      vertex 53.6798 0.599999 8.79637
      vertex 53.5782 0.599999 8.68103
    endloop
  endfacet
  facet normal -0.750388 0 0.660997
    outer loop
      vertex 53.6798 0.599999 8.79637
      vertex 53.5782 0 8.68103
      vertex 53.6798 0 8.79637
    endloop
  endfacet
  facet normal -0.812583 0 0.582846
    outer loop
      vertex 53.6798 0 8.79637
      vertex 53.7706 0.599999 8.92296
      vertex 53.6798 0.599999 8.79637
    endloop
  endfacet
  facet normal -0.812583 0 0.582846
    outer loop
      vertex 53.7706 0.599999 8.92296
      vertex 53.6798 0 8.79637
      vertex 53.7706 0 8.92296
    endloop
  endfacet
  facet normal -0.864583 0 0.50249
    outer loop
      vertex 53.7706 0 8.92296
      vertex 53.8507 0.599999 9.06078
      vertex 53.7706 0.599999 8.92296
    endloop
  endfacet
  facet normal -0.864583 0 0.50249
    outer loop
      vertex 53.8507 0.599999 9.06078
      vertex 53.7706 0 8.92296
      vertex 53.8507 0 9.06078
    endloop
  endfacet
  facet normal -0.906683 0 0.421813
    outer loop
      vertex 53.8507 0 9.06078
      vertex 53.9192 0.599999 9.20802
      vertex 53.8507 0.599999 9.06078
    endloop
  endfacet
  facet normal -0.906683 0 0.421813
    outer loop
      vertex 53.9192 0.599999 9.20802
      vertex 53.8507 0 9.06078
      vertex 53.9192 0 9.20802
    endloop
  endfacet
  facet normal -0.940186 0 0.34066
    outer loop
      vertex 53.9192 0 9.20802
      vertex 53.9753 0.599999 9.36285
      vertex 53.9192 0.599999 9.20802
    endloop
  endfacet
  facet normal -0.940186 0 0.34066
    outer loop
      vertex 53.9753 0.599999 9.36285
      vertex 53.9192 0 9.20802
      vertex 53.9753 0 9.36285
    endloop
  endfacet
  facet normal -0.965807 0 0.259261
    outer loop
      vertex 53.9753 0 9.36285
      vertex 54.0189 0.599999 9.52527
      vertex 53.9753 0.599999 9.36285
    endloop
  endfacet
  facet normal -0.965807 0 0.259261
    outer loop
      vertex 54.0189 0.599999 9.52527
      vertex 53.9753 0 9.36285
      vertex 54.0189 0 9.52527
    endloop
  endfacet
  facet normal -0.983677 0 0.179944
    outer loop
      vertex 54.0189 0 9.52527
      vertex 54.05 0.599999 9.69528
      vertex 54.0189 0.599999 9.52527
    endloop
  endfacet
  facet normal -0.983677 0 0.179944
    outer loop
      vertex 54.05 0.599999 9.69528
      vertex 54.0189 0 9.52527
      vertex 54.05 0 9.69528
    endloop
  endfacet
  facet normal -0.994502 0 0.104714
    outer loop
      vertex 54.05 0 9.69528
      vertex 54.0687 0.599999 9.87288
      vertex 54.05 0.599999 9.69528
    endloop
  endfacet
  facet normal -0.994502 0 0.104714
    outer loop
      vertex 54.0687 0.599999 9.87288
      vertex 54.05 0 9.69528
      vertex 54.0687 0 9.87288
    endloop
  endfacet
  facet normal -0.99944 0 0.033473
    outer loop
      vertex 54.0687 0 9.87288
      vertex 54.0749 0.599999 10.058
      vertex 54.0687 0.599999 9.87288
    endloop
  endfacet
  facet normal -0.99944 0 0.033473
    outer loop
      vertex 54.0749 0.599999 10.058
      vertex 54.0687 0 9.87288
      vertex 54.0749 0 10.058
    endloop
  endfacet
  facet normal -0.99882 0 -0.0485737
    outer loop
      vertex 54.0749 0 10.058
      vertex 54.0614 0.599999 10.3356
      vertex 54.0749 0.599999 10.058
    endloop
  endfacet
  facet normal -0.99882 -0 -0.0485737
    outer loop
      vertex 54.0614 0.599999 10.3356
      vertex 54.0749 0 10.058
      vertex 54.0614 0 10.3356
    endloop
  endfacet
  facet normal -0.987869 0 -0.155291
    outer loop
      vertex 54.0614 0 10.3356
      vertex 54.021 0.599999 10.5926
      vertex 54.0614 0.599999 10.3356
    endloop
  endfacet
  facet normal -0.987869 -0 -0.155291
    outer loop
      vertex 54.021 0.599999 10.5926
      vertex 54.0614 0 10.3356
      vertex 54.021 0 10.5926
    endloop
  endfacet
  facet normal -0.961631 0 -0.274345
    outer loop
      vertex 54.021 0 10.5926
      vertex 53.9535 0.599999 10.8292
      vertex 54.021 0.599999 10.5926
    endloop
  endfacet
  facet normal -0.961631 -0 -0.274345
    outer loop
      vertex 53.9535 0.599999 10.8292
      vertex 54.021 0 10.5926
      vertex 53.9535 0 10.8292
    endloop
  endfacet
  facet normal -0.916225 0 -0.400663
    outer loop
      vertex 53.9535 0 10.8292
      vertex 53.859 0.599999 11.0453
      vertex 53.9535 0.599999 10.8292
    endloop
  endfacet
  facet normal -0.916225 -0 -0.400663
    outer loop
      vertex 53.859 0.599999 11.0453
      vertex 53.9535 0 10.8292
      vertex 53.859 0 11.0453
    endloop
  endfacet
  facet normal -0.849654 0 -0.527341
    outer loop
      vertex 53.859 0 11.0453
      vertex 53.7376 0.599999 11.2409
      vertex 53.859 0.599999 11.0453
    endloop
  endfacet
  facet normal -0.849654 -0 -0.527341
    outer loop
      vertex 53.7376 0.599999 11.2409
      vertex 53.859 0 11.0453
      vertex 53.7376 0 11.2409
    endloop
  endfacet
  facet normal -0.762874 0 -0.646547
    outer loop
      vertex 53.7376 0 11.2409
      vertex 53.5892 0.599999 11.416
      vertex 53.7376 0.599999 11.2409
    endloop
  endfacet
  facet normal -0.762874 -0 -0.646547
    outer loop
      vertex 53.5892 0.599999 11.416
      vertex 53.7376 0 11.2409
      vertex 53.5892 0 11.416
    endloop
  endfacet
  facet normal -0.659369 0 -0.75182
    outer loop
      vertex 53.4168 0 11.5672
      vertex 53.5892 0.599999 11.416
      vertex 53.5892 0 11.416
    endloop
  endfacet
  facet normal -0.659369 0 -0.75182
    outer loop
      vertex 53.5892 0.599999 11.416
      vertex 53.4168 0 11.5672
      vertex 53.4168 0.599999 11.5672
    endloop
  endfacet
  facet normal -0.538819 0 -0.842422
    outer loop
      vertex 53.2234 0 11.6909
      vertex 53.4168 0.599999 11.5672
      vertex 53.4168 0 11.5672
    endloop
  endfacet
  facet normal -0.538819 0 -0.842422
    outer loop
      vertex 53.4168 0.599999 11.5672
      vertex 53.2234 0 11.6909
      vertex 53.2234 0.599999 11.6909
    endloop
  endfacet
  facet normal -0.409533 0 -0.912296
    outer loop
      vertex 53.0091 0 11.7871
      vertex 53.2234 0.599999 11.6909
      vertex 53.2234 0 11.6909
    endloop
  endfacet
  facet normal -0.409533 0 -0.912296
    outer loop
      vertex 53.2234 0.599999 11.6909
      vertex 53.0091 0 11.7871
      vertex 53.0091 0.599999 11.7871
    endloop
  endfacet
  facet normal -0.280266 0 -0.959922
    outer loop
      vertex 52.7738 0 11.8558
      vertex 53.0091 0.599999 11.7871
      vertex 53.0091 0 11.7871
    endloop
  endfacet
  facet normal -0.280266 0 -0.959922
    outer loop
      vertex 53.0091 0.599999 11.7871
      vertex 52.7738 0 11.8558
      vertex 52.7738 0.599999 11.8558
    endloop
  endfacet
  facet normal -0.159087 0 -0.987265
    outer loop
      vertex 52.5175 0 11.8971
      vertex 52.7738 0.599999 11.8558
      vertex 52.7738 0 11.8558
    endloop
  endfacet
  facet normal -0.159087 0 -0.987265
    outer loop
      vertex 52.7738 0.599999 11.8558
      vertex 52.5175 0 11.8971
      vertex 52.5175 0.599999 11.8971
    endloop
  endfacet
  facet normal -0.0493448 0 -0.998782
    outer loop
      vertex 52.2402 0 11.9108
      vertex 52.5175 0.599999 11.8971
      vertex 52.5175 0 11.8971
    endloop
  endfacet
  facet normal -0.0493448 0 -0.998782
    outer loop
      vertex 52.5175 0.599999 11.8971
      vertex 52.2402 0 11.9108
      vertex 52.2402 0.599999 11.9108
    endloop
  endfacet
  facet normal 0.0490031 0 -0.998799
    outer loop
      vertex 51.963 0 11.8972
      vertex 52.2402 0.599999 11.9108
      vertex 52.2402 0 11.9108
    endloop
  endfacet
  facet normal 0.0490031 0 -0.998799
    outer loop
      vertex 52.2402 0.599999 11.9108
      vertex 51.963 0 11.8972
      vertex 51.963 0.599999 11.8972
    endloop
  endfacet
  facet normal 0.157269 0 -0.987556
    outer loop
      vertex 51.7068 0 11.8564
      vertex 51.963 0.599999 11.8972
      vertex 51.963 0 11.8972
    endloop
  endfacet
  facet normal 0.157269 0 -0.987556
    outer loop
      vertex 51.963 0.599999 11.8972
      vertex 51.7068 0 11.8564
      vertex 51.7068 0.599999 11.8564
    endloop
  endfacet
  facet normal 0.27785 0 -0.960625
    outer loop
      vertex 51.4717 0 11.7884
      vertex 51.7068 0.599999 11.8564
      vertex 51.7068 0 11.8564
    endloop
  endfacet
  facet normal 0.27785 0 -0.960625
    outer loop
      vertex 51.7068 0.599999 11.8564
      vertex 51.4717 0 11.7884
      vertex 51.4717 0.599999 11.7884
    endloop
  endfacet
  facet normal 0.406297 0 -0.913741
    outer loop
      vertex 51.2576 0 11.6932
      vertex 51.4717 0.599999 11.7884
      vertex 51.4717 0 11.7884
    endloop
  endfacet
  facet normal 0.406297 0 -0.913741
    outer loop
      vertex 51.4717 0.599999 11.7884
      vertex 51.2576 0 11.6932
      vertex 51.2576 0.599999 11.6932
    endloop
  endfacet
  facet normal 0.535375 0 -0.844615
    outer loop
      vertex 51.0645 0 11.5708
      vertex 51.2576 0.599999 11.6932
      vertex 51.2576 0 11.6932
    endloop
  endfacet
  facet normal 0.535375 0 -0.844615
    outer loop
      vertex 51.2576 0.599999 11.6932
      vertex 51.0645 0 11.5708
      vertex 51.0645 0.599999 11.5708
    endloop
  endfacet
  facet normal 0.656266 0 -0.75453
    outer loop
      vertex 50.8925 0 11.4212
      vertex 51.0645 0.599999 11.5708
      vertex 51.0645 0 11.5708
    endloop
  endfacet
  facet normal 0.656266 0 -0.75453
    outer loop
      vertex 51.0645 0.599999 11.5708
      vertex 50.8925 0 11.4212
      vertex 50.8925 0.599999 11.4212
    endloop
  endfacet
  facet normal 0.761539 0 -0.648119
    outer loop
      vertex 50.8925 0 11.4212
      vertex 50.7445 0.599999 11.2473
      vertex 50.8925 0.599999 11.4212
    endloop
  endfacet
  facet normal 0.761539 0 -0.648119
    outer loop
      vertex 50.7445 0.599999 11.2473
      vertex 50.8925 0 11.4212
      vertex 50.7445 0 11.2473
    endloop
  endfacet
  facet normal 0.849754 0 -0.527179
    outer loop
      vertex 50.7445 0 11.2473
      vertex 50.6234 0.599999 11.0521
      vertex 50.7445 0.599999 11.2473
    endloop
  endfacet
  facet normal 0.849754 0 -0.527179
    outer loop
      vertex 50.6234 0.599999 11.0521
      vertex 50.7445 0 11.2473
      vertex 50.6234 0 11.0521
    endloop
  endfacet
  facet normal 0.916962 0 -0.398974
    outer loop
      vertex 50.6234 0 11.0521
      vertex 50.5292 0.599999 10.8356
      vertex 50.6234 0.599999 11.0521
    endloop
  endfacet
  facet normal 0.916962 0 -0.398974
    outer loop
      vertex 50.5292 0.599999 10.8356
      vertex 50.6234 0 11.0521
      vertex 50.5292 0 10.8356
    endloop
  endfacet
  facet normal 0.962238 0 -0.272209
    outer loop
      vertex 50.5292 0 10.8356
      vertex 50.4619 0.599999 10.5977
      vertex 50.5292 0.599999 10.8356
    endloop
  endfacet
  facet normal 0.962238 0 -0.272209
    outer loop
      vertex 50.4619 0.599999 10.5977
      vertex 50.5292 0 10.8356
      vertex 50.4619 0 10.5977
    endloop
  endfacet
  facet normal 0.98807 0 -0.154005
    outer loop
      vertex 50.4619 0 10.5977
      vertex 50.4215 0.599999 10.3385
      vertex 50.4619 0.599999 10.5977
    endloop
  endfacet
  facet normal 0.98807 0 -0.154005
    outer loop
      vertex 50.4215 0.599999 10.3385
      vertex 50.4619 0 10.5977
      vertex 50.4215 0 10.3385
    endloop
  endfacet
  facet normal 0.998861 0 -0.0477174
    outer loop
      vertex 50.4215 0 10.3385
      vertex 50.4081 0.599999 10.058
      vertex 50.4215 0.599999 10.3385
    endloop
  endfacet
  facet normal 0.998861 0 -0.0477174
    outer loop
      vertex 50.4081 0.599999 10.058
      vertex 50.4215 0 10.3385
      vertex 50.4081 0 10.058
    endloop
  endfacet
  facet normal 0.99887 -0 0.0475213
    outer loop
      vertex 50.4081 0 10.058
      vertex 50.4215 0.599999 9.77634
      vertex 50.4081 0.599999 10.058
    endloop
  endfacet
  facet normal 0.99887 0 0.0475213
    outer loop
      vertex 50.4215 0.599999 9.77634
      vertex 50.4081 0 10.058
      vertex 50.4215 0 9.77634
    endloop
  endfacet
  facet normal 0.988176 -0 0.153326
    outer loop
      vertex 50.4215 0 9.77634
      vertex 50.462 0.599999 9.51532
      vertex 50.4215 0.599999 9.77634
    endloop
  endfacet
  facet normal 0.988176 0 0.153326
    outer loop
      vertex 50.462 0.599999 9.51532
      vertex 50.4215 0 9.77634
      vertex 50.462 0 9.51532
    endloop
  endfacet
  facet normal 0.962748 -0 0.270401
    outer loop
      vertex 50.462 0 9.51532
      vertex 50.5295 0.599999 9.27499
      vertex 50.462 0.599999 9.51532
    endloop
  endfacet
  facet normal 0.962748 0 0.270401
    outer loop
      vertex 50.5295 0.599999 9.27499
      vertex 50.462 0 9.51532
      vertex 50.5295 0 9.27499
    endloop
  endfacet
  facet normal 0.918744 -0 0.394853
    outer loop
      vertex 50.5295 0 9.27499
      vertex 50.6239 0.599999 9.05534
      vertex 50.5295 0.599999 9.27499
    endloop
  endfacet
  facet normal 0.918744 0 0.394853
    outer loop
      vertex 50.6239 0.599999 9.05534
      vertex 50.5295 0 9.27499
      vertex 50.6239 0 9.05534
    endloop
  endfacet
  facet normal 0.853447 -0 0.521179
    outer loop
      vertex 50.6239 0 9.05534
      vertex 50.7454 0.599999 8.85638
      vertex 50.6239 0.599999 9.05534
    endloop
  endfacet
  facet normal 0.853447 0 0.521179
    outer loop
      vertex 50.7454 0.599999 8.85638
      vertex 50.6239 0 9.05534
      vertex 50.7454 0 8.85638
    endloop
  endfacet
  facet normal 0.768539 -0 0.639803
    outer loop
      vertex 50.7454 0 8.85638
      vertex 50.8938 0.599999 8.67812
      vertex 50.7454 0.599999 8.85638
    endloop
  endfacet
  facet normal 0.768539 0 0.639803
    outer loop
      vertex 50.8938 0.599999 8.67812
      vertex 50.7454 0 8.85638
      vertex 50.8938 0 8.67812
    endloop
  endfacet
  facet normal 0.666449 0 0.74555
    outer loop
      vertex 50.8938 0.599999 8.67812
      vertex 51.066 0 8.52419
      vertex 51.066 0.599999 8.52419
    endloop
  endfacet
  facet normal 0.666449 0 0.74555
    outer loop
      vertex 51.066 0 8.52419
      vertex 50.8938 0.599999 8.67812
      vertex 50.8938 0 8.67812
    endloop
  endfacet
  facet normal 0.547078 0 0.837081
    outer loop
      vertex 51.066 0.599999 8.52419
      vertex 51.2587 0 8.39825
      vertex 51.2587 0.599999 8.39825
    endloop
  endfacet
  facet normal 0.547078 0 0.837081
    outer loop
      vertex 51.2587 0 8.39825
      vertex 51.066 0.599999 8.52419
      vertex 51.066 0 8.52419
    endloop
  endfacet
  facet normal 0.41735 0 0.908746
    outer loop
      vertex 51.2587 0.599999 8.39825
      vertex 51.472 0 8.30029
      vertex 51.472 0.599999 8.30029
    endloop
  endfacet
  facet normal 0.41735 0 0.908746
    outer loop
      vertex 51.472 0 8.30029
      vertex 51.2587 0.599999 8.39825
      vertex 51.2587 0 8.39825
    endloop
  endfacet
  facet normal 0.286671 0 0.958029
    outer loop
      vertex 51.472 0.599999 8.30029
      vertex 51.7058 0 8.23033
      vertex 51.7058 0.599999 8.23033
    endloop
  endfacet
  facet normal 0.286671 0 0.958029
    outer loop
      vertex 51.7058 0 8.23033
      vertex 51.472 0.599999 8.30029
      vertex 51.472 0 8.30029
    endloop
  endfacet
  facet normal 0.162814 0 0.986657
    outer loop
      vertex 51.7058 0.599999 8.23033
      vertex 51.9602 0 8.18835
      vertex 51.9602 0.599999 8.18835
    endloop
  endfacet
  facet normal 0.162814 0 0.986657
    outer loop
      vertex 51.9602 0 8.18835
      vertex 51.7058 0.599999 8.23033
      vertex 51.7058 0 8.23033
    endloop
  endfacet
  facet normal 0.0508439 0 0.998707
    outer loop
      vertex 51.9602 0.599999 8.18835
      vertex 52.235 0 8.17436
      vertex 52.235 0.599999 8.17436
    endloop
  endfacet
  facet normal 0.0508439 0 0.998707
    outer loop
      vertex 52.235 0 8.17436
      vertex 51.9602 0.599999 8.18835
      vertex 51.9602 0 8.18835
    endloop
  endfacet
  facet normal -0.0348165 0 0.999394
    outer loop
      vertex 52.235 0.599999 8.17436
      vertex 52.4167 0 8.18069
      vertex 52.4167 0.599999 8.18069
    endloop
  endfacet
  facet normal -0.0348165 0 0.999394
    outer loop
      vertex 52.4167 0 8.18069
      vertex 52.235 0.599999 8.17436
      vertex 52.235 0 8.17436
    endloop
  endfacet
  facet normal -0.191678 0 -0.981458
    outer loop
      vertex 51.93 0 8.81039
      vertex 52.0768 0.599999 8.78172
      vertex 52.0768 0 8.78172
    endloop
  endfacet
  facet normal -0.191678 0 -0.981458
    outer loop
      vertex 52.0768 0.599999 8.78172
      vertex 51.93 0 8.81039
      vertex 51.93 0.599999 8.81039
    endloop
  endfacet
  facet normal -0.332988 0 -0.942931
    outer loop
      vertex 51.7947 0 8.85817
      vertex 51.93 0.599999 8.81039
      vertex 51.93 0 8.81039
    endloop
  endfacet
  facet normal -0.332988 0 -0.942931
    outer loop
      vertex 51.93 0.599999 8.81039
      vertex 51.7947 0 8.85817
      vertex 51.7947 0.599999 8.85817
    endloop
  endfacet
  facet normal -0.475655 0 -0.879632
    outer loop
      vertex 51.671 0 8.92506
      vertex 51.7947 0.599999 8.85817
      vertex 51.7947 0 8.85817
    endloop
  endfacet
  facet normal -0.475655 0 -0.879632
    outer loop
      vertex 51.7947 0.599999 8.85817
      vertex 51.671 0 8.92506
      vertex 51.671 0.599999 8.92506
    endloop
  endfacet
  facet normal -0.608342 0 -0.793675
    outer loop
      vertex 51.5588 0 9.01106
      vertex 51.671 0.599999 8.92506
      vertex 51.671 0 8.92506
    endloop
  endfacet
  facet normal -0.608342 0 -0.793675
    outer loop
      vertex 51.671 0.599999 8.92506
      vertex 51.5588 0 9.01106
      vertex 51.5588 0.599999 9.01106
    endloop
  endfacet
  facet normal -0.722125 0 -0.691762
    outer loop
      vertex 51.5588 0 9.01106
      vertex 51.4581 0.599999 9.11618
      vertex 51.5588 0.599999 9.01106
    endloop
  endfacet
  facet normal -0.722125 -0 -0.691762
    outer loop
      vertex 51.4581 0.599999 9.11618
      vertex 51.5588 0 9.01106
      vertex 51.4581 0 9.11618
    endloop
  endfacet
  facet normal -0.813553 0 -0.581491
    outer loop
      vertex 51.4581 0 9.11618
      vertex 51.3711 0.599999 9.2379
      vertex 51.4581 0.599999 9.11618
    endloop
  endfacet
  facet normal -0.813553 -0 -0.581491
    outer loop
      vertex 51.3711 0.599999 9.2379
      vertex 51.4581 0 9.11618
      vertex 51.3711 0 9.2379
    endloop
  endfacet
  facet normal -0.885963 0 -0.463756
    outer loop
      vertex 51.3711 0 9.2379
      vertex 51.3 0.599999 9.37373
      vertex 51.3711 0.599999 9.2379
    endloop
  endfacet
  facet normal -0.885963 -0 -0.463756
    outer loop
      vertex 51.3 0.599999 9.37373
      vertex 51.3711 0 9.2379
      vertex 51.3 0 9.37373
    endloop
  endfacet
  facet normal -0.938005 0 -0.346621
    outer loop
      vertex 51.3 0 9.37373
      vertex 51.2446 0.599999 9.52365
      vertex 51.3 0.599999 9.37373
    endloop
  endfacet
  facet normal -0.938005 -0 -0.346621
    outer loop
      vertex 51.2446 0.599999 9.52365
      vertex 51.3 0 9.37373
      vertex 51.2446 0 9.52365
    endloop
  endfacet
  facet normal -0.972073 0 -0.234677
    outer loop
      vertex 51.2446 0 9.52365
      vertex 51.205 0.599999 9.68768
      vertex 51.2446 0.599999 9.52365
    endloop
  endfacet
  facet normal -0.972073 -0 -0.234677
    outer loop
      vertex 51.205 0.599999 9.68768
      vertex 51.2446 0 9.52365
      vertex 51.205 0 9.68768
    endloop
  endfacet
  facet normal -0.991265 0 -0.131887
    outer loop
      vertex 51.205 0 9.68768
      vertex 51.1813 0.599999 9.86581
      vertex 51.205 0.599999 9.68768
    endloop
  endfacet
  facet normal -0.991265 -0 -0.131887
    outer loop
      vertex 51.1813 0.599999 9.86581
      vertex 51.205 0 9.68768
      vertex 51.1813 0 9.86581
    endloop
  endfacet
  facet normal -0.999156 0 -0.0410705
    outer loop
      vertex 51.1813 0 9.86581
      vertex 51.1734 0.599999 10.058
      vertex 51.1813 0.599999 9.86581
    endloop
  endfacet
  facet normal -0.999156 -0 -0.0410705
    outer loop
      vertex 51.1734 0.599999 10.058
      vertex 51.1813 0 9.86581
      vertex 51.1734 0 10.058
    endloop
  endfacet
  facet normal -0.999182 0 0.0404293
    outer loop
      vertex 51.1734 0 10.058
      vertex 51.1811 0.599999 10.2483
      vertex 51.1734 0.599999 10.058
    endloop
  endfacet
  facet normal -0.999182 0 0.0404293
    outer loop
      vertex 51.1811 0.599999 10.2483
      vertex 51.1734 0 10.058
      vertex 51.1811 0 10.2483
    endloop
  endfacet
  facet normal -0.991404 0 0.130834
    outer loop
      vertex 51.1811 0 10.2483
      vertex 51.2043 0.599999 10.4241
      vertex 51.1811 0.599999 10.2483
    endloop
  endfacet
  facet normal -0.991404 0 0.130834
    outer loop
      vertex 51.2043 0.599999 10.4241
      vertex 51.1811 0 10.2483
      vertex 51.2043 0 10.4241
    endloop
  endfacet
  facet normal -0.972371 0 0.233441
    outer loop
      vertex 51.2043 0 10.4241
      vertex 51.243 0.599999 10.5853
      vertex 51.2043 0.599999 10.4241
    endloop
  endfacet
  facet normal -0.972371 0 0.233441
    outer loop
      vertex 51.243 0.599999 10.5853
      vertex 51.2043 0 10.4241
      vertex 51.243 0 10.5853
    endloop
  endfacet
  facet normal -0.938234 0 0.346002
    outer loop
      vertex 51.243 0 10.5853
      vertex 51.2971 0.599999 10.732
      vertex 51.243 0.599999 10.5853
    endloop
  endfacet
  facet normal -0.938234 0 0.346002
    outer loop
      vertex 51.2971 0.599999 10.732
      vertex 51.243 0 10.5853
      vertex 51.2971 0 10.732
    endloop
  endfacet
  facet normal -0.88486 0 0.465857
    outer loop
      vertex 51.2971 0 10.732
      vertex 51.3667 0.599999 10.8642
      vertex 51.2971 0.599999 10.732
    endloop
  endfacet
  facet normal -0.88486 0 0.465857
    outer loop
      vertex 51.3667 0.599999 10.8642
      vertex 51.2971 0 10.732
      vertex 51.3667 0 10.8642
    endloop
  endfacet
  facet normal -0.810461 0 0.585792
    outer loop
      vertex 51.3667 0 10.8642
      vertex 51.4517 0.599999 10.9818
      vertex 51.3667 0.599999 10.8642
    endloop
  endfacet
  facet normal -0.810461 0 0.585792
    outer loop
      vertex 51.4517 0.599999 10.9818
      vertex 51.3667 0 10.8642
      vertex 51.4517 0 10.9818
    endloop
  endfacet
  facet normal -0.714128 0 0.700015
    outer loop
      vertex 51.4517 0 10.9818
      vertex 51.5509 0.599999 11.083
      vertex 51.4517 0.599999 10.9818
    endloop
  endfacet
  facet normal -0.714128 0 0.700015
    outer loop
      vertex 51.5509 0.599999 11.083
      vertex 51.4517 0 10.9818
      vertex 51.5509 0 11.083
    endloop
  endfacet
  facet normal -0.594129 0 0.80437
    outer loop
      vertex 51.5509 0.599999 11.083
      vertex 51.663 0 11.1658
      vertex 51.663 0.599999 11.1658
    endloop
  endfacet
  facet normal -0.594129 0 0.80437
    outer loop
      vertex 51.663 0 11.1658
      vertex 51.5509 0.599999 11.083
      vertex 51.5509 0 11.083
    endloop
  endfacet
  facet normal -0.457991 0 0.888957
    outer loop
      vertex 51.663 0.599999 11.1658
      vertex 51.788 0 11.2302
      vertex 51.788 0.599999 11.2302
    endloop
  endfacet
  facet normal -0.457991 0 0.888957
    outer loop
      vertex 51.788 0 11.2302
      vertex 51.663 0.599999 11.1658
      vertex 51.663 0 11.1658
    endloop
  endfacet
  facet normal -0.316641 0 0.948546
    outer loop
      vertex 51.788 0.599999 11.2302
      vertex 51.9258 0 11.2762
      vertex 51.9258 0.599999 11.2762
    endloop
  endfacet
  facet normal -0.316641 0 0.948546
    outer loop
      vertex 51.9258 0 11.2762
      vertex 51.788 0.599999 11.2302
      vertex 51.788 0 11.2302
    endloop
  endfacet
  facet normal -0.180033 0 0.983661
    outer loop
      vertex 51.9258 0.599999 11.2762
      vertex 52.0766 0 11.3038
      vertex 52.0766 0.599999 11.3038
    endloop
  endfacet
  facet normal -0.180033 0 0.983661
    outer loop
      vertex 52.0766 0 11.3038
      vertex 51.9258 0.599999 11.2762
      vertex 51.9258 0 11.2762
    endloop
  endfacet
  facet normal -0.0555376 0 0.998457
    outer loop
      vertex 52.0766 0.599999 11.3038
      vertex 52.2402 0 11.3129
      vertex 52.2402 0.599999 11.3129
    endloop
  endfacet
  facet normal -0.0555376 0 0.998457
    outer loop
      vertex 52.2402 0 11.3129
      vertex 52.0766 0.599999 11.3038
      vertex 52.0766 0 11.3038
    endloop
  endfacet
  facet normal 0.056944 0 0.998377
    outer loop
      vertex 52.2402 0.599999 11.3129
      vertex 52.4015 0 11.3037
      vertex 52.4015 0.599999 11.3037
    endloop
  endfacet
  facet normal 0.056944 0 0.998377
    outer loop
      vertex 52.4015 0 11.3037
      vertex 52.2402 0.599999 11.3129
      vertex 52.2402 0 11.3129
    endloop
  endfacet
  facet normal 0.18365 0 0.982992
    outer loop
      vertex 52.4015 0.599999 11.3037
      vertex 52.5503 0 11.2759
      vertex 52.5503 0.599999 11.2759
    endloop
  endfacet
  facet normal 0.18365 0 0.982992
    outer loop
      vertex 52.5503 0 11.2759
      vertex 52.4015 0.599999 11.3037
      vertex 52.4015 0 11.3037
    endloop
  endfacet
  facet normal 0.322052 0 0.946722
    outer loop
      vertex 52.5503 0.599999 11.2759
      vertex 52.6867 0 11.2295
      vertex 52.6867 0.599999 11.2295
    endloop
  endfacet
  facet normal 0.322052 0 0.946722
    outer loop
      vertex 52.6867 0 11.2295
      vertex 52.5503 0.599999 11.2759
      vertex 52.5503 0 11.2759
    endloop
  endfacet
  facet normal 0.464007 0 0.885832
    outer loop
      vertex 52.6867 0.599999 11.2295
      vertex 52.8106 0 11.1646
      vertex 52.8106 0.599999 11.1646
    endloop
  endfacet
  facet normal 0.464007 0 0.885832
    outer loop
      vertex 52.8106 0 11.1646
      vertex 52.6867 0.599999 11.2295
      vertex 52.6867 0 11.2295
    endloop
  endfacet
  facet normal 0.59931 0 0.800517
    outer loop
      vertex 52.8106 0.599999 11.1646
      vertex 52.922 0 11.0812
      vertex 52.922 0.599999 11.0812
    endloop
  endfacet
  facet normal 0.59931 0 0.800517
    outer loop
      vertex 52.922 0 11.0812
      vertex 52.8106 0.599999 11.1646
      vertex 52.8106 0 11.1646
    endloop
  endfacet
  facet normal 0.717581 -0 0.696475
    outer loop
      vertex 52.922 0 11.0812
      vertex 53.021 0.599999 10.9792
      vertex 52.922 0.599999 11.0812
    endloop
  endfacet
  facet normal 0.717581 0 0.696475
    outer loop
      vertex 53.021 0.599999 10.9792
      vertex 52.922 0 11.0812
      vertex 53.021 0 10.9792
    endloop
  endfacet
  facet normal 0.811873 -0 0.583834
    outer loop
      vertex 53.021 0 10.9792
      vertex 53.106 0.599999 10.861
      vertex 53.021 0.599999 10.9792
    endloop
  endfacet
  facet normal 0.811873 0 0.583834
    outer loop
      vertex 53.106 0.599999 10.861
      vertex 53.021 0 10.9792
      vertex 53.106 0 10.861
    endloop
  endfacet
  facet normal 0.88515 -0 0.465306
    outer loop
      vertex 53.106 0 10.861
      vertex 53.1756 0.599999 10.7286
      vertex 53.106 0.599999 10.861
    endloop
  endfacet
  facet normal 0.88515 0 0.465306
    outer loop
      vertex 53.1756 0.599999 10.7286
      vertex 53.106 0 10.861
      vertex 53.1756 0 10.7286
    endloop
  endfacet
  facet normal 0.93808 -0 0.346417
    outer loop
      vertex 53.1756 0 10.7286
      vertex 53.2297 0.599999 10.5821
      vertex 53.1756 0.599999 10.7286
    endloop
  endfacet
  facet normal 0.93808 0 0.346417
    outer loop
      vertex 53.2297 0.599999 10.5821
      vertex 53.1756 0 10.7286
      vertex 53.2297 0 10.5821
    endloop
  endfacet
  facet normal 0.972173 -0 0.234266
    outer loop
      vertex 53.2297 0 10.5821
      vertex 53.2684 0.599999 10.4215
      vertex 53.2297 0.599999 10.5821
    endloop
  endfacet
  facet normal 0.972173 0 0.234266
    outer loop
      vertex 53.2684 0.599999 10.4215
      vertex 53.2297 0 10.5821
      vertex 53.2684 0 10.4215
    endloop
  endfacet
  facet normal 0.991297 -0 0.131643
    outer loop
      vertex 53.2684 0 10.4215
      vertex 53.2916 0.599999 10.2468
      vertex 53.2684 0.599999 10.4215
    endloop
  endfacet
  facet normal 0.991297 0 0.131643
    outer loop
      vertex 53.2916 0.599999 10.2468
      vertex 53.2684 0 10.4215
      vertex 53.2916 0 10.2468
    endloop
  endfacet
  facet normal 0.999169 -0 0.04075
    outer loop
      vertex 53.2916 0 10.2468
      vertex 53.2993 0.599999 10.058
      vertex 53.2916 0.599999 10.2468
    endloop
  endfacet
  facet normal 0.999169 0 0.04075
    outer loop
      vertex 53.2993 0.599999 10.058
      vertex 53.2916 0 10.2468
      vertex 53.2993 0 10.058
    endloop
  endfacet
  facet normal 0.99924 0 -0.0389715
    outer loop
      vertex 53.2993 0 10.058
      vertex 53.2916 0.599999 9.86057
      vertex 53.2993 0.599999 10.058
    endloop
  endfacet
  facet normal 0.99924 0 -0.0389715
    outer loop
      vertex 53.2916 0.599999 9.86057
      vertex 53.2993 0 10.058
      vertex 53.2916 0 9.86057
    endloop
  endfacet
  facet normal 0.992032 0 -0.125988
    outer loop
      vertex 53.2916 0 9.86057
      vertex 53.2685 0.599999 9.67868
      vertex 53.2916 0.599999 9.86057
    endloop
  endfacet
  facet normal 0.992032 0 -0.125988
    outer loop
      vertex 53.2685 0.599999 9.67868
      vertex 53.2916 0 9.86057
      vertex 53.2685 0 9.67868
    endloop
  endfacet
  facet normal 0.974353 0 -0.225026
    outer loop
      vertex 53.2685 0 9.67868
      vertex 53.2301 0.599999 9.51241
      vertex 53.2685 0.599999 9.67868
    endloop
  endfacet
  facet normal 0.974353 0 -0.225026
    outer loop
      vertex 53.2301 0.599999 9.51241
      vertex 53.2685 0 9.67868
      vertex 53.2301 0 9.51241
    endloop
  endfacet
  facet normal 0.941579 0 -0.336792
    outer loop
      vertex 53.2301 0 9.51241
      vertex 53.1762 0.599999 9.36172
      vertex 53.2301 0.599999 9.51241
    endloop
  endfacet
  facet normal 0.941579 0 -0.336792
    outer loop
      vertex 53.1762 0.599999 9.36172
      vertex 53.2301 0 9.51241
      vertex 53.1762 0 9.36172
    endloop
  endfacet
  facet normal 0.889728 0 -0.45649
    outer loop
      vertex 53.1762 0 9.36172
      vertex 53.1069 0.599999 9.22665
      vertex 53.1762 0.599999 9.36172
    endloop
  endfacet
  facet normal 0.889728 0 -0.45649
    outer loop
      vertex 53.1069 0.599999 9.22665
      vertex 53.1762 0 9.36172
      vertex 53.1069 0 9.22665
    endloop
  endfacet
  facet normal 0.816104 0 -0.577906
    outer loop
      vertex 53.1069 0 9.22665
      vertex 53.0223 0.599999 9.10718
      vertex 53.1069 0.599999 9.22665
    endloop
  endfacet
  facet normal 0.816104 0 -0.577906
    outer loop
      vertex 53.0223 0.599999 9.10718
      vertex 53.1069 0 9.22665
      vertex 53.0223 0 9.10718
    endloop
  endfacet
  facet normal 0.719508 0 -0.694484
    outer loop
      vertex 53.0223 0 9.10718
      vertex 52.9235 0.599999 9.00482
      vertex 53.0223 0.599999 9.10718
    endloop
  endfacet
  facet normal 0.719508 0 -0.694484
    outer loop
      vertex 52.9235 0.599999 9.00482
      vertex 53.0223 0 9.10718
      vertex 52.9235 0 9.00482
    endloop
  endfacet
  facet normal 0.599542 0 -0.800343
    outer loop
      vertex 52.8117 0 8.92107
      vertex 52.9235 0.599999 9.00482
      vertex 52.9235 0 9.00482
    endloop
  endfacet
  facet normal 0.599542 0 -0.800343
    outer loop
      vertex 52.9235 0.599999 9.00482
      vertex 52.8117 0 8.92107
      vertex 52.8117 0.599999 8.92107
    endloop
  endfacet
  facet normal 0.463008 0 -0.886354
    outer loop
      vertex 52.687 0 8.85593
      vertex 52.8117 0.599999 8.92107
      vertex 52.8117 0 8.92107
    endloop
  endfacet
  facet normal 0.463008 0 -0.886354
    outer loop
      vertex 52.8117 0.599999 8.92107
      vertex 52.687 0 8.85593
      vertex 52.687 0.599999 8.85593
    endloop
  endfacet
  facet normal 0.320188 0 -0.947354
    outer loop
      vertex 52.5493 0 8.80939
      vertex 52.687 0.599999 8.85593
      vertex 52.687 0 8.85593
    endloop
  endfacet
  facet normal 0.320188 0 -0.947354
    outer loop
      vertex 52.687 0.599999 8.85593
      vertex 52.5493 0 8.80939
      vertex 52.5493 0.599999 8.80939
    endloop
  endfacet
  facet normal 0.182223 0 -0.983257
    outer loop
      vertex 52.3987 0 8.78148
      vertex 52.5493 0.599999 8.80939
      vertex 52.5493 0 8.80939
    endloop
  endfacet
  facet normal 0.182223 0 -0.983257
    outer loop
      vertex 52.5493 0.599999 8.80939
      vertex 52.3987 0 8.78148
      vertex 52.3987 0.599999 8.78148
    endloop
  endfacet
  facet normal 0.0567806 0 -0.998387
    outer loop
      vertex 52.235 0 8.77217
      vertex 52.3987 0.599999 8.78148
      vertex 52.3987 0 8.78148
    endloop
  endfacet
  facet normal 0.0567806 0 -0.998387
    outer loop
      vertex 52.3987 0.599999 8.78148
      vertex 52.235 0 8.77217
      vertex 52.235 0.599999 8.77217
    endloop
  endfacet
  facet normal -0.0602569 0 -0.998183
    outer loop
      vertex 52.0768 0 8.78172
      vertex 52.235 0.599999 8.77217
      vertex 52.235 0 8.77217
    endloop
  endfacet
  facet normal -0.0602569 0 -0.998183
    outer loop
      vertex 52.235 0.599999 8.77217
      vertex 52.0768 0 8.78172
      vertex 52.0768 0.599999 8.78172
    endloop
  endfacet
  facet normal 0 0 -1
    outer loop
      vertex 40.6728 0 8.82115
      vertex 42.7421 0.599999 8.82115
      vertex 42.7421 0 8.82115
    endloop
  endfacet
  facet normal -0 0 -1
    outer loop
      vertex 42.7421 0.599999 8.82115
      vertex 40.6728 0 8.82115
      vertex 40.6728 0.599999 8.82115
    endloop
  endfacet
  facet normal -0.787291 0 0.616582
    outer loop
      vertex 40.6728 0 8.82115
      vertex 42.6364 0.599999 11.3284
      vertex 40.6728 0.599999 8.82115
    endloop
  endfacet
  facet normal -0.787291 0 0.616582
    outer loop
      vertex 42.6364 0.599999 11.3284
      vertex 40.6728 0 8.82115
      vertex 42.6364 0 11.3284
    endloop
  endfacet
  facet normal -1 0 0
    outer loop
      vertex 42.6364 0 11.3284
      vertex 42.6364 0.599999 11.8567
      vertex 42.6364 0.599999 11.3284
    endloop
  endfacet
  facet normal -1 -0 0
    outer loop
      vertex 42.6364 0.599999 11.8567
      vertex 42.6364 0 11.3284
      vertex 42.6364 0 11.8567
    endloop
  endfacet
  facet normal 0 0 -1
    outer loop
      vertex 40.0234 0 11.8567
      vertex 42.6364 0.599999 11.8567
      vertex 42.6364 0 11.8567
    endloop
  endfacet
  facet normal -0 0 -1
    outer loop
      vertex 42.6364 0.599999 11.8567
      vertex 40.0234 0 11.8567
      vertex 40.0234 0.599999 11.8567
    endloop
  endfacet
  facet normal 1 -0 0
    outer loop
      vertex 40.0234 0 11.8567
      vertex 40.0234 0.599999 11.2614
      vertex 40.0234 0.599999 11.8567
    endloop
  endfacet
  facet normal 1 0 0
    outer loop
      vertex 40.0234 0.599999 11.2614
      vertex 40.0234 0 11.8567
      vertex 40.0234 0 11.2614
    endloop
  endfacet
  facet normal -0 0 1
    outer loop
      vertex 40.0234 0.599999 11.2614
      vertex 41.7912 0 11.2614
      vertex 41.7912 0.599999 11.2614
    endloop
  endfacet
  facet normal 0 0 1
    outer loop
      vertex 41.7912 0 11.2614
      vertex 40.0234 0.599999 11.2614
      vertex 40.0234 0 11.2614
    endloop
  endfacet
  facet normal 0.786057 0 -0.618154
    outer loop
      vertex 41.7912 0 11.2614
      vertex 39.8276 0.599999 8.76445
      vertex 41.7912 0.599999 11.2614
    endloop
  endfacet
  facet normal 0.786057 0 -0.618154
    outer loop
      vertex 39.8276 0.599999 8.76445
      vertex 41.7912 0 11.2614
      vertex 39.8276 0 8.76445
    endloop
  endfacet
  facet normal 1 -0 0
    outer loop
      vertex 39.8276 0 8.76445
      vertex 39.8276 0.599999 8.22588
      vertex 39.8276 0.599999 8.76445
    endloop
  endfacet
  facet normal 1 0 0
    outer loop
      vertex 39.8276 0.599999 8.22588
      vertex 39.8276 0 8.76445
      vertex 39.8276 0 8.22588
    endloop
  endfacet
  facet normal -0 0 1
    outer loop
      vertex 39.8276 0.599999 8.22588
      vertex 42.7421 0 8.22588
      vertex 42.7421 0.599999 8.22588
    endloop
  endfacet
  facet normal 0 0 1
    outer loop
      vertex 42.7421 0 8.22588
      vertex 39.8276 0.599999 8.22588
      vertex 39.8276 0 8.22588
    endloop
  endfacet
  facet normal -1 0 0
    outer loop
      vertex 42.7421 0 8.22588
      vertex 42.7421 0.599999 8.82115
      vertex 42.7421 0.599999 8.22588
    endloop
  endfacet
  facet normal -1 -0 0
    outer loop
      vertex 42.7421 0.599999 8.82115
      vertex 42.7421 0 8.22588
      vertex 42.7421 0 8.82115
    endloop
  endfacet
  facet normal -0 0 1
    outer loop
      vertex 48.945 0.599999 11.2692
      vertex 50.1201 0 11.2692
      vertex 50.1201 0.599999 11.2692
    endloop
  endfacet
  facet normal 0 0 1
    outer loop
      vertex 50.1201 0 11.2692
      vertex 48.945 0.599999 11.2692
      vertex 48.945 0 11.2692
    endloop
  endfacet
  facet normal -1 0 0
    outer loop
      vertex 50.1201 0 11.2692
      vertex 50.1201 0.599999 11.8567
      vertex 50.1201 0.599999 11.2692
    endloop
  endfacet
  facet normal -1 -0 0
    outer loop
      vertex 50.1201 0.599999 11.8567
      vertex 50.1201 0 11.2692
      vertex 50.1201 0 11.8567
    endloop
  endfacet
  facet normal 0 0 -1
    outer loop
      vertex 47.0124 0 11.8567
      vertex 50.1201 0.599999 11.8567
      vertex 50.1201 0 11.8567
    endloop
  endfacet
  facet normal -0 0 -1
    outer loop
      vertex 50.1201 0.599999 11.8567
      vertex 47.0124 0 11.8567
      vertex 47.0124 0.599999 11.8567
    endloop
  endfacet
  facet normal 1 -0 0
    outer loop
      vertex 47.0124 0 11.8567
      vertex 47.0124 0.599999 11.2692
      vertex 47.0124 0.599999 11.8567
    endloop
  endfacet
  facet normal 1 0 0
    outer loop
      vertex 47.0124 0.599999 11.2692
      vertex 47.0124 0 11.8567
      vertex 47.0124 0 11.2692
    endloop
  endfacet
  facet normal -0 0 1
    outer loop
      vertex 47.0124 0.599999 11.2692
      vertex 48.1848 0 11.2692
      vertex 48.1848 0.599999 11.2692
    endloop
  endfacet
  facet normal 0 0 1
    outer loop
      vertex 48.1848 0 11.2692
      vertex 47.0124 0.599999 11.2692
      vertex 47.0124 0 11.2692
    endloop
  endfacet
  facet normal 1 -0 0
    outer loop
      vertex 48.1848 0 11.2692
      vertex 48.1848 0.599999 8.22588
      vertex 48.1848 0.599999 11.2692
    endloop
  endfacet
  facet normal 1 0 0
    outer loop
      vertex 48.1848 0.599999 8.22588
      vertex 48.1848 0 11.2692
      vertex 48.1848 0 8.22588
    endloop
  endfacet
  facet normal -0 0 1
    outer loop
      vertex 48.1848 0.599999 8.22588
      vertex 48.945 0 8.22588
      vertex 48.945 0.599999 8.22588
    endloop
  endfacet
  facet normal 0 0 1
    outer loop
      vertex 48.945 0 8.22588
      vertex 48.1848 0.599999 8.22588
      vertex 48.1848 0 8.22588
    endloop
  endfacet
  facet normal -1 0 0
    outer loop
      vertex 48.945 0 8.22588
      vertex 48.945 0.599999 11.2692
      vertex 48.945 0.599999 8.22588
    endloop
  endfacet
  facet normal -1 -0 0
    outer loop
      vertex 48.945 0.599999 11.2692
      vertex 48.945 0 8.22588
      vertex 48.945 0 11.2692
    endloop
  endfacet
  facet normal -0.999929 0 -0.0118882
    outer loop
      vertex 55.4693 0 10.4265
      vertex 55.4684 0.599999 10.5022
      vertex 55.4693 0.599999 10.4265
    endloop
  endfacet
  facet normal -0.999929 -0 -0.0118882
    outer loop
      vertex 55.4684 0.599999 10.5022
      vertex 55.4693 0 10.4265
      vertex 55.4684 0 10.5022
    endloop
  endfacet
  facet normal -0.999675 0 -0.0254759
    outer loop
      vertex 55.4684 0 10.5022
      vertex 55.4659 0.599999 10.6003
      vertex 55.4684 0.599999 10.5022
    endloop
  endfacet
  facet normal -0.999675 -0 -0.0254759
    outer loop
      vertex 55.4659 0.599999 10.6003
      vertex 55.4684 0 10.5022
      vertex 55.4659 0 10.6003
    endloop
  endfacet
  facet normal -0.999365 0 -0.0356324
    outer loop
      vertex 55.4659 0 10.6003
      vertex 55.4616 0.599999 10.7209
      vertex 55.4659 0.599999 10.6003
    endloop
  endfacet
  facet normal -0.999365 -0 -0.0356324
    outer loop
      vertex 55.4616 0.599999 10.7209
      vertex 55.4659 0 10.6003
      vertex 55.4616 0 10.7209
    endloop
  endfacet
  facet normal -0.999122 0 -0.0418919
    outer loop
      vertex 55.4616 0 10.7209
      vertex 55.4556 0.599999 10.864
      vertex 55.4616 0.599999 10.7209
    endloop
  endfacet
  facet normal -0.999122 -0 -0.0418919
    outer loop
      vertex 55.4556 0.599999 10.864
      vertex 55.4616 0 10.7209
      vertex 55.4556 0 10.864
    endloop
  endfacet
  facet normal -0.998893 0 -0.0470493
    outer loop
      vertex 55.4556 0 10.864
      vertex 55.4478 0.599999 11.0296
      vertex 55.4556 0.599999 10.864
    endloop
  endfacet
  facet normal -0.998893 -0 -0.0470493
    outer loop
      vertex 55.4478 0.599999 11.0296
      vertex 55.4556 0 10.864
      vertex 55.4478 0 11.0296
    endloop
  endfacet
  facet normal -0.998752 0 -0.0499376
    outer loop
      vertex 55.4478 0 11.0296
      vertex 55.4384 0.599999 11.2176
      vertex 55.4478 0.599999 11.0296
    endloop
  endfacet
  facet normal -0.998752 -0 -0.0499376
    outer loop
      vertex 55.4384 0.599999 11.2176
      vertex 55.4478 0 11.0296
      vertex 55.4384 0 11.2176
    endloop
  endfacet
  facet normal 0.961625 -0 0.274366
    outer loop
      vertex 55.4384 0 11.2176
      vertex 55.7141 0.599999 10.2513
      vertex 55.4384 0.599999 11.2176
    endloop
  endfacet
  facet normal 0.961625 0 0.274366
    outer loop
      vertex 55.7141 0.599999 10.2513
      vertex 55.4384 0 11.2176
      vertex 55.7141 0 10.2513
    endloop
  endfacet
  facet normal 0.951552 -0 0.307487
    outer loop
      vertex 55.7141 0 10.2513
      vertex 56.3686 0.599999 8.22588
      vertex 55.7141 0.599999 10.2513
    endloop
  endfacet
  facet normal 0.951552 0 0.307487
    outer loop
      vertex 56.3686 0.599999 8.22588
      vertex 55.7141 0 10.2513
      vertex 56.3686 0 8.22588
    endloop
  endfacet
  facet normal -0 0 1
    outer loop
      vertex 56.3686 0.599999 8.22588
      vertex 56.9098 0 8.22588
      vertex 56.9098 0.599999 8.22588
    endloop
  endfacet
  facet normal 0 0 1
    outer loop
      vertex 56.9098 0 8.22588
      vertex 56.3686 0.599999 8.22588
      vertex 56.3686 0 8.22588
    endloop
  endfacet
  facet normal -0.951552 0 0.307487
    outer loop
      vertex 56.9098 0 8.22588
      vertex 57.5643 0.599999 10.2513
      vertex 56.9098 0.599999 8.22588
    endloop
  endfacet
  facet normal -0.951552 0 0.307487
    outer loop
      vertex 57.5643 0.599999 10.2513
      vertex 56.9098 0 8.22588
      vertex 57.5643 0 10.2513
    endloop
  endfacet
  facet normal -0.954991 0 0.296633
    outer loop
      vertex 57.5643 0 10.2513
      vertex 57.5962 0.599999 10.354
      vertex 57.5643 0.599999 10.2513
    endloop
  endfacet
  facet normal -0.954991 0 0.296633
    outer loop
      vertex 57.5962 0.599999 10.354
      vertex 57.5643 0 10.2513
      vertex 57.5962 0 10.354
    endloop
  endfacet
  facet normal -0.959341 0 0.282249
    outer loop
      vertex 57.5962 0 10.354
      vertex 57.6333 0.599999 10.4801
      vertex 57.5962 0.599999 10.354
    endloop
  endfacet
  facet normal -0.959341 0 0.282249
    outer loop
      vertex 57.6333 0.599999 10.4801
      vertex 57.5962 0 10.354
      vertex 57.6333 0 10.4801
    endloop
  endfacet
  facet normal -0.961839 0 0.273616
    outer loop
      vertex 57.6333 0 10.4801
      vertex 57.6758 0.599999 10.6295
      vertex 57.6333 0.599999 10.4801
    endloop
  endfacet
  facet normal -0.961839 0 0.273616
    outer loop
      vertex 57.6758 0.599999 10.6295
      vertex 57.6333 0 10.4801
      vertex 57.6758 0 10.6295
    endloop
  endfacet
  facet normal -0.963909 0 0.266233
    outer loop
      vertex 57.6758 0 10.6295
      vertex 57.7235 0.599999 10.8022
      vertex 57.6758 0.599999 10.6295
    endloop
  endfacet
  facet normal -0.963909 0 0.266233
    outer loop
      vertex 57.7235 0.599999 10.8022
      vertex 57.6758 0 10.6295
      vertex 57.7235 0 10.8022
    endloop
  endfacet
  facet normal -0.96533 0 0.261033
    outer loop
      vertex 57.7235 0 10.8022
      vertex 57.7765 0.599999 10.9982
      vertex 57.7235 0.599999 10.8022
    endloop
  endfacet
  facet normal -0.96533 0 0.261033
    outer loop
      vertex 57.7765 0.599999 10.9982
      vertex 57.7235 0 10.8022
      vertex 57.7765 0 10.9982
    endloop
  endfacet
  facet normal -0.966352 0 0.257224
    outer loop
      vertex 57.7765 0 10.9982
      vertex 57.8349 0.599999 11.2176
      vertex 57.7765 0.599999 10.9982
    endloop
  endfacet
  facet normal -0.966352 0 0.257224
    outer loop
      vertex 57.8349 0.599999 11.2176
      vertex 57.7765 0 10.9982
      vertex 57.8349 0 11.2176
    endloop
  endfacet
  facet normal 0.999158 0 -0.0410378
    outer loop
      vertex 57.8349 0 11.2176
      vertex 57.8277 0.599999 11.0423
      vertex 57.8349 0.599999 11.2176
    endloop
  endfacet
  facet normal 0.999158 0 -0.0410378
    outer loop
      vertex 57.8277 0.599999 11.0423
      vertex 57.8349 0 11.2176
      vertex 57.8277 0 11.0423
    endloop
  endfacet
  facet normal 0.999232 0 -0.0391856
    outer loop
      vertex 57.8277 0 11.0423
      vertex 57.8219 0.599999 10.8944
      vertex 57.8277 0.599999 11.0423
    endloop
  endfacet
  facet normal 0.999232 0 -0.0391856
    outer loop
      vertex 57.8219 0.599999 10.8944
      vertex 57.8277 0 11.0423
      vertex 57.8219 0 10.8944
    endloop
  endfacet
  facet normal 0.999241 0 -0.0389422
    outer loop
      vertex 57.8219 0 10.8944
      vertex 57.8172 0.599999 10.7738
      vertex 57.8219 0.599999 10.8944
    endloop
  endfacet
  facet normal 0.999241 0 -0.0389422
    outer loop
      vertex 57.8172 0.599999 10.7738
      vertex 57.8219 0 10.8944
      vertex 57.8172 0 10.7738
    endloop
  endfacet
  facet normal 0.999297 0 -0.037487
    outer loop
      vertex 57.8172 0 10.7738
      vertex 57.8137 0.599999 10.6805
      vertex 57.8172 0.599999 10.7738
    endloop
  endfacet
  facet normal 0.999297 0 -0.037487
    outer loop
      vertex 57.8137 0.599999 10.6805
      vertex 57.8172 0 10.7738
      vertex 57.8137 0 10.6805
    endloop
  endfacet
  facet normal 0.999392 0 -0.0348801
    outer loop
      vertex 57.8137 0 10.6805
      vertex 57.8114 0.599999 10.6146
      vertex 57.8137 0.599999 10.6805
    endloop
  endfacet
  facet normal 0.999392 0 -0.0348801
    outer loop
      vertex 57.8114 0.599999 10.6146
      vertex 57.8137 0 10.6805
      vertex 57.8114 0 10.6146
    endloop
  endfacet
  facet normal 0.999665 0 -0.025898
    outer loop
      vertex 57.8114 0 10.6146
      vertex 57.8104 0.599999 10.576
      vertex 57.8114 0.599999 10.6146
    endloop
  endfacet
  facet normal 0.999665 0 -0.025898
    outer loop
      vertex 57.8104 0.599999 10.576
      vertex 57.8114 0 10.6146
      vertex 57.8104 0 10.576
    endloop
  endfacet
  facet normal 0.999871 0 -0.0160622
    outer loop
      vertex 57.8104 0 10.576
      vertex 57.81 0.599999 10.5511
      vertex 57.8104 0.599999 10.576
    endloop
  endfacet
  facet normal 0.999871 0 -0.0160622
    outer loop
      vertex 57.81 0.599999 10.5511
      vertex 57.8104 0 10.576
      vertex 57.81 0 10.5511
    endloop
  endfacet
  facet normal 0.999927 0 -0.0120473
    outer loop
      vertex 57.81 0 10.5511
      vertex 57.8097 0.599999 10.5262
      vertex 57.81 0.599999 10.5511
    endloop
  endfacet
  facet normal 0.999927 0 -0.0120473
    outer loop
      vertex 57.8097 0.599999 10.5262
      vertex 57.81 0 10.5511
      vertex 57.8097 0 10.5262
    endloop
  endfacet
  facet normal 0.999928 0 -0.0119991
    outer loop
      vertex 57.8097 0 10.5262
      vertex 57.8094 0.599999 10.5012
      vertex 57.8097 0.599999 10.5262
    endloop
  endfacet
  facet normal 0.999928 0 -0.0119991
    outer loop
      vertex 57.8094 0.599999 10.5012
      vertex 57.8097 0 10.5262
      vertex 57.8094 0 10.5012
    endloop
  endfacet
  facet normal 0.999968 0 -0.00803187
    outer loop
      vertex 57.8094 0 10.5012
      vertex 57.8092 0.599999 10.4763
      vertex 57.8094 0.599999 10.5012
    endloop
  endfacet
  facet normal 0.999968 0 -0.00803187
    outer loop
      vertex 57.8092 0.599999 10.4763
      vertex 57.8094 0 10.5012
      vertex 57.8092 0 10.4763
    endloop
  endfacet
  facet normal 0.999992 0 -0.00401603
    outer loop
      vertex 57.8092 0 10.4763
      vertex 57.8091 0.599999 10.4514
      vertex 57.8092 0.599999 10.4763
    endloop
  endfacet
  facet normal 0.999992 0 -0.00401603
    outer loop
      vertex 57.8091 0.599999 10.4514
      vertex 57.8092 0 10.4763
      vertex 57.8091 0 10.4514
    endloop
  endfacet
  facet normal 1 -0 0
    outer loop
      vertex 57.8091 0 10.4514
      vertex 57.8091 0.599999 10.4265
      vertex 57.8091 0.599999 10.4514
    endloop
  endfacet
  facet normal 1 0 0
    outer loop
      vertex 57.8091 0.599999 10.4265
      vertex 57.8091 0 10.4514
      vertex 57.8091 0 10.4265
    endloop
  endfacet
  facet normal 1 -0 0
    outer loop
      vertex 57.8091 0 10.4265
      vertex 57.8091 0.599999 8.22588
      vertex 57.8091 0.599999 10.4265
    endloop
  endfacet
  facet normal 1 0 0
    outer loop
      vertex 57.8091 0.599999 8.22588
      vertex 57.8091 0 10.4265
      vertex 57.8091 0 8.22588
    endloop
  endfacet
  facet normal -0 0 1
    outer loop
      vertex 57.8091 0.599999 8.22588
      vertex 58.4843 0 8.22588
      vertex 58.4843 0.599999 8.22588
    endloop
  endfacet
  facet normal 0 0 1
    outer loop
      vertex 58.4843 0 8.22588
      vertex 57.8091 0.599999 8.22588
      vertex 57.8091 0 8.22588
    endloop
  endfacet
  facet normal -1 0 0
    outer loop
      vertex 58.4843 0 8.22588
      vertex 58.4843 0.599999 11.8567
      vertex 58.4843 0.599999 8.22588
    endloop
  endfacet
  facet normal -1 -0 0
    outer loop
      vertex 58.4843 0.599999 11.8567
      vertex 58.4843 0 8.22588
      vertex 58.4843 0 11.8567
    endloop
  endfacet
  facet normal 0 0 -1
    outer loop
      vertex 57.4716 0 11.8567
      vertex 58.4843 0.599999 11.8567
      vertex 58.4843 0 11.8567
    endloop
  endfacet
  facet normal -0 0 -1
    outer loop
      vertex 58.4843 0.599999 11.8567
      vertex 57.4716 0 11.8567
      vertex 57.4716 0.599999 11.8567
    endloop
  endfacet
  facet normal 0.954283 0 -0.298903
    outer loop
      vertex 57.4716 0 11.8567
      vertex 56.8041 0.599999 9.72563
      vertex 57.4716 0.599999 11.8567
    endloop
  endfacet
  facet normal 0.954283 0 -0.298903
    outer loop
      vertex 56.8041 0.599999 9.72563
      vertex 57.4716 0 11.8567
      vertex 56.8041 0 9.72563
    endloop
  endfacet
  facet normal 0.963295 0 -0.268446
    outer loop
      vertex 56.8041 0 9.72563
      vertex 56.6418 0.599999 9.14323
      vertex 56.8041 0.599999 9.72563
    endloop
  endfacet
  facet normal 0.963295 0 -0.268446
    outer loop
      vertex 56.6418 0.599999 9.14323
      vertex 56.8041 0 9.72563
      vertex 56.6418 0 9.14323
    endloop
  endfacet
  facet normal -0.969229 0 -0.246163
    outer loop
      vertex 56.6418 0 9.14323
      vertex 56.5181 0.599999 9.63028
      vertex 56.6418 0.599999 9.14323
    endloop
  endfacet
  facet normal -0.969229 -0 -0.246163
    outer loop
      vertex 56.5181 0.599999 9.63028
      vertex 56.6418 0 9.14323
      vertex 56.5181 0 9.63028
    endloop
  endfacet
  facet normal -0.960559 0 -0.278075
    outer loop
      vertex 56.5181 0 9.63028
      vertex 56.4614 0.599999 9.82614
      vertex 56.5181 0.599999 9.63028
    endloop
  endfacet
  facet normal -0.960559 -0 -0.278075
    outer loop
      vertex 56.4614 0.599999 9.82614
      vertex 56.5181 0 9.63028
      vertex 56.4614 0 9.82614
    endloop
  endfacet
  facet normal -0.952476 0 -0.304614
    outer loop
      vertex 56.4614 0 9.82614
      vertex 55.812 0.599999 11.8567
      vertex 56.4614 0.599999 9.82614
    endloop
  endfacet
  facet normal -0.952476 -0 -0.304614
    outer loop
      vertex 55.812 0.599999 11.8567
      vertex 56.4614 0 9.82614
      vertex 55.812 0 11.8567
    endloop
  endfacet
  facet normal 0 0 -1
    outer loop
      vertex 54.7942 0 11.8567
      vertex 55.812 0.599999 11.8567
      vertex 55.812 0 11.8567
    endloop
  endfacet
  facet normal -0 0 -1
    outer loop
      vertex 55.812 0.599999 11.8567
      vertex 54.7942 0 11.8567
      vertex 54.7942 0.599999 11.8567
    endloop
  endfacet
  facet normal 1 -0 0
    outer loop
      vertex 54.7942 0 11.8567
      vertex 54.7942 0.599999 8.22588
      vertex 54.7942 0.599999 11.8567
    endloop
  endfacet
  facet normal 1 0 0
    outer loop
      vertex 54.7942 0.599999 8.22588
      vertex 54.7942 0 11.8567
      vertex 54.7942 0 8.22588
    endloop
  endfacet
  facet normal -0 0 1
    outer loop
      vertex 54.7942 0.599999 8.22588
      vertex 55.4693 0 8.22588
      vertex 55.4693 0.599999 8.22588
    endloop
  endfacet
  facet normal 0 0 1
    outer loop
      vertex 55.4693 0 8.22588
      vertex 54.7942 0.599999 8.22588
      vertex 54.7942 0 8.22588
    endloop
  endfacet
  facet normal -1 0 0
    outer loop
      vertex 55.4693 0 8.22588
      vertex 55.4693 0.599999 10.4265
      vertex 55.4693 0.599999 8.22588
    endloop
  endfacet
  facet normal -1 -0 0
    outer loop
      vertex 55.4693 0.599999 10.4265
      vertex 55.4693 0 8.22588
      vertex 55.4693 0 10.4265
    endloop
  endfacet
  facet normal -0 0 1
    outer loop
      vertex 60.2059 0.599999 9.15358
      vertex 61.5896 0 9.15358
      vertex 61.5896 0.599999 9.15358
    endloop
  endfacet
  facet normal 0 0 1
    outer loop
      vertex 61.5896 0 9.15358
      vertex 60.2059 0.599999 9.15358
      vertex 60.2059 0 9.15358
    endloop
  endfacet
  facet normal 0.944648 -0 0.328086
    outer loop
      vertex 61.5896 0 9.15358
      vertex 61.9118 0.599999 8.22588
      vertex 61.5896 0.599999 9.15358
    endloop
  endfacet
  facet normal 0.944648 0 0.328086
    outer loop
      vertex 61.9118 0.599999 8.22588
      vertex 61.5896 0 9.15358
      vertex 61.9118 0 8.22588
    endloop
  endfacet
  facet normal -0 0 1
    outer loop
      vertex 61.9118 0.599999 8.22588
      vertex 62.6642 0 8.22588
      vertex 62.6642 0.599999 8.22588
    endloop
  endfacet
  facet normal 0 0 1
    outer loop
      vertex 62.6642 0 8.22588
      vertex 61.9118 0.599999 8.22588
      vertex 61.9118 0 8.22588
    endloop
  endfacet
  facet normal -0.939868 0 -0.341538
    outer loop
      vertex 62.6642 0 8.22588
      vertex 61.3448 0.599999 11.8567
      vertex 62.6642 0.599999 8.22588
    endloop
  endfacet
  facet normal -0.939868 -0 -0.341538
    outer loop
      vertex 61.3448 0.599999 11.8567
      vertex 62.6642 0 8.22588
      vertex 61.3448 0 11.8567
    endloop
  endfacet
  facet normal 0 0 -1
    outer loop
      vertex 60.4481 0 11.8567
      vertex 61.3448 0.599999 11.8567
      vertex 61.3448 0 11.8567
    endloop
  endfacet
  facet normal -0 0 -1
    outer loop
      vertex 61.3448 0.599999 11.8567
      vertex 60.4481 0 11.8567
      vertex 60.4481 0.599999 11.8567
    endloop
  endfacet
  facet normal 0.939435 0 -0.342726
    outer loop
      vertex 60.4481 0 11.8567
      vertex 59.1235 0.599999 8.22588
      vertex 60.4481 0.599999 11.8567
    endloop
  endfacet
  facet normal 0.939435 0 -0.342726
    outer loop
      vertex 59.1235 0.599999 8.22588
      vertex 60.4481 0 11.8567
      vertex 59.1235 0 8.22588
    endloop
  endfacet
  facet normal -0 0 1
    outer loop
      vertex 59.1235 0.599999 8.22588
      vertex 59.8837 0 8.22588
      vertex 59.8837 0.599999 8.22588
    endloop
  endfacet
  facet normal 0 0 1
    outer loop
      vertex 59.8837 0 8.22588
      vertex 59.1235 0.599999 8.22588
      vertex 59.1235 0 8.22588
    endloop
  endfacet
  facet normal -0.944648 0 0.328086
    outer loop
      vertex 59.8837 0 8.22588
      vertex 60.2059 0.599999 9.15358
      vertex 59.8837 0.599999 8.22588
    endloop
  endfacet
  facet normal -0.944648 0 0.328086
    outer loop
      vertex 60.2059 0.599999 9.15358
      vertex 59.8837 0 8.22588
      vertex 60.2059 0 9.15358
    endloop
  endfacet
  facet normal -0.94587 0 0.324547
    outer loop
      vertex 60.3759 0 9.72563
      vertex 60.5013 0.599999 10.0911
      vertex 60.3759 0.599999 9.72563
    endloop
  endfacet
  facet normal -0.94587 0 0.324547
    outer loop
      vertex 60.5013 0.599999 10.0911
      vertex 60.3759 0 9.72563
      vertex 60.5013 0 10.0911
    endloop
  endfacet
  facet normal -0.946119 0 0.323819
    outer loop
      vertex 60.5013 0 10.0911
      vertex 60.6061 0.599999 10.3973
      vertex 60.5013 0.599999 10.0911
    endloop
  endfacet
  facet normal -0.946119 0 0.323819
    outer loop
      vertex 60.6061 0.599999 10.3973
      vertex 60.5013 0 10.0911
      vertex 60.6061 0 10.3973
    endloop
  endfacet
  facet normal -0.946516 0 0.322658
    outer loop
      vertex 60.6061 0 10.3973
      vertex 60.6903 0.599999 10.6443
      vertex 60.6061 0.599999 10.3973
    endloop
  endfacet
  facet normal -0.946516 0 0.322658
    outer loop
      vertex 60.6903 0.599999 10.6443
      vertex 60.6061 0 10.3973
      vertex 60.6903 0 10.6443
    endloop
  endfacet
  facet normal -0.947107 0 0.320917
    outer loop
      vertex 60.6903 0 10.6443
      vertex 60.7539 0.599999 10.832
      vertex 60.6903 0.599999 10.6443
    endloop
  endfacet
  facet normal -0.947107 0 0.320917
    outer loop
      vertex 60.7539 0.599999 10.832
      vertex 60.6903 0 10.6443
      vertex 60.7539 0 10.832
    endloop
  endfacet
  facet normal -0.948461 0 0.316892
    outer loop
      vertex 60.7539 0 10.832
      vertex 60.7968 0.599999 10.9604
      vertex 60.7539 0.599999 10.832
    endloop
  endfacet
  facet normal -0.948461 0 0.316892
    outer loop
      vertex 60.7968 0.599999 10.9604
      vertex 60.7539 0 10.832
      vertex 60.7968 0 10.9604
    endloop
  endfacet
  facet normal -0.95167 0 0.307123
    outer loop
      vertex 60.7968 0 10.9604
      vertex 60.8191 0.599999 11.0295
      vertex 60.7968 0.599999 10.9604
    endloop
  endfacet
  facet normal -0.95167 0 0.307123
    outer loop
      vertex 60.8191 0.599999 11.0295
      vertex 60.7968 0 10.9604
      vertex 60.8191 0 11.0295
    endloop
  endfacet
  facet normal -0.956734 0 0.290965
    outer loop
      vertex 60.8191 0 11.0295
      vertex 60.8309 0.599999 11.0683
      vertex 60.8191 0.599999 11.0295
    endloop
  endfacet
  facet normal -0.956734 0 0.290965
    outer loop
      vertex 60.8309 0.599999 11.0683
      vertex 60.8191 0 11.0295
      vertex 60.8309 0 11.0683
    endloop
  endfacet
  facet normal -0.958669 0 0.284525
    outer loop
      vertex 60.8309 0 11.0683
      vertex 60.842 0.599999 11.1057
      vertex 60.8309 0.599999 11.0683
    endloop
  endfacet
  facet normal -0.958669 0 0.284525
    outer loop
      vertex 60.842 0.599999 11.1057
      vertex 60.8309 0 11.0683
      vertex 60.842 0 11.1057
    endloop
  endfacet
  facet normal -0.959067 0 0.283179
    outer loop
      vertex 60.842 0 11.1057
      vertex 60.8526 0.599999 11.1416
      vertex 60.842 0.599999 11.1057
    endloop
  endfacet
  facet normal -0.959067 0 0.283179
    outer loop
      vertex 60.8526 0.599999 11.1416
      vertex 60.842 0 11.1057
      vertex 60.8526 0 11.1416
    endloop
  endfacet
  facet normal -0.959719 0 0.280961
    outer loop
      vertex 60.8526 0 11.1416
      vertex 60.8627 0.599999 11.1761
      vertex 60.8526 0.599999 11.1416
    endloop
  endfacet
  facet normal -0.959719 0 0.280961
    outer loop
      vertex 60.8627 0.599999 11.1761
      vertex 60.8526 0 11.1416
      vertex 60.8627 0 11.1761
    endloop
  endfacet
  facet normal -0.961961 0 0.273185
    outer loop
      vertex 60.8627 0 11.1761
      vertex 60.8721 0.599999 11.2092
      vertex 60.8627 0.599999 11.1761
    endloop
  endfacet
  facet normal -0.961961 0 0.273185
    outer loop
      vertex 60.8721 0.599999 11.2092
      vertex 60.8627 0 11.1761
      vertex 60.8721 0 11.2092
    endloop
  endfacet
  facet normal -0.962552 0 0.271098
    outer loop
      vertex 60.8721 0 11.2092
      vertex 60.881 0.599999 11.2408
      vertex 60.8721 0.599999 11.2092
    endloop
  endfacet
  facet normal -0.962552 0 0.271098
    outer loop
      vertex 60.881 0.599999 11.2408
      vertex 60.8721 0 11.2092
      vertex 60.881 0 11.2408
    endloop
  endfacet
  facet normal -0.965038 0 0.262109
    outer loop
      vertex 60.881 0 11.2408
      vertex 60.8964 0.599999 11.2975
      vertex 60.881 0.599999 11.2408
    endloop
  endfacet
  facet normal -0.965038 0 0.262109
    outer loop
      vertex 60.8964 0.599999 11.2975
      vertex 60.881 0 11.2408
      vertex 60.8964 0 11.2975
    endloop
  endfacet
  facet normal 0.956543 -0 0.29159
    outer loop
      vertex 60.8964 0 11.2975
      vertex 60.9506 0.599999 11.1197
      vertex 60.8964 0.599999 11.2975
    endloop
  endfacet
  facet normal 0.956543 0 0.29159
    outer loop
      vertex 60.9506 0.599999 11.1197
      vertex 60.8964 0 11.2975
      vertex 60.9506 0 11.1197
    endloop
  endfacet
  facet normal 0.953492 -0 0.301418
    outer loop
      vertex 60.9506 0 11.1197
      vertex 61.0614 0.599999 10.7692
      vertex 60.9506 0.599999 11.1197
    endloop
  endfacet
  facet normal 0.953492 0 0.301418
    outer loop
      vertex 61.0614 0.599999 10.7692
      vertex 60.9506 0 11.1197
      vertex 61.0614 0 10.7692
    endloop
  endfacet
  facet normal 0.945861 -0 0.324571
    outer loop
      vertex 61.0614 0 10.7692
      vertex 61.4195 0.599999 9.72563
      vertex 61.0614 0.599999 10.7692
    endloop
  endfacet
  facet normal 0.945861 0 0.324571
    outer loop
      vertex 61.4195 0.599999 9.72563
      vertex 61.0614 0 10.7692
      vertex 61.4195 0 9.72563
    endloop
  endfacet
  facet normal 0 0 -1
    outer loop
      vertex 60.3759 0 9.72563
      vertex 61.4195 0.599999 9.72563
      vertex 61.4195 0 9.72563
    endloop
  endfacet
  facet normal -0 0 -1
    outer loop
      vertex 61.4195 0.599999 9.72563
      vertex 60.3759 0 9.72563
      vertex 60.3759 0.599999 9.72563
    endloop
  endfacet
  facet normal -0.855941 0 0.517073
    outer loop
      vertex 64.5774 0 9.71533
      vertex 65.871 0.599999 11.8567
      vertex 64.5774 0.599999 9.71533
    endloop
  endfacet
  facet normal -0.855941 0 0.517073
    outer loop
      vertex 65.871 0.599999 11.8567
      vertex 64.5774 0 9.71533
      vertex 65.871 0 11.8567
    endloop
  endfacet
  facet normal 0 0 -1
    outer loop
      vertex 65.0748 0 11.8567
      vertex 65.871 0.599999 11.8567
      vertex 65.871 0 11.8567
    endloop
  endfacet
  facet normal -0 0 -1
    outer loop
      vertex 65.871 0.599999 11.8567
      vertex 65.0748 0 11.8567
      vertex 65.0748 0.599999 11.8567
    endloop
  endfacet
  facet normal 0.867342 0 -0.497713
    outer loop
      vertex 65.0748 0 11.8567
      vertex 64.1935 0.599999 10.3209
      vertex 65.0748 0.599999 11.8567
    endloop
  endfacet
  facet normal 0.867342 0 -0.497713
    outer loop
      vertex 64.1935 0.599999 10.3209
      vertex 65.0748 0 11.8567
      vertex 64.1935 0 10.3209
    endloop
  endfacet
  facet normal -0.869849 0 -0.493318
    outer loop
      vertex 64.1935 0 10.3209
      vertex 63.3225 0.599999 11.8567
      vertex 64.1935 0.599999 10.3209
    endloop
  endfacet
  facet normal -0.869849 -0 -0.493318
    outer loop
      vertex 63.3225 0.599999 11.8567
      vertex 64.1935 0 10.3209
      vertex 63.3225 0 11.8567
    endloop
  endfacet
  facet normal 0 0 -1
    outer loop
      vertex 62.5262 0 11.8567
      vertex 63.3225 0.599999 11.8567
      vertex 63.3225 0 11.8567
    endloop
  endfacet
  facet normal -0 0 -1
    outer loop
      vertex 63.3225 0.599999 11.8567
      vertex 62.5262 0 11.8567
      vertex 62.5262 0.599999 11.8567
    endloop
  endfacet
  facet normal 0.855941 -0 0.517073
    outer loop
      vertex 62.5262 0 11.8567
      vertex 63.8198 0.599999 9.71533
      vertex 62.5262 0.599999 11.8567
    endloop
  endfacet
  facet normal 0.855941 0 0.517073
    outer loop
      vertex 63.8198 0.599999 9.71533
      vertex 62.5262 0 11.8567
      vertex 63.8198 0 9.71533
    endloop
  endfacet
  facet normal 1 -0 0
    outer loop
      vertex 63.8198 0 9.71533
      vertex 63.8198 0.599999 8.22588
      vertex 63.8198 0.599999 9.71533
    endloop
  endfacet
  facet normal 1 0 0
    outer loop
      vertex 63.8198 0.599999 8.22588
      vertex 63.8198 0 9.71533
      vertex 63.8198 0 8.22588
    endloop
  endfacet
  facet normal -0 0 1
    outer loop
      vertex 63.8198 0.599999 8.22588
      vertex 64.5774 0 8.22588
      vertex 64.5774 0.599999 8.22588
    endloop
  endfacet
  facet normal 0 0 1
    outer loop
      vertex 64.5774 0 8.22588
      vertex 63.8198 0.599999 8.22588
      vertex 63.8198 0 8.22588
    endloop
  endfacet
  facet normal -1 0 0
    outer loop
      vertex 64.5774 0 8.22588
      vertex 64.5774 0.599999 9.71533
      vertex 64.5774 0.599999 8.22588
    endloop
  endfacet
  facet normal -1 -0 0
    outer loop
      vertex 64.5774 0.599999 9.71533
      vertex 64.5774 0 8.22588
      vertex 64.5774 0 9.71533
    endloop
  endfacet
  facet normal -0.137111 0 0.990556
    outer loop
      vertex 45.1188 0.599999 8.18491
      vertex 45.3476 0 8.21658
      vertex 45.3476 0.599999 8.21658
    endloop
  endfacet
  facet normal -0.137111 0 0.990556
    outer loop
      vertex 45.3476 0 8.21658
      vertex 45.1188 0.599999 8.18491
      vertex 45.1188 0 8.18491
    endloop
  endfacet
  facet normal -0.244387 0 0.969678
    outer loop
      vertex 45.3476 0.599999 8.21658
      vertex 45.5571 0 8.26938
      vertex 45.5571 0.599999 8.26938
    endloop
  endfacet
  facet normal -0.244387 0 0.969678
    outer loop
      vertex 45.5571 0 8.26938
      vertex 45.3476 0.599999 8.21658
      vertex 45.3476 0 8.21658
    endloop
  endfacet
  facet normal -0.361997 0 0.932179
    outer loop
      vertex 45.5571 0.599999 8.26938
      vertex 45.7474 0 8.34328
      vertex 45.7474 0.599999 8.34328
    endloop
  endfacet
  facet normal -0.361997 0 0.932179
    outer loop
      vertex 45.7474 0 8.34328
      vertex 45.5571 0.599999 8.26938
      vertex 45.5571 0 8.26938
    endloop
  endfacet
  facet normal -0.485465 0 0.874256
    outer loop
      vertex 45.7474 0.599999 8.34328
      vertex 45.9185 0 8.43829
      vertex 45.9185 0.599999 8.43829
    endloop
  endfacet
  facet normal -0.485465 0 0.874256
    outer loop
      vertex 45.9185 0 8.43829
      vertex 45.7474 0.599999 8.34328
      vertex 45.7474 0 8.34328
    endloop
  endfacet
  facet normal -0.60764 0 0.794212
    outer loop
      vertex 45.9185 0.599999 8.43829
      vertex 46.0703 0 8.55443
      vertex 46.0703 0.599999 8.55443
    endloop
  endfacet
  facet normal -0.60764 0 0.794212
    outer loop
      vertex 46.0703 0 8.55443
      vertex 45.9185 0.599999 8.43829
      vertex 45.9185 0 8.43829
    endloop
  endfacet
  facet normal -0.720316 0 0.693646
    outer loop
      vertex 46.0703 0 8.55443
      vertex 46.2006 0.599999 8.68974
      vertex 46.0703 0.599999 8.55443
    endloop
  endfacet
  facet normal -0.720316 0 0.693646
    outer loop
      vertex 46.2006 0.599999 8.68974
      vertex 46.0703 0 8.55443
      vertex 46.2006 0 8.68974
    endloop
  endfacet
  facet normal -0.819752 0 0.572719
    outer loop
      vertex 46.2006 0 8.68974
      vertex 46.3072 0.599999 8.84232
      vertex 46.2006 0.599999 8.68974
    endloop
  endfacet
  facet normal -0.819752 0 0.572719
    outer loop
      vertex 46.3072 0.599999 8.84232
      vertex 46.2006 0 8.68974
      vertex 46.3072 0 8.84232
    endloop
  endfacet
  facet normal -0.898651 0 0.438663
    outer loop
      vertex 46.3072 0 8.84232
      vertex 46.3901 0.599999 9.01215
      vertex 46.3072 0.599999 8.84232
    endloop
  endfacet
  facet normal -0.898651 0 0.438663
    outer loop
      vertex 46.3901 0.599999 9.01215
      vertex 46.3072 0 8.84232
      vertex 46.3901 0 9.01215
    endloop
  endfacet
  facet normal -0.953399 0 0.301712
    outer loop
      vertex 46.3901 0 9.01215
      vertex 46.4493 0.599999 9.19922
      vertex 46.3901 0.599999 9.01215
    endloop
  endfacet
  facet normal -0.953399 0 0.301712
    outer loop
      vertex 46.4493 0.599999 9.19922
      vertex 46.3901 0 9.01215
      vertex 46.4493 0 9.19922
    endloop
  endfacet
  facet normal -0.985156 0 0.171659
    outer loop
      vertex 46.4493 0 9.19922
      vertex 46.4849 0.599999 9.40353
      vertex 46.4493 0.599999 9.19922
    endloop
  endfacet
  facet normal -0.985156 0 0.171659
    outer loop
      vertex 46.4849 0.599999 9.40353
      vertex 46.4493 0 9.19922
      vertex 46.4849 0 9.40353
    endloop
  endfacet
  facet normal -0.998585 0 0.0531762
    outer loop
      vertex 46.4849 0 9.40353
      vertex 46.4967 0.599999 9.62512
      vertex 46.4849 0.599999 9.40353
    endloop
  endfacet
  facet normal -0.998585 0 0.0531762
    outer loop
      vertex 46.4967 0.599999 9.62512
      vertex 46.4849 0 9.40353
      vertex 46.4967 0 9.62512
    endloop
  endfacet
  facet normal -1 0 0
    outer loop
      vertex 46.4967 0 9.62512
      vertex 46.4967 0.599999 11.8567
      vertex 46.4967 0.599999 9.62512
    endloop
  endfacet
  facet normal -1 -0 0
    outer loop
      vertex 46.4967 0.599999 11.8567
      vertex 46.4967 0 9.62512
      vertex 46.4967 0 11.8567
    endloop
  endfacet
  facet normal 0 0 -1
    outer loop
      vertex 45.7365 0 11.8567
      vertex 46.4967 0.599999 11.8567
      vertex 46.4967 0 11.8567
    endloop
  endfacet
  facet normal -0 0 -1
    outer loop
      vertex 46.4967 0.599999 11.8567
      vertex 45.7365 0 11.8567
      vertex 45.7365 0.599999 11.8567
    endloop
  endfacet
  facet normal 1 -0 0
    outer loop
      vertex 45.7365 0 11.8567
      vertex 45.7365 0.599999 9.67152
      vertex 45.7365 0.599999 11.8567
    endloop
  endfacet
  facet normal 1 0 0
    outer loop
      vertex 45.7365 0.599999 9.67152
      vertex 45.7365 0 11.8567
      vertex 45.7365 0 9.67152
    endloop
  endfacet
  facet normal 0.999077 0 -0.0429557
    outer loop
      vertex 45.7365 0 9.67152
      vertex 45.7305 0.599999 9.53197
      vertex 45.7365 0.599999 9.67152
    endloop
  endfacet
  facet normal 0.999077 0 -0.0429557
    outer loop
      vertex 45.7305 0.599999 9.53197
      vertex 45.7365 0 9.67152
      vertex 45.7305 0 9.53197
    endloop
  endfacet
  facet normal 0.98998 0 -0.141205
    outer loop
      vertex 45.7305 0 9.53197
      vertex 45.7122 0.599999 9.40367
      vertex 45.7305 0.599999 9.53197
    endloop
  endfacet
  facet normal 0.98998 0 -0.141205
    outer loop
      vertex 45.7122 0.599999 9.40367
      vertex 45.7305 0 9.53197
      vertex 45.7122 0 9.40367
    endloop
  endfacet
  facet normal 0.967905 0 -0.251318
    outer loop
      vertex 45.7122 0 9.40367
      vertex 45.6818 0.599999 9.28659
      vertex 45.7122 0.599999 9.40367
    endloop
  endfacet
  facet normal 0.967905 0 -0.251318
    outer loop
      vertex 45.6818 0.599999 9.28659
      vertex 45.7122 0 9.40367
      vertex 45.6818 0 9.28659
    endloop
  endfacet
  facet normal 0.927664 0 -0.373415
    outer loop
      vertex 45.6818 0 9.28659
      vertex 45.6392 0.599999 9.18076
      vertex 45.6818 0.599999 9.28659
    endloop
  endfacet
  facet normal 0.927664 0 -0.373415
    outer loop
      vertex 45.6392 0.599999 9.18076
      vertex 45.6818 0 9.28659
      vertex 45.6392 0 9.18076
    endloop
  endfacet
  facet normal 0.865324 0 -0.501213
    outer loop
      vertex 45.6392 0 9.18076
      vertex 45.5844 0.599999 9.08615
      vertex 45.6392 0.599999 9.18076
    endloop
  endfacet
  facet normal 0.865324 0 -0.501213
    outer loop
      vertex 45.5844 0.599999 9.08615
      vertex 45.6392 0 9.18076
      vertex 45.5844 0 9.08615
    endloop
  endfacet
  facet normal 0.7799 0 -0.625904
    outer loop
      vertex 45.5844 0 9.08615
      vertex 45.5175 0.599999 9.00279
      vertex 45.5844 0.599999 9.08615
    endloop
  endfacet
  facet normal 0.7799 0 -0.625904
    outer loop
      vertex 45.5175 0.599999 9.00279
      vertex 45.5844 0 9.08615
      vertex 45.5175 0 9.00279
    endloop
  endfacet
  facet normal 0.673547 0 -0.739144
    outer loop
      vertex 45.4393 0 8.93153
      vertex 45.5175 0.599999 9.00279
      vertex 45.5175 0 9.00279
    endloop
  endfacet
  facet normal 0.673547 0 -0.739144
    outer loop
      vertex 45.5175 0.599999 9.00279
      vertex 45.4393 0 8.93153
      vertex 45.4393 0.599999 8.93153
    endloop
  endfacet
  facet normal 0.549253 0 -0.835656
    outer loop
      vertex 45.3506 0 8.87323
      vertex 45.4393 0.599999 8.93153
      vertex 45.4393 0 8.93153
    endloop
  endfacet
  facet normal 0.549253 0 -0.835656
    outer loop
      vertex 45.4393 0.599999 8.93153
      vertex 45.3506 0 8.87323
      vertex 45.3506 0.599999 8.87323
    endloop
  endfacet
  facet normal 0.415771 0 -0.90947
    outer loop
      vertex 45.2514 0 8.82788
      vertex 45.3506 0.599999 8.87323
      vertex 45.3506 0 8.87323
    endloop
  endfacet
  facet normal 0.415771 0 -0.90947
    outer loop
      vertex 45.3506 0.599999 8.87323
      vertex 45.2514 0 8.82788
      vertex 45.2514 0.599999 8.82788
    endloop
  endfacet
  facet normal 0.283569 0 -0.958952
    outer loop
      vertex 45.1419 0 8.7955
      vertex 45.2514 0.599999 8.82788
      vertex 45.2514 0 8.82788
    endloop
  endfacet
  facet normal 0.283569 0 -0.958952
    outer loop
      vertex 45.2514 0.599999 8.82788
      vertex 45.1419 0 8.7955
      vertex 45.1419 0.599999 8.7955
    endloop
  endfacet
  facet normal 0.159785 0 -0.987152
    outer loop
      vertex 45.0218 0 8.77606
      vertex 45.1419 0.599999 8.7955
      vertex 45.1419 0 8.7955
    endloop
  endfacet
  facet normal 0.159785 0 -0.987152
    outer loop
      vertex 45.1419 0.599999 8.7955
      vertex 45.0218 0 8.77606
      vertex 45.0218 0.599999 8.77606
    endloop
  endfacet
  facet normal 0.0495177 0 -0.998773
    outer loop
      vertex 44.8913 0 8.76959
      vertex 45.0218 0.599999 8.77606
      vertex 45.0218 0 8.77606
    endloop
  endfacet
  facet normal 0.0495177 0 -0.998773
    outer loop
      vertex 45.0218 0.599999 8.77606
      vertex 44.8913 0 8.76959
      vertex 44.8913 0.599999 8.76959
    endloop
  endfacet
  facet normal -0.0486421 0 -0.998816
    outer loop
      vertex 44.7644 0 8.77577
      vertex 44.8913 0.599999 8.76959
      vertex 44.8913 0 8.76959
    endloop
  endfacet
  facet normal -0.0486421 0 -0.998816
    outer loop
      vertex 44.8913 0.599999 8.76959
      vertex 44.7644 0 8.77577
      vertex 44.7644 0.599999 8.77577
    endloop
  endfacet
  facet normal -0.157841 0 -0.987464
    outer loop
      vertex 44.6481 0 8.79436
      vertex 44.7644 0.599999 8.77577
      vertex 44.7644 0 8.77577
    endloop
  endfacet
  facet normal -0.157841 0 -0.987464
    outer loop
      vertex 44.7644 0.599999 8.77577
      vertex 44.6481 0 8.79436
      vertex 44.6481 0.599999 8.79436
    endloop
  endfacet
  facet normal -0.28134 0 -0.959608
    outer loop
      vertex 44.5425 0 8.82532
      vertex 44.6481 0.599999 8.79436
      vertex 44.6481 0 8.79436
    endloop
  endfacet
  facet normal -0.28134 0 -0.959608
    outer loop
      vertex 44.6481 0.599999 8.79436
      vertex 44.5425 0 8.82532
      vertex 44.5425 0.599999 8.82532
    endloop
  endfacet
  facet normal -0.415341 0 -0.909666
    outer loop
      vertex 44.4476 0 8.86865
      vertex 44.5425 0.599999 8.82532
      vertex 44.5425 0 8.82532
    endloop
  endfacet
  facet normal -0.415341 0 -0.909666
    outer loop
      vertex 44.5425 0.599999 8.82532
      vertex 44.4476 0 8.86865
      vertex 44.4476 0.599999 8.86865
    endloop
  endfacet
  facet normal -0.551476 0 -0.834191
    outer loop
      vertex 44.3633 0 8.92438
      vertex 44.4476 0.599999 8.86865
      vertex 44.4476 0 8.86865
    endloop
  endfacet
  facet normal -0.551476 0 -0.834191
    outer loop
      vertex 44.4476 0.599999 8.86865
      vertex 44.3633 0 8.92438
      vertex 44.3633 0.599999 8.92438
    endloop
  endfacet
  facet normal -0.678706 0 -0.73441
    outer loop
      vertex 44.2896 0 8.99249
      vertex 44.3633 0.599999 8.92438
      vertex 44.3633 0 8.92438
    endloop
  endfacet
  facet normal -0.678706 0 -0.73441
    outer loop
      vertex 44.3633 0.599999 8.92438
      vertex 44.2896 0 8.99249
      vertex 44.2896 0.599999 8.99249
    endloop
  endfacet
  facet normal -0.788286 0 -0.61531
    outer loop
      vertex 44.2896 0 8.99249
      vertex 44.2271 0.599999 9.07256
      vertex 44.2896 0.599999 8.99249
    endloop
  endfacet
  facet normal -0.788286 -0 -0.61531
    outer loop
      vertex 44.2271 0.599999 9.07256
      vertex 44.2896 0 8.99249
      vertex 44.2271 0 9.07256
    endloop
  endfacet
  facet normal -0.872467 0 -0.488673
    outer loop
      vertex 44.2271 0 9.07256
      vertex 44.1758 0.599999 9.16415
      vertex 44.2271 0.599999 9.07256
    endloop
  endfacet
  facet normal -0.872467 -0 -0.488673
    outer loop
      vertex 44.1758 0.599999 9.16415
      vertex 44.2271 0 9.07256
      vertex 44.1758 0 9.16415
    endloop
  endfacet
  facet normal -0.932914 0 -0.3601
    outer loop
      vertex 44.1758 0 9.16415
      vertex 44.136 0.599999 9.26726
      vertex 44.1758 0.599999 9.16415
    endloop
  endfacet
  facet normal -0.932914 -0 -0.3601
    outer loop
      vertex 44.136 0.599999 9.26726
      vertex 44.1758 0 9.16415
      vertex 44.136 0 9.26726
    endloop
  endfacet
  facet normal -0.97046 0 -0.241261
    outer loop
      vertex 44.136 0 9.26726
      vertex 44.1075 0.599999 9.3819
      vertex 44.136 0.599999 9.26726
    endloop
  endfacet
  facet normal -0.97046 -0 -0.241261
    outer loop
      vertex 44.1075 0.599999 9.3819
      vertex 44.136 0 9.26726
      vertex 44.1075 0 9.3819
    endloop
  endfacet
  facet normal -0.991044 0 -0.133532
    outer loop
      vertex 44.1075 0 9.3819
      vertex 44.0905 0.599999 9.50807
      vertex 44.1075 0.599999 9.3819
    endloop
  endfacet
  facet normal -0.991044 -0 -0.133532
    outer loop
      vertex 44.0905 0.599999 9.50807
      vertex 44.1075 0 9.3819
      vertex 44.0905 0 9.50807
    endloop
  endfacet
  facet normal -0.999144 0 -0.0413649
    outer loop
      vertex 44.0905 0 9.50807
      vertex 44.0848 0.599999 9.64575
      vertex 44.0905 0.599999 9.50807
    endloop
  endfacet
  facet normal -0.999144 -0 -0.0413649
    outer loop
      vertex 44.0848 0.599999 9.64575
      vertex 44.0905 0 9.50807
      vertex 44.0848 0 9.64575
    endloop
  endfacet
  facet normal -1 0 0
    outer loop
      vertex 44.0848 0 9.64575
      vertex 44.0848 0.599999 11.8567
      vertex 44.0848 0.599999 9.64575
    endloop
  endfacet
  facet normal -1 -0 0
    outer loop
      vertex 44.0848 0.599999 11.8567
      vertex 44.0848 0 9.64575
      vertex 44.0848 0 11.8567
    endloop
  endfacet
  facet normal 0 0 -1
    outer loop
      vertex 43.3246 0 11.8567
      vertex 44.0848 0.599999 11.8567
      vertex 44.0848 0 11.8567
    endloop
  endfacet
  facet normal -0 0 -1
    outer loop
      vertex 44.0848 0.599999 11.8567
      vertex 43.3246 0 11.8567
      vertex 43.3246 0.599999 11.8567
    endloop
  endfacet
  facet normal 1 -0 0
    outer loop
      vertex 43.3246 0 11.8567
      vertex 43.3246 0.599999 9.58647
      vertex 43.3246 0.599999 11.8567
    endloop
  endfacet
  facet normal 1 0 0
    outer loop
      vertex 43.3246 0.599999 9.58647
      vertex 43.3246 0 11.8567
      vertex 43.3246 0 9.58647
    endloop
  endfacet
  facet normal 0.998707 -0 0.0508446
    outer loop
      vertex 43.3246 0 9.58647
      vertex 43.3357 0.599999 9.36844
      vertex 43.3246 0.599999 9.58647
    endloop
  endfacet
  facet normal 0.998707 0 0.0508446
    outer loop
      vertex 43.3357 0.599999 9.36844
      vertex 43.3246 0 9.58647
      vertex 43.3357 0 9.36844
    endloop
  endfacet
  facet normal 0.986653 -0 0.162835
    outer loop
      vertex 43.3357 0 9.36844
      vertex 43.3688 0.599999 9.16788
      vertex 43.3357 0.599999 9.36844
    endloop
  endfacet
  facet normal 0.986653 0 0.162835
    outer loop
      vertex 43.3688 0.599999 9.16788
      vertex 43.3357 0 9.36844
      vertex 43.3688 0 9.16788
    endloop
  endfacet
  facet normal 0.957288 -0 0.289137
    outer loop
      vertex 43.3688 0 9.16788
      vertex 43.4241 0.599999 8.98479
      vertex 43.3688 0.599999 9.16788
    endloop
  endfacet
  facet normal 0.957288 0 0.289137
    outer loop
      vertex 43.4241 0.599999 8.98479
      vertex 43.3688 0 9.16788
      vertex 43.4241 0 8.98479
    endloop
  endfacet
  facet normal 0.90598 -0 0.42332
    outer loop
      vertex 43.4241 0 8.98479
      vertex 43.5015 0.599999 8.81914
      vertex 43.4241 0.599999 8.98479
    endloop
  endfacet
  facet normal 0.90598 0 0.42332
    outer loop
      vertex 43.5015 0.599999 8.81914
      vertex 43.4241 0 8.98479
      vertex 43.5015 0 8.81914
    endloop
  endfacet
  facet normal 0.829924 -0 0.557876
    outer loop
      vertex 43.5015 0 8.81914
      vertex 43.6011 0.599999 8.67097
      vertex 43.5015 0.599999 8.81914
    endloop
  endfacet
  facet normal 0.829924 0 0.557876
    outer loop
      vertex 43.6011 0.599999 8.67097
      vertex 43.5015 0 8.81914
      vertex 43.6011 0 8.67097
    endloop
  endfacet
  facet normal 0.732187 -0 0.681104
    outer loop
      vertex 43.6011 0 8.67097
      vertex 43.7227 0.599999 8.54025
      vertex 43.6011 0.599999 8.67097
    endloop
  endfacet
  facet normal 0.732187 0 0.681104
    outer loop
      vertex 43.7227 0.599999 8.54025
      vertex 43.6011 0 8.67097
      vertex 43.7227 0 8.54025
    endloop
  endfacet
  facet normal 0.617261 0 0.786759
    outer loop
      vertex 43.7227 0.599999 8.54025
      vertex 43.8652 0 8.42845
      vertex 43.8652 0.599999 8.42845
    endloop
  endfacet
  facet normal 0.617261 0 0.786759
    outer loop
      vertex 43.8652 0 8.42845
      vertex 43.7227 0.599999 8.54025
      vertex 43.7227 0 8.54025
    endloop
  endfacet
  facet normal 0.491669 0 0.870782
    outer loop
      vertex 43.8652 0.599999 8.42845
      vertex 44.0272 0 8.33698
      vertex 44.0272 0.599999 8.33698
    endloop
  endfacet
  facet normal 0.491669 0 0.870782
    outer loop
      vertex 44.0272 0 8.33698
      vertex 43.8652 0.599999 8.42845
      vertex 43.8652 0 8.42845
    endloop
  endfacet
  facet normal 0.36484 0 0.93107
    outer loop
      vertex 44.0272 0.599999 8.33698
      vertex 44.2088 0 8.26582
      vertex 44.2088 0.599999 8.26582
    endloop
  endfacet
  facet normal 0.36484 0 0.93107
    outer loop
      vertex 44.2088 0 8.26582
      vertex 44.0272 0.599999 8.33698
      vertex 44.0272 0 8.33698
    endloop
  endfacet
  facet normal 0.244962 0 0.969533
    outer loop
      vertex 44.2088 0.599999 8.26582
      vertex 44.4099 0 8.21501
      vertex 44.4099 0.599999 8.21501
    endloop
  endfacet
  facet normal 0.244962 0 0.969533
    outer loop
      vertex 44.4099 0 8.21501
      vertex 44.2088 0.599999 8.26582
      vertex 44.2088 0 8.26582
    endloop
  endfacet
  facet normal 0.136912 0 0.990583
    outer loop
      vertex 44.4099 0.599999 8.21501
      vertex 44.6305 0 8.18452
      vertex 44.6305 0.599999 8.18452
    endloop
  endfacet
  facet normal 0.136912 0 0.990583
    outer loop
      vertex 44.6305 0 8.18452
      vertex 44.4099 0.599999 8.21501
      vertex 44.4099 0 8.21501
    endloop
  endfacet
  facet normal 0.0422603 0 0.999107
    outer loop
      vertex 44.6305 0.599999 8.18452
      vertex 44.8707 0 8.17436
      vertex 44.8707 0.599999 8.17436
    endloop
  endfacet
  facet normal 0.0422603 0 0.999107
    outer loop
      vertex 44.8707 0 8.17436
      vertex 44.6305 0.599999 8.18452
      vertex 44.6305 0 8.18452
    endloop
  endfacet
  facet normal -0.0424848 0 0.999097
    outer loop
      vertex 44.8707 0.599999 8.17436
      vertex 45.1188 0 8.18491
      vertex 45.1188 0.599999 8.18491
    endloop
  endfacet
  facet normal -0.0424848 0 0.999097
    outer loop
      vertex 45.1188 0 8.18491
      vertex 44.8707 0.599999 8.17436
      vertex 44.8707 0 8.17436
    endloop
  endfacet
  facet normal -1 0 0
    outer loop
      vertex 58 58.7891 23
      vertex 58 59.4083 21
      vertex 58 58.7891 21
    endloop
  endfacet
  facet normal -1 0 0
    outer loop
      vertex 58 59.4083 21
      vertex 58 58.7891 23
      vertex 58 59.4083 80
    endloop
  endfacet
  facet normal -1 0 0
    outer loop
      vertex 58 57.5 80
      vertex 58 58.7891 23
      vertex 58 57.5 23
    endloop
  endfacet
  facet normal -1 0 0
    outer loop
      vertex 58 58.7891 23
      vertex 58 57.5 80
      vertex 58 59.4083 80
    endloop
  endfacet
  facet normal -0 0 1
    outer loop
      vertex 52.2638 59.5175 21
      vertex 52.4732 59.4218 21
      vertex 52.7595 59.6738 21
    endloop
  endfacet
  facet normal 0 0 1
    outer loop
      vertex 52.2638 59.5175 21
      vertex 52.1002 58.9599 21
      vertex 52.4732 59.4218 21
    endloop
  endfacet
  facet normal -0 0 1
    outer loop
      vertex 52 59.4083 21
      vertex 52.1002 58.9599 21
      vertex 52.2638 59.5175 21
    endloop
  endfacet
  facet normal 0 0 1
    outer loop
      vertex 52.1002 58.9599 21
      vertex 52 59.4083 21
      vertex 52 58.7805 21
    endloop
  endfacet
  facet normal 0 0 1
    outer loop
      vertex 57.7231 59.1988 21
      vertex 58 59.4083 21
      vertex 57.7362 59.5175 21
    endloop
  endfacet
  facet normal 0 0 1
    outer loop
      vertex 58 59.4083 21
      vertex 57.7231 59.1988 21
      vertex 58 58.7891 21
    endloop
  endfacet
  facet normal 0 0 1
    outer loop
      vertex 57.7362 59.5175 21
      vertex 57.3124 59.6274 21
      vertex 57.7231 59.1988 21
    endloop
  endfacet
  facet normal -0 -0 1
    outer loop
      vertex 57.3124 59.6274 21
      vertex 57.7362 59.5175 21
      vertex 57.2562 59.6689 21
    endloop
  endfacet
  facet normal 1 0 0
    outer loop
      vertex 52 59.4083 80
      vertex 52 58.7805 23
      vertex 52 59.4083 21
    endloop
  endfacet
  facet normal 1 -0 0
    outer loop
      vertex 52 57.5 80
      vertex 52 58.7805 23
      vertex 52 59.4083 80
    endloop
  endfacet
  facet normal 1 0 0
    outer loop
      vertex 52 58.7805 23
      vertex 52 57.5 80
      vertex 52 57.5 23
    endloop
  endfacet
  facet normal 1 0 0
    outer loop
      vertex 52 59.4083 21
      vertex 52 58.7805 23
      vertex 52 58.7805 21
    endloop
  endfacet
  facet normal 0 1 -0
    outer loop
      vertex 58 57.5 23
      vertex 52 57.5 80
      vertex 58 57.5 80
    endloop
  endfacet
  facet normal 0 1 0
    outer loop
      vertex 52 57.5 80
      vertex 58 57.5 23
      vertex 52 57.5 23
    endloop
  endfacet
  facet normal -0.126999 0.991903 0
    outer loop
      vertex 55.7374 53.5786 0
      vertex 55.1485 53.5032 23
      vertex 55.7374 53.5786 23
    endloop
  endfacet
  facet normal -0.126999 0.991903 0
    outer loop
      vertex 55.1485 53.5032 23
      vertex 55.7374 53.5786 0
      vertex 55.1485 53.5032 0
    endloop
  endfacet
  facet normal -0.967728 -0.251997 0
    outer loop
      vertex 58.4497 57.5915 4.9
      vertex 58.3001 58.166 23
      vertex 58.3001 58.166 4.9
    endloop
  endfacet
  facet normal -0.967728 -0.251997 0
    outer loop
      vertex 58.3001 58.166 23
      vertex 58.4497 57.5915 4.9
      vertex 58.4497 57.5915 23
    endloop
  endfacet
  facet normal -0.996404 -0.0847322 0
    outer loop
      vertex 58.5 57 4.9
      vertex 58.4497 57.5915 23
      vertex 58.4497 57.5915 4.9
    endloop
  endfacet
  facet normal -0.996404 -0.0847322 0
    outer loop
      vertex 58.4497 57.5915 23
      vertex 58.5 57 4.9
      vertex 58.5 57 23
    endloop
  endfacet
  facet normal -0.911167 -0.412038 0
    outer loop
      vertex 58.3001 58.166 4.9
      vertex 58.0555 58.7069 23
      vertex 58.0555 58.7069 4.9
    endloop
  endfacet
  facet normal -0.911167 -0.412038 0
    outer loop
      vertex 58.0555 58.7069 23
      vertex 58.3001 58.166 4.9
      vertex 58.3001 58.166 23
    endloop
  endfacet
  facet normal 1 -0 0
    outer loop
      vertex 51.5126 56.7032 23
      vertex 51.5126 57.2968 4.9
      vertex 51.5126 57.2968 23
    endloop
  endfacet
  facet normal 1 0 0
    outer loop
      vertex 51.5126 57.2968 4.9
      vertex 51.5126 56.7032 23
      vertex 51.5126 56.7032 4.9
    endloop
  endfacet
  facet normal -0.828518 -0.559962 0
    outer loop
      vertex 57.7231 59.1988 4.9
      vertex 58 58.7891 21
      vertex 57.7231 59.1988 21
    endloop
  endfacet
  facet normal -0.828562 -0.559898 2.38851e-06
    outer loop
      vertex 58.0555 58.7069 4.9
      vertex 58 58.7891 21
      vertex 57.7231 59.1988 4.9
    endloop
  endfacet
  facet normal -0.828779 -0.559577 -0
    outer loop
      vertex 58.0555 58.7069 23
      vertex 58 58.7891 21
      vertex 58.0555 58.7069 4.9
    endloop
  endfacet
  facet normal -0.828779 -0.559577 0
    outer loop
      vertex 58 58.7891 21
      vertex 58.0555 58.7069 23
      vertex 58 58.7891 23
    endloop
  endfacet
  facet normal 0.660711 -0.750641 0
    outer loop
      vertex 52.4732 59.4218 21
      vertex 52.7595 59.6738 20
      vertex 52.7595 59.6738 21
    endloop
  endfacet
  facet normal 0.660711 -0.750641 0
    outer loop
      vertex 52.4732 59.4218 4.9
      vertex 52.7595 59.6738 20
      vertex 52.4732 59.4218 21
    endloop
  endfacet
  facet normal 0.660696 -0.750653 4.8418e-07
    outer loop
      vertex 52.9188 59.814 4.9
      vertex 52.7595 59.6738 20
      vertex 52.4732 59.4218 4.9
    endloop
  endfacet
  facet normal 0.66067 -0.750676 0
    outer loop
      vertex 52.7595 59.6738 20
      vertex 52.9188 59.814 4.9
      vertex 52.9188 59.814 20
    endloop
  endfacet
  facet normal 0 0 -1
    outer loop
      vertex 58 57.5 23
      vertex 58.5 57 23
      vertex 58.4497 56.4085 23
    endloop
  endfacet
  facet normal 0 0 -1
    outer loop
      vertex 58 57.5 23
      vertex 58.4497 56.4085 23
      vertex 58.3001 55.834 23
    endloop
  endfacet
  facet normal 0 0 -1
    outer loop
      vertex 58.5 57 23
      vertex 58 57.5 23
      vertex 58.4497 57.5915 23
    endloop
  endfacet
  facet normal 0 0 -1
    outer loop
      vertex 58 57.5 23
      vertex 58.3001 55.834 23
      vertex 58.0555 55.2931 23
    endloop
  endfacet
  facet normal -0 0 -1
    outer loop
      vertex 58.4497 57.5915 23
      vertex 58 57.5 23
      vertex 58.3001 58.166 23
    endloop
  endfacet
  facet normal -0 0 -1
    outer loop
      vertex 58.3001 58.166 23
      vertex 58 57.5 23
      vertex 58.0555 58.7069 23
    endloop
  endfacet
  facet normal 0 0 -1
    outer loop
      vertex 57.7231 54.8012 23
      vertex 58 57.5 23
      vertex 58.0555 55.2931 23
    endloop
  endfacet
  facet normal 0 0 -1
    outer loop
      vertex 57.3124 54.3726 23
      vertex 58 57.5 23
      vertex 57.7231 54.8012 23
    endloop
  endfacet
  facet normal 0 0 -1
    outer loop
      vertex 56.8351 54.0196 23
      vertex 58 57.5 23
      vertex 57.3124 54.3726 23
    endloop
  endfacet
  facet normal 0 0 -1
    outer loop
      vertex 56.305 53.7524 23
      vertex 58 57.5 23
      vertex 56.8351 54.0196 23
    endloop
  endfacet
  facet normal 0 0 -1
    outer loop
      vertex 55.7374 53.5786 23
      vertex 58 57.5 23
      vertex 56.305 53.7524 23
    endloop
  endfacet
  facet normal 0 0 -1
    outer loop
      vertex 55.1485 53.5032 23
      vertex 58 57.5 23
      vertex 55.7374 53.5786 23
    endloop
  endfacet
  facet normal 0 0 -1
    outer loop
      vertex 54.5554 53.5283 23
      vertex 58 57.5 23
      vertex 55.1485 53.5032 23
    endloop
  endfacet
  facet normal 0 0 -1
    outer loop
      vertex 52 57.5 23
      vertex 54.5554 53.5283 23
      vertex 53.9751 53.6534 23
    endloop
  endfacet
  facet normal 0 0 -1
    outer loop
      vertex 52 57.5 23
      vertex 53.9751 53.6534 23
      vertex 53.4243 53.8748 23
    endloop
  endfacet
  facet normal 0 0 -1
    outer loop
      vertex 52 57.5 23
      vertex 53.4243 53.8748 23
      vertex 52.9188 54.186 23
    endloop
  endfacet
  facet normal 0 0 -1
    outer loop
      vertex 52 57.5 23
      vertex 52.9188 54.186 23
      vertex 52.4732 54.5782 23
    endloop
  endfacet
  facet normal 0 0 -1
    outer loop
      vertex 52 57.5 23
      vertex 52.4732 54.5782 23
      vertex 52.1002 55.0401 23
    endloop
  endfacet
  facet normal 0 0 -1
    outer loop
      vertex 54.5554 53.5283 23
      vertex 52 57.5 23
      vertex 58 57.5 23
    endloop
  endfacet
  facet normal 0 0 -1
    outer loop
      vertex 51.8107 55.5583 23
      vertex 52 57.5 23
      vertex 52.1002 55.0401 23
    endloop
  endfacet
  facet normal 0 0 -1
    outer loop
      vertex 51.6129 56.1181 23
      vertex 52 57.5 23
      vertex 51.8107 55.5583 23
    endloop
  endfacet
  facet normal 0 0 -1
    outer loop
      vertex 51.5126 56.7032 23
      vertex 52 57.5 23
      vertex 51.6129 56.1181 23
    endloop
  endfacet
  facet normal 0 -0 -1
    outer loop
      vertex 51.8107 58.4417 23
      vertex 52 57.5 23
      vertex 51.6129 57.8819 23
    endloop
  endfacet
  facet normal 0 0 -1
    outer loop
      vertex 52 57.5 23
      vertex 51.8107 58.4417 23
      vertex 52 58.7805 23
    endloop
  endfacet
  facet normal 0 0 -1
    outer loop
      vertex 51.5126 57.2968 23
      vertex 52 57.5 23
      vertex 51.5126 56.7032 23
    endloop
  endfacet
  facet normal -0 0 -1
    outer loop
      vertex 52 57.5 23
      vertex 51.5126 57.2968 23
      vertex 51.6129 57.8819 23
    endloop
  endfacet
  facet normal -0 0 -1
    outer loop
      vertex 58.0555 58.7069 23
      vertex 58 57.5 23
      vertex 58 58.7891 23
    endloop
  endfacet
  facet normal 0.210576 -0.977578 0
    outer loop
      vertex 53.9751 60.3466 4.9
      vertex 54.5554 60.4716 20
      vertex 53.9751 60.3466 20
    endloop
  endfacet
  facet normal 0.210576 -0.977578 0
    outer loop
      vertex 54.5554 60.4716 20
      vertex 53.9751 60.3466 4.9
      vertex 54.5554 60.4716 4.9
    endloop
  endfacet
  facet normal -0.722023 -0.691869 0
    outer loop
      vertex 57.7231 59.1988 4.9
      vertex 57.3124 59.6274 21
      vertex 57.3124 59.6274 4.9
    endloop
  endfacet
  facet normal -0.722023 -0.691869 0
    outer loop
      vertex 57.3124 59.6274 21
      vertex 57.7231 59.1988 4.9
      vertex 57.7231 59.1988 21
    endloop
  endfacet
  facet normal -0.594702 -0.803946 -0
    outer loop
      vertex 56.8351 59.9804 20
      vertex 56.8351 59.9804 4.9
      vertex 57.2562 59.6689 20
    endloop
  endfacet
  facet normal -0.594029 -0.804444 0
    outer loop
      vertex 57.2562 59.6689 20
      vertex 57.3124 59.6274 21
      vertex 57.2562 59.6689 21
    endloop
  endfacet
  facet normal -0.594623 -0.804005 -3.41917e-06
    outer loop
      vertex 57.3124 59.6274 4.9
      vertex 57.2562 59.6689 20
      vertex 56.8351 59.9804 4.9
    endloop
  endfacet
  facet normal -0.594029 -0.804444 0
    outer loop
      vertex 57.2562 59.6689 20
      vertex 57.3124 59.6274 4.9
      vertex 57.3124 59.6274 21
    endloop
  endfacet
  facet normal 0.985623 0.168959 0
    outer loop
      vertex 51.6129 56.1181 23
      vertex 51.5126 56.7032 4.9
      vertex 51.5126 56.7032 23
    endloop
  endfacet
  facet normal 0.985623 0.168959 0
    outer loop
      vertex 51.5126 56.7032 4.9
      vertex 51.6129 56.1181 23
      vertex 51.6129 56.1181 4.9
    endloop
  endfacet
  facet normal -0.828562 0.559898 0
    outer loop
      vertex 57.7231 54.8012 0
      vertex 58.0555 55.2931 23
      vertex 58.0555 55.2931 0
    endloop
  endfacet
  facet normal -0.828562 0.559898 0
    outer loop
      vertex 58.0555 55.2931 23
      vertex 57.7231 54.8012 0
      vertex 57.7231 54.8012 23
    endloop
  endfacet
  facet normal 0.524248 -0.851566 0
    outer loop
      vertex 52.9188 59.814 4.9
      vertex 53.4243 60.1252 20
      vertex 52.9188 59.814 20
    endloop
  endfacet
  facet normal 0.524248 -0.851566 0
    outer loop
      vertex 53.4243 60.1252 20
      vertex 52.9188 59.814 4.9
      vertex 53.4243 60.1252 4.9
    endloop
  endfacet
  facet normal -0.911167 0.412038 0
    outer loop
      vertex 58.0555 55.2931 0
      vertex 58.3001 55.834 23
      vertex 58.3001 55.834 0
    endloop
  endfacet
  facet normal -0.911167 0.412038 0
    outer loop
      vertex 58.3001 55.834 23
      vertex 58.0555 55.2931 0
      vertex 58.0555 55.2931 23
    endloop
  endfacet
  facet normal -0.292783 -0.956179 0
    outer loop
      vertex 55.7374 60.4214 4.9
      vertex 56.305 60.2476 20
      vertex 55.7374 60.4214 20
    endloop
  endfacet
  facet normal -0.292783 -0.956179 -0
    outer loop
      vertex 56.305 60.2476 20
      vertex 55.7374 60.4214 4.9
      vertex 56.305 60.2476 4.9
    endloop
  endfacet
  facet normal 0.942695 0.333655 0
    outer loop
      vertex 51.6129 56.1181 23
      vertex 51.6547 56 4.9
      vertex 51.6129 56.1181 4.9
    endloop
  endfacet
  facet normal 0.942872 0.333155 3.67196e-06
    outer loop
      vertex 51.8107 55.5583 23
      vertex 51.6547 56 4.9
      vertex 51.6129 56.1181 23
    endloop
  endfacet
  facet normal 0.942919 0.333021 -0
    outer loop
      vertex 51.8107 55.5583 0
      vertex 51.6547 56 4.9
      vertex 51.8107 55.5583 23
    endloop
  endfacet
  facet normal 0.942919 0.333021 0
    outer loop
      vertex 51.6547 56 4.9
      vertex 51.8107 55.5583 0
      vertex 51.6547 56 0
    endloop
  endfacet
  facet normal -0.450109 0.892974 0
    outer loop
      vertex 56.8351 54.0196 0
      vertex 56.305 53.7524 23
      vertex 56.8351 54.0196 23
    endloop
  endfacet
  facet normal -0.450109 0.892974 0
    outer loop
      vertex 56.305 53.7524 23
      vertex 56.8351 54.0196 0
      vertex 56.305 53.7524 0
    endloop
  endfacet
  facet normal -0.292783 0.956179 0
    outer loop
      vertex 56.305 53.7524 0
      vertex 55.7374 53.5786 23
      vertex 56.305 53.7524 23
    endloop
  endfacet
  facet normal -0.292783 0.956179 0
    outer loop
      vertex 55.7374 53.5786 23
      vertex 56.305 53.7524 0
      vertex 55.7374 53.5786 0
    endloop
  endfacet
  facet normal 0.0422822 0.999106 -0
    outer loop
      vertex 55.1485 53.5032 0
      vertex 54.5554 53.5283 23
      vertex 55.1485 53.5032 23
    endloop
  endfacet
  facet normal 0.0422822 0.999106 0
    outer loop
      vertex 54.5554 53.5283 23
      vertex 55.1485 53.5032 0
      vertex 54.5554 53.5283 0
    endloop
  endfacet
  facet normal -0.967766 0.251852 0
    outer loop
      vertex 58.3433 56 0
      vertex 58.3001 55.834 0
      vertex 58.3433 56 4.9
    endloop
  endfacet
  facet normal -0.967713 0.252055 0
    outer loop
      vertex 58.3433 56 4.9
      vertex 58.4497 56.4085 23
      vertex 58.4497 56.4085 4.9
    endloop
  endfacet
  facet normal -0.967766 0.251852 0
    outer loop
      vertex 58.3001 55.834 23
      vertex 58.3433 56 4.9
      vertex 58.3001 55.834 0
    endloop
  endfacet
  facet normal -0.967728 0.251997 1.41458e-06
    outer loop
      vertex 58.3433 56 4.9
      vertex 58.3001 55.834 23
      vertex 58.4497 56.4085 23
    endloop
  endfacet
  facet normal 0.778001 -0.628263 0
    outer loop
      vertex 52.1002 58.9599 21
      vertex 52.4732 59.4218 4.9
      vertex 52.4732 59.4218 21
    endloop
  endfacet
  facet normal 0.778001 -0.628263 0
    outer loop
      vertex 52.4732 59.4218 4.9
      vertex 52.1002 58.9599 21
      vertex 52.1002 58.9599 4.9
    endloop
  endfacet
  facet normal -0.996404 0.0847322 0
    outer loop
      vertex 58.4497 56.4085 4.9
      vertex 58.5 57 23
      vertex 58.5 57 4.9
    endloop
  endfacet
  facet normal -0.996404 0.0847322 0
    outer loop
      vertex 58.5 57 23
      vertex 58.4497 56.4085 4.9
      vertex 58.4497 56.4085 23
    endloop
  endfacet
  facet normal -0.450109 -0.892974 0
    outer loop
      vertex 56.305 60.2476 4.9
      vertex 56.8351 59.9804 20
      vertex 56.305 60.2476 20
    endloop
  endfacet
  facet normal -0.450109 -0.892974 -0
    outer loop
      vertex 56.8351 59.9804 20
      vertex 56.305 60.2476 4.9
      vertex 56.8351 59.9804 4.9
    endloop
  endfacet
  facet normal 0.873003 0.487716 0
    outer loop
      vertex 52.1002 55.0401 23
      vertex 51.8107 55.5583 0
      vertex 51.8107 55.5583 23
    endloop
  endfacet
  facet normal 0.873003 0.487716 0
    outer loop
      vertex 51.8107 55.5583 0
      vertex 52.1002 55.0401 23
      vertex 52.1002 55.0401 0
    endloop
  endfacet
  facet normal 0.942872 -0.333155 0
    outer loop
      vertex 51.6129 57.8819 23
      vertex 51.8107 58.4417 4.9
      vertex 51.8107 58.4417 23
    endloop
  endfacet
  facet normal 0.942872 -0.333155 0
    outer loop
      vertex 51.8107 58.4417 4.9
      vertex 51.6129 57.8819 23
      vertex 51.6129 57.8819 4.9
    endloop
  endfacet
  facet normal 0.0424503 -0.999099 0
    outer loop
      vertex 54.5554 60.4716 4.9
      vertex 55.1485 60.4968 20
      vertex 54.5554 60.4716 20
    endloop
  endfacet
  facet normal 0.0424503 -0.999099 0
    outer loop
      vertex 55.1485 60.4968 20
      vertex 54.5554 60.4716 4.9
      vertex 55.1485 60.4968 4.9
    endloop
  endfacet
  facet normal 0.985623 -0.168959 0
    outer loop
      vertex 51.5126 57.2968 23
      vertex 51.6129 57.8819 4.9
      vertex 51.6129 57.8819 23
    endloop
  endfacet
  facet normal 0.985623 -0.168959 0
    outer loop
      vertex 51.6129 57.8819 4.9
      vertex 51.5126 57.2968 23
      vertex 51.5126 57.2968 4.9
    endloop
  endfacet
  facet normal 0.660696 0.750653 -0
    outer loop
      vertex 52.9188 54.186 0
      vertex 52.4732 54.5782 23
      vertex 52.9188 54.186 23
    endloop
  endfacet
  facet normal 0.660696 0.750653 0
    outer loop
      vertex 52.4732 54.5782 23
      vertex 52.9188 54.186 0
      vertex 52.4732 54.5782 0
    endloop
  endfacet
  facet normal -0.722023 0.691869 0
    outer loop
      vertex 57.3124 54.3726 0
      vertex 57.7231 54.8012 23
      vertex 57.7231 54.8012 0
    endloop
  endfacet
  facet normal -0.722023 0.691869 0
    outer loop
      vertex 57.7231 54.8012 23
      vertex 57.3124 54.3726 0
      vertex 57.3124 54.3726 23
    endloop
  endfacet
  facet normal -0.594623 0.804005 0
    outer loop
      vertex 57.3124 54.3726 0
      vertex 56.8351 54.0196 23
      vertex 57.3124 54.3726 23
    endloop
  endfacet
  facet normal -0.594623 0.804005 0
    outer loop
      vertex 56.8351 54.0196 23
      vertex 57.3124 54.3726 0
      vertex 56.8351 54.0196 0
    endloop
  endfacet
  facet normal 0.372959 0.927848 -0
    outer loop
      vertex 53.9751 53.6534 0
      vertex 53.4243 53.8748 23
      vertex 53.9751 53.6534 23
    endloop
  endfacet
  facet normal 0.372959 0.927848 0
    outer loop
      vertex 53.4243 53.8748 23
      vertex 53.9751 53.6534 0
      vertex 53.4243 53.8748 0
    endloop
  endfacet
  facet normal 0.872976 -0.487764 0
    outer loop
      vertex 52 58.7805 23
      vertex 51.8107 58.4417 23
      vertex 52 58.7805 21
    endloop
  endfacet
  facet normal 0.873053 -0.487625 0
    outer loop
      vertex 52 58.7805 21
      vertex 52.1002 58.9599 4.9
      vertex 52.1002 58.9599 21
    endloop
  endfacet
  facet normal 0.872976 -0.487764 0
    outer loop
      vertex 51.8107 58.4417 4.9
      vertex 52 58.7805 21
      vertex 51.8107 58.4417 23
    endloop
  endfacet
  facet normal 0.873003 -0.487716 -1.32473e-06
    outer loop
      vertex 52 58.7805 21
      vertex 51.8107 58.4417 4.9
      vertex 52.1002 58.9599 4.9
    endloop
  endfacet
  facet normal -0.126999 -0.991903 0
    outer loop
      vertex 55.1485 60.4968 4.9
      vertex 55.7374 60.4214 20
      vertex 55.1485 60.4968 20
    endloop
  endfacet
  facet normal -0.126999 -0.991903 -0
    outer loop
      vertex 55.7374 60.4214 20
      vertex 55.1485 60.4968 4.9
      vertex 55.7374 60.4214 4.9
    endloop
  endfacet
  facet normal 0.372959 -0.927848 0
    outer loop
      vertex 53.4243 60.1252 4.9
      vertex 53.9751 60.3466 20
      vertex 53.4243 60.1252 20
    endloop
  endfacet
  facet normal 0.372959 -0.927848 0
    outer loop
      vertex 53.9751 60.3466 20
      vertex 53.4243 60.1252 4.9
      vertex 53.9751 60.3466 4.9
    endloop
  endfacet
  facet normal 0.778001 0.628263 0
    outer loop
      vertex 52.4732 54.5782 23
      vertex 52.1002 55.0401 0
      vertex 52.1002 55.0401 23
    endloop
  endfacet
  facet normal 0.778001 0.628263 0
    outer loop
      vertex 52.1002 55.0401 0
      vertex 52.4732 54.5782 23
      vertex 52.4732 54.5782 0
    endloop
  endfacet
  facet normal 0.524248 0.851566 -0
    outer loop
      vertex 53.4243 53.8748 0
      vertex 52.9188 54.186 23
      vertex 53.4243 53.8748 23
    endloop
  endfacet
  facet normal 0.524248 0.851566 0
    outer loop
      vertex 52.9188 54.186 23
      vertex 53.4243 53.8748 0
      vertex 52.9188 54.186 0
    endloop
  endfacet
  facet normal 0.210737 0.977543 -0
    outer loop
      vertex 54.5554 53.5283 0
      vertex 53.9751 53.6534 23
      vertex 54.5554 53.5283 23
    endloop
  endfacet
  facet normal 0.210737 0.977543 0
    outer loop
      vertex 53.9751 53.6534 23
      vertex 54.5554 53.5283 0
      vertex 53.9751 53.6534 0
    endloop
  endfacet
  facet normal -1 0 0
    outer loop
      vertex 58.5 80 0
      vertex 58.5 57 4.9
      vertex 58.5 80 4.9
    endloop
  endfacet
  facet normal -1 0 0
    outer loop
      vertex 58.5 56 0
      vertex 58.5 57 4.9
      vertex 58.5 80 0
    endloop
  endfacet
  facet normal -1 -0 0
    outer loop
      vertex 58.5 57 4.9
      vertex 58.5 56 0
      vertex 58.5 56 4.9
    endloop
  endfacet
  facet normal -0 0 -1
    outer loop
      vertex 51.5126 56.7032 4.9
      vertex 51.5 56 4.9
      vertex 51.5126 57.2968 4.9
    endloop
  endfacet
  facet normal -0 0 -1
    outer loop
      vertex 51.6129 56.1181 4.9
      vertex 51.5 56 4.9
      vertex 51.5126 56.7032 4.9
    endloop
  endfacet
  facet normal 0 0 -1
    outer loop
      vertex 51.5 56 4.9
      vertex 51.6129 56.1181 4.9
      vertex 51.6547 56 4.9
    endloop
  endfacet
  facet normal 0 0 -1
    outer loop
      vertex 58.4497 57.5915 4.9
      vertex 58.5 80 4.9
      vertex 58.5 57 4.9
    endloop
  endfacet
  facet normal 0 0 -1
    outer loop
      vertex 58.3001 58.166 4.9
      vertex 58.5 80 4.9
      vertex 58.4497 57.5915 4.9
    endloop
  endfacet
  facet normal 0 0 -1
    outer loop
      vertex 58.0555 58.7069 4.9
      vertex 58.5 80 4.9
      vertex 58.3001 58.166 4.9
    endloop
  endfacet
  facet normal 0 0 -1
    outer loop
      vertex 57.7231 59.1988 4.9
      vertex 58.5 80 4.9
      vertex 58.0555 58.7069 4.9
    endloop
  endfacet
  facet normal 0 0 -1
    outer loop
      vertex 57.3124 59.6274 4.9
      vertex 58.5 80 4.9
      vertex 57.7231 59.1988 4.9
    endloop
  endfacet
  facet normal 0 0 -1
    outer loop
      vertex 56.8351 59.9804 4.9
      vertex 58.5 80 4.9
      vertex 57.3124 59.6274 4.9
    endloop
  endfacet
  facet normal 0 0 -1
    outer loop
      vertex 56.305 60.2476 4.9
      vertex 58.5 80 4.9
      vertex 56.8351 59.9804 4.9
    endloop
  endfacet
  facet normal 0 0 -1
    outer loop
      vertex 55.7374 60.4214 4.9
      vertex 58.5 80 4.9
      vertex 56.305 60.2476 4.9
    endloop
  endfacet
  facet normal 0 0 -1
    outer loop
      vertex 55.1485 60.4968 4.9
      vertex 58.5 80 4.9
      vertex 55.7374 60.4214 4.9
    endloop
  endfacet
  facet normal 0 0 -1
    outer loop
      vertex 51.5 80 4.9
      vertex 55.1485 60.4968 4.9
      vertex 54.5554 60.4716 4.9
    endloop
  endfacet
  facet normal 0 0 -1
    outer loop
      vertex 51.5 80 4.9
      vertex 54.5554 60.4716 4.9
      vertex 53.9751 60.3466 4.9
    endloop
  endfacet
  facet normal 0 0 -1
    outer loop
      vertex 51.5 80 4.9
      vertex 53.9751 60.3466 4.9
      vertex 53.4243 60.1252 4.9
    endloop
  endfacet
  facet normal 0 0 -1
    outer loop
      vertex 51.5 80 4.9
      vertex 53.4243 60.1252 4.9
      vertex 52.9188 59.814 4.9
    endloop
  endfacet
  facet normal 0 0 -1
    outer loop
      vertex 51.5 80 4.9
      vertex 52.9188 59.814 4.9
      vertex 52.4732 59.4218 4.9
    endloop
  endfacet
  facet normal 0 0 -1
    outer loop
      vertex 51.5 80 4.9
      vertex 52.4732 59.4218 4.9
      vertex 52.1002 58.9599 4.9
    endloop
  endfacet
  facet normal 0 0 -1
    outer loop
      vertex 51.5 80 4.9
      vertex 52.1002 58.9599 4.9
      vertex 51.8107 58.4417 4.9
    endloop
  endfacet
  facet normal 0 0 -1
    outer loop
      vertex 51.5 80 4.9
      vertex 51.8107 58.4417 4.9
      vertex 51.6129 57.8819 4.9
    endloop
  endfacet
  facet normal 0 0 -1
    outer loop
      vertex 55.1485 60.4968 4.9
      vertex 51.5 80 4.9
      vertex 58.5 80 4.9
    endloop
  endfacet
  facet normal 0 0 -1
    outer loop
      vertex 51.5126 57.2968 4.9
      vertex 51.5 80 4.9
      vertex 51.6129 57.8819 4.9
    endloop
  endfacet
  facet normal 0 0 -1
    outer loop
      vertex 51.5 80 4.9
      vertex 51.5126 57.2968 4.9
      vertex 51.5 56 4.9
    endloop
  endfacet
  facet normal 0 0 -1
    outer loop
      vertex 58.5 56 4.9
      vertex 58.4497 56.4085 4.9
      vertex 58.5 57 4.9
    endloop
  endfacet
  facet normal 0 -0 -1
    outer loop
      vertex 58.4497 56.4085 4.9
      vertex 58.5 56 4.9
      vertex 58.3433 56 4.9
    endloop
  endfacet
  facet normal 1 -0 0
    outer loop
      vertex 51.5 56 4.9
      vertex 51.5 80 0
      vertex 51.5 80 4.9
    endloop
  endfacet
  facet normal 1 0 0
    outer loop
      vertex 51.5 80 0
      vertex 51.5 56 4.9
      vertex 51.5 56 0
    endloop
  endfacet
  facet normal 0 1 -0
    outer loop
      vertex 51.6547 56 0
      vertex 51.5 56 4.9
      vertex 51.6547 56 4.9
    endloop
  endfacet
  facet normal 0 1 0
    outer loop
      vertex 51.5 56 4.9
      vertex 51.6547 56 0
      vertex 51.5 56 0
    endloop
  endfacet
  facet normal 0 1 -0
    outer loop
      vertex 58.5 56 0
      vertex 58.3433 56 4.9
      vertex 58.5 56 4.9
    endloop
  endfacet
  facet normal 0 1 0
    outer loop
      vertex 58.3433 56 4.9
      vertex 58.5 56 0
      vertex 58.3433 56 0
    endloop
  endfacet
  facet normal 0.594623 0.804005 -0
    outer loop
      vertex 35.8124 22.6323 20
      vertex 35.3351 22.9853 23.2
      vertex 35.8124 22.6323 23.2
    endloop
  endfacet
  facet normal 0.594623 0.804005 0
    outer loop
      vertex 35.3351 22.9853 23.2
      vertex 35.8124 22.6323 20
      vertex 35.3351 22.9853 20
    endloop
  endfacet
  facet normal 0.0847322 -0.996404 0
    outer loop
      vertex 33.5 16.495 20
      vertex 34.0915 16.5453 23.2
      vertex 33.5 16.495 23.2
    endloop
  endfacet
  facet normal 0.0847322 -0.996404 0
    outer loop
      vertex 34.0915 16.5453 23.2
      vertex 33.5 16.495 20
      vertex 34.0915 16.5453 20
    endloop
  endfacet
  facet normal 0 0 1
    outer loop
      vertex 36.9497 20.5965 23.2
      vertex 37 19.995 23.2
      vertex 37 20.005 23.2
    endloop
  endfacet
  facet normal 0 0 1
    outer loop
      vertex 36.9497 20.5965 23.2
      vertex 36.9214 19.2576 23.2
      vertex 37 19.995 23.2
    endloop
  endfacet
  facet normal 0 0 1
    outer loop
      vertex 36.8001 21.171 23.2
      vertex 36.9214 19.2576 23.2
      vertex 36.9497 20.5965 23.2
    endloop
  endfacet
  facet normal 0 0 1
    outer loop
      vertex 36.8001 21.171 23.2
      vertex 36.7476 18.69 23.2
      vertex 36.9214 19.2576 23.2
    endloop
  endfacet
  facet normal 0 0 1
    outer loop
      vertex 36.5555 21.7119 23.2
      vertex 36.7476 18.69 23.2
      vertex 36.8001 21.171 23.2
    endloop
  endfacet
  facet normal 0 0 1
    outer loop
      vertex 36.5555 21.7119 23.2
      vertex 36.4803 18.1599 23.2
      vertex 36.7476 18.69 23.2
    endloop
  endfacet
  facet normal 0 0 1
    outer loop
      vertex 36.2231 22.2038 23.2
      vertex 36.4803 18.1599 23.2
      vertex 36.5555 21.7119 23.2
    endloop
  endfacet
  facet normal 0 0 1
    outer loop
      vertex 36.2231 22.2038 23.2
      vertex 36.1273 17.6826 23.2
      vertex 36.4803 18.1599 23.2
    endloop
  endfacet
  facet normal 0 0 1
    outer loop
      vertex 35.8124 22.6323 23.2
      vertex 36.1273 17.6826 23.2
      vertex 36.2231 22.2038 23.2
    endloop
  endfacet
  facet normal 0 0 1
    outer loop
      vertex 35.8124 22.6323 23.2
      vertex 35.6988 17.2719 23.2
      vertex 36.1273 17.6826 23.2
    endloop
  endfacet
  facet normal 0 0 1
    outer loop
      vertex 35.3351 22.9853 23.2
      vertex 35.6988 17.2719 23.2
      vertex 35.8124 22.6323 23.2
    endloop
  endfacet
  facet normal 0 0 1
    outer loop
      vertex 35.3351 22.9853 23.2
      vertex 35.2069 16.9395 23.2
      vertex 35.6988 17.2719 23.2
    endloop
  endfacet
  facet normal 0 0 1
    outer loop
      vertex 34.805 23.2526 23.2
      vertex 35.2069 16.9395 23.2
      vertex 35.3351 22.9853 23.2
    endloop
  endfacet
  facet normal 0 0 1
    outer loop
      vertex 34.805 23.2526 23.2
      vertex 34.666 16.6949 23.2
      vertex 35.2069 16.9395 23.2
    endloop
  endfacet
  facet normal 0 0 1
    outer loop
      vertex 34.2374 23.4264 23.2
      vertex 34.666 16.6949 23.2
      vertex 34.805 23.2526 23.2
    endloop
  endfacet
  facet normal 0 0 1
    outer loop
      vertex 34.2374 23.4264 23.2
      vertex 34.0915 16.5453 23.2
      vertex 34.666 16.6949 23.2
    endloop
  endfacet
  facet normal 0 0 1
    outer loop
      vertex 33.5 23.505 23.2
      vertex 34.0915 16.5453 23.2
      vertex 34.2374 23.4264 23.2
    endloop
  endfacet
  facet normal 0 0 1
    outer loop
      vertex 33.5 23.505 23.2
      vertex 33.5 16.495 23.2
      vertex 34.0915 16.5453 23.2
    endloop
  endfacet
  facet normal -0 0 1
    outer loop
      vertex 28.5 23.505 23.2
      vertex 33.5 16.495 23.2
      vertex 33.5 23.505 23.2
    endloop
  endfacet
  facet normal 0 0 1
    outer loop
      vertex 28.5 23.505 23.2
      vertex 28.5 16.495 23.2
      vertex 33.5 16.495 23.2
    endloop
  endfacet
  facet normal -0 0 1
    outer loop
      vertex 27.9085 23.4547 23.2
      vertex 28.5 16.495 23.2
      vertex 28.5 23.505 23.2
    endloop
  endfacet
  facet normal 0 0 1
    outer loop
      vertex 27.9085 23.4547 23.2
      vertex 27.7626 16.5736 23.2
      vertex 28.5 16.495 23.2
    endloop
  endfacet
  facet normal -0 0 1
    outer loop
      vertex 27.334 23.3051 23.2
      vertex 27.7626 16.5736 23.2
      vertex 27.9085 23.4547 23.2
    endloop
  endfacet
  facet normal 0 0 1
    outer loop
      vertex 27.334 23.3051 23.2
      vertex 27.195 16.7474 23.2
      vertex 27.7626 16.5736 23.2
    endloop
  endfacet
  facet normal -0 0 1
    outer loop
      vertex 26.7931 23.0605 23.2
      vertex 27.195 16.7474 23.2
      vertex 27.334 23.3051 23.2
    endloop
  endfacet
  facet normal 0 0 1
    outer loop
      vertex 26.7931 23.0605 23.2
      vertex 26.6649 17.0147 23.2
      vertex 27.195 16.7474 23.2
    endloop
  endfacet
  facet normal -0 0 1
    outer loop
      vertex 26.3012 22.7281 23.2
      vertex 26.6649 17.0147 23.2
      vertex 26.7931 23.0605 23.2
    endloop
  endfacet
  facet normal 0 0 1
    outer loop
      vertex 26.3012 22.7281 23.2
      vertex 26.1876 17.3677 23.2
      vertex 26.6649 17.0147 23.2
    endloop
  endfacet
  facet normal -0 0 1
    outer loop
      vertex 25.8727 22.3174 23.2
      vertex 26.1876 17.3677 23.2
      vertex 26.3012 22.7281 23.2
    endloop
  endfacet
  facet normal 0 0 1
    outer loop
      vertex 25.8727 22.3174 23.2
      vertex 25.7769 17.7962 23.2
      vertex 26.1876 17.3677 23.2
    endloop
  endfacet
  facet normal -0 0 1
    outer loop
      vertex 25.5197 21.8401 23.2
      vertex 25.7769 17.7962 23.2
      vertex 25.8727 22.3174 23.2
    endloop
  endfacet
  facet normal 0 0 1
    outer loop
      vertex 25.5197 21.8401 23.2
      vertex 25.4445 18.2881 23.2
      vertex 25.7769 17.7962 23.2
    endloop
  endfacet
  facet normal -0 0 1
    outer loop
      vertex 25.2524 21.31 23.2
      vertex 25.4445 18.2881 23.2
      vertex 25.5197 21.8401 23.2
    endloop
  endfacet
  facet normal 0 0 1
    outer loop
      vertex 25.2524 21.31 23.2
      vertex 25.1999 18.829 23.2
      vertex 25.4445 18.2881 23.2
    endloop
  endfacet
  facet normal -0 0 1
    outer loop
      vertex 25.0786 20.7424 23.2
      vertex 25.1999 18.829 23.2
      vertex 25.2524 21.31 23.2
    endloop
  endfacet
  facet normal 0 0 1
    outer loop
      vertex 25.0786 20.7424 23.2
      vertex 25.0503 19.4035 23.2
      vertex 25.1999 18.829 23.2
    endloop
  endfacet
  facet normal -0 0 1
    outer loop
      vertex 25 20.005 23.2
      vertex 25.0503 19.4035 23.2
      vertex 25.0786 20.7424 23.2
    endloop
  endfacet
  facet normal 0 0 1
    outer loop
      vertex 25.0503 19.4035 23.2
      vertex 25 20.005 23.2
      vertex 25 19.995 23.2
    endloop
  endfacet
  facet normal -0.412038 0.911167 0
    outer loop
      vertex 27.334 23.3051 20
      vertex 26.7931 23.0605 23.2
      vertex 27.334 23.3051 23.2
    endloop
  endfacet
  facet normal -0.412038 0.911167 0
    outer loop
      vertex 26.7931 23.0605 23.2
      vertex 27.334 23.3051 20
      vertex 26.7931 23.0605 20
    endloop
  endfacet
  facet normal -0.967728 -0.251997 0
    outer loop
      vertex 25.1999 18.829 20
      vertex 25.0503 19.4035 23.2
      vertex 25.0503 19.4035 20
    endloop
  endfacet
  facet normal -0.967728 -0.251997 0
    outer loop
      vertex 25.0503 19.4035 23.2
      vertex 25.1999 18.829 20
      vertex 25.1999 18.829 23.2
    endloop
  endfacet
  facet normal -0.892906 0.450243 0
    outer loop
      vertex 25.2524 21.31 20
      vertex 25.5197 21.8401 23.2
      vertex 25.5197 21.8401 20
    endloop
  endfacet
  facet normal -0.892906 0.450243 0
    outer loop
      vertex 25.5197 21.8401 23.2
      vertex 25.2524 21.31 20
      vertex 25.2524 21.31 23.2
    endloop
  endfacet
  facet normal -0.0847322 0.996404 0
    outer loop
      vertex 28.5 23.505 20
      vertex 27.9085 23.4547 23.2
      vertex 28.5 23.505 23.2
    endloop
  endfacet
  facet normal -0.0847322 0.996404 0
    outer loop
      vertex 27.9085 23.4547 23.2
      vertex 28.5 23.505 20
      vertex 27.9085 23.4547 20
    endloop
  endfacet
  facet normal -0.251997 0.967728 0
    outer loop
      vertex 27.9085 23.4547 20
      vertex 27.334 23.3051 23.2
      vertex 27.9085 23.4547 23.2
    endloop
  endfacet
  facet normal -0.251997 0.967728 0
    outer loop
      vertex 27.334 23.3051 23.2
      vertex 27.9085 23.4547 20
      vertex 27.334 23.3051 20
    endloop
  endfacet
  facet normal -0.996404 -0.0847322 0
    outer loop
      vertex 25.0503 19.4035 20
      vertex 25 19.995 23.2
      vertex 25 19.995 20
    endloop
  endfacet
  facet normal -0.996404 -0.0847322 0
    outer loop
      vertex 25 19.995 23.2
      vertex 25.0503 19.4035 20
      vertex 25.0503 19.4035 23.2
    endloop
  endfacet
  facet normal 0.804005 -0.594623 0
    outer loop
      vertex 36.1273 17.6826 23.2
      vertex 36.4803 18.1599 20
      vertex 36.4803 18.1599 23.2
    endloop
  endfacet
  facet normal 0.804005 -0.594623 0
    outer loop
      vertex 36.4803 18.1599 20
      vertex 36.1273 17.6826 23.2
      vertex 36.1273 17.6826 20
    endloop
  endfacet
  facet normal -0.450243 -0.892906 0
    outer loop
      vertex 26.6649 17.0147 20
      vertex 27.195 16.7474 23.2
      vertex 26.6649 17.0147 23.2
    endloop
  endfacet
  facet normal -0.450243 -0.892906 -0
    outer loop
      vertex 27.195 16.7474 23.2
      vertex 26.6649 17.0147 20
      vertex 27.195 16.7474 20
    endloop
  endfacet
  facet normal -0.994367 0.10599 0
    outer loop
      vertex 25 20.005 20
      vertex 25.0786 20.7424 23.2
      vertex 25.0786 20.7424 20
    endloop
  endfacet
  facet normal -0.994367 0.10599 0
    outer loop
      vertex 25.0786 20.7424 23.2
      vertex 25 20.005 20
      vertex 25 20.005 23.2
    endloop
  endfacet
  facet normal 0.967728 0.251997 0
    outer loop
      vertex 36.9497 20.5965 23.2
      vertex 36.8001 21.171 20
      vertex 36.8001 21.171 23.2
    endloop
  endfacet
  facet normal 0.967728 0.251997 0
    outer loop
      vertex 36.8001 21.171 20
      vertex 36.9497 20.5965 23.2
      vertex 36.9497 20.5965 20
    endloop
  endfacet
  facet normal -0.292783 -0.956179 0
    outer loop
      vertex 27.195 16.7474 20
      vertex 27.7626 16.5736 23.2
      vertex 27.195 16.7474 23.2
    endloop
  endfacet
  facet normal -0.292783 -0.956179 -0
    outer loop
      vertex 27.7626 16.5736 23.2
      vertex 27.195 16.7474 20
      vertex 27.7626 16.5736 20
    endloop
  endfacet
  facet normal 0.911167 0.412038 0
    outer loop
      vertex 36.8001 21.171 23.2
      vertex 36.5555 21.7119 20
      vertex 36.5555 21.7119 23.2
    endloop
  endfacet
  facet normal 0.911167 0.412038 0
    outer loop
      vertex 36.5555 21.7119 20
      vertex 36.8001 21.171 23.2
      vertex 36.8001 21.171 20
    endloop
  endfacet
  facet normal 0 1 -0
    outer loop
      vertex 33.5 23.505 20
      vertex 28.5 23.505 23.2
      vertex 33.5 23.505 23.2
    endloop
  endfacet
  facet normal 0 1 0
    outer loop
      vertex 28.5 23.505 23.2
      vertex 33.5 23.505 20
      vertex 28.5 23.505 20
    endloop
  endfacet
  facet normal -0.956179 0.292783 0
    outer loop
      vertex 25.0786 20.7424 20
      vertex 25.2524 21.31 23.2
      vertex 25.2524 21.31 20
    endloop
  endfacet
  facet normal -0.956179 0.292783 0
    outer loop
      vertex 25.2524 21.31 23.2
      vertex 25.0786 20.7424 20
      vertex 25.0786 20.7424 23.2
    endloop
  endfacet
  facet normal 0.956179 -0.292783 0
    outer loop
      vertex 36.7476 18.69 23.2
      vertex 36.9214 19.2576 20
      vertex 36.9214 19.2576 23.2
    endloop
  endfacet
  facet normal 0.956179 -0.292783 0
    outer loop
      vertex 36.9214 19.2576 20
      vertex 36.7476 18.69 23.2
      vertex 36.7476 18.69 20
    endloop
  endfacet
  facet normal -0.10599 -0.994367 0
    outer loop
      vertex 27.7626 16.5736 20
      vertex 28.5 16.495 23.2
      vertex 27.7626 16.5736 23.2
    endloop
  endfacet
  facet normal -0.10599 -0.994367 -0
    outer loop
      vertex 28.5 16.495 23.2
      vertex 27.7626 16.5736 20
      vertex 28.5 16.495 20
    endloop
  endfacet
  facet normal 0.10599 0.994367 -0
    outer loop
      vertex 34.2374 23.4264 20
      vertex 33.5 23.505 23.2
      vertex 34.2374 23.4264 23.2
    endloop
  endfacet
  facet normal 0.10599 0.994367 0
    outer loop
      vertex 33.5 23.505 23.2
      vertex 34.2374 23.4264 20
      vertex 33.5 23.505 20
    endloop
  endfacet
  facet normal 0.292783 0.956179 -0
    outer loop
      vertex 34.805 23.2526 20
      vertex 34.2374 23.4264 23.2
      vertex 34.805 23.2526 23.2
    endloop
  endfacet
  facet normal 0.292783 0.956179 0
    outer loop
      vertex 34.2374 23.4264 23.2
      vertex 34.805 23.2526 20
      vertex 34.2374 23.4264 20
    endloop
  endfacet
  facet normal -0.559898 0.828562 0
    outer loop
      vertex 26.7931 23.0605 20
      vertex 26.3012 22.7281 23.2
      vertex 26.7931 23.0605 23.2
    endloop
  endfacet
  facet normal -0.559898 0.828562 0
    outer loop
      vertex 26.3012 22.7281 23.2
      vertex 26.7931 23.0605 20
      vertex 26.3012 22.7281 20
    endloop
  endfacet
  facet normal -0.828562 -0.559898 0
    outer loop
      vertex 25.7769 17.7962 20
      vertex 25.4445 18.2881 23.2
      vertex 25.4445 18.2881 20
    endloop
  endfacet
  facet normal -0.828562 -0.559898 0
    outer loop
      vertex 25.4445 18.2881 23.2
      vertex 25.7769 17.7962 20
      vertex 25.7769 17.7962 23.2
    endloop
  endfacet
  facet normal 0.721943 0.691953 0
    outer loop
      vertex 36.2231 22.2038 23.2
      vertex 35.8124 22.6323 20
      vertex 35.8124 22.6323 23.2
    endloop
  endfacet
  facet normal 0.721943 0.691953 0
    outer loop
      vertex 35.8124 22.6323 20
      vertex 36.2231 22.2038 23.2
      vertex 36.2231 22.2038 20
    endloop
  endfacet
  facet normal 0.450243 0.892906 -0
    outer loop
      vertex 35.3351 22.9853 20
      vertex 34.805 23.2526 23.2
      vertex 35.3351 22.9853 23.2
    endloop
  endfacet
  facet normal 0.450243 0.892906 0
    outer loop
      vertex 34.805 23.2526 23.2
      vertex 35.3351 22.9853 20
      vertex 34.805 23.2526 20
    endloop
  endfacet
  facet normal 0 -1 0
    outer loop
      vertex 28.5 16.495 20
      vertex 33.5 16.495 23.2
      vertex 28.5 16.495 23.2
    endloop
  endfacet
  facet normal 0 -1 -0
    outer loop
      vertex 33.5 16.495 23.2
      vertex 28.5 16.495 20
      vertex 33.5 16.495 20
    endloop
  endfacet
  facet normal 0.996404 0.0847322 0
    outer loop
      vertex 37 20.005 23.2
      vertex 36.9497 20.5965 20
      vertex 36.9497 20.5965 23.2
    endloop
  endfacet
  facet normal 0.996404 0.0847322 0
    outer loop
      vertex 36.9497 20.5965 20
      vertex 37 20.005 23.2
      vertex 37 20.005 20
    endloop
  endfacet
  facet normal -0.594623 -0.804005 0
    outer loop
      vertex 26.1876 17.3677 20
      vertex 26.6649 17.0147 23.2
      vertex 26.1876 17.3677 23.2
    endloop
  endfacet
  facet normal -0.594623 -0.804005 -0
    outer loop
      vertex 26.6649 17.0147 23.2
      vertex 26.1876 17.3677 20
      vertex 26.6649 17.0147 20
    endloop
  endfacet
  facet normal -1 0 0
    outer loop
      vertex 25 19.995 20
      vertex 25 20.005 23.2
      vertex 25 20.005 20
    endloop
  endfacet
  facet normal -1 -0 0
    outer loop
      vertex 25 20.005 23.2
      vertex 25 19.995 20
      vertex 25 19.995 23.2
    endloop
  endfacet
  facet normal -0.721943 -0.691953 0
    outer loop
      vertex 26.1876 17.3677 20
      vertex 25.7769 17.7962 23.2
      vertex 25.7769 17.7962 20
    endloop
  endfacet
  facet normal -0.721943 -0.691953 0
    outer loop
      vertex 25.7769 17.7962 23.2
      vertex 26.1876 17.3677 20
      vertex 26.1876 17.3677 23.2
    endloop
  endfacet
  facet normal -0.911167 -0.412038 0
    outer loop
      vertex 25.4445 18.2881 20
      vertex 25.1999 18.829 23.2
      vertex 25.1999 18.829 20
    endloop
  endfacet
  facet normal -0.911167 -0.412038 0
    outer loop
      vertex 25.1999 18.829 23.2
      vertex 25.4445 18.2881 20
      vertex 25.4445 18.2881 23.2
    endloop
  endfacet
  facet normal 0.994367 -0.10599 0
    outer loop
      vertex 36.9214 19.2576 23.2
      vertex 37 19.995 20
      vertex 37 19.995 23.2
    endloop
  endfacet
  facet normal 0.994367 -0.10599 0
    outer loop
      vertex 37 19.995 20
      vertex 36.9214 19.2576 23.2
      vertex 36.9214 19.2576 20
    endloop
  endfacet
  facet normal 1 -0 0
    outer loop
      vertex 37 19.995 23.2
      vertex 37 20.005 20
      vertex 37 20.005 23.2
    endloop
  endfacet
  facet normal 1 0 0
    outer loop
      vertex 37 20.005 20
      vertex 37 19.995 23.2
      vertex 37 19.995 20
    endloop
  endfacet
  facet normal 0.828562 0.559898 0
    outer loop
      vertex 36.5555 21.7119 23.2
      vertex 36.2231 22.2038 20
      vertex 36.2231 22.2038 23.2
    endloop
  endfacet
  facet normal 0.828562 0.559898 0
    outer loop
      vertex 36.2231 22.2038 20
      vertex 36.5555 21.7119 23.2
      vertex 36.5555 21.7119 20
    endloop
  endfacet
  facet normal -0.691953 0.721943 0
    outer loop
      vertex 26.3012 22.7281 20
      vertex 25.8727 22.3174 23.2
      vertex 26.3012 22.7281 23.2
    endloop
  endfacet
  facet normal -0.691953 0.721943 0
    outer loop
      vertex 25.8727 22.3174 23.2
      vertex 26.3012 22.7281 20
      vertex 25.8727 22.3174 20
    endloop
  endfacet
  facet normal 0.559898 -0.828562 0
    outer loop
      vertex 35.2069 16.9395 20
      vertex 35.6988 17.2719 23.2
      vertex 35.2069 16.9395 23.2
    endloop
  endfacet
  facet normal 0.559898 -0.828562 0
    outer loop
      vertex 35.6988 17.2719 23.2
      vertex 35.2069 16.9395 20
      vertex 35.6988 17.2719 20
    endloop
  endfacet
  facet normal 0.892906 -0.450243 0
    outer loop
      vertex 36.4803 18.1599 23.2
      vertex 36.7476 18.69 20
      vertex 36.7476 18.69 23.2
    endloop
  endfacet
  facet normal 0.892906 -0.450243 0
    outer loop
      vertex 36.7476 18.69 20
      vertex 36.4803 18.1599 23.2
      vertex 36.4803 18.1599 20
    endloop
  endfacet
  facet normal 0.691953 -0.721943 0
    outer loop
      vertex 35.6988 17.2719 20
      vertex 36.1273 17.6826 23.2
      vertex 35.6988 17.2719 23.2
    endloop
  endfacet
  facet normal 0.691953 -0.721943 0
    outer loop
      vertex 36.1273 17.6826 23.2
      vertex 35.6988 17.2719 20
      vertex 36.1273 17.6826 20
    endloop
  endfacet
  facet normal -0.804005 0.594623 0
    outer loop
      vertex 25.5197 21.8401 20
      vertex 25.8727 22.3174 23.2
      vertex 25.8727 22.3174 20
    endloop
  endfacet
  facet normal -0.804005 0.594623 0
    outer loop
      vertex 25.8727 22.3174 23.2
      vertex 25.5197 21.8401 20
      vertex 25.5197 21.8401 23.2
    endloop
  endfacet
  facet normal 0.412038 -0.911167 0
    outer loop
      vertex 34.666 16.6949 20
      vertex 35.2069 16.9395 23.2
      vertex 34.666 16.6949 23.2
    endloop
  endfacet
  facet normal 0.412038 -0.911167 0
    outer loop
      vertex 35.2069 16.9395 23.2
      vertex 34.666 16.6949 20
      vertex 35.2069 16.9395 20
    endloop
  endfacet
  facet normal 0.251997 -0.967728 0
    outer loop
      vertex 34.0915 16.5453 20
      vertex 34.666 16.6949 23.2
      vertex 34.0915 16.5453 23.2
    endloop
  endfacet
  facet normal 0.251997 -0.967728 0
    outer loop
      vertex 34.666 16.6949 23.2
      vertex 34.0915 16.5453 20
      vertex 34.666 16.6949 20
    endloop
  endfacet
  facet normal 0.594623 0.804005 -0
    outer loop
      vertex 51.8124 22.6323 20
      vertex 51.3351 22.9853 23.2
      vertex 51.8124 22.6323 23.2
    endloop
  endfacet
  facet normal 0.594623 0.804005 0
    outer loop
      vertex 51.3351 22.9853 23.2
      vertex 51.8124 22.6323 20
      vertex 51.3351 22.9853 20
    endloop
  endfacet
  facet normal 0.0847322 -0.996404 0
    outer loop
      vertex 49.5 16.495 20
      vertex 50.0915 16.5453 23.2
      vertex 49.5 16.495 23.2
    endloop
  endfacet
  facet normal 0.0847322 -0.996404 0
    outer loop
      vertex 50.0915 16.5453 23.2
      vertex 49.5 16.495 20
      vertex 50.0915 16.5453 20
    endloop
  endfacet
  facet normal 0 0 1
    outer loop
      vertex 52.9497 20.5965 23.2
      vertex 53 19.995 23.2
      vertex 53 20.005 23.2
    endloop
  endfacet
  facet normal 0 0 1
    outer loop
      vertex 52.9497 20.5965 23.2
      vertex 52.9214 19.2576 23.2
      vertex 53 19.995 23.2
    endloop
  endfacet
  facet normal 0 0 1
    outer loop
      vertex 52.8001 21.171 23.2
      vertex 52.9214 19.2576 23.2
      vertex 52.9497 20.5965 23.2
    endloop
  endfacet
  facet normal 0 0 1
    outer loop
      vertex 52.8001 21.171 23.2
      vertex 52.7476 18.69 23.2
      vertex 52.9214 19.2576 23.2
    endloop
  endfacet
  facet normal 0 0 1
    outer loop
      vertex 52.5555 21.7119 23.2
      vertex 52.7476 18.69 23.2
      vertex 52.8001 21.171 23.2
    endloop
  endfacet
  facet normal 0 0 1
    outer loop
      vertex 52.5555 21.7119 23.2
      vertex 52.4803 18.1599 23.2
      vertex 52.7476 18.69 23.2
    endloop
  endfacet
  facet normal 0 0 1
    outer loop
      vertex 52.2231 22.2038 23.2
      vertex 52.4803 18.1599 23.2
      vertex 52.5555 21.7119 23.2
    endloop
  endfacet
  facet normal 0 0 1
    outer loop
      vertex 52.2231 22.2038 23.2
      vertex 52.1273 17.6826 23.2
      vertex 52.4803 18.1599 23.2
    endloop
  endfacet
  facet normal 0 0 1
    outer loop
      vertex 51.8124 22.6323 23.2
      vertex 52.1273 17.6826 23.2
      vertex 52.2231 22.2038 23.2
    endloop
  endfacet
  facet normal 0 0 1
    outer loop
      vertex 51.8124 22.6323 23.2
      vertex 51.6988 17.2719 23.2
      vertex 52.1273 17.6826 23.2
    endloop
  endfacet
  facet normal 0 0 1
    outer loop
      vertex 51.3351 22.9853 23.2
      vertex 51.6988 17.2719 23.2
      vertex 51.8124 22.6323 23.2
    endloop
  endfacet
  facet normal 0 0 1
    outer loop
      vertex 51.3351 22.9853 23.2
      vertex 51.2069 16.9395 23.2
      vertex 51.6988 17.2719 23.2
    endloop
  endfacet
  facet normal 0 0 1
    outer loop
      vertex 50.805 23.2526 23.2
      vertex 51.2069 16.9395 23.2
      vertex 51.3351 22.9853 23.2
    endloop
  endfacet
  facet normal 0 0 1
    outer loop
      vertex 50.805 23.2526 23.2
      vertex 50.666 16.6949 23.2
      vertex 51.2069 16.9395 23.2
    endloop
  endfacet
  facet normal 0 0 1
    outer loop
      vertex 50.2374 23.4264 23.2
      vertex 50.666 16.6949 23.2
      vertex 50.805 23.2526 23.2
    endloop
  endfacet
  facet normal 0 0 1
    outer loop
      vertex 50.2374 23.4264 23.2
      vertex 50.0915 16.5453 23.2
      vertex 50.666 16.6949 23.2
    endloop
  endfacet
  facet normal 0 0 1
    outer loop
      vertex 49.5 23.505 23.2
      vertex 50.0915 16.5453 23.2
      vertex 50.2374 23.4264 23.2
    endloop
  endfacet
  facet normal 0 0 1
    outer loop
      vertex 49.5 23.505 23.2
      vertex 49.5 16.495 23.2
      vertex 50.0915 16.5453 23.2
    endloop
  endfacet
  facet normal -0 0 1
    outer loop
      vertex 44.5 23.505 23.2
      vertex 49.5 16.495 23.2
      vertex 49.5 23.505 23.2
    endloop
  endfacet
  facet normal 0 0 1
    outer loop
      vertex 44.5 23.505 23.2
      vertex 44.5 16.495 23.2
      vertex 49.5 16.495 23.2
    endloop
  endfacet
  facet normal -0 0 1
    outer loop
      vertex 43.9085 23.4547 23.2
      vertex 44.5 16.495 23.2
      vertex 44.5 23.505 23.2
    endloop
  endfacet
  facet normal 0 0 1
    outer loop
      vertex 43.9085 23.4547 23.2
      vertex 43.7626 16.5736 23.2
      vertex 44.5 16.495 23.2
    endloop
  endfacet
  facet normal -0 0 1
    outer loop
      vertex 43.334 23.3051 23.2
      vertex 43.7626 16.5736 23.2
      vertex 43.9085 23.4547 23.2
    endloop
  endfacet
  facet normal 0 0 1
    outer loop
      vertex 43.334 23.3051 23.2
      vertex 43.195 16.7474 23.2
      vertex 43.7626 16.5736 23.2
    endloop
  endfacet
  facet normal -0 0 1
    outer loop
      vertex 42.7931 23.0605 23.2
      vertex 43.195 16.7474 23.2
      vertex 43.334 23.3051 23.2
    endloop
  endfacet
  facet normal 0 0 1
    outer loop
      vertex 42.7931 23.0605 23.2
      vertex 42.6649 17.0147 23.2
      vertex 43.195 16.7474 23.2
    endloop
  endfacet
  facet normal -0 0 1
    outer loop
      vertex 42.3012 22.7281 23.2
      vertex 42.6649 17.0147 23.2
      vertex 42.7931 23.0605 23.2
    endloop
  endfacet
  facet normal 0 0 1
    outer loop
      vertex 42.3012 22.7281 23.2
      vertex 42.1876 17.3677 23.2
      vertex 42.6649 17.0147 23.2
    endloop
  endfacet
  facet normal -0 0 1
    outer loop
      vertex 41.8727 22.3174 23.2
      vertex 42.1876 17.3677 23.2
      vertex 42.3012 22.7281 23.2
    endloop
  endfacet
  facet normal 0 0 1
    outer loop
      vertex 41.8727 22.3174 23.2
      vertex 41.7769 17.7962 23.2
      vertex 42.1876 17.3677 23.2
    endloop
  endfacet
  facet normal -0 0 1
    outer loop
      vertex 41.5197 21.8401 23.2
      vertex 41.7769 17.7962 23.2
      vertex 41.8727 22.3174 23.2
    endloop
  endfacet
  facet normal 0 0 1
    outer loop
      vertex 41.5197 21.8401 23.2
      vertex 41.4445 18.2881 23.2
      vertex 41.7769 17.7962 23.2
    endloop
  endfacet
  facet normal -0 0 1
    outer loop
      vertex 41.2524 21.31 23.2
      vertex 41.4445 18.2881 23.2
      vertex 41.5197 21.8401 23.2
    endloop
  endfacet
  facet normal 0 0 1
    outer loop
      vertex 41.2524 21.31 23.2
      vertex 41.1999 18.829 23.2
      vertex 41.4445 18.2881 23.2
    endloop
  endfacet
  facet normal -0 0 1
    outer loop
      vertex 41.0786 20.7424 23.2
      vertex 41.1999 18.829 23.2
      vertex 41.2524 21.31 23.2
    endloop
  endfacet
  facet normal 0 0 1
    outer loop
      vertex 41.0786 20.7424 23.2
      vertex 41.0503 19.4035 23.2
      vertex 41.1999 18.829 23.2
    endloop
  endfacet
  facet normal -0 0 1
    outer loop
      vertex 41 20.005 23.2
      vertex 41.0503 19.4035 23.2
      vertex 41.0786 20.7424 23.2
    endloop
  endfacet
  facet normal 0 0 1
    outer loop
      vertex 41.0503 19.4035 23.2
      vertex 41 20.005 23.2
      vertex 41 19.995 23.2
    endloop
  endfacet
  facet normal -0.412038 0.911167 0
    outer loop
      vertex 43.334 23.3051 20
      vertex 42.7931 23.0605 23.2
      vertex 43.334 23.3051 23.2
    endloop
  endfacet
  facet normal -0.412038 0.911167 0
    outer loop
      vertex 42.7931 23.0605 23.2
      vertex 43.334 23.3051 20
      vertex 42.7931 23.0605 20
    endloop
  endfacet
  facet normal -0.892906 0.450243 0
    outer loop
      vertex 41.2524 21.31 20
      vertex 41.5197 21.8401 23.2
      vertex 41.5197 21.8401 20
    endloop
  endfacet
  facet normal -0.892906 0.450243 0
    outer loop
      vertex 41.5197 21.8401 23.2
      vertex 41.2524 21.31 20
      vertex 41.2524 21.31 23.2
    endloop
  endfacet
  facet normal -0.0847322 0.996404 0
    outer loop
      vertex 44.5 23.505 20
      vertex 43.9085 23.4547 23.2
      vertex 44.5 23.505 23.2
    endloop
  endfacet
  facet normal -0.0847322 0.996404 0
    outer loop
      vertex 43.9085 23.4547 23.2
      vertex 44.5 23.505 20
      vertex 43.9085 23.4547 20
    endloop
  endfacet
  facet normal -0.251997 0.967728 0
    outer loop
      vertex 43.9085 23.4547 20
      vertex 43.334 23.3051 23.2
      vertex 43.9085 23.4547 23.2
    endloop
  endfacet
  facet normal -0.251997 0.967728 0
    outer loop
      vertex 43.334 23.3051 23.2
      vertex 43.9085 23.4547 20
      vertex 43.334 23.3051 20
    endloop
  endfacet
  facet normal -0.996404 -0.0847322 0
    outer loop
      vertex 41.0503 19.4035 20
      vertex 41 19.995 23.2
      vertex 41 19.995 20
    endloop
  endfacet
  facet normal -0.996404 -0.0847322 0
    outer loop
      vertex 41 19.995 23.2
      vertex 41.0503 19.4035 20
      vertex 41.0503 19.4035 23.2
    endloop
  endfacet
  facet normal 0.804005 -0.594623 0
    outer loop
      vertex 52.1273 17.6826 23.2
      vertex 52.4803 18.1599 20
      vertex 52.4803 18.1599 23.2
    endloop
  endfacet
  facet normal 0.804005 -0.594623 0
    outer loop
      vertex 52.4803 18.1599 20
      vertex 52.1273 17.6826 23.2
      vertex 52.1273 17.6826 20
    endloop
  endfacet
  facet normal -0.450243 -0.892906 0
    outer loop
      vertex 42.6649 17.0147 20
      vertex 43.195 16.7474 23.2
      vertex 42.6649 17.0147 23.2
    endloop
  endfacet
  facet normal -0.450243 -0.892906 -0
    outer loop
      vertex 43.195 16.7474 23.2
      vertex 42.6649 17.0147 20
      vertex 43.195 16.7474 20
    endloop
  endfacet
  facet normal -0.994367 0.10599 0
    outer loop
      vertex 41 20.005 20
      vertex 41.0786 20.7424 23.2
      vertex 41.0786 20.7424 20
    endloop
  endfacet
  facet normal -0.994367 0.10599 0
    outer loop
      vertex 41.0786 20.7424 23.2
      vertex 41 20.005 20
      vertex 41 20.005 23.2
    endloop
  endfacet
  facet normal 0.967728 0.251997 0
    outer loop
      vertex 52.9497 20.5965 23.2
      vertex 52.8001 21.171 20
      vertex 52.8001 21.171 23.2
    endloop
  endfacet
  facet normal 0.967728 0.251997 0
    outer loop
      vertex 52.8001 21.171 20
      vertex 52.9497 20.5965 23.2
      vertex 52.9497 20.5965 20
    endloop
  endfacet
  facet normal -0.292783 -0.956179 0
    outer loop
      vertex 43.195 16.7474 20
      vertex 43.7626 16.5736 23.2
      vertex 43.195 16.7474 23.2
    endloop
  endfacet
  facet normal -0.292783 -0.956179 -0
    outer loop
      vertex 43.7626 16.5736 23.2
      vertex 43.195 16.7474 20
      vertex 43.7626 16.5736 20
    endloop
  endfacet
  facet normal 0.911167 0.412038 0
    outer loop
      vertex 52.8001 21.171 23.2
      vertex 52.5555 21.7119 20
      vertex 52.5555 21.7119 23.2
    endloop
  endfacet
  facet normal 0.911167 0.412038 0
    outer loop
      vertex 52.5555 21.7119 20
      vertex 52.8001 21.171 23.2
      vertex 52.8001 21.171 20
    endloop
  endfacet
  facet normal 0 1 -0
    outer loop
      vertex 49.5 23.505 20
      vertex 44.5 23.505 23.2
      vertex 49.5 23.505 23.2
    endloop
  endfacet
  facet normal 0 1 0
    outer loop
      vertex 44.5 23.505 23.2
      vertex 49.5 23.505 20
      vertex 44.5 23.505 20
    endloop
  endfacet
  facet normal -0.956179 0.292783 0
    outer loop
      vertex 41.0786 20.7424 20
      vertex 41.2524 21.31 23.2
      vertex 41.2524 21.31 20
    endloop
  endfacet
  facet normal -0.956179 0.292783 0
    outer loop
      vertex 41.2524 21.31 23.2
      vertex 41.0786 20.7424 20
      vertex 41.0786 20.7424 23.2
    endloop
  endfacet
  facet normal 0.956179 -0.292783 0
    outer loop
      vertex 52.7476 18.69 23.2
      vertex 52.9214 19.2576 20
      vertex 52.9214 19.2576 23.2
    endloop
  endfacet
  facet normal 0.956179 -0.292783 0
    outer loop
      vertex 52.9214 19.2576 20
      vertex 52.7476 18.69 23.2
      vertex 52.7476 18.69 20
    endloop
  endfacet
  facet normal -0.10599 -0.994367 0
    outer loop
      vertex 43.7626 16.5736 20
      vertex 44.5 16.495 23.2
      vertex 43.7626 16.5736 23.2
    endloop
  endfacet
  facet normal -0.10599 -0.994367 -0
    outer loop
      vertex 44.5 16.495 23.2
      vertex 43.7626 16.5736 20
      vertex 44.5 16.495 20
    endloop
  endfacet
  facet normal 0.10599 0.994367 -0
    outer loop
      vertex 50.2374 23.4264 20
      vertex 49.5 23.505 23.2
      vertex 50.2374 23.4264 23.2
    endloop
  endfacet
  facet normal 0.10599 0.994367 0
    outer loop
      vertex 49.5 23.505 23.2
      vertex 50.2374 23.4264 20
      vertex 49.5 23.505 20
    endloop
  endfacet
  facet normal 0.292783 0.956179 -0
    outer loop
      vertex 50.805 23.2526 20
      vertex 50.2374 23.4264 23.2
      vertex 50.805 23.2526 23.2
    endloop
  endfacet
  facet normal 0.292783 0.956179 0
    outer loop
      vertex 50.2374 23.4264 23.2
      vertex 50.805 23.2526 20
      vertex 50.2374 23.4264 20
    endloop
  endfacet
  facet normal -0.559898 0.828562 0
    outer loop
      vertex 42.7931 23.0605 20
      vertex 42.3012 22.7281 23.2
      vertex 42.7931 23.0605 23.2
    endloop
  endfacet
  facet normal -0.559898 0.828562 0
    outer loop
      vertex 42.3012 22.7281 23.2
      vertex 42.7931 23.0605 20
      vertex 42.3012 22.7281 20
    endloop
  endfacet
  facet normal -0.828562 -0.559898 0
    outer loop
      vertex 41.7769 17.7962 20
      vertex 41.4445 18.2881 23.2
      vertex 41.4445 18.2881 20
    endloop
  endfacet
  facet normal -0.828562 -0.559898 0
    outer loop
      vertex 41.4445 18.2881 23.2
      vertex 41.7769 17.7962 20
      vertex 41.7769 17.7962 23.2
    endloop
  endfacet
  facet normal 0.721943 0.691953 0
    outer loop
      vertex 52.2231 22.2038 23.2
      vertex 51.8124 22.6323 20
      vertex 51.8124 22.6323 23.2
    endloop
  endfacet
  facet normal 0.721943 0.691953 0
    outer loop
      vertex 51.8124 22.6323 20
      vertex 52.2231 22.2038 23.2
      vertex 52.2231 22.2038 20
    endloop
  endfacet
  facet normal 0.450243 0.892906 -0
    outer loop
      vertex 51.3351 22.9853 20
      vertex 50.805 23.2526 23.2
      vertex 51.3351 22.9853 23.2
    endloop
  endfacet
  facet normal 0.450243 0.892906 0
    outer loop
      vertex 50.805 23.2526 23.2
      vertex 51.3351 22.9853 20
      vertex 50.805 23.2526 20
    endloop
  endfacet
  facet normal 0 -1 0
    outer loop
      vertex 44.5 16.495 20
      vertex 49.5 16.495 23.2
      vertex 44.5 16.495 23.2
    endloop
  endfacet
  facet normal 0 -1 -0
    outer loop
      vertex 49.5 16.495 23.2
      vertex 44.5 16.495 20
      vertex 49.5 16.495 20
    endloop
  endfacet
  facet normal 0.996404 0.0847322 0
    outer loop
      vertex 53 20.005 23.2
      vertex 52.9497 20.5965 20
      vertex 52.9497 20.5965 23.2
    endloop
  endfacet
  facet normal 0.996404 0.0847322 0
    outer loop
      vertex 52.9497 20.5965 20
      vertex 53 20.005 23.2
      vertex 53 20.005 20
    endloop
  endfacet
  facet normal -0.594623 -0.804005 0
    outer loop
      vertex 42.1876 17.3677 20
      vertex 42.6649 17.0147 23.2
      vertex 42.1876 17.3677 23.2
    endloop
  endfacet
  facet normal -0.594623 -0.804005 -0
    outer loop
      vertex 42.6649 17.0147 23.2
      vertex 42.1876 17.3677 20
      vertex 42.6649 17.0147 20
    endloop
  endfacet
  facet normal -1 0 0
    outer loop
      vertex 41 19.995 20
      vertex 41 20.005 23.2
      vertex 41 20.005 20
    endloop
  endfacet
  facet normal -1 -0 0
    outer loop
      vertex 41 20.005 23.2
      vertex 41 19.995 20
      vertex 41 19.995 23.2
    endloop
  endfacet
  facet normal -0.721943 -0.691953 0
    outer loop
      vertex 42.1876 17.3677 20
      vertex 41.7769 17.7962 23.2
      vertex 41.7769 17.7962 20
    endloop
  endfacet
  facet normal -0.721943 -0.691953 0
    outer loop
      vertex 41.7769 17.7962 23.2
      vertex 42.1876 17.3677 20
      vertex 42.1876 17.3677 23.2
    endloop
  endfacet
  facet normal -0.911167 -0.412038 0
    outer loop
      vertex 41.4445 18.2881 20
      vertex 41.1999 18.829 23.2
      vertex 41.1999 18.829 20
    endloop
  endfacet
  facet normal -0.911167 -0.412038 0
    outer loop
      vertex 41.1999 18.829 23.2
      vertex 41.4445 18.2881 20
      vertex 41.4445 18.2881 23.2
    endloop
  endfacet
  facet normal 0.994367 -0.10599 0
    outer loop
      vertex 52.9214 19.2576 23.2
      vertex 53 19.995 20
      vertex 53 19.995 23.2
    endloop
  endfacet
  facet normal 0.994367 -0.10599 0
    outer loop
      vertex 53 19.995 20
      vertex 52.9214 19.2576 23.2
      vertex 52.9214 19.2576 20
    endloop
  endfacet
  facet normal 1 -0 0
    outer loop
      vertex 53 19.995 23.2
      vertex 53 20.005 20
      vertex 53 20.005 23.2
    endloop
  endfacet
  facet normal 1 0 0
    outer loop
      vertex 53 20.005 20
      vertex 53 19.995 23.2
      vertex 53 19.995 20
    endloop
  endfacet
  facet normal -0.967728 -0.251997 0
    outer loop
      vertex 41.1999 18.829 20
      vertex 41.0503 19.4035 23.2
      vertex 41.0503 19.4035 20
    endloop
  endfacet
  facet normal -0.967728 -0.251997 0
    outer loop
      vertex 41.0503 19.4035 23.2
      vertex 41.1999 18.829 20
      vertex 41.1999 18.829 23.2
    endloop
  endfacet
  facet normal 0.828562 0.559898 0
    outer loop
      vertex 52.5555 21.7119 23.2
      vertex 52.2231 22.2038 20
      vertex 52.2231 22.2038 23.2
    endloop
  endfacet
  facet normal 0.828562 0.559898 0
    outer loop
      vertex 52.2231 22.2038 20
      vertex 52.5555 21.7119 23.2
      vertex 52.5555 21.7119 20
    endloop
  endfacet
  facet normal -0.691953 0.721943 0
    outer loop
      vertex 42.3012 22.7281 20
      vertex 41.8727 22.3174 23.2
      vertex 42.3012 22.7281 23.2
    endloop
  endfacet
  facet normal -0.691953 0.721943 0
    outer loop
      vertex 41.8727 22.3174 23.2
      vertex 42.3012 22.7281 20
      vertex 41.8727 22.3174 20
    endloop
  endfacet
  facet normal 0.559898 -0.828562 0
    outer loop
      vertex 51.2069 16.9395 20
      vertex 51.6988 17.2719 23.2
      vertex 51.2069 16.9395 23.2
    endloop
  endfacet
  facet normal 0.559898 -0.828562 0
    outer loop
      vertex 51.6988 17.2719 23.2
      vertex 51.2069 16.9395 20
      vertex 51.6988 17.2719 20
    endloop
  endfacet
  facet normal 0.892906 -0.450243 0
    outer loop
      vertex 52.4803 18.1599 23.2
      vertex 52.7476 18.69 20
      vertex 52.7476 18.69 23.2
    endloop
  endfacet
  facet normal 0.892906 -0.450243 0
    outer loop
      vertex 52.7476 18.69 20
      vertex 52.4803 18.1599 23.2
      vertex 52.4803 18.1599 20
    endloop
  endfacet
  facet normal 0.691953 -0.721943 0
    outer loop
      vertex 51.6988 17.2719 20
      vertex 52.1273 17.6826 23.2
      vertex 51.6988 17.2719 23.2
    endloop
  endfacet
  facet normal 0.691953 -0.721943 0
    outer loop
      vertex 52.1273 17.6826 23.2
      vertex 51.6988 17.2719 20
      vertex 52.1273 17.6826 20
    endloop
  endfacet
  facet normal 0.412038 -0.911167 0
    outer loop
      vertex 50.666 16.6949 20
      vertex 51.2069 16.9395 23.2
      vertex 50.666 16.6949 23.2
    endloop
  endfacet
  facet normal 0.412038 -0.911167 0
    outer loop
      vertex 51.2069 16.9395 23.2
      vertex 50.666 16.6949 20
      vertex 51.2069 16.9395 20
    endloop
  endfacet
  facet normal -0.804005 0.594623 0
    outer loop
      vertex 41.5197 21.8401 20
      vertex 41.8727 22.3174 23.2
      vertex 41.8727 22.3174 20
    endloop
  endfacet
  facet normal -0.804005 0.594623 0
    outer loop
      vertex 41.8727 22.3174 23.2
      vertex 41.5197 21.8401 20
      vertex 41.5197 21.8401 23.2
    endloop
  endfacet
  facet normal 0.251997 -0.967728 0
    outer loop
      vertex 50.0915 16.5453 20
      vertex 50.666 16.6949 23.2
      vertex 50.0915 16.5453 23.2
    endloop
  endfacet
  facet normal 0.251997 -0.967728 0
    outer loop
      vertex 50.666 16.6949 23.2
      vertex 50.0915 16.5453 20
      vertex 50.666 16.6949 20
    endloop
  endfacet
  facet normal 0.594623 0.804005 -0
    outer loop
      vertex 67.8124 22.6323 20
      vertex 67.3351 22.9853 23.2
      vertex 67.8124 22.6323 23.2
    endloop
  endfacet
  facet normal 0.594623 0.804005 0
    outer loop
      vertex 67.3351 22.9853 23.2
      vertex 67.8124 22.6323 20
      vertex 67.3351 22.9853 20
    endloop
  endfacet
  facet normal 0.0847322 -0.996404 0
    outer loop
      vertex 65.5 16.495 20
      vertex 66.0915 16.5453 23.2
      vertex 65.5 16.495 23.2
    endloop
  endfacet
  facet normal 0.0847322 -0.996404 0
    outer loop
      vertex 66.0915 16.5453 23.2
      vertex 65.5 16.495 20
      vertex 66.0915 16.5453 20
    endloop
  endfacet
  facet normal 0 0 1
    outer loop
      vertex 68.9497 20.5965 23.2
      vertex 69 19.995 23.2
      vertex 69 20.005 23.2
    endloop
  endfacet
  facet normal 0 0 1
    outer loop
      vertex 68.9497 20.5965 23.2
      vertex 68.9214 19.2576 23.2
      vertex 69 19.995 23.2
    endloop
  endfacet
  facet normal 0 0 1
    outer loop
      vertex 68.8001 21.171 23.2
      vertex 68.9214 19.2576 23.2
      vertex 68.9497 20.5965 23.2
    endloop
  endfacet
  facet normal 0 0 1
    outer loop
      vertex 68.8001 21.171 23.2
      vertex 68.7476 18.69 23.2
      vertex 68.9214 19.2576 23.2
    endloop
  endfacet
  facet normal 0 0 1
    outer loop
      vertex 68.5555 21.7119 23.2
      vertex 68.7476 18.69 23.2
      vertex 68.8001 21.171 23.2
    endloop
  endfacet
  facet normal 0 0 1
    outer loop
      vertex 68.5555 21.7119 23.2
      vertex 68.4803 18.1599 23.2
      vertex 68.7476 18.69 23.2
    endloop
  endfacet
  facet normal 0 0 1
    outer loop
      vertex 68.2231 22.2038 23.2
      vertex 68.4803 18.1599 23.2
      vertex 68.5555 21.7119 23.2
    endloop
  endfacet
  facet normal 0 0 1
    outer loop
      vertex 68.2231 22.2038 23.2
      vertex 68.1273 17.6826 23.2
      vertex 68.4803 18.1599 23.2
    endloop
  endfacet
  facet normal 0 0 1
    outer loop
      vertex 67.8124 22.6323 23.2
      vertex 68.1273 17.6826 23.2
      vertex 68.2231 22.2038 23.2
    endloop
  endfacet
  facet normal 0 0 1
    outer loop
      vertex 67.8124 22.6323 23.2
      vertex 67.6988 17.2719 23.2
      vertex 68.1273 17.6826 23.2
    endloop
  endfacet
  facet normal 0 0 1
    outer loop
      vertex 67.3351 22.9853 23.2
      vertex 67.6988 17.2719 23.2
      vertex 67.8124 22.6323 23.2
    endloop
  endfacet
  facet normal 0 0 1
    outer loop
      vertex 67.3351 22.9853 23.2
      vertex 67.2069 16.9395 23.2
      vertex 67.6988 17.2719 23.2
    endloop
  endfacet
  facet normal 0 0 1
    outer loop
      vertex 66.805 23.2526 23.2
      vertex 67.2069 16.9395 23.2
      vertex 67.3351 22.9853 23.2
    endloop
  endfacet
  facet normal 0 0 1
    outer loop
      vertex 66.805 23.2526 23.2
      vertex 66.666 16.6949 23.2
      vertex 67.2069 16.9395 23.2
    endloop
  endfacet
  facet normal 0 0 1
    outer loop
      vertex 66.2374 23.4264 23.2
      vertex 66.666 16.6949 23.2
      vertex 66.805 23.2526 23.2
    endloop
  endfacet
  facet normal 0 0 1
    outer loop
      vertex 66.2374 23.4264 23.2
      vertex 66.0915 16.5453 23.2
      vertex 66.666 16.6949 23.2
    endloop
  endfacet
  facet normal 0 0 1
    outer loop
      vertex 65.5 23.505 23.2
      vertex 66.0915 16.5453 23.2
      vertex 66.2374 23.4264 23.2
    endloop
  endfacet
  facet normal 0 0 1
    outer loop
      vertex 65.5 23.505 23.2
      vertex 65.5 16.495 23.2
      vertex 66.0915 16.5453 23.2
    endloop
  endfacet
  facet normal -0 0 1
    outer loop
      vertex 60.5 23.505 23.2
      vertex 65.5 16.495 23.2
      vertex 65.5 23.505 23.2
    endloop
  endfacet
  facet normal 0 0 1
    outer loop
      vertex 60.5 23.505 23.2
      vertex 60.5 16.495 23.2
      vertex 65.5 16.495 23.2
    endloop
  endfacet
  facet normal -0 0 1
    outer loop
      vertex 59.9085 23.4547 23.2
      vertex 60.5 16.495 23.2
      vertex 60.5 23.505 23.2
    endloop
  endfacet
  facet normal 0 0 1
    outer loop
      vertex 59.9085 23.4547 23.2
      vertex 59.7626 16.5736 23.2
      vertex 60.5 16.495 23.2
    endloop
  endfacet
  facet normal -0 0 1
    outer loop
      vertex 59.334 23.3051 23.2
      vertex 59.7626 16.5736 23.2
      vertex 59.9085 23.4547 23.2
    endloop
  endfacet
  facet normal 0 0 1
    outer loop
      vertex 59.334 23.3051 23.2
      vertex 59.195 16.7474 23.2
      vertex 59.7626 16.5736 23.2
    endloop
  endfacet
  facet normal -0 0 1
    outer loop
      vertex 58.7931 23.0605 23.2
      vertex 59.195 16.7474 23.2
      vertex 59.334 23.3051 23.2
    endloop
  endfacet
  facet normal 0 0 1
    outer loop
      vertex 58.7931 23.0605 23.2
      vertex 58.6649 17.0147 23.2
      vertex 59.195 16.7474 23.2
    endloop
  endfacet
  facet normal -0 0 1
    outer loop
      vertex 58.3012 22.7281 23.2
      vertex 58.6649 17.0147 23.2
      vertex 58.7931 23.0605 23.2
    endloop
  endfacet
  facet normal 0 0 1
    outer loop
      vertex 58.3012 22.7281 23.2
      vertex 58.1876 17.3677 23.2
      vertex 58.6649 17.0147 23.2
    endloop
  endfacet
  facet normal -0 0 1
    outer loop
      vertex 57.8727 22.3174 23.2
      vertex 58.1876 17.3677 23.2
      vertex 58.3012 22.7281 23.2
    endloop
  endfacet
  facet normal 0 0 1
    outer loop
      vertex 57.8727 22.3174 23.2
      vertex 57.7769 17.7962 23.2
      vertex 58.1876 17.3677 23.2
    endloop
  endfacet
  facet normal -0 0 1
    outer loop
      vertex 57.5197 21.8401 23.2
      vertex 57.7769 17.7962 23.2
      vertex 57.8727 22.3174 23.2
    endloop
  endfacet
  facet normal 0 0 1
    outer loop
      vertex 57.5197 21.8401 23.2
      vertex 57.4445 18.2881 23.2
      vertex 57.7769 17.7962 23.2
    endloop
  endfacet
  facet normal -0 0 1
    outer loop
      vertex 57.2524 21.31 23.2
      vertex 57.4445 18.2881 23.2
      vertex 57.5197 21.8401 23.2
    endloop
  endfacet
  facet normal 0 0 1
    outer loop
      vertex 57.2524 21.31 23.2
      vertex 57.1999 18.829 23.2
      vertex 57.4445 18.2881 23.2
    endloop
  endfacet
  facet normal -0 0 1
    outer loop
      vertex 57.0786 20.7424 23.2
      vertex 57.1999 18.829 23.2
      vertex 57.2524 21.31 23.2
    endloop
  endfacet
  facet normal 0 0 1
    outer loop
      vertex 57.0786 20.7424 23.2
      vertex 57.0503 19.4035 23.2
      vertex 57.1999 18.829 23.2
    endloop
  endfacet
  facet normal -0 0 1
    outer loop
      vertex 57 20.005 23.2
      vertex 57.0503 19.4035 23.2
      vertex 57.0786 20.7424 23.2
    endloop
  endfacet
  facet normal 0 0 1
    outer loop
      vertex 57.0503 19.4035 23.2
      vertex 57 20.005 23.2
      vertex 57 19.995 23.2
    endloop
  endfacet
  facet normal -0.412038 0.911167 0
    outer loop
      vertex 59.334 23.3051 20
      vertex 58.7931 23.0605 23.2
      vertex 59.334 23.3051 23.2
    endloop
  endfacet
  facet normal -0.412038 0.911167 0
    outer loop
      vertex 58.7931 23.0605 23.2
      vertex 59.334 23.3051 20
      vertex 58.7931 23.0605 20
    endloop
  endfacet
  facet normal -0.967728 -0.251997 0
    outer loop
      vertex 57.1999 18.829 20
      vertex 57.0503 19.4035 23.2
      vertex 57.0503 19.4035 20
    endloop
  endfacet
  facet normal -0.967728 -0.251997 0
    outer loop
      vertex 57.0503 19.4035 23.2
      vertex 57.1999 18.829 20
      vertex 57.1999 18.829 23.2
    endloop
  endfacet
  facet normal -0.892906 0.450243 0
    outer loop
      vertex 57.2524 21.31 20
      vertex 57.5197 21.8401 23.2
      vertex 57.5197 21.8401 20
    endloop
  endfacet
  facet normal -0.892906 0.450243 0
    outer loop
      vertex 57.5197 21.8401 23.2
      vertex 57.2524 21.31 20
      vertex 57.2524 21.31 23.2
    endloop
  endfacet
  facet normal -0.0847322 0.996404 0
    outer loop
      vertex 60.5 23.505 20
      vertex 59.9085 23.4547 23.2
      vertex 60.5 23.505 23.2
    endloop
  endfacet
  facet normal -0.0847322 0.996404 0
    outer loop
      vertex 59.9085 23.4547 23.2
      vertex 60.5 23.505 20
      vertex 59.9085 23.4547 20
    endloop
  endfacet
  facet normal -0.251997 0.967728 0
    outer loop
      vertex 59.9085 23.4547 20
      vertex 59.334 23.3051 23.2
      vertex 59.9085 23.4547 23.2
    endloop
  endfacet
  facet normal -0.251997 0.967728 0
    outer loop
      vertex 59.334 23.3051 23.2
      vertex 59.9085 23.4547 20
      vertex 59.334 23.3051 20
    endloop
  endfacet
  facet normal -0.996404 -0.0847322 0
    outer loop
      vertex 57.0503 19.4035 20
      vertex 57 19.995 23.2
      vertex 57 19.995 20
    endloop
  endfacet
  facet normal -0.996404 -0.0847322 0
    outer loop
      vertex 57 19.995 23.2
      vertex 57.0503 19.4035 20
      vertex 57.0503 19.4035 23.2
    endloop
  endfacet
  facet normal 0.804005 -0.594623 0
    outer loop
      vertex 68.1273 17.6826 23.2
      vertex 68.4803 18.1599 20
      vertex 68.4803 18.1599 23.2
    endloop
  endfacet
  facet normal 0.804005 -0.594623 0
    outer loop
      vertex 68.4803 18.1599 20
      vertex 68.1273 17.6826 23.2
      vertex 68.1273 17.6826 20
    endloop
  endfacet
  facet normal 0.828562 0.559898 0
    outer loop
      vertex 68.5555 21.7119 23.2
      vertex 68.2231 22.2038 20
      vertex 68.2231 22.2038 23.2
    endloop
  endfacet
  facet normal 0.828562 0.559898 0
    outer loop
      vertex 68.2231 22.2038 20
      vertex 68.5555 21.7119 23.2
      vertex 68.5555 21.7119 20
    endloop
  endfacet
  facet normal -0.450243 -0.892906 0
    outer loop
      vertex 58.6649 17.0147 20
      vertex 59.195 16.7474 23.2
      vertex 58.6649 17.0147 23.2
    endloop
  endfacet
  facet normal -0.450243 -0.892906 -0
    outer loop
      vertex 59.195 16.7474 23.2
      vertex 58.6649 17.0147 20
      vertex 59.195 16.7474 20
    endloop
  endfacet
  facet normal -0.994367 0.10599 0
    outer loop
      vertex 57 20.005 20
      vertex 57.0786 20.7424 23.2
      vertex 57.0786 20.7424 20
    endloop
  endfacet
  facet normal -0.994367 0.10599 0
    outer loop
      vertex 57.0786 20.7424 23.2
      vertex 57 20.005 20
      vertex 57 20.005 23.2
    endloop
  endfacet
  facet normal 0.967728 0.251997 0
    outer loop
      vertex 68.9497 20.5965 23.2
      vertex 68.8001 21.171 20
      vertex 68.8001 21.171 23.2
    endloop
  endfacet
  facet normal 0.967728 0.251997 0
    outer loop
      vertex 68.8001 21.171 20
      vertex 68.9497 20.5965 23.2
      vertex 68.9497 20.5965 20
    endloop
  endfacet
  facet normal -0.292783 -0.956179 0
    outer loop
      vertex 59.195 16.7474 20
      vertex 59.7626 16.5736 23.2
      vertex 59.195 16.7474 23.2
    endloop
  endfacet
  facet normal -0.292783 -0.956179 -0
    outer loop
      vertex 59.7626 16.5736 23.2
      vertex 59.195 16.7474 20
      vertex 59.7626 16.5736 20
    endloop
  endfacet
  facet normal 0.911167 0.412038 0
    outer loop
      vertex 68.8001 21.171 23.2
      vertex 68.5555 21.7119 20
      vertex 68.5555 21.7119 23.2
    endloop
  endfacet
  facet normal 0.911167 0.412038 0
    outer loop
      vertex 68.5555 21.7119 20
      vertex 68.8001 21.171 23.2
      vertex 68.8001 21.171 20
    endloop
  endfacet
  facet normal 0 1 -0
    outer loop
      vertex 65.5 23.505 20
      vertex 60.5 23.505 23.2
      vertex 65.5 23.505 23.2
    endloop
  endfacet
  facet normal 0 1 0
    outer loop
      vertex 60.5 23.505 23.2
      vertex 65.5 23.505 20
      vertex 60.5 23.505 20
    endloop
  endfacet
  facet normal -0.956179 0.292783 0
    outer loop
      vertex 57.0786 20.7424 20
      vertex 57.2524 21.31 23.2
      vertex 57.2524 21.31 20
    endloop
  endfacet
  facet normal -0.956179 0.292783 0
    outer loop
      vertex 57.2524 21.31 23.2
      vertex 57.0786 20.7424 20
      vertex 57.0786 20.7424 23.2
    endloop
  endfacet
  facet normal 0.956179 -0.292783 0
    outer loop
      vertex 68.7476 18.69 23.2
      vertex 68.9214 19.2576 20
      vertex 68.9214 19.2576 23.2
    endloop
  endfacet
  facet normal 0.956179 -0.292783 0
    outer loop
      vertex 68.9214 19.2576 20
      vertex 68.7476 18.69 23.2
      vertex 68.7476 18.69 20
    endloop
  endfacet
  facet normal -0.10599 -0.994367 0
    outer loop
      vertex 59.7626 16.5736 20
      vertex 60.5 16.495 23.2
      vertex 59.7626 16.5736 23.2
    endloop
  endfacet
  facet normal -0.10599 -0.994367 -0
    outer loop
      vertex 60.5 16.495 23.2
      vertex 59.7626 16.5736 20
      vertex 60.5 16.495 20
    endloop
  endfacet
  facet normal 0.10599 0.994367 -0
    outer loop
      vertex 66.2374 23.4264 20
      vertex 65.5 23.505 23.2
      vertex 66.2374 23.4264 23.2
    endloop
  endfacet
  facet normal 0.10599 0.994367 0
    outer loop
      vertex 65.5 23.505 23.2
      vertex 66.2374 23.4264 20
      vertex 65.5 23.505 20
    endloop
  endfacet
  facet normal 0.292783 0.956179 -0
    outer loop
      vertex 66.805 23.2526 20
      vertex 66.2374 23.4264 23.2
      vertex 66.805 23.2526 23.2
    endloop
  endfacet
  facet normal 0.292783 0.956179 0
    outer loop
      vertex 66.2374 23.4264 23.2
      vertex 66.805 23.2526 20
      vertex 66.2374 23.4264 20
    endloop
  endfacet
  facet normal -0.559898 0.828562 0
    outer loop
      vertex 58.7931 23.0605 20
      vertex 58.3012 22.7281 23.2
      vertex 58.7931 23.0605 23.2
    endloop
  endfacet
  facet normal -0.559898 0.828562 0
    outer loop
      vertex 58.3012 22.7281 23.2
      vertex 58.7931 23.0605 20
      vertex 58.3012 22.7281 20
    endloop
  endfacet
  facet normal -0.828562 -0.559898 0
    outer loop
      vertex 57.7769 17.7962 20
      vertex 57.4445 18.2881 23.2
      vertex 57.4445 18.2881 20
    endloop
  endfacet
  facet normal -0.828562 -0.559898 0
    outer loop
      vertex 57.4445 18.2881 23.2
      vertex 57.7769 17.7962 20
      vertex 57.7769 17.7962 23.2
    endloop
  endfacet
  facet normal 0.721943 0.691953 0
    outer loop
      vertex 68.2231 22.2038 23.2
      vertex 67.8124 22.6323 20
      vertex 67.8124 22.6323 23.2
    endloop
  endfacet
  facet normal 0.721943 0.691953 0
    outer loop
      vertex 67.8124 22.6323 20
      vertex 68.2231 22.2038 23.2
      vertex 68.2231 22.2038 20
    endloop
  endfacet
  facet normal 0.450243 0.892906 -0
    outer loop
      vertex 67.3351 22.9853 20
      vertex 66.805 23.2526 23.2
      vertex 67.3351 22.9853 23.2
    endloop
  endfacet
  facet normal 0.450243 0.892906 0
    outer loop
      vertex 66.805 23.2526 23.2
      vertex 67.3351 22.9853 20
      vertex 66.805 23.2526 20
    endloop
  endfacet
  facet normal 0 -1 0
    outer loop
      vertex 60.5 16.495 20
      vertex 65.5 16.495 23.2
      vertex 60.5 16.495 23.2
    endloop
  endfacet
  facet normal 0 -1 -0
    outer loop
      vertex 65.5 16.495 23.2
      vertex 60.5 16.495 20
      vertex 65.5 16.495 20
    endloop
  endfacet
  facet normal 0.996404 0.0847322 0
    outer loop
      vertex 69 20.005 23.2
      vertex 68.9497 20.5965 20
      vertex 68.9497 20.5965 23.2
    endloop
  endfacet
  facet normal 0.996404 0.0847322 0
    outer loop
      vertex 68.9497 20.5965 20
      vertex 69 20.005 23.2
      vertex 69 20.005 20
    endloop
  endfacet
  facet normal -0.594623 -0.804005 0
    outer loop
      vertex 58.1876 17.3677 20
      vertex 58.6649 17.0147 23.2
      vertex 58.1876 17.3677 23.2
    endloop
  endfacet
  facet normal -0.594623 -0.804005 -0
    outer loop
      vertex 58.6649 17.0147 23.2
      vertex 58.1876 17.3677 20
      vertex 58.6649 17.0147 20
    endloop
  endfacet
  facet normal -1 0 0
    outer loop
      vertex 57 19.995 20
      vertex 57 20.005 23.2
      vertex 57 20.005 20
    endloop
  endfacet
  facet normal -1 -0 0
    outer loop
      vertex 57 20.005 23.2
      vertex 57 19.995 20
      vertex 57 19.995 23.2
    endloop
  endfacet
  facet normal -0.721943 -0.691953 0
    outer loop
      vertex 58.1876 17.3677 20
      vertex 57.7769 17.7962 23.2
      vertex 57.7769 17.7962 20
    endloop
  endfacet
  facet normal -0.721943 -0.691953 0
    outer loop
      vertex 57.7769 17.7962 23.2
      vertex 58.1876 17.3677 20
      vertex 58.1876 17.3677 23.2
    endloop
  endfacet
  facet normal -0.911167 -0.412038 0
    outer loop
      vertex 57.4445 18.2881 20
      vertex 57.1999 18.829 23.2
      vertex 57.1999 18.829 20
    endloop
  endfacet
  facet normal -0.911167 -0.412038 0
    outer loop
      vertex 57.1999 18.829 23.2
      vertex 57.4445 18.2881 20
      vertex 57.4445 18.2881 23.2
    endloop
  endfacet
  facet normal 0.994367 -0.10599 0
    outer loop
      vertex 68.9214 19.2576 23.2
      vertex 69 19.995 20
      vertex 69 19.995 23.2
    endloop
  endfacet
  facet normal 0.994367 -0.10599 0
    outer loop
      vertex 69 19.995 20
      vertex 68.9214 19.2576 23.2
      vertex 68.9214 19.2576 20
    endloop
  endfacet
  facet normal 1 -0 0
    outer loop
      vertex 69 19.995 23.2
      vertex 69 20.005 20
      vertex 69 20.005 23.2
    endloop
  endfacet
  facet normal 1 0 0
    outer loop
      vertex 69 20.005 20
      vertex 69 19.995 23.2
      vertex 69 19.995 20
    endloop
  endfacet
  facet normal -0.691953 0.721943 0
    outer loop
      vertex 58.3012 22.7281 20
      vertex 57.8727 22.3174 23.2
      vertex 58.3012 22.7281 23.2
    endloop
  endfacet
  facet normal -0.691953 0.721943 0
    outer loop
      vertex 57.8727 22.3174 23.2
      vertex 58.3012 22.7281 20
      vertex 57.8727 22.3174 20
    endloop
  endfacet
  facet normal 0.892906 -0.450243 0
    outer loop
      vertex 68.4803 18.1599 23.2
      vertex 68.7476 18.69 20
      vertex 68.7476 18.69 23.2
    endloop
  endfacet
  facet normal 0.892906 -0.450243 0
    outer loop
      vertex 68.7476 18.69 20
      vertex 68.4803 18.1599 23.2
      vertex 68.4803 18.1599 20
    endloop
  endfacet
  facet normal 0.691953 -0.721943 0
    outer loop
      vertex 67.6988 17.2719 20
      vertex 68.1273 17.6826 23.2
      vertex 67.6988 17.2719 23.2
    endloop
  endfacet
  facet normal 0.691953 -0.721943 0
    outer loop
      vertex 68.1273 17.6826 23.2
      vertex 67.6988 17.2719 20
      vertex 68.1273 17.6826 20
    endloop
  endfacet
  facet normal 0.412038 -0.911167 0
    outer loop
      vertex 66.666 16.6949 20
      vertex 67.2069 16.9395 23.2
      vertex 66.666 16.6949 23.2
    endloop
  endfacet
  facet normal 0.412038 -0.911167 0
    outer loop
      vertex 67.2069 16.9395 23.2
      vertex 66.666 16.6949 20
      vertex 67.2069 16.9395 20
    endloop
  endfacet
  facet normal -0.804005 0.594623 0
    outer loop
      vertex 57.5197 21.8401 20
      vertex 57.8727 22.3174 23.2
      vertex 57.8727 22.3174 20
    endloop
  endfacet
  facet normal -0.804005 0.594623 0
    outer loop
      vertex 57.8727 22.3174 23.2
      vertex 57.5197 21.8401 20
      vertex 57.5197 21.8401 23.2
    endloop
  endfacet
  facet normal 0.559898 -0.828562 0
    outer loop
      vertex 67.2069 16.9395 20
      vertex 67.6988 17.2719 23.2
      vertex 67.2069 16.9395 23.2
    endloop
  endfacet
  facet normal 0.559898 -0.828562 0
    outer loop
      vertex 67.6988 17.2719 23.2
      vertex 67.2069 16.9395 20
      vertex 67.6988 17.2719 20
    endloop
  endfacet
  facet normal 0.251997 -0.967728 0
    outer loop
      vertex 66.0915 16.5453 20
      vertex 66.666 16.6949 23.2
      vertex 66.0915 16.5453 23.2
    endloop
  endfacet
  facet normal 0.251997 -0.967728 0
    outer loop
      vertex 66.666 16.6949 23.2
      vertex 66.0915 16.5453 20
      vertex 66.666 16.6949 20
    endloop
  endfacet
  facet normal 0.594623 0.804005 -0
    outer loop
      vertex 83.8124 22.6323 20
      vertex 83.3351 22.9853 23.2
      vertex 83.8124 22.6323 23.2
    endloop
  endfacet
  facet normal 0.594623 0.804005 0
    outer loop
      vertex 83.3351 22.9853 23.2
      vertex 83.8124 22.6323 20
      vertex 83.3351 22.9853 20
    endloop
  endfacet
  facet normal 0.0847322 -0.996404 0
    outer loop
      vertex 81.5 16.495 20
      vertex 82.0915 16.5453 23.2
      vertex 81.5 16.495 23.2
    endloop
  endfacet
  facet normal 0.0847322 -0.996404 0
    outer loop
      vertex 82.0915 16.5453 23.2
      vertex 81.5 16.495 20
      vertex 82.0915 16.5453 20
    endloop
  endfacet
  facet normal -0.412038 0.911167 0
    outer loop
      vertex 75.334 23.3051 20
      vertex 74.7931 23.0605 23.2
      vertex 75.334 23.3051 23.2
    endloop
  endfacet
  facet normal -0.412038 0.911167 0
    outer loop
      vertex 74.7931 23.0605 23.2
      vertex 75.334 23.3051 20
      vertex 74.7931 23.0605 20
    endloop
  endfacet
  facet normal -0.967728 -0.251997 0
    outer loop
      vertex 73.1999 18.829 20
      vertex 73.0503 19.4035 23.2
      vertex 73.0503 19.4035 20
    endloop
  endfacet
  facet normal -0.967728 -0.251997 0
    outer loop
      vertex 73.0503 19.4035 23.2
      vertex 73.1999 18.829 20
      vertex 73.1999 18.829 23.2
    endloop
  endfacet
  facet normal -0.892906 0.450243 0
    outer loop
      vertex 73.2524 21.31 20
      vertex 73.5197 21.8401 23.2
      vertex 73.5197 21.8401 20
    endloop
  endfacet
  facet normal -0.892906 0.450243 0
    outer loop
      vertex 73.5197 21.8401 23.2
      vertex 73.2524 21.31 20
      vertex 73.2524 21.31 23.2
    endloop
  endfacet
  facet normal -0.0847322 0.996404 0
    outer loop
      vertex 76.5 23.505 20
      vertex 75.9085 23.4547 23.2
      vertex 76.5 23.505 23.2
    endloop
  endfacet
  facet normal -0.0847322 0.996404 0
    outer loop
      vertex 75.9085 23.4547 23.2
      vertex 76.5 23.505 20
      vertex 75.9085 23.4547 20
    endloop
  endfacet
  facet normal -0.251997 0.967728 0
    outer loop
      vertex 75.9085 23.4547 20
      vertex 75.334 23.3051 23.2
      vertex 75.9085 23.4547 23.2
    endloop
  endfacet
  facet normal -0.251997 0.967728 0
    outer loop
      vertex 75.334 23.3051 23.2
      vertex 75.9085 23.4547 20
      vertex 75.334 23.3051 20
    endloop
  endfacet
  facet normal -0.996404 -0.0847322 0
    outer loop
      vertex 73.0503 19.4035 20
      vertex 73 19.995 23.2
      vertex 73 19.995 20
    endloop
  endfacet
  facet normal -0.996404 -0.0847322 0
    outer loop
      vertex 73 19.995 23.2
      vertex 73.0503 19.4035 20
      vertex 73.0503 19.4035 23.2
    endloop
  endfacet
  facet normal 0.804005 -0.594623 0
    outer loop
      vertex 84.1273 17.6826 23.2
      vertex 84.4803 18.1599 20
      vertex 84.4803 18.1599 23.2
    endloop
  endfacet
  facet normal 0.804005 -0.594623 0
    outer loop
      vertex 84.4803 18.1599 20
      vertex 84.1273 17.6826 23.2
      vertex 84.1273 17.6826 20
    endloop
  endfacet
  facet normal 0.828562 0.559898 0
    outer loop
      vertex 84.5555 21.7119 23.2
      vertex 84.2231 22.2038 20
      vertex 84.2231 22.2038 23.2
    endloop
  endfacet
  facet normal 0.828562 0.559898 0
    outer loop
      vertex 84.2231 22.2038 20
      vertex 84.5555 21.7119 23.2
      vertex 84.5555 21.7119 20
    endloop
  endfacet
  facet normal -0.450243 -0.892906 0
    outer loop
      vertex 74.6649 17.0147 20
      vertex 75.195 16.7474 23.2
      vertex 74.6649 17.0147 23.2
    endloop
  endfacet
  facet normal -0.450243 -0.892906 -0
    outer loop
      vertex 75.195 16.7474 23.2
      vertex 74.6649 17.0147 20
      vertex 75.195 16.7474 20
    endloop
  endfacet
  facet normal -0.994367 0.10599 0
    outer loop
      vertex 73 20.005 20
      vertex 73.0786 20.7424 23.2
      vertex 73.0786 20.7424 20
    endloop
  endfacet
  facet normal -0.994367 0.10599 0
    outer loop
      vertex 73.0786 20.7424 23.2
      vertex 73 20.005 20
      vertex 73 20.005 23.2
    endloop
  endfacet
  facet normal 0.967728 0.251997 0
    outer loop
      vertex 84.9497 20.5965 23.2
      vertex 84.8001 21.171 20
      vertex 84.8001 21.171 23.2
    endloop
  endfacet
  facet normal 0.967728 0.251997 0
    outer loop
      vertex 84.8001 21.171 20
      vertex 84.9497 20.5965 23.2
      vertex 84.9497 20.5965 20
    endloop
  endfacet
  facet normal -0.292783 -0.956179 0
    outer loop
      vertex 75.195 16.7474 20
      vertex 75.7626 16.5736 23.2
      vertex 75.195 16.7474 23.2
    endloop
  endfacet
  facet normal -0.292783 -0.956179 -0
    outer loop
      vertex 75.7626 16.5736 23.2
      vertex 75.195 16.7474 20
      vertex 75.7626 16.5736 20
    endloop
  endfacet
  facet normal 0.911167 0.412038 0
    outer loop
      vertex 84.8001 21.171 23.2
      vertex 84.5555 21.7119 20
      vertex 84.5555 21.7119 23.2
    endloop
  endfacet
  facet normal 0.911167 0.412038 0
    outer loop
      vertex 84.5555 21.7119 20
      vertex 84.8001 21.171 23.2
      vertex 84.8001 21.171 20
    endloop
  endfacet
  facet normal 0 1 -0
    outer loop
      vertex 81.5 23.505 20
      vertex 76.5 23.505 23.2
      vertex 81.5 23.505 23.2
    endloop
  endfacet
  facet normal 0 1 0
    outer loop
      vertex 76.5 23.505 23.2
      vertex 81.5 23.505 20
      vertex 76.5 23.505 20
    endloop
  endfacet
  facet normal -0.956179 0.292783 0
    outer loop
      vertex 73.0786 20.7424 20
      vertex 73.2524 21.31 23.2
      vertex 73.2524 21.31 20
    endloop
  endfacet
  facet normal -0.956179 0.292783 0
    outer loop
      vertex 73.2524 21.31 23.2
      vertex 73.0786 20.7424 20
      vertex 73.0786 20.7424 23.2
    endloop
  endfacet
  facet normal 0.956179 -0.292783 0
    outer loop
      vertex 84.7476 18.69 23.2
      vertex 84.9214 19.2576 20
      vertex 84.9214 19.2576 23.2
    endloop
  endfacet
  facet normal 0.956179 -0.292783 0
    outer loop
      vertex 84.9214 19.2576 20
      vertex 84.7476 18.69 23.2
      vertex 84.7476 18.69 20
    endloop
  endfacet
  facet normal -0.10599 -0.994367 0
    outer loop
      vertex 75.7626 16.5736 20
      vertex 76.5 16.495 23.2
      vertex 75.7626 16.5736 23.2
    endloop
  endfacet
  facet normal -0.10599 -0.994367 -0
    outer loop
      vertex 76.5 16.495 23.2
      vertex 75.7626 16.5736 20
      vertex 76.5 16.495 20
    endloop
  endfacet
  facet normal 0.10599 0.994367 -0
    outer loop
      vertex 82.2374 23.4264 20
      vertex 81.5 23.505 23.2
      vertex 82.2374 23.4264 23.2
    endloop
  endfacet
  facet normal 0.10599 0.994367 0
    outer loop
      vertex 81.5 23.505 23.2
      vertex 82.2374 23.4264 20
      vertex 81.5 23.505 20
    endloop
  endfacet
  facet normal 0.292783 0.956179 -0
    outer loop
      vertex 82.805 23.2526 20
      vertex 82.2374 23.4264 23.2
      vertex 82.805 23.2526 23.2
    endloop
  endfacet
  facet normal 0.292783 0.956179 0
    outer loop
      vertex 82.2374 23.4264 23.2
      vertex 82.805 23.2526 20
      vertex 82.2374 23.4264 20
    endloop
  endfacet
  facet normal -0.559898 0.828562 0
    outer loop
      vertex 74.7931 23.0605 20
      vertex 74.3012 22.7281 23.2
      vertex 74.7931 23.0605 23.2
    endloop
  endfacet
  facet normal -0.559898 0.828562 0
    outer loop
      vertex 74.3012 22.7281 23.2
      vertex 74.7931 23.0605 20
      vertex 74.3012 22.7281 20
    endloop
  endfacet
  facet normal -0.828562 -0.559898 0
    outer loop
      vertex 73.7769 17.7962 20
      vertex 73.4445 18.2881 23.2
      vertex 73.4445 18.2881 20
    endloop
  endfacet
  facet normal -0.828562 -0.559898 0
    outer loop
      vertex 73.4445 18.2881 23.2
      vertex 73.7769 17.7962 20
      vertex 73.7769 17.7962 23.2
    endloop
  endfacet
  facet normal 0.721943 0.691953 0
    outer loop
      vertex 84.2231 22.2038 23.2
      vertex 83.8124 22.6323 20
      vertex 83.8124 22.6323 23.2
    endloop
  endfacet
  facet normal 0.721943 0.691953 0
    outer loop
      vertex 83.8124 22.6323 20
      vertex 84.2231 22.2038 23.2
      vertex 84.2231 22.2038 20
    endloop
  endfacet
  facet normal 0.450243 0.892906 -0
    outer loop
      vertex 83.3351 22.9853 20
      vertex 82.805 23.2526 23.2
      vertex 83.3351 22.9853 23.2
    endloop
  endfacet
  facet normal 0.450243 0.892906 0
    outer loop
      vertex 82.805 23.2526 23.2
      vertex 83.3351 22.9853 20
      vertex 82.805 23.2526 20
    endloop
  endfacet
  facet normal 0 -1 0
    outer loop
      vertex 76.5 16.495 20
      vertex 81.5 16.495 23.2
      vertex 76.5 16.495 23.2
    endloop
  endfacet
  facet normal 0 -1 -0
    outer loop
      vertex 81.5 16.495 23.2
      vertex 76.5 16.495 20
      vertex 81.5 16.495 20
    endloop
  endfacet
  facet normal 0.996404 0.0847322 0
    outer loop
      vertex 85 20.005 23.2
      vertex 84.9497 20.5965 20
      vertex 84.9497 20.5965 23.2
    endloop
  endfacet
  facet normal 0.996404 0.0847322 0
    outer loop
      vertex 84.9497 20.5965 20
      vertex 85 20.005 23.2
      vertex 85 20.005 20
    endloop
  endfacet
  facet normal -0.594623 -0.804005 0
    outer loop
      vertex 74.1876 17.3677 20
      vertex 74.6649 17.0147 23.2
      vertex 74.1876 17.3677 23.2
    endloop
  endfacet
  facet normal -0.594623 -0.804005 -0
    outer loop
      vertex 74.6649 17.0147 23.2
      vertex 74.1876 17.3677 20
      vertex 74.6649 17.0147 20
    endloop
  endfacet
  facet normal -1 0 0
    outer loop
      vertex 73 19.995 20
      vertex 73 20.005 23.2
      vertex 73 20.005 20
    endloop
  endfacet
  facet normal -1 -0 0
    outer loop
      vertex 73 20.005 23.2
      vertex 73 19.995 20
      vertex 73 19.995 23.2
    endloop
  endfacet
  facet normal -0.721943 -0.691953 0
    outer loop
      vertex 74.1876 17.3677 20
      vertex 73.7769 17.7962 23.2
      vertex 73.7769 17.7962 20
    endloop
  endfacet
  facet normal -0.721943 -0.691953 0
    outer loop
      vertex 73.7769 17.7962 23.2
      vertex 74.1876 17.3677 20
      vertex 74.1876 17.3677 23.2
    endloop
  endfacet
  facet normal -0.911167 -0.412038 0
    outer loop
      vertex 73.4445 18.2881 20
      vertex 73.1999 18.829 23.2
      vertex 73.1999 18.829 20
    endloop
  endfacet
  facet normal -0.911167 -0.412038 0
    outer loop
      vertex 73.1999 18.829 23.2
      vertex 73.4445 18.2881 20
      vertex 73.4445 18.2881 23.2
    endloop
  endfacet
  facet normal 0.994367 -0.10599 0
    outer loop
      vertex 84.9214 19.2576 23.2
      vertex 85 19.995 20
      vertex 85 19.995 23.2
    endloop
  endfacet
  facet normal 0.994367 -0.10599 0
    outer loop
      vertex 85 19.995 20
      vertex 84.9214 19.2576 23.2
      vertex 84.9214 19.2576 20
    endloop
  endfacet
  facet normal 1 -0 0
    outer loop
      vertex 85 19.995 23.2
      vertex 85 20.005 20
      vertex 85 20.005 23.2
    endloop
  endfacet
  facet normal 1 0 0
    outer loop
      vertex 85 20.005 20
      vertex 85 19.995 23.2
      vertex 85 19.995 20
    endloop
  endfacet
  facet normal -0.691953 0.721943 0
    outer loop
      vertex 74.3012 22.7281 20
      vertex 73.8727 22.3174 23.2
      vertex 74.3012 22.7281 23.2
    endloop
  endfacet
  facet normal -0.691953 0.721943 0
    outer loop
      vertex 73.8727 22.3174 23.2
      vertex 74.3012 22.7281 20
      vertex 73.8727 22.3174 20
    endloop
  endfacet
  facet normal 0.559898 -0.828562 0
    outer loop
      vertex 83.2069 16.9395 20
      vertex 83.6988 17.2719 23.2
      vertex 83.2069 16.9395 23.2
    endloop
  endfacet
  facet normal 0.559898 -0.828562 0
    outer loop
      vertex 83.6988 17.2719 23.2
      vertex 83.2069 16.9395 20
      vertex 83.6988 17.2719 20
    endloop
  endfacet
  facet normal 0.892906 -0.450243 0
    outer loop
      vertex 84.4803 18.1599 23.2
      vertex 84.7476 18.69 20
      vertex 84.7476 18.69 23.2
    endloop
  endfacet
  facet normal 0.892906 -0.450243 0
    outer loop
      vertex 84.7476 18.69 20
      vertex 84.4803 18.1599 23.2
      vertex 84.4803 18.1599 20
    endloop
  endfacet
  facet normal 0.691953 -0.721943 0
    outer loop
      vertex 83.6988 17.2719 20
      vertex 84.1273 17.6826 23.2
      vertex 83.6988 17.2719 23.2
    endloop
  endfacet
  facet normal 0.691953 -0.721943 0
    outer loop
      vertex 84.1273 17.6826 23.2
      vertex 83.6988 17.2719 20
      vertex 84.1273 17.6826 20
    endloop
  endfacet
  facet normal 0.412038 -0.911167 0
    outer loop
      vertex 82.666 16.6949 20
      vertex 83.2069 16.9395 23.2
      vertex 82.666 16.6949 23.2
    endloop
  endfacet
  facet normal 0.412038 -0.911167 0
    outer loop
      vertex 83.2069 16.9395 23.2
      vertex 82.666 16.6949 20
      vertex 83.2069 16.9395 20
    endloop
  endfacet
  facet normal -0.804005 0.594623 0
    outer loop
      vertex 73.5197 21.8401 20
      vertex 73.8727 22.3174 23.2
      vertex 73.8727 22.3174 20
    endloop
  endfacet
  facet normal -0.804005 0.594623 0
    outer loop
      vertex 73.8727 22.3174 23.2
      vertex 73.5197 21.8401 20
      vertex 73.5197 21.8401 23.2
    endloop
  endfacet
  facet normal 0 0 1
    outer loop
      vertex 84.9497 20.5965 23.2
      vertex 85 19.995 23.2
      vertex 85 20.005 23.2
    endloop
  endfacet
  facet normal 0 0 1
    outer loop
      vertex 84.9497 20.5965 23.2
      vertex 84.9214 19.2576 23.2
      vertex 85 19.995 23.2
    endloop
  endfacet
  facet normal 0 0 1
    outer loop
      vertex 84.8001 21.171 23.2
      vertex 84.9214 19.2576 23.2
      vertex 84.9497 20.5965 23.2
    endloop
  endfacet
  facet normal 0 0 1
    outer loop
      vertex 84.8001 21.171 23.2
      vertex 84.7476 18.69 23.2
      vertex 84.9214 19.2576 23.2
    endloop
  endfacet
  facet normal 0 0 1
    outer loop
      vertex 84.5555 21.7119 23.2
      vertex 84.7476 18.69 23.2
      vertex 84.8001 21.171 23.2
    endloop
  endfacet
  facet normal 0 0 1
    outer loop
      vertex 84.5555 21.7119 23.2
      vertex 84.4803 18.1599 23.2
      vertex 84.7476 18.69 23.2
    endloop
  endfacet
  facet normal 0 0 1
    outer loop
      vertex 84.2231 22.2038 23.2
      vertex 84.4803 18.1599 23.2
      vertex 84.5555 21.7119 23.2
    endloop
  endfacet
  facet normal 0 0 1
    outer loop
      vertex 84.2231 22.2038 23.2
      vertex 84.1273 17.6826 23.2
      vertex 84.4803 18.1599 23.2
    endloop
  endfacet
  facet normal 0 0 1
    outer loop
      vertex 83.8124 22.6323 23.2
      vertex 84.1273 17.6826 23.2
      vertex 84.2231 22.2038 23.2
    endloop
  endfacet
  facet normal 0 0 1
    outer loop
      vertex 83.8124 22.6323 23.2
      vertex 83.6988 17.2719 23.2
      vertex 84.1273 17.6826 23.2
    endloop
  endfacet
  facet normal 0 0 1
    outer loop
      vertex 83.3351 22.9853 23.2
      vertex 83.6988 17.2719 23.2
      vertex 83.8124 22.6323 23.2
    endloop
  endfacet
  facet normal 0 0 1
    outer loop
      vertex 83.3351 22.9853 23.2
      vertex 83.2069 16.9395 23.2
      vertex 83.6988 17.2719 23.2
    endloop
  endfacet
  facet normal 0 0 1
    outer loop
      vertex 82.805 23.2526 23.2
      vertex 83.2069 16.9395 23.2
      vertex 83.3351 22.9853 23.2
    endloop
  endfacet
  facet normal 0 0 1
    outer loop
      vertex 82.805 23.2526 23.2
      vertex 82.666 16.6949 23.2
      vertex 83.2069 16.9395 23.2
    endloop
  endfacet
  facet normal 0 0 1
    outer loop
      vertex 82.2374 23.4264 23.2
      vertex 82.666 16.6949 23.2
      vertex 82.805 23.2526 23.2
    endloop
  endfacet
  facet normal 0 0 1
    outer loop
      vertex 82.2374 23.4264 23.2
      vertex 82.0915 16.5453 23.2
      vertex 82.666 16.6949 23.2
    endloop
  endfacet
  facet normal 0 0 1
    outer loop
      vertex 81.5 23.505 23.2
      vertex 82.0915 16.5453 23.2
      vertex 82.2374 23.4264 23.2
    endloop
  endfacet
  facet normal 0 0 1
    outer loop
      vertex 81.5 23.505 23.2
      vertex 81.5 16.495 23.2
      vertex 82.0915 16.5453 23.2
    endloop
  endfacet
  facet normal -0 0 1
    outer loop
      vertex 76.5 23.505 23.2
      vertex 81.5 16.495 23.2
      vertex 81.5 23.505 23.2
    endloop
  endfacet
  facet normal 0 0 1
    outer loop
      vertex 76.5 23.505 23.2
      vertex 76.5 16.495 23.2
      vertex 81.5 16.495 23.2
    endloop
  endfacet
  facet normal -0 0 1
    outer loop
      vertex 75.9085 23.4547 23.2
      vertex 76.5 16.495 23.2
      vertex 76.5 23.505 23.2
    endloop
  endfacet
  facet normal 0 0 1
    outer loop
      vertex 75.9085 23.4547 23.2
      vertex 75.7626 16.5736 23.2
      vertex 76.5 16.495 23.2
    endloop
  endfacet
  facet normal -0 0 1
    outer loop
      vertex 75.334 23.3051 23.2
      vertex 75.7626 16.5736 23.2
      vertex 75.9085 23.4547 23.2
    endloop
  endfacet
  facet normal 0 0 1
    outer loop
      vertex 75.334 23.3051 23.2
      vertex 75.195 16.7474 23.2
      vertex 75.7626 16.5736 23.2
    endloop
  endfacet
  facet normal -0 0 1
    outer loop
      vertex 74.7931 23.0605 23.2
      vertex 75.195 16.7474 23.2
      vertex 75.334 23.3051 23.2
    endloop
  endfacet
  facet normal 0 0 1
    outer loop
      vertex 74.7931 23.0605 23.2
      vertex 74.6649 17.0147 23.2
      vertex 75.195 16.7474 23.2
    endloop
  endfacet
  facet normal -0 0 1
    outer loop
      vertex 74.3012 22.7281 23.2
      vertex 74.6649 17.0147 23.2
      vertex 74.7931 23.0605 23.2
    endloop
  endfacet
  facet normal 0 0 1
    outer loop
      vertex 74.3012 22.7281 23.2
      vertex 74.1876 17.3677 23.2
      vertex 74.6649 17.0147 23.2
    endloop
  endfacet
  facet normal -0 0 1
    outer loop
      vertex 73.8727 22.3174 23.2
      vertex 74.1876 17.3677 23.2
      vertex 74.3012 22.7281 23.2
    endloop
  endfacet
  facet normal 0 0 1
    outer loop
      vertex 73.8727 22.3174 23.2
      vertex 73.7769 17.7962 23.2
      vertex 74.1876 17.3677 23.2
    endloop
  endfacet
  facet normal -0 0 1
    outer loop
      vertex 73.5197 21.8401 23.2
      vertex 73.7769 17.7962 23.2
      vertex 73.8727 22.3174 23.2
    endloop
  endfacet
  facet normal 0 0 1
    outer loop
      vertex 73.5197 21.8401 23.2
      vertex 73.4445 18.2881 23.2
      vertex 73.7769 17.7962 23.2
    endloop
  endfacet
  facet normal -0 0 1
    outer loop
      vertex 73.2524 21.31 23.2
      vertex 73.4445 18.2881 23.2
      vertex 73.5197 21.8401 23.2
    endloop
  endfacet
  facet normal 0 0 1
    outer loop
      vertex 73.2524 21.31 23.2
      vertex 73.1999 18.829 23.2
      vertex 73.4445 18.2881 23.2
    endloop
  endfacet
  facet normal -0 0 1
    outer loop
      vertex 73.0786 20.7424 23.2
      vertex 73.1999 18.829 23.2
      vertex 73.2524 21.31 23.2
    endloop
  endfacet
  facet normal 0 0 1
    outer loop
      vertex 73.0786 20.7424 23.2
      vertex 73.0503 19.4035 23.2
      vertex 73.1999 18.829 23.2
    endloop
  endfacet
  facet normal -0 0 1
    outer loop
      vertex 73 20.005 23.2
      vertex 73.0503 19.4035 23.2
      vertex 73.0786 20.7424 23.2
    endloop
  endfacet
  facet normal 0 0 1
    outer loop
      vertex 73.0503 19.4035 23.2
      vertex 73 20.005 23.2
      vertex 73 19.995 23.2
    endloop
  endfacet
  facet normal 0.251997 -0.967728 0
    outer loop
      vertex 82.0915 16.5453 20
      vertex 82.666 16.6949 23.2
      vertex 82.0915 16.5453 23.2
    endloop
  endfacet
  facet normal 0.251997 -0.967728 0
    outer loop
      vertex 82.666 16.6949 23.2
      vertex 82.0915 16.5453 20
      vertex 82.666 16.6949 20
    endloop
  endfacet
endsolid OpenSCAD_Model
