solid OpenSCAD_Model
  facet normal -0.195087 0.980786 0
    outer loop
      vertex -42.3874 4.4615 0
      vertex -42.9647 4.34667 2.3
      vertex -42.3874 4.4615 2.3
    endloop
  endfacet
  facet normal -0.195087 0.980786 0
    outer loop
      vertex -42.9647 4.34667 2.3
      vertex -42.3874 4.4615 0
      vertex -42.9647 4.34667 0
    endloop
  endfacet
  facet normal -0.0654027 0.997859 0
    outer loop
      vertex -41.8 4.5 0
      vertex -42.3874 4.4615 2.3
      vertex -41.8 4.5 2.3
    endloop
  endfacet
  facet normal -0.0654027 0.997859 0
    outer loop
      vertex -42.3874 4.4615 2.3
      vertex -41.8 4.5 0
      vertex -42.3874 4.4615 0
    endloop
  endfacet
  facet normal -0.321437 0.946931 0
    outer loop
      vertex -42.9647 4.34667 0
      vertex -43.5221 4.15746 2.3
      vertex -42.9647 4.34667 2.3
    endloop
  endfacet
  facet normal -0.321437 0.946931 0
    outer loop
      vertex -43.5221 4.15746 2.3
      vertex -42.9647 4.34667 0
      vertex -43.5221 4.15746 0
    endloop
  endfacet
  facet normal 0.0653902 -0.99786 0
    outer loop
      vertex -41.8 -4.5 2.3
      vertex -41.8 -4.5 0
      vertex -41.3306 -4.46924 2.3
    endloop
  endfacet
  facet normal 0.0654526 -0.997856 -1.62025e-06
    outer loop
      vertex -41.3306 -4.46924 7.4
      vertex -41.3013 -4.46731 2.4
      vertex -41.2126 -4.4615 7.4
    endloop
  endfacet
  facet normal 0.0657279 -0.997838 0
    outer loop
      vertex -41.3306 -4.46924 2.3
      vertex -41.3013 -4.46731 2.4
      vertex -41.3306 -4.46924 7.4
    endloop
  endfacet
  facet normal 0.0654101 -0.997858 -4.06622e-06
    outer loop
      vertex -41.3013 -4.46731 0
      vertex -41.3306 -4.46924 2.3
      vertex -41.8 -4.5 0
    endloop
  endfacet
  facet normal 0.0657279 -0.997838 0
    outer loop
      vertex -41.3306 -4.46924 2.3
      vertex -41.3013 -4.46731 0
      vertex -41.3013 -4.46731 2.4
    endloop
  endfacet
  facet normal 0.0653616 -0.997862 0
    outer loop
      vertex -41.2126 -4.4615 7.4
      vertex -41.3013 -4.46731 2.4
      vertex -41.2126 -4.4615 2.4
    endloop
  endfacet
  facet normal -0.195087 -0.980786 0
    outer loop
      vertex -42.9647 -4.34667 0
      vertex -42.3874 -4.4615 2.3
      vertex -42.9647 -4.34667 2.3
    endloop
  endfacet
  facet normal -0.195087 -0.980786 -0
    outer loop
      vertex -42.3874 -4.4615 2.3
      vertex -42.9647 -4.34667 0
      vertex -42.3874 -4.4615 0
    endloop
  endfacet
  facet normal -0.442325 0.896855 0
    outer loop
      vertex -43.5221 4.15746 0
      vertex -43.8087 4.01611 2.3
      vertex -43.5221 4.15746 2.3
    endloop
  endfacet
  facet normal -0.442325 0.896855 0
    outer loop
      vertex -43.8087 4.01611 2.3
      vertex -43.5221 4.15746 0
      vertex -43.8087 4.01611 0
    endloop
  endfacet
  facet normal -0.442325 -0.896855 0
    outer loop
      vertex -43.8087 -4.01611 0
      vertex -43.5221 -4.15746 2.3
      vertex -43.8087 -4.01611 2.3
    endloop
  endfacet
  facet normal -0.442325 -0.896855 -0
    outer loop
      vertex -43.5221 -4.15746 2.3
      vertex -43.8087 -4.01611 0
      vertex -43.5221 -4.15746 0
    endloop
  endfacet
  facet normal -0.831491 -0.555539 0
    outer loop
      vertex -45.3701 -2.73943 2.4
      vertex -45.6971 -2.25 7.4
      vertex -45.6971 -2.25 2.4
    endloop
  endfacet
  facet normal -0.831491 -0.555539 0
    outer loop
      vertex -45.6971 -2.25 7.4
      vertex -45.3701 -2.73943 2.4
      vertex -45.3701 -2.73943 7.4
    endloop
  endfacet
  facet normal -0.896837 0.442362 0
    outer loop
      vertex -45.9575 1.72207 2.4
      vertex -45.6971 2.25 7.4
      vertex -45.6971 2.25 2.4
    endloop
  endfacet
  facet normal -0.896837 0.442362 0
    outer loop
      vertex -45.6971 2.25 7.4
      vertex -45.9575 1.72207 2.4
      vertex -45.9575 1.72207 7.4
    endloop
  endfacet
  facet normal 0.751845 0.65934 0
    outer loop
      vertex -38.2299 2.73943 7.4
      vertex -38.618 3.18198 0
      vertex -38.618 3.18198 7.4
    endloop
  endfacet
  facet normal 0.751845 0.65934 0
    outer loop
      vertex -38.618 3.18198 0
      vertex -38.2299 2.73943 7.4
      vertex -38.2299 2.73943 0
    endloop
  endfacet
  facet normal -0.751845 -0.65934 0
    outer loop
      vertex -44.982 -3.18198 2.4
      vertex -45.3701 -2.73943 7.4
      vertex -45.3701 -2.73943 2.4
    endloop
  endfacet
  facet normal -0.751845 -0.65934 0
    outer loop
      vertex -45.3701 -2.73943 7.4
      vertex -44.982 -3.18198 2.4
      vertex -44.982 -3.18198 7.4
    endloop
  endfacet
  facet normal -0.980797 0.19503 0
    outer loop
      vertex -46.2615 0.587367 2.4
      vertex -46.1467 1.16469 7.4
      vertex -46.1467 1.16469 2.4
    endloop
  endfacet
  facet normal -0.980797 0.19503 0
    outer loop
      vertex -46.1467 1.16469 7.4
      vertex -46.2615 0.587367 2.4
      vertex -46.2615 0.587367 7.4
    endloop
  endfacet
  facet normal 0.442314 0.89686 -0
    outer loop
      vertex -39.55 3.89711 2.4
      vertex -40.0779 4.15746 7.4
      vertex -39.55 3.89711 7.4
    endloop
  endfacet
  facet normal 0.442314 0.89686 0
    outer loop
      vertex -40.0779 4.15746 7.4
      vertex -39.55 3.89711 2.4
      vertex -40.0779 4.15746 2.4
    endloop
  endfacet
  facet normal -0.997859 0.0654064 0
    outer loop
      vertex -46.3 0 2.4
      vertex -46.2615 0.587367 7.4
      vertex -46.2615 0.587367 2.4
    endloop
  endfacet
  facet normal -0.997859 0.0654064 0
    outer loop
      vertex -46.2615 0.587367 7.4
      vertex -46.3 0 2.4
      vertex -46.3 0 7.4
    endloop
  endfacet
  facet normal -0.896837 -0.442362 0
    outer loop
      vertex -45.6971 -2.25 2.4
      vertex -45.9575 -1.72207 7.4
      vertex -45.9575 -1.72207 2.4
    endloop
  endfacet
  facet normal -0.896837 -0.442362 0
    outer loop
      vertex -45.9575 -1.72207 7.4
      vertex -45.6971 -2.25 2.4
      vertex -45.6971 -2.25 7.4
    endloop
  endfacet
  facet normal 0.831491 -0.555539 0
    outer loop
      vertex -38.2299 -2.73943 7.4
      vertex -37.9029 -2.25 0
      vertex -37.9029 -2.25 7.4
    endloop
  endfacet
  facet normal 0.831491 -0.555539 0
    outer loop
      vertex -37.9029 -2.25 0
      vertex -38.2299 -2.73943 7.4
      vertex -38.2299 -2.73943 0
    endloop
  endfacet
  facet normal 0.555544 -0.831487 0
    outer loop
      vertex -39.191 -3.65725 2.4
      vertex -39.55 -3.89711 7.4
      vertex -39.55 -3.89711 2.4
    endloop
  endfacet
  facet normal 0.555586 -0.831459 4.31394e-06
    outer loop
      vertex -39.55 -3.89711 7.4
      vertex -39.191 -3.65725 2.4
      vertex -39.0606 -3.57009 7.4
    endloop
  endfacet
  facet normal 0.5557 -0.831383 0
    outer loop
      vertex -39.0606 -3.57009 0
      vertex -39.191 -3.65725 2.4
      vertex -39.191 -3.65725 0
    endloop
  endfacet
  facet normal 0.5557 -0.831383 0
    outer loop
      vertex -39.191 -3.65725 2.4
      vertex -39.0606 -3.57009 0
      vertex -39.0606 -3.57009 7.4
    endloop
  endfacet
  facet normal -0.946933 0.321432 0
    outer loop
      vertex -46.1467 1.16469 2.4
      vertex -45.9575 1.72207 7.4
      vertex -45.9575 1.72207 2.4
    endloop
  endfacet
  facet normal -0.946933 0.321432 0
    outer loop
      vertex -45.9575 1.72207 7.4
      vertex -46.1467 1.16469 2.4
      vertex -46.1467 1.16469 7.4
    endloop
  endfacet
  facet normal 0.997859 -0.0654064 0
    outer loop
      vertex -37.3385 -0.587367 7.4
      vertex -37.3 0 2.4
      vertex -37.3 0 7.4
    endloop
  endfacet
  facet normal 0.997859 -0.0654064 0
    outer loop
      vertex -37.3 0 2.4
      vertex -37.3385 -0.587367 7.4
      vertex -37.3385 -0.587367 2.4
    endloop
  endfacet
  facet normal 0.659308 -0.751873 0
    outer loop
      vertex -39.0606 -3.57009 0
      vertex -38.618 -3.18198 7.4
      vertex -39.0606 -3.57009 7.4
    endloop
  endfacet
  facet normal 0.659308 -0.751873 0
    outer loop
      vertex -38.618 -3.18198 7.4
      vertex -39.0606 -3.57009 0
      vertex -38.618 -3.18198 0
    endloop
  endfacet
  facet normal -0.831491 0.555539 0
    outer loop
      vertex -45.6971 2.25 2.4
      vertex -45.3701 2.73943 7.4
      vertex -45.3701 2.73943 2.4
    endloop
  endfacet
  facet normal -0.831491 0.555539 0
    outer loop
      vertex -45.3701 2.73943 7.4
      vertex -45.6971 2.25 2.4
      vertex -45.6971 2.25 7.4
    endloop
  endfacet
  facet normal 0.896821 -0.442393 0
    outer loop
      vertex -37.6425 -1.72207 7.4
      vertex -37.7796 -2 2.4
      vertex -37.6425 -1.72207 2.4
    endloop
  endfacet
  facet normal 0.896837 -0.442362 -2.11702e-06
    outer loop
      vertex -37.9029 -2.25 7.4
      vertex -37.7796 -2 2.4
      vertex -37.6425 -1.72207 7.4
    endloop
  endfacet
  facet normal 0.896853 -0.442328 0
    outer loop
      vertex -37.9029 -2.25 0
      vertex -37.7796 -2 2.4
      vertex -37.9029 -2.25 7.4
    endloop
  endfacet
  facet normal 0.896853 -0.442328 0
    outer loop
      vertex -37.7796 -2 2.4
      vertex -37.9029 -2.25 0
      vertex -37.7796 -2 0
    endloop
  endfacet
  facet normal 0.831491 0.555539 0
    outer loop
      vertex -37.9029 2.25 7.4
      vertex -38.2299 2.73943 0
      vertex -38.2299 2.73943 7.4
    endloop
  endfacet
  facet normal 0.831491 0.555539 0
    outer loop
      vertex -38.2299 2.73943 0
      vertex -37.9029 2.25 7.4
      vertex -37.9029 2.25 0
    endloop
  endfacet
  facet normal -0.0654027 -0.997859 0
    outer loop
      vertex -42.3874 -4.4615 0
      vertex -41.8 -4.5 2.3
      vertex -42.3874 -4.4615 2.3
    endloop
  endfacet
  facet normal -0.0654027 -0.997859 -0
    outer loop
      vertex -41.8 -4.5 2.3
      vertex -42.3874 -4.4615 0
      vertex -41.8 -4.5 0
    endloop
  endfacet
  facet normal 0.659308 0.751873 -0
    outer loop
      vertex -38.618 3.18198 0
      vertex -39.0606 3.57009 7.4
      vertex -38.618 3.18198 7.4
    endloop
  endfacet
  facet normal 0.659308 0.751873 0
    outer loop
      vertex -39.0606 3.57009 7.4
      vertex -38.618 3.18198 0
      vertex -39.0606 3.57009 0
    endloop
  endfacet
  facet normal -0.659308 -0.751873 0
    outer loop
      vertex -44.982 -3.18198 2.4
      vertex -44.5394 -3.57009 7.4
      vertex -44.982 -3.18198 7.4
    endloop
  endfacet
  facet normal -0.659308 -0.751873 -0
    outer loop
      vertex -44.5394 -3.57009 7.4
      vertex -44.982 -3.18198 2.4
      vertex -44.5394 -3.57009 2.4
    endloop
  endfacet
  facet normal 0.195087 -0.980786 0
    outer loop
      vertex -41.2126 -4.4615 2.4
      vertex -40.6353 -4.34667 7.4
      vertex -41.2126 -4.4615 7.4
    endloop
  endfacet
  facet normal 0.195087 -0.980786 0
    outer loop
      vertex -40.6353 -4.34667 7.4
      vertex -41.2126 -4.4615 2.4
      vertex -40.6353 -4.34667 2.4
    endloop
  endfacet
  facet normal -0.555814 0.831306 0
    outer loop
      vertex -44.4413 3.63568 2.4
      vertex -44.5394 3.57009 7.4
      vertex -44.4413 3.63568 7.4
    endloop
  endfacet
  facet normal -0.555814 0.831306 0
    outer loop
      vertex -44.5394 3.57009 7.4
      vertex -44.4413 3.63568 2.4
      vertex -44.5394 3.57009 2.4
    endloop
  endfacet
  facet normal -0.659308 0.751873 0
    outer loop
      vertex -44.5394 3.57009 2.4
      vertex -44.982 3.18198 7.4
      vertex -44.5394 3.57009 7.4
    endloop
  endfacet
  facet normal -0.659308 0.751873 0
    outer loop
      vertex -44.982 3.18198 7.4
      vertex -44.5394 3.57009 2.4
      vertex -44.982 3.18198 2.4
    endloop
  endfacet
  facet normal -0.751845 0.65934 0
    outer loop
      vertex -45.3701 2.73943 2.4
      vertex -44.982 3.18198 7.4
      vertex -44.982 3.18198 2.4
    endloop
  endfacet
  facet normal -0.751845 0.65934 0
    outer loop
      vertex -44.982 3.18198 7.4
      vertex -45.3701 2.73943 2.4
      vertex -45.3701 2.73943 7.4
    endloop
  endfacet
  facet normal 0.997859 0.0654064 0
    outer loop
      vertex -37.3 0 7.4
      vertex -37.3385 0.587367 2.4
      vertex -37.3385 0.587367 7.4
    endloop
  endfacet
  facet normal 0.997859 0.0654064 0
    outer loop
      vertex -37.3385 0.587367 2.4
      vertex -37.3 0 7.4
      vertex -37.3 0 2.4
    endloop
  endfacet
  facet normal 0.195087 0.980786 -0
    outer loop
      vertex -40.6353 4.34667 2.4
      vertex -41.2126 4.4615 7.4
      vertex -40.6353 4.34667 7.4
    endloop
  endfacet
  facet normal 0.195087 0.980786 0
    outer loop
      vertex -41.2126 4.4615 7.4
      vertex -40.6353 4.34667 2.4
      vertex -41.2126 4.4615 2.4
    endloop
  endfacet
  facet normal -0 0 1
    outer loop
      vertex 16.4385 -35.6125 7.4
      vertex 19.2258 -35.9047 7.4
      vertex 16.5533 -35.0352 7.4
    endloop
  endfacet
  facet normal 0 0 1
    outer loop
      vertex 16.4 -36.1999 7.4
      vertex 19.2258 -35.9047 7.4
      vertex 16.4385 -35.6125 7.4
    endloop
  endfacet
  facet normal 0 -0 1
    outer loop
      vertex 16.7425 -37.9219 7.4
      vertex 19.2258 -36.4951 7.4
      vertex 16.5533 -37.3645 7.4
    endloop
  endfacet
  facet normal 0 0 1
    outer loop
      vertex 19.2258 -36.4951 7.4
      vertex 16.7425 -37.9219 7.4
      vertex 16.7948 -38.028 7.4
    endloop
  endfacet
  facet normal 0 0 1
    outer loop
      vertex 19.2258 -35.9047 7.4
      vertex 16.4 -36.1999 7.4
      vertex 19.2258 -36.4951 7.4
    endloop
  endfacet
  facet normal 0 0 1
    outer loop
      vertex 19.2258 -36.4951 7.4
      vertex 16.4385 -36.7872 7.4
      vertex 16.5533 -37.3645 7.4
    endloop
  endfacet
  facet normal 0 0 1
    outer loop
      vertex 19.2258 -36.4951 7.4
      vertex 16.4 -36.1999 7.4
      vertex 16.4385 -36.7872 7.4
    endloop
  endfacet
  facet normal -0 0 1
    outer loop
      vertex 16.4385 36.7872 7.4
      vertex 19.2258 36.4951 7.4
      vertex 16.5533 37.3645 7.4
    endloop
  endfacet
  facet normal 0 0 1
    outer loop
      vertex 19.2258 35.9047 7.4
      vertex 16.7425 34.4778 7.4
      vertex 17.0029 33.9499 7.4
    endloop
  endfacet
  facet normal 0 0 1
    outer loop
      vertex 16.4 36.1999 7.4
      vertex 19.2258 36.4951 7.4
      vertex 16.4385 36.7872 7.4
    endloop
  endfacet
  facet normal 0 0 1
    outer loop
      vertex 19.2258 35.9047 7.4
      vertex 16.5533 35.0352 7.4
      vertex 16.7425 34.4778 7.4
    endloop
  endfacet
  facet normal 0 0 1
    outer loop
      vertex 19.2258 36.4951 7.4
      vertex 16.4 36.1999 7.4
      vertex 19.2258 35.9047 7.4
    endloop
  endfacet
  facet normal 0 0 1
    outer loop
      vertex 19.2258 35.9047 7.4
      vertex 16.4385 35.6125 7.4
      vertex 16.5533 35.0352 7.4
    endloop
  endfacet
  facet normal 0 0 1
    outer loop
      vertex 19.2258 35.9047 7.4
      vertex 16.4 36.1999 7.4
      vertex 16.4385 35.6125 7.4
    endloop
  endfacet
  facet normal -0 0 1
    outer loop
      vertex -40.1258 0.295201 7.4
      vertex -37.3 0 7.4
      vertex -37.3385 0.587367 7.4
    endloop
  endfacet
  facet normal 0 0 1
    outer loop
      vertex -40.1258 0.295201 7.4
      vertex -37.3385 0.587367 7.4
      vertex -37.4533 1.16469 7.4
    endloop
  endfacet
  facet normal 0 0 1
    outer loop
      vertex -40.1258 -0.295201 7.4
      vertex -37.3 0 7.4
      vertex -40.1258 0.295201 7.4
    endloop
  endfacet
  facet normal 0 0 1
    outer loop
      vertex -40.1258 0.295201 7.4
      vertex -37.4533 1.16469 7.4
      vertex -37.6425 1.72207 7.4
    endloop
  endfacet
  facet normal 0 0 1
    outer loop
      vertex -37.3 0 7.4
      vertex -40.1258 -0.295201 7.4
      vertex -37.3385 -0.587367 7.4
    endloop
  endfacet
  facet normal 0 0 1
    outer loop
      vertex -40.3278 0.849999 7.4
      vertex -37.6425 1.72207 7.4
      vertex -37.9029 2.25 7.4
    endloop
  endfacet
  facet normal 0 0 1
    outer loop
      vertex -37.3385 -0.587367 7.4
      vertex -40.1258 -0.295201 7.4
      vertex -37.4533 -1.16469 7.4
    endloop
  endfacet
  facet normal 0 0 1
    outer loop
      vertex -40.3278 0.849999 7.4
      vertex -37.9029 2.25 7.4
      vertex -38.2299 2.73943 7.4
    endloop
  endfacet
  facet normal 0 0 1
    outer loop
      vertex -37.4533 -1.16469 7.4
      vertex -40.1258 -0.295201 7.4
      vertex -37.6425 -1.72207 7.4
    endloop
  endfacet
  facet normal 0 0 1
    outer loop
      vertex -40.7073 1.30227 7.4
      vertex -38.2299 2.73943 7.4
      vertex -38.618 3.18198 7.4
    endloop
  endfacet
  facet normal -0 0 1
    outer loop
      vertex -40.3278 -0.849999 7.4
      vertex -37.6425 -1.72207 7.4
      vertex -40.1258 -0.295201 7.4
    endloop
  endfacet
  facet normal 0 0 1
    outer loop
      vertex -40.7073 1.30227 7.4
      vertex -38.618 3.18198 7.4
      vertex -39.0606 3.57009 7.4
    endloop
  endfacet
  facet normal 0 0 1
    outer loop
      vertex -37.6425 -1.72207 7.4
      vertex -40.3278 -0.849999 7.4
      vertex -37.9029 -2.25 7.4
    endloop
  endfacet
  facet normal 0 0 1
    outer loop
      vertex -40.7073 1.30227 7.4
      vertex -39.0606 3.57009 7.4
      vertex -39.55 3.89711 7.4
    endloop
  endfacet
  facet normal 0 0 1
    outer loop
      vertex -37.9029 -2.25 7.4
      vertex -40.3278 -0.849999 7.4
      vertex -38.2299 -2.73943 7.4
    endloop
  endfacet
  facet normal 0 0 1
    outer loop
      vertex -41.2186 1.59748 7.4
      vertex -39.55 3.89711 7.4
      vertex -40.0779 4.15746 7.4
    endloop
  endfacet
  facet normal -0 0 1
    outer loop
      vertex -40.7073 -1.30227 7.4
      vertex -38.2299 -2.73943 7.4
      vertex -40.3278 -0.849999 7.4
    endloop
  endfacet
  facet normal 0 0 1
    outer loop
      vertex -38.2299 -2.73943 7.4
      vertex -40.7073 -1.30227 7.4
      vertex -38.618 -3.18198 7.4
    endloop
  endfacet
  facet normal 0 0 1
    outer loop
      vertex -37.6425 1.72207 7.4
      vertex -40.3278 0.849999 7.4
      vertex -40.1258 0.295201 7.4
    endloop
  endfacet
  facet normal 0 0 1
    outer loop
      vertex -41.2186 1.59748 7.4
      vertex -40.0779 4.15746 7.4
      vertex -40.6353 4.34667 7.4
    endloop
  endfacet
  facet normal 0 0 1
    outer loop
      vertex -38.2299 2.73943 7.4
      vertex -40.7073 1.30227 7.4
      vertex -40.3278 0.849999 7.4
    endloop
  endfacet
  facet normal 0 0 1
    outer loop
      vertex -41.2186 1.59748 7.4
      vertex -40.6353 4.34667 7.4
      vertex -41.2126 4.4615 7.4
    endloop
  endfacet
  facet normal 0 0 1
    outer loop
      vertex -39.55 3.89711 7.4
      vertex -41.2186 1.59748 7.4
      vertex -40.7073 1.30227 7.4
    endloop
  endfacet
  facet normal 0 0 1
    outer loop
      vertex -41.8 1.7 7.4
      vertex -41.2126 4.4615 7.4
      vertex -41.3306 4.46924 7.4
    endloop
  endfacet
  facet normal 0 0 1
    outer loop
      vertex -41.2126 4.4615 7.4
      vertex -41.8 1.7 7.4
      vertex -41.2186 1.59748 7.4
    endloop
  endfacet
  facet normal 0 0 1
    outer loop
      vertex -38.618 -3.18198 7.4
      vertex -40.7073 -1.30227 7.4
      vertex -39.0606 -3.57009 7.4
    endloop
  endfacet
  facet normal 0 0 1
    outer loop
      vertex -39.0606 -3.57009 7.4
      vertex -40.7073 -1.30227 7.4
      vertex -39.55 -3.89711 7.4
    endloop
  endfacet
  facet normal -0 0 1
    outer loop
      vertex -41.2186 -1.59748 7.4
      vertex -39.55 -3.89711 7.4
      vertex -40.7073 -1.30227 7.4
    endloop
  endfacet
  facet normal 0 0 1
    outer loop
      vertex -39.55 -3.89711 7.4
      vertex -41.2186 -1.59748 7.4
      vertex -40.0779 -4.15746 7.4
    endloop
  endfacet
  facet normal 0 0 1
    outer loop
      vertex -40.0779 -4.15746 7.4
      vertex -41.2186 -1.59748 7.4
      vertex -40.6353 -4.34667 7.4
    endloop
  endfacet
  facet normal 0 0 1
    outer loop
      vertex -40.6353 -4.34667 7.4
      vertex -41.2186 -1.59748 7.4
      vertex -41.2126 -4.4615 7.4
    endloop
  endfacet
  facet normal -0 0 1
    outer loop
      vertex -41.8 -1.7 7.4
      vertex -41.2126 -4.4615 7.4
      vertex -41.2186 -1.59748 7.4
    endloop
  endfacet
  facet normal 0 0 1
    outer loop
      vertex -41.2126 -4.4615 7.4
      vertex -41.8 -1.7 7.4
      vertex -41.3306 -4.46924 7.4
    endloop
  endfacet
  facet normal 0 0 1
    outer loop
      vertex 41.6 0 7.4
      vertex 44.6 0 7.4
      vertex 44.4303 3.88715 7.4
    endloop
  endfacet
  facet normal 0 0 1
    outer loop
      vertex 41.4417 3.62567 7.4
      vertex 44.4303 3.88715 7.4
      vertex 43.9224 7.74471 7.4
    endloop
  endfacet
  facet normal 0 0 1
    outer loop
      vertex 44.6 0 7.4
      vertex 41.6 0 7.4
      vertex 44.4303 -3.88715 7.4
    endloop
  endfacet
  facet normal 0 0 1
    outer loop
      vertex 40.968 7.22375 7.4
      vertex 43.9224 7.74471 7.4
      vertex 43.0803 11.5433 7.4
    endloop
  endfacet
  facet normal -0 0 1
    outer loop
      vertex 41.4417 -3.62567 7.4
      vertex 44.4303 -3.88715 7.4
      vertex 41.6 0 7.4
    endloop
  endfacet
  facet normal 0 0 1
    outer loop
      vertex 40.1825 10.7669 7.4
      vertex 43.0803 11.5433 7.4
      vertex 41.9103 15.2541 7.4
    endloop
  endfacet
  facet normal 0 0 1
    outer loop
      vertex 44.4303 -3.88715 7.4
      vertex 41.4417 -3.62567 7.4
      vertex 43.9224 -7.74471 7.4
    endloop
  endfacet
  facet normal -0 0 1
    outer loop
      vertex 40.968 -7.22375 7.4
      vertex 43.9224 -7.74471 7.4
      vertex 41.4417 -3.62567 7.4
    endloop
  endfacet
  facet normal 0 0 1
    outer loop
      vertex 44.4303 3.88715 7.4
      vertex 41.4417 3.62567 7.4
      vertex 41.6 0 7.4
    endloop
  endfacet
  facet normal 0 0 1
    outer loop
      vertex 43.9224 7.74471 7.4
      vertex 40.968 7.22375 7.4
      vertex 41.4417 3.62567 7.4
    endloop
  endfacet
  facet normal 0 0 1
    outer loop
      vertex 39.0912 14.228 7.4
      vertex 41.9103 15.2541 7.4
      vertex 40.4213 18.8488 7.4
    endloop
  endfacet
  facet normal 0 0 1
    outer loop
      vertex 43.0803 11.5433 7.4
      vertex 40.1825 10.7669 7.4
      vertex 40.968 7.22375 7.4
    endloop
  endfacet
  facet normal 0 0 1
    outer loop
      vertex 41.9103 15.2541 7.4
      vertex 39.0912 14.228 7.4
      vertex 40.1825 10.7669 7.4
    endloop
  endfacet
  facet normal 0 0 1
    outer loop
      vertex 37.7024 17.5809 7.4
      vertex 40.4213 18.8488 7.4
      vertex 38.6247 22.3 7.4
    endloop
  endfacet
  facet normal 0 0 1
    outer loop
      vertex 40.4213 18.8488 7.4
      vertex 37.7024 17.5809 7.4
      vertex 39.0912 14.228 7.4
    endloop
  endfacet
  facet normal 0 0 1
    outer loop
      vertex 36.0266 20.8 7.4
      vertex 38.6247 22.3 7.4
      vertex 36.5342 25.5815 7.4
    endloop
  endfacet
  facet normal 0 0 1
    outer loop
      vertex 38.6247 22.3 7.4
      vertex 36.0266 20.8 7.4
      vertex 37.7024 17.5809 7.4
    endloop
  endfacet
  facet normal 0 0 1
    outer loop
      vertex 34.0767 23.8608 7.4
      vertex 36.5342 25.5815 7.4
      vertex 34.1656 28.6683 7.4
    endloop
  endfacet
  facet normal 0 0 1
    outer loop
      vertex 36.5342 25.5815 7.4
      vertex 34.0767 23.8608 7.4
      vertex 36.0266 20.8 7.4
    endloop
  endfacet
  facet normal 0 0 1
    outer loop
      vertex 34.1656 28.6683 7.4
      vertex 31.8674 26.74 7.4
      vertex 34.0767 23.8608 7.4
    endloop
  endfacet
  facet normal 0 0 1
    outer loop
      vertex 31.537 31.537 7.4
      vertex 31.8674 26.74 7.4
      vertex 34.1656 28.6683 7.4
    endloop
  endfacet
  facet normal 0 0 1
    outer loop
      vertex 31.537 31.537 7.4
      vertex 29.4156 29.4156 7.4
      vertex 31.8674 26.74 7.4
    endloop
  endfacet
  facet normal 0 0 1
    outer loop
      vertex 28.6683 34.1656 7.4
      vertex 29.4156 29.4156 7.4
      vertex 31.537 31.537 7.4
    endloop
  endfacet
  facet normal 0 0 1
    outer loop
      vertex 28.6683 34.1656 7.4
      vertex 26.74 31.8674 7.4
      vertex 29.4156 29.4156 7.4
    endloop
  endfacet
  facet normal 0 0 1
    outer loop
      vertex 24.5358 33.5588 7.4
      vertex 28.6683 34.1656 7.4
      vertex 25.5815 36.5342 7.4
    endloop
  endfacet
  facet normal 0 0 1
    outer loop
      vertex 24.5358 33.5588 7.4
      vertex 25.5815 36.5342 7.4
      vertex 25.3692 36.6694 7.4
    endloop
  endfacet
  facet normal 0 0 1
    outer loop
      vertex 22.5742 36.4951 7.4
      vertex 25.3615 36.7872 7.4
      vertex 25.2467 37.3645 7.4
    endloop
  endfacet
  facet normal 0 0 1
    outer loop
      vertex 22.5742 36.4951 7.4
      vertex 25.2467 37.3645 7.4
      vertex 25.0575 37.9219 7.4
    endloop
  endfacet
  facet normal 0 0 1
    outer loop
      vertex 22.3722 37.0499 7.4
      vertex 25.0575 37.9219 7.4
      vertex 24.7971 38.4499 7.4
    endloop
  endfacet
  facet normal 0 0 1
    outer loop
      vertex 25.3615 36.7872 7.4
      vertex 22.5742 36.4951 7.4
      vertex 25.3692 36.6694 7.4
    endloop
  endfacet
  facet normal 0 0 1
    outer loop
      vertex 28.6683 34.1656 7.4
      vertex 24.5358 33.5588 7.4
      vertex 26.74 31.8674 7.4
    endloop
  endfacet
  facet normal 0 0 1
    outer loop
      vertex 22.3722 37.0499 7.4
      vertex 24.7971 38.4499 7.4
      vertex 24.4701 38.9393 7.4
    endloop
  endfacet
  facet normal 0 0 1
    outer loop
      vertex 25.3692 36.6694 7.4
      vertex 22.5742 36.4951 7.4
      vertex 22.5742 35.9047 7.4
    endloop
  endfacet
  facet normal 0 0 1
    outer loop
      vertex 21.9927 37.5021 7.4
      vertex 24.4701 38.9393 7.4
      vertex 24.082 39.3818 7.4
    endloop
  endfacet
  facet normal 0 0 1
    outer loop
      vertex 25.3692 36.6694 7.4
      vertex 22.5742 35.9047 7.4
      vertex 24.5358 33.5588 7.4
    endloop
  endfacet
  facet normal 0 0 1
    outer loop
      vertex 21.9927 37.5021 7.4
      vertex 24.082 39.3818 7.4
      vertex 23.6394 39.77 7.4
    endloop
  endfacet
  facet normal -0 0 1
    outer loop
      vertex 22.3722 35.3499 7.4
      vertex 24.5358 33.5588 7.4
      vertex 22.5742 35.9047 7.4
    endloop
  endfacet
  facet normal 0 0 1
    outer loop
      vertex 21.9927 37.5021 7.4
      vertex 23.6394 39.77 7.4
      vertex 23.15 40.097 7.4
    endloop
  endfacet
  facet normal 0 0 1
    outer loop
      vertex 24.5358 33.5588 7.4
      vertex 22.3722 35.3499 7.4
      vertex 24.4701 33.4604 7.4
    endloop
  endfacet
  facet normal 0 0 1
    outer loop
      vertex 21.4814 37.7973 7.4
      vertex 23.15 40.097 7.4
      vertex 22.6221 40.3573 7.4
    endloop
  endfacet
  facet normal -0 0 1
    outer loop
      vertex 21.9927 34.8976 7.4
      vertex 24.4701 33.4604 7.4
      vertex 22.3722 35.3499 7.4
    endloop
  endfacet
  facet normal 0 0 1
    outer loop
      vertex 24.4701 33.4604 7.4
      vertex 21.9927 34.8976 7.4
      vertex 24.082 33.0179 7.4
    endloop
  endfacet
  facet normal 0 0 1
    outer loop
      vertex 25.0575 37.9219 7.4
      vertex 22.3722 37.0499 7.4
      vertex 22.5742 36.4951 7.4
    endloop
  endfacet
  facet normal 0 0 1
    outer loop
      vertex 21.4814 37.7973 7.4
      vertex 22.6221 40.3573 7.4
      vertex 22.0647 40.5465 7.4
    endloop
  endfacet
  facet normal 0 0 1
    outer loop
      vertex 24.4701 38.9393 7.4
      vertex 21.9927 37.5021 7.4
      vertex 22.3722 37.0499 7.4
    endloop
  endfacet
  facet normal 0 0 1
    outer loop
      vertex 21.4814 37.7973 7.4
      vertex 22.0647 40.5465 7.4
      vertex 21.4874 40.6614 7.4
    endloop
  endfacet
  facet normal 0 0 1
    outer loop
      vertex 23.15 40.097 7.4
      vertex 21.4814 37.7973 7.4
      vertex 21.9927 37.5021 7.4
    endloop
  endfacet
  facet normal 0 0 1
    outer loop
      vertex 20.9 37.8999 7.4
      vertex 21.4874 40.6614 7.4
      vertex 20.9 40.6999 7.4
    endloop
  endfacet
  facet normal 0 0 1
    outer loop
      vertex 21.4874 40.6614 7.4
      vertex 20.9 37.8999 7.4
      vertex 21.4814 37.7973 7.4
    endloop
  endfacet
  facet normal -0 0 1
    outer loop
      vertex 20.3126 40.6614 7.4
      vertex 20.9 37.8999 7.4
      vertex 20.9 40.6999 7.4
    endloop
  endfacet
  facet normal 0 0 1
    outer loop
      vertex 20.9 37.8999 7.4
      vertex 20.3126 40.6614 7.4
      vertex 20.3186 37.7973 7.4
    endloop
  endfacet
  facet normal -0 0 1
    outer loop
      vertex 19.7353 40.5465 7.4
      vertex 20.3186 37.7973 7.4
      vertex 20.3126 40.6614 7.4
    endloop
  endfacet
  facet normal -0 0 1
    outer loop
      vertex 19.1779 40.3573 7.4
      vertex 20.3186 37.7973 7.4
      vertex 19.7353 40.5465 7.4
    endloop
  endfacet
  facet normal -0 0 1
    outer loop
      vertex 19.072 40.3051 7.4
      vertex 20.3186 37.7973 7.4
      vertex 19.1779 40.3573 7.4
    endloop
  endfacet
  facet normal 0 0 1
    outer loop
      vertex 20.3186 37.7973 7.4
      vertex 19.072 40.3051 7.4
      vertex 19.8073 37.5021 7.4
    endloop
  endfacet
  facet normal 0 0 1
    outer loop
      vertex 19.8073 37.5021 7.4
      vertex 16.7948 38.028 7.4
      vertex 19.4278 37.0499 7.4
    endloop
  endfacet
  facet normal -0 0 1
    outer loop
      vertex 16.7948 38.028 7.4
      vertex 19.8073 37.5021 7.4
      vertex 19.072 40.3051 7.4
    endloop
  endfacet
  facet normal 0 0 1
    outer loop
      vertex 43.9224 -7.74471 7.4
      vertex 40.968 -7.22375 7.4
      vertex 43.0803 -11.5433 7.4
    endloop
  endfacet
  facet normal -0 0 1
    outer loop
      vertex 40.1825 -10.7669 7.4
      vertex 43.0803 -11.5433 7.4
      vertex 40.968 -7.22375 7.4
    endloop
  endfacet
  facet normal 0 0 1
    outer loop
      vertex 43.0803 -11.5433 7.4
      vertex 40.1825 -10.7669 7.4
      vertex 41.9103 -15.2541 7.4
    endloop
  endfacet
  facet normal -0 0 1
    outer loop
      vertex 39.0912 -14.228 7.4
      vertex 41.9103 -15.2541 7.4
      vertex 40.1825 -10.7669 7.4
    endloop
  endfacet
  facet normal 0 0 1
    outer loop
      vertex 41.9103 -15.2541 7.4
      vertex 39.0912 -14.228 7.4
      vertex 40.4213 -18.8488 7.4
    endloop
  endfacet
  facet normal -0 0 1
    outer loop
      vertex 37.7024 -17.5809 7.4
      vertex 40.4213 -18.8488 7.4
      vertex 39.0912 -14.228 7.4
    endloop
  endfacet
  facet normal 0 0 1
    outer loop
      vertex 40.4213 -18.8488 7.4
      vertex 37.7024 -17.5809 7.4
      vertex 38.6247 -22.3 7.4
    endloop
  endfacet
  facet normal -0 0 1
    outer loop
      vertex 36.0266 -20.8 7.4
      vertex 38.6247 -22.3 7.4
      vertex 37.7024 -17.5809 7.4
    endloop
  endfacet
  facet normal 0 0 1
    outer loop
      vertex 38.6247 -22.3 7.4
      vertex 36.0266 -20.8 7.4
      vertex 36.5342 -25.5815 7.4
    endloop
  endfacet
  facet normal -0 0 1
    outer loop
      vertex 34.0767 -23.8608 7.4
      vertex 36.5342 -25.5815 7.4
      vertex 36.0266 -20.8 7.4
    endloop
  endfacet
  facet normal 0 0 1
    outer loop
      vertex 36.5342 -25.5815 7.4
      vertex 34.0767 -23.8608 7.4
      vertex 34.1656 -28.6683 7.4
    endloop
  endfacet
  facet normal -0 0 1
    outer loop
      vertex 31.8674 -26.74 7.4
      vertex 34.1656 -28.6683 7.4
      vertex 34.0767 -23.8608 7.4
    endloop
  endfacet
  facet normal 0 0 1
    outer loop
      vertex 31.8674 -26.74 7.4
      vertex 31.537 -31.537 7.4
      vertex 34.1656 -28.6683 7.4
    endloop
  endfacet
  facet normal -0 0 1
    outer loop
      vertex 29.4156 -29.4156 7.4
      vertex 31.537 -31.537 7.4
      vertex 31.8674 -26.74 7.4
    endloop
  endfacet
  facet normal 0 0 1
    outer loop
      vertex 29.4156 -29.4156 7.4
      vertex 28.6683 -34.1656 7.4
      vertex 31.537 -31.537 7.4
    endloop
  endfacet
  facet normal -0 0 1
    outer loop
      vertex 26.74 -31.8674 7.4
      vertex 28.6683 -34.1656 7.4
      vertex 29.4156 -29.4156 7.4
    endloop
  endfacet
  facet normal -0 0 1
    outer loop
      vertex 24.5358 -33.5588 7.4
      vertex 28.6683 -34.1656 7.4
      vertex 26.74 -31.8674 7.4
    endloop
  endfacet
  facet normal 0 0 1
    outer loop
      vertex 28.6683 -34.1656 7.4
      vertex 24.5358 -33.5588 7.4
      vertex 25.5815 -36.5342 7.4
    endloop
  endfacet
  facet normal 0 0 1
    outer loop
      vertex 22.5742 -36.4951 7.4
      vertex 25.3615 -36.7872 7.4
      vertex 25.3692 -36.6694 7.4
    endloop
  endfacet
  facet normal 0 0 1
    outer loop
      vertex 25.3615 -36.7872 7.4
      vertex 22.5742 -36.4951 7.4
      vertex 25.2467 -37.3645 7.4
    endloop
  endfacet
  facet normal 0 0 1
    outer loop
      vertex 25.2467 -37.3645 7.4
      vertex 22.5742 -36.4951 7.4
      vertex 25.0575 -37.9219 7.4
    endloop
  endfacet
  facet normal 0 0 1
    outer loop
      vertex 25.5815 -36.5342 7.4
      vertex 24.5358 -33.5588 7.4
      vertex 25.3692 -36.6694 7.4
    endloop
  endfacet
  facet normal -0 0 1
    outer loop
      vertex 22.5742 -35.9047 7.4
      vertex 25.3692 -36.6694 7.4
      vertex 24.5358 -33.5588 7.4
    endloop
  endfacet
  facet normal 0 0 1
    outer loop
      vertex 22.3722 -35.3499 7.4
      vertex 24.5358 -33.5588 7.4
      vertex 24.4701 -33.4604 7.4
    endloop
  endfacet
  facet normal -0 0 1
    outer loop
      vertex 22.5742 -36.4951 7.4
      vertex 25.3692 -36.6694 7.4
      vertex 22.5742 -35.9047 7.4
    endloop
  endfacet
  facet normal 0 0 1
    outer loop
      vertex 21.9927 -34.8976 7.4
      vertex 24.4701 -33.4604 7.4
      vertex 24.082 -33.0179 7.4
    endloop
  endfacet
  facet normal -0 0 1
    outer loop
      vertex 22.3722 -37.0499 7.4
      vertex 25.0575 -37.9219 7.4
      vertex 22.5742 -36.4951 7.4
    endloop
  endfacet
  facet normal 0 0 1
    outer loop
      vertex 21.9927 -34.8976 7.4
      vertex 24.082 -33.0179 7.4
      vertex 23.6394 -32.6298 7.4
    endloop
  endfacet
  facet normal 0 0 1
    outer loop
      vertex 25.0575 -37.9219 7.4
      vertex 22.3722 -37.0499 7.4
      vertex 24.7971 -38.4499 7.4
    endloop
  endfacet
  facet normal 0 0 1
    outer loop
      vertex 21.9927 -34.8976 7.4
      vertex 23.6394 -32.6298 7.4
      vertex 23.15 -32.3027 7.4
    endloop
  endfacet
  facet normal 0 0 1
    outer loop
      vertex 24.7971 -38.4499 7.4
      vertex 22.3722 -37.0499 7.4
      vertex 24.4701 -38.9393 7.4
    endloop
  endfacet
  facet normal 0 0 1
    outer loop
      vertex 21.4814 -34.6024 7.4
      vertex 23.15 -32.3027 7.4
      vertex 22.6221 -32.0424 7.4
    endloop
  endfacet
  facet normal -0 0 1
    outer loop
      vertex 21.9927 -37.5021 7.4
      vertex 24.4701 -38.9393 7.4
      vertex 22.3722 -37.0499 7.4
    endloop
  endfacet
  facet normal 0 0 1
    outer loop
      vertex 24.4701 -38.9393 7.4
      vertex 21.9927 -37.5021 7.4
      vertex 24.082 -39.3818 7.4
    endloop
  endfacet
  facet normal 0 0 1
    outer loop
      vertex 24.5358 -33.5588 7.4
      vertex 22.3722 -35.3499 7.4
      vertex 22.5742 -35.9047 7.4
    endloop
  endfacet
  facet normal 0 0 1
    outer loop
      vertex 21.4814 -34.6024 7.4
      vertex 22.6221 -32.0424 7.4
      vertex 22.0647 -31.8532 7.4
    endloop
  endfacet
  facet normal 0 0 1
    outer loop
      vertex 24.4701 -33.4604 7.4
      vertex 21.9927 -34.8976 7.4
      vertex 22.3722 -35.3499 7.4
    endloop
  endfacet
  facet normal 0 0 1
    outer loop
      vertex 21.4814 -34.6024 7.4
      vertex 22.0647 -31.8532 7.4
      vertex 21.4874 -31.7384 7.4
    endloop
  endfacet
  facet normal 0 0 1
    outer loop
      vertex 23.15 -32.3027 7.4
      vertex 21.4814 -34.6024 7.4
      vertex 21.9927 -34.8976 7.4
    endloop
  endfacet
  facet normal 0 0 1
    outer loop
      vertex 20.9 -34.4999 7.4
      vertex 21.4874 -31.7384 7.4
      vertex 20.9 -31.6999 7.4
    endloop
  endfacet
  facet normal 0 0 1
    outer loop
      vertex 21.4874 -31.7384 7.4
      vertex 20.9 -34.4999 7.4
      vertex 21.4814 -34.6024 7.4
    endloop
  endfacet
  facet normal -0 0 1
    outer loop
      vertex 20.3126 -31.7384 7.4
      vertex 20.9 -34.4999 7.4
      vertex 20.9 -31.6999 7.4
    endloop
  endfacet
  facet normal 0 0 1
    outer loop
      vertex 20.9 -34.4999 7.4
      vertex 20.3126 -31.7384 7.4
      vertex 20.3186 -34.6024 7.4
    endloop
  endfacet
  facet normal -0 0 1
    outer loop
      vertex 19.7353 -31.8532 7.4
      vertex 20.3186 -34.6024 7.4
      vertex 20.3126 -31.7384 7.4
    endloop
  endfacet
  facet normal -0 0 1
    outer loop
      vertex 19.1779 -32.0424 7.4
      vertex 20.3186 -34.6024 7.4
      vertex 19.7353 -31.8532 7.4
    endloop
  endfacet
  facet normal -0 0 1
    outer loop
      vertex 18.65 -32.3027 7.4
      vertex 20.3186 -34.6024 7.4
      vertex 19.1779 -32.0424 7.4
    endloop
  endfacet
  facet normal 0 0 1
    outer loop
      vertex 20.3186 -34.6024 7.4
      vertex 18.65 -32.3027 7.4
      vertex 19.8073 -34.8976 7.4
    endloop
  endfacet
  facet normal -0 0 1
    outer loop
      vertex 17.718 -33.0179 7.4
      vertex 19.8073 -34.8976 7.4
      vertex 18.1606 -32.6298 7.4
    endloop
  endfacet
  facet normal -0 0 1
    outer loop
      vertex 18.1606 -32.6298 7.4
      vertex 19.8073 -34.8976 7.4
      vertex 18.65 -32.3027 7.4
    endloop
  endfacet
  facet normal 0 0 1
    outer loop
      vertex 24.082 33.0179 7.4
      vertex 21.9927 34.8976 7.4
      vertex 23.6394 32.6298 7.4
    endloop
  endfacet
  facet normal 0 0 1
    outer loop
      vertex 23.6394 32.6298 7.4
      vertex 21.9927 34.8976 7.4
      vertex 23.15 32.3027 7.4
    endloop
  endfacet
  facet normal -0 0 1
    outer loop
      vertex 21.4814 34.6024 7.4
      vertex 23.15 32.3027 7.4
      vertex 21.9927 34.8976 7.4
    endloop
  endfacet
  facet normal 0 0 1
    outer loop
      vertex 23.15 32.3027 7.4
      vertex 21.4814 34.6024 7.4
      vertex 22.6221 32.0424 7.4
    endloop
  endfacet
  facet normal 0 0 1
    outer loop
      vertex 22.6221 32.0424 7.4
      vertex 21.4814 34.6024 7.4
      vertex 22.0647 31.8532 7.4
    endloop
  endfacet
  facet normal 0 0 1
    outer loop
      vertex 22.0647 31.8532 7.4
      vertex 21.4814 34.6024 7.4
      vertex 21.4874 31.7384 7.4
    endloop
  endfacet
  facet normal -0 0 1
    outer loop
      vertex 20.9 34.4999 7.4
      vertex 21.4874 31.7384 7.4
      vertex 21.4814 34.6024 7.4
    endloop
  endfacet
  facet normal 0 0 1
    outer loop
      vertex 20.9 34.4999 7.4
      vertex 20.9 31.6999 7.4
      vertex 21.4874 31.7384 7.4
    endloop
  endfacet
  facet normal 0 0 1
    outer loop
      vertex 20.3126 31.7384 7.4
      vertex 20.9 34.4999 7.4
      vertex 20.3186 34.6024 7.4
    endloop
  endfacet
  facet normal 0 0 1
    outer loop
      vertex 20.9 34.4999 7.4
      vertex 20.3126 31.7384 7.4
      vertex 20.9 31.6999 7.4
    endloop
  endfacet
  facet normal 0 0 1
    outer loop
      vertex 18.65 32.3027 7.4
      vertex 20.3186 34.6024 7.4
      vertex 19.8073 34.8976 7.4
    endloop
  endfacet
  facet normal 0 0 1
    outer loop
      vertex 20.3186 34.6024 7.4
      vertex 19.7353 31.8532 7.4
      vertex 20.3126 31.7384 7.4
    endloop
  endfacet
  facet normal 0 0 1
    outer loop
      vertex 17.3299 33.4604 7.4
      vertex 19.8073 34.8976 7.4
      vertex 19.4278 35.3499 7.4
    endloop
  endfacet
  facet normal 0 0 1
    outer loop
      vertex 17.0029 33.9499 7.4
      vertex 19.4278 35.3499 7.4
      vertex 19.2258 35.9047 7.4
    endloop
  endfacet
  facet normal 0 0 1
    outer loop
      vertex 20.3186 34.6024 7.4
      vertex 19.1779 32.0424 7.4
      vertex 19.7353 31.8532 7.4
    endloop
  endfacet
  facet normal -0 0 1
    outer loop
      vertex 16.7425 37.9219 7.4
      vertex 19.4278 37.0499 7.4
      vertex 16.7948 38.028 7.4
    endloop
  endfacet
  facet normal 0 0 1
    outer loop
      vertex 19.4278 37.0499 7.4
      vertex 16.7425 37.9219 7.4
      vertex 19.2258 36.4951 7.4
    endloop
  endfacet
  facet normal 0 0 1
    outer loop
      vertex 16.7948 38.028 7.4
      vertex 19.072 40.3051 7.4
      vertex 18.8488 40.4213 7.4
    endloop
  endfacet
  facet normal -0 0 1
    outer loop
      vertex 16.5533 37.3645 7.4
      vertex 19.2258 36.4951 7.4
      vertex 16.7425 37.9219 7.4
    endloop
  endfacet
  facet normal 0 0 1
    outer loop
      vertex 20.3186 34.6024 7.4
      vertex 18.65 32.3027 7.4
      vertex 19.1779 32.0424 7.4
    endloop
  endfacet
  facet normal 0 0 1
    outer loop
      vertex 19.8073 34.8976 7.4
      vertex 18.1606 32.6298 7.4
      vertex 18.65 32.3027 7.4
    endloop
  endfacet
  facet normal 0 0 1
    outer loop
      vertex 19.8073 34.8976 7.4
      vertex 17.718 33.0179 7.4
      vertex 18.1606 32.6298 7.4
    endloop
  endfacet
  facet normal 0 0 1
    outer loop
      vertex 19.8073 34.8976 7.4
      vertex 17.3299 33.4604 7.4
      vertex 17.718 33.0179 7.4
    endloop
  endfacet
  facet normal 0 0 1
    outer loop
      vertex 19.4278 35.3499 7.4
      vertex 17.0029 33.9499 7.4
      vertex 17.3299 33.4604 7.4
    endloop
  endfacet
  facet normal 0 0 1
    outer loop
      vertex 15.2541 41.9103 7.4
      vertex 16.7948 38.028 7.4
      vertex 18.8488 40.4213 7.4
    endloop
  endfacet
  facet normal 0 0 1
    outer loop
      vertex 15.2541 41.9103 7.4
      vertex 14.228 39.0912 7.4
      vertex 16.7948 38.028 7.4
    endloop
  endfacet
  facet normal 0 0 1
    outer loop
      vertex 11.5433 43.0803 7.4
      vertex 14.228 39.0912 7.4
      vertex 15.2541 41.9103 7.4
    endloop
  endfacet
  facet normal 0 0 1
    outer loop
      vertex 11.5433 43.0803 7.4
      vertex 10.7669 40.1825 7.4
      vertex 14.228 39.0912 7.4
    endloop
  endfacet
  facet normal 0 0 1
    outer loop
      vertex 7.74471 43.9224 7.4
      vertex 10.7669 40.1825 7.4
      vertex 11.5433 43.0803 7.4
    endloop
  endfacet
  facet normal 0 0 1
    outer loop
      vertex 7.74471 43.9224 7.4
      vertex 7.22375 40.968 7.4
      vertex 10.7669 40.1825 7.4
    endloop
  endfacet
  facet normal 0 0 1
    outer loop
      vertex 3.88715 44.4303 7.4
      vertex 7.22375 40.968 7.4
      vertex 7.74471 43.9224 7.4
    endloop
  endfacet
  facet normal 0 0 1
    outer loop
      vertex 3.88715 44.4303 7.4
      vertex 3.62567 41.4417 7.4
      vertex 7.22375 40.968 7.4
    endloop
  endfacet
  facet normal 0 0 1
    outer loop
      vertex 0 44.6 7.4
      vertex 3.62567 41.4417 7.4
      vertex 3.88715 44.4303 7.4
    endloop
  endfacet
  facet normal 0 0 1
    outer loop
      vertex 0 44.6 7.4
      vertex 0 41.6 7.4
      vertex 3.62567 41.4417 7.4
    endloop
  endfacet
  facet normal 0 0 1
    outer loop
      vertex 0 44.6 7.4
      vertex -3.62567 41.4417 7.4
      vertex 0 41.6 7.4
    endloop
  endfacet
  facet normal -0 0 1
    outer loop
      vertex -3.88715 44.4303 7.4
      vertex -3.62567 41.4417 7.4
      vertex 0 44.6 7.4
    endloop
  endfacet
  facet normal 0 0 1
    outer loop
      vertex -3.88715 44.4303 7.4
      vertex -7.22375 40.968 7.4
      vertex -3.62567 41.4417 7.4
    endloop
  endfacet
  facet normal -0 0 1
    outer loop
      vertex -7.74471 43.9224 7.4
      vertex -7.22375 40.968 7.4
      vertex -3.88715 44.4303 7.4
    endloop
  endfacet
  facet normal 0 0 1
    outer loop
      vertex -7.74471 43.9224 7.4
      vertex -10.7669 40.1825 7.4
      vertex -7.22375 40.968 7.4
    endloop
  endfacet
  facet normal -0 0 1
    outer loop
      vertex -11.5433 43.0803 7.4
      vertex -10.7669 40.1825 7.4
      vertex -7.74471 43.9224 7.4
    endloop
  endfacet
  facet normal 0 0 1
    outer loop
      vertex -11.5433 43.0803 7.4
      vertex -14.228 39.0912 7.4
      vertex -10.7669 40.1825 7.4
    endloop
  endfacet
  facet normal -0 0 1
    outer loop
      vertex -15.2541 41.9103 7.4
      vertex -14.228 39.0912 7.4
      vertex -11.5433 43.0803 7.4
    endloop
  endfacet
  facet normal 0 0 1
    outer loop
      vertex -15.2541 41.9103 7.4
      vertex -17.5809 37.7024 7.4
      vertex -14.228 39.0912 7.4
    endloop
  endfacet
  facet normal -0 0 1
    outer loop
      vertex -18.8488 40.4213 7.4
      vertex -17.5809 37.7024 7.4
      vertex -15.2541 41.9103 7.4
    endloop
  endfacet
  facet normal 0 0 1
    outer loop
      vertex -18.8488 40.4213 7.4
      vertex -20.8 36.0266 7.4
      vertex -17.5809 37.7024 7.4
    endloop
  endfacet
  facet normal -0 0 1
    outer loop
      vertex -22.3 38.6247 7.4
      vertex -20.8 36.0266 7.4
      vertex -18.8488 40.4213 7.4
    endloop
  endfacet
  facet normal 0 0 1
    outer loop
      vertex -22.3 38.6247 7.4
      vertex -23.8608 34.0767 7.4
      vertex -20.8 36.0266 7.4
    endloop
  endfacet
  facet normal -0 0 1
    outer loop
      vertex -25.5815 36.5342 7.4
      vertex -23.8608 34.0767 7.4
      vertex -22.3 38.6247 7.4
    endloop
  endfacet
  facet normal 0 0 1
    outer loop
      vertex -25.5815 36.5342 7.4
      vertex -26.74 31.8674 7.4
      vertex -23.8608 34.0767 7.4
    endloop
  endfacet
  facet normal -0 0 1
    outer loop
      vertex -28.6683 34.1656 7.4
      vertex -26.74 31.8674 7.4
      vertex -25.5815 36.5342 7.4
    endloop
  endfacet
  facet normal 0 0 1
    outer loop
      vertex -28.6683 34.1656 7.4
      vertex -29.4156 29.4156 7.4
      vertex -26.74 31.8674 7.4
    endloop
  endfacet
  facet normal -0 0 1
    outer loop
      vertex -31.537 31.537 7.4
      vertex -29.4156 29.4156 7.4
      vertex -28.6683 34.1656 7.4
    endloop
  endfacet
  facet normal 0 0 1
    outer loop
      vertex -31.537 31.537 7.4
      vertex -31.8674 26.74 7.4
      vertex -29.4156 29.4156 7.4
    endloop
  endfacet
  facet normal -0 0 1
    outer loop
      vertex -34.1656 28.6683 7.4
      vertex -31.8674 26.74 7.4
      vertex -31.537 31.537 7.4
    endloop
  endfacet
  facet normal 0 0 1
    outer loop
      vertex -31.8674 26.74 7.4
      vertex -34.1656 28.6683 7.4
      vertex -34.0767 23.8608 7.4
    endloop
  endfacet
  facet normal -0 0 1
    outer loop
      vertex -36.5342 25.5815 7.4
      vertex -34.0767 23.8608 7.4
      vertex -34.1656 28.6683 7.4
    endloop
  endfacet
  facet normal 0 0 1
    outer loop
      vertex -34.0767 23.8608 7.4
      vertex -36.5342 25.5815 7.4
      vertex -36.0266 20.8 7.4
    endloop
  endfacet
  facet normal -0 0 1
    outer loop
      vertex -38.6247 22.3 7.4
      vertex -36.0266 20.8 7.4
      vertex -36.5342 25.5815 7.4
    endloop
  endfacet
  facet normal 0 0 1
    outer loop
      vertex -36.0266 20.8 7.4
      vertex -38.6247 22.3 7.4
      vertex -37.7024 17.5809 7.4
    endloop
  endfacet
  facet normal -0 0 1
    outer loop
      vertex -40.4213 18.8488 7.4
      vertex -37.7024 17.5809 7.4
      vertex -38.6247 22.3 7.4
    endloop
  endfacet
  facet normal 0 0 1
    outer loop
      vertex -37.7024 17.5809 7.4
      vertex -40.4213 18.8488 7.4
      vertex -39.0912 14.228 7.4
    endloop
  endfacet
  facet normal -0 0 1
    outer loop
      vertex -41.9103 15.2541 7.4
      vertex -39.0912 14.228 7.4
      vertex -40.4213 18.8488 7.4
    endloop
  endfacet
  facet normal 0 0 1
    outer loop
      vertex -39.0912 14.228 7.4
      vertex -41.9103 15.2541 7.4
      vertex -40.1825 10.7669 7.4
    endloop
  endfacet
  facet normal -0 0 1
    outer loop
      vertex -43.0803 11.5433 7.4
      vertex -40.1825 10.7669 7.4
      vertex -41.9103 15.2541 7.4
    endloop
  endfacet
  facet normal 0 0 1
    outer loop
      vertex -40.1825 10.7669 7.4
      vertex -43.0803 11.5433 7.4
      vertex -40.968 7.22375 7.4
    endloop
  endfacet
  facet normal -0 0 1
    outer loop
      vertex -43.9224 7.74471 7.4
      vertex -40.968 7.22375 7.4
      vertex -43.0803 11.5433 7.4
    endloop
  endfacet
  facet normal 0 0 1
    outer loop
      vertex -40.968 7.22375 7.4
      vertex -43.9224 7.74471 7.4
      vertex -41.3306 4.46924 7.4
    endloop
  endfacet
  facet normal 0 0 1
    outer loop
      vertex -44.4303 3.88715 7.4
      vertex -41.3306 4.46924 7.4
      vertex -43.9224 7.74471 7.4
    endloop
  endfacet
  facet normal 0 0 1
    outer loop
      vertex -44.4413 3.63568 7.4
      vertex -41.3306 4.46924 7.4
      vertex -44.4303 3.88715 7.4
    endloop
  endfacet
  facet normal 0 -0 1
    outer loop
      vertex -42.3814 1.59748 7.4
      vertex -41.3306 4.46924 7.4
      vertex -44.4413 3.63568 7.4
    endloop
  endfacet
  facet normal 0 0 1
    outer loop
      vertex -41.3306 4.46924 7.4
      vertex -42.3814 1.59748 7.4
      vertex -41.8 1.7 7.4
    endloop
  endfacet
  facet normal -0 0 1
    outer loop
      vertex -44.5394 3.57009 7.4
      vertex -42.8927 1.30227 7.4
      vertex -44.4413 3.63568 7.4
    endloop
  endfacet
  facet normal 0 0 1
    outer loop
      vertex -42.3814 1.59748 7.4
      vertex -44.4413 3.63568 7.4
      vertex -42.8927 1.30227 7.4
    endloop
  endfacet
  facet normal 0 0 1
    outer loop
      vertex 24.082 -39.3818 7.4
      vertex 21.9927 -37.5021 7.4
      vertex 23.6394 -39.77 7.4
    endloop
  endfacet
  facet normal 0 0 1
    outer loop
      vertex 23.6394 -39.77 7.4
      vertex 21.9927 -37.5021 7.4
      vertex 23.15 -40.097 7.4
    endloop
  endfacet
  facet normal -0 0 1
    outer loop
      vertex 21.4814 -37.7973 7.4
      vertex 23.15 -40.097 7.4
      vertex 21.9927 -37.5021 7.4
    endloop
  endfacet
  facet normal 0 0 1
    outer loop
      vertex 23.15 -40.097 7.4
      vertex 21.4814 -37.7973 7.4
      vertex 22.6221 -40.3573 7.4
    endloop
  endfacet
  facet normal 0 0 1
    outer loop
      vertex 22.6221 -40.3573 7.4
      vertex 21.4814 -37.7973 7.4
      vertex 22.0647 -40.5465 7.4
    endloop
  endfacet
  facet normal 0 0 1
    outer loop
      vertex 22.0647 -40.5465 7.4
      vertex 21.4814 -37.7973 7.4
      vertex 21.4874 -40.6614 7.4
    endloop
  endfacet
  facet normal -0 0 1
    outer loop
      vertex 20.9 -37.8999 7.4
      vertex 21.4874 -40.6614 7.4
      vertex 21.4814 -37.7973 7.4
    endloop
  endfacet
  facet normal 0 0 1
    outer loop
      vertex 20.9 -37.8999 7.4
      vertex 20.9 -40.6999 7.4
      vertex 21.4874 -40.6614 7.4
    endloop
  endfacet
  facet normal 0 0 1
    outer loop
      vertex 20.3126 -40.6614 7.4
      vertex 20.9 -37.8999 7.4
      vertex 20.3186 -37.7973 7.4
    endloop
  endfacet
  facet normal 0 0 1
    outer loop
      vertex 20.9 -37.8999 7.4
      vertex 20.3126 -40.6614 7.4
      vertex 20.9 -40.6999 7.4
    endloop
  endfacet
  facet normal 0 0 1
    outer loop
      vertex 19.072 -40.3051 7.4
      vertex 20.3186 -37.7973 7.4
      vertex 19.8073 -37.5021 7.4
    endloop
  endfacet
  facet normal 0 0 1
    outer loop
      vertex 20.3186 -37.7973 7.4
      vertex 19.7353 -40.5465 7.4
      vertex 20.3126 -40.6614 7.4
    endloop
  endfacet
  facet normal 0 0 1
    outer loop
      vertex 16.7948 -38.028 7.4
      vertex 19.8073 -37.5021 7.4
      vertex 19.4278 -37.0499 7.4
    endloop
  endfacet
  facet normal 0 0 1
    outer loop
      vertex 16.7948 -38.028 7.4
      vertex 19.4278 -37.0499 7.4
      vertex 19.2258 -36.4951 7.4
    endloop
  endfacet
  facet normal 0 0 1
    outer loop
      vertex 20.3186 -37.7973 7.4
      vertex 19.1779 -40.3573 7.4
      vertex 19.7353 -40.5465 7.4
    endloop
  endfacet
  facet normal -0 0 1
    outer loop
      vertex 17.3299 -33.4604 7.4
      vertex 19.8073 -34.8976 7.4
      vertex 17.718 -33.0179 7.4
    endloop
  endfacet
  facet normal 0 0 1
    outer loop
      vertex 20.3186 -37.7973 7.4
      vertex 19.072 -40.3051 7.4
      vertex 19.1779 -40.3573 7.4
    endloop
  endfacet
  facet normal 0 0 1
    outer loop
      vertex 19.8073 -37.5021 7.4
      vertex 16.7948 -38.028 7.4
      vertex 19.072 -40.3051 7.4
    endloop
  endfacet
  facet normal 0 0 1
    outer loop
      vertex 19.8073 -34.8976 7.4
      vertex 17.3299 -33.4604 7.4
      vertex 19.4278 -35.3499 7.4
    endloop
  endfacet
  facet normal -0 0 1
    outer loop
      vertex 17.0029 -33.9499 7.4
      vertex 19.4278 -35.3499 7.4
      vertex 17.3299 -33.4604 7.4
    endloop
  endfacet
  facet normal -0 0 1
    outer loop
      vertex 16.7425 -34.4778 7.4
      vertex 19.4278 -35.3499 7.4
      vertex 17.0029 -33.9499 7.4
    endloop
  endfacet
  facet normal 0 0 1
    outer loop
      vertex 19.4278 -35.3499 7.4
      vertex 16.7425 -34.4778 7.4
      vertex 19.2258 -35.9047 7.4
    endloop
  endfacet
  facet normal -0 0 1
    outer loop
      vertex 16.5533 -35.0352 7.4
      vertex 19.2258 -35.9047 7.4
      vertex 16.7425 -34.4778 7.4
    endloop
  endfacet
  facet normal 0 0 1
    outer loop
      vertex 19.072 -40.3051 7.4
      vertex 16.7948 -38.028 7.4
      vertex 18.8488 -40.4213 7.4
    endloop
  endfacet
  facet normal 0 0 1
    outer loop
      vertex 16.7948 -38.028 7.4
      vertex 15.2541 -41.9103 7.4
      vertex 18.8488 -40.4213 7.4
    endloop
  endfacet
  facet normal -0 0 1
    outer loop
      vertex 14.228 -39.0912 7.4
      vertex 15.2541 -41.9103 7.4
      vertex 16.7948 -38.028 7.4
    endloop
  endfacet
  facet normal 0 0 1
    outer loop
      vertex 14.228 -39.0912 7.4
      vertex 11.5433 -43.0803 7.4
      vertex 15.2541 -41.9103 7.4
    endloop
  endfacet
  facet normal -0 0 1
    outer loop
      vertex 10.7669 -40.1825 7.4
      vertex 11.5433 -43.0803 7.4
      vertex 14.228 -39.0912 7.4
    endloop
  endfacet
  facet normal 0 0 1
    outer loop
      vertex 10.7669 -40.1825 7.4
      vertex 7.74471 -43.9224 7.4
      vertex 11.5433 -43.0803 7.4
    endloop
  endfacet
  facet normal -0 0 1
    outer loop
      vertex 7.22375 -40.968 7.4
      vertex 7.74471 -43.9224 7.4
      vertex 10.7669 -40.1825 7.4
    endloop
  endfacet
  facet normal 0 0 1
    outer loop
      vertex 7.22375 -40.968 7.4
      vertex 3.88715 -44.4303 7.4
      vertex 7.74471 -43.9224 7.4
    endloop
  endfacet
  facet normal -0 0 1
    outer loop
      vertex 3.62567 -41.4417 7.4
      vertex 3.88715 -44.4303 7.4
      vertex 7.22375 -40.968 7.4
    endloop
  endfacet
  facet normal -0 0 1
    outer loop
      vertex 0 -41.6 7.4
      vertex 3.88715 -44.4303 7.4
      vertex 3.62567 -41.4417 7.4
    endloop
  endfacet
  facet normal 0 0 1
    outer loop
      vertex 0 -41.6 7.4
      vertex 0 -44.6 7.4
      vertex 3.88715 -44.4303 7.4
    endloop
  endfacet
  facet normal 0 0 1
    outer loop
      vertex -3.62567 -41.4417 7.4
      vertex 0 -44.6 7.4
      vertex 0 -41.6 7.4
    endloop
  endfacet
  facet normal 0 0 1
    outer loop
      vertex -3.62567 -41.4417 7.4
      vertex -3.88715 -44.4303 7.4
      vertex 0 -44.6 7.4
    endloop
  endfacet
  facet normal 0 0 1
    outer loop
      vertex -7.22375 -40.968 7.4
      vertex -3.88715 -44.4303 7.4
      vertex -3.62567 -41.4417 7.4
    endloop
  endfacet
  facet normal 0 0 1
    outer loop
      vertex -7.22375 -40.968 7.4
      vertex -7.74471 -43.9224 7.4
      vertex -3.88715 -44.4303 7.4
    endloop
  endfacet
  facet normal 0 0 1
    outer loop
      vertex -10.7669 -40.1825 7.4
      vertex -7.74471 -43.9224 7.4
      vertex -7.22375 -40.968 7.4
    endloop
  endfacet
  facet normal 0 0 1
    outer loop
      vertex -10.7669 -40.1825 7.4
      vertex -11.5433 -43.0803 7.4
      vertex -7.74471 -43.9224 7.4
    endloop
  endfacet
  facet normal 0 0 1
    outer loop
      vertex -14.228 -39.0912 7.4
      vertex -11.5433 -43.0803 7.4
      vertex -10.7669 -40.1825 7.4
    endloop
  endfacet
  facet normal 0 0 1
    outer loop
      vertex -14.228 -39.0912 7.4
      vertex -15.2541 -41.9103 7.4
      vertex -11.5433 -43.0803 7.4
    endloop
  endfacet
  facet normal 0 0 1
    outer loop
      vertex -17.5809 -37.7024 7.4
      vertex -15.2541 -41.9103 7.4
      vertex -14.228 -39.0912 7.4
    endloop
  endfacet
  facet normal 0 0 1
    outer loop
      vertex -17.5809 -37.7024 7.4
      vertex -18.8488 -40.4213 7.4
      vertex -15.2541 -41.9103 7.4
    endloop
  endfacet
  facet normal 0 0 1
    outer loop
      vertex -20.8 -36.0266 7.4
      vertex -18.8488 -40.4213 7.4
      vertex -17.5809 -37.7024 7.4
    endloop
  endfacet
  facet normal 0 0 1
    outer loop
      vertex -20.8 -36.0266 7.4
      vertex -22.3 -38.6247 7.4
      vertex -18.8488 -40.4213 7.4
    endloop
  endfacet
  facet normal 0 0 1
    outer loop
      vertex -23.8608 -34.0767 7.4
      vertex -22.3 -38.6247 7.4
      vertex -20.8 -36.0266 7.4
    endloop
  endfacet
  facet normal 0 0 1
    outer loop
      vertex -23.8608 -34.0767 7.4
      vertex -25.5815 -36.5342 7.4
      vertex -22.3 -38.6247 7.4
    endloop
  endfacet
  facet normal 0 0 1
    outer loop
      vertex -26.74 -31.8674 7.4
      vertex -25.5815 -36.5342 7.4
      vertex -23.8608 -34.0767 7.4
    endloop
  endfacet
  facet normal 0 0 1
    outer loop
      vertex -26.74 -31.8674 7.4
      vertex -28.6683 -34.1656 7.4
      vertex -25.5815 -36.5342 7.4
    endloop
  endfacet
  facet normal 0 0 1
    outer loop
      vertex -29.4156 -29.4156 7.4
      vertex -28.6683 -34.1656 7.4
      vertex -26.74 -31.8674 7.4
    endloop
  endfacet
  facet normal 0 0 1
    outer loop
      vertex -29.4156 -29.4156 7.4
      vertex -31.537 -31.537 7.4
      vertex -28.6683 -34.1656 7.4
    endloop
  endfacet
  facet normal 0 0 1
    outer loop
      vertex -31.8674 -26.74 7.4
      vertex -31.537 -31.537 7.4
      vertex -29.4156 -29.4156 7.4
    endloop
  endfacet
  facet normal 0 0 1
    outer loop
      vertex -34.1656 -28.6683 7.4
      vertex -31.8674 -26.74 7.4
      vertex -34.0767 -23.8608 7.4
    endloop
  endfacet
  facet normal 0 0 1
    outer loop
      vertex -31.8674 -26.74 7.4
      vertex -34.1656 -28.6683 7.4
      vertex -31.537 -31.537 7.4
    endloop
  endfacet
  facet normal 0 0 1
    outer loop
      vertex -36.5342 -25.5815 7.4
      vertex -34.0767 -23.8608 7.4
      vertex -36.0266 -20.8 7.4
    endloop
  endfacet
  facet normal 0 0 1
    outer loop
      vertex -34.0767 -23.8608 7.4
      vertex -36.5342 -25.5815 7.4
      vertex -34.1656 -28.6683 7.4
    endloop
  endfacet
  facet normal 0 0 1
    outer loop
      vertex -38.6247 -22.3 7.4
      vertex -36.0266 -20.8 7.4
      vertex -37.7024 -17.5809 7.4
    endloop
  endfacet
  facet normal 0 0 1
    outer loop
      vertex -36.0266 -20.8 7.4
      vertex -38.6247 -22.3 7.4
      vertex -36.5342 -25.5815 7.4
    endloop
  endfacet
  facet normal 0 0 1
    outer loop
      vertex -40.4213 -18.8488 7.4
      vertex -37.7024 -17.5809 7.4
      vertex -39.0912 -14.228 7.4
    endloop
  endfacet
  facet normal 0 0 1
    outer loop
      vertex -41.9103 -15.2541 7.4
      vertex -39.0912 -14.228 7.4
      vertex -40.1825 -10.7669 7.4
    endloop
  endfacet
  facet normal 0 0 1
    outer loop
      vertex -37.7024 -17.5809 7.4
      vertex -40.4213 -18.8488 7.4
      vertex -38.6247 -22.3 7.4
    endloop
  endfacet
  facet normal 0 0 1
    outer loop
      vertex -43.0803 -11.5433 7.4
      vertex -40.1825 -10.7669 7.4
      vertex -40.968 -7.22375 7.4
    endloop
  endfacet
  facet normal 0 0 1
    outer loop
      vertex -43.9224 -7.74471 7.4
      vertex -40.968 -7.22375 7.4
      vertex -41.3306 -4.46924 7.4
    endloop
  endfacet
  facet normal 0 0 1
    outer loop
      vertex -42.3814 -1.59748 7.4
      vertex -41.3306 -4.46924 7.4
      vertex -41.8 -1.7 7.4
    endloop
  endfacet
  facet normal 0 0 1
    outer loop
      vertex -39.0912 -14.228 7.4
      vertex -41.9103 -15.2541 7.4
      vertex -40.4213 -18.8488 7.4
    endloop
  endfacet
  facet normal 0 0 1
    outer loop
      vertex -41.3306 -4.46924 7.4
      vertex -42.3814 -1.59748 7.4
      vertex -44.4413 -3.63568 7.4
    endloop
  endfacet
  facet normal 0 0 1
    outer loop
      vertex -44.4413 -3.63568 7.4
      vertex -42.3814 -1.59748 7.4
      vertex -42.8927 -1.30227 7.4
    endloop
  endfacet
  facet normal 0 0 1
    outer loop
      vertex -40.1825 -10.7669 7.4
      vertex -43.0803 -11.5433 7.4
      vertex -41.9103 -15.2541 7.4
    endloop
  endfacet
  facet normal 0 0 1
    outer loop
      vertex -45.3701 -2.73943 7.4
      vertex -42.8927 -1.30227 7.4
      vertex -43.2722 -0.849999 7.4
    endloop
  endfacet
  facet normal 0 0 1
    outer loop
      vertex -45.9575 -1.72207 7.4
      vertex -43.2722 -0.849999 7.4
      vertex -43.4742 -0.295201 7.4
    endloop
  endfacet
  facet normal -0 0 1
    outer loop
      vertex -44.982 3.18198 7.4
      vertex -42.8927 1.30227 7.4
      vertex -44.5394 3.57009 7.4
    endloop
  endfacet
  facet normal 0 0 1
    outer loop
      vertex -40.968 -7.22375 7.4
      vertex -43.9224 -7.74471 7.4
      vertex -43.0803 -11.5433 7.4
    endloop
  endfacet
  facet normal -0 0 1
    outer loop
      vertex -45.3701 2.73943 7.4
      vertex -42.8927 1.30227 7.4
      vertex -44.982 3.18198 7.4
    endloop
  endfacet
  facet normal 0 0 1
    outer loop
      vertex -42.8927 1.30227 7.4
      vertex -45.3701 2.73943 7.4
      vertex -43.2722 0.849999 7.4
    endloop
  endfacet
  facet normal 0 0 1
    outer loop
      vertex -41.3306 -4.46924 7.4
      vertex -44.4413 -3.63568 7.4
      vertex -44.4303 -3.88715 7.4
    endloop
  endfacet
  facet normal 0 0 1
    outer loop
      vertex -41.3306 -4.46924 7.4
      vertex -44.4303 -3.88715 7.4
      vertex -43.9224 -7.74471 7.4
    endloop
  endfacet
  facet normal -0 0 1
    outer loop
      vertex -45.6971 2.25 7.4
      vertex -43.2722 0.849999 7.4
      vertex -45.3701 2.73943 7.4
    endloop
  endfacet
  facet normal -0 0 1
    outer loop
      vertex -45.9575 1.72207 7.4
      vertex -43.2722 0.849999 7.4
      vertex -45.6971 2.25 7.4
    endloop
  endfacet
  facet normal 0 0 1
    outer loop
      vertex -42.8927 -1.30227 7.4
      vertex -44.982 -3.18198 7.4
      vertex -44.5394 -3.57009 7.4
    endloop
  endfacet
  facet normal 0 0 1
    outer loop
      vertex -42.8927 -1.30227 7.4
      vertex -44.5394 -3.57009 7.4
      vertex -44.4413 -3.63568 7.4
    endloop
  endfacet
  facet normal 0 0 1
    outer loop
      vertex -43.2722 0.849999 7.4
      vertex -45.9575 1.72207 7.4
      vertex -43.4742 0.295201 7.4
    endloop
  endfacet
  facet normal 0 0 1
    outer loop
      vertex -42.8927 -1.30227 7.4
      vertex -45.3701 -2.73943 7.4
      vertex -44.982 -3.18198 7.4
    endloop
  endfacet
  facet normal -0 0 1
    outer loop
      vertex -46.1467 1.16469 7.4
      vertex -43.4742 0.295201 7.4
      vertex -45.9575 1.72207 7.4
    endloop
  endfacet
  facet normal 0 0 1
    outer loop
      vertex -43.2722 -0.849999 7.4
      vertex -45.6971 -2.25 7.4
      vertex -45.3701 -2.73943 7.4
    endloop
  endfacet
  facet normal -0 0 1
    outer loop
      vertex -46.2615 0.587367 7.4
      vertex -43.4742 0.295201 7.4
      vertex -46.1467 1.16469 7.4
    endloop
  endfacet
  facet normal 0 0 1
    outer loop
      vertex -43.2722 -0.849999 7.4
      vertex -45.9575 -1.72207 7.4
      vertex -45.6971 -2.25 7.4
    endloop
  endfacet
  facet normal 0 0 1
    outer loop
      vertex -46.3 0 7.4
      vertex -43.4742 0.295201 7.4
      vertex -46.2615 0.587367 7.4
    endloop
  endfacet
  facet normal 0 0 1
    outer loop
      vertex -43.4742 -0.295201 7.4
      vertex -46.1467 -1.16469 7.4
      vertex -45.9575 -1.72207 7.4
    endloop
  endfacet
  facet normal 0 0 1
    outer loop
      vertex -43.4742 0.295201 7.4
      vertex -46.3 0 7.4
      vertex -43.4742 -0.295201 7.4
    endloop
  endfacet
  facet normal 0 0 1
    outer loop
      vertex -43.4742 -0.295201 7.4
      vertex -46.2615 -0.587367 7.4
      vertex -46.1467 -1.16469 7.4
    endloop
  endfacet
  facet normal 0 0 1
    outer loop
      vertex -43.4742 -0.295201 7.4
      vertex -46.3 0 7.4
      vertex -46.2615 -0.587367 7.4
    endloop
  endfacet
  facet normal -0.980797 -0.19503 0
    outer loop
      vertex -46.1467 -1.16469 2.4
      vertex -46.2615 -0.587367 7.4
      vertex -46.2615 -0.587367 2.4
    endloop
  endfacet
  facet normal -0.980797 -0.19503 0
    outer loop
      vertex -46.2615 -0.587367 7.4
      vertex -46.1467 -1.16469 2.4
      vertex -46.1467 -1.16469 7.4
    endloop
  endfacet
  facet normal 0.442314 -0.89686 0
    outer loop
      vertex -40.0779 -4.15746 2.4
      vertex -39.55 -3.89711 7.4
      vertex -40.0779 -4.15746 7.4
    endloop
  endfacet
  facet normal 0.442314 -0.89686 0
    outer loop
      vertex -39.55 -3.89711 7.4
      vertex -40.0779 -4.15746 2.4
      vertex -39.55 -3.89711 2.4
    endloop
  endfacet
  facet normal 0.980797 0.19503 0
    outer loop
      vertex -37.3385 0.587367 7.4
      vertex -37.4533 1.16469 2.4
      vertex -37.4533 1.16469 7.4
    endloop
  endfacet
  facet normal 0.980797 0.19503 0
    outer loop
      vertex -37.4533 1.16469 2.4
      vertex -37.3385 0.587367 7.4
      vertex -37.3385 0.587367 2.4
    endloop
  endfacet
  facet normal 0.555586 0.831459 4.31394e-06
    outer loop
      vertex -39.0606 3.57009 7.4
      vertex -39.191 3.65725 2.4
      vertex -39.55 3.89711 7.4
    endloop
  endfacet
  facet normal 0.5557 0.831383 -0
    outer loop
      vertex -39.0606 3.57009 0
      vertex -39.191 3.65725 2.4
      vertex -39.0606 3.57009 7.4
    endloop
  endfacet
  facet normal 0.5557 0.831383 0
    outer loop
      vertex -39.191 3.65725 2.4
      vertex -39.0606 3.57009 0
      vertex -39.191 3.65725 0
    endloop
  endfacet
  facet normal 0.555544 0.831487 0
    outer loop
      vertex -39.55 3.89711 7.4
      vertex -39.191 3.65725 2.4
      vertex -39.55 3.89711 2.4
    endloop
  endfacet
  facet normal -0.946933 -0.321432 0
    outer loop
      vertex -45.9575 -1.72207 2.4
      vertex -46.1467 -1.16469 7.4
      vertex -46.1467 -1.16469 2.4
    endloop
  endfacet
  facet normal -0.946933 -0.321432 0
    outer loop
      vertex -46.1467 -1.16469 7.4
      vertex -45.9575 -1.72207 2.4
      vertex -45.9575 -1.72207 7.4
    endloop
  endfacet
  facet normal 0.321437 0.946931 -0
    outer loop
      vertex -40.0779 4.15746 2.4
      vertex -40.6353 4.34667 7.4
      vertex -40.0779 4.15746 7.4
    endloop
  endfacet
  facet normal 0.321437 0.946931 0
    outer loop
      vertex -40.6353 4.34667 7.4
      vertex -40.0779 4.15746 2.4
      vertex -40.6353 4.34667 2.4
    endloop
  endfacet
  facet normal 0.946933 0.321432 0
    outer loop
      vertex -37.4533 1.16469 7.4
      vertex -37.6425 1.72207 2.4
      vertex -37.6425 1.72207 7.4
    endloop
  endfacet
  facet normal 0.946933 0.321432 0
    outer loop
      vertex -37.6425 1.72207 2.4
      vertex -37.4533 1.16469 7.4
      vertex -37.4533 1.16469 2.4
    endloop
  endfacet
  facet normal -0.321437 -0.946931 0
    outer loop
      vertex -43.5221 -4.15746 0
      vertex -42.9647 -4.34667 2.3
      vertex -43.5221 -4.15746 2.3
    endloop
  endfacet
  facet normal -0.321437 -0.946931 -0
    outer loop
      vertex -42.9647 -4.34667 2.3
      vertex -43.5221 -4.15746 0
      vertex -42.9647 -4.34667 0
    endloop
  endfacet
  facet normal 0.321437 -0.946931 0
    outer loop
      vertex -40.6353 -4.34667 2.4
      vertex -40.0779 -4.15746 7.4
      vertex -40.6353 -4.34667 7.4
    endloop
  endfacet
  facet normal 0.321437 -0.946931 0
    outer loop
      vertex -40.0779 -4.15746 7.4
      vertex -40.6353 -4.34667 2.4
      vertex -40.0779 -4.15746 2.4
    endloop
  endfacet
  facet normal 0.896853 0.442328 0
    outer loop
      vertex -37.9029 2.25 7.4
      vertex -37.7796 2 2.4
      vertex -37.9029 2.25 0
    endloop
  endfacet
  facet normal 0.896837 0.442362 -2.11702e-06
    outer loop
      vertex -37.6425 1.72207 7.4
      vertex -37.7796 2 2.4
      vertex -37.9029 2.25 7.4
    endloop
  endfacet
  facet normal 0.896821 0.442393 0
    outer loop
      vertex -37.7796 2 2.4
      vertex -37.6425 1.72207 7.4
      vertex -37.6425 1.72207 2.4
    endloop
  endfacet
  facet normal 0.896853 0.442328 0
    outer loop
      vertex -37.9029 2.25 0
      vertex -37.7796 2 2.4
      vertex -37.7796 2 0
    endloop
  endfacet
  facet normal 0.946933 -0.321432 0
    outer loop
      vertex -37.6425 -1.72207 7.4
      vertex -37.4533 -1.16469 2.4
      vertex -37.4533 -1.16469 7.4
    endloop
  endfacet
  facet normal 0.946933 -0.321432 0
    outer loop
      vertex -37.4533 -1.16469 2.4
      vertex -37.6425 -1.72207 7.4
      vertex -37.6425 -1.72207 2.4
    endloop
  endfacet
  facet normal -0.997859 -0.0654064 0
    outer loop
      vertex -46.2615 -0.587367 2.4
      vertex -46.3 0 7.4
      vertex -46.3 0 2.4
    endloop
  endfacet
  facet normal -0.997859 -0.0654064 0
    outer loop
      vertex -46.3 0 7.4
      vertex -46.2615 -0.587367 2.4
      vertex -46.2615 -0.587367 7.4
    endloop
  endfacet
  facet normal 0.980797 -0.19503 0
    outer loop
      vertex -37.4533 -1.16469 7.4
      vertex -37.3385 -0.587367 2.4
      vertex -37.3385 -0.587367 7.4
    endloop
  endfacet
  facet normal 0.980797 -0.19503 0
    outer loop
      vertex -37.3385 -0.587367 2.4
      vertex -37.4533 -1.16469 7.4
      vertex -37.4533 -1.16469 2.4
    endloop
  endfacet
  facet normal 0 0 -1
    outer loop
      vertex -30.1596 25.3069 0
      vertex -31.8449 26.7211 0
      vertex -30.7473 27.9189 0
    endloop
  endfacet
  facet normal 0 0 -1
    outer loop
      vertex -32.2505 22.582 0
      vertex -31.8449 26.7211 0
      vertex -30.1596 25.3069 0
    endloop
  endfacet
  facet normal 0 0 -1
    outer loop
      vertex -32.2505 22.582 0
      vertex -34.0526 23.8439 0
      vertex -31.8449 26.7211 0
    endloop
  endfacet
  facet normal 0 0 -1
    outer loop
      vertex -34.0959 19.6853 0
      vertex -34.0526 23.8439 0
      vertex -32.2505 22.582 0
    endloop
  endfacet
  facet normal 0 0 -1
    outer loop
      vertex -36.0012 20.7853 0
      vertex -34.0959 19.6853 0
      vertex -35.6819 16.6387 0
    endloop
  endfacet
  facet normal 0 0 -1
    outer loop
      vertex -34.0959 19.6853 0
      vertex -36.0012 20.7853 0
      vertex -34.0526 23.8439 0
    endloop
  endfacet
  facet normal 0 0 -1
    outer loop
      vertex -37.6757 17.5685 0
      vertex -35.6819 16.6387 0
      vertex -36.9962 13.4655 0
    endloop
  endfacet
  facet normal 0 0 -1
    outer loop
      vertex -35.6819 16.6387 0
      vertex -37.6757 17.5685 0
      vertex -36.0012 20.7853 0
    endloop
  endfacet
  facet normal 0 0 -1
    outer loop
      vertex -39.0636 14.218 0
      vertex -36.9962 13.4655 0
      vertex -38.0291 10.1898 0
    endloop
  endfacet
  facet normal 0 0 -1
    outer loop
      vertex -40.1541 10.7592 0
      vertex -38.0291 10.1898 0
      vertex -38.7724 6.83662 0
    endloop
  endfacet
  facet normal 0 0 -1
    outer loop
      vertex -36.9962 13.4655 0
      vertex -39.0636 14.218 0
      vertex -37.6757 17.5685 0
    endloop
  endfacet
  facet normal 0 0 -1
    outer loop
      vertex -41.3013 4.46731 0
      vertex -38.7724 6.83662 0
      vertex -39.191 3.65725 0
    endloop
  endfacet
  facet normal 0 0 -1
    outer loop
      vertex -39.6758 2.33019 0
      vertex -38.618 3.18198 0
      vertex -39.2904 1.90743 0
    endloop
  endfacet
  facet normal -0 0 -1
    outer loop
      vertex -38.618 3.18198 0
      vertex -39.6758 2.33019 0
      vertex -39.0606 3.57009 0
    endloop
  endfacet
  facet normal 0 0 -1
    outer loop
      vertex -39.6836 2.3361 0
      vertex -39.0606 3.57009 0
      vertex -39.6758 2.33019 0
    endloop
  endfacet
  facet normal -0 0 -1
    outer loop
      vertex -39.0606 3.57009 0
      vertex -39.6836 2.3361 0
      vertex -39.191 3.65725 0
    endloop
  endfacet
  facet normal 0 0 -1
    outer loop
      vertex -40.1401 2.68084 0
      vertex -39.191 3.65725 0
      vertex -39.6836 2.3361 0
    endloop
  endfacet
  facet normal 0 0 -1
    outer loop
      vertex -40.6522 2.93583 0
      vertex -39.191 3.65725 0
      vertex -40.1401 2.68084 0
    endloop
  endfacet
  facet normal 0 0 -1
    outer loop
      vertex -38.0291 10.1898 0
      vertex -40.1541 10.7592 0
      vertex -39.0636 14.218 0
    endloop
  endfacet
  facet normal 0 0 -1
    outer loop
      vertex -40.661 2.9402 0
      vertex -39.191 3.65725 0
      vertex -40.6522 2.93583 0
    endloop
  endfacet
  facet normal -0 0 -1
    outer loop
      vertex -39.191 3.65725 0
      vertex -40.661 2.9402 0
      vertex -41.3013 4.46731 0
    endloop
  endfacet
  facet normal 0 0 -1
    outer loop
      vertex -41.3013 4.46731 0
      vertex -40.661 2.9402 0
      vertex -40.6704 2.94288 0
    endloop
  endfacet
  facet normal 0 0 -1
    outer loop
      vertex -38.7724 6.83662 0
      vertex -40.939 7.21864 0
      vertex -40.1541 10.7592 0
    endloop
  endfacet
  facet normal 0 0 -1
    outer loop
      vertex -41.3013 4.46731 0
      vertex -40.6704 2.94288 0
      vertex -41.2206 3.09944 0
    endloop
  endfacet
  facet normal 0 0 -1
    outer loop
      vertex -41.3013 4.46731 0
      vertex -41.2206 3.09944 0
      vertex -41.2304 3.10034 0
    endloop
  endfacet
  facet normal -0 0 -1
    outer loop
      vertex -38.7724 6.83662 0
      vertex -41.3013 4.46731 0
      vertex -40.939 7.21864 0
    endloop
  endfacet
  facet normal 0 0 -1
    outer loop
      vertex -41.8 3.15313 0
      vertex -41.3013 4.46731 0
      vertex -41.2304 3.10034 0
    endloop
  endfacet
  facet normal 0 0 -1
    outer loop
      vertex -41.8 3.15313 0
      vertex -41.8 4.5 0
      vertex -41.3013 4.46731 0
    endloop
  endfacet
  facet normal 0 0 -1
    outer loop
      vertex -42.3874 4.4615 0
      vertex -41.8 3.15313 0
      vertex -42.3696 3.10034 0
    endloop
  endfacet
  facet normal 0 0 -1
    outer loop
      vertex -42.3874 4.4615 0
      vertex -42.3696 3.10034 0
      vertex -42.3794 3.09944 0
    endloop
  endfacet
  facet normal 0 0 -1
    outer loop
      vertex -41.8 3.15313 0
      vertex -42.3874 4.4615 0
      vertex -41.8 4.5 0
    endloop
  endfacet
  facet normal 0 0 -1
    outer loop
      vertex -42.9647 4.34667 0
      vertex -42.3794 3.09944 0
      vertex -42.9296 2.94288 0
    endloop
  endfacet
  facet normal 0 0 -1
    outer loop
      vertex -43.5221 4.15746 0
      vertex -42.9296 2.94288 0
      vertex -42.939 2.9402 0
    endloop
  endfacet
  facet normal 0 0 -1
    outer loop
      vertex -43.5221 4.15746 0
      vertex -42.939 2.9402 0
      vertex -42.9478 2.93583 0
    endloop
  endfacet
  facet normal 0 0 -1
    outer loop
      vertex -42.3794 3.09944 0
      vertex -42.9647 4.34667 0
      vertex -42.3874 4.4615 0
    endloop
  endfacet
  facet normal 0 0 -1
    outer loop
      vertex -43.8087 4.01611 0
      vertex -42.9478 2.93583 0
      vertex -43.4599 2.68084 0
    endloop
  endfacet
  facet normal 0 0 -1
    outer loop
      vertex -42.9296 2.94288 0
      vertex -43.5221 4.15746 0
      vertex -42.9647 4.34667 0
    endloop
  endfacet
  facet normal 0 0 -1
    outer loop
      vertex -42.9478 2.93583 0
      vertex -43.8087 4.01611 0
      vertex -43.5221 4.15746 0
    endloop
  endfacet
  facet normal 0 -0 -1
    outer loop
      vertex -43.8087 4.01611 0
      vertex -43.4599 2.68084 0
      vertex -43.9164 2.3361 0
    endloop
  endfacet
  facet normal 0 0 -1
    outer loop
      vertex -31.8449 -26.7211 0
      vertex -30.1596 -25.3069 0
      vertex -30.7473 -27.9189 0
    endloop
  endfacet
  facet normal 0 0 -1
    outer loop
      vertex -31.8449 -26.7211 0
      vertex -32.2505 -22.582 0
      vertex -30.1596 -25.3069 0
    endloop
  endfacet
  facet normal 0 0 -1
    outer loop
      vertex -34.0526 -23.8439 0
      vertex -32.2505 -22.582 0
      vertex -31.8449 -26.7211 0
    endloop
  endfacet
  facet normal 0 0 -1
    outer loop
      vertex -34.0526 -23.8439 0
      vertex -34.0959 -19.6853 0
      vertex -32.2505 -22.582 0
    endloop
  endfacet
  facet normal 0 0 -1
    outer loop
      vertex -36.0012 -20.7853 0
      vertex -34.0959 -19.6853 0
      vertex -34.0526 -23.8439 0
    endloop
  endfacet
  facet normal -0 0 -1
    outer loop
      vertex -34.0959 -19.6853 0
      vertex -36.0012 -20.7853 0
      vertex -35.6819 -16.6387 0
    endloop
  endfacet
  facet normal 0 0 -1
    outer loop
      vertex -37.6757 -17.5685 0
      vertex -35.6819 -16.6387 0
      vertex -36.0012 -20.7853 0
    endloop
  endfacet
  facet normal -0 0 -1
    outer loop
      vertex -35.6819 -16.6387 0
      vertex -37.6757 -17.5685 0
      vertex -36.9962 -13.4655 0
    endloop
  endfacet
  facet normal 0 0 -1
    outer loop
      vertex -39.0636 -14.218 0
      vertex -36.9962 -13.4655 0
      vertex -37.6757 -17.5685 0
    endloop
  endfacet
  facet normal -0 0 -1
    outer loop
      vertex -36.9962 -13.4655 0
      vertex -39.0636 -14.218 0
      vertex -38.0291 -10.1898 0
    endloop
  endfacet
  facet normal 0 0 -1
    outer loop
      vertex -40.1541 -10.7592 0
      vertex -38.0291 -10.1898 0
      vertex -39.0636 -14.218 0
    endloop
  endfacet
  facet normal -0 0 -1
    outer loop
      vertex -38.0291 -10.1898 0
      vertex -40.1541 -10.7592 0
      vertex -38.7724 -6.83662 0
    endloop
  endfacet
  facet normal 0 0 -1
    outer loop
      vertex -40.939 -7.21864 0
      vertex -38.7724 -6.83662 0
      vertex -40.1541 -10.7592 0
    endloop
  endfacet
  facet normal 0 0 -1
    outer loop
      vertex -41.3013 -4.46731 0
      vertex -38.7724 -6.83662 0
      vertex -40.939 -7.21864 0
    endloop
  endfacet
  facet normal 0 0 -1
    outer loop
      vertex -39.191 -3.65725 0
      vertex -39.2838 -1.90018 0
      vertex -39.2786 -1.89185 0
    endloop
  endfacet
  facet normal 0 0 -1
    outer loop
      vertex -38.7724 -6.83662 0
      vertex -41.3013 -4.46731 0
      vertex -39.191 -3.65725 0
    endloop
  endfacet
  facet normal 0 0 -1
    outer loop
      vertex -39.191 -3.65725 0
      vertex -39.2904 -1.90743 0
      vertex -39.2838 -1.90018 0
    endloop
  endfacet
  facet normal 0 0 -1
    outer loop
      vertex -39.191 -3.65725 0
      vertex -39.6758 -2.33019 0
      vertex -39.2904 -1.90743 0
    endloop
  endfacet
  facet normal 0 0 -1
    outer loop
      vertex -39.191 -3.65725 0
      vertex -39.6836 -2.3361 0
      vertex -39.6758 -2.33019 0
    endloop
  endfacet
  facet normal 0 0 -1
    outer loop
      vertex -39.191 -3.65725 0
      vertex -40.1401 -2.68084 0
      vertex -39.6836 -2.3361 0
    endloop
  endfacet
  facet normal 0 -0 -1
    outer loop
      vertex -40.661 -2.9402 0
      vertex -39.191 -3.65725 0
      vertex -41.3013 -4.46731 0
    endloop
  endfacet
  facet normal 0 0 -1
    outer loop
      vertex -39.191 -3.65725 0
      vertex -40.6522 -2.93583 0
      vertex -40.1401 -2.68084 0
    endloop
  endfacet
  facet normal 0 0 -1
    outer loop
      vertex -39.191 -3.65725 0
      vertex -40.661 -2.9402 0
      vertex -40.6522 -2.93583 0
    endloop
  endfacet
  facet normal 0 0 -1
    outer loop
      vertex -40.661 -2.9402 0
      vertex -41.3013 -4.46731 0
      vertex -40.6704 -2.94288 0
    endloop
  endfacet
  facet normal 0 0 -1
    outer loop
      vertex -40.6704 -2.94288 0
      vertex -41.3013 -4.46731 0
      vertex -41.2206 -3.09944 0
    endloop
  endfacet
  facet normal 0 0 -1
    outer loop
      vertex -41.2206 -3.09944 0
      vertex -41.3013 -4.46731 0
      vertex -41.2304 -3.10034 0
    endloop
  endfacet
  facet normal 0 0 -1
    outer loop
      vertex -41.8 -3.15313 0
      vertex -41.3013 -4.46731 0
      vertex -41.8 -4.5 0
    endloop
  endfacet
  facet normal 0 0 -1
    outer loop
      vertex -41.3013 -4.46731 0
      vertex -41.8 -3.15313 0
      vertex -41.2304 -3.10034 0
    endloop
  endfacet
  facet normal 0 0 -1
    outer loop
      vertex -42.3874 -4.4615 0
      vertex -41.8 -3.15313 0
      vertex -41.8 -4.5 0
    endloop
  endfacet
  facet normal -0 0 -1
    outer loop
      vertex -41.8 -3.15313 0
      vertex -42.3874 -4.4615 0
      vertex -42.3696 -3.10034 0
    endloop
  endfacet
  facet normal -0 0 -1
    outer loop
      vertex -42.3696 -3.10034 0
      vertex -42.3874 -4.4615 0
      vertex -42.3794 -3.09944 0
    endloop
  endfacet
  facet normal 0 0 -1
    outer loop
      vertex -42.9647 -4.34667 0
      vertex -42.3794 -3.09944 0
      vertex -42.3874 -4.4615 0
    endloop
  endfacet
  facet normal -0 0 -1
    outer loop
      vertex -42.3794 -3.09944 0
      vertex -42.9647 -4.34667 0
      vertex -42.9296 -2.94288 0
    endloop
  endfacet
  facet normal 0 0 -1
    outer loop
      vertex -43.5221 -4.15746 0
      vertex -42.9296 -2.94288 0
      vertex -42.9647 -4.34667 0
    endloop
  endfacet
  facet normal -0 0 -1
    outer loop
      vertex -42.9296 -2.94288 0
      vertex -43.5221 -4.15746 0
      vertex -42.939 -2.9402 0
    endloop
  endfacet
  facet normal -0 0 -1
    outer loop
      vertex -42.939 -2.9402 0
      vertex -43.5221 -4.15746 0
      vertex -42.9478 -2.93583 0
    endloop
  endfacet
  facet normal 0 0 -1
    outer loop
      vertex -43.8087 -4.01611 0
      vertex -42.9478 -2.93583 0
      vertex -43.5221 -4.15746 0
    endloop
  endfacet
  facet normal -0 0 -1
    outer loop
      vertex -42.9478 -2.93583 0
      vertex -43.8087 -4.01611 0
      vertex -43.4599 -2.68084 0
    endloop
  endfacet
  facet normal -0 0 -1
    outer loop
      vertex -43.4599 -2.68084 0
      vertex -43.8087 -4.01611 0
      vertex -43.9164 -2.3361 0
    endloop
  endfacet
  facet normal 0 0 -1
    outer loop
      vertex -38.7708 0.872035 0
      vertex -37.7796 2 0
      vertex -38.7672 0.862893 0
    endloop
  endfacet
  facet normal 0 0 -1
    outer loop
      vertex -38.9774 1.40547 0
      vertex -37.7796 2 0
      vertex -38.7708 0.872035 0
    endloop
  endfacet
  facet normal -0 0 -1
    outer loop
      vertex -37.7796 2 0
      vertex -38.9774 1.40547 0
      vertex -37.9029 2.25 0
    endloop
  endfacet
  facet normal 0 0 -1
    outer loop
      vertex -39.2786 1.89185 0
      vertex -37.9029 2.25 0
      vertex -38.9774 1.40547 0
    endloop
  endfacet
  facet normal -0 0 -1
    outer loop
      vertex -37.9029 2.25 0
      vertex -39.2786 1.89185 0
      vertex -38.2299 2.73943 0
    endloop
  endfacet
  facet normal 0 0 -1
    outer loop
      vertex -39.2838 1.90018 0
      vertex -38.2299 2.73943 0
      vertex -39.2786 1.89185 0
    endloop
  endfacet
  facet normal 0 0 -1
    outer loop
      vertex -39.2904 1.90743 0
      vertex -38.2299 2.73943 0
      vertex -39.2838 1.90018 0
    endloop
  endfacet
  facet normal -0 0 -1
    outer loop
      vertex -38.2299 2.73943 0
      vertex -39.2904 1.90743 0
      vertex -38.618 3.18198 0
    endloop
  endfacet
  facet normal 0 0 -1
    outer loop
      vertex -25.0857 21.0494 0
      vertex -23.4004 19.6353 0
      vertex -25.0227 17.5211 0
    endloop
  endfacet
  facet normal 0 0 -1
    outer loop
      vertex -23.4004 19.6353 0
      vertex -25.0857 21.0494 0
      vertex -24.5081 21.6797 0
    endloop
  endfacet
  facet normal 0 0 -1
    outer loop
      vertex -26.8248 18.7829 0
      vertex -25.0227 17.5211 0
      vertex -26.4545 15.2735 0
    endloop
  endfacet
  facet normal 0 0 -1
    outer loop
      vertex -25.0227 17.5211 0
      vertex -26.8248 18.7829 0
      vertex -25.0857 21.0494 0
    endloop
  endfacet
  facet normal 0 0 -1
    outer loop
      vertex -28.3598 16.3735 0
      vertex -26.4545 15.2735 0
      vertex -27.685 12.9097 0
    endloop
  endfacet
  facet normal 0 0 -1
    outer loop
      vertex -26.4545 15.2735 0
      vertex -28.3598 16.3735 0
      vertex -26.8248 18.7829 0
    endloop
  endfacet
  facet normal 0 0 -1
    outer loop
      vertex -29.6789 13.8395 0
      vertex -27.685 12.9097 0
      vertex -28.7048 10.4477 0
    endloop
  endfacet
  facet normal 0 0 -1
    outer loop
      vertex -30.7722 11.2001 0
      vertex -28.7048 10.4477 0
      vertex -29.5062 7.90616 0
    endloop
  endfacet
  facet normal 0 0 -1
    outer loop
      vertex -27.685 12.9097 0
      vertex -29.6789 13.8395 0
      vertex -28.3598 16.3735 0
    endloop
  endfacet
  facet normal 0 0 -1
    outer loop
      vertex -31.6312 8.47556 0
      vertex -29.5062 7.90616 0
      vertex -30.083 5.30443 0
    endloop
  endfacet
  facet normal 0 0 -1
    outer loop
      vertex -32.2495 5.68646 0
      vertex -30.083 5.30443 0
      vertex -30.4308 2.66234 0
    endloop
  endfacet
  facet normal 0 0 -1
    outer loop
      vertex -28.7048 10.4477 0
      vertex -30.7722 11.2001 0
      vertex -29.6789 13.8395 0
    endloop
  endfacet
  facet normal 0 0 -1
    outer loop
      vertex -32.6224 2.85408 0
      vertex -30.4308 2.66234 0
      vertex -30.4597 2 0
    endloop
  endfacet
  facet normal 0 0 -1
    outer loop
      vertex -32.6224 -2.85408 0
      vertex -30.4308 -2.66234 0
      vertex -32.2495 -5.68646 0
    endloop
  endfacet
  facet normal -0 0 -1
    outer loop
      vertex -30.4308 -2.66234 0
      vertex -32.6224 -2.85408 0
      vertex -30.4597 -2 0
    endloop
  endfacet
  facet normal 0 0 -1
    outer loop
      vertex -29.5062 7.90616 0
      vertex -31.6312 8.47556 0
      vertex -30.7722 11.2001 0
    endloop
  endfacet
  facet normal 0 0 -1
    outer loop
      vertex -32.6597 -2 0
      vertex -30.4597 -2 0
      vertex -32.6224 -2.85408 0
    endloop
  endfacet
  facet normal 0 0 -1
    outer loop
      vertex -32.6597 2 0
      vertex -30.4597 2 0
      vertex -32.6597 -2 0
    endloop
  endfacet
  facet normal 0 0 -1
    outer loop
      vertex -30.4597 -2 0
      vertex -32.6597 -2 0
      vertex -30.4597 2 0
    endloop
  endfacet
  facet normal 0 0 -1
    outer loop
      vertex -30.083 5.30443 0
      vertex -32.2495 5.68646 0
      vertex -31.6312 8.47556 0
    endloop
  endfacet
  facet normal 0 -0 -1
    outer loop
      vertex -32.6224 2.85408 0
      vertex -30.4597 2 0
      vertex -32.6597 2 0
    endloop
  endfacet
  facet normal 0 0 -1
    outer loop
      vertex -30.4308 2.66234 0
      vertex -32.6224 2.85408 0
      vertex -32.2495 5.68646 0
    endloop
  endfacet
  facet normal 0 0 -1
    outer loop
      vertex -37.7796 -2 0
      vertex -32.6597 2 0
      vertex -32.6597 -2 0
    endloop
  endfacet
  facet normal 0 0 -1
    outer loop
      vertex -37.7796 -2 0
      vertex -37.7796 2 0
      vertex -32.6597 2 0
    endloop
  endfacet
  facet normal 0 0 -1
    outer loop
      vertex -38.9774 -1.40547 0
      vertex -37.7796 -2 0
      vertex -37.9029 -2.25 0
    endloop
  endfacet
  facet normal 0 0 -1
    outer loop
      vertex -37.7796 -2 0
      vertex -38.6603 -0.290933 0
      vertex -37.7796 2 0
    endloop
  endfacet
  facet normal 0 0 -1
    outer loop
      vertex -39.2786 -1.89185 0
      vertex -37.9029 -2.25 0
      vertex -38.2299 -2.73943 0
    endloop
  endfacet
  facet normal 0 0 -1
    outer loop
      vertex -38.6603 0.290933 0
      vertex -37.7796 2 0
      vertex -38.6603 -0.290933 0
    endloop
  endfacet
  facet normal 0 0 -1
    outer loop
      vertex -39.2786 -1.89185 0
      vertex -38.2299 -2.73943 0
      vertex -38.618 -3.18198 0
    endloop
  endfacet
  facet normal 0 0 -1
    outer loop
      vertex -38.7654 0.853257 0
      vertex -37.7796 2 0
      vertex -38.6603 0.290933 0
    endloop
  endfacet
  facet normal 0 0 -1
    outer loop
      vertex -38.7672 0.862893 0
      vertex -37.7796 2 0
      vertex -38.7654 0.853257 0
    endloop
  endfacet
  facet normal 0 0 -1
    outer loop
      vertex -37.7796 -2 0
      vertex -38.7654 -0.853257 0
      vertex -38.6603 -0.290933 0
    endloop
  endfacet
  facet normal 0 0 -1
    outer loop
      vertex -37.7796 -2 0
      vertex -38.7672 -0.862893 0
      vertex -38.7654 -0.853257 0
    endloop
  endfacet
  facet normal 0 0 -1
    outer loop
      vertex -37.7796 -2 0
      vertex -38.7708 -0.872035 0
      vertex -38.7672 -0.862893 0
    endloop
  endfacet
  facet normal 0 0 -1
    outer loop
      vertex -37.7796 -2 0
      vertex -38.9774 -1.40547 0
      vertex -38.7708 -0.872035 0
    endloop
  endfacet
  facet normal 0 0 -1
    outer loop
      vertex -39.2786 -1.89185 0
      vertex -38.618 -3.18198 0
      vertex -39.0606 -3.57009 0
    endloop
  endfacet
  facet normal 0 0 -1
    outer loop
      vertex -39.2786 -1.89185 0
      vertex -39.0606 -3.57009 0
      vertex -39.191 -3.65725 0
    endloop
  endfacet
  facet normal 0 0 -1
    outer loop
      vertex -37.9029 -2.25 0
      vertex -39.2786 -1.89185 0
      vertex -38.9774 -1.40547 0
    endloop
  endfacet
  facet normal 0 0 -1
    outer loop
      vertex -25.0857 -21.0494 0
      vertex -23.4004 -19.6353 0
      vertex -24.5081 -21.6797 0
    endloop
  endfacet
  facet normal -0 0 -1
    outer loop
      vertex -23.4004 -19.6353 0
      vertex -25.0857 -21.0494 0
      vertex -25.0227 -17.5211 0
    endloop
  endfacet
  facet normal 0 0 -1
    outer loop
      vertex -26.8248 -18.7829 0
      vertex -25.0227 -17.5211 0
      vertex -25.0857 -21.0494 0
    endloop
  endfacet
  facet normal -0 0 -1
    outer loop
      vertex -25.0227 -17.5211 0
      vertex -26.8248 -18.7829 0
      vertex -26.4545 -15.2735 0
    endloop
  endfacet
  facet normal 0 0 -1
    outer loop
      vertex -28.3598 -16.3735 0
      vertex -26.4545 -15.2735 0
      vertex -26.8248 -18.7829 0
    endloop
  endfacet
  facet normal -0 0 -1
    outer loop
      vertex -26.4545 -15.2735 0
      vertex -28.3598 -16.3735 0
      vertex -27.685 -12.9097 0
    endloop
  endfacet
  facet normal 0 0 -1
    outer loop
      vertex -29.6789 -13.8395 0
      vertex -27.685 -12.9097 0
      vertex -28.3598 -16.3735 0
    endloop
  endfacet
  facet normal -0 0 -1
    outer loop
      vertex -27.685 -12.9097 0
      vertex -29.6789 -13.8395 0
      vertex -28.7048 -10.4477 0
    endloop
  endfacet
  facet normal 0 0 -1
    outer loop
      vertex -30.7722 -11.2001 0
      vertex -28.7048 -10.4477 0
      vertex -29.6789 -13.8395 0
    endloop
  endfacet
  facet normal -0 0 -1
    outer loop
      vertex -28.7048 -10.4477 0
      vertex -30.7722 -11.2001 0
      vertex -29.5062 -7.90616 0
    endloop
  endfacet
  facet normal 0 0 -1
    outer loop
      vertex -31.6312 -8.47556 0
      vertex -29.5062 -7.90616 0
      vertex -30.7722 -11.2001 0
    endloop
  endfacet
  facet normal -0 0 -1
    outer loop
      vertex -30.083 -5.30443 0
      vertex -32.2495 -5.68646 0
      vertex -30.4308 -2.66234 0
    endloop
  endfacet
  facet normal 0 0 -1
    outer loop
      vertex -32.2495 -5.68646 0
      vertex -30.083 -5.30443 0
      vertex -31.6312 -8.47556 0
    endloop
  endfacet
  facet normal -0 0 -1
    outer loop
      vertex -29.5062 -7.90616 0
      vertex -31.6312 -8.47556 0
      vertex -30.083 -5.30443 0
    endloop
  endfacet
  facet normal 0 0 -1
    outer loop
      vertex -16.7067 13.8783 0
      vertex -18.3265 15.3777 0
      vertex -18.269 15.4405 0
    endloop
  endfacet
  facet normal 0 0 -1
    outer loop
      vertex -19.597 13.722 0
      vertex -17.7949 12.4601 0
      vertex -18.8131 10.8618 0
    endloop
  endfacet
  facet normal -0 0 -1
    outer loop
      vertex -16.7067 13.8783 0
      vertex -19.597 13.722 0
      vertex -18.3265 15.3777 0
    endloop
  endfacet
  facet normal 0 0 -1
    outer loop
      vertex -20.7184 11.9618 0
      vertex -18.8131 10.8618 0
      vertex -19.6882 9.18076 0
    endloop
  endfacet
  facet normal 0 0 -1
    outer loop
      vertex -21.6821 10.1105 0
      vertex -19.6882 9.18076 0
      vertex -20.4134 7.42987 0
    endloop
  endfacet
  facet normal 0 0 -1
    outer loop
      vertex -18.8131 10.8618 0
      vertex -20.7184 11.9618 0
      vertex -19.597 13.722 0
    endloop
  endfacet
  facet normal 0 0 -1
    outer loop
      vertex -22.4808 8.18233 0
      vertex -20.4134 7.42987 0
      vertex -20.9833 5.62245 0
    endloop
  endfacet
  facet normal 0 0 -1
    outer loop
      vertex -23.1084 6.19186 0
      vertex -20.9833 5.62245 0
      vertex -21.3935 3.77225 0
    endloop
  endfacet
  facet normal 0 0 -1
    outer loop
      vertex -23.5601 4.15427 0
      vertex -21.3935 3.77225 0
      vertex -21.6268 2 0
    endloop
  endfacet
  facet normal 0 0 -1
    outer loop
      vertex -19.6882 9.18076 0
      vertex -21.6821 10.1105 0
      vertex -20.7184 11.9618 0
    endloop
  endfacet
  facet normal 0 0 -1
    outer loop
      vertex -23.5601 -4.15427 0
      vertex -21.3935 -3.77225 0
      vertex -23.1084 -6.19186 0
    endloop
  endfacet
  facet normal -0 0 -1
    outer loop
      vertex -21.3935 -3.77225 0
      vertex -23.5601 -4.15427 0
      vertex -21.6268 -2 0
    endloop
  endfacet
  facet normal 0 0 -1
    outer loop
      vertex -20.4134 7.42987 0
      vertex -22.4808 8.18233 0
      vertex -21.6821 10.1105 0
    endloop
  endfacet
  facet normal 0 0 -1
    outer loop
      vertex -23.8325 -2.08507 0
      vertex -21.6268 -2 0
      vertex -23.5601 -4.15427 0
    endloop
  endfacet
  facet normal 0 0 -1
    outer loop
      vertex -20.9833 5.62245 0
      vertex -23.1084 6.19186 0
      vertex -22.4808 8.18233 0
    endloop
  endfacet
  facet normal 0 0 -1
    outer loop
      vertex -23.8362 -2 0
      vertex -21.6268 -2 0
      vertex -23.8325 -2.08507 0
    endloop
  endfacet
  facet normal 0 0 -1
    outer loop
      vertex -21.3935 3.77225 0
      vertex -23.5601 4.15427 0
      vertex -23.1084 6.19186 0
    endloop
  endfacet
  facet normal 0 0 -1
    outer loop
      vertex -21.6268 -2 0
      vertex -23.8362 -2 0
      vertex -21.6268 2 0
    endloop
  endfacet
  facet normal 0 0 -1
    outer loop
      vertex -23.8362 2 0
      vertex -21.6268 2 0
      vertex -23.8362 -2 0
    endloop
  endfacet
  facet normal 0 -0 -1
    outer loop
      vertex -23.8325 2.08507 0
      vertex -21.6268 2 0
      vertex -23.8362 2 0
    endloop
  endfacet
  facet normal 0 0 -1
    outer loop
      vertex -21.6268 2 0
      vertex -23.8325 2.08507 0
      vertex -23.5601 4.15427 0
    endloop
  endfacet
  facet normal 0 0 -1
    outer loop
      vertex -30.4597 -2 0
      vertex -23.8362 2 0
      vertex -23.8362 -2 0
    endloop
  endfacet
  facet normal -0 0 -1
    outer loop
      vertex -23.8362 2 0
      vertex -30.4597 -2 0
      vertex -30.4597 2 0
    endloop
  endfacet
  facet normal 0 0 -1
    outer loop
      vertex -19.597 -13.722 0
      vertex -16.7067 -13.8783 0
      vertex -18.3265 -15.3777 0
    endloop
  endfacet
  facet normal 0 0 -1
    outer loop
      vertex -16.7067 -13.8783 0
      vertex -19.597 -13.722 0
      vertex -17.7949 -12.4601 0
    endloop
  endfacet
  facet normal -0 0 -1
    outer loop
      vertex -17.7949 -12.4601 0
      vertex -19.597 -13.722 0
      vertex -18.8131 -10.8618 0
    endloop
  endfacet
  facet normal 0 0 -1
    outer loop
      vertex -20.7184 -11.9618 0
      vertex -18.8131 -10.8618 0
      vertex -19.597 -13.722 0
    endloop
  endfacet
  facet normal -0 0 -1
    outer loop
      vertex -18.8131 -10.8618 0
      vertex -20.7184 -11.9618 0
      vertex -19.6882 -9.18076 0
    endloop
  endfacet
  facet normal 0 0 -1
    outer loop
      vertex -21.6821 -10.1105 0
      vertex -19.6882 -9.18076 0
      vertex -20.7184 -11.9618 0
    endloop
  endfacet
  facet normal -0 0 -1
    outer loop
      vertex -19.6882 -9.18076 0
      vertex -21.6821 -10.1105 0
      vertex -20.4134 -7.42987 0
    endloop
  endfacet
  facet normal 0 0 -1
    outer loop
      vertex -22.4808 -8.18233 0
      vertex -20.4134 -7.42987 0
      vertex -21.6821 -10.1105 0
    endloop
  endfacet
  facet normal -0 0 -1
    outer loop
      vertex -20.4134 -7.42987 0
      vertex -22.4808 -8.18233 0
      vertex -20.9833 -5.62245 0
    endloop
  endfacet
  facet normal -0 0 -1
    outer loop
      vertex -20.9833 -5.62245 0
      vertex -23.1084 -6.19186 0
      vertex -21.3935 -3.77225 0
    endloop
  endfacet
  facet normal 0 0 -1
    outer loop
      vertex -23.1084 -6.19186 0
      vertex -20.9833 -5.62245 0
      vertex -22.4808 -8.18233 0
    endloop
  endfacet
  facet normal 0 0 -1
    outer loop
      vertex -13.1557 -4.78827 0
      vertex -7.07106 -1.07106 0
      vertex -12.6883 -5.91664 0
    endloop
  endfacet
  facet normal -0 0 -1
    outer loop
      vertex -7.07106 -1.07106 0
      vertex -13.1557 -4.78827 0
      vertex -7.66043 -0.427872 0
    endloop
  endfacet
  facet normal 0 -0 -1
    outer loop
      vertex -11.4681 8.03006 0
      vertex -7.98875 0 0
      vertex -12.1243 7 0
    endloop
  endfacet
  facet normal 0 0 -1
    outer loop
      vertex -7.98875 0 0
      vertex -11.4681 8.03006 0
      vertex -11.2034 8.37502 0
    endloop
  endfacet
  facet normal 0 0 -1
    outer loop
      vertex -13.5229 -3.62346 0
      vertex -7.66043 -0.427872 0
      vertex -13.1557 -4.78827 0
    endloop
  endfacet
  facet normal 0 0 -1
    outer loop
      vertex -7.98875 0 0
      vertex -12.6883 5.91664 0
      vertex -12.1243 7 0
    endloop
  endfacet
  facet normal 0 0 -1
    outer loop
      vertex -13.7873 -2.43106 0
      vertex -7.66043 -0.427872 0
      vertex -13.5229 -3.62346 0
    endloop
  endfacet
  facet normal 0 0 -1
    outer loop
      vertex -7.98875 0 0
      vertex -13.1557 4.78827 0
      vertex -12.6883 5.91664 0
    endloop
  endfacet
  facet normal -0 0 -1
    outer loop
      vertex -7.66043 -0.427872 0
      vertex -13.7873 -2.43106 0
      vertex -7.98875 0 0
    endloop
  endfacet
  facet normal 0 0 -1
    outer loop
      vertex -7.98875 0 0
      vertex -13.5229 3.62346 0
      vertex -13.1557 4.78827 0
    endloop
  endfacet
  facet normal 0 0 -1
    outer loop
      vertex -7.98875 0 0
      vertex -13.7873 -2.43106 0
      vertex -13.8441 -2 0
    endloop
  endfacet
  facet normal 0 0 -1
    outer loop
      vertex -13.8441 2 0
      vertex -7.98875 0 0
      vertex -13.8441 -2 0
    endloop
  endfacet
  facet normal 0 -0 -1
    outer loop
      vertex -13.7873 2.43106 0
      vertex -7.98875 0 0
      vertex -13.8441 2 0
    endloop
  endfacet
  facet normal 0 0 -1
    outer loop
      vertex -7.98875 0 0
      vertex -13.7873 2.43106 0
      vertex -13.5229 3.62346 0
    endloop
  endfacet
  facet normal 0 0 -1
    outer loop
      vertex -21.6268 -2 0
      vertex -13.8441 2 0
      vertex -13.8441 -2 0
    endloop
  endfacet
  facet normal -0 0 -1
    outer loop
      vertex -13.8441 2 0
      vertex -21.6268 -2 0
      vertex -21.6268 2 0
    endloop
  endfacet
  facet normal 0 0 -1
    outer loop
      vertex -4.57329 6.28091 0
      vertex -11.2034 8.37502 0
      vertex -8.37502 11.2034 0
    endloop
  endfacet
  facet normal 0 0 -1
    outer loop
      vertex -11.2034 8.37502 0
      vertex -13.8783 16.7067 0
      vertex -8.37502 11.2034 0
    endloop
  endfacet
  facet normal 0 0 -1
    outer loop
      vertex -16.7067 13.8783 0
      vertex -13.8783 16.7067 0
      vertex -11.2034 8.37502 0
    endloop
  endfacet
  facet normal 0 -0 -1
    outer loop
      vertex -15.4405 18.269 0
      vertex -13.8783 16.7067 0
      vertex -16.7067 13.8783 0
    endloop
  endfacet
  facet normal 0 0 -1
    outer loop
      vertex -13.8783 16.7067 0
      vertex -15.4405 18.269 0
      vertex -15.3777 18.3265 0
    endloop
  endfacet
  facet normal 0 0 -1
    outer loop
      vertex -19.597 13.722 0
      vertex -16.7067 13.8783 0
      vertex -17.7949 12.4601 0
    endloop
  endfacet
  facet normal 0 0 -1
    outer loop
      vertex -16.7067 13.8783 0
      vertex -18.269 15.4405 0
      vertex -15.4405 18.269 0
    endloop
  endfacet
  facet normal 0 0 -1
    outer loop
      vertex -18.269 15.4405 0
      vertex -20.1241 22.9525 0
      vertex -15.4405 18.269 0
    endloop
  endfacet
  facet normal 0 0 -1
    outer loop
      vertex -22.9525 20.1241 0
      vertex -20.1241 22.9525 0
      vertex -18.269 15.4405 0
    endloop
  endfacet
  facet normal 0 -0 -1
    outer loop
      vertex -21.6797 24.5081 0
      vertex -20.1241 22.9525 0
      vertex -22.9525 20.1241 0
    endloop
  endfacet
  facet normal 0 0 -1
    outer loop
      vertex -20.1241 22.9525 0
      vertex -21.6797 24.5081 0
      vertex -21.0494 25.0857 0
    endloop
  endfacet
  facet normal 0 0 -1
    outer loop
      vertex -24.5081 21.6797 0
      vertex -22.9525 20.1241 0
      vertex -23.4004 19.6353 0
    endloop
  endfacet
  facet normal 0 0 -1
    outer loop
      vertex -22.9525 20.1241 0
      vertex -24.5081 21.6797 0
      vertex -21.6797 24.5081 0
    endloop
  endfacet
  facet normal 0 0 -1
    outer loop
      vertex -24.5081 21.6797 0
      vertex -26.3632 29.1917 0
      vertex -21.6797 24.5081 0
    endloop
  endfacet
  facet normal 0 0 -1
    outer loop
      vertex -26.3632 29.1917 0
      vertex -27.9189 30.7473 0
      vertex -26.7211 31.8449 0
    endloop
  endfacet
  facet normal 0 0 -1
    outer loop
      vertex -29.1917 26.3632 0
      vertex -26.3632 29.1917 0
      vertex -24.5081 21.6797 0
    endloop
  endfacet
  facet normal -0 0 -1
    outer loop
      vertex -26.3632 29.1917 0
      vertex -29.1917 26.3632 0
      vertex -27.9189 30.7473 0
    endloop
  endfacet
  facet normal 0 0 -1
    outer loop
      vertex -30.7473 27.9189 0
      vertex -27.9189 30.7473 0
      vertex -29.1917 26.3632 0
    endloop
  endfacet
  facet normal 0 0 -1
    outer loop
      vertex -30.7473 27.9189 0
      vertex -29.1917 26.3632 0
      vertex -30.1596 25.3069 0
    endloop
  endfacet
  facet normal 0 0 -1
    outer loop
      vertex -3.43137 39.2208 0
      vertex -2 41.4833 0
      vertex -2 39.2832 0
    endloop
  endfacet
  facet normal 0 0 -1
    outer loop
      vertex -3.43137 39.2208 0
      vertex -3.62311 41.4124 0
      vertex -2 41.4833 0
    endloop
  endfacet
  facet normal 0 0 -1
    outer loop
      vertex -6.83662 38.7724 0
      vertex -3.62311 41.4124 0
      vertex -3.43137 39.2208 0
    endloop
  endfacet
  facet normal 0 0 -1
    outer loop
      vertex -6.83662 38.7724 0
      vertex -7.21864 40.939 0
      vertex -3.62311 41.4124 0
    endloop
  endfacet
  facet normal 0 0 -1
    outer loop
      vertex -10.1898 38.0291 0
      vertex -7.21864 40.939 0
      vertex -6.83662 38.7724 0
    endloop
  endfacet
  facet normal 0 0 -1
    outer loop
      vertex -10.1898 38.0291 0
      vertex -10.7592 40.1541 0
      vertex -7.21864 40.939 0
    endloop
  endfacet
  facet normal 0 0 -1
    outer loop
      vertex -13.4655 36.9962 0
      vertex -10.7592 40.1541 0
      vertex -10.1898 38.0291 0
    endloop
  endfacet
  facet normal 0 0 -1
    outer loop
      vertex -13.4655 36.9962 0
      vertex -14.218 39.0636 0
      vertex -10.7592 40.1541 0
    endloop
  endfacet
  facet normal 0 0 -1
    outer loop
      vertex -16.6387 35.6819 0
      vertex -14.218 39.0636 0
      vertex -13.4655 36.9962 0
    endloop
  endfacet
  facet normal 0 0 -1
    outer loop
      vertex -16.6387 35.6819 0
      vertex -17.5685 37.6757 0
      vertex -14.218 39.0636 0
    endloop
  endfacet
  facet normal 0 0 -1
    outer loop
      vertex -19.6853 34.0959 0
      vertex -17.5685 37.6757 0
      vertex -16.6387 35.6819 0
    endloop
  endfacet
  facet normal 0 0 -1
    outer loop
      vertex -19.6853 34.0959 0
      vertex -20.7853 36.0012 0
      vertex -17.5685 37.6757 0
    endloop
  endfacet
  facet normal 0 0 -1
    outer loop
      vertex -22.582 32.2505 0
      vertex -20.7853 36.0012 0
      vertex -19.6853 34.0959 0
    endloop
  endfacet
  facet normal 0 0 -1
    outer loop
      vertex -22.582 32.2505 0
      vertex -23.8439 34.0526 0
      vertex -20.7853 36.0012 0
    endloop
  endfacet
  facet normal 0 0 -1
    outer loop
      vertex -25.3069 30.1596 0
      vertex -23.8439 34.0526 0
      vertex -22.582 32.2505 0
    endloop
  endfacet
  facet normal 0 0 -1
    outer loop
      vertex -26.7211 31.8449 0
      vertex -25.3069 30.1596 0
      vertex -26.3632 29.1917 0
    endloop
  endfacet
  facet normal 0 0 -1
    outer loop
      vertex -25.3069 30.1596 0
      vertex -26.7211 31.8449 0
      vertex -23.8439 34.0526 0
    endloop
  endfacet
  facet normal 0 0 -1
    outer loop
      vertex -2.66234 30.4308 0
      vertex -2 32.6597 0
      vertex -2 30.4597 0
    endloop
  endfacet
  facet normal 0 0 -1
    outer loop
      vertex -2.66234 30.4308 0
      vertex -2.85408 32.6224 0
      vertex -2 32.6597 0
    endloop
  endfacet
  facet normal 0 0 -1
    outer loop
      vertex -5.30443 30.083 0
      vertex -2.85408 32.6224 0
      vertex -2.66234 30.4308 0
    endloop
  endfacet
  facet normal 0 0 -1
    outer loop
      vertex -5.30443 30.083 0
      vertex -5.68646 32.2495 0
      vertex -2.85408 32.6224 0
    endloop
  endfacet
  facet normal 0 0 -1
    outer loop
      vertex -7.90616 29.5062 0
      vertex -5.68646 32.2495 0
      vertex -5.30443 30.083 0
    endloop
  endfacet
  facet normal 0 0 -1
    outer loop
      vertex -7.90616 29.5062 0
      vertex -8.47556 31.6312 0
      vertex -5.68646 32.2495 0
    endloop
  endfacet
  facet normal 0 0 -1
    outer loop
      vertex -10.4477 28.7048 0
      vertex -8.47556 31.6312 0
      vertex -7.90616 29.5062 0
    endloop
  endfacet
  facet normal 0 0 -1
    outer loop
      vertex -10.4477 28.7048 0
      vertex -11.2001 30.7722 0
      vertex -8.47556 31.6312 0
    endloop
  endfacet
  facet normal 0 0 -1
    outer loop
      vertex -12.9097 27.685 0
      vertex -11.2001 30.7722 0
      vertex -10.4477 28.7048 0
    endloop
  endfacet
  facet normal 0 0 -1
    outer loop
      vertex -12.9097 27.685 0
      vertex -13.8395 29.6789 0
      vertex -11.2001 30.7722 0
    endloop
  endfacet
  facet normal 0 0 -1
    outer loop
      vertex -15.2735 26.4545 0
      vertex -13.8395 29.6789 0
      vertex -12.9097 27.685 0
    endloop
  endfacet
  facet normal 0 0 -1
    outer loop
      vertex -15.2735 26.4545 0
      vertex -16.3735 28.3598 0
      vertex -13.8395 29.6789 0
    endloop
  endfacet
  facet normal 0 0 -1
    outer loop
      vertex -17.5211 25.0227 0
      vertex -16.3735 28.3598 0
      vertex -15.2735 26.4545 0
    endloop
  endfacet
  facet normal 0 0 -1
    outer loop
      vertex -17.5211 25.0227 0
      vertex -18.7829 26.8248 0
      vertex -16.3735 28.3598 0
    endloop
  endfacet
  facet normal 0 0 -1
    outer loop
      vertex -19.6353 23.4004 0
      vertex -18.7829 26.8248 0
      vertex -17.5211 25.0227 0
    endloop
  endfacet
  facet normal 0 0 -1
    outer loop
      vertex -21.0494 25.0857 0
      vertex -19.6353 23.4004 0
      vertex -20.1241 22.9525 0
    endloop
  endfacet
  facet normal 0 0 -1
    outer loop
      vertex -19.6353 23.4004 0
      vertex -21.0494 25.0857 0
      vertex -18.7829 26.8248 0
    endloop
  endfacet
  facet normal 0 0 -1
    outer loop
      vertex -2 21.6268 0
      vertex -2.08507 23.8325 0
      vertex -2 23.8362 0
    endloop
  endfacet
  facet normal 0 0 -1
    outer loop
      vertex -4.15427 23.5601 0
      vertex -2 21.6268 0
      vertex -3.77225 21.3935 0
    endloop
  endfacet
  facet normal 0 0 -1
    outer loop
      vertex -2 21.6268 0
      vertex -4.15427 23.5601 0
      vertex -2.08507 23.8325 0
    endloop
  endfacet
  facet normal 0 0 -1
    outer loop
      vertex -5.62245 20.9833 0
      vertex -4.15427 23.5601 0
      vertex -3.77225 21.3935 0
    endloop
  endfacet
  facet normal 0 0 -1
    outer loop
      vertex -5.62245 20.9833 0
      vertex -6.19186 23.1084 0
      vertex -4.15427 23.5601 0
    endloop
  endfacet
  facet normal 0 0 -1
    outer loop
      vertex -7.42987 20.4134 0
      vertex -6.19186 23.1084 0
      vertex -5.62245 20.9833 0
    endloop
  endfacet
  facet normal 0 0 -1
    outer loop
      vertex -7.42987 20.4134 0
      vertex -8.18233 22.4808 0
      vertex -6.19186 23.1084 0
    endloop
  endfacet
  facet normal 0 0 -1
    outer loop
      vertex -9.18076 19.6882 0
      vertex -8.18233 22.4808 0
      vertex -7.42987 20.4134 0
    endloop
  endfacet
  facet normal 0 0 -1
    outer loop
      vertex -9.18076 19.6882 0
      vertex -10.1105 21.6821 0
      vertex -8.18233 22.4808 0
    endloop
  endfacet
  facet normal 0 0 -1
    outer loop
      vertex -10.8618 18.8131 0
      vertex -10.1105 21.6821 0
      vertex -9.18076 19.6882 0
    endloop
  endfacet
  facet normal 0 0 -1
    outer loop
      vertex -10.8618 18.8131 0
      vertex -11.9618 20.7184 0
      vertex -10.1105 21.6821 0
    endloop
  endfacet
  facet normal 0 0 -1
    outer loop
      vertex -12.4601 17.7949 0
      vertex -11.9618 20.7184 0
      vertex -10.8618 18.8131 0
    endloop
  endfacet
  facet normal 0 0 -1
    outer loop
      vertex -12.4601 17.7949 0
      vertex -13.722 19.597 0
      vertex -11.9618 20.7184 0
    endloop
  endfacet
  facet normal 0 0 -1
    outer loop
      vertex -13.8783 16.7067 0
      vertex -13.722 19.597 0
      vertex -12.4601 17.7949 0
    endloop
  endfacet
  facet normal 0 0 -1
    outer loop
      vertex -13.722 19.597 0
      vertex -13.8783 16.7067 0
      vertex -15.3777 18.3265 0
    endloop
  endfacet
  facet normal 0 0 -1
    outer loop
      vertex -0.549988 7.75 0
      vertex -2.43106 13.7873 0
      vertex -2 13.8441 0
    endloop
  endfacet
  facet normal 0 -0 -1
    outer loop
      vertex -3.62346 13.5229 0
      vertex -0.549988 7.75 0
      vertex -3.64044 6.86382 0
    endloop
  endfacet
  facet normal 0 0 -1
    outer loop
      vertex -0.549988 7.75 0
      vertex -3.62346 13.5229 0
      vertex -2.43106 13.7873 0
    endloop
  endfacet
  facet normal 0 0 -1
    outer loop
      vertex -7 12.1243 0
      vertex -3.64044 6.86382 0
      vertex -4.57329 6.28091 0
    endloop
  endfacet
  facet normal 0 0 -1
    outer loop
      vertex -3.64044 6.86382 0
      vertex -4.78827 13.1557 0
      vertex -3.62346 13.5229 0
    endloop
  endfacet
  facet normal 0 0 -1
    outer loop
      vertex -2.08507 -23.8325 0
      vertex -2 -21.6268 0
      vertex -2 -23.8362 0
    endloop
  endfacet
  facet normal 0 0 -1
    outer loop
      vertex -4.15427 -23.5601 0
      vertex -2 -21.6268 0
      vertex -2.08507 -23.8325 0
    endloop
  endfacet
  facet normal -0 0 -1
    outer loop
      vertex -2 -21.6268 0
      vertex -4.15427 -23.5601 0
      vertex -3.77225 -21.3935 0
    endloop
  endfacet
  facet normal 0 0 -1
    outer loop
      vertex -4.15427 -23.5601 0
      vertex -5.62245 -20.9833 0
      vertex -3.77225 -21.3935 0
    endloop
  endfacet
  facet normal 0 0 -1
    outer loop
      vertex -6.19186 -23.1084 0
      vertex -5.62245 -20.9833 0
      vertex -4.15427 -23.5601 0
    endloop
  endfacet
  facet normal 0 0 -1
    outer loop
      vertex -6.19186 -23.1084 0
      vertex -7.42987 -20.4134 0
      vertex -5.62245 -20.9833 0
    endloop
  endfacet
  facet normal 0 0 -1
    outer loop
      vertex -8.18233 -22.4808 0
      vertex -7.42987 -20.4134 0
      vertex -6.19186 -23.1084 0
    endloop
  endfacet
  facet normal 0 0 -1
    outer loop
      vertex -8.18233 -22.4808 0
      vertex -9.18076 -19.6882 0
      vertex -7.42987 -20.4134 0
    endloop
  endfacet
  facet normal 0 0 -1
    outer loop
      vertex -10.1105 -21.6821 0
      vertex -9.18076 -19.6882 0
      vertex -8.18233 -22.4808 0
    endloop
  endfacet
  facet normal 0 0 -1
    outer loop
      vertex -10.1105 -21.6821 0
      vertex -10.8618 -18.8131 0
      vertex -9.18076 -19.6882 0
    endloop
  endfacet
  facet normal 0 0 -1
    outer loop
      vertex -11.9618 -20.7184 0
      vertex -10.8618 -18.8131 0
      vertex -10.1105 -21.6821 0
    endloop
  endfacet
  facet normal 0 0 -1
    outer loop
      vertex -11.9618 -20.7184 0
      vertex -12.4601 -17.7949 0
      vertex -10.8618 -18.8131 0
    endloop
  endfacet
  facet normal 0 0 -1
    outer loop
      vertex -13.722 -19.597 0
      vertex -12.4601 -17.7949 0
      vertex -11.9618 -20.7184 0
    endloop
  endfacet
  facet normal 0 0 -1
    outer loop
      vertex -13.722 -19.597 0
      vertex -13.8783 -16.7067 0
      vertex -12.4601 -17.7949 0
    endloop
  endfacet
  facet normal 0 -0 -1
    outer loop
      vertex -13.8783 -16.7067 0
      vertex -13.722 -19.597 0
      vertex -15.3777 -18.3265 0
    endloop
  endfacet
  facet normal 0 0 -1
    outer loop
      vertex -2 -32.6597 0
      vertex -2.66234 -30.4308 0
      vertex -2 -30.4597 0
    endloop
  endfacet
  facet normal 0 0 -1
    outer loop
      vertex -2.85408 -32.6224 0
      vertex -2.66234 -30.4308 0
      vertex -2 -32.6597 0
    endloop
  endfacet
  facet normal 0 0 -1
    outer loop
      vertex -2.85408 -32.6224 0
      vertex -5.30443 -30.083 0
      vertex -2.66234 -30.4308 0
    endloop
  endfacet
  facet normal 0 0 -1
    outer loop
      vertex -5.68646 -32.2495 0
      vertex -5.30443 -30.083 0
      vertex -2.85408 -32.6224 0
    endloop
  endfacet
  facet normal 0 0 -1
    outer loop
      vertex -5.68646 -32.2495 0
      vertex -7.90616 -29.5062 0
      vertex -5.30443 -30.083 0
    endloop
  endfacet
  facet normal 0 0 -1
    outer loop
      vertex -8.47556 -31.6312 0
      vertex -7.90616 -29.5062 0
      vertex -5.68646 -32.2495 0
    endloop
  endfacet
  facet normal 0 0 -1
    outer loop
      vertex -8.47556 -31.6312 0
      vertex -10.4477 -28.7048 0
      vertex -7.90616 -29.5062 0
    endloop
  endfacet
  facet normal 0 0 -1
    outer loop
      vertex -11.2001 -30.7722 0
      vertex -10.4477 -28.7048 0
      vertex -8.47556 -31.6312 0
    endloop
  endfacet
  facet normal 0 0 -1
    outer loop
      vertex -11.2001 -30.7722 0
      vertex -12.9097 -27.685 0
      vertex -10.4477 -28.7048 0
    endloop
  endfacet
  facet normal 0 0 -1
    outer loop
      vertex -13.8395 -29.6789 0
      vertex -12.9097 -27.685 0
      vertex -11.2001 -30.7722 0
    endloop
  endfacet
  facet normal 0 0 -1
    outer loop
      vertex -13.8395 -29.6789 0
      vertex -15.2735 -26.4545 0
      vertex -12.9097 -27.685 0
    endloop
  endfacet
  facet normal 0 0 -1
    outer loop
      vertex -16.3735 -28.3598 0
      vertex -15.2735 -26.4545 0
      vertex -13.8395 -29.6789 0
    endloop
  endfacet
  facet normal 0 0 -1
    outer loop
      vertex -16.3735 -28.3598 0
      vertex -17.5211 -25.0227 0
      vertex -15.2735 -26.4545 0
    endloop
  endfacet
  facet normal 0 0 -1
    outer loop
      vertex -18.7829 -26.8248 0
      vertex -17.5211 -25.0227 0
      vertex -16.3735 -28.3598 0
    endloop
  endfacet
  facet normal 0 0 -1
    outer loop
      vertex -18.7829 -26.8248 0
      vertex -19.6353 -23.4004 0
      vertex -17.5211 -25.0227 0
    endloop
  endfacet
  facet normal 0 0 -1
    outer loop
      vertex -21.0494 -25.0857 0
      vertex -19.6353 -23.4004 0
      vertex -18.7829 -26.8248 0
    endloop
  endfacet
  facet normal -0 0 -1
    outer loop
      vertex -19.6353 -23.4004 0
      vertex -21.0494 -25.0857 0
      vertex -20.1241 -22.9525 0
    endloop
  endfacet
  facet normal 0 0 -1
    outer loop
      vertex -2 -41.4833 0
      vertex -3.43137 -39.2208 0
      vertex -2 -39.2832 0
    endloop
  endfacet
  facet normal 0 0 -1
    outer loop
      vertex -3.62311 -41.4124 0
      vertex -3.43137 -39.2208 0
      vertex -2 -41.4833 0
    endloop
  endfacet
  facet normal 0 0 -1
    outer loop
      vertex -3.62311 -41.4124 0
      vertex -6.83662 -38.7724 0
      vertex -3.43137 -39.2208 0
    endloop
  endfacet
  facet normal 0 0 -1
    outer loop
      vertex -7.21864 -40.939 0
      vertex -6.83662 -38.7724 0
      vertex -3.62311 -41.4124 0
    endloop
  endfacet
  facet normal 0 0 -1
    outer loop
      vertex -7.21864 -40.939 0
      vertex -10.1898 -38.0291 0
      vertex -6.83662 -38.7724 0
    endloop
  endfacet
  facet normal 0 0 -1
    outer loop
      vertex -10.7592 -40.1541 0
      vertex -10.1898 -38.0291 0
      vertex -7.21864 -40.939 0
    endloop
  endfacet
  facet normal 0 0 -1
    outer loop
      vertex -10.7592 -40.1541 0
      vertex -13.4655 -36.9962 0
      vertex -10.1898 -38.0291 0
    endloop
  endfacet
  facet normal 0 0 -1
    outer loop
      vertex -14.218 -39.0636 0
      vertex -13.4655 -36.9962 0
      vertex -10.7592 -40.1541 0
    endloop
  endfacet
  facet normal 0 0 -1
    outer loop
      vertex -14.218 -39.0636 0
      vertex -16.6387 -35.6819 0
      vertex -13.4655 -36.9962 0
    endloop
  endfacet
  facet normal 0 0 -1
    outer loop
      vertex -17.5685 -37.6757 0
      vertex -16.6387 -35.6819 0
      vertex -14.218 -39.0636 0
    endloop
  endfacet
  facet normal 0 0 -1
    outer loop
      vertex -17.5685 -37.6757 0
      vertex -19.6853 -34.0959 0
      vertex -16.6387 -35.6819 0
    endloop
  endfacet
  facet normal 0 0 -1
    outer loop
      vertex -20.7853 -36.0012 0
      vertex -19.6853 -34.0959 0
      vertex -17.5685 -37.6757 0
    endloop
  endfacet
  facet normal 0 0 -1
    outer loop
      vertex -20.7853 -36.0012 0
      vertex -22.582 -32.2505 0
      vertex -19.6853 -34.0959 0
    endloop
  endfacet
  facet normal 0 0 -1
    outer loop
      vertex -23.8439 -34.0526 0
      vertex -22.582 -32.2505 0
      vertex -20.7853 -36.0012 0
    endloop
  endfacet
  facet normal 0 0 -1
    outer loop
      vertex -23.8439 -34.0526 0
      vertex -25.3069 -30.1596 0
      vertex -22.582 -32.2505 0
    endloop
  endfacet
  facet normal 0 0 -1
    outer loop
      vertex -26.7211 -31.8449 0
      vertex -25.3069 -30.1596 0
      vertex -23.8439 -34.0526 0
    endloop
  endfacet
  facet normal -0 0 -1
    outer loop
      vertex -25.3069 -30.1596 0
      vertex -26.7211 -31.8449 0
      vertex -26.3632 -29.1917 0
    endloop
  endfacet
  facet normal 0 0 -1
    outer loop
      vertex -2.58818 3.65926 0
      vertex -1.9977 4.23488 0
      vertex -1.73648 3.84807 0
    endloop
  endfacet
  facet normal -0 0 -1
    outer loop
      vertex -2.58818 3.65926 0
      vertex -2.93054 3.65196 0
      vertex -1.9977 4.23488 0
    endloop
  endfacet
  facet normal 0 0 -1
    outer loop
      vertex -3.4202 3.39691 0
      vertex -2.93054 3.65196 0
      vertex -2.58818 3.65926 0
    endloop
  endfacet
  facet normal 0 0 -1
    outer loop
      vertex -4.57329 6.28091 0
      vertex -3.4202 3.39691 0
      vertex -4.22618 3.06306 0
    endloop
  endfacet
  facet normal 0 0 -1
    outer loop
      vertex -3.4202 3.39691 0
      vertex -4.57329 6.28091 0
      vertex -2.93054 3.65196 0
    endloop
  endfacet
  facet normal 0 0 -1
    outer loop
      vertex -5 2.66025 0
      vertex -4.57329 6.28091 0
      vertex -4.22618 3.06306 0
    endloop
  endfacet
  facet normal 0 0 -1
    outer loop
      vertex -5.73576 2.19151 0
      vertex -4.57329 6.28091 0
      vertex -5 2.66025 0
    endloop
  endfacet
  facet normal 0 0 -1
    outer loop
      vertex -6.42787 1.66043 0
      vertex -4.57329 6.28091 0
      vertex -5.73576 2.19151 0
    endloop
  endfacet
  facet normal 0 0 -1
    outer loop
      vertex -3.64044 6.86382 0
      vertex -5.91664 12.6883 0
      vertex -4.78827 13.1557 0
    endloop
  endfacet
  facet normal 0 0 -1
    outer loop
      vertex -11.2034 8.37502 0
      vertex -4.57329 6.28091 0
      vertex -6.42787 1.66043 0
    endloop
  endfacet
  facet normal 0 0 -1
    outer loop
      vertex -3.64044 6.86382 0
      vertex -7 12.1243 0
      vertex -5.91664 12.6883 0
    endloop
  endfacet
  facet normal 0 0 -1
    outer loop
      vertex -11.2034 8.37502 0
      vertex -6.42787 1.66043 0
      vertex -7.07106 1.07106 0
    endloop
  endfacet
  facet normal 0 0 -1
    outer loop
      vertex -11.2034 8.37502 0
      vertex -7.07106 1.07106 0
      vertex -7.66043 0.427872 0
    endloop
  endfacet
  facet normal 0 0 -1
    outer loop
      vertex -11.2034 8.37502 0
      vertex -7.66043 0.427872 0
      vertex -7.98875 0 0
    endloop
  endfacet
  facet normal 0 0 -1
    outer loop
      vertex -4.57329 6.28091 0
      vertex -8.03006 11.4681 0
      vertex -7 12.1243 0
    endloop
  endfacet
  facet normal -0 0 -1
    outer loop
      vertex -5.73576 -2.19151 0
      vertex -12.1243 -7 0
      vertex -6.42787 -1.66043 0
    endloop
  endfacet
  facet normal 0 0 -1
    outer loop
      vertex -12.6883 -5.91664 0
      vertex -6.42787 -1.66043 0
      vertex -12.1243 -7 0
    endloop
  endfacet
  facet normal 0 0 -1
    outer loop
      vertex -4.57329 6.28091 0
      vertex -8.37502 11.2034 0
      vertex -8.03006 11.4681 0
    endloop
  endfacet
  facet normal -0 0 -1
    outer loop
      vertex -6.42787 -1.66043 0
      vertex -12.6883 -5.91664 0
      vertex -7.07106 -1.07106 0
    endloop
  endfacet
  facet normal 0 0 -1
    outer loop
      vertex -13.8783 -16.7067 0
      vertex -11.2034 -8.37502 0
      vertex -8.37502 -11.2034 0
    endloop
  endfacet
  facet normal 0 0 -1
    outer loop
      vertex -15.4405 -18.269 0
      vertex -13.8783 -16.7067 0
      vertex -15.3777 -18.3265 0
    endloop
  endfacet
  facet normal -0 0 -1
    outer loop
      vertex -13.8783 -16.7067 0
      vertex -15.4405 -18.269 0
      vertex -16.7067 -13.8783 0
    endloop
  endfacet
  facet normal 0 0 -1
    outer loop
      vertex -13.8783 -16.7067 0
      vertex -16.7067 -13.8783 0
      vertex -11.2034 -8.37502 0
    endloop
  endfacet
  facet normal 0 0 -1
    outer loop
      vertex -18.269 -15.4405 0
      vertex -16.7067 -13.8783 0
      vertex -15.4405 -18.269 0
    endloop
  endfacet
  facet normal 0 0 -1
    outer loop
      vertex -18.3265 -15.3777 0
      vertex -16.7067 -13.8783 0
      vertex -18.269 -15.4405 0
    endloop
  endfacet
  facet normal 0 0 -1
    outer loop
      vertex -20.1241 -22.9525 0
      vertex -18.269 -15.4405 0
      vertex -15.4405 -18.269 0
    endloop
  endfacet
  facet normal 0 0 -1
    outer loop
      vertex -21.6797 -24.5081 0
      vertex -20.1241 -22.9525 0
      vertex -21.0494 -25.0857 0
    endloop
  endfacet
  facet normal -0 0 -1
    outer loop
      vertex -20.1241 -22.9525 0
      vertex -21.6797 -24.5081 0
      vertex -22.9525 -20.1241 0
    endloop
  endfacet
  facet normal 0 0 -1
    outer loop
      vertex -20.1241 -22.9525 0
      vertex -22.9525 -20.1241 0
      vertex -18.269 -15.4405 0
    endloop
  endfacet
  facet normal 0 0 -1
    outer loop
      vertex -24.5081 -21.6797 0
      vertex -22.9525 -20.1241 0
      vertex -21.6797 -24.5081 0
    endloop
  endfacet
  facet normal -0 0 -1
    outer loop
      vertex -22.9525 -20.1241 0
      vertex -24.5081 -21.6797 0
      vertex -23.4004 -19.6353 0
    endloop
  endfacet
  facet normal 0 0 -1
    outer loop
      vertex -26.3632 -29.1917 0
      vertex -24.5081 -21.6797 0
      vertex -21.6797 -24.5081 0
    endloop
  endfacet
  facet normal 0 0 -1
    outer loop
      vertex -27.9189 -30.7473 0
      vertex -26.3632 -29.1917 0
      vertex -26.7211 -31.8449 0
    endloop
  endfacet
  facet normal 0 0 -1
    outer loop
      vertex -29.1917 -26.3632 0
      vertex -26.3632 -29.1917 0
      vertex -27.9189 -30.7473 0
    endloop
  endfacet
  facet normal 0 0 -1
    outer loop
      vertex -26.3632 -29.1917 0
      vertex -29.1917 -26.3632 0
      vertex -24.5081 -21.6797 0
    endloop
  endfacet
  facet normal 0 0 -1
    outer loop
      vertex -30.7473 -27.9189 0
      vertex -27.9189 -30.7473 0
      vertex -29.6367 -32.4652 0
    endloop
  endfacet
  facet normal 0 0 -1
    outer loop
      vertex -27.9189 -30.7473 0
      vertex -30.7473 -27.9189 0
      vertex -29.1917 -26.3632 0
    endloop
  endfacet
  facet normal 0 0 -1
    outer loop
      vertex 2 -32.6597 0
      vertex -2 -32.6597 0
      vertex 2 -30.4597 0
    endloop
  endfacet
  facet normal 0 0 -1
    outer loop
      vertex -2 -30.4597 0
      vertex 2 -30.4597 0
      vertex -2 -32.6597 0
    endloop
  endfacet
  facet normal 0 0 -1
    outer loop
      vertex 2 -30.4597 0
      vertex -2 -30.4597 0
      vertex 2 -23.8362 0
    endloop
  endfacet
  facet normal 0 0 -1
    outer loop
      vertex -2 -23.8362 0
      vertex 2 -23.8362 0
      vertex -2 -30.4597 0
    endloop
  endfacet
  facet normal 0 0 -1
    outer loop
      vertex -2 -21.6268 0
      vertex 2 -23.8362 0
      vertex -2 -23.8362 0
    endloop
  endfacet
  facet normal 0 0 -1
    outer loop
      vertex -2 -13.8441 0
      vertex 2 -23.8362 0
      vertex -2 -21.6268 0
    endloop
  endfacet
  facet normal 0 0 -1
    outer loop
      vertex 2 -23.8362 0
      vertex -2 -13.8441 0
      vertex -1.73648 -3.84807 0
    endloop
  endfacet
  facet normal 0 0 -1
    outer loop
      vertex -2.43106 -13.7873 0
      vertex -1.73648 -3.84807 0
      vertex -2 -13.8441 0
    endloop
  endfacet
  facet normal 0 0 -1
    outer loop
      vertex -3.62346 -13.5229 0
      vertex -1.73648 -3.84807 0
      vertex -2.43106 -13.7873 0
    endloop
  endfacet
  facet normal 0 0 -1
    outer loop
      vertex -4.78827 -13.1557 0
      vertex -1.73648 -3.84807 0
      vertex -3.62346 -13.5229 0
    endloop
  endfacet
  facet normal -0 0 -1
    outer loop
      vertex -1.73648 -3.84807 0
      vertex -4.78827 -13.1557 0
      vertex -2.58818 -3.65926 0
    endloop
  endfacet
  facet normal 0 0 -1
    outer loop
      vertex -5.91664 -12.6883 0
      vertex -2.58818 -3.65926 0
      vertex -4.78827 -13.1557 0
    endloop
  endfacet
  facet normal 0 0 -1
    outer loop
      vertex -7 -12.1243 0
      vertex -2.58818 -3.65926 0
      vertex -5.91664 -12.6883 0
    endloop
  endfacet
  facet normal -0 0 -1
    outer loop
      vertex -2.58818 -3.65926 0
      vertex -7 -12.1243 0
      vertex -3.4202 -3.39691 0
    endloop
  endfacet
  facet normal 0 0 -1
    outer loop
      vertex -8.03006 -11.4681 0
      vertex -3.4202 -3.39691 0
      vertex -7 -12.1243 0
    endloop
  endfacet
  facet normal 0 0 -1
    outer loop
      vertex -8.37502 -11.2034 0
      vertex -3.4202 -3.39691 0
      vertex -8.03006 -11.4681 0
    endloop
  endfacet
  facet normal -0 0 -1
    outer loop
      vertex -3.4202 -3.39691 0
      vertex -8.37502 -11.2034 0
      vertex -4.22618 -3.06306 0
    endloop
  endfacet
  facet normal -0 0 -1
    outer loop
      vertex -4.22618 -3.06306 0
      vertex -8.37502 -11.2034 0
      vertex -5 -2.66025 0
    endloop
  endfacet
  facet normal 0 0 -1
    outer loop
      vertex -11.2034 -8.37502 0
      vertex -5 -2.66025 0
      vertex -8.37502 -11.2034 0
    endloop
  endfacet
  facet normal -0 0 -1
    outer loop
      vertex -5 -2.66025 0
      vertex -11.2034 -8.37502 0
      vertex -5.73576 -2.19151 0
    endloop
  endfacet
  facet normal 0 0 -1
    outer loop
      vertex -11.4681 -8.03006 0
      vertex -5.73576 -2.19151 0
      vertex -11.2034 -8.37502 0
    endloop
  endfacet
  facet normal 0 0 -1
    outer loop
      vertex -12.1243 -7 0
      vertex -5.73576 -2.19151 0
      vertex -11.4681 -8.03006 0
    endloop
  endfacet
  facet normal 0 0 -1
    outer loop
      vertex 0 4 0
      vertex 0.549988 4.64999 0
      vertex 0.871552 3.96194 0
    endloop
  endfacet
  facet normal 0 0 -1
    outer loop
      vertex 0 4 0
      vertex -0.549988 4.64999 0
      vertex 0.549988 4.64999 0
    endloop
  endfacet
  facet normal 0 0 -1
    outer loop
      vertex -1.9977 4.23488 0
      vertex -0.549988 4.64999 0
      vertex -0.871552 3.96194 0
    endloop
  endfacet
  facet normal 0 0 -1
    outer loop
      vertex -0.871552 3.96194 0
      vertex -0.549988 4.64999 0
      vertex 0 4 0
    endloop
  endfacet
  facet normal 0 0 -1
    outer loop
      vertex 4.57329 6.28091 0
      vertex 12.1243 7 0
      vertex 5.73576 2.19151 0
    endloop
  endfacet
  facet normal -0 0 -1
    outer loop
      vertex 11.4681 8.03006 0
      vertex 4.57329 6.28091 0
      vertex 11.2034 8.37502 0
    endloop
  endfacet
  facet normal -0 0 -1
    outer loop
      vertex 11.2034 8.37502 0
      vertex 4.57329 6.28091 0
      vertex 8.37502 11.2034 0
    endloop
  endfacet
  facet normal -0 0 -1
    outer loop
      vertex 8.37502 11.2034 0
      vertex 4.57329 6.28091 0
      vertex 8.03006 11.4681 0
    endloop
  endfacet
  facet normal -0 0 -1
    outer loop
      vertex 8.03006 11.4681 0
      vertex 4.57329 6.28091 0
      vertex 7 12.1243 0
    endloop
  endfacet
  facet normal -0 0 -1
    outer loop
      vertex 12.1243 7 0
      vertex 4.57329 6.28091 0
      vertex 11.4681 8.03006 0
    endloop
  endfacet
  facet normal 0 0 -1
    outer loop
      vertex 4.57329 6.28091 0
      vertex 5.73576 2.19151 0
      vertex 5 2.66025 0
    endloop
  endfacet
  facet normal 0 0 -1
    outer loop
      vertex 3.64044 6.86382 0
      vertex 7 12.1243 0
      vertex 4.57329 6.28091 0
    endloop
  endfacet
  facet normal -0 0 -1
    outer loop
      vertex 7 12.1243 0
      vertex 3.64044 6.86382 0
      vertex 5.91664 12.6883 0
    endloop
  endfacet
  facet normal 0 0 -1
    outer loop
      vertex 4.22618 3.06306 0
      vertex 4.57329 6.28091 0
      vertex 5 2.66025 0
    endloop
  endfacet
  facet normal 0 0 -1
    outer loop
      vertex 3.4202 3.39691 0
      vertex 4.57329 6.28091 0
      vertex 4.22618 3.06306 0
    endloop
  endfacet
  facet normal 0 0 -1
    outer loop
      vertex 3.4202 3.39691 0
      vertex 2.93054 3.65196 0
      vertex 4.57329 6.28091 0
    endloop
  endfacet
  facet normal 0 0 -1
    outer loop
      vertex 2.58818 3.65926 0
      vertex 2.93054 3.65196 0
      vertex 3.4202 3.39691 0
    endloop
  endfacet
  facet normal 0 0 -1
    outer loop
      vertex 2.58818 3.65926 0
      vertex 1.9977 4.23488 0
      vertex 2.93054 3.65196 0
    endloop
  endfacet
  facet normal 0 -0 -1
    outer loop
      vertex 1.9977 4.23488 0
      vertex 2.58818 3.65926 0
      vertex 1.73648 3.84807 0
    endloop
  endfacet
  facet normal -0 0 -1
    outer loop
      vertex 5.91664 12.6883 0
      vertex 3.64044 6.86382 0
      vertex 4.78827 13.1557 0
    endloop
  endfacet
  facet normal 0 0 -1
    outer loop
      vertex 3.64044 6.86382 0
      vertex 3.62346 13.5229 0
      vertex 4.78827 13.1557 0
    endloop
  endfacet
  facet normal 0 0 -1
    outer loop
      vertex 0.549988 7.75 0
      vertex 3.62346 13.5229 0
      vertex 3.64044 6.86382 0
    endloop
  endfacet
  facet normal -0 0 -1
    outer loop
      vertex 3.62346 13.5229 0
      vertex 0.549988 7.75 0
      vertex 2.43106 13.7873 0
    endloop
  endfacet
  facet normal 0 0 -1
    outer loop
      vertex -2 21.6268 0
      vertex 2 21.6268 0
      vertex 2 13.8441 0
    endloop
  endfacet
  facet normal 0 0 -1
    outer loop
      vertex 2 21.6268 0
      vertex -2 21.6268 0
      vertex 2 23.8362 0
    endloop
  endfacet
  facet normal 0 0 -1
    outer loop
      vertex -2 23.8362 0
      vertex 2 23.8362 0
      vertex -2 21.6268 0
    endloop
  endfacet
  facet normal 0 0 -1
    outer loop
      vertex -2 30.4597 0
      vertex 2 30.4597 0
      vertex -2 23.8362 0
    endloop
  endfacet
  facet normal 0 0 -1
    outer loop
      vertex 2 30.4597 0
      vertex -2 30.4597 0
      vertex 2 32.6597 0
    endloop
  endfacet
  facet normal 0 0 -1
    outer loop
      vertex 2 32.6597 0
      vertex -2 32.6597 0
      vertex 2 39.2832 0
    endloop
  endfacet
  facet normal -0 0 -1
    outer loop
      vertex 2.43106 13.7873 0
      vertex 0.549988 7.75 0
      vertex 2 13.8441 0
    endloop
  endfacet
  facet normal 0 0 -1
    outer loop
      vertex 0.549988 7.75 0
      vertex 3.64044 6.86382 0
      vertex 1.9977 4.23488 0
    endloop
  endfacet
  facet normal 0 0 -1
    outer loop
      vertex 13.722 -19.597 0
      vertex 13.8783 -16.7067 0
      vertex 15.3777 -18.3265 0
    endloop
  endfacet
  facet normal 0 0 -1
    outer loop
      vertex 13.722 -19.597 0
      vertex 12.4601 -17.7949 0
      vertex 13.8783 -16.7067 0
    endloop
  endfacet
  facet normal 0 0 -1
    outer loop
      vertex 11.9618 -20.7184 0
      vertex 12.4601 -17.7949 0
      vertex 13.722 -19.597 0
    endloop
  endfacet
  facet normal 0 0 -1
    outer loop
      vertex 11.9618 -20.7184 0
      vertex 10.8618 -18.8131 0
      vertex 12.4601 -17.7949 0
    endloop
  endfacet
  facet normal 0 0 -1
    outer loop
      vertex 10.1105 -21.6821 0
      vertex 10.8618 -18.8131 0
      vertex 11.9618 -20.7184 0
    endloop
  endfacet
  facet normal 0 0 -1
    outer loop
      vertex 10.1105 -21.6821 0
      vertex 9.18076 -19.6882 0
      vertex 10.8618 -18.8131 0
    endloop
  endfacet
  facet normal 0 0 -1
    outer loop
      vertex 8.18233 -22.4808 0
      vertex 9.18076 -19.6882 0
      vertex 10.1105 -21.6821 0
    endloop
  endfacet
  facet normal 0 0 -1
    outer loop
      vertex 8.18233 -22.4808 0
      vertex 7.42987 -20.4134 0
      vertex 9.18076 -19.6882 0
    endloop
  endfacet
  facet normal 0 0 -1
    outer loop
      vertex 6.19186 -23.1084 0
      vertex 7.42987 -20.4134 0
      vertex 8.18233 -22.4808 0
    endloop
  endfacet
  facet normal 0 0 -1
    outer loop
      vertex 6.19186 -23.1084 0
      vertex 5.62245 -20.9833 0
      vertex 7.42987 -20.4134 0
    endloop
  endfacet
  facet normal 0 0 -1
    outer loop
      vertex 4.15427 -23.5601 0
      vertex 5.62245 -20.9833 0
      vertex 6.19186 -23.1084 0
    endloop
  endfacet
  facet normal 0 0 -1
    outer loop
      vertex 4.15427 -23.5601 0
      vertex 3.77225 -21.3935 0
      vertex 5.62245 -20.9833 0
    endloop
  endfacet
  facet normal 0 0 -1
    outer loop
      vertex 2 -21.6268 0
      vertex 4.15427 -23.5601 0
      vertex 2.08507 -23.8325 0
    endloop
  endfacet
  facet normal 0 0 -1
    outer loop
      vertex 2 -21.6268 0
      vertex 2.08507 -23.8325 0
      vertex 2 -23.8362 0
    endloop
  endfacet
  facet normal 0 0 -1
    outer loop
      vertex 4.15427 -23.5601 0
      vertex 2 -21.6268 0
      vertex 3.77225 -21.3935 0
    endloop
  endfacet
  facet normal 0 0 -1
    outer loop
      vertex 13.8783 16.7067 0
      vertex 13.722 19.597 0
      vertex 15.3777 18.3265 0
    endloop
  endfacet
  facet normal 0 0 -1
    outer loop
      vertex 12.4601 17.7949 0
      vertex 13.722 19.597 0
      vertex 13.8783 16.7067 0
    endloop
  endfacet
  facet normal 0 0 -1
    outer loop
      vertex 12.4601 17.7949 0
      vertex 11.9618 20.7184 0
      vertex 13.722 19.597 0
    endloop
  endfacet
  facet normal 0 0 -1
    outer loop
      vertex 10.8618 18.8131 0
      vertex 11.9618 20.7184 0
      vertex 12.4601 17.7949 0
    endloop
  endfacet
  facet normal 0 0 -1
    outer loop
      vertex 10.8618 18.8131 0
      vertex 10.1105 21.6821 0
      vertex 11.9618 20.7184 0
    endloop
  endfacet
  facet normal 0 0 -1
    outer loop
      vertex 9.18076 19.6882 0
      vertex 10.1105 21.6821 0
      vertex 10.8618 18.8131 0
    endloop
  endfacet
  facet normal 0 0 -1
    outer loop
      vertex 9.18076 19.6882 0
      vertex 8.18233 22.4808 0
      vertex 10.1105 21.6821 0
    endloop
  endfacet
  facet normal 0 0 -1
    outer loop
      vertex 7.42987 20.4134 0
      vertex 8.18233 22.4808 0
      vertex 9.18076 19.6882 0
    endloop
  endfacet
  facet normal 0 0 -1
    outer loop
      vertex 7.42987 20.4134 0
      vertex 6.19186 23.1084 0
      vertex 8.18233 22.4808 0
    endloop
  endfacet
  facet normal 0 0 -1
    outer loop
      vertex 5.62245 20.9833 0
      vertex 6.19186 23.1084 0
      vertex 7.42987 20.4134 0
    endloop
  endfacet
  facet normal 0 0 -1
    outer loop
      vertex 5.62245 20.9833 0
      vertex 4.15427 23.5601 0
      vertex 6.19186 23.1084 0
    endloop
  endfacet
  facet normal 0 0 -1
    outer loop
      vertex 3.77225 21.3935 0
      vertex 4.15427 23.5601 0
      vertex 5.62245 20.9833 0
    endloop
  endfacet
  facet normal 0 0 -1
    outer loop
      vertex 2 21.6268 0
      vertex 4.15427 23.5601 0
      vertex 3.77225 21.3935 0
    endloop
  endfacet
  facet normal -0 0 -1
    outer loop
      vertex 4.15427 23.5601 0
      vertex 2 21.6268 0
      vertex 2.08507 23.8325 0
    endloop
  endfacet
  facet normal -0 0 -1
    outer loop
      vertex 2.08507 23.8325 0
      vertex 2 21.6268 0
      vertex 2 23.8362 0
    endloop
  endfacet
  facet normal 0 0 -1
    outer loop
      vertex 17.3299 38.9393 0
      vertex 18.4998 38.2433 0
      vertex 18.1693 37.7764 0
    endloop
  endfacet
  facet normal 0 0 -1
    outer loop
      vertex 18.4998 38.2433 0
      vertex 18.1606 39.77 0
      vertex 18.4263 39.9475 0
    endloop
  endfacet
  facet normal 0 0 -1
    outer loop
      vertex 16.7818 38.0016 0
      vertex 18.1693 37.7764 0
      vertex 17.9302 37.2567 0
    endloop
  endfacet
  facet normal 0 0 -1
    outer loop
      vertex 16.7818 38.0016 0
      vertex 17.9302 37.2567 0
      vertex 17.9261 37.2478 0
    endloop
  endfacet
  facet normal 0 0 -1
    outer loop
      vertex 16.7818 38.0016 0
      vertex 17.9261 37.2478 0
      vertex 17.7866 36.693 0
    endloop
  endfacet
  facet normal 0 0 -1
    outer loop
      vertex 16.7818 38.0016 0
      vertex 17.7866 36.693 0
      vertex 17.7842 36.6835 0
    endloop
  endfacet
  facet normal 0 0 -1
    outer loop
      vertex 16.4282 35.7691 0
      vertex 17.7836 36.6737 0
      vertex 17.7484 36.1028 0
    endloop
  endfacet
  facet normal 0 0 -1
    outer loop
      vertex 18.4998 38.2433 0
      vertex 17.718 39.3818 0
      vertex 18.1606 39.77 0
    endloop
  endfacet
  facet normal -0 0 -1
    outer loop
      vertex 17.7836 36.6737 0
      vertex 16.4282 35.7691 0
      vertex 17.7842 36.6835 0
    endloop
  endfacet
  facet normal 0 0 -1
    outer loop
      vertex 16.5533 35.0352 0
      vertex 17.9933 34.9802 0
      vertex 16.7425 34.4778 0
    endloop
  endfacet
  facet normal 0 0 -1
    outer loop
      vertex 17.9933 34.9802 0
      vertex 16.5533 35.0352 0
      vertex 17.8199 35.5253 0
    endloop
  endfacet
  facet normal 0 0 -1
    outer loop
      vertex 18.4998 38.2433 0
      vertex 17.3299 38.9393 0
      vertex 17.718 39.3818 0
    endloop
  endfacet
  facet normal -0 0 -1
    outer loop
      vertex 17.8199 35.5253 0
      vertex 16.5533 35.0352 0
      vertex 17.8187 35.535 0
    endloop
  endfacet
  facet normal 0 0 -1
    outer loop
      vertex 18.1693 37.7764 0
      vertex 16.7818 38.0016 0
      vertex 17.0029 38.4499 0
    endloop
  endfacet
  facet normal 0 0 -1
    outer loop
      vertex 18.1693 37.7764 0
      vertex 17.0029 38.4499 0
      vertex 17.3299 38.9393 0
    endloop
  endfacet
  facet normal 0 0 -1
    outer loop
      vertex 16.4385 35.6125 0
      vertex 17.8187 35.535 0
      vertex 16.5533 35.0352 0
    endloop
  endfacet
  facet normal 0 0 -1
    outer loop
      vertex 17.8187 35.535 0
      vertex 16.4385 35.6125 0
      vertex 17.7484 36.1028 0
    endloop
  endfacet
  facet normal 0 0 -1
    outer loop
      vertex 17.7484 36.1028 0
      vertex 16.4385 35.6125 0
      vertex 16.4282 35.7691 0
    endloop
  endfacet
  facet normal -0 0 -1
    outer loop
      vertex 17.7842 36.6835 0
      vertex 16.4282 35.7691 0
      vertex 16.7818 38.0016 0
    endloop
  endfacet
  facet normal 0 0 -1
    outer loop
      vertex 13.4655 36.9962 0
      vertex 16.7818 38.0016 0
      vertex 16.4282 35.7691 0
    endloop
  endfacet
  facet normal -0 0 -1
    outer loop
      vertex 16.7818 38.0016 0
      vertex 13.4655 36.9962 0
      vertex 14.218 39.0636 0
    endloop
  endfacet
  facet normal 0 0 -1
    outer loop
      vertex 13.4655 36.9962 0
      vertex 10.7592 40.1541 0
      vertex 14.218 39.0636 0
    endloop
  endfacet
  facet normal 0 0 -1
    outer loop
      vertex 10.1898 38.0291 0
      vertex 10.7592 40.1541 0
      vertex 13.4655 36.9962 0
    endloop
  endfacet
  facet normal 0 0 -1
    outer loop
      vertex 10.1898 38.0291 0
      vertex 7.21864 40.939 0
      vertex 10.7592 40.1541 0
    endloop
  endfacet
  facet normal 0 0 -1
    outer loop
      vertex 6.83662 38.7724 0
      vertex 7.21864 40.939 0
      vertex 10.1898 38.0291 0
    endloop
  endfacet
  facet normal 0 0 -1
    outer loop
      vertex 6.83662 38.7724 0
      vertex 3.62311 41.4124 0
      vertex 7.21864 40.939 0
    endloop
  endfacet
  facet normal 0 0 -1
    outer loop
      vertex 3.43137 39.2208 0
      vertex 3.62311 41.4124 0
      vertex 6.83662 38.7724 0
    endloop
  endfacet
  facet normal 0 0 -1
    outer loop
      vertex 2 39.2832 0
      vertex 3.62311 41.4124 0
      vertex 3.43137 39.2208 0
    endloop
  endfacet
  facet normal -0 0 -1
    outer loop
      vertex 3.62311 41.4124 0
      vertex 2 39.2832 0
      vertex 2 41.4833 0
    endloop
  endfacet
  facet normal 0 0 -1
    outer loop
      vertex 21.0494 -25.0857 0
      vertex 19.6353 -23.4004 0
      vertex 20.1241 -22.9525 0
    endloop
  endfacet
  facet normal 0 0 -1
    outer loop
      vertex 18.7829 -26.8248 0
      vertex 19.6353 -23.4004 0
      vertex 21.0494 -25.0857 0
    endloop
  endfacet
  facet normal 0 0 -1
    outer loop
      vertex 18.7829 -26.8248 0
      vertex 17.5211 -25.0227 0
      vertex 19.6353 -23.4004 0
    endloop
  endfacet
  facet normal 0 0 -1
    outer loop
      vertex 16.3735 -28.3598 0
      vertex 17.5211 -25.0227 0
      vertex 18.7829 -26.8248 0
    endloop
  endfacet
  facet normal 0 0 -1
    outer loop
      vertex 16.3735 -28.3598 0
      vertex 15.2735 -26.4545 0
      vertex 17.5211 -25.0227 0
    endloop
  endfacet
  facet normal 0 0 -1
    outer loop
      vertex 13.8395 -29.6789 0
      vertex 15.2735 -26.4545 0
      vertex 16.3735 -28.3598 0
    endloop
  endfacet
  facet normal 0 0 -1
    outer loop
      vertex 13.8395 -29.6789 0
      vertex 12.9097 -27.685 0
      vertex 15.2735 -26.4545 0
    endloop
  endfacet
  facet normal 0 0 -1
    outer loop
      vertex 11.2001 -30.7722 0
      vertex 12.9097 -27.685 0
      vertex 13.8395 -29.6789 0
    endloop
  endfacet
  facet normal 0 0 -1
    outer loop
      vertex 11.2001 -30.7722 0
      vertex 10.4477 -28.7048 0
      vertex 12.9097 -27.685 0
    endloop
  endfacet
  facet normal 0 0 -1
    outer loop
      vertex 8.47556 -31.6312 0
      vertex 10.4477 -28.7048 0
      vertex 11.2001 -30.7722 0
    endloop
  endfacet
  facet normal 0 0 -1
    outer loop
      vertex 8.47556 -31.6312 0
      vertex 7.90616 -29.5062 0
      vertex 10.4477 -28.7048 0
    endloop
  endfacet
  facet normal 0 0 -1
    outer loop
      vertex 5.68646 -32.2495 0
      vertex 7.90616 -29.5062 0
      vertex 8.47556 -31.6312 0
    endloop
  endfacet
  facet normal 0 0 -1
    outer loop
      vertex 5.68646 -32.2495 0
      vertex 5.30443 -30.083 0
      vertex 7.90616 -29.5062 0
    endloop
  endfacet
  facet normal 0 0 -1
    outer loop
      vertex 2.85408 -32.6224 0
      vertex 5.30443 -30.083 0
      vertex 5.68646 -32.2495 0
    endloop
  endfacet
  facet normal 0 0 -1
    outer loop
      vertex 2.85408 -32.6224 0
      vertex 2.66234 -30.4308 0
      vertex 5.30443 -30.083 0
    endloop
  endfacet
  facet normal 0 0 -1
    outer loop
      vertex 2 -32.6597 0
      vertex 2.66234 -30.4308 0
      vertex 2.85408 -32.6224 0
    endloop
  endfacet
  facet normal 0 0 -1
    outer loop
      vertex 2.66234 -30.4308 0
      vertex 2 -32.6597 0
      vertex 2 -30.4597 0
    endloop
  endfacet
  facet normal 0 0 -1
    outer loop
      vertex 13.8441 -2 0
      vertex 21.6268 2 0
      vertex 21.6268 -2 0
    endloop
  endfacet
  facet normal 0 0 -1
    outer loop
      vertex 13.8441 -2 0
      vertex 13.8441 2 0
      vertex 21.6268 2 0
    endloop
  endfacet
  facet normal 0 0 -1
    outer loop
      vertex 7.98875 0 0
      vertex 13.8441 -2 0
      vertex 13.7873 -2.43106 0
    endloop
  endfacet
  facet normal 0 0 -1
    outer loop
      vertex 13.8441 -2 0
      vertex 7.98875 0 0
      vertex 13.8441 2 0
    endloop
  endfacet
  facet normal 0 0 -1
    outer loop
      vertex 7.98875 0 0
      vertex 13.7873 -2.43106 0
      vertex 13.5229 -3.62346 0
    endloop
  endfacet
  facet normal -0 0 -1
    outer loop
      vertex 13.8441 2 0
      vertex 7.98875 0 0
      vertex 13.7873 2.43106 0
    endloop
  endfacet
  facet normal 0 0 -1
    outer loop
      vertex 7.98875 0 0
      vertex 13.5229 -3.62346 0
      vertex 13.1557 -4.78827 0
    endloop
  endfacet
  facet normal 0 0 -1
    outer loop
      vertex 7.66043 0.427872 0
      vertex 13.7873 2.43106 0
      vertex 7.98875 0 0
    endloop
  endfacet
  facet normal 0 0 -1
    outer loop
      vertex 7.98875 0 0
      vertex 13.1557 -4.78827 0
      vertex 12.6883 -5.91664 0
    endloop
  endfacet
  facet normal -0 0 -1
    outer loop
      vertex 13.7873 2.43106 0
      vertex 7.66043 0.427872 0
      vertex 13.5229 3.62346 0
    endloop
  endfacet
  facet normal 0 0 -1
    outer loop
      vertex 7.98875 0 0
      vertex 12.6883 -5.91664 0
      vertex 12.1243 -7 0
    endloop
  endfacet
  facet normal -0 0 -1
    outer loop
      vertex 13.5229 3.62346 0
      vertex 7.66043 0.427872 0
      vertex 13.1557 4.78827 0
    endloop
  endfacet
  facet normal 0 0 -1
    outer loop
      vertex 7.98875 0 0
      vertex 12.1243 -7 0
      vertex 11.4681 -8.03006 0
    endloop
  endfacet
  facet normal 0 0 -1
    outer loop
      vertex 7.07106 1.07106 0
      vertex 13.1557 4.78827 0
      vertex 7.66043 0.427872 0
    endloop
  endfacet
  facet normal 0 0 -1
    outer loop
      vertex 7.98875 0 0
      vertex 11.4681 -8.03006 0
      vertex 11.2034 -8.37502 0
    endloop
  endfacet
  facet normal -0 0 -1
    outer loop
      vertex 13.1557 4.78827 0
      vertex 7.07106 1.07106 0
      vertex 12.6883 5.91664 0
    endloop
  endfacet
  facet normal 0 0 -1
    outer loop
      vertex 26.7211 -31.8449 0
      vertex 25.3069 -30.1596 0
      vertex 26.3632 -29.1917 0
    endloop
  endfacet
  facet normal 0 0 -1
    outer loop
      vertex 24.5194 -33.5343 0
      vertex 25.3069 -30.1596 0
      vertex 26.7211 -31.8449 0
    endloop
  endfacet
  facet normal 0 0 -1
    outer loop
      vertex 23.8739 -35.1519 0
      vertex 25.2467 -35.0352 0
      vertex 24.0134 -35.7067 0
    endloop
  endfacet
  facet normal -0 0 -1
    outer loop
      vertex 25.2467 -35.0352 0
      vertex 23.8739 -35.1519 0
      vertex 25.0575 -34.4778 0
    endloop
  endfacet
  facet normal 0 0 -1
    outer loop
      vertex 23.8698 -35.143 0
      vertex 25.0575 -34.4778 0
      vertex 23.8739 -35.1519 0
    endloop
  endfacet
  facet normal 0 0 -1
    outer loop
      vertex 23.6307 -34.6233 0
      vertex 25.0575 -34.4778 0
      vertex 23.8698 -35.143 0
    endloop
  endfacet
  facet normal -0 0 -1
    outer loop
      vertex 25.0575 -34.4778 0
      vertex 23.6307 -34.6233 0
      vertex 24.7971 -33.9499 0
    endloop
  endfacet
  facet normal -0 0 -1
    outer loop
      vertex 24.7971 -33.9499 0
      vertex 23.6307 -34.6233 0
      vertex 24.5194 -33.5343 0
    endloop
  endfacet
  facet normal 0 0 -1
    outer loop
      vertex 23.3002 -34.1564 0
      vertex 24.5194 -33.5343 0
      vertex 23.6307 -34.6233 0
    endloop
  endfacet
  facet normal 0 0 -1
    outer loop
      vertex 23.2945 -34.1484 0
      vertex 24.5194 -33.5343 0
      vertex 23.3002 -34.1564 0
    endloop
  endfacet
  facet normal 0 0 -1
    outer loop
      vertex 22.8838 -33.7501 0
      vertex 24.5194 -33.5343 0
      vertex 23.2945 -34.1484 0
    endloop
  endfacet
  facet normal 0 0 -1
    outer loop
      vertex 22.8768 -33.7433 0
      vertex 24.5194 -33.5343 0
      vertex 22.8838 -33.7501 0
    endloop
  endfacet
  facet normal -0 0 -1
    outer loop
      vertex 24.5194 -33.5343 0
      vertex 22.8768 -33.7433 0
      vertex 22.7628 -32.1118 0
    endloop
  endfacet
  facet normal 0 0 -1
    outer loop
      vertex 22.7628 -32.1118 0
      vertex 22.8768 -33.7433 0
      vertex 22.8686 -33.7379 0
    endloop
  endfacet
  facet normal 0 0 -1
    outer loop
      vertex 24.5194 -33.5343 0
      vertex 22.7628 -32.1118 0
      vertex 25.3069 -30.1596 0
    endloop
  endfacet
  facet normal 0 0 -1
    outer loop
      vertex 22.3917 -33.4219 0
      vertex 22.7628 -32.1118 0
      vertex 22.8686 -33.7379 0
    endloop
  endfacet
  facet normal -0 0 -1
    outer loop
      vertex 22.7628 -32.1118 0
      vertex 22.3917 -33.4219 0
      vertex 22.6221 -32.0424 0
    endloop
  endfacet
  facet normal 0 0 -1
    outer loop
      vertex 21.8649 -33.1989 0
      vertex 22.6221 -32.0424 0
      vertex 22.3917 -33.4219 0
    endloop
  endfacet
  facet normal -0 0 -1
    outer loop
      vertex 22.6221 -32.0424 0
      vertex 21.8649 -33.1989 0
      vertex 22.0647 -31.8532 0
    endloop
  endfacet
  facet normal 0 0 -1
    outer loop
      vertex 21.8559 -33.1951 0
      vertex 22.0647 -31.8532 0
      vertex 21.8649 -33.1989 0
    endloop
  endfacet
  facet normal 0 0 -1
    outer loop
      vertex 21.2971 -33.0727 0
      vertex 22.0647 -31.8532 0
      vertex 21.8559 -33.1951 0
    endloop
  endfacet
  facet normal -0 0 -1
    outer loop
      vertex 22.0647 -31.8532 0
      vertex 21.2971 -33.0727 0
      vertex 21.4874 -31.7384 0
    endloop
  endfacet
  facet normal 0 0 -1
    outer loop
      vertex 21.2875 -33.0706 0
      vertex 21.4874 -31.7384 0
      vertex 21.2971 -33.0727 0
    endloop
  endfacet
  facet normal 0 0 -1
    outer loop
      vertex 21.2777 -33.0703 0
      vertex 21.4874 -31.7384 0
      vertex 21.2875 -33.0706 0
    endloop
  endfacet
  facet normal 0 0 -1
    outer loop
      vertex 21.2777 -33.0703 0
      vertex 20.9 -31.6999 0
      vertex 21.4874 -31.7384 0
    endloop
  endfacet
  facet normal 0 0 -1
    outer loop
      vertex 20.7059 -33.0527 0
      vertex 20.9 -31.6999 0
      vertex 21.2777 -33.0703 0
    endloop
  endfacet
  facet normal 0 0 -1
    outer loop
      vertex 20.7059 -33.0527 0
      vertex 20.3126 -31.7384 0
      vertex 20.9 -31.6999 0
    endloop
  endfacet
  facet normal 0 0 -1
    outer loop
      vertex 20.1406 -33.1405 0
      vertex 20.3126 -31.7384 0
      vertex 20.7059 -33.0527 0
    endloop
  endfacet
  facet normal 0 0 -1
    outer loop
      vertex 19.7353 -31.8532 0
      vertex 20.1406 -33.1405 0
      vertex 20.1309 -33.142 0
    endloop
  endfacet
  facet normal 0 0 -1
    outer loop
      vertex 19.7353 -31.8532 0
      vertex 20.1309 -33.142 0
      vertex 20.1217 -33.1452 0
    endloop
  endfacet
  facet normal 0 0 -1
    outer loop
      vertex 20.1406 -33.1405 0
      vertex 19.7353 -31.8532 0
      vertex 20.3126 -31.7384 0
    endloop
  endfacet
  facet normal 0 0 -1
    outer loop
      vertex 19.1779 -32.0424 0
      vertex 20.1217 -33.1452 0
      vertex 19.5821 -33.3354 0
    endloop
  endfacet
  facet normal 0 0 -1
    outer loop
      vertex 20.1217 -33.1452 0
      vertex 19.1779 -32.0424 0
      vertex 19.7353 -31.8532 0
    endloop
  endfacet
  facet normal 0 0 -1
    outer loop
      vertex 18.65 -32.3027 0
      vertex 19.5821 -33.3354 0
      vertex 19.0782 -33.6263 0
    endloop
  endfacet
  facet normal 0 0 -1
    outer loop
      vertex 19.5821 -33.3354 0
      vertex 18.65 -32.3027 0
      vertex 19.1779 -32.0424 0
    endloop
  endfacet
  facet normal 0 0 -1
    outer loop
      vertex 18.1606 -32.6298 0
      vertex 19.0782 -33.6263 0
      vertex 18.6438 -33.9985 0
    endloop
  endfacet
  facet normal 0 0 -1
    outer loop
      vertex 17.718 -33.0179 0
      vertex 18.6438 -33.9985 0
      vertex 18.6363 -34.0049 0
    endloop
  endfacet
  facet normal 0 0 -1
    outer loop
      vertex 17.718 -33.0179 0
      vertex 18.6363 -34.0049 0
      vertex 18.6302 -34.0125 0
    endloop
  endfacet
  facet normal 0 0 -1
    outer loop
      vertex 17.3299 -33.4604 0
      vertex 18.6302 -34.0125 0
      vertex 18.2715 -34.4582 0
    endloop
  endfacet
  facet normal 0 0 -1
    outer loop
      vertex 19.0782 -33.6263 0
      vertex 18.1606 -32.6298 0
      vertex 18.65 -32.3027 0
    endloop
  endfacet
  facet normal 0 0 -1
    outer loop
      vertex 17.0029 -33.9499 0
      vertex 18.2715 -34.4582 0
      vertex 18.0009 -34.9622 0
    endloop
  endfacet
  facet normal 0 0 -1
    outer loop
      vertex 16.7425 -34.4778 0
      vertex 18.0009 -34.9622 0
      vertex 17.9963 -34.9708 0
    endloop
  endfacet
  facet normal 0 0 -1
    outer loop
      vertex 16.7425 -34.4778 0
      vertex 17.9963 -34.9708 0
      vertex 17.9933 -34.9802 0
    endloop
  endfacet
  facet normal 0 0 -1
    outer loop
      vertex 16.5533 -35.0352 0
      vertex 17.9933 -34.9802 0
      vertex 17.8199 -35.5253 0
    endloop
  endfacet
  facet normal 0 0 -1
    outer loop
      vertex 16.5533 -35.0352 0
      vertex 17.8199 -35.5253 0
      vertex 17.8187 -35.535 0
    endloop
  endfacet
  facet normal 0 0 -1
    outer loop
      vertex 16.4385 -35.6125 0
      vertex 17.8187 -35.535 0
      vertex 17.7484 -36.1028 0
    endloop
  endfacet
  facet normal 0 0 -1
    outer loop
      vertex 18.6438 -33.9985 0
      vertex 17.718 -33.0179 0
      vertex 18.1606 -32.6298 0
    endloop
  endfacet
  facet normal -0 0 -1
    outer loop
      vertex 17.7866 -36.693 0
      vertex 16.7818 -38.0016 0
      vertex 17.7842 -36.6835 0
    endloop
  endfacet
  facet normal 0 0 -1
    outer loop
      vertex 16.4282 -35.7691 0
      vertex 17.7842 -36.6835 0
      vertex 16.7818 -38.0016 0
    endloop
  endfacet
  facet normal 0 0 -1
    outer loop
      vertex 18.6302 -34.0125 0
      vertex 17.3299 -33.4604 0
      vertex 17.718 -33.0179 0
    endloop
  endfacet
  facet normal 0 0 -1
    outer loop
      vertex 17.7842 -36.6835 0
      vertex 16.4282 -35.7691 0
      vertex 17.7836 -36.6737 0
    endloop
  endfacet
  facet normal 0 0 -1
    outer loop
      vertex 17.7836 -36.6737 0
      vertex 16.4282 -35.7691 0
      vertex 17.7484 -36.1028 0
    endloop
  endfacet
  facet normal 0 0 -1
    outer loop
      vertex 18.2715 -34.4582 0
      vertex 17.0029 -33.9499 0
      vertex 17.3299 -33.4604 0
    endloop
  endfacet
  facet normal 0 0 -1
    outer loop
      vertex 18.0009 -34.9622 0
      vertex 16.7425 -34.4778 0
      vertex 17.0029 -33.9499 0
    endloop
  endfacet
  facet normal 0 -0 -1
    outer loop
      vertex 16.4385 -35.6125 0
      vertex 17.7484 -36.1028 0
      vertex 16.4282 -35.7691 0
    endloop
  endfacet
  facet normal -0 0 -1
    outer loop
      vertex 17.9933 -34.9802 0
      vertex 16.5533 -35.0352 0
      vertex 16.7425 -34.4778 0
    endloop
  endfacet
  facet normal -0 0 -1
    outer loop
      vertex 17.8187 -35.535 0
      vertex 16.4385 -35.6125 0
      vertex 16.5533 -35.0352 0
    endloop
  endfacet
  facet normal 0 0 -1
    outer loop
      vertex 13.4655 -36.9962 0
      vertex 16.7818 -38.0016 0
      vertex 14.218 -39.0636 0
    endloop
  endfacet
  facet normal 0 0 -1
    outer loop
      vertex 16.7818 -38.0016 0
      vertex 13.4655 -36.9962 0
      vertex 16.4282 -35.7691 0
    endloop
  endfacet
  facet normal 0 0 -1
    outer loop
      vertex 10.7592 -40.1541 0
      vertex 13.4655 -36.9962 0
      vertex 14.218 -39.0636 0
    endloop
  endfacet
  facet normal 0 0 -1
    outer loop
      vertex 10.7592 -40.1541 0
      vertex 10.1898 -38.0291 0
      vertex 13.4655 -36.9962 0
    endloop
  endfacet
  facet normal 0 0 -1
    outer loop
      vertex 7.21864 -40.939 0
      vertex 10.1898 -38.0291 0
      vertex 10.7592 -40.1541 0
    endloop
  endfacet
  facet normal 0 0 -1
    outer loop
      vertex 7.21864 -40.939 0
      vertex 6.83662 -38.7724 0
      vertex 10.1898 -38.0291 0
    endloop
  endfacet
  facet normal 0 0 -1
    outer loop
      vertex 3.62311 -41.4124 0
      vertex 6.83662 -38.7724 0
      vertex 7.21864 -40.939 0
    endloop
  endfacet
  facet normal 0 0 -1
    outer loop
      vertex 3.62311 -41.4124 0
      vertex 3.43137 -39.2208 0
      vertex 6.83662 -38.7724 0
    endloop
  endfacet
  facet normal 0 0 -1
    outer loop
      vertex 2 -41.4833 0
      vertex 3.43137 -39.2208 0
      vertex 3.62311 -41.4124 0
    endloop
  endfacet
  facet normal 0 0 -1
    outer loop
      vertex 3.43137 -39.2208 0
      vertex 2 -41.4833 0
      vertex 2 -39.2832 0
    endloop
  endfacet
  facet normal 0 0 -1
    outer loop
      vertex 27.9189 30.7473 0
      vertex 30.7473 27.9189 0
      vertex 29.1917 26.3632 0
    endloop
  endfacet
  facet normal 0 0 -1
    outer loop
      vertex 30.7473 27.9189 0
      vertex 27.9189 30.7473 0
      vertex 29.6367 32.4652 0
    endloop
  endfacet
  facet normal 0 0 -1
    outer loop
      vertex 26.3632 29.1917 0
      vertex 27.9189 30.7473 0
      vertex 29.1917 26.3632 0
    endloop
  endfacet
  facet normal -0 0 -1
    outer loop
      vertex 27.9189 30.7473 0
      vertex 26.3632 29.1917 0
      vertex 26.7211 31.8449 0
    endloop
  endfacet
  facet normal 0 0 -1
    outer loop
      vertex 24.5081 21.6797 0
      vertex 26.3632 29.1917 0
      vertex 29.1917 26.3632 0
    endloop
  endfacet
  facet normal 0 0 -1
    outer loop
      vertex 22.9525 20.1241 0
      vertex 24.5081 21.6797 0
      vertex 23.4004 19.6353 0
    endloop
  endfacet
  facet normal 0 0 -1
    outer loop
      vertex 21.6797 24.5081 0
      vertex 24.5081 21.6797 0
      vertex 22.9525 20.1241 0
    endloop
  endfacet
  facet normal 0 0 -1
    outer loop
      vertex 24.5081 21.6797 0
      vertex 21.6797 24.5081 0
      vertex 26.3632 29.1917 0
    endloop
  endfacet
  facet normal 0 0 -1
    outer loop
      vertex 20.1241 22.9525 0
      vertex 21.6797 24.5081 0
      vertex 22.9525 20.1241 0
    endloop
  endfacet
  facet normal -0 0 -1
    outer loop
      vertex 21.6797 24.5081 0
      vertex 20.1241 22.9525 0
      vertex 21.0494 25.0857 0
    endloop
  endfacet
  facet normal 0 0 -1
    outer loop
      vertex 18.269 15.4405 0
      vertex 20.1241 22.9525 0
      vertex 22.9525 20.1241 0
    endloop
  endfacet
  facet normal -0 0 -1
    outer loop
      vertex 18.3265 15.3777 0
      vertex 16.7067 13.8783 0
      vertex 18.269 15.4405 0
    endloop
  endfacet
  facet normal 0 0 -1
    outer loop
      vertex 15.4405 18.269 0
      vertex 18.269 15.4405 0
      vertex 16.7067 13.8783 0
    endloop
  endfacet
  facet normal 0 0 -1
    outer loop
      vertex 18.269 15.4405 0
      vertex 15.4405 18.269 0
      vertex 20.1241 22.9525 0
    endloop
  endfacet
  facet normal 0 0 -1
    outer loop
      vertex 13.8783 16.7067 0
      vertex 15.4405 18.269 0
      vertex 16.7067 13.8783 0
    endloop
  endfacet
  facet normal -0 0 -1
    outer loop
      vertex 15.4405 18.269 0
      vertex 13.8783 16.7067 0
      vertex 15.3777 18.3265 0
    endloop
  endfacet
  facet normal 0 0 -1
    outer loop
      vertex 11.2034 8.37502 0
      vertex 13.8783 16.7067 0
      vertex 16.7067 13.8783 0
    endloop
  endfacet
  facet normal 0 0 -1
    outer loop
      vertex 11.2034 8.37502 0
      vertex 8.37502 11.2034 0
      vertex 13.8783 16.7067 0
    endloop
  endfacet
  facet normal 0 0 -1
    outer loop
      vertex 6.42787 1.66043 0
      vertex 12.6883 5.91664 0
      vertex 7.07106 1.07106 0
    endloop
  endfacet
  facet normal 0 0 -1
    outer loop
      vertex 3.4202 -3.39691 0
      vertex 8.37502 -11.2034 0
      vertex 8.03006 -11.4681 0
    endloop
  endfacet
  facet normal -0 0 -1
    outer loop
      vertex 12.6883 5.91664 0
      vertex 6.42787 1.66043 0
      vertex 12.1243 7 0
    endloop
  endfacet
  facet normal 0 0 -1
    outer loop
      vertex 5.73576 2.19151 0
      vertex 12.1243 7 0
      vertex 6.42787 1.66043 0
    endloop
  endfacet
  facet normal 0 0 -1
    outer loop
      vertex 8.37502 -11.2034 0
      vertex 7.66043 -0.427872 0
      vertex 7.98875 0 0
    endloop
  endfacet
  facet normal 0 0 -1
    outer loop
      vertex 8.37502 -11.2034 0
      vertex 7.07106 -1.07106 0
      vertex 7.66043 -0.427872 0
    endloop
  endfacet
  facet normal 0 0 -1
    outer loop
      vertex 3.4202 -3.39691 0
      vertex 8.03006 -11.4681 0
      vertex 7 -12.1243 0
    endloop
  endfacet
  facet normal 0 0 -1
    outer loop
      vertex 8.37502 -11.2034 0
      vertex 6.42787 -1.66043 0
      vertex 7.07106 -1.07106 0
    endloop
  endfacet
  facet normal 0 0 -1
    outer loop
      vertex 2.58818 -3.65926 0
      vertex 7 -12.1243 0
      vertex 5.91664 -12.6883 0
    endloop
  endfacet
  facet normal 0 0 -1
    outer loop
      vertex 8.37502 -11.2034 0
      vertex 5.73576 -2.19151 0
      vertex 6.42787 -1.66043 0
    endloop
  endfacet
  facet normal 0 0 -1
    outer loop
      vertex 8.37502 -11.2034 0
      vertex 5 -2.66025 0
      vertex 5.73576 -2.19151 0
    endloop
  endfacet
  facet normal 0 0 -1
    outer loop
      vertex 2.58818 -3.65926 0
      vertex 5.91664 -12.6883 0
      vertex 4.78827 -13.1557 0
    endloop
  endfacet
  facet normal 0 0 -1
    outer loop
      vertex 8.37502 -11.2034 0
      vertex 4.22618 -3.06306 0
      vertex 5 -2.66025 0
    endloop
  endfacet
  facet normal 0 0 -1
    outer loop
      vertex 1.73648 -3.84807 0
      vertex 4.78827 -13.1557 0
      vertex 3.62346 -13.5229 0
    endloop
  endfacet
  facet normal 0 0 -1
    outer loop
      vertex 8.37502 -11.2034 0
      vertex 3.4202 -3.39691 0
      vertex 4.22618 -3.06306 0
    endloop
  endfacet
  facet normal 0 0 -1
    outer loop
      vertex 7 -12.1243 0
      vertex 2.58818 -3.65926 0
      vertex 3.4202 -3.39691 0
    endloop
  endfacet
  facet normal 0 0 -1
    outer loop
      vertex 1.73648 -3.84807 0
      vertex 3.62346 -13.5229 0
      vertex 2.43106 -13.7873 0
    endloop
  endfacet
  facet normal 0 0 -1
    outer loop
      vertex 0.871552 -3.96194 0
      vertex 2.43106 -13.7873 0
      vertex 2 -13.8441 0
    endloop
  endfacet
  facet normal 0 0 -1
    outer loop
      vertex 4.78827 -13.1557 0
      vertex 1.73648 -3.84807 0
      vertex 2.58818 -3.65926 0
    endloop
  endfacet
  facet normal 0 0 -1
    outer loop
      vertex 23.8362 -2 0
      vertex 30.4597 2 0
      vertex 30.4597 -2 0
    endloop
  endfacet
  facet normal 0 0 -1
    outer loop
      vertex 23.8362 -2 0
      vertex 23.8362 2 0
      vertex 30.4597 2 0
    endloop
  endfacet
  facet normal 0 0 -1
    outer loop
      vertex 21.6268 -2 0
      vertex 23.8362 -2 0
      vertex 23.8325 -2.08507 0
    endloop
  endfacet
  facet normal 0 0 -1
    outer loop
      vertex 23.8362 -2 0
      vertex 21.6268 -2 0
      vertex 23.8362 2 0
    endloop
  endfacet
  facet normal 0 0 -1
    outer loop
      vertex 21.6268 -2 0
      vertex 23.8325 -2.08507 0
      vertex 23.5601 -4.15427 0
    endloop
  endfacet
  facet normal 0 0 -1
    outer loop
      vertex 21.6268 2 0
      vertex 23.8362 2 0
      vertex 21.6268 -2 0
    endloop
  endfacet
  facet normal 0 0 -1
    outer loop
      vertex 21.3935 -3.77225 0
      vertex 23.5601 -4.15427 0
      vertex 23.1084 -6.19186 0
    endloop
  endfacet
  facet normal 0 0 -1
    outer loop
      vertex 23.8362 2 0
      vertex 21.6268 2 0
      vertex 23.8325 2.08507 0
    endloop
  endfacet
  facet normal 0 0 -1
    outer loop
      vertex 20.9833 -5.62245 0
      vertex 23.1084 -6.19186 0
      vertex 22.4808 -8.18233 0
    endloop
  endfacet
  facet normal -0 0 -1
    outer loop
      vertex 23.8325 2.08507 0
      vertex 21.6268 2 0
      vertex 23.5601 4.15427 0
    endloop
  endfacet
  facet normal 0 0 -1
    outer loop
      vertex 20.4134 -7.42987 0
      vertex 22.4808 -8.18233 0
      vertex 21.6821 -10.1105 0
    endloop
  endfacet
  facet normal 0 0 -1
    outer loop
      vertex 21.3935 3.77225 0
      vertex 23.5601 4.15427 0
      vertex 21.6268 2 0
    endloop
  endfacet
  facet normal -0 0 -1
    outer loop
      vertex 23.5601 4.15427 0
      vertex 21.3935 3.77225 0
      vertex 23.1084 6.19186 0
    endloop
  endfacet
  facet normal 0 0 -1
    outer loop
      vertex 23.5601 -4.15427 0
      vertex 21.3935 -3.77225 0
      vertex 21.6268 -2 0
    endloop
  endfacet
  facet normal 0 0 -1
    outer loop
      vertex 23.1084 -6.19186 0
      vertex 20.9833 -5.62245 0
      vertex 21.3935 -3.77225 0
    endloop
  endfacet
  facet normal 0 0 -1
    outer loop
      vertex 19.6882 -9.18076 0
      vertex 21.6821 -10.1105 0
      vertex 20.7184 -11.9618 0
    endloop
  endfacet
  facet normal 0 0 -1
    outer loop
      vertex 22.4808 -8.18233 0
      vertex 20.4134 -7.42987 0
      vertex 20.9833 -5.62245 0
    endloop
  endfacet
  facet normal 0 0 -1
    outer loop
      vertex 21.6821 -10.1105 0
      vertex 19.6882 -9.18076 0
      vertex 20.4134 -7.42987 0
    endloop
  endfacet
  facet normal 0 0 -1
    outer loop
      vertex 18.8131 -10.8618 0
      vertex 20.7184 -11.9618 0
      vertex 19.597 -13.722 0
    endloop
  endfacet
  facet normal 0 0 -1
    outer loop
      vertex 20.7184 -11.9618 0
      vertex 18.8131 -10.8618 0
      vertex 19.6882 -9.18076 0
    endloop
  endfacet
  facet normal 0 0 -1
    outer loop
      vertex 16.7067 -13.8783 0
      vertex 19.597 -13.722 0
      vertex 18.3265 -15.3777 0
    endloop
  endfacet
  facet normal 0 0 -1
    outer loop
      vertex 16.7067 -13.8783 0
      vertex 18.3265 -15.3777 0
      vertex 18.269 -15.4405 0
    endloop
  endfacet
  facet normal 0 0 -1
    outer loop
      vertex 19.597 -13.722 0
      vertex 17.7949 -12.4601 0
      vertex 18.8131 -10.8618 0
    endloop
  endfacet
  facet normal 0 0 -1
    outer loop
      vertex 30.083 5.30443 0
      vertex 32.2495 5.68646 0
      vertex 30.4308 2.66234 0
    endloop
  endfacet
  facet normal -0 0 -1
    outer loop
      vertex 32.2495 5.68646 0
      vertex 30.083 5.30443 0
      vertex 31.6312 8.47556 0
    endloop
  endfacet
  facet normal 0 0 -1
    outer loop
      vertex 29.5062 7.90616 0
      vertex 31.6312 8.47556 0
      vertex 30.083 5.30443 0
    endloop
  endfacet
  facet normal -0 0 -1
    outer loop
      vertex 31.6312 8.47556 0
      vertex 29.5062 7.90616 0
      vertex 30.7722 11.2001 0
    endloop
  endfacet
  facet normal 0 0 -1
    outer loop
      vertex 28.7048 10.4477 0
      vertex 30.7722 11.2001 0
      vertex 29.5062 7.90616 0
    endloop
  endfacet
  facet normal -0 0 -1
    outer loop
      vertex 30.7722 11.2001 0
      vertex 28.7048 10.4477 0
      vertex 29.6789 13.8395 0
    endloop
  endfacet
  facet normal 0 0 -1
    outer loop
      vertex 27.685 12.9097 0
      vertex 29.6789 13.8395 0
      vertex 28.7048 10.4477 0
    endloop
  endfacet
  facet normal -0 0 -1
    outer loop
      vertex 29.6789 13.8395 0
      vertex 27.685 12.9097 0
      vertex 28.3598 16.3735 0
    endloop
  endfacet
  facet normal 0 0 -1
    outer loop
      vertex 26.4545 15.2735 0
      vertex 28.3598 16.3735 0
      vertex 27.685 12.9097 0
    endloop
  endfacet
  facet normal -0 0 -1
    outer loop
      vertex 28.3598 16.3735 0
      vertex 26.4545 15.2735 0
      vertex 26.8248 18.7829 0
    endloop
  endfacet
  facet normal 0 0 -1
    outer loop
      vertex 25.0227 17.5211 0
      vertex 26.8248 18.7829 0
      vertex 26.4545 15.2735 0
    endloop
  endfacet
  facet normal -0 0 -1
    outer loop
      vertex 26.8248 18.7829 0
      vertex 25.0227 17.5211 0
      vertex 25.0857 21.0494 0
    endloop
  endfacet
  facet normal 0 0 -1
    outer loop
      vertex 23.4004 19.6353 0
      vertex 25.0857 21.0494 0
      vertex 25.0227 17.5211 0
    endloop
  endfacet
  facet normal -0 0 -1
    outer loop
      vertex 25.0857 21.0494 0
      vertex 23.4004 19.6353 0
      vertex 24.5081 21.6797 0
    endloop
  endfacet
  facet normal 0 0 -1
    outer loop
      vertex 30.7473 -27.9189 0
      vertex 29.1917 -26.3632 0
      vertex 30.1596 -25.3069 0
    endloop
  endfacet
  facet normal -0 0 -1
    outer loop
      vertex 30.7473 -27.9189 0
      vertex 27.9189 -30.7473 0
      vertex 29.1917 -26.3632 0
    endloop
  endfacet
  facet normal 0 0 -1
    outer loop
      vertex 26.3632 -29.1917 0
      vertex 27.9189 -30.7473 0
      vertex 26.7211 -31.8449 0
    endloop
  endfacet
  facet normal 0 0 -1
    outer loop
      vertex 27.9189 -30.7473 0
      vertex 26.3632 -29.1917 0
      vertex 29.1917 -26.3632 0
    endloop
  endfacet
  facet normal 0 0 -1
    outer loop
      vertex 26.3632 -29.1917 0
      vertex 24.5081 -21.6797 0
      vertex 29.1917 -26.3632 0
    endloop
  endfacet
  facet normal 0 0 -1
    outer loop
      vertex 21.6797 -24.5081 0
      vertex 24.5081 -21.6797 0
      vertex 26.3632 -29.1917 0
    endloop
  endfacet
  facet normal 0 0 -1
    outer loop
      vertex 24.5081 -21.6797 0
      vertex 22.9525 -20.1241 0
      vertex 23.4004 -19.6353 0
    endloop
  endfacet
  facet normal -0 0 -1
    outer loop
      vertex 24.5081 -21.6797 0
      vertex 21.6797 -24.5081 0
      vertex 22.9525 -20.1241 0
    endloop
  endfacet
  facet normal 0 0 -1
    outer loop
      vertex 20.1241 -22.9525 0
      vertex 21.6797 -24.5081 0
      vertex 21.0494 -25.0857 0
    endloop
  endfacet
  facet normal 0 0 -1
    outer loop
      vertex 21.6797 -24.5081 0
      vertex 20.1241 -22.9525 0
      vertex 22.9525 -20.1241 0
    endloop
  endfacet
  facet normal 0 0 -1
    outer loop
      vertex 20.1241 -22.9525 0
      vertex 18.269 -15.4405 0
      vertex 22.9525 -20.1241 0
    endloop
  endfacet
  facet normal -0 0 -1
    outer loop
      vertex 19.597 -13.722 0
      vertex 16.7067 -13.8783 0
      vertex 17.7949 -12.4601 0
    endloop
  endfacet
  facet normal 0 0 -1
    outer loop
      vertex 15.4405 -18.269 0
      vertex 18.269 -15.4405 0
      vertex 20.1241 -22.9525 0
    endloop
  endfacet
  facet normal -0 0 -1
    outer loop
      vertex 18.269 -15.4405 0
      vertex 15.4405 -18.269 0
      vertex 16.7067 -13.8783 0
    endloop
  endfacet
  facet normal 0 0 -1
    outer loop
      vertex 13.8783 -16.7067 0
      vertex 15.4405 -18.269 0
      vertex 15.3777 -18.3265 0
    endloop
  endfacet
  facet normal 0 0 -1
    outer loop
      vertex 15.4405 -18.269 0
      vertex 13.8783 -16.7067 0
      vertex 16.7067 -13.8783 0
    endloop
  endfacet
  facet normal 0 0 -1
    outer loop
      vertex 13.8783 -16.7067 0
      vertex 11.2034 -8.37502 0
      vertex 16.7067 -13.8783 0
    endloop
  endfacet
  facet normal 0 0 -1
    outer loop
      vertex 7.98875 0 0
      vertex 11.2034 -8.37502 0
      vertex 8.37502 -11.2034 0
    endloop
  endfacet
  facet normal 0 0 -1
    outer loop
      vertex 8.37502 -11.2034 0
      vertex 11.2034 -8.37502 0
      vertex 13.8783 -16.7067 0
    endloop
  endfacet
  facet normal 0 0 -1
    outer loop
      vertex 25.3069 30.1596 0
      vertex 26.7211 31.8449 0
      vertex 26.3632 29.1917 0
    endloop
  endfacet
  facet normal 0 0 -1
    outer loop
      vertex 25.3069 30.1596 0
      vertex 24.5194 33.5343 0
      vertex 26.7211 31.8449 0
    endloop
  endfacet
  facet normal -0 0 -1
    outer loop
      vertex 25.3824 35.9314 0
      vertex 24.0164 35.726 0
      vertex 24.0516 36.297 0
    endloop
  endfacet
  facet normal 0 0 -1
    outer loop
      vertex 24.7971 33.9499 0
      vertex 24.0158 35.7162 0
      vertex 24.0164 35.726 0
    endloop
  endfacet
  facet normal 0 0 -1
    outer loop
      vertex 24.7971 33.9499 0
      vertex 24.0134 35.7067 0
      vertex 24.0158 35.7162 0
    endloop
  endfacet
  facet normal 0 0 -1
    outer loop
      vertex 24.7971 33.9499 0
      vertex 23.8739 35.1519 0
      vertex 24.0134 35.7067 0
    endloop
  endfacet
  facet normal 0 0 -1
    outer loop
      vertex 22.7628 32.1118 0
      vertex 24.5194 33.5343 0
      vertex 25.3069 30.1596 0
    endloop
  endfacet
  facet normal 0 0 -1
    outer loop
      vertex 24.7971 33.9499 0
      vertex 23.8698 35.143 0
      vertex 23.8739 35.1519 0
    endloop
  endfacet
  facet normal 0 0 -1
    outer loop
      vertex 24.7971 33.9499 0
      vertex 23.6307 34.6233 0
      vertex 23.8698 35.143 0
    endloop
  endfacet
  facet normal 0 0 -1
    outer loop
      vertex 24.5194 33.5343 0
      vertex 23.3002 34.1564 0
      vertex 23.6307 34.6233 0
    endloop
  endfacet
  facet normal 0 0 -1
    outer loop
      vertex 24.5194 33.5343 0
      vertex 23.2945 34.1484 0
      vertex 23.3002 34.1564 0
    endloop
  endfacet
  facet normal 0 -0 -1
    outer loop
      vertex 22.8768 33.7433 0
      vertex 24.5194 33.5343 0
      vertex 22.7628 32.1118 0
    endloop
  endfacet
  facet normal 0 0 -1
    outer loop
      vertex 24.5194 33.5343 0
      vertex 22.8838 33.7501 0
      vertex 23.2945 34.1484 0
    endloop
  endfacet
  facet normal 0 0 -1
    outer loop
      vertex 24.5194 33.5343 0
      vertex 22.8768 33.7433 0
      vertex 22.8838 33.7501 0
    endloop
  endfacet
  facet normal 0 0 -1
    outer loop
      vertex 22.8768 33.7433 0
      vertex 22.7628 32.1118 0
      vertex 22.8686 33.7379 0
    endloop
  endfacet
  facet normal 0 0 -1
    outer loop
      vertex 22.3917 33.4219 0
      vertex 22.7628 32.1118 0
      vertex 22.6221 32.0424 0
    endloop
  endfacet
  facet normal 0 0 -1
    outer loop
      vertex 22.7628 32.1118 0
      vertex 22.3917 33.4219 0
      vertex 22.8686 33.7379 0
    endloop
  endfacet
  facet normal 0 0 -1
    outer loop
      vertex 21.8649 33.1989 0
      vertex 22.6221 32.0424 0
      vertex 22.0647 31.8532 0
    endloop
  endfacet
  facet normal 0 0 -1
    outer loop
      vertex 22.6221 32.0424 0
      vertex 21.8649 33.1989 0
      vertex 22.3917 33.4219 0
    endloop
  endfacet
  facet normal 0 0 -1
    outer loop
      vertex 22.0647 31.8532 0
      vertex 21.8559 33.1951 0
      vertex 21.8649 33.1989 0
    endloop
  endfacet
  facet normal 0 0 -1
    outer loop
      vertex 21.2971 33.0727 0
      vertex 22.0647 31.8532 0
      vertex 21.4874 31.7384 0
    endloop
  endfacet
  facet normal 0 0 -1
    outer loop
      vertex 22.0647 31.8532 0
      vertex 21.2971 33.0727 0
      vertex 21.8559 33.1951 0
    endloop
  endfacet
  facet normal 0 0 -1
    outer loop
      vertex 21.4874 31.7384 0
      vertex 21.2875 33.0706 0
      vertex 21.2971 33.0727 0
    endloop
  endfacet
  facet normal 0 0 -1
    outer loop
      vertex 21.4874 31.7384 0
      vertex 21.2777 33.0703 0
      vertex 21.2875 33.0706 0
    endloop
  endfacet
  facet normal 0 0 -1
    outer loop
      vertex 20.9 31.6999 0
      vertex 21.2777 33.0703 0
      vertex 21.4874 31.7384 0
    endloop
  endfacet
  facet normal 0 0 -1
    outer loop
      vertex 20.9 31.6999 0
      vertex 20.7059 33.0527 0
      vertex 21.2777 33.0703 0
    endloop
  endfacet
  facet normal 0 0 -1
    outer loop
      vertex 20.3126 31.7384 0
      vertex 20.7059 33.0527 0
      vertex 20.9 31.6999 0
    endloop
  endfacet
  facet normal 0 0 -1
    outer loop
      vertex 20.3126 31.7384 0
      vertex 20.1406 33.1405 0
      vertex 20.7059 33.0527 0
    endloop
  endfacet
  facet normal 0 0 -1
    outer loop
      vertex 19.7353 31.8532 0
      vertex 20.1406 33.1405 0
      vertex 20.3126 31.7384 0
    endloop
  endfacet
  facet normal -0 0 -1
    outer loop
      vertex 20.1406 33.1405 0
      vertex 19.7353 31.8532 0
      vertex 20.1309 33.142 0
    endloop
  endfacet
  facet normal -0 0 -1
    outer loop
      vertex 20.1309 33.142 0
      vertex 19.7353 31.8532 0
      vertex 20.1217 33.1452 0
    endloop
  endfacet
  facet normal 0 0 -1
    outer loop
      vertex 19.1779 32.0424 0
      vertex 20.1217 33.1452 0
      vertex 19.7353 31.8532 0
    endloop
  endfacet
  facet normal -0 0 -1
    outer loop
      vertex 20.1217 33.1452 0
      vertex 19.1779 32.0424 0
      vertex 19.5821 33.3354 0
    endloop
  endfacet
  facet normal 0 0 -1
    outer loop
      vertex 18.65 32.3027 0
      vertex 19.5821 33.3354 0
      vertex 19.1779 32.0424 0
    endloop
  endfacet
  facet normal -0 0 -1
    outer loop
      vertex 19.5821 33.3354 0
      vertex 18.65 32.3027 0
      vertex 19.0782 33.6263 0
    endloop
  endfacet
  facet normal 0 0 -1
    outer loop
      vertex 18.1606 32.6298 0
      vertex 19.0782 33.6263 0
      vertex 18.65 32.3027 0
    endloop
  endfacet
  facet normal -0 0 -1
    outer loop
      vertex 19.0782 33.6263 0
      vertex 18.1606 32.6298 0
      vertex 18.6438 33.9985 0
    endloop
  endfacet
  facet normal 0 0 -1
    outer loop
      vertex 17.718 33.0179 0
      vertex 18.6438 33.9985 0
      vertex 18.1606 32.6298 0
    endloop
  endfacet
  facet normal -0 0 -1
    outer loop
      vertex 18.6438 33.9985 0
      vertex 17.718 33.0179 0
      vertex 18.6363 34.0049 0
    endloop
  endfacet
  facet normal -0 0 -1
    outer loop
      vertex 18.6363 34.0049 0
      vertex 17.718 33.0179 0
      vertex 18.6302 34.0125 0
    endloop
  endfacet
  facet normal 0 0 -1
    outer loop
      vertex 17.3299 33.4604 0
      vertex 18.6302 34.0125 0
      vertex 17.718 33.0179 0
    endloop
  endfacet
  facet normal -0 0 -1
    outer loop
      vertex 18.6302 34.0125 0
      vertex 17.3299 33.4604 0
      vertex 18.2715 34.4582 0
    endloop
  endfacet
  facet normal 0 0 -1
    outer loop
      vertex 17.0029 33.9499 0
      vertex 18.2715 34.4582 0
      vertex 17.3299 33.4604 0
    endloop
  endfacet
  facet normal -0 0 -1
    outer loop
      vertex 18.2715 34.4582 0
      vertex 17.0029 33.9499 0
      vertex 18.0009 34.9622 0
    endloop
  endfacet
  facet normal 0 0 -1
    outer loop
      vertex 16.7425 34.4778 0
      vertex 18.0009 34.9622 0
      vertex 17.0029 33.9499 0
    endloop
  endfacet
  facet normal -0 0 -1
    outer loop
      vertex 18.0009 34.9622 0
      vertex 16.7425 34.4778 0
      vertex 17.9963 34.9708 0
    endloop
  endfacet
  facet normal -0 0 -1
    outer loop
      vertex 17.9963 34.9708 0
      vertex 16.7425 34.4778 0
      vertex 17.9933 34.9802 0
    endloop
  endfacet
  facet normal 0 0 -1
    outer loop
      vertex 20.9833 5.62245 0
      vertex 23.1084 6.19186 0
      vertex 21.3935 3.77225 0
    endloop
  endfacet
  facet normal -0 0 -1
    outer loop
      vertex 23.1084 6.19186 0
      vertex 20.9833 5.62245 0
      vertex 22.4808 8.18233 0
    endloop
  endfacet
  facet normal 0 0 -1
    outer loop
      vertex 20.4134 7.42987 0
      vertex 22.4808 8.18233 0
      vertex 20.9833 5.62245 0
    endloop
  endfacet
  facet normal -0 0 -1
    outer loop
      vertex 22.4808 8.18233 0
      vertex 20.4134 7.42987 0
      vertex 21.6821 10.1105 0
    endloop
  endfacet
  facet normal 0 0 -1
    outer loop
      vertex 19.6882 9.18076 0
      vertex 21.6821 10.1105 0
      vertex 20.4134 7.42987 0
    endloop
  endfacet
  facet normal -0 0 -1
    outer loop
      vertex 21.6821 10.1105 0
      vertex 19.6882 9.18076 0
      vertex 20.7184 11.9618 0
    endloop
  endfacet
  facet normal 0 0 -1
    outer loop
      vertex 18.8131 10.8618 0
      vertex 20.7184 11.9618 0
      vertex 19.6882 9.18076 0
    endloop
  endfacet
  facet normal -0 0 -1
    outer loop
      vertex 20.7184 11.9618 0
      vertex 18.8131 10.8618 0
      vertex 19.597 13.722 0
    endloop
  endfacet
  facet normal 0 0 -1
    outer loop
      vertex 17.7949 12.4601 0
      vertex 19.597 13.722 0
      vertex 18.8131 10.8618 0
    endloop
  endfacet
  facet normal 0 0 -1
    outer loop
      vertex 16.7067 13.8783 0
      vertex 19.597 13.722 0
      vertex 17.7949 12.4601 0
    endloop
  endfacet
  facet normal 0 0 -1
    outer loop
      vertex 19.597 13.722 0
      vertex 16.7067 13.8783 0
      vertex 18.3265 15.3777 0
    endloop
  endfacet
  facet normal 0 0 -1
    outer loop
      vertex 19.6353 23.4004 0
      vertex 21.0494 25.0857 0
      vertex 20.1241 22.9525 0
    endloop
  endfacet
  facet normal 0 0 -1
    outer loop
      vertex 19.6353 23.4004 0
      vertex 18.7829 26.8248 0
      vertex 21.0494 25.0857 0
    endloop
  endfacet
  facet normal 0 0 -1
    outer loop
      vertex 17.5211 25.0227 0
      vertex 18.7829 26.8248 0
      vertex 19.6353 23.4004 0
    endloop
  endfacet
  facet normal 0 0 -1
    outer loop
      vertex 17.5211 25.0227 0
      vertex 16.3735 28.3598 0
      vertex 18.7829 26.8248 0
    endloop
  endfacet
  facet normal 0 0 -1
    outer loop
      vertex 15.2735 26.4545 0
      vertex 16.3735 28.3598 0
      vertex 17.5211 25.0227 0
    endloop
  endfacet
  facet normal 0 0 -1
    outer loop
      vertex 15.2735 26.4545 0
      vertex 13.8395 29.6789 0
      vertex 16.3735 28.3598 0
    endloop
  endfacet
  facet normal 0 0 -1
    outer loop
      vertex 12.9097 27.685 0
      vertex 13.8395 29.6789 0
      vertex 15.2735 26.4545 0
    endloop
  endfacet
  facet normal 0 0 -1
    outer loop
      vertex 12.9097 27.685 0
      vertex 11.2001 30.7722 0
      vertex 13.8395 29.6789 0
    endloop
  endfacet
  facet normal 0 0 -1
    outer loop
      vertex 10.4477 28.7048 0
      vertex 11.2001 30.7722 0
      vertex 12.9097 27.685 0
    endloop
  endfacet
  facet normal 0 0 -1
    outer loop
      vertex 10.4477 28.7048 0
      vertex 8.47556 31.6312 0
      vertex 11.2001 30.7722 0
    endloop
  endfacet
  facet normal 0 0 -1
    outer loop
      vertex 7.90616 29.5062 0
      vertex 8.47556 31.6312 0
      vertex 10.4477 28.7048 0
    endloop
  endfacet
  facet normal 0 0 -1
    outer loop
      vertex 7.90616 29.5062 0
      vertex 5.68646 32.2495 0
      vertex 8.47556 31.6312 0
    endloop
  endfacet
  facet normal 0 0 -1
    outer loop
      vertex 5.30443 30.083 0
      vertex 5.68646 32.2495 0
      vertex 7.90616 29.5062 0
    endloop
  endfacet
  facet normal 0 0 -1
    outer loop
      vertex 5.30443 30.083 0
      vertex 2.85408 32.6224 0
      vertex 5.68646 32.2495 0
    endloop
  endfacet
  facet normal 0 0 -1
    outer loop
      vertex 2.66234 30.4308 0
      vertex 2.85408 32.6224 0
      vertex 5.30443 30.083 0
    endloop
  endfacet
  facet normal 0 0 -1
    outer loop
      vertex 2 30.4597 0
      vertex 2.85408 32.6224 0
      vertex 2.66234 30.4308 0
    endloop
  endfacet
  facet normal -0 0 -1
    outer loop
      vertex 2.85408 32.6224 0
      vertex 2 30.4597 0
      vertex 2 32.6597 0
    endloop
  endfacet
  facet normal -0 0 -1
    outer loop
      vertex 18.9162 -38.6496 0
      vertex 17.718 -39.3818 0
      vertex 18.5055 -38.2513 0
    endloop
  endfacet
  facet normal 0 0 -1
    outer loop
      vertex 17.3299 -38.9393 0
      vertex 18.5055 -38.2513 0
      vertex 17.718 -39.3818 0
    endloop
  endfacet
  facet normal -0 0 -1
    outer loop
      vertex 18.5055 -38.2513 0
      vertex 17.3299 -38.9393 0
      vertex 18.4998 -38.2433 0
    endloop
  endfacet
  facet normal -0 0 -1
    outer loop
      vertex 18.4998 -38.2433 0
      vertex 17.3299 -38.9393 0
      vertex 18.1693 -37.7764 0
    endloop
  endfacet
  facet normal 0 0 -1
    outer loop
      vertex 17.0029 -38.4499 0
      vertex 18.1693 -37.7764 0
      vertex 17.3299 -38.9393 0
    endloop
  endfacet
  facet normal 0 0 -1
    outer loop
      vertex 16.7818 -38.0016 0
      vertex 18.1693 -37.7764 0
      vertex 17.0029 -38.4499 0
    endloop
  endfacet
  facet normal -0 0 -1
    outer loop
      vertex 17.9302 -37.2567 0
      vertex 16.7818 -38.0016 0
      vertex 17.9261 -37.2478 0
    endloop
  endfacet
  facet normal -0 0 -1
    outer loop
      vertex 17.9261 -37.2478 0
      vertex 16.7818 -38.0016 0
      vertex 17.7866 -36.693 0
    endloop
  endfacet
  facet normal -0 0 -1
    outer loop
      vertex 18.1693 -37.7764 0
      vertex 16.7818 -38.0016 0
      vertex 17.9302 -37.2567 0
    endloop
  endfacet
  facet normal 0 0 -1
    outer loop
      vertex 32.6597 -2 0
      vertex 39.2832 2 0
      vertex 39.2832 -2 0
    endloop
  endfacet
  facet normal 0 0 -1
    outer loop
      vertex 32.6597 -2 0
      vertex 32.6597 2 0
      vertex 39.2832 2 0
    endloop
  endfacet
  facet normal 0 0 -1
    outer loop
      vertex 30.4597 -2 0
      vertex 32.6597 -2 0
      vertex 32.6224 -2.85408 0
    endloop
  endfacet
  facet normal 0 0 -1
    outer loop
      vertex 32.6597 -2 0
      vertex 30.4597 -2 0
      vertex 32.6597 2 0
    endloop
  endfacet
  facet normal 0 0 -1
    outer loop
      vertex 30.4308 -2.66234 0
      vertex 32.6224 -2.85408 0
      vertex 32.2495 -5.68646 0
    endloop
  endfacet
  facet normal 0 0 -1
    outer loop
      vertex 30.4597 2 0
      vertex 32.6597 2 0
      vertex 30.4597 -2 0
    endloop
  endfacet
  facet normal 0 0 -1
    outer loop
      vertex 30.083 -5.30443 0
      vertex 32.2495 -5.68646 0
      vertex 31.6312 -8.47556 0
    endloop
  endfacet
  facet normal 0 0 -1
    outer loop
      vertex 32.6597 2 0
      vertex 30.4597 2 0
      vertex 32.6224 2.85408 0
    endloop
  endfacet
  facet normal 0 0 -1
    outer loop
      vertex 29.5062 -7.90616 0
      vertex 31.6312 -8.47556 0
      vertex 30.7722 -11.2001 0
    endloop
  endfacet
  facet normal 0 0 -1
    outer loop
      vertex 30.4308 2.66234 0
      vertex 32.6224 2.85408 0
      vertex 30.4597 2 0
    endloop
  endfacet
  facet normal -0 0 -1
    outer loop
      vertex 32.6224 2.85408 0
      vertex 30.4308 2.66234 0
      vertex 32.2495 5.68646 0
    endloop
  endfacet
  facet normal 0 0 -1
    outer loop
      vertex 32.6224 -2.85408 0
      vertex 30.4308 -2.66234 0
      vertex 30.4597 -2 0
    endloop
  endfacet
  facet normal 0 0 -1
    outer loop
      vertex 32.2495 -5.68646 0
      vertex 30.083 -5.30443 0
      vertex 30.4308 -2.66234 0
    endloop
  endfacet
  facet normal 0 0 -1
    outer loop
      vertex 28.7048 -10.4477 0
      vertex 30.7722 -11.2001 0
      vertex 29.6789 -13.8395 0
    endloop
  endfacet
  facet normal 0 0 -1
    outer loop
      vertex 31.6312 -8.47556 0
      vertex 29.5062 -7.90616 0
      vertex 30.083 -5.30443 0
    endloop
  endfacet
  facet normal 0 0 -1
    outer loop
      vertex 30.7722 -11.2001 0
      vertex 28.7048 -10.4477 0
      vertex 29.5062 -7.90616 0
    endloop
  endfacet
  facet normal 0 0 -1
    outer loop
      vertex 27.685 -12.9097 0
      vertex 29.6789 -13.8395 0
      vertex 28.3598 -16.3735 0
    endloop
  endfacet
  facet normal 0 0 -1
    outer loop
      vertex 29.6789 -13.8395 0
      vertex 27.685 -12.9097 0
      vertex 28.7048 -10.4477 0
    endloop
  endfacet
  facet normal 0 0 -1
    outer loop
      vertex 26.4545 -15.2735 0
      vertex 28.3598 -16.3735 0
      vertex 26.8248 -18.7829 0
    endloop
  endfacet
  facet normal 0 0 -1
    outer loop
      vertex 28.3598 -16.3735 0
      vertex 26.4545 -15.2735 0
      vertex 27.685 -12.9097 0
    endloop
  endfacet
  facet normal 0 0 -1
    outer loop
      vertex 25.0227 -17.5211 0
      vertex 26.8248 -18.7829 0
      vertex 25.0857 -21.0494 0
    endloop
  endfacet
  facet normal 0 0 -1
    outer loop
      vertex 26.8248 -18.7829 0
      vertex 25.0227 -17.5211 0
      vertex 26.4545 -15.2735 0
    endloop
  endfacet
  facet normal 0 0 -1
    outer loop
      vertex 23.4004 -19.6353 0
      vertex 25.0857 -21.0494 0
      vertex 24.5081 -21.6797 0
    endloop
  endfacet
  facet normal 0 0 -1
    outer loop
      vertex 25.0857 -21.0494 0
      vertex 23.4004 -19.6353 0
      vertex 25.0227 -17.5211 0
    endloop
  endfacet
  facet normal 0 0 -1
    outer loop
      vertex 41.4833 -2 0
      vertex 43.9127 2 0
      vertex 43.9127 -2 0
    endloop
  endfacet
  facet normal 0 0 -1
    outer loop
      vertex 41.4833 -2 0
      vertex 41.4833 2 0
      vertex 43.9127 2 0
    endloop
  endfacet
  facet normal 0 0 -1
    outer loop
      vertex 39.2832 -2 0
      vertex 41.4833 -2 0
      vertex 41.4124 -3.62311 0
    endloop
  endfacet
  facet normal 0 0 -1
    outer loop
      vertex 41.4833 -2 0
      vertex 39.2832 -2 0
      vertex 41.4833 2 0
    endloop
  endfacet
  facet normal 0 0 -1
    outer loop
      vertex 39.2208 -3.43137 0
      vertex 41.4124 -3.62311 0
      vertex 40.939 -7.21864 0
    endloop
  endfacet
  facet normal 0 0 -1
    outer loop
      vertex 39.2832 2 0
      vertex 41.4833 2 0
      vertex 39.2832 -2 0
    endloop
  endfacet
  facet normal 0 0 -1
    outer loop
      vertex 38.7724 -6.83662 0
      vertex 40.939 -7.21864 0
      vertex 40.1541 -10.7592 0
    endloop
  endfacet
  facet normal 0 0 -1
    outer loop
      vertex 41.4833 2 0
      vertex 39.2832 2 0
      vertex 41.4124 3.62311 0
    endloop
  endfacet
  facet normal 0 0 -1
    outer loop
      vertex 39.2208 3.43137 0
      vertex 41.4124 3.62311 0
      vertex 39.2832 2 0
    endloop
  endfacet
  facet normal 0 0 -1
    outer loop
      vertex 41.4124 -3.62311 0
      vertex 39.2208 -3.43137 0
      vertex 39.2832 -2 0
    endloop
  endfacet
  facet normal 0 0 -1
    outer loop
      vertex 38.0291 -10.1898 0
      vertex 40.1541 -10.7592 0
      vertex 39.0636 -14.218 0
    endloop
  endfacet
  facet normal 0 0 -1
    outer loop
      vertex 40.939 -7.21864 0
      vertex 38.7724 -6.83662 0
      vertex 39.2208 -3.43137 0
    endloop
  endfacet
  facet normal 0 0 -1
    outer loop
      vertex 40.1541 -10.7592 0
      vertex 38.0291 -10.1898 0
      vertex 38.7724 -6.83662 0
    endloop
  endfacet
  facet normal 0 0 -1
    outer loop
      vertex 36.9962 -13.4655 0
      vertex 39.0636 -14.218 0
      vertex 37.6757 -17.5685 0
    endloop
  endfacet
  facet normal 0 0 -1
    outer loop
      vertex 39.0636 -14.218 0
      vertex 36.9962 -13.4655 0
      vertex 38.0291 -10.1898 0
    endloop
  endfacet
  facet normal 0 0 -1
    outer loop
      vertex 35.6819 -16.6387 0
      vertex 37.6757 -17.5685 0
      vertex 36.0012 -20.7853 0
    endloop
  endfacet
  facet normal 0 0 -1
    outer loop
      vertex 37.6757 -17.5685 0
      vertex 35.6819 -16.6387 0
      vertex 36.9962 -13.4655 0
    endloop
  endfacet
  facet normal 0 0 -1
    outer loop
      vertex 36.0012 -20.7853 0
      vertex 34.0959 -19.6853 0
      vertex 35.6819 -16.6387 0
    endloop
  endfacet
  facet normal 0 0 -1
    outer loop
      vertex 34.0526 -23.8439 0
      vertex 34.0959 -19.6853 0
      vertex 36.0012 -20.7853 0
    endloop
  endfacet
  facet normal 0 0 -1
    outer loop
      vertex 34.0526 -23.8439 0
      vertex 32.2505 -22.582 0
      vertex 34.0959 -19.6853 0
    endloop
  endfacet
  facet normal 0 0 -1
    outer loop
      vertex 31.8449 -26.7211 0
      vertex 32.2505 -22.582 0
      vertex 34.0526 -23.8439 0
    endloop
  endfacet
  facet normal 0 0 -1
    outer loop
      vertex 30.1596 -25.3069 0
      vertex 31.8449 -26.7211 0
      vertex 30.7473 -27.9189 0
    endloop
  endfacet
  facet normal 0 0 -1
    outer loop
      vertex 31.8449 -26.7211 0
      vertex 30.1596 -25.3069 0
      vertex 32.2505 -22.582 0
    endloop
  endfacet
  facet normal 0 0 -1
    outer loop
      vertex 43.9127 -2 0
      vertex 48 0 0
      vertex 47.8173 -4.18347 0
    endloop
  endfacet
  facet normal 0 0 -1
    outer loop
      vertex 43.8326 -3.83484 0
      vertex 47.8173 -4.18347 0
      vertex 47.2708 -8.3351 0
    endloop
  endfacet
  facet normal 0 0 -1
    outer loop
      vertex 43.9127 2 0
      vertex 48 0 0
      vertex 43.9127 -2 0
    endloop
  endfacet
  facet normal 0 0 -1
    outer loop
      vertex 43.3315 -7.64052 0
      vertex 47.2708 -8.3351 0
      vertex 46.3644 -12.4233 0
    endloop
  endfacet
  facet normal 0 0 -1
    outer loop
      vertex 48 0 0
      vertex 43.9127 2 0
      vertex 47.8173 4.18347 0
    endloop
  endfacet
  facet normal 0 0 -1
    outer loop
      vertex 42.5007 -11.388 0
      vertex 46.3644 -12.4233 0
      vertex 45.1052 -16.417 0
    endloop
  endfacet
  facet normal 0 0 -1
    outer loop
      vertex 43.8326 3.83484 0
      vertex 47.8173 4.18347 0
      vertex 43.9127 2 0
    endloop
  endfacet
  facet normal -0 0 -1
    outer loop
      vertex 47.8173 4.18347 0
      vertex 43.8326 3.83484 0
      vertex 47.2708 8.3351 0
    endloop
  endfacet
  facet normal 0 0 -1
    outer loop
      vertex 47.8173 -4.18347 0
      vertex 43.8326 -3.83484 0
      vertex 43.9127 -2 0
    endloop
  endfacet
  facet normal 0 0 -1
    outer loop
      vertex 41.3465 -15.0489 0
      vertex 45.1052 -16.417 0
      vertex 43.5028 -20.2857 0
    endloop
  endfacet
  facet normal 0 0 -1
    outer loop
      vertex 47.2708 -8.3351 0
      vertex 43.3315 -7.64052 0
      vertex 43.8326 -3.83484 0
    endloop
  endfacet
  facet normal 0 0 -1
    outer loop
      vertex 46.3644 -12.4233 0
      vertex 42.5007 -11.388 0
      vertex 43.3315 -7.64052 0
    endloop
  endfacet
  facet normal 0 0 -1
    outer loop
      vertex 39.8775 -18.5952 0
      vertex 43.5028 -20.2857 0
      vertex 41.5692 -24 0
    endloop
  endfacet
  facet normal 0 0 -1
    outer loop
      vertex 45.1052 -16.417 0
      vertex 41.3465 -15.0489 0
      vertex 42.5007 -11.388 0
    endloop
  endfacet
  facet normal 0 0 -1
    outer loop
      vertex 43.5028 -20.2857 0
      vertex 39.8775 -18.5952 0
      vertex 41.3465 -15.0489 0
    endloop
  endfacet
  facet normal 0 0 -1
    outer loop
      vertex 38.1051 -22 0
      vertex 41.5692 -24 0
      vertex 39.3193 -27.5317 0
    endloop
  endfacet
  facet normal 0 0 -1
    outer loop
      vertex 41.5692 -24 0
      vertex 38.1051 -22 0
      vertex 39.8775 -18.5952 0
    endloop
  endfacet
  facet normal 0 0 -1
    outer loop
      vertex 36.0427 -25.2374 0
      vertex 39.3193 -27.5317 0
      vertex 36.7701 -30.8538 0
    endloop
  endfacet
  facet normal 0 0 -1
    outer loop
      vertex 39.3193 -27.5317 0
      vertex 36.0427 -25.2374 0
      vertex 38.1051 -22 0
    endloop
  endfacet
  facet normal 0 0 -1
    outer loop
      vertex 32.4652 -29.6367 0
      vertex 36.7701 -30.8538 0
      vertex 33.9411 -33.9411 0
    endloop
  endfacet
  facet normal 0 0 -1
    outer loop
      vertex 36.7701 -30.8538 0
      vertex 33.7059 -28.2827 0
      vertex 36.0427 -25.2374 0
    endloop
  endfacet
  facet normal 0 0 -1
    outer loop
      vertex 36.7701 -30.8538 0
      vertex 32.4652 -29.6367 0
      vertex 33.7059 -28.2827 0
    endloop
  endfacet
  facet normal 0 0 -1
    outer loop
      vertex 29.6367 -32.4652 0
      vertex 33.9411 -33.9411 0
      vertex 30.8538 -36.7701 0
    endloop
  endfacet
  facet normal 0 0 -1
    outer loop
      vertex 33.9411 -33.9411 0
      vertex 29.6367 -32.4652 0
      vertex 32.4652 -29.6367 0
    endloop
  endfacet
  facet normal -0 0 -1
    outer loop
      vertex 32.4652 -29.6367 0
      vertex 29.6367 -32.4652 0
      vertex 30.7473 -27.9189 0
    endloop
  endfacet
  facet normal 0 0 -1
    outer loop
      vertex 27.9189 -30.7473 0
      vertex 30.7473 -27.9189 0
      vertex 29.6367 -32.4652 0
    endloop
  endfacet
  facet normal 0 0 -1
    outer loop
      vertex 30.8538 -36.7701 0
      vertex 28.2827 -33.7059 0
      vertex 29.6367 -32.4652 0
    endloop
  endfacet
  facet normal 0 0 -1
    outer loop
      vertex 25.3824 -35.9314 0
      vertex 30.8538 -36.7701 0
      vertex 27.5317 -39.3193 0
    endloop
  endfacet
  facet normal 0 0 -1
    outer loop
      vertex 30.8538 -36.7701 0
      vertex 25.3824 -35.9314 0
      vertex 28.2827 -33.7059 0
    endloop
  endfacet
  facet normal 0 0 -1
    outer loop
      vertex 24.0164 -35.726 0
      vertex 25.3824 -35.9314 0
      vertex 24.0516 -36.297 0
    endloop
  endfacet
  facet normal 0 0 -1
    outer loop
      vertex 25.3824 -35.9314 0
      vertex 24.0164 -35.726 0
      vertex 25.3615 -35.6125 0
    endloop
  endfacet
  facet normal 0 0 -1
    outer loop
      vertex 24.0158 -35.7162 0
      vertex 25.3615 -35.6125 0
      vertex 24.0164 -35.726 0
    endloop
  endfacet
  facet normal 0 0 -1
    outer loop
      vertex 24.0134 -35.7067 0
      vertex 25.3615 -35.6125 0
      vertex 24.0158 -35.7162 0
    endloop
  endfacet
  facet normal -0 0 -1
    outer loop
      vertex 25.3615 -35.6125 0
      vertex 24.0134 -35.7067 0
      vertex 25.2467 -35.0352 0
    endloop
  endfacet
  facet normal 0 0 -1
    outer loop
      vertex 23.8067 -37.4196 0
      vertex 25.3824 -35.9314 0
      vertex 27.5317 -39.3193 0
    endloop
  endfacet
  facet normal 0 0 -1
    outer loop
      vertex 23.5285 -37.9415 0
      vertex 27.5317 -39.3193 0
      vertex 24 -41.5692 0
    endloop
  endfacet
  facet normal 0 0 -1
    outer loop
      vertex 25.3824 -35.9314 0
      vertex 23.9813 -36.8647 0
      vertex 24.0516 -36.297 0
    endloop
  endfacet
  facet normal 0 0 -1
    outer loop
      vertex 25.3824 -35.9314 0
      vertex 23.9801 -36.8744 0
      vertex 23.9813 -36.8647 0
    endloop
  endfacet
  facet normal 0 0 -1
    outer loop
      vertex 25.3824 -35.9314 0
      vertex 23.8067 -37.4196 0
      vertex 23.9801 -36.8744 0
    endloop
  endfacet
  facet normal 0 0 -1
    outer loop
      vertex 27.5317 -39.3193 0
      vertex 23.8037 -37.4289 0
      vertex 23.8067 -37.4196 0
    endloop
  endfacet
  facet normal 0 0 -1
    outer loop
      vertex 27.5317 -39.3193 0
      vertex 23.7991 -37.4375 0
      vertex 23.8037 -37.4289 0
    endloop
  endfacet
  facet normal 0 0 -1
    outer loop
      vertex 27.5317 -39.3193 0
      vertex 23.5285 -37.9415 0
      vertex 23.7991 -37.4375 0
    endloop
  endfacet
  facet normal 0 0 -1
    outer loop
      vertex 24 -41.5692 0
      vertex 23.1698 -38.3872 0
      vertex 23.5285 -37.9415 0
    endloop
  endfacet
  facet normal 0 0 -1
    outer loop
      vertex 24 -41.5692 0
      vertex 23.1637 -38.3949 0
      vertex 23.1698 -38.3872 0
    endloop
  endfacet
  facet normal 0 0 -1
    outer loop
      vertex 24 -41.5692 0
      vertex 23.1562 -38.4012 0
      vertex 23.1637 -38.3949 0
    endloop
  endfacet
  facet normal 0 0 -1
    outer loop
      vertex 24 -41.5692 0
      vertex 22.7218 -38.7734 0
      vertex 23.1562 -38.4012 0
    endloop
  endfacet
  facet normal 0 0 -1
    outer loop
      vertex 24 -41.5692 0
      vertex 22.2179 -39.0644 0
      vertex 22.7218 -38.7734 0
    endloop
  endfacet
  facet normal 0 0 -1
    outer loop
      vertex 24 -41.5692 0
      vertex 21.6783 -39.2545 0
      vertex 22.2179 -39.0644 0
    endloop
  endfacet
  facet normal 0 0 -1
    outer loop
      vertex 24 -41.5692 0
      vertex 21.6691 -39.2578 0
      vertex 21.6783 -39.2545 0
    endloop
  endfacet
  facet normal 0 0 -1
    outer loop
      vertex 24 -41.5692 0
      vertex 21.6594 -39.2593 0
      vertex 21.6691 -39.2578 0
    endloop
  endfacet
  facet normal 0 0 -1
    outer loop
      vertex 24 -41.5692 0
      vertex 21.0941 -39.347 0
      vertex 21.6594 -39.2593 0
    endloop
  endfacet
  facet normal 0 0 -1
    outer loop
      vertex 20.2857 -43.5028 0
      vertex 21.0941 -39.347 0
      vertex 24 -41.5692 0
    endloop
  endfacet
  facet normal -0 0 -1
    outer loop
      vertex 21.0941 -39.347 0
      vertex 20.2857 -43.5028 0
      vertex 20.5223 -39.3294 0
    endloop
  endfacet
  facet normal -0 0 -1
    outer loop
      vertex 20.5223 -39.3294 0
      vertex 20.2857 -43.5028 0
      vertex 20.5125 -39.3291 0
    endloop
  endfacet
  facet normal -0 0 -1
    outer loop
      vertex 20.5125 -39.3291 0
      vertex 20.2857 -43.5028 0
      vertex 20.5029 -39.327 0
    endloop
  endfacet
  facet normal 0 0 -1
    outer loop
      vertex 18.4263 -39.9475 0
      vertex 20.5029 -39.327 0
      vertex 20.2857 -43.5028 0
    endloop
  endfacet
  facet normal -0 0 -1
    outer loop
      vertex 20.5029 -39.327 0
      vertex 18.4263 -39.9475 0
      vertex 19.9441 -39.2046 0
    endloop
  endfacet
  facet normal -0 0 -1
    outer loop
      vertex 19.9441 -39.2046 0
      vertex 18.4263 -39.9475 0
      vertex 19.9351 -39.2008 0
    endloop
  endfacet
  facet normal -0 0 -1
    outer loop
      vertex 19.9351 -39.2008 0
      vertex 18.4263 -39.9475 0
      vertex 19.4083 -38.9778 0
    endloop
  endfacet
  facet normal -0 0 -1
    outer loop
      vertex 19.4083 -38.9778 0
      vertex 18.4263 -39.9475 0
      vertex 18.9314 -38.6618 0
    endloop
  endfacet
  facet normal 0 0 -1
    outer loop
      vertex 18.1606 -39.77 0
      vertex 18.9314 -38.6618 0
      vertex 18.4263 -39.9475 0
    endloop
  endfacet
  facet normal -0 0 -1
    outer loop
      vertex 18.9314 -38.6618 0
      vertex 18.1606 -39.77 0
      vertex 18.9232 -38.6564 0
    endloop
  endfacet
  facet normal -0 0 -1
    outer loop
      vertex 18.9232 -38.6564 0
      vertex 18.1606 -39.77 0
      vertex 18.9162 -38.6496 0
    endloop
  endfacet
  facet normal 0 0 -1
    outer loop
      vertex 17.718 -39.3818 0
      vertex 18.9162 -38.6496 0
      vertex 18.1606 -39.77 0
    endloop
  endfacet
  facet normal 0 0 -1
    outer loop
      vertex 16.417 -45.1052 0
      vertex 18.4263 -39.9475 0
      vertex 20.2857 -43.5028 0
    endloop
  endfacet
  facet normal 0 0 -1
    outer loop
      vertex 16.417 -45.1052 0
      vertex 15.0489 -41.3465 0
      vertex 18.4263 -39.9475 0
    endloop
  endfacet
  facet normal 0 0 -1
    outer loop
      vertex 12.4233 -46.3644 0
      vertex 15.0489 -41.3465 0
      vertex 16.417 -45.1052 0
    endloop
  endfacet
  facet normal 0 0 -1
    outer loop
      vertex 12.4233 -46.3644 0
      vertex 11.388 -42.5007 0
      vertex 15.0489 -41.3465 0
    endloop
  endfacet
  facet normal 0 0 -1
    outer loop
      vertex 8.3351 -47.2708 0
      vertex 11.388 -42.5007 0
      vertex 12.4233 -46.3644 0
    endloop
  endfacet
  facet normal 0 0 -1
    outer loop
      vertex 8.3351 -47.2708 0
      vertex 7.64052 -43.3315 0
      vertex 11.388 -42.5007 0
    endloop
  endfacet
  facet normal 0 0 -1
    outer loop
      vertex 4.18347 -47.8173 0
      vertex 7.64052 -43.3315 0
      vertex 8.3351 -47.2708 0
    endloop
  endfacet
  facet normal 0 0 -1
    outer loop
      vertex 4.18347 -47.8173 0
      vertex 3.83484 -43.8326 0
      vertex 7.64052 -43.3315 0
    endloop
  endfacet
  facet normal 0 0 -1
    outer loop
      vertex 4.18347 -47.8173 0
      vertex 2 -43.9127 0
      vertex 3.83484 -43.8326 0
    endloop
  endfacet
  facet normal 0 0 -1
    outer loop
      vertex -2 -43.9127 0
      vertex 2 -41.4833 0
      vertex 2 -43.9127 0
    endloop
  endfacet
  facet normal 0 0 -1
    outer loop
      vertex -2 -41.4833 0
      vertex 2 -41.4833 0
      vertex -2 -43.9127 0
    endloop
  endfacet
  facet normal 0 0 -1
    outer loop
      vertex 2 -41.4833 0
      vertex -2 -41.4833 0
      vertex 2 -39.2832 0
    endloop
  endfacet
  facet normal 0 0 -1
    outer loop
      vertex -2 -39.2832 0
      vertex 2 -39.2832 0
      vertex -2 -41.4833 0
    endloop
  endfacet
  facet normal 0 0 -1
    outer loop
      vertex 2 -39.2832 0
      vertex -2 -39.2832 0
      vertex 2 -32.6597 0
    endloop
  endfacet
  facet normal 0 0 -1
    outer loop
      vertex -2 -32.6597 0
      vertex 2 -32.6597 0
      vertex -2 -39.2832 0
    endloop
  endfacet
  facet normal 0 0 -1
    outer loop
      vertex 2 -23.8362 0
      vertex -1.73648 -3.84807 0
      vertex 2 -21.6268 0
    endloop
  endfacet
  facet normal 0 0 -1
    outer loop
      vertex 2.43106 -13.7873 0
      vertex 0.871552 -3.96194 0
      vertex 1.73648 -3.84807 0
    endloop
  endfacet
  facet normal 0 0 -1
    outer loop
      vertex 0 -48 0
      vertex 2 -43.9127 0
      vertex 4.18347 -47.8173 0
    endloop
  endfacet
  facet normal 0 0 -1
    outer loop
      vertex -2 -43.9127 0
      vertex 2 -43.9127 0
      vertex 0 -48 0
    endloop
  endfacet
  facet normal 0 0 -1
    outer loop
      vertex 2 -21.6268 0
      vertex -1.73648 -3.84807 0
      vertex 2 -13.8441 0
    endloop
  endfacet
  facet normal 0 0 -1
    outer loop
      vertex 2 -13.8441 0
      vertex 0 -4 0
      vertex 0.871552 -3.96194 0
    endloop
  endfacet
  facet normal 0 0 -1
    outer loop
      vertex 2 -13.8441 0
      vertex -0.871552 -3.96194 0
      vertex 0 -4 0
    endloop
  endfacet
  facet normal 0 0 -1
    outer loop
      vertex 2 -13.8441 0
      vertex -1.73648 -3.84807 0
      vertex -0.871552 -3.96194 0
    endloop
  endfacet
  facet normal 0 0 -1
    outer loop
      vertex -4.18347 -47.8173 0
      vertex -2 -43.9127 0
      vertex 0 -48 0
    endloop
  endfacet
  facet normal -0 0 -1
    outer loop
      vertex -2 -43.9127 0
      vertex -4.18347 -47.8173 0
      vertex -3.83484 -43.8326 0
    endloop
  endfacet
  facet normal 0 0 -1
    outer loop
      vertex -4.18347 -47.8173 0
      vertex -7.64052 -43.3315 0
      vertex -3.83484 -43.8326 0
    endloop
  endfacet
  facet normal 0 0 -1
    outer loop
      vertex -8.3351 -47.2708 0
      vertex -7.64052 -43.3315 0
      vertex -4.18347 -47.8173 0
    endloop
  endfacet
  facet normal 0 0 -1
    outer loop
      vertex -8.3351 -47.2708 0
      vertex -11.388 -42.5007 0
      vertex -7.64052 -43.3315 0
    endloop
  endfacet
  facet normal 0 0 -1
    outer loop
      vertex -12.4233 -46.3644 0
      vertex -11.388 -42.5007 0
      vertex -8.3351 -47.2708 0
    endloop
  endfacet
  facet normal 0 0 -1
    outer loop
      vertex -12.4233 -46.3644 0
      vertex -15.0489 -41.3465 0
      vertex -11.388 -42.5007 0
    endloop
  endfacet
  facet normal 0 0 -1
    outer loop
      vertex -16.417 -45.1052 0
      vertex -15.0489 -41.3465 0
      vertex -12.4233 -46.3644 0
    endloop
  endfacet
  facet normal 0 0 -1
    outer loop
      vertex -16.417 -45.1052 0
      vertex -18.5952 -39.8775 0
      vertex -15.0489 -41.3465 0
    endloop
  endfacet
  facet normal 0 0 -1
    outer loop
      vertex -20.2857 -43.5028 0
      vertex -18.5952 -39.8775 0
      vertex -16.417 -45.1052 0
    endloop
  endfacet
  facet normal 0 0 -1
    outer loop
      vertex -20.2857 -43.5028 0
      vertex -22 -38.1051 0
      vertex -18.5952 -39.8775 0
    endloop
  endfacet
  facet normal 0 0 -1
    outer loop
      vertex -24 -41.5692 0
      vertex -22 -38.1051 0
      vertex -20.2857 -43.5028 0
    endloop
  endfacet
  facet normal 0 0 -1
    outer loop
      vertex -24 -41.5692 0
      vertex -25.2374 -36.0427 0
      vertex -22 -38.1051 0
    endloop
  endfacet
  facet normal 0 0 -1
    outer loop
      vertex -27.5317 -39.3193 0
      vertex -25.2374 -36.0427 0
      vertex -24 -41.5692 0
    endloop
  endfacet
  facet normal 0 0 -1
    outer loop
      vertex -27.5317 -39.3193 0
      vertex -28.2827 -33.7059 0
      vertex -25.2374 -36.0427 0
    endloop
  endfacet
  facet normal 0 0 -1
    outer loop
      vertex -30.8538 -36.7701 0
      vertex -28.2827 -33.7059 0
      vertex -27.5317 -39.3193 0
    endloop
  endfacet
  facet normal -0 0 -1
    outer loop
      vertex -29.1917 -26.3632 0
      vertex -30.7473 -27.9189 0
      vertex -30.1596 -25.3069 0
    endloop
  endfacet
  facet normal -0 0 -1
    outer loop
      vertex -28.2827 -33.7059 0
      vertex -30.8538 -36.7701 0
      vertex -29.6367 -32.4652 0
    endloop
  endfacet
  facet normal 0 0 -1
    outer loop
      vertex -33.9411 -33.9411 0
      vertex -29.6367 -32.4652 0
      vertex -30.8538 -36.7701 0
    endloop
  endfacet
  facet normal 0 0 -1
    outer loop
      vertex -29.6367 -32.4652 0
      vertex -32.4652 -29.6367 0
      vertex -30.7473 -27.9189 0
    endloop
  endfacet
  facet normal -0 0 -1
    outer loop
      vertex -29.6367 -32.4652 0
      vertex -33.9411 -33.9411 0
      vertex -32.4652 -29.6367 0
    endloop
  endfacet
  facet normal 0 0 -1
    outer loop
      vertex -36.7701 -30.8538 0
      vertex -32.4652 -29.6367 0
      vertex -33.9411 -33.9411 0
    endloop
  endfacet
  facet normal -0 0 -1
    outer loop
      vertex -32.4652 -29.6367 0
      vertex -36.7701 -30.8538 0
      vertex -33.7059 -28.2827 0
    endloop
  endfacet
  facet normal -0 0 -1
    outer loop
      vertex -33.7059 -28.2827 0
      vertex -36.7701 -30.8538 0
      vertex -36.0427 -25.2374 0
    endloop
  endfacet
  facet normal 0 0 -1
    outer loop
      vertex -39.3193 -27.5317 0
      vertex -36.0427 -25.2374 0
      vertex -36.7701 -30.8538 0
    endloop
  endfacet
  facet normal -0 0 -1
    outer loop
      vertex -36.0427 -25.2374 0
      vertex -39.3193 -27.5317 0
      vertex -38.1051 -22 0
    endloop
  endfacet
  facet normal 0 0 -1
    outer loop
      vertex -41.5692 -24 0
      vertex -38.1051 -22 0
      vertex -39.3193 -27.5317 0
    endloop
  endfacet
  facet normal -0 0 -1
    outer loop
      vertex -38.1051 -22 0
      vertex -41.5692 -24 0
      vertex -39.8775 -18.5952 0
    endloop
  endfacet
  facet normal 0 0 -1
    outer loop
      vertex -43.5028 -20.2857 0
      vertex -39.8775 -18.5952 0
      vertex -41.5692 -24 0
    endloop
  endfacet
  facet normal -0 0 -1
    outer loop
      vertex -39.8775 -18.5952 0
      vertex -43.5028 -20.2857 0
      vertex -41.3465 -15.0489 0
    endloop
  endfacet
  facet normal 0 0 -1
    outer loop
      vertex -45.1052 -16.417 0
      vertex -41.3465 -15.0489 0
      vertex -43.5028 -20.2857 0
    endloop
  endfacet
  facet normal -0 0 -1
    outer loop
      vertex -41.3465 -15.0489 0
      vertex -45.1052 -16.417 0
      vertex -42.5007 -11.388 0
    endloop
  endfacet
  facet normal 0 0 -1
    outer loop
      vertex -46.3644 -12.4233 0
      vertex -42.5007 -11.388 0
      vertex -45.1052 -16.417 0
    endloop
  endfacet
  facet normal -0 0 -1
    outer loop
      vertex -42.5007 -11.388 0
      vertex -46.3644 -12.4233 0
      vertex -43.3315 -7.64052 0
    endloop
  endfacet
  facet normal 0 0 -1
    outer loop
      vertex -47.2708 -8.3351 0
      vertex -43.3315 -7.64052 0
      vertex -46.3644 -12.4233 0
    endloop
  endfacet
  facet normal -0 0 -1
    outer loop
      vertex -43.3315 -7.64052 0
      vertex -47.2708 -8.3351 0
      vertex -43.8087 -4.01611 0
    endloop
  endfacet
  facet normal 0 0 -1
    outer loop
      vertex -47.8173 -4.18347 0
      vertex -43.8087 -4.01611 0
      vertex -47.2708 -8.3351 0
    endloop
  endfacet
  facet normal 0 -0 -1
    outer loop
      vertex -44.3096 -1.90743 0
      vertex -43.8087 -4.01611 0
      vertex -47.8173 -4.18347 0
    endloop
  endfacet
  facet normal 0 0 -1
    outer loop
      vertex -43.8087 -4.01611 0
      vertex -43.9242 -2.33019 0
      vertex -43.9164 -2.3361 0
    endloop
  endfacet
  facet normal 0 0 -1
    outer loop
      vertex -43.8087 -4.01611 0
      vertex -44.3096 -1.90743 0
      vertex -43.9242 -2.33019 0
    endloop
  endfacet
  facet normal -0 0 -1
    outer loop
      vertex -44.3096 -1.90743 0
      vertex -47.8173 -4.18347 0
      vertex -44.3162 -1.90018 0
    endloop
  endfacet
  facet normal -0 0 -1
    outer loop
      vertex -44.3162 -1.90018 0
      vertex -47.8173 -4.18347 0
      vertex -44.3214 -1.89185 0
    endloop
  endfacet
  facet normal -0 0 -1
    outer loop
      vertex -44.3214 -1.89185 0
      vertex -47.8173 -4.18347 0
      vertex -44.6226 -1.40547 0
    endloop
  endfacet
  facet normal 0 0 -1
    outer loop
      vertex -44.6226 -1.40547 0
      vertex -48 0 0
      vertex -44.8292 -0.872035 0
    endloop
  endfacet
  facet normal 0 0 -1
    outer loop
      vertex -48 0 0
      vertex -44.6226 -1.40547 0
      vertex -47.8173 -4.18347 0
    endloop
  endfacet
  facet normal 0 0 -1
    outer loop
      vertex 43.3315 7.64052 0
      vertex 47.2708 8.3351 0
      vertex 43.8326 3.83484 0
    endloop
  endfacet
  facet normal -0 0 -1
    outer loop
      vertex 47.2708 8.3351 0
      vertex 43.3315 7.64052 0
      vertex 46.3644 12.4233 0
    endloop
  endfacet
  facet normal 0 0 -1
    outer loop
      vertex 42.5007 11.388 0
      vertex 46.3644 12.4233 0
      vertex 43.3315 7.64052 0
    endloop
  endfacet
  facet normal -0 0 -1
    outer loop
      vertex 46.3644 12.4233 0
      vertex 42.5007 11.388 0
      vertex 45.1052 16.417 0
    endloop
  endfacet
  facet normal 0 0 -1
    outer loop
      vertex 41.3465 15.0489 0
      vertex 45.1052 16.417 0
      vertex 42.5007 11.388 0
    endloop
  endfacet
  facet normal -0 0 -1
    outer loop
      vertex 45.1052 16.417 0
      vertex 41.3465 15.0489 0
      vertex 43.5028 20.2857 0
    endloop
  endfacet
  facet normal 0 0 -1
    outer loop
      vertex 39.8775 18.5952 0
      vertex 43.5028 20.2857 0
      vertex 41.3465 15.0489 0
    endloop
  endfacet
  facet normal -0 0 -1
    outer loop
      vertex 43.5028 20.2857 0
      vertex 39.8775 18.5952 0
      vertex 41.5692 24 0
    endloop
  endfacet
  facet normal 0 0 -1
    outer loop
      vertex 38.1051 22 0
      vertex 41.5692 24 0
      vertex 39.8775 18.5952 0
    endloop
  endfacet
  facet normal -0 0 -1
    outer loop
      vertex 41.5692 24 0
      vertex 38.1051 22 0
      vertex 39.3193 27.5317 0
    endloop
  endfacet
  facet normal 0 0 -1
    outer loop
      vertex 36.0427 25.2374 0
      vertex 39.3193 27.5317 0
      vertex 38.1051 22 0
    endloop
  endfacet
  facet normal -0 0 -1
    outer loop
      vertex 39.3193 27.5317 0
      vertex 36.0427 25.2374 0
      vertex 36.7701 30.8538 0
    endloop
  endfacet
  facet normal 0 0 -1
    outer loop
      vertex 33.7059 28.2827 0
      vertex 36.7701 30.8538 0
      vertex 36.0427 25.2374 0
    endloop
  endfacet
  facet normal 0 0 -1
    outer loop
      vertex 32.4652 29.6367 0
      vertex 36.7701 30.8538 0
      vertex 33.7059 28.2827 0
    endloop
  endfacet
  facet normal -0 0 -1
    outer loop
      vertex 36.7701 30.8538 0
      vertex 32.4652 29.6367 0
      vertex 33.9411 33.9411 0
    endloop
  endfacet
  facet normal 0 0 -1
    outer loop
      vertex 29.6367 32.4652 0
      vertex 33.9411 33.9411 0
      vertex 32.4652 29.6367 0
    endloop
  endfacet
  facet normal 0 0 -1
    outer loop
      vertex 29.6367 32.4652 0
      vertex 32.4652 29.6367 0
      vertex 30.7473 27.9189 0
    endloop
  endfacet
  facet normal 0 0 -1
    outer loop
      vertex 29.1917 26.3632 0
      vertex 30.7473 27.9189 0
      vertex 30.1596 25.3069 0
    endloop
  endfacet
  facet normal -0 0 -1
    outer loop
      vertex 33.9411 33.9411 0
      vertex 29.6367 32.4652 0
      vertex 30.8538 36.7701 0
    endloop
  endfacet
  facet normal 0 0 -1
    outer loop
      vertex 28.2827 33.7059 0
      vertex 30.8538 36.7701 0
      vertex 29.6367 32.4652 0
    endloop
  endfacet
  facet normal 0 0 -1
    outer loop
      vertex 25.3824 35.9314 0
      vertex 30.8538 36.7701 0
      vertex 28.2827 33.7059 0
    endloop
  endfacet
  facet normal -0 0 -1
    outer loop
      vertex 30.8538 36.7701 0
      vertex 25.3824 35.9314 0
      vertex 27.5317 39.3193 0
    endloop
  endfacet
  facet normal 0 0 -1
    outer loop
      vertex 24.0164 35.726 0
      vertex 25.3615 35.6125 0
      vertex 25.2467 35.0352 0
    endloop
  endfacet
  facet normal 0 0 -1
    outer loop
      vertex 24.0164 35.726 0
      vertex 25.2467 35.0352 0
      vertex 25.0575 34.4778 0
    endloop
  endfacet
  facet normal 0 0 -1
    outer loop
      vertex 24.0164 35.726 0
      vertex 25.0575 34.4778 0
      vertex 24.7971 33.9499 0
    endloop
  endfacet
  facet normal 0 0 -1
    outer loop
      vertex 23.6307 34.6233 0
      vertex 24.7971 33.9499 0
      vertex 24.5194 33.5343 0
    endloop
  endfacet
  facet normal 0 0 -1
    outer loop
      vertex 24.0164 35.726 0
      vertex 25.3824 35.9314 0
      vertex 25.3615 35.6125 0
    endloop
  endfacet
  facet normal 0 0 -1
    outer loop
      vertex 23.9813 36.8647 0
      vertex 25.3824 35.9314 0
      vertex 24.0516 36.297 0
    endloop
  endfacet
  facet normal 0 0 -1
    outer loop
      vertex 23.9801 36.8744 0
      vertex 25.3824 35.9314 0
      vertex 23.9813 36.8647 0
    endloop
  endfacet
  facet normal 0 0 -1
    outer loop
      vertex 23.8067 37.4196 0
      vertex 25.3824 35.9314 0
      vertex 23.9801 36.8744 0
    endloop
  endfacet
  facet normal 0 0 -1
    outer loop
      vertex 25.3824 35.9314 0
      vertex 23.8067 37.4196 0
      vertex 27.5317 39.3193 0
    endloop
  endfacet
  facet normal 0 0 -1
    outer loop
      vertex 23.8037 37.4289 0
      vertex 27.5317 39.3193 0
      vertex 23.8067 37.4196 0
    endloop
  endfacet
  facet normal 0 0 -1
    outer loop
      vertex 23.7991 37.4375 0
      vertex 27.5317 39.3193 0
      vertex 23.8037 37.4289 0
    endloop
  endfacet
  facet normal 0 0 -1
    outer loop
      vertex 23.5285 37.9415 0
      vertex 27.5317 39.3193 0
      vertex 23.7991 37.4375 0
    endloop
  endfacet
  facet normal -0 0 -1
    outer loop
      vertex 27.5317 39.3193 0
      vertex 23.5285 37.9415 0
      vertex 24 41.5692 0
    endloop
  endfacet
  facet normal 0 0 -1
    outer loop
      vertex 23.1698 38.3872 0
      vertex 24 41.5692 0
      vertex 23.5285 37.9415 0
    endloop
  endfacet
  facet normal 0 0 -1
    outer loop
      vertex 23.1637 38.3949 0
      vertex 24 41.5692 0
      vertex 23.1698 38.3872 0
    endloop
  endfacet
  facet normal 0 0 -1
    outer loop
      vertex 23.1562 38.4012 0
      vertex 24 41.5692 0
      vertex 23.1637 38.3949 0
    endloop
  endfacet
  facet normal 0 0 -1
    outer loop
      vertex 22.7218 38.7734 0
      vertex 24 41.5692 0
      vertex 23.1562 38.4012 0
    endloop
  endfacet
  facet normal 0 0 -1
    outer loop
      vertex 22.2179 39.0644 0
      vertex 24 41.5692 0
      vertex 22.7218 38.7734 0
    endloop
  endfacet
  facet normal 0 0 -1
    outer loop
      vertex 21.6783 39.2545 0
      vertex 24 41.5692 0
      vertex 22.2179 39.0644 0
    endloop
  endfacet
  facet normal 0 0 -1
    outer loop
      vertex 21.6691 39.2578 0
      vertex 24 41.5692 0
      vertex 21.6783 39.2545 0
    endloop
  endfacet
  facet normal 0 0 -1
    outer loop
      vertex 21.6594 39.2593 0
      vertex 24 41.5692 0
      vertex 21.6691 39.2578 0
    endloop
  endfacet
  facet normal 0 0 -1
    outer loop
      vertex 21.0941 39.347 0
      vertex 24 41.5692 0
      vertex 21.6594 39.2593 0
    endloop
  endfacet
  facet normal 0 0 -1
    outer loop
      vertex 20.2857 43.5028 0
      vertex 21.0941 39.347 0
      vertex 20.5223 39.3294 0
    endloop
  endfacet
  facet normal 0 0 -1
    outer loop
      vertex 20.2857 43.5028 0
      vertex 20.5223 39.3294 0
      vertex 20.5125 39.3291 0
    endloop
  endfacet
  facet normal 0 0 -1
    outer loop
      vertex 20.2857 43.5028 0
      vertex 20.5125 39.3291 0
      vertex 20.5029 39.327 0
    endloop
  endfacet
  facet normal 0 0 -1
    outer loop
      vertex 21.0941 39.347 0
      vertex 20.2857 43.5028 0
      vertex 24 41.5692 0
    endloop
  endfacet
  facet normal 0 0 -1
    outer loop
      vertex 18.4263 39.9475 0
      vertex 20.5029 39.327 0
      vertex 19.9441 39.2046 0
    endloop
  endfacet
  facet normal 0 0 -1
    outer loop
      vertex 18.4263 39.9475 0
      vertex 19.9441 39.2046 0
      vertex 19.9351 39.2008 0
    endloop
  endfacet
  facet normal 0 0 -1
    outer loop
      vertex 18.4263 39.9475 0
      vertex 19.9351 39.2008 0
      vertex 19.4083 38.9778 0
    endloop
  endfacet
  facet normal 0 0 -1
    outer loop
      vertex 18.4263 39.9475 0
      vertex 19.4083 38.9778 0
      vertex 18.9314 38.6618 0
    endloop
  endfacet
  facet normal 0 0 -1
    outer loop
      vertex 18.4263 39.9475 0
      vertex 18.9314 38.6618 0
      vertex 18.9232 38.6564 0
    endloop
  endfacet
  facet normal 0 0 -1
    outer loop
      vertex 18.4263 39.9475 0
      vertex 18.9232 38.6564 0
      vertex 18.9162 38.6496 0
    endloop
  endfacet
  facet normal 0 0 -1
    outer loop
      vertex 18.4263 39.9475 0
      vertex 18.9162 38.6496 0
      vertex 18.5055 38.2513 0
    endloop
  endfacet
  facet normal 0 0 -1
    outer loop
      vertex 18.4263 39.9475 0
      vertex 18.5055 38.2513 0
      vertex 18.4998 38.2433 0
    endloop
  endfacet
  facet normal 0 0 -1
    outer loop
      vertex 20.5029 39.327 0
      vertex 18.4263 39.9475 0
      vertex 20.2857 43.5028 0
    endloop
  endfacet
  facet normal 0 0 -1
    outer loop
      vertex 18.4263 39.9475 0
      vertex 16.417 45.1052 0
      vertex 20.2857 43.5028 0
    endloop
  endfacet
  facet normal 0 0 -1
    outer loop
      vertex 15.0489 41.3465 0
      vertex 16.417 45.1052 0
      vertex 18.4263 39.9475 0
    endloop
  endfacet
  facet normal 0 0 -1
    outer loop
      vertex 15.0489 41.3465 0
      vertex 12.4233 46.3644 0
      vertex 16.417 45.1052 0
    endloop
  endfacet
  facet normal 0 0 -1
    outer loop
      vertex 11.388 42.5007 0
      vertex 12.4233 46.3644 0
      vertex 15.0489 41.3465 0
    endloop
  endfacet
  facet normal 0 0 -1
    outer loop
      vertex 11.388 42.5007 0
      vertex 8.3351 47.2708 0
      vertex 12.4233 46.3644 0
    endloop
  endfacet
  facet normal 0 0 -1
    outer loop
      vertex 7.64052 43.3315 0
      vertex 8.3351 47.2708 0
      vertex 11.388 42.5007 0
    endloop
  endfacet
  facet normal 0 0 -1
    outer loop
      vertex 7.64052 43.3315 0
      vertex 4.18347 47.8173 0
      vertex 8.3351 47.2708 0
    endloop
  endfacet
  facet normal 0 0 -1
    outer loop
      vertex 3.83484 43.8326 0
      vertex 4.18347 47.8173 0
      vertex 7.64052 43.3315 0
    endloop
  endfacet
  facet normal 0 0 -1
    outer loop
      vertex 2 43.9127 0
      vertex 4.18347 47.8173 0
      vertex 3.83484 43.8326 0
    endloop
  endfacet
  facet normal 0 0 -1
    outer loop
      vertex 0.871552 3.96194 0
      vertex 1.9977 4.23488 0
      vertex 1.73648 3.84807 0
    endloop
  endfacet
  facet normal -0 0 -1
    outer loop
      vertex 1.9977 4.23488 0
      vertex 0.871552 3.96194 0
      vertex 0.549988 4.64999 0
    endloop
  endfacet
  facet normal 0 0 -1
    outer loop
      vertex 1.9977 4.23488 0
      vertex 0.549988 4.64999 0
      vertex 0.549988 7.75 0
    endloop
  endfacet
  facet normal 0 0 -1
    outer loop
      vertex -2 13.8441 0
      vertex 2 13.8441 0
      vertex 0.549988 7.75 0
    endloop
  endfacet
  facet normal 0 0 -1
    outer loop
      vertex 2 43.9127 0
      vertex 0 48 0
      vertex 4.18347 47.8173 0
    endloop
  endfacet
  facet normal 0 0 -1
    outer loop
      vertex -2 32.6597 0
      vertex 2 32.6597 0
      vertex -2 30.4597 0
    endloop
  endfacet
  facet normal 0 0 -1
    outer loop
      vertex -2 13.8441 0
      vertex 0.549988 7.75 0
      vertex -0.549988 7.75 0
    endloop
  endfacet
  facet normal -0 0 -1
    outer loop
      vertex -0.549988 4.64999 0
      vertex -1.9977 4.23488 0
      vertex -0.549988 7.75 0
    endloop
  endfacet
  facet normal 0 0 -1
    outer loop
      vertex -1.9977 4.23488 0
      vertex -0.871552 3.96194 0
      vertex -1.73648 3.84807 0
    endloop
  endfacet
  facet normal 0 0 -1
    outer loop
      vertex -3.64044 6.86382 0
      vertex -0.549988 7.75 0
      vertex -1.9977 4.23488 0
    endloop
  endfacet
  facet normal 0 0 -1
    outer loop
      vertex 2 13.8441 0
      vertex -2 13.8441 0
      vertex -2 21.6268 0
    endloop
  endfacet
  facet normal 0 0 -1
    outer loop
      vertex 2 23.8362 0
      vertex -2 23.8362 0
      vertex 2 30.4597 0
    endloop
  endfacet
  facet normal 0 0 -1
    outer loop
      vertex -2 39.2832 0
      vertex 2 39.2832 0
      vertex -2 32.6597 0
    endloop
  endfacet
  facet normal 0 0 -1
    outer loop
      vertex 2 39.2832 0
      vertex -2 39.2832 0
      vertex 2 41.4833 0
    endloop
  endfacet
  facet normal 0 0 -1
    outer loop
      vertex -2 41.4833 0
      vertex 2 41.4833 0
      vertex -2 39.2832 0
    endloop
  endfacet
  facet normal 0 0 -1
    outer loop
      vertex 2 41.4833 0
      vertex -2 41.4833 0
      vertex 2 43.9127 0
    endloop
  endfacet
  facet normal 0 0 -1
    outer loop
      vertex -2 43.9127 0
      vertex 2 43.9127 0
      vertex -2 41.4833 0
    endloop
  endfacet
  facet normal 0 0 -1
    outer loop
      vertex 2 43.9127 0
      vertex -2 43.9127 0
      vertex 0 48 0
    endloop
  endfacet
  facet normal 0 0 -1
    outer loop
      vertex -4.18347 47.8173 0
      vertex -2 43.9127 0
      vertex -3.83484 43.8326 0
    endloop
  endfacet
  facet normal 0 0 -1
    outer loop
      vertex -2 43.9127 0
      vertex -4.18347 47.8173 0
      vertex 0 48 0
    endloop
  endfacet
  facet normal 0 0 -1
    outer loop
      vertex -7.64052 43.3315 0
      vertex -4.18347 47.8173 0
      vertex -3.83484 43.8326 0
    endloop
  endfacet
  facet normal 0 0 -1
    outer loop
      vertex -7.64052 43.3315 0
      vertex -8.3351 47.2708 0
      vertex -4.18347 47.8173 0
    endloop
  endfacet
  facet normal 0 0 -1
    outer loop
      vertex -11.388 42.5007 0
      vertex -8.3351 47.2708 0
      vertex -7.64052 43.3315 0
    endloop
  endfacet
  facet normal 0 0 -1
    outer loop
      vertex -11.388 42.5007 0
      vertex -12.4233 46.3644 0
      vertex -8.3351 47.2708 0
    endloop
  endfacet
  facet normal 0 0 -1
    outer loop
      vertex -15.0489 41.3465 0
      vertex -12.4233 46.3644 0
      vertex -11.388 42.5007 0
    endloop
  endfacet
  facet normal 0 0 -1
    outer loop
      vertex -15.0489 41.3465 0
      vertex -16.417 45.1052 0
      vertex -12.4233 46.3644 0
    endloop
  endfacet
  facet normal 0 0 -1
    outer loop
      vertex -18.5952 39.8775 0
      vertex -16.417 45.1052 0
      vertex -15.0489 41.3465 0
    endloop
  endfacet
  facet normal 0 0 -1
    outer loop
      vertex -18.5952 39.8775 0
      vertex -20.2857 43.5028 0
      vertex -16.417 45.1052 0
    endloop
  endfacet
  facet normal 0 0 -1
    outer loop
      vertex -22 38.1051 0
      vertex -20.2857 43.5028 0
      vertex -18.5952 39.8775 0
    endloop
  endfacet
  facet normal 0 0 -1
    outer loop
      vertex -22 38.1051 0
      vertex -24 41.5692 0
      vertex -20.2857 43.5028 0
    endloop
  endfacet
  facet normal 0 0 -1
    outer loop
      vertex -25.2374 36.0427 0
      vertex -24 41.5692 0
      vertex -22 38.1051 0
    endloop
  endfacet
  facet normal 0 0 -1
    outer loop
      vertex -25.2374 36.0427 0
      vertex -27.5317 39.3193 0
      vertex -24 41.5692 0
    endloop
  endfacet
  facet normal 0 0 -1
    outer loop
      vertex -28.2827 33.7059 0
      vertex -27.5317 39.3193 0
      vertex -25.2374 36.0427 0
    endloop
  endfacet
  facet normal 0 0 -1
    outer loop
      vertex -30.8538 36.7701 0
      vertex -28.2827 33.7059 0
      vertex -29.6367 32.4652 0
    endloop
  endfacet
  facet normal -0 0 -1
    outer loop
      vertex -27.9189 30.7473 0
      vertex -30.7473 27.9189 0
      vertex -29.6367 32.4652 0
    endloop
  endfacet
  facet normal 0 0 -1
    outer loop
      vertex -28.2827 33.7059 0
      vertex -30.8538 36.7701 0
      vertex -27.5317 39.3193 0
    endloop
  endfacet
  facet normal 0 0 -1
    outer loop
      vertex -32.4652 29.6367 0
      vertex -29.6367 32.4652 0
      vertex -30.7473 27.9189 0
    endloop
  endfacet
  facet normal 0 0 -1
    outer loop
      vertex -33.9411 33.9411 0
      vertex -29.6367 32.4652 0
      vertex -32.4652 29.6367 0
    endloop
  endfacet
  facet normal 0 0 -1
    outer loop
      vertex -36.7701 30.8538 0
      vertex -32.4652 29.6367 0
      vertex -33.7059 28.2827 0
    endloop
  endfacet
  facet normal 0 0 -1
    outer loop
      vertex -29.6367 32.4652 0
      vertex -33.9411 33.9411 0
      vertex -30.8538 36.7701 0
    endloop
  endfacet
  facet normal 0 0 -1
    outer loop
      vertex -36.7701 30.8538 0
      vertex -33.7059 28.2827 0
      vertex -36.0427 25.2374 0
    endloop
  endfacet
  facet normal 0 0 -1
    outer loop
      vertex -32.4652 29.6367 0
      vertex -36.7701 30.8538 0
      vertex -33.9411 33.9411 0
    endloop
  endfacet
  facet normal 0 0 -1
    outer loop
      vertex -39.3193 27.5317 0
      vertex -36.0427 25.2374 0
      vertex -38.1051 22 0
    endloop
  endfacet
  facet normal 0 0 -1
    outer loop
      vertex -36.0427 25.2374 0
      vertex -39.3193 27.5317 0
      vertex -36.7701 30.8538 0
    endloop
  endfacet
  facet normal 0 0 -1
    outer loop
      vertex -41.5692 24 0
      vertex -38.1051 22 0
      vertex -39.8775 18.5952 0
    endloop
  endfacet
  facet normal 0 0 -1
    outer loop
      vertex -43.5028 20.2857 0
      vertex -39.8775 18.5952 0
      vertex -41.3465 15.0489 0
    endloop
  endfacet
  facet normal 0 0 -1
    outer loop
      vertex -38.1051 22 0
      vertex -41.5692 24 0
      vertex -39.3193 27.5317 0
    endloop
  endfacet
  facet normal 0 0 -1
    outer loop
      vertex -45.1052 16.417 0
      vertex -41.3465 15.0489 0
      vertex -42.5007 11.388 0
    endloop
  endfacet
  facet normal 0 0 -1
    outer loop
      vertex -46.3644 12.4233 0
      vertex -42.5007 11.388 0
      vertex -43.3315 7.64052 0
    endloop
  endfacet
  facet normal 0 0 -1
    outer loop
      vertex -39.8775 18.5952 0
      vertex -43.5028 20.2857 0
      vertex -41.5692 24 0
    endloop
  endfacet
  facet normal 0 0 -1
    outer loop
      vertex -47.2708 8.3351 0
      vertex -43.3315 7.64052 0
      vertex -43.8087 4.01611 0
    endloop
  endfacet
  facet normal 0 0 -1
    outer loop
      vertex -43.9242 2.33019 0
      vertex -43.8087 4.01611 0
      vertex -43.9164 2.3361 0
    endloop
  endfacet
  facet normal 0 0 -1
    outer loop
      vertex -44.3096 1.90743 0
      vertex -43.8087 4.01611 0
      vertex -43.9242 2.33019 0
    endloop
  endfacet
  facet normal -0 0 -1
    outer loop
      vertex -43.8087 4.01611 0
      vertex -44.3096 1.90743 0
      vertex -47.8173 4.18347 0
    endloop
  endfacet
  facet normal 0 0 -1
    outer loop
      vertex -47.8173 4.18347 0
      vertex -44.3096 1.90743 0
      vertex -44.3162 1.90018 0
    endloop
  endfacet
  facet normal 0 0 -1
    outer loop
      vertex -47.8173 4.18347 0
      vertex -44.3162 1.90018 0
      vertex -44.3214 1.89185 0
    endloop
  endfacet
  facet normal 0 0 -1
    outer loop
      vertex -47.8173 4.18347 0
      vertex -44.3214 1.89185 0
      vertex -44.6226 1.40547 0
    endloop
  endfacet
  facet normal 0 0 -1
    outer loop
      vertex -48 0 0
      vertex -44.6226 1.40547 0
      vertex -44.8292 0.872035 0
    endloop
  endfacet
  facet normal 0 0 -1
    outer loop
      vertex -48 0 0
      vertex -44.8292 0.872035 0
      vertex -44.8328 0.862893 0
    endloop
  endfacet
  facet normal 0 0 -1
    outer loop
      vertex -48 0 0
      vertex -44.8328 0.862893 0
      vertex -44.8346 0.853257 0
    endloop
  endfacet
  facet normal 0 0 -1
    outer loop
      vertex -48 0 0
      vertex -44.8346 0.853257 0
      vertex -44.9397 0.290933 0
    endloop
  endfacet
  facet normal 0 0 -1
    outer loop
      vertex -41.3465 15.0489 0
      vertex -45.1052 16.417 0
      vertex -43.5028 20.2857 0
    endloop
  endfacet
  facet normal 0 0 -1
    outer loop
      vertex -44.8292 -0.872035 0
      vertex -48 0 0
      vertex -44.8328 -0.862893 0
    endloop
  endfacet
  facet normal 0 0 -1
    outer loop
      vertex -44.8328 -0.862893 0
      vertex -48 0 0
      vertex -44.8346 -0.853257 0
    endloop
  endfacet
  facet normal 0 0 -1
    outer loop
      vertex -42.5007 11.388 0
      vertex -46.3644 12.4233 0
      vertex -45.1052 16.417 0
    endloop
  endfacet
  facet normal 0 0 -1
    outer loop
      vertex -44.8346 -0.853257 0
      vertex -48 0 0
      vertex -44.9397 -0.290933 0
    endloop
  endfacet
  facet normal 0 0 -1
    outer loop
      vertex -43.3315 7.64052 0
      vertex -47.2708 8.3351 0
      vertex -46.3644 12.4233 0
    endloop
  endfacet
  facet normal 0 0 -1
    outer loop
      vertex -44.9397 -0.290933 0
      vertex -48 0 0
      vertex -44.9397 0.290933 0
    endloop
  endfacet
  facet normal 0 0 -1
    outer loop
      vertex -43.8087 4.01611 0
      vertex -47.8173 4.18347 0
      vertex -47.2708 8.3351 0
    endloop
  endfacet
  facet normal -0 0 -1
    outer loop
      vertex -44.6226 1.40547 0
      vertex -48 0 0
      vertex -47.8173 4.18347 0
    endloop
  endfacet
  facet normal -0 0 -1
    outer loop
      vertex 41.4124 3.62311 0
      vertex 39.2208 3.43137 0
      vertex 40.939 7.21864 0
    endloop
  endfacet
  facet normal 0 0 -1
    outer loop
      vertex 38.7724 6.83662 0
      vertex 40.939 7.21864 0
      vertex 39.2208 3.43137 0
    endloop
  endfacet
  facet normal -0 0 -1
    outer loop
      vertex 40.939 7.21864 0
      vertex 38.7724 6.83662 0
      vertex 40.1541 10.7592 0
    endloop
  endfacet
  facet normal 0 0 -1
    outer loop
      vertex 38.0291 10.1898 0
      vertex 40.1541 10.7592 0
      vertex 38.7724 6.83662 0
    endloop
  endfacet
  facet normal -0 0 -1
    outer loop
      vertex 40.1541 10.7592 0
      vertex 38.0291 10.1898 0
      vertex 39.0636 14.218 0
    endloop
  endfacet
  facet normal 0 0 -1
    outer loop
      vertex 36.9962 13.4655 0
      vertex 39.0636 14.218 0
      vertex 38.0291 10.1898 0
    endloop
  endfacet
  facet normal -0 0 -1
    outer loop
      vertex 39.0636 14.218 0
      vertex 36.9962 13.4655 0
      vertex 37.6757 17.5685 0
    endloop
  endfacet
  facet normal 0 0 -1
    outer loop
      vertex 35.6819 16.6387 0
      vertex 37.6757 17.5685 0
      vertex 36.9962 13.4655 0
    endloop
  endfacet
  facet normal -0 0 -1
    outer loop
      vertex 37.6757 17.5685 0
      vertex 35.6819 16.6387 0
      vertex 36.0012 20.7853 0
    endloop
  endfacet
  facet normal 0 0 -1
    outer loop
      vertex 34.0959 19.6853 0
      vertex 36.0012 20.7853 0
      vertex 35.6819 16.6387 0
    endloop
  endfacet
  facet normal 0 0 -1
    outer loop
      vertex 34.0959 19.6853 0
      vertex 34.0526 23.8439 0
      vertex 36.0012 20.7853 0
    endloop
  endfacet
  facet normal 0 0 -1
    outer loop
      vertex 32.2505 22.582 0
      vertex 34.0526 23.8439 0
      vertex 34.0959 19.6853 0
    endloop
  endfacet
  facet normal 0 0 -1
    outer loop
      vertex 32.2505 22.582 0
      vertex 31.8449 26.7211 0
      vertex 34.0526 23.8439 0
    endloop
  endfacet
  facet normal 0 0 -1
    outer loop
      vertex 30.1596 25.3069 0
      vertex 31.8449 26.7211 0
      vertex 32.2505 22.582 0
    endloop
  endfacet
  facet normal -0 0 -1
    outer loop
      vertex 31.8449 26.7211 0
      vertex 30.1596 25.3069 0
      vertex 30.7473 27.9189 0
    endloop
  endfacet
  facet normal 0 0 -1
    outer loop
      vertex -1.54546 -2.76479 0
      vertex -1.14804 -2.77164 0
      vertex -0.883255 -2.85196 0
    endloop
  endfacet
  facet normal 0 0 -1
    outer loop
      vertex -1.54546 -2.76479 0
      vertex -1.6667 -2.4944 0
      vertex -1.14804 -2.77164 0
    endloop
  endfacet
  facet normal 0 0 -1
    outer loop
      vertex -2.30348 -2.59673 0
      vertex -1.6667 -2.4944 0
      vertex -1.54546 -2.76479 0
    endloop
  endfacet
  facet normal -0 0 -1
    outer loop
      vertex -1.6667 -2.4944 0
      vertex -2.30348 -2.59673 0
      vertex -2.12131 -2.12131 0
    endloop
  endfacet
  facet normal 0 0 -1
    outer loop
      vertex -3.04398 -2.36325 0
      vertex -2.12131 -2.12131 0
      vertex -2.30348 -2.59673 0
    endloop
  endfacet
  facet normal -0 0 -1
    outer loop
      vertex -2.12131 -2.12131 0
      vertex -3.04398 -2.36325 0
      vertex -2.4944 -1.6667 0
    endloop
  endfacet
  facet normal -0 0 -1
    outer loop
      vertex -2.77164 -1.14804 0
      vertex -3.76129 -2.06613 0
      vertex -2.94235 -0.585266 0
    endloop
  endfacet
  facet normal 0 0 -1
    outer loop
      vertex -3.76129 -2.06613 0
      vertex -2.77164 -1.14804 0
      vertex -3.04398 -2.36325 0
    endloop
  endfacet
  facet normal -0 0 -1
    outer loop
      vertex -2.4944 -1.6667 0
      vertex -3.04398 -2.36325 0
      vertex -2.77164 -1.14804 0
    endloop
  endfacet
  facet normal -0 0 -1
    outer loop
      vertex -1.14804 2.77164 0
      vertex -1.54546 2.76479 0
      vertex -0.883255 2.85196 0
    endloop
  endfacet
  facet normal 0 0 -1
    outer loop
      vertex -1.6667 2.4944 0
      vertex -1.54546 2.76479 0
      vertex -1.14804 2.77164 0
    endloop
  endfacet
  facet normal 0 0 -1
    outer loop
      vertex -2.30348 2.59673 0
      vertex -1.6667 2.4944 0
      vertex -2.12131 2.12131 0
    endloop
  endfacet
  facet normal 0 0 -1
    outer loop
      vertex -1.6667 2.4944 0
      vertex -2.30348 2.59673 0
      vertex -1.54546 2.76479 0
    endloop
  endfacet
  facet normal 0 0 -1
    outer loop
      vertex -3.04398 2.36325 0
      vertex -2.12131 2.12131 0
      vertex -2.4944 1.6667 0
    endloop
  endfacet
  facet normal 0 0 -1
    outer loop
      vertex -3.04398 2.36325 0
      vertex -2.4944 1.6667 0
      vertex -2.77164 1.14804 0
    endloop
  endfacet
  facet normal 0 0 -1
    outer loop
      vertex -2.12131 2.12131 0
      vertex -3.04398 2.36325 0
      vertex -2.30348 2.59673 0
    endloop
  endfacet
  facet normal 0 0 -1
    outer loop
      vertex -3.76129 2.06613 0
      vertex -2.77164 1.14804 0
      vertex -2.94235 0.585266 0
    endloop
  endfacet
  facet normal 0 0 -1
    outer loop
      vertex -5.10483 1.29045 0
      vertex -2.94235 0.585266 0
      vertex -3 0 0
    endloop
  endfacet
  facet normal 0 0 -1
    outer loop
      vertex -4.45 -1.70761 0
      vertex -2.94235 -0.585266 0
      vertex -3.76129 -2.06613 0
    endloop
  endfacet
  facet normal 0 0 -1
    outer loop
      vertex -5.10483 -1.29045 0
      vertex -2.94235 -0.585266 0
      vertex -4.45 -1.70761 0
    endloop
  endfacet
  facet normal 0 0 -1
    outer loop
      vertex -2.77164 1.14804 0
      vertex -3.76129 2.06613 0
      vertex -3.04398 2.36325 0
    endloop
  endfacet
  facet normal -0 0 -1
    outer loop
      vertex -2.94235 -0.585266 0
      vertex -5.10483 -1.29045 0
      vertex -3 0 0
    endloop
  endfacet
  facet normal 0 0 -1
    outer loop
      vertex -2.94235 0.585266 0
      vertex -4.45 1.70761 0
      vertex -3.76129 2.06613 0
    endloop
  endfacet
  facet normal 0 0 -1
    outer loop
      vertex -5.10483 1.29045 0
      vertex -3 0 0
      vertex -5.10483 -1.29045 0
    endloop
  endfacet
  facet normal 0 0 -1
    outer loop
      vertex -2.94235 0.585266 0
      vertex -5.10483 1.29045 0
      vertex -4.45 1.70761 0
    endloop
  endfacet
  facet normal 0 0 -1
    outer loop
      vertex -5.72079 -0.817795 0
      vertex -5.10483 1.29045 0
      vertex -5.10483 -1.29045 0
    endloop
  endfacet
  facet normal 0 0 -1
    outer loop
      vertex -5.72079 -0.817795 0
      vertex -5.72079 0.817795 0
      vertex -5.10483 1.29045 0
    endloop
  endfacet
  facet normal 0 0 -1
    outer loop
      vertex -6.29324 -0.293243 0
      vertex -5.72079 0.817795 0
      vertex -5.72079 -0.817795 0
    endloop
  endfacet
  facet normal 0 0 -1
    outer loop
      vertex -6.29324 -0.293243 0
      vertex -6.29324 0.293243 0
      vertex -5.72079 0.817795 0
    endloop
  endfacet
  facet normal 0 -0 -1
    outer loop
      vertex -6.29324 0.293243 0
      vertex -6.29324 -0.293243 0
      vertex -6.56195 0 0
    endloop
  endfacet
  facet normal 0 0 -1
    outer loop
      vertex 1.04999 0 0
      vertex 1.89999 0 0
      vertex 1.80701 -0.587128 0
    endloop
  endfacet
  facet normal 0 0 -1
    outer loop
      vertex 0.883316 -0.567673 0
      vertex 1.80701 -0.587128 0
      vertex 1.53712 -1.11679 0
    endloop
  endfacet
  facet normal 0 0 -1
    outer loop
      vertex 1.89999 0 0
      vertex 1.04999 0 0
      vertex 1.80701 0.587128 0
    endloop
  endfacet
  facet normal 0 0 -1
    outer loop
      vertex 0.883316 -0.567673 0
      vertex 1.53712 -1.11679 0
      vertex 1.11679 -1.53712 0
    endloop
  endfacet
  facet normal 0 0 -1
    outer loop
      vertex 0.883316 0.567673 0
      vertex 1.80701 0.587128 0
      vertex 1.04999 0 0
    endloop
  endfacet
  facet normal -0 0 -1
    outer loop
      vertex 1.80701 0.587128 0
      vertex 0.883316 0.567673 0
      vertex 1.53712 1.11679 0
    endloop
  endfacet
  facet normal 0 0 -1
    outer loop
      vertex 1.80701 -0.587128 0
      vertex 0.883316 -0.567673 0
      vertex 1.04999 0 0
    endloop
  endfacet
  facet normal 0 0 -1
    outer loop
      vertex 0.436172 -0.955109 0
      vertex 1.11679 -1.53712 0
      vertex 0.587128 -1.80701 0
    endloop
  endfacet
  facet normal 0 0 -1
    outer loop
      vertex 1.11679 -1.53712 0
      vertex 0.436172 -0.955109 0
      vertex 0.883316 -0.567673 0
    endloop
  endfacet
  facet normal 0 0 -1
    outer loop
      vertex 0 -1.89999 0
      vertex 0.436172 -0.955109 0
      vertex 0.587128 -1.80701 0
    endloop
  endfacet
  facet normal 0 0 -1
    outer loop
      vertex 0 -1.89999 0
      vertex -0.149429 -1.03931 0
      vertex 0.436172 -0.955109 0
    endloop
  endfacet
  facet normal 0 0 -1
    outer loop
      vertex -0.587128 -1.80701 0
      vertex -0.149429 -1.03931 0
      vertex 0 -1.89999 0
    endloop
  endfacet
  facet normal 0 0 -1
    outer loop
      vertex -0.587128 -1.80701 0
      vertex -0.687592 -0.793533 0
      vertex -0.149429 -1.03931 0
    endloop
  endfacet
  facet normal 0 0 -1
    outer loop
      vertex -1.11679 -1.53712 0
      vertex -0.687592 -0.793533 0
      vertex -0.587128 -1.80701 0
    endloop
  endfacet
  facet normal -0 0 -1
    outer loop
      vertex -0.687592 -0.793533 0
      vertex -1.53712 -1.11679 0
      vertex -1.00746 -0.295807 0
    endloop
  endfacet
  facet normal 0 0 -1
    outer loop
      vertex -1.53712 -1.11679 0
      vertex -0.687592 -0.793533 0
      vertex -1.11679 -1.53712 0
    endloop
  endfacet
  facet normal -0 0 -1
    outer loop
      vertex 1.53712 1.11679 0
      vertex 0.883316 0.567673 0
      vertex 1.11679 1.53712 0
    endloop
  endfacet
  facet normal 0 0 -1
    outer loop
      vertex 0.436172 0.955109 0
      vertex 1.11679 1.53712 0
      vertex 0.883316 0.567673 0
    endloop
  endfacet
  facet normal -0 0 -1
    outer loop
      vertex 1.11679 1.53712 0
      vertex 0.436172 0.955109 0
      vertex 0.587128 1.80701 0
    endloop
  endfacet
  facet normal 0 0 -1
    outer loop
      vertex 0.436172 0.955109 0
      vertex 0 1.89999 0
      vertex 0.587128 1.80701 0
    endloop
  endfacet
  facet normal 0 0 -1
    outer loop
      vertex -0.149429 1.03931 0
      vertex 0 1.89999 0
      vertex 0.436172 0.955109 0
    endloop
  endfacet
  facet normal 0 0 -1
    outer loop
      vertex -0.149429 1.03931 0
      vertex -0.587128 1.80701 0
      vertex 0 1.89999 0
    endloop
  endfacet
  facet normal 0 0 -1
    outer loop
      vertex -0.687592 0.793533 0
      vertex -0.587128 1.80701 0
      vertex -0.149429 1.03931 0
    endloop
  endfacet
  facet normal 0 0 -1
    outer loop
      vertex -1.53712 1.11679 0
      vertex -0.687592 0.793533 0
      vertex -1.00746 0.295807 0
    endloop
  endfacet
  facet normal 0 0 -1
    outer loop
      vertex -0.687592 0.793533 0
      vertex -1.11679 1.53712 0
      vertex -0.587128 1.80701 0
    endloop
  endfacet
  facet normal 0 0 -1
    outer loop
      vertex -1.80701 -0.587128 0
      vertex -1.00746 -0.295807 0
      vertex -1.53712 -1.11679 0
    endloop
  endfacet
  facet normal 0 0 -1
    outer loop
      vertex -1.89999 0 0
      vertex -1.00746 -0.295807 0
      vertex -1.80701 -0.587128 0
    endloop
  endfacet
  facet normal 0 0 -1
    outer loop
      vertex -0.687592 0.793533 0
      vertex -1.53712 1.11679 0
      vertex -1.11679 1.53712 0
    endloop
  endfacet
  facet normal 0 0 -1
    outer loop
      vertex -1.00746 -0.295807 0
      vertex -1.89999 0 0
      vertex -1.00746 0.295807 0
    endloop
  endfacet
  facet normal 0 0 -1
    outer loop
      vertex -1.00746 0.295807 0
      vertex -1.80701 0.587128 0
      vertex -1.53712 1.11679 0
    endloop
  endfacet
  facet normal -0 0 -1
    outer loop
      vertex -1.00746 0.295807 0
      vertex -1.89999 0 0
      vertex -1.80701 0.587128 0
    endloop
  endfacet
  facet normal 0 0 -1
    outer loop
      vertex 6.29324 -0.293243 0
      vertex 6.29324 0.293243 0
      vertex 6.56195 0 0
    endloop
  endfacet
  facet normal 0 0 -1
    outer loop
      vertex 5.72079 -0.817795 0
      vertex 6.29324 0.293243 0
      vertex 6.29324 -0.293243 0
    endloop
  endfacet
  facet normal 0 0 -1
    outer loop
      vertex 5.72079 -0.817795 0
      vertex 5.72079 0.817795 0
      vertex 6.29324 0.293243 0
    endloop
  endfacet
  facet normal 0 0 -1
    outer loop
      vertex 5.10483 -1.29045 0
      vertex 5.72079 0.817795 0
      vertex 5.72079 -0.817795 0
    endloop
  endfacet
  facet normal 0 0 -1
    outer loop
      vertex 5.10483 -1.29045 0
      vertex 5.10483 1.29045 0
      vertex 5.72079 0.817795 0
    endloop
  endfacet
  facet normal 0 0 -1
    outer loop
      vertex 2.94235 -0.585266 0
      vertex 5.10483 -1.29045 0
      vertex 4.45 -1.70761 0
    endloop
  endfacet
  facet normal 0 0 -1
    outer loop
      vertex 5.10483 -1.29045 0
      vertex 3 0 0
      vertex 5.10483 1.29045 0
    endloop
  endfacet
  facet normal 0 0 -1
    outer loop
      vertex 2.94235 -0.585266 0
      vertex 4.45 -1.70761 0
      vertex 3.76129 -2.06613 0
    endloop
  endfacet
  facet normal 0 0 -1
    outer loop
      vertex 2.94235 0.585266 0
      vertex 5.10483 1.29045 0
      vertex 3 0 0
    endloop
  endfacet
  facet normal 0 0 -1
    outer loop
      vertex 2.77164 -1.14804 0
      vertex 3.76129 -2.06613 0
      vertex 3.04398 -2.36325 0
    endloop
  endfacet
  facet normal 0 0 -1
    outer loop
      vertex 5.10483 -1.29045 0
      vertex 2.94235 -0.585266 0
      vertex 3 0 0
    endloop
  endfacet
  facet normal -0 0 -1
    outer loop
      vertex 4.45 1.70761 0
      vertex 2.94235 0.585266 0
      vertex 3.76129 2.06613 0
    endloop
  endfacet
  facet normal -0 0 -1
    outer loop
      vertex 5.10483 1.29045 0
      vertex 2.94235 0.585266 0
      vertex 4.45 1.70761 0
    endloop
  endfacet
  facet normal 0 0 -1
    outer loop
      vertex 3.76129 -2.06613 0
      vertex 2.77164 -1.14804 0
      vertex 2.94235 -0.585266 0
    endloop
  endfacet
  facet normal 0 0 -1
    outer loop
      vertex 3.04398 -2.36325 0
      vertex 2.4944 -1.6667 0
      vertex 2.77164 -1.14804 0
    endloop
  endfacet
  facet normal 0 0 -1
    outer loop
      vertex 2.12131 -2.12131 0
      vertex 3.04398 -2.36325 0
      vertex 2.30348 -2.59673 0
    endloop
  endfacet
  facet normal 0 0 -1
    outer loop
      vertex 3.04398 -2.36325 0
      vertex 2.12131 -2.12131 0
      vertex 2.4944 -1.6667 0
    endloop
  endfacet
  facet normal 0 0 -1
    outer loop
      vertex 2.30348 -2.59673 0
      vertex 1.6667 -2.4944 0
      vertex 2.12131 -2.12131 0
    endloop
  endfacet
  facet normal 0 0 -1
    outer loop
      vertex 1.54546 -2.76479 0
      vertex 1.6667 -2.4944 0
      vertex 2.30348 -2.59673 0
    endloop
  endfacet
  facet normal -0 0 -1
    outer loop
      vertex 1.54546 -2.76479 0
      vertex 1.14804 -2.77164 0
      vertex 1.6667 -2.4944 0
    endloop
  endfacet
  facet normal 0 -0 -1
    outer loop
      vertex 1.14804 -2.77164 0
      vertex 1.54546 -2.76479 0
      vertex 0.883255 -2.85196 0
    endloop
  endfacet
  facet normal 0 0 -1
    outer loop
      vertex 2.77164 1.14804 0
      vertex 3.76129 2.06613 0
      vertex 2.94235 0.585266 0
    endloop
  endfacet
  facet normal -0 0 -1
    outer loop
      vertex 3.76129 2.06613 0
      vertex 2.77164 1.14804 0
      vertex 3.04398 2.36325 0
    endloop
  endfacet
  facet normal 0 0 -1
    outer loop
      vertex 2.4944 1.6667 0
      vertex 3.04398 2.36325 0
      vertex 2.77164 1.14804 0
    endloop
  endfacet
  facet normal 0 0 -1
    outer loop
      vertex 2.12131 2.12131 0
      vertex 3.04398 2.36325 0
      vertex 2.4944 1.6667 0
    endloop
  endfacet
  facet normal -0 0 -1
    outer loop
      vertex 3.04398 2.36325 0
      vertex 2.12131 2.12131 0
      vertex 2.30348 2.59673 0
    endloop
  endfacet
  facet normal 0 0 -1
    outer loop
      vertex 1.6667 2.4944 0
      vertex 2.30348 2.59673 0
      vertex 2.12131 2.12131 0
    endloop
  endfacet
  facet normal 0 0 -1
    outer loop
      vertex 1.6667 2.4944 0
      vertex 1.54546 2.76479 0
      vertex 2.30348 2.59673 0
    endloop
  endfacet
  facet normal 0 0 -1
    outer loop
      vertex 1.14804 2.77164 0
      vertex 1.54546 2.76479 0
      vertex 1.6667 2.4944 0
    endloop
  endfacet
  facet normal 0 0 -1
    outer loop
      vertex 1.54546 2.76479 0
      vertex 1.14804 2.77164 0
      vertex 0.883255 2.85196 0
    endloop
  endfacet
  facet normal 0.751845 -0.65934 0
    outer loop
      vertex -38.618 -3.18198 7.4
      vertex -38.2299 -2.73943 0
      vertex -38.2299 -2.73943 7.4
    endloop
  endfacet
  facet normal 0.751845 -0.65934 0
    outer loop
      vertex -38.2299 -2.73943 0
      vertex -38.618 -3.18198 7.4
      vertex -38.618 -3.18198 0
    endloop
  endfacet
  facet normal 0.0654526 0.997856 -0
    outer loop
      vertex -41.2126 4.4615 2.4
      vertex -41.3306 4.46924 7.4
      vertex -41.2126 4.4615 7.4
    endloop
  endfacet
  facet normal 0.0653616 0.997862 -2.15547e-06
    outer loop
      vertex -41.3013 4.46731 2.4
      vertex -41.3306 4.46924 7.4
      vertex -41.2126 4.4615 2.4
    endloop
  endfacet
  facet normal 0.0657279 0.997838 0
    outer loop
      vertex -41.3013 4.46731 2.4
      vertex -41.3306 4.46924 2.3
      vertex -41.3306 4.46924 7.4
    endloop
  endfacet
  facet normal 0.0657279 0.997838 -0
    outer loop
      vertex -41.3013 4.46731 0
      vertex -41.3306 4.46924 2.3
      vertex -41.3013 4.46731 2.4
    endloop
  endfacet
  facet normal 0.0654101 0.997858 -4.06622e-06
    outer loop
      vertex -41.8 4.5 0
      vertex -41.3306 4.46924 2.3
      vertex -41.3013 4.46731 0
    endloop
  endfacet
  facet normal 0.0653902 0.99786 0
    outer loop
      vertex -41.3306 4.46924 2.3
      vertex -41.8 4.5 0
      vertex -41.8 4.5 2.3
    endloop
  endfacet
  facet normal -0.555814 -0.831306 0
    outer loop
      vertex -44.5394 -3.57009 2.4
      vertex -44.4413 -3.63568 7.4
      vertex -44.5394 -3.57009 7.4
    endloop
  endfacet
  facet normal -0.555814 -0.831306 -0
    outer loop
      vertex -44.4413 -3.63568 7.4
      vertex -44.5394 -3.57009 2.4
      vertex -44.4413 -3.63568 2.4
    endloop
  endfacet
  facet normal -0.659394 -0.751798 0
    outer loop
      vertex 17.718 -39.3818 0
      vertex 18.1606 -39.77 2.3
      vertex 17.718 -39.3818 2.3
    endloop
  endfacet
  facet normal -0.659394 -0.751798 -0
    outer loop
      vertex 18.1606 -39.77 2.3
      vertex 17.718 -39.3818 0
      vertex 18.1606 -39.77 0
    endloop
  endfacet
  facet normal 0.980796 0.195038 0
    outer loop
      vertex 25.3615 -35.6125 2.3
      vertex 25.2467 -35.0352 0
      vertex 25.2467 -35.0352 2.3
    endloop
  endfacet
  facet normal 0.980796 0.195038 0
    outer loop
      vertex 25.2467 -35.0352 0
      vertex 25.3615 -35.6125 2.3
      vertex 25.3615 -35.6125 0
    endloop
  endfacet
  facet normal 0.946936 -0.321421 0
    outer loop
      vertex 25.0575 -37.9219 7.4
      vertex 25.2467 -37.3645 2.4
      vertex 25.2467 -37.3645 7.4
    endloop
  endfacet
  facet normal 0.946936 -0.321421 0
    outer loop
      vertex 25.2467 -37.3645 2.4
      vertex 25.0575 -37.9219 7.4
      vertex 25.0575 -37.9219 2.4
    endloop
  endfacet
  facet normal 0.89686 -0.442315 0
    outer loop
      vertex 24.7971 -38.4499 7.4
      vertex 25.0575 -37.9219 2.4
      vertex 25.0575 -37.9219 7.4
    endloop
  endfacet
  facet normal 0.89686 -0.442315 0
    outer loop
      vertex 25.0575 -37.9219 2.4
      vertex 24.7971 -38.4499 7.4
      vertex 24.7971 -38.4499 2.4
    endloop
  endfacet
  facet normal -0.442124 -0.896954 0
    outer loop
      vertex 19.072 -40.3051 2.4
      vertex 19.1779 -40.3573 7.4
      vertex 19.072 -40.3051 7.4
    endloop
  endfacet
  facet normal -0.442124 -0.896954 -0
    outer loop
      vertex 19.1779 -40.3573 7.4
      vertex 19.072 -40.3051 2.4
      vertex 19.1779 -40.3573 2.4
    endloop
  endfacet
  facet normal -0.0654027 -0.997859 0
    outer loop
      vertex 20.3126 -40.6614 2.4
      vertex 20.9 -40.6999 7.4
      vertex 20.3126 -40.6614 7.4
    endloop
  endfacet
  facet normal -0.0654027 -0.997859 -0
    outer loop
      vertex 20.9 -40.6999 7.4
      vertex 20.3126 -40.6614 2.4
      vertex 20.9 -40.6999 2.4
    endloop
  endfacet
  facet normal 0.321421 0.946936 -0
    outer loop
      vertex 22.6221 -32.0424 0
      vertex 22.0647 -31.8532 7.4
      vertex 22.6221 -32.0424 7.4
    endloop
  endfacet
  facet normal 0.321421 0.946936 0
    outer loop
      vertex 22.0647 -31.8532 7.4
      vertex 22.6221 -32.0424 0
      vertex 22.0647 -31.8532 0
    endloop
  endfacet
  facet normal 0.896827 0.442382 0
    outer loop
      vertex 25.0575 -34.4778 2.3
      vertex 24.7971 -33.9499 0
      vertex 24.7971 -33.9499 2.3
    endloop
  endfacet
  facet normal 0.896827 0.442382 0
    outer loop
      vertex 24.7971 -33.9499 0
      vertex 25.0575 -34.4778 2.3
      vertex 25.0575 -34.4778 0
    endloop
  endfacet
  facet normal -0.831527 0.555484 0
    outer loop
      vertex 17.0029 -33.9499 0
      vertex 17.3299 -33.4604 7.4
      vertex 17.3299 -33.4604 0
    endloop
  endfacet
  facet normal -0.831527 0.555484 0
    outer loop
      vertex 17.3299 -33.4604 7.4
      vertex 17.0029 -33.9499 0
      vertex 17.0029 -33.9499 7.4
    endloop
  endfacet
  facet normal -0.555494 -0.83152 0
    outer loop
      vertex 18.1606 -39.77 0
      vertex 18.4263 -39.9475 2.3
      vertex 18.1606 -39.77 2.3
    endloop
  endfacet
  facet normal -0.555494 -0.83152 -0
    outer loop
      vertex 18.4263 -39.9475 2.3
      vertex 18.1606 -39.77 0
      vertex 18.4263 -39.9475 0
    endloop
  endfacet
  facet normal -0.831475 -0.555562 0
    outer loop
      vertex 17.3299 -38.9393 0
      vertex 17.0029 -38.4499 2.3
      vertex 17.0029 -38.4499 0
    endloop
  endfacet
  facet normal -0.831475 -0.555562 0
    outer loop
      vertex 17.0029 -38.4499 2.3
      vertex 17.3299 -38.9393 0
      vertex 17.3299 -38.9393 2.3
    endloop
  endfacet
  facet normal -0.321421 -0.946936 0
    outer loop
      vertex 19.1779 -40.3573 2.4
      vertex 19.7353 -40.5465 7.4
      vertex 19.1779 -40.3573 7.4
    endloop
  endfacet
  facet normal -0.321421 -0.946936 -0
    outer loop
      vertex 19.7353 -40.5465 7.4
      vertex 19.1779 -40.3573 2.4
      vertex 19.7353 -40.5465 2.4
    endloop
  endfacet
  facet normal 0.0654027 0.997859 -0
    outer loop
      vertex 21.4874 -31.7384 0
      vertex 20.9 -31.6999 7.4
      vertex 21.4874 -31.7384 7.4
    endloop
  endfacet
  facet normal 0.0654027 0.997859 0
    outer loop
      vertex 20.9 -31.6999 7.4
      vertex 21.4874 -31.7384 0
      vertex 20.9 -31.6999 0
    endloop
  endfacet
  facet normal -0.980796 -0.195038 0
    outer loop
      vertex 16.5533 -37.3645 2.4
      vertex 16.4385 -36.7872 7.4
      vertex 16.4385 -36.7872 2.4
    endloop
  endfacet
  facet normal -0.980796 -0.195038 0
    outer loop
      vertex 16.4385 -36.7872 7.4
      vertex 16.5533 -37.3645 2.4
      vertex 16.5533 -37.3645 7.4
    endloop
  endfacet
  facet normal -0.321421 0.946936 0
    outer loop
      vertex 19.7353 -31.8532 0
      vertex 19.1779 -32.0424 7.4
      vertex 19.7353 -31.8532 7.4
    endloop
  endfacet
  facet normal -0.321421 0.946936 0
    outer loop
      vertex 19.1779 -32.0424 7.4
      vertex 19.7353 -31.8532 0
      vertex 19.1779 -32.0424 0
    endloop
  endfacet
  facet normal 0.195201 -0.980763 0
    outer loop
      vertex 21.4874 -40.6614 2.4
      vertex 22.0647 -40.5465 7.4
      vertex 21.4874 -40.6614 7.4
    endloop
  endfacet
  facet normal 0.195201 -0.980763 0
    outer loop
      vertex 22.0647 -40.5465 7.4
      vertex 21.4874 -40.6614 2.4
      vertex 22.0647 -40.5465 2.4
    endloop
  endfacet
  facet normal -0.896827 0.442382 0
    outer loop
      vertex 16.7425 -34.4778 0
      vertex 17.0029 -33.9499 7.4
      vertex 17.0029 -33.9499 0
    endloop
  endfacet
  facet normal -0.896827 0.442382 0
    outer loop
      vertex 17.0029 -33.9499 7.4
      vertex 16.7425 -34.4778 0
      vertex 16.7425 -34.4778 7.4
    endloop
  endfacet
  facet normal -0.997844 0.0656309 0
    outer loop
      vertex 16.4282 -35.7691 2.4
      vertex 16.4385 -35.6125 0
      vertex 16.4282 -35.7691 0
    endloop
  endfacet
  facet normal -0.997844 0.0656309 0
    outer loop
      vertex 16.4385 -35.6125 0
      vertex 16.4282 -35.7691 2.4
      vertex 16.4385 -35.6125 7.4
    endloop
  endfacet
  facet normal -0.997864 0.0653198 0
    outer loop
      vertex 16.4 -36.1999 7.4
      vertex 16.4282 -35.7691 2.4
      vertex 16.4 -36.1999 2.4
    endloop
  endfacet
  facet normal -0.997859 0.0654027 7.17561e-06
    outer loop
      vertex 16.4282 -35.7691 2.4
      vertex 16.4 -36.1999 7.4
      vertex 16.4385 -35.6125 7.4
    endloop
  endfacet
  facet normal 0.555562 -0.831475 0
    outer loop
      vertex 23.15 -40.097 2.4
      vertex 23.6394 -39.77 7.4
      vertex 23.15 -40.097 7.4
    endloop
  endfacet
  facet normal 0.555562 -0.831475 0
    outer loop
      vertex 23.6394 -39.77 7.4
      vertex 23.15 -40.097 2.4
      vertex 23.6394 -39.77 2.4
    endloop
  endfacet
  facet normal 0.751808 0.659382 0
    outer loop
      vertex 24.4701 -33.4604 7.4
      vertex 24.082 -33.0179 2.4
      vertex 24.082 -33.0179 7.4
    endloop
  endfacet
  facet normal 0.751808 0.659382 0
    outer loop
      vertex 24.082 -33.0179 2.4
      vertex 24.4701 -33.4604 7.4
      vertex 24.4701 -33.4604 2.4
    endloop
  endfacet
  facet normal -0.195038 0.980796 0
    outer loop
      vertex 20.3126 -31.7384 0
      vertex 19.7353 -31.8532 7.4
      vertex 20.3126 -31.7384 7.4
    endloop
  endfacet
  facet normal -0.195038 0.980796 0
    outer loop
      vertex 19.7353 -31.8532 7.4
      vertex 20.3126 -31.7384 0
      vertex 19.7353 -31.8532 0
    endloop
  endfacet
  facet normal -0.442246 0.896894 0
    outer loop
      vertex 19.1779 -32.0424 0
      vertex 18.65 -32.3027 7.4
      vertex 19.1779 -32.0424 7.4
    endloop
  endfacet
  facet normal -0.442246 0.896894 0
    outer loop
      vertex 18.65 -32.3027 7.4
      vertex 19.1779 -32.0424 0
      vertex 18.65 -32.3027 0
    endloop
  endfacet
  facet normal -0.659298 0.751882 0
    outer loop
      vertex 18.1606 -32.6298 0
      vertex 17.718 -33.0179 7.4
      vertex 18.1606 -32.6298 7.4
    endloop
  endfacet
  facet normal -0.659298 0.751882 0
    outer loop
      vertex 17.718 -33.0179 7.4
      vertex 18.1606 -32.6298 0
      vertex 17.718 -33.0179 0
    endloop
  endfacet
  facet normal -0.0654027 0.997859 0
    outer loop
      vertex 20.9 -31.6999 0
      vertex 20.3126 -31.7384 7.4
      vertex 20.9 -31.6999 7.4
    endloop
  endfacet
  facet normal -0.0654027 0.997859 0
    outer loop
      vertex 20.3126 -31.7384 7.4
      vertex 20.9 -31.6999 0
      vertex 20.3126 -31.7384 0
    endloop
  endfacet
  facet normal -0.897129 -0.441768 0
    outer loop
      vertex 16.7818 -38.0016 0
      vertex 16.7948 -38.028 2.3
      vertex 16.7818 -38.0016 2.4
    endloop
  endfacet
  facet normal -0.896855 -0.442326 -7.95008e-06
    outer loop
      vertex 17.0029 -38.4499 0
      vertex 16.7948 -38.028 2.3
      vertex 16.7818 -38.0016 0
    endloop
  endfacet
  facet normal -0.896837 -0.44236 0
    outer loop
      vertex 16.7948 -38.028 2.3
      vertex 17.0029 -38.4499 0
      vertex 17.0029 -38.4499 2.3
    endloop
  endfacet
  facet normal -0.896889 -0.442255 0
    outer loop
      vertex 16.7818 -38.0016 2.4
      vertex 16.7425 -37.9219 7.4
      vertex 16.7425 -37.9219 2.4
    endloop
  endfacet
  facet normal -0.897129 -0.441768 -0
    outer loop
      vertex 16.7948 -38.028 7.4
      vertex 16.7818 -38.0016 2.4
      vertex 16.7948 -38.028 2.3
    endloop
  endfacet
  facet normal -0.896949 -0.442134 -2.40088e-06
    outer loop
      vertex 16.7818 -38.0016 2.4
      vertex 16.7948 -38.028 7.4
      vertex 16.7425 -37.9219 7.4
    endloop
  endfacet
  facet normal -0.751808 0.659382 0
    outer loop
      vertex 17.3299 -33.4604 0
      vertex 17.718 -33.0179 7.4
      vertex 17.718 -33.0179 0
    endloop
  endfacet
  facet normal -0.751808 0.659382 0
    outer loop
      vertex 17.718 -33.0179 7.4
      vertex 17.3299 -33.4604 0
      vertex 17.3299 -33.4604 7.4
    endloop
  endfacet
  facet normal 0.980796 -0.195038 0
    outer loop
      vertex 25.2467 -37.3645 7.4
      vertex 25.3615 -36.7872 2.4
      vertex 25.3615 -36.7872 7.4
    endloop
  endfacet
  facet normal 0.980796 -0.195038 0
    outer loop
      vertex 25.3615 -36.7872 2.4
      vertex 25.2467 -37.3645 7.4
      vertex 25.2467 -37.3645 2.4
    endloop
  endfacet
  facet normal -0.195201 -0.980763 0
    outer loop
      vertex 19.7353 -40.5465 2.4
      vertex 20.3126 -40.6614 7.4
      vertex 19.7353 -40.5465 7.4
    endloop
  endfacet
  facet normal -0.195201 -0.980763 -0
    outer loop
      vertex 20.3126 -40.6614 7.4
      vertex 19.7353 -40.5465 2.4
      vertex 20.3126 -40.6614 2.4
    endloop
  endfacet
  facet normal -0.946936 -0.321421 0
    outer loop
      vertex 16.7425 -37.9219 2.4
      vertex 16.5533 -37.3645 7.4
      vertex 16.5533 -37.3645 2.4
    endloop
  endfacet
  facet normal -0.946936 -0.321421 0
    outer loop
      vertex 16.5533 -37.3645 7.4
      vertex 16.7425 -37.9219 2.4
      vertex 16.7425 -37.9219 7.4
    endloop
  endfacet
  facet normal -0.751808 -0.659382 0
    outer loop
      vertex 17.718 -39.3818 0
      vertex 17.3299 -38.9393 2.3
      vertex 17.3299 -38.9393 0
    endloop
  endfacet
  facet normal -0.751808 -0.659382 0
    outer loop
      vertex 17.3299 -38.9393 2.3
      vertex 17.718 -39.3818 0
      vertex 17.718 -39.3818 2.3
    endloop
  endfacet
  facet normal 0.831475 -0.555562 0
    outer loop
      vertex 24.4701 -38.9393 7.4
      vertex 24.7971 -38.4499 2.4
      vertex 24.7971 -38.4499 7.4
    endloop
  endfacet
  facet normal 0.831475 -0.555562 0
    outer loop
      vertex 24.7971 -38.4499 2.4
      vertex 24.4701 -38.9393 7.4
      vertex 24.4701 -38.9393 2.4
    endloop
  endfacet
  facet normal 0.321421 -0.946936 0
    outer loop
      vertex 22.0647 -40.5465 2.4
      vertex 22.6221 -40.3573 7.4
      vertex 22.0647 -40.5465 7.4
    endloop
  endfacet
  facet normal 0.321421 -0.946936 0
    outer loop
      vertex 22.6221 -40.3573 7.4
      vertex 22.0647 -40.5465 2.4
      vertex 22.6221 -40.3573 2.4
    endloop
  endfacet
  facet normal -0.55568 0.831396 0
    outer loop
      vertex 18.65 -32.3027 0
      vertex 18.1606 -32.6298 7.4
      vertex 18.65 -32.3027 7.4
    endloop
  endfacet
  facet normal -0.55568 0.831396 0
    outer loop
      vertex 18.1606 -32.6298 7.4
      vertex 18.65 -32.3027 0
      vertex 18.1606 -32.6298 0
    endloop
  endfacet
  facet normal 0.55568 0.831396 -0
    outer loop
      vertex 23.6394 -32.6298 2.4
      vertex 23.15 -32.3027 7.4
      vertex 23.6394 -32.6298 7.4
    endloop
  endfacet
  facet normal 0.55568 0.831396 0
    outer loop
      vertex 23.15 -32.3027 7.4
      vertex 23.6394 -32.6298 2.4
      vertex 23.15 -32.3027 2.4
    endloop
  endfacet
  facet normal 0.442203 0.896915 0
    outer loop
      vertex 22.7628 -32.1118 2.4
      vertex 23.15 -32.3027 7.4
      vertex 23.15 -32.3027 2.4
    endloop
  endfacet
  facet normal 0.442246 0.896894 -4.09455e-06
    outer loop
      vertex 23.15 -32.3027 7.4
      vertex 22.7628 -32.1118 2.4
      vertex 22.6221 -32.0424 7.4
    endloop
  endfacet
  facet normal 0.442363 0.896836 0
    outer loop
      vertex 22.6221 -32.0424 0
      vertex 22.7628 -32.1118 2.4
      vertex 22.7628 -32.1118 0
    endloop
  endfacet
  facet normal 0.442363 0.896836 0
    outer loop
      vertex 22.7628 -32.1118 2.4
      vertex 22.6221 -32.0424 0
      vertex 22.6221 -32.0424 7.4
    endloop
  endfacet
  facet normal 0.0654027 -0.997859 0
    outer loop
      vertex 20.9 -40.6999 2.4
      vertex 21.4874 -40.6614 7.4
      vertex 20.9 -40.6999 7.4
    endloop
  endfacet
  facet normal 0.0654027 -0.997859 0
    outer loop
      vertex 21.4874 -40.6614 7.4
      vertex 20.9 -40.6999 2.4
      vertex 21.4874 -40.6614 2.4
    endloop
  endfacet
  facet normal -0.997858 -0.0654138 0
    outer loop
      vertex 16.4385 -36.7872 2.4
      vertex 16.4 -36.1999 7.4
      vertex 16.4 -36.1999 2.4
    endloop
  endfacet
  facet normal -0.997858 -0.0654138 0
    outer loop
      vertex 16.4 -36.1999 7.4
      vertex 16.4385 -36.7872 2.4
      vertex 16.4385 -36.7872 7.4
    endloop
  endfacet
  facet normal 0.751808 -0.659382 0
    outer loop
      vertex 24.082 -39.3818 7.4
      vertex 24.4701 -38.9393 2.4
      vertex 24.4701 -38.9393 7.4
    endloop
  endfacet
  facet normal 0.751808 -0.659382 0
    outer loop
      vertex 24.4701 -38.9393 2.4
      vertex 24.082 -39.3818 7.4
      vertex 24.082 -39.3818 2.4
    endloop
  endfacet
  facet normal 0.195038 0.980796 -0
    outer loop
      vertex 22.0647 -31.8532 0
      vertex 21.4874 -31.7384 7.4
      vertex 22.0647 -31.8532 7.4
    endloop
  endfacet
  facet normal 0.195038 0.980796 0
    outer loop
      vertex 21.4874 -31.7384 7.4
      vertex 22.0647 -31.8532 0
      vertex 21.4874 -31.7384 0
    endloop
  endfacet
  facet normal 0.946936 0.321421 0
    outer loop
      vertex 25.2467 -35.0352 2.3
      vertex 25.0575 -34.4778 0
      vertex 25.0575 -34.4778 2.3
    endloop
  endfacet
  facet normal 0.946936 0.321421 0
    outer loop
      vertex 25.0575 -34.4778 0
      vertex 25.2467 -35.0352 2.3
      vertex 25.2467 -35.0352 0
    endloop
  endfacet
  facet normal 0.442246 -0.896894 0
    outer loop
      vertex 22.6221 -40.3573 2.4
      vertex 23.15 -40.097 7.4
      vertex 22.6221 -40.3573 7.4
    endloop
  endfacet
  facet normal 0.442246 -0.896894 0
    outer loop
      vertex 23.15 -40.097 7.4
      vertex 22.6221 -40.3573 2.4
      vertex 23.15 -40.097 2.4
    endloop
  endfacet
  facet normal 0.659394 -0.751798 0
    outer loop
      vertex 23.6394 -39.77 2.4
      vertex 24.082 -39.3818 7.4
      vertex 23.6394 -39.77 7.4
    endloop
  endfacet
  facet normal 0.659394 -0.751798 0
    outer loop
      vertex 24.082 -39.3818 7.4
      vertex 23.6394 -39.77 2.4
      vertex 24.082 -39.3818 2.4
    endloop
  endfacet
  facet normal 0.831877 0.55496 0
    outer loop
      vertex 24.4701 -33.4604 7.4
      vertex 24.5194 -33.5343 2.4
      vertex 24.4701 -33.4604 2.4
    endloop
  endfacet
  facet normal 0.83166 0.555285 -6.9474e-06
    outer loop
      vertex 24.5358 -33.5588 7.4
      vertex 24.5194 -33.5343 2.4
      vertex 24.4701 -33.4604 7.4
    endloop
  endfacet
  facet normal 0.831005 0.556265 -0
    outer loop
      vertex 24.5358 -33.5588 2.3
      vertex 24.5194 -33.5343 2.4
      vertex 24.5358 -33.5588 7.4
    endloop
  endfacet
  facet normal 0.831005 0.556265 0
    outer loop
      vertex 24.5194 -33.5343 2.4
      vertex 24.5358 -33.5588 2.3
      vertex 24.5194 -33.5343 0
    endloop
  endfacet
  facet normal 0.831494 0.555534 -0
    outer loop
      vertex 24.7971 -33.9499 0
      vertex 24.5358 -33.5588 2.3
      vertex 24.7971 -33.9499 2.3
    endloop
  endfacet
  facet normal 0.831465 0.555577 -1.06034e-05
    outer loop
      vertex 24.5358 -33.5588 2.3
      vertex 24.7971 -33.9499 0
      vertex 24.5194 -33.5343 0
    endloop
  endfacet
  facet normal 0.659298 0.751882 -0
    outer loop
      vertex 24.082 -33.0179 2.4
      vertex 23.6394 -32.6298 7.4
      vertex 24.082 -33.0179 7.4
    endloop
  endfacet
  facet normal 0.659298 0.751882 0
    outer loop
      vertex 23.6394 -32.6298 7.4
      vertex 24.082 -33.0179 2.4
      vertex 23.6394 -32.6298 2.4
    endloop
  endfacet
  facet normal 0.997859 0.0653975 0
    outer loop
      vertex 25.3824 -35.9314 2.3
      vertex 25.3615 -35.6125 0
      vertex 25.3615 -35.6125 2.3
    endloop
  endfacet
  facet normal 0.997859 0.0653975 0
    outer loop
      vertex 25.3615 -35.6125 0
      vertex 25.3824 -35.9314 2.3
      vertex 25.3824 -35.9314 0
    endloop
  endfacet
  facet normal -0.946936 0.321421 0
    outer loop
      vertex 16.5533 -35.0352 0
      vertex 16.7425 -34.4778 7.4
      vertex 16.7425 -34.4778 0
    endloop
  endfacet
  facet normal -0.946936 0.321421 0
    outer loop
      vertex 16.7425 -34.4778 7.4
      vertex 16.5533 -35.0352 0
      vertex 16.5533 -35.0352 7.4
    endloop
  endfacet
  facet normal -0.980796 0.195038 0
    outer loop
      vertex 16.4385 -35.6125 0
      vertex 16.5533 -35.0352 7.4
      vertex 16.5533 -35.0352 0
    endloop
  endfacet
  facet normal -0.980796 0.195038 0
    outer loop
      vertex 16.5533 -35.0352 7.4
      vertex 16.4385 -35.6125 0
      vertex 16.4385 -35.6125 7.4
    endloop
  endfacet
  facet normal 0.997871 -0.0652258 0
    outer loop
      vertex 25.3615 -36.7872 7.4
      vertex 25.3692 -36.6694 2.4
      vertex 25.3692 -36.6694 7.4
    endloop
  endfacet
  facet normal 0.997871 -0.0652258 0
    outer loop
      vertex 25.3692 -36.6694 2.4
      vertex 25.3615 -36.7872 7.4
      vertex 25.3615 -36.7872 2.4
    endloop
  endfacet
  facet normal -0.442246 -0.896894 0
    outer loop
      vertex 18.65 32.3027 0
      vertex 19.1779 32.0424 7.4
      vertex 18.65 32.3027 7.4
    endloop
  endfacet
  facet normal -0.442246 -0.896894 -0
    outer loop
      vertex 19.1779 32.0424 7.4
      vertex 18.65 32.3027 0
      vertex 19.1779 32.0424 0
    endloop
  endfacet
  facet normal 0.980796 -0.195038 0
    outer loop
      vertex 25.2467 35.0352 2.3
      vertex 25.3615 35.6125 0
      vertex 25.3615 35.6125 2.3
    endloop
  endfacet
  facet normal 0.980796 -0.195038 0
    outer loop
      vertex 25.3615 35.6125 0
      vertex 25.2467 35.0352 2.3
      vertex 25.2467 35.0352 0
    endloop
  endfacet
  facet normal 0.89686 0.442315 0
    outer loop
      vertex 25.0575 37.9219 7.4
      vertex 24.7971 38.4499 2.4
      vertex 24.7971 38.4499 7.4
    endloop
  endfacet
  facet normal 0.89686 0.442315 0
    outer loop
      vertex 24.7971 38.4499 2.4
      vertex 25.0575 37.9219 7.4
      vertex 25.0575 37.9219 2.4
    endloop
  endfacet
  facet normal 0.896827 -0.442382 0
    outer loop
      vertex 24.7971 33.9499 2.3
      vertex 25.0575 34.4778 0
      vertex 25.0575 34.4778 2.3
    endloop
  endfacet
  facet normal 0.896827 -0.442382 0
    outer loop
      vertex 25.0575 34.4778 0
      vertex 24.7971 33.9499 2.3
      vertex 24.7971 33.9499 0
    endloop
  endfacet
  facet normal 0.751808 -0.659382 0
    outer loop
      vertex 24.082 33.0179 7.4
      vertex 24.4701 33.4604 2.4
      vertex 24.4701 33.4604 7.4
    endloop
  endfacet
  facet normal 0.751808 -0.659382 0
    outer loop
      vertex 24.4701 33.4604 2.4
      vertex 24.082 33.0179 7.4
      vertex 24.082 33.0179 2.4
    endloop
  endfacet
  facet normal -0.195201 0.980763 0
    outer loop
      vertex 20.3126 40.6614 2.4
      vertex 19.7353 40.5465 7.4
      vertex 20.3126 40.6614 7.4
    endloop
  endfacet
  facet normal -0.195201 0.980763 0
    outer loop
      vertex 19.7353 40.5465 7.4
      vertex 20.3126 40.6614 2.4
      vertex 19.7353 40.5465 2.4
    endloop
  endfacet
  facet normal -0.321421 0.946936 0
    outer loop
      vertex 19.7353 40.5465 2.4
      vertex 19.1779 40.3573 7.4
      vertex 19.7353 40.5465 7.4
    endloop
  endfacet
  facet normal -0.321421 0.946936 0
    outer loop
      vertex 19.1779 40.3573 7.4
      vertex 19.7353 40.5465 2.4
      vertex 19.1779 40.3573 2.4
    endloop
  endfacet
  facet normal 0.980796 0.195038 0
    outer loop
      vertex 25.3615 36.7872 7.4
      vertex 25.2467 37.3645 2.4
      vertex 25.2467 37.3645 7.4
    endloop
  endfacet
  facet normal 0.980796 0.195038 0
    outer loop
      vertex 25.2467 37.3645 2.4
      vertex 25.3615 36.7872 7.4
      vertex 25.3615 36.7872 2.4
    endloop
  endfacet
  facet normal -0.896837 0.44236 0
    outer loop
      vertex 17.0029 38.4499 0
      vertex 16.7948 38.028 2.3
      vertex 17.0029 38.4499 2.3
    endloop
  endfacet
  facet normal -0.896855 0.442326 -7.95008e-06
    outer loop
      vertex 16.7818 38.0016 0
      vertex 16.7948 38.028 2.3
      vertex 17.0029 38.4499 0
    endloop
  endfacet
  facet normal -0.897129 0.441768 0
    outer loop
      vertex 16.7818 38.0016 2.4
      vertex 16.7948 38.028 2.3
      vertex 16.7818 38.0016 0
    endloop
  endfacet
  facet normal -0.897129 0.441768 0
    outer loop
      vertex 16.7948 38.028 2.3
      vertex 16.7818 38.0016 2.4
      vertex 16.7948 38.028 7.4
    endloop
  endfacet
  facet normal -0.896889 0.442255 -3.19594e-06
    outer loop
      vertex 16.7425 37.9219 2.4
      vertex 16.7948 38.028 7.4
      vertex 16.7818 38.0016 2.4
    endloop
  endfacet
  facet normal -0.896949 0.442134 0
    outer loop
      vertex 16.7948 38.028 7.4
      vertex 16.7425 37.9219 2.4
      vertex 16.7425 37.9219 7.4
    endloop
  endfacet
  facet normal 0.442246 -0.896894 -4.09455e-06
    outer loop
      vertex 22.6221 32.0424 7.4
      vertex 22.7628 32.1118 2.4
      vertex 23.15 32.3027 7.4
    endloop
  endfacet
  facet normal 0.442363 -0.896836 0
    outer loop
      vertex 22.6221 32.0424 0
      vertex 22.7628 32.1118 2.4
      vertex 22.6221 32.0424 7.4
    endloop
  endfacet
  facet normal 0.442363 -0.896836 0
    outer loop
      vertex 22.7628 32.1118 2.4
      vertex 22.6221 32.0424 0
      vertex 22.7628 32.1118 0
    endloop
  endfacet
  facet normal 0.442203 -0.896915 0
    outer loop
      vertex 23.15 32.3027 7.4
      vertex 22.7628 32.1118 2.4
      vertex 23.15 32.3027 2.4
    endloop
  endfacet
  facet normal 0.751808 0.659382 0
    outer loop
      vertex 24.4701 38.9393 7.4
      vertex 24.082 39.3818 2.4
      vertex 24.082 39.3818 7.4
    endloop
  endfacet
  facet normal 0.751808 0.659382 0
    outer loop
      vertex 24.082 39.3818 2.4
      vertex 24.4701 38.9393 7.4
      vertex 24.4701 38.9393 2.4
    endloop
  endfacet
  facet normal -0.946936 0.321421 0
    outer loop
      vertex 16.5533 37.3645 2.4
      vertex 16.7425 37.9219 7.4
      vertex 16.7425 37.9219 2.4
    endloop
  endfacet
  facet normal -0.946936 0.321421 0
    outer loop
      vertex 16.7425 37.9219 7.4
      vertex 16.5533 37.3645 2.4
      vertex 16.5533 37.3645 7.4
    endloop
  endfacet
  facet normal -0.946936 -0.321421 0
    outer loop
      vertex 16.7425 34.4778 0
      vertex 16.5533 35.0352 7.4
      vertex 16.5533 35.0352 0
    endloop
  endfacet
  facet normal -0.946936 -0.321421 0
    outer loop
      vertex 16.5533 35.0352 7.4
      vertex 16.7425 34.4778 0
      vertex 16.7425 34.4778 7.4
    endloop
  endfacet
  facet normal 0.946936 -0.321421 0
    outer loop
      vertex 25.0575 34.4778 2.3
      vertex 25.2467 35.0352 0
      vertex 25.2467 35.0352 2.3
    endloop
  endfacet
  facet normal 0.946936 -0.321421 0
    outer loop
      vertex 25.2467 35.0352 0
      vertex 25.0575 34.4778 2.3
      vertex 25.0575 34.4778 0
    endloop
  endfacet
  facet normal 0.555562 0.831475 -0
    outer loop
      vertex 23.6394 39.77 2.4
      vertex 23.15 40.097 7.4
      vertex 23.6394 39.77 7.4
    endloop
  endfacet
  facet normal 0.555562 0.831475 0
    outer loop
      vertex 23.15 40.097 7.4
      vertex 23.6394 39.77 2.4
      vertex 23.15 40.097 2.4
    endloop
  endfacet
  facet normal -0.555494 0.83152 0
    outer loop
      vertex 18.4263 39.9475 0
      vertex 18.1606 39.77 2.3
      vertex 18.4263 39.9475 2.3
    endloop
  endfacet
  facet normal -0.555494 0.83152 0
    outer loop
      vertex 18.1606 39.77 2.3
      vertex 18.4263 39.9475 0
      vertex 18.1606 39.77 0
    endloop
  endfacet
  facet normal 0.997871 0.0652258 0
    outer loop
      vertex 25.3692 36.6694 7.4
      vertex 25.3615 36.7872 2.4
      vertex 25.3615 36.7872 7.4
    endloop
  endfacet
  facet normal 0.997871 0.0652258 0
    outer loop
      vertex 25.3615 36.7872 2.4
      vertex 25.3692 36.6694 7.4
      vertex 25.3692 36.6694 2.4
    endloop
  endfacet
  facet normal -0.55568 -0.831396 0
    outer loop
      vertex 18.1606 32.6298 0
      vertex 18.65 32.3027 7.4
      vertex 18.1606 32.6298 7.4
    endloop
  endfacet
  facet normal -0.55568 -0.831396 -0
    outer loop
      vertex 18.65 32.3027 7.4
      vertex 18.1606 32.6298 0
      vertex 18.65 32.3027 0
    endloop
  endfacet
  facet normal -0.321421 -0.946936 0
    outer loop
      vertex 19.1779 32.0424 0
      vertex 19.7353 31.8532 7.4
      vertex 19.1779 32.0424 7.4
    endloop
  endfacet
  facet normal -0.321421 -0.946936 -0
    outer loop
      vertex 19.7353 31.8532 7.4
      vertex 19.1779 32.0424 0
      vertex 19.7353 31.8532 0
    endloop
  endfacet
  facet normal -0.997858 0.0654138 0
    outer loop
      vertex 16.4 36.1999 2.4
      vertex 16.4385 36.7872 7.4
      vertex 16.4385 36.7872 2.4
    endloop
  endfacet
  facet normal -0.997858 0.0654138 0
    outer loop
      vertex 16.4385 36.7872 7.4
      vertex 16.4 36.1999 2.4
      vertex 16.4 36.1999 7.4
    endloop
  endfacet
  facet normal 0.831005 -0.556265 0
    outer loop
      vertex 24.5358 33.5588 7.4
      vertex 24.5194 33.5343 2.4
      vertex 24.5358 33.5588 2.3
    endloop
  endfacet
  facet normal 0.83166 -0.555285 -6.9474e-06
    outer loop
      vertex 24.4701 33.4604 7.4
      vertex 24.5194 33.5343 2.4
      vertex 24.5358 33.5588 7.4
    endloop
  endfacet
  facet normal 0.831877 -0.55496 0
    outer loop
      vertex 24.5194 33.5343 2.4
      vertex 24.4701 33.4604 7.4
      vertex 24.4701 33.4604 2.4
    endloop
  endfacet
  facet normal 0.831494 -0.555534 0
    outer loop
      vertex 24.5358 33.5588 2.3
      vertex 24.7971 33.9499 0
      vertex 24.7971 33.9499 2.3
    endloop
  endfacet
  facet normal 0.831005 -0.556265 0
    outer loop
      vertex 24.5194 33.5343 0
      vertex 24.5358 33.5588 2.3
      vertex 24.5194 33.5343 2.4
    endloop
  endfacet
  facet normal 0.831465 -0.555577 -1.06034e-05
    outer loop
      vertex 24.5358 33.5588 2.3
      vertex 24.5194 33.5343 0
      vertex 24.7971 33.9499 0
    endloop
  endfacet
  facet normal 0.946936 0.321421 0
    outer loop
      vertex 25.2467 37.3645 7.4
      vertex 25.0575 37.9219 2.4
      vertex 25.0575 37.9219 7.4
    endloop
  endfacet
  facet normal 0.946936 0.321421 0
    outer loop
      vertex 25.0575 37.9219 2.4
      vertex 25.2467 37.3645 7.4
      vertex 25.2467 37.3645 2.4
    endloop
  endfacet
  facet normal 0.0654027 0.997859 -0
    outer loop
      vertex 21.4874 40.6614 2.4
      vertex 20.9 40.6999 7.4
      vertex 21.4874 40.6614 7.4
    endloop
  endfacet
  facet normal 0.0654027 0.997859 0
    outer loop
      vertex 20.9 40.6999 7.4
      vertex 21.4874 40.6614 2.4
      vertex 20.9 40.6999 2.4
    endloop
  endfacet
  facet normal 0.997859 -0.0653975 0
    outer loop
      vertex 25.3615 35.6125 2.3
      vertex 25.3824 35.9314 0
      vertex 25.3824 35.9314 2.3
    endloop
  endfacet
  facet normal 0.997859 -0.0653975 0
    outer loop
      vertex 25.3824 35.9314 0
      vertex 25.3615 35.6125 2.3
      vertex 25.3615 35.6125 0
    endloop
  endfacet
  facet normal 0.195201 0.980763 -0
    outer loop
      vertex 22.0647 40.5465 2.4
      vertex 21.4874 40.6614 7.4
      vertex 22.0647 40.5465 7.4
    endloop
  endfacet
  facet normal 0.195201 0.980763 0
    outer loop
      vertex 21.4874 40.6614 7.4
      vertex 22.0647 40.5465 2.4
      vertex 21.4874 40.6614 2.4
    endloop
  endfacet
  facet normal 0.321421 -0.946936 0
    outer loop
      vertex 22.0647 31.8532 0
      vertex 22.6221 32.0424 7.4
      vertex 22.0647 31.8532 7.4
    endloop
  endfacet
  facet normal 0.321421 -0.946936 0
    outer loop
      vertex 22.6221 32.0424 7.4
      vertex 22.0647 31.8532 0
      vertex 22.6221 32.0424 0
    endloop
  endfacet
  facet normal -0.997844 -0.0656309 0
    outer loop
      vertex 16.4282 35.7691 0
      vertex 16.4385 35.6125 0
      vertex 16.4282 35.7691 2.4
    endloop
  endfacet
  facet normal -0.997864 -0.0653198 0
    outer loop
      vertex 16.4282 35.7691 2.4
      vertex 16.4 36.1999 7.4
      vertex 16.4 36.1999 2.4
    endloop
  endfacet
  facet normal -0.997859 -0.0654027 7.17561e-06
    outer loop
      vertex 16.4282 35.7691 2.4
      vertex 16.4385 35.6125 7.4
      vertex 16.4 36.1999 7.4
    endloop
  endfacet
  facet normal -0.997844 -0.0656309 -0
    outer loop
      vertex 16.4385 35.6125 7.4
      vertex 16.4282 35.7691 2.4
      vertex 16.4385 35.6125 0
    endloop
  endfacet
  facet normal -0.831475 0.555562 0
    outer loop
      vertex 17.0029 38.4499 0
      vertex 17.3299 38.9393 2.3
      vertex 17.3299 38.9393 0
    endloop
  endfacet
  facet normal -0.831475 0.555562 0
    outer loop
      vertex 17.3299 38.9393 2.3
      vertex 17.0029 38.4499 0
      vertex 17.0029 38.4499 2.3
    endloop
  endfacet
  facet normal 0.659298 -0.751882 0
    outer loop
      vertex 23.6394 32.6298 2.4
      vertex 24.082 33.0179 7.4
      vertex 23.6394 32.6298 7.4
    endloop
  endfacet
  facet normal 0.659298 -0.751882 0
    outer loop
      vertex 24.082 33.0179 7.4
      vertex 23.6394 32.6298 2.4
      vertex 24.082 33.0179 2.4
    endloop
  endfacet
  facet normal -0.980796 -0.195038 0
    outer loop
      vertex 16.5533 35.0352 0
      vertex 16.4385 35.6125 7.4
      vertex 16.4385 35.6125 0
    endloop
  endfacet
  facet normal -0.980796 -0.195038 0
    outer loop
      vertex 16.4385 35.6125 7.4
      vertex 16.5533 35.0352 0
      vertex 16.5533 35.0352 7.4
    endloop
  endfacet
  facet normal -0.896827 -0.442382 0
    outer loop
      vertex 17.0029 33.9499 0
      vertex 16.7425 34.4778 7.4
      vertex 16.7425 34.4778 0
    endloop
  endfacet
  facet normal -0.896827 -0.442382 0
    outer loop
      vertex 16.7425 34.4778 7.4
      vertex 17.0029 33.9499 0
      vertex 17.0029 33.9499 7.4
    endloop
  endfacet
  facet normal -0.195038 -0.980796 0
    outer loop
      vertex 19.7353 31.8532 0
      vertex 20.3126 31.7384 7.4
      vertex 19.7353 31.8532 7.4
    endloop
  endfacet
  facet normal -0.195038 -0.980796 -0
    outer loop
      vertex 20.3126 31.7384 7.4
      vertex 19.7353 31.8532 0
      vertex 20.3126 31.7384 0
    endloop
  endfacet
  facet normal 0.831475 0.555562 0
    outer loop
      vertex 24.7971 38.4499 7.4
      vertex 24.4701 38.9393 2.4
      vertex 24.4701 38.9393 7.4
    endloop
  endfacet
  facet normal 0.831475 0.555562 0
    outer loop
      vertex 24.4701 38.9393 2.4
      vertex 24.7971 38.4499 7.4
      vertex 24.7971 38.4499 2.4
    endloop
  endfacet
  facet normal -0.751808 0.659382 0
    outer loop
      vertex 17.3299 38.9393 0
      vertex 17.718 39.3818 2.3
      vertex 17.718 39.3818 0
    endloop
  endfacet
  facet normal -0.751808 0.659382 0
    outer loop
      vertex 17.718 39.3818 2.3
      vertex 17.3299 38.9393 0
      vertex 17.3299 38.9393 2.3
    endloop
  endfacet
  facet normal -0.751808 -0.659382 0
    outer loop
      vertex 17.718 33.0179 0
      vertex 17.3299 33.4604 7.4
      vertex 17.3299 33.4604 0
    endloop
  endfacet
  facet normal -0.751808 -0.659382 0
    outer loop
      vertex 17.3299 33.4604 7.4
      vertex 17.718 33.0179 0
      vertex 17.718 33.0179 7.4
    endloop
  endfacet
  facet normal -0.980796 0.195038 0
    outer loop
      vertex 16.4385 36.7872 2.4
      vertex 16.5533 37.3645 7.4
      vertex 16.5533 37.3645 2.4
    endloop
  endfacet
  facet normal -0.980796 0.195038 0
    outer loop
      vertex 16.5533 37.3645 7.4
      vertex 16.4385 36.7872 2.4
      vertex 16.4385 36.7872 7.4
    endloop
  endfacet
  facet normal 0.442246 0.896894 -0
    outer loop
      vertex 23.15 40.097 2.4
      vertex 22.6221 40.3573 7.4
      vertex 23.15 40.097 7.4
    endloop
  endfacet
  facet normal 0.442246 0.896894 0
    outer loop
      vertex 22.6221 40.3573 7.4
      vertex 23.15 40.097 2.4
      vertex 22.6221 40.3573 2.4
    endloop
  endfacet
  facet normal -0.659394 0.751798 0
    outer loop
      vertex 18.1606 39.77 0
      vertex 17.718 39.3818 2.3
      vertex 18.1606 39.77 2.3
    endloop
  endfacet
  facet normal -0.659394 0.751798 0
    outer loop
      vertex 17.718 39.3818 2.3
      vertex 18.1606 39.77 0
      vertex 17.718 39.3818 0
    endloop
  endfacet
  facet normal 0.321421 0.946936 -0
    outer loop
      vertex 22.6221 40.3573 2.4
      vertex 22.0647 40.5465 7.4
      vertex 22.6221 40.3573 7.4
    endloop
  endfacet
  facet normal 0.321421 0.946936 0
    outer loop
      vertex 22.0647 40.5465 7.4
      vertex 22.6221 40.3573 2.4
      vertex 22.0647 40.5465 2.4
    endloop
  endfacet
  facet normal -0.0654027 0.997859 0
    outer loop
      vertex 20.9 40.6999 2.4
      vertex 20.3126 40.6614 7.4
      vertex 20.9 40.6999 7.4
    endloop
  endfacet
  facet normal -0.0654027 0.997859 0
    outer loop
      vertex 20.3126 40.6614 7.4
      vertex 20.9 40.6999 2.4
      vertex 20.3126 40.6614 2.4
    endloop
  endfacet
  facet normal 0.0654027 -0.997859 0
    outer loop
      vertex 20.9 31.6999 0
      vertex 21.4874 31.7384 7.4
      vertex 20.9 31.6999 7.4
    endloop
  endfacet
  facet normal 0.0654027 -0.997859 0
    outer loop
      vertex 21.4874 31.7384 7.4
      vertex 20.9 31.6999 0
      vertex 21.4874 31.7384 0
    endloop
  endfacet
  facet normal 0.659394 0.751798 -0
    outer loop
      vertex 24.082 39.3818 2.4
      vertex 23.6394 39.77 7.4
      vertex 24.082 39.3818 7.4
    endloop
  endfacet
  facet normal 0.659394 0.751798 0
    outer loop
      vertex 23.6394 39.77 7.4
      vertex 24.082 39.3818 2.4
      vertex 23.6394 39.77 2.4
    endloop
  endfacet
  facet normal -0.0654027 -0.997859 0
    outer loop
      vertex 20.3126 31.7384 0
      vertex 20.9 31.6999 7.4
      vertex 20.3126 31.7384 7.4
    endloop
  endfacet
  facet normal -0.0654027 -0.997859 -0
    outer loop
      vertex 20.9 31.6999 7.4
      vertex 20.3126 31.7384 0
      vertex 20.9 31.6999 0
    endloop
  endfacet
  facet normal 0.55568 -0.831396 0
    outer loop
      vertex 23.15 32.3027 2.4
      vertex 23.6394 32.6298 7.4
      vertex 23.15 32.3027 7.4
    endloop
  endfacet
  facet normal 0.55568 -0.831396 0
    outer loop
      vertex 23.6394 32.6298 7.4
      vertex 23.15 32.3027 2.4
      vertex 23.6394 32.6298 2.4
    endloop
  endfacet
  facet normal -0.831527 -0.555484 0
    outer loop
      vertex 17.3299 33.4604 0
      vertex 17.0029 33.9499 7.4
      vertex 17.0029 33.9499 0
    endloop
  endfacet
  facet normal -0.831527 -0.555484 0
    outer loop
      vertex 17.0029 33.9499 7.4
      vertex 17.3299 33.4604 0
      vertex 17.3299 33.4604 7.4
    endloop
  endfacet
  facet normal -0.442124 0.896954 0
    outer loop
      vertex 19.1779 40.3573 2.4
      vertex 19.072 40.3051 7.4
      vertex 19.1779 40.3573 7.4
    endloop
  endfacet
  facet normal -0.442124 0.896954 0
    outer loop
      vertex 19.072 40.3051 7.4
      vertex 19.1779 40.3573 2.4
      vertex 19.072 40.3051 2.4
    endloop
  endfacet
  facet normal -0.659298 -0.751882 0
    outer loop
      vertex 17.718 33.0179 0
      vertex 18.1606 32.6298 7.4
      vertex 17.718 33.0179 7.4
    endloop
  endfacet
  facet normal -0.659298 -0.751882 -0
    outer loop
      vertex 18.1606 32.6298 7.4
      vertex 17.718 33.0179 0
      vertex 18.1606 32.6298 0
    endloop
  endfacet
  facet normal 0.195038 -0.980796 0
    outer loop
      vertex 21.4874 31.7384 0
      vertex 22.0647 31.8532 7.4
      vertex 21.4874 31.7384 7.4
    endloop
  endfacet
  facet normal 0.195038 -0.980796 0
    outer loop
      vertex 22.0647 31.8532 7.4
      vertex 21.4874 31.7384 0
      vertex 22.0647 31.8532 0
    endloop
  endfacet
  facet normal 0 0 1
    outer loop
      vertex 44.6 0 2.4
      vertex 48 0 2.4
      vertex 47.8173 4.18347 2.4
    endloop
  endfacet
  facet normal 0 0 1
    outer loop
      vertex 44.4303 3.88715 2.4
      vertex 47.8173 4.18347 2.4
      vertex 47.2708 8.3351 2.4
    endloop
  endfacet
  facet normal 0 0 1
    outer loop
      vertex 48 0 2.4
      vertex 44.6 0 2.4
      vertex 47.8173 -4.18347 2.4
    endloop
  endfacet
  facet normal 0 0 1
    outer loop
      vertex 43.9224 7.74471 2.4
      vertex 47.2708 8.3351 2.4
      vertex 46.3644 12.4233 2.4
    endloop
  endfacet
  facet normal -0 0 1
    outer loop
      vertex 44.4303 -3.88715 2.4
      vertex 47.8173 -4.18347 2.4
      vertex 44.6 0 2.4
    endloop
  endfacet
  facet normal 0 0 1
    outer loop
      vertex 43.0803 11.5433 2.4
      vertex 46.3644 12.4233 2.4
      vertex 45.1052 16.417 2.4
    endloop
  endfacet
  facet normal 0 0 1
    outer loop
      vertex 47.8173 -4.18347 2.4
      vertex 44.4303 -3.88715 2.4
      vertex 47.2708 -8.3351 2.4
    endloop
  endfacet
  facet normal -0 0 1
    outer loop
      vertex 43.9224 -7.74471 2.4
      vertex 47.2708 -8.3351 2.4
      vertex 44.4303 -3.88715 2.4
    endloop
  endfacet
  facet normal 0 0 1
    outer loop
      vertex 47.8173 4.18347 2.4
      vertex 44.4303 3.88715 2.4
      vertex 44.6 0 2.4
    endloop
  endfacet
  facet normal 0 0 1
    outer loop
      vertex 47.2708 8.3351 2.4
      vertex 43.9224 7.74471 2.4
      vertex 44.4303 3.88715 2.4
    endloop
  endfacet
  facet normal 0 0 1
    outer loop
      vertex 41.9103 15.2541 2.4
      vertex 45.1052 16.417 2.4
      vertex 43.5028 20.2857 2.4
    endloop
  endfacet
  facet normal 0 0 1
    outer loop
      vertex 46.3644 12.4233 2.4
      vertex 43.0803 11.5433 2.4
      vertex 43.9224 7.74471 2.4
    endloop
  endfacet
  facet normal 0 0 1
    outer loop
      vertex 45.1052 16.417 2.4
      vertex 41.9103 15.2541 2.4
      vertex 43.0803 11.5433 2.4
    endloop
  endfacet
  facet normal 0 0 1
    outer loop
      vertex 40.4213 18.8488 2.4
      vertex 43.5028 20.2857 2.4
      vertex 41.5692 24 2.4
    endloop
  endfacet
  facet normal 0 0 1
    outer loop
      vertex 43.5028 20.2857 2.4
      vertex 40.4213 18.8488 2.4
      vertex 41.9103 15.2541 2.4
    endloop
  endfacet
  facet normal 0 0 1
    outer loop
      vertex 38.6247 22.3 2.4
      vertex 41.5692 24 2.4
      vertex 39.3193 27.5317 2.4
    endloop
  endfacet
  facet normal 0 0 1
    outer loop
      vertex 41.5692 24 2.4
      vertex 38.6247 22.3 2.4
      vertex 40.4213 18.8488 2.4
    endloop
  endfacet
  facet normal 0 0 1
    outer loop
      vertex 36.5342 25.5815 2.4
      vertex 39.3193 27.5317 2.4
      vertex 36.7701 30.8538 2.4
    endloop
  endfacet
  facet normal 0 0 1
    outer loop
      vertex 39.3193 27.5317 2.4
      vertex 36.5342 25.5815 2.4
      vertex 38.6247 22.3 2.4
    endloop
  endfacet
  facet normal 0 0 1
    outer loop
      vertex 36.7701 30.8538 2.4
      vertex 34.1656 28.6683 2.4
      vertex 36.5342 25.5815 2.4
    endloop
  endfacet
  facet normal 0 0 1
    outer loop
      vertex 33.9411 33.9411 2.4
      vertex 34.1656 28.6683 2.4
      vertex 36.7701 30.8538 2.4
    endloop
  endfacet
  facet normal 0 0 1
    outer loop
      vertex 33.9411 33.9411 2.4
      vertex 31.537 31.537 2.4
      vertex 34.1656 28.6683 2.4
    endloop
  endfacet
  facet normal 0 0 1
    outer loop
      vertex 30.8538 36.7701 2.4
      vertex 31.537 31.537 2.4
      vertex 33.9411 33.9411 2.4
    endloop
  endfacet
  facet normal 0 0 1
    outer loop
      vertex 30.8538 36.7701 2.4
      vertex 28.6683 34.1656 2.4
      vertex 31.537 31.537 2.4
    endloop
  endfacet
  facet normal 0 0 1
    outer loop
      vertex 27.5317 39.3193 2.4
      vertex 28.6683 34.1656 2.4
      vertex 30.8538 36.7701 2.4
    endloop
  endfacet
  facet normal 0 0 1
    outer loop
      vertex 27.5317 39.3193 2.4
      vertex 25.5815 36.5342 2.4
      vertex 28.6683 34.1656 2.4
    endloop
  endfacet
  facet normal -0 0 1
    outer loop
      vertex 25.2467 37.3645 2.4
      vertex 25.5815 36.5342 2.4
      vertex 27.5317 39.3193 2.4
    endloop
  endfacet
  facet normal 0 0 1
    outer loop
      vertex 25.5815 36.5342 2.4
      vertex 25.3615 36.7872 2.4
      vertex 25.3692 36.6694 2.4
    endloop
  endfacet
  facet normal 0 0 1
    outer loop
      vertex 25.5815 36.5342 2.4
      vertex 25.2467 37.3645 2.4
      vertex 25.3615 36.7872 2.4
    endloop
  endfacet
  facet normal 0 0 1
    outer loop
      vertex 27.5317 39.3193 2.4
      vertex 25.0575 37.9219 2.4
      vertex 25.2467 37.3645 2.4
    endloop
  endfacet
  facet normal 0 0 1
    outer loop
      vertex 27.5317 39.3193 2.4
      vertex 24.7971 38.4499 2.4
      vertex 25.0575 37.9219 2.4
    endloop
  endfacet
  facet normal 0 0 1
    outer loop
      vertex 27.5317 39.3193 2.4
      vertex 24.4701 38.9393 2.4
      vertex 24.7971 38.4499 2.4
    endloop
  endfacet
  facet normal 0 0 1
    outer loop
      vertex 27.5317 39.3193 2.4
      vertex 24.082 39.3818 2.4
      vertex 24.4701 38.9393 2.4
    endloop
  endfacet
  facet normal 0 0 1
    outer loop
      vertex 24 41.5692 2.4
      vertex 24.082 39.3818 2.4
      vertex 27.5317 39.3193 2.4
    endloop
  endfacet
  facet normal 0 0 1
    outer loop
      vertex 24 41.5692 2.4
      vertex 23.6394 39.77 2.4
      vertex 24.082 39.3818 2.4
    endloop
  endfacet
  facet normal 0 0 1
    outer loop
      vertex 24 41.5692 2.4
      vertex 23.15 40.097 2.4
      vertex 23.6394 39.77 2.4
    endloop
  endfacet
  facet normal 0 0 1
    outer loop
      vertex 24 41.5692 2.4
      vertex 22.6221 40.3573 2.4
      vertex 23.15 40.097 2.4
    endloop
  endfacet
  facet normal 0 0 1
    outer loop
      vertex 24 41.5692 2.4
      vertex 22.0647 40.5465 2.4
      vertex 22.6221 40.3573 2.4
    endloop
  endfacet
  facet normal 0 0 1
    outer loop
      vertex 24 41.5692 2.4
      vertex 21.4874 40.6614 2.4
      vertex 22.0647 40.5465 2.4
    endloop
  endfacet
  facet normal 0 0 1
    outer loop
      vertex 20.2857 43.5028 2.4
      vertex 21.4874 40.6614 2.4
      vertex 24 41.5692 2.4
    endloop
  endfacet
  facet normal 0 0 1
    outer loop
      vertex 21.4874 40.6614 2.4
      vertex 20.2857 43.5028 2.4
      vertex 20.9 40.6999 2.4
    endloop
  endfacet
  facet normal 0 0 1
    outer loop
      vertex 20.9 40.6999 2.4
      vertex 20.2857 43.5028 2.4
      vertex 20.3126 40.6614 2.4
    endloop
  endfacet
  facet normal 0 0 1
    outer loop
      vertex 20.2857 43.5028 2.4
      vertex 19.7353 40.5465 2.4
      vertex 20.3126 40.6614 2.4
    endloop
  endfacet
  facet normal 0 0 1
    outer loop
      vertex 18.8488 40.4213 2.4
      vertex 19.7353 40.5465 2.4
      vertex 20.2857 43.5028 2.4
    endloop
  endfacet
  facet normal 0 0 1
    outer loop
      vertex 19.7353 40.5465 2.4
      vertex 18.8488 40.4213 2.4
      vertex 19.1779 40.3573 2.4
    endloop
  endfacet
  facet normal 0 0 1
    outer loop
      vertex 19.1779 40.3573 2.4
      vertex 18.8488 40.4213 2.4
      vertex 19.072 40.3051 2.4
    endloop
  endfacet
  facet normal 0 0 1
    outer loop
      vertex 16.417 45.1052 2.4
      vertex 18.8488 40.4213 2.4
      vertex 20.2857 43.5028 2.4
    endloop
  endfacet
  facet normal 0 0 1
    outer loop
      vertex 16.417 45.1052 2.4
      vertex 15.2541 41.9103 2.4
      vertex 18.8488 40.4213 2.4
    endloop
  endfacet
  facet normal 0 0 1
    outer loop
      vertex 12.4233 46.3644 2.4
      vertex 15.2541 41.9103 2.4
      vertex 16.417 45.1052 2.4
    endloop
  endfacet
  facet normal 0 0 1
    outer loop
      vertex 12.4233 46.3644 2.4
      vertex 11.5433 43.0803 2.4
      vertex 15.2541 41.9103 2.4
    endloop
  endfacet
  facet normal 0 0 1
    outer loop
      vertex 8.3351 47.2708 2.4
      vertex 11.5433 43.0803 2.4
      vertex 12.4233 46.3644 2.4
    endloop
  endfacet
  facet normal 0 0 1
    outer loop
      vertex 8.3351 47.2708 2.4
      vertex 7.74471 43.9224 2.4
      vertex 11.5433 43.0803 2.4
    endloop
  endfacet
  facet normal 0 0 1
    outer loop
      vertex 4.18347 47.8173 2.4
      vertex 7.74471 43.9224 2.4
      vertex 8.3351 47.2708 2.4
    endloop
  endfacet
  facet normal 0 0 1
    outer loop
      vertex 4.18347 47.8173 2.4
      vertex 3.88715 44.4303 2.4
      vertex 7.74471 43.9224 2.4
    endloop
  endfacet
  facet normal 0 0 1
    outer loop
      vertex 0 48 2.4
      vertex 3.88715 44.4303 2.4
      vertex 4.18347 47.8173 2.4
    endloop
  endfacet
  facet normal 0 0 1
    outer loop
      vertex 0 48 2.4
      vertex 0 44.6 2.4
      vertex 3.88715 44.4303 2.4
    endloop
  endfacet
  facet normal 0 0 1
    outer loop
      vertex 0 48 2.4
      vertex -3.88715 44.4303 2.4
      vertex 0 44.6 2.4
    endloop
  endfacet
  facet normal -0 0 1
    outer loop
      vertex -4.18347 47.8173 2.4
      vertex -3.88715 44.4303 2.4
      vertex 0 48 2.4
    endloop
  endfacet
  facet normal 0 0 1
    outer loop
      vertex -4.18347 47.8173 2.4
      vertex -7.74471 43.9224 2.4
      vertex -3.88715 44.4303 2.4
    endloop
  endfacet
  facet normal -0 0 1
    outer loop
      vertex -8.3351 47.2708 2.4
      vertex -7.74471 43.9224 2.4
      vertex -4.18347 47.8173 2.4
    endloop
  endfacet
  facet normal 0 0 1
    outer loop
      vertex -8.3351 47.2708 2.4
      vertex -11.5433 43.0803 2.4
      vertex -7.74471 43.9224 2.4
    endloop
  endfacet
  facet normal -0 0 1
    outer loop
      vertex -12.4233 46.3644 2.4
      vertex -11.5433 43.0803 2.4
      vertex -8.3351 47.2708 2.4
    endloop
  endfacet
  facet normal 0 0 1
    outer loop
      vertex -12.4233 46.3644 2.4
      vertex -15.2541 41.9103 2.4
      vertex -11.5433 43.0803 2.4
    endloop
  endfacet
  facet normal -0 0 1
    outer loop
      vertex -16.417 45.1052 2.4
      vertex -15.2541 41.9103 2.4
      vertex -12.4233 46.3644 2.4
    endloop
  endfacet
  facet normal 0 0 1
    outer loop
      vertex -16.417 45.1052 2.4
      vertex -18.8488 40.4213 2.4
      vertex -15.2541 41.9103 2.4
    endloop
  endfacet
  facet normal -0 0 1
    outer loop
      vertex -20.2857 43.5028 2.4
      vertex -18.8488 40.4213 2.4
      vertex -16.417 45.1052 2.4
    endloop
  endfacet
  facet normal 0 0 1
    outer loop
      vertex -20.2857 43.5028 2.4
      vertex -22.3 38.6247 2.4
      vertex -18.8488 40.4213 2.4
    endloop
  endfacet
  facet normal -0 0 1
    outer loop
      vertex -24 41.5692 2.4
      vertex -22.3 38.6247 2.4
      vertex -20.2857 43.5028 2.4
    endloop
  endfacet
  facet normal 0 0 1
    outer loop
      vertex -24 41.5692 2.4
      vertex -25.5815 36.5342 2.4
      vertex -22.3 38.6247 2.4
    endloop
  endfacet
  facet normal -0 0 1
    outer loop
      vertex -27.5317 39.3193 2.4
      vertex -25.5815 36.5342 2.4
      vertex -24 41.5692 2.4
    endloop
  endfacet
  facet normal 0 0 1
    outer loop
      vertex -27.5317 39.3193 2.4
      vertex -28.6683 34.1656 2.4
      vertex -25.5815 36.5342 2.4
    endloop
  endfacet
  facet normal -0 0 1
    outer loop
      vertex -30.8538 36.7701 2.4
      vertex -28.6683 34.1656 2.4
      vertex -27.5317 39.3193 2.4
    endloop
  endfacet
  facet normal 0 0 1
    outer loop
      vertex -30.8538 36.7701 2.4
      vertex -31.537 31.537 2.4
      vertex -28.6683 34.1656 2.4
    endloop
  endfacet
  facet normal -0 0 1
    outer loop
      vertex -33.9411 33.9411 2.4
      vertex -31.537 31.537 2.4
      vertex -30.8538 36.7701 2.4
    endloop
  endfacet
  facet normal 0 0 1
    outer loop
      vertex -33.9411 33.9411 2.4
      vertex -34.1656 28.6683 2.4
      vertex -31.537 31.537 2.4
    endloop
  endfacet
  facet normal -0 0 1
    outer loop
      vertex -36.7701 30.8538 2.4
      vertex -34.1656 28.6683 2.4
      vertex -33.9411 33.9411 2.4
    endloop
  endfacet
  facet normal 0 0 1
    outer loop
      vertex -34.1656 28.6683 2.4
      vertex -36.7701 30.8538 2.4
      vertex -36.5342 25.5815 2.4
    endloop
  endfacet
  facet normal -0 0 1
    outer loop
      vertex -39.3193 27.5317 2.4
      vertex -36.5342 25.5815 2.4
      vertex -36.7701 30.8538 2.4
    endloop
  endfacet
  facet normal 0 0 1
    outer loop
      vertex -36.5342 25.5815 2.4
      vertex -39.3193 27.5317 2.4
      vertex -38.6247 22.3 2.4
    endloop
  endfacet
  facet normal -0 0 1
    outer loop
      vertex -41.5692 24 2.4
      vertex -38.6247 22.3 2.4
      vertex -39.3193 27.5317 2.4
    endloop
  endfacet
  facet normal 0 0 1
    outer loop
      vertex -38.6247 22.3 2.4
      vertex -41.5692 24 2.4
      vertex -40.4213 18.8488 2.4
    endloop
  endfacet
  facet normal -0 0 1
    outer loop
      vertex -43.5028 20.2857 2.4
      vertex -40.4213 18.8488 2.4
      vertex -41.5692 24 2.4
    endloop
  endfacet
  facet normal 0 0 1
    outer loop
      vertex -40.4213 18.8488 2.4
      vertex -43.5028 20.2857 2.4
      vertex -41.9103 15.2541 2.4
    endloop
  endfacet
  facet normal -0 0 1
    outer loop
      vertex -45.1052 16.417 2.4
      vertex -41.9103 15.2541 2.4
      vertex -43.5028 20.2857 2.4
    endloop
  endfacet
  facet normal 0 0 1
    outer loop
      vertex -41.9103 15.2541 2.4
      vertex -45.1052 16.417 2.4
      vertex -43.0803 11.5433 2.4
    endloop
  endfacet
  facet normal -0 0 1
    outer loop
      vertex -46.3644 12.4233 2.4
      vertex -43.0803 11.5433 2.4
      vertex -45.1052 16.417 2.4
    endloop
  endfacet
  facet normal 0 0 1
    outer loop
      vertex -44.4303 3.88715 2.4
      vertex -44.5394 3.57009 2.4
      vertex -44.4413 3.63568 2.4
    endloop
  endfacet
  facet normal 0 0 1
    outer loop
      vertex -43.0803 11.5433 2.4
      vertex -46.3644 12.4233 2.4
      vertex -43.9224 7.74471 2.4
    endloop
  endfacet
  facet normal -0 0 1
    outer loop
      vertex -47.2708 8.3351 2.4
      vertex -43.9224 7.74471 2.4
      vertex -46.3644 12.4233 2.4
    endloop
  endfacet
  facet normal 0 0 1
    outer loop
      vertex -43.9224 7.74471 2.4
      vertex -47.2708 8.3351 2.4
      vertex -44.4303 3.88715 2.4
    endloop
  endfacet
  facet normal -0 0 1
    outer loop
      vertex -47.8173 4.18347 2.4
      vertex -44.4303 3.88715 2.4
      vertex -47.2708 8.3351 2.4
    endloop
  endfacet
  facet normal 0 -0 1
    outer loop
      vertex -44.982 3.18198 2.4
      vertex -44.4303 3.88715 2.4
      vertex -47.8173 4.18347 2.4
    endloop
  endfacet
  facet normal 0 0 1
    outer loop
      vertex -44.4303 3.88715 2.4
      vertex -44.982 3.18198 2.4
      vertex -44.5394 3.57009 2.4
    endloop
  endfacet
  facet normal 0 0 1
    outer loop
      vertex -44.982 3.18198 2.4
      vertex -47.8173 4.18347 2.4
      vertex -45.3701 2.73943 2.4
    endloop
  endfacet
  facet normal 0 0 1
    outer loop
      vertex -45.3701 2.73943 2.4
      vertex -47.8173 4.18347 2.4
      vertex -45.6971 2.25 2.4
    endloop
  endfacet
  facet normal 0 0 1
    outer loop
      vertex -45.9575 1.72207 2.4
      vertex -47.8173 4.18347 2.4
      vertex -46.1467 1.16469 2.4
    endloop
  endfacet
  facet normal 0 0 1
    outer loop
      vertex -45.6971 2.25 2.4
      vertex -47.8173 4.18347 2.4
      vertex -45.9575 1.72207 2.4
    endloop
  endfacet
  facet normal 0 0 1
    outer loop
      vertex 47.2708 -8.3351 2.4
      vertex 43.9224 -7.74471 2.4
      vertex 46.3644 -12.4233 2.4
    endloop
  endfacet
  facet normal -0 0 1
    outer loop
      vertex 43.0803 -11.5433 2.4
      vertex 46.3644 -12.4233 2.4
      vertex 43.9224 -7.74471 2.4
    endloop
  endfacet
  facet normal 0 0 1
    outer loop
      vertex 46.3644 -12.4233 2.4
      vertex 43.0803 -11.5433 2.4
      vertex 45.1052 -16.417 2.4
    endloop
  endfacet
  facet normal -0 0 1
    outer loop
      vertex 41.9103 -15.2541 2.4
      vertex 45.1052 -16.417 2.4
      vertex 43.0803 -11.5433 2.4
    endloop
  endfacet
  facet normal 0 0 1
    outer loop
      vertex 45.1052 -16.417 2.4
      vertex 41.9103 -15.2541 2.4
      vertex 43.5028 -20.2857 2.4
    endloop
  endfacet
  facet normal -0 0 1
    outer loop
      vertex 40.4213 -18.8488 2.4
      vertex 43.5028 -20.2857 2.4
      vertex 41.9103 -15.2541 2.4
    endloop
  endfacet
  facet normal 0 0 1
    outer loop
      vertex 43.5028 -20.2857 2.4
      vertex 40.4213 -18.8488 2.4
      vertex 41.5692 -24 2.4
    endloop
  endfacet
  facet normal -0 0 1
    outer loop
      vertex 38.6247 -22.3 2.4
      vertex 41.5692 -24 2.4
      vertex 40.4213 -18.8488 2.4
    endloop
  endfacet
  facet normal 0 0 1
    outer loop
      vertex 41.5692 -24 2.4
      vertex 38.6247 -22.3 2.4
      vertex 39.3193 -27.5317 2.4
    endloop
  endfacet
  facet normal -0 0 1
    outer loop
      vertex 36.5342 -25.5815 2.4
      vertex 39.3193 -27.5317 2.4
      vertex 38.6247 -22.3 2.4
    endloop
  endfacet
  facet normal 0 0 1
    outer loop
      vertex 39.3193 -27.5317 2.4
      vertex 36.5342 -25.5815 2.4
      vertex 36.7701 -30.8538 2.4
    endloop
  endfacet
  facet normal -0 0 1
    outer loop
      vertex 34.1656 -28.6683 2.4
      vertex 36.7701 -30.8538 2.4
      vertex 36.5342 -25.5815 2.4
    endloop
  endfacet
  facet normal 0 0 1
    outer loop
      vertex 34.1656 -28.6683 2.4
      vertex 33.9411 -33.9411 2.4
      vertex 36.7701 -30.8538 2.4
    endloop
  endfacet
  facet normal -0 0 1
    outer loop
      vertex 31.537 -31.537 2.4
      vertex 33.9411 -33.9411 2.4
      vertex 34.1656 -28.6683 2.4
    endloop
  endfacet
  facet normal 0 0 1
    outer loop
      vertex 31.537 -31.537 2.4
      vertex 30.8538 -36.7701 2.4
      vertex 33.9411 -33.9411 2.4
    endloop
  endfacet
  facet normal -0 0 1
    outer loop
      vertex 28.6683 -34.1656 2.4
      vertex 30.8538 -36.7701 2.4
      vertex 31.537 -31.537 2.4
    endloop
  endfacet
  facet normal 0 0 1
    outer loop
      vertex 28.6683 -34.1656 2.4
      vertex 27.5317 -39.3193 2.4
      vertex 30.8538 -36.7701 2.4
    endloop
  endfacet
  facet normal -0 0 1
    outer loop
      vertex 25.5815 -36.5342 2.4
      vertex 27.5317 -39.3193 2.4
      vertex 28.6683 -34.1656 2.4
    endloop
  endfacet
  facet normal 0 0 1
    outer loop
      vertex 25.3615 -36.7872 2.4
      vertex 25.5815 -36.5342 2.4
      vertex 25.3692 -36.6694 2.4
    endloop
  endfacet
  facet normal 0 0 1
    outer loop
      vertex 25.2467 -37.3645 2.4
      vertex 25.5815 -36.5342 2.4
      vertex 25.3615 -36.7872 2.4
    endloop
  endfacet
  facet normal 0 0 1
    outer loop
      vertex 25.5815 -36.5342 2.4
      vertex 25.2467 -37.3645 2.4
      vertex 27.5317 -39.3193 2.4
    endloop
  endfacet
  facet normal -0 0 1
    outer loop
      vertex 25.0575 -37.9219 2.4
      vertex 27.5317 -39.3193 2.4
      vertex 25.2467 -37.3645 2.4
    endloop
  endfacet
  facet normal -0 0 1
    outer loop
      vertex 24.7971 -38.4499 2.4
      vertex 27.5317 -39.3193 2.4
      vertex 25.0575 -37.9219 2.4
    endloop
  endfacet
  facet normal -0 0 1
    outer loop
      vertex 24.4701 -38.9393 2.4
      vertex 27.5317 -39.3193 2.4
      vertex 24.7971 -38.4499 2.4
    endloop
  endfacet
  facet normal 0 0 1
    outer loop
      vertex 24.082 -39.3818 2.4
      vertex 27.5317 -39.3193 2.4
      vertex 24.4701 -38.9393 2.4
    endloop
  endfacet
  facet normal -0 0 1
    outer loop
      vertex 24.082 -39.3818 2.4
      vertex 24 -41.5692 2.4
      vertex 27.5317 -39.3193 2.4
    endloop
  endfacet
  facet normal -0 0 1
    outer loop
      vertex 23.6394 -39.77 2.4
      vertex 24 -41.5692 2.4
      vertex 24.082 -39.3818 2.4
    endloop
  endfacet
  facet normal -0 0 1
    outer loop
      vertex 23.15 -40.097 2.4
      vertex 24 -41.5692 2.4
      vertex 23.6394 -39.77 2.4
    endloop
  endfacet
  facet normal -0 0 1
    outer loop
      vertex 22.6221 -40.3573 2.4
      vertex 24 -41.5692 2.4
      vertex 23.15 -40.097 2.4
    endloop
  endfacet
  facet normal -0 0 1
    outer loop
      vertex 22.0647 -40.5465 2.4
      vertex 24 -41.5692 2.4
      vertex 22.6221 -40.3573 2.4
    endloop
  endfacet
  facet normal -0 0 1
    outer loop
      vertex 21.4874 -40.6614 2.4
      vertex 24 -41.5692 2.4
      vertex 22.0647 -40.5465 2.4
    endloop
  endfacet
  facet normal 0 0 1
    outer loop
      vertex 20.2857 -43.5028 2.4
      vertex 21.4874 -40.6614 2.4
      vertex 20.9 -40.6999 2.4
    endloop
  endfacet
  facet normal 0 0 1
    outer loop
      vertex 20.2857 -43.5028 2.4
      vertex 20.9 -40.6999 2.4
      vertex 20.3126 -40.6614 2.4
    endloop
  endfacet
  facet normal 0 0 1
    outer loop
      vertex 21.4874 -40.6614 2.4
      vertex 20.2857 -43.5028 2.4
      vertex 24 -41.5692 2.4
    endloop
  endfacet
  facet normal 0 0 1
    outer loop
      vertex 19.7353 -40.5465 2.4
      vertex 20.2857 -43.5028 2.4
      vertex 20.3126 -40.6614 2.4
    endloop
  endfacet
  facet normal -0 0 1
    outer loop
      vertex 18.8488 -40.4213 2.4
      vertex 19.7353 -40.5465 2.4
      vertex 19.1779 -40.3573 2.4
    endloop
  endfacet
  facet normal 0 0 1
    outer loop
      vertex 18.8488 -40.4213 2.4
      vertex 19.1779 -40.3573 2.4
      vertex 19.072 -40.3051 2.4
    endloop
  endfacet
  facet normal 0 0 1
    outer loop
      vertex 19.7353 -40.5465 2.4
      vertex 18.8488 -40.4213 2.4
      vertex 20.2857 -43.5028 2.4
    endloop
  endfacet
  facet normal 0 0 1
    outer loop
      vertex 18.8488 -40.4213 2.4
      vertex 16.417 -45.1052 2.4
      vertex 20.2857 -43.5028 2.4
    endloop
  endfacet
  facet normal -0 0 1
    outer loop
      vertex 15.2541 -41.9103 2.4
      vertex 16.417 -45.1052 2.4
      vertex 18.8488 -40.4213 2.4
    endloop
  endfacet
  facet normal 0 0 1
    outer loop
      vertex 15.2541 -41.9103 2.4
      vertex 12.4233 -46.3644 2.4
      vertex 16.417 -45.1052 2.4
    endloop
  endfacet
  facet normal -0 0 1
    outer loop
      vertex 11.5433 -43.0803 2.4
      vertex 12.4233 -46.3644 2.4
      vertex 15.2541 -41.9103 2.4
    endloop
  endfacet
  facet normal 0 0 1
    outer loop
      vertex 11.5433 -43.0803 2.4
      vertex 8.3351 -47.2708 2.4
      vertex 12.4233 -46.3644 2.4
    endloop
  endfacet
  facet normal -0 0 1
    outer loop
      vertex 7.74471 -43.9224 2.4
      vertex 8.3351 -47.2708 2.4
      vertex 11.5433 -43.0803 2.4
    endloop
  endfacet
  facet normal 0 0 1
    outer loop
      vertex 7.74471 -43.9224 2.4
      vertex 4.18347 -47.8173 2.4
      vertex 8.3351 -47.2708 2.4
    endloop
  endfacet
  facet normal -0 0 1
    outer loop
      vertex 3.88715 -44.4303 2.4
      vertex 4.18347 -47.8173 2.4
      vertex 7.74471 -43.9224 2.4
    endloop
  endfacet
  facet normal -0 0 1
    outer loop
      vertex 0 -44.6 2.4
      vertex 4.18347 -47.8173 2.4
      vertex 3.88715 -44.4303 2.4
    endloop
  endfacet
  facet normal 0 0 1
    outer loop
      vertex 0 -44.6 2.4
      vertex 0 -48 2.4
      vertex 4.18347 -47.8173 2.4
    endloop
  endfacet
  facet normal 0 0 1
    outer loop
      vertex -3.88715 -44.4303 2.4
      vertex 0 -48 2.4
      vertex 0 -44.6 2.4
    endloop
  endfacet
  facet normal 0 0 1
    outer loop
      vertex -3.88715 -44.4303 2.4
      vertex -4.18347 -47.8173 2.4
      vertex 0 -48 2.4
    endloop
  endfacet
  facet normal 0 0 1
    outer loop
      vertex -7.74471 -43.9224 2.4
      vertex -4.18347 -47.8173 2.4
      vertex -3.88715 -44.4303 2.4
    endloop
  endfacet
  facet normal 0 0 1
    outer loop
      vertex -7.74471 -43.9224 2.4
      vertex -8.3351 -47.2708 2.4
      vertex -4.18347 -47.8173 2.4
    endloop
  endfacet
  facet normal 0 0 1
    outer loop
      vertex -11.5433 -43.0803 2.4
      vertex -8.3351 -47.2708 2.4
      vertex -7.74471 -43.9224 2.4
    endloop
  endfacet
  facet normal 0 0 1
    outer loop
      vertex -11.5433 -43.0803 2.4
      vertex -12.4233 -46.3644 2.4
      vertex -8.3351 -47.2708 2.4
    endloop
  endfacet
  facet normal 0 0 1
    outer loop
      vertex -15.2541 -41.9103 2.4
      vertex -12.4233 -46.3644 2.4
      vertex -11.5433 -43.0803 2.4
    endloop
  endfacet
  facet normal 0 0 1
    outer loop
      vertex -15.2541 -41.9103 2.4
      vertex -16.417 -45.1052 2.4
      vertex -12.4233 -46.3644 2.4
    endloop
  endfacet
  facet normal 0 0 1
    outer loop
      vertex -18.8488 -40.4213 2.4
      vertex -16.417 -45.1052 2.4
      vertex -15.2541 -41.9103 2.4
    endloop
  endfacet
  facet normal 0 0 1
    outer loop
      vertex -18.8488 -40.4213 2.4
      vertex -20.2857 -43.5028 2.4
      vertex -16.417 -45.1052 2.4
    endloop
  endfacet
  facet normal 0 0 1
    outer loop
      vertex -22.3 -38.6247 2.4
      vertex -20.2857 -43.5028 2.4
      vertex -18.8488 -40.4213 2.4
    endloop
  endfacet
  facet normal 0 0 1
    outer loop
      vertex -22.3 -38.6247 2.4
      vertex -24 -41.5692 2.4
      vertex -20.2857 -43.5028 2.4
    endloop
  endfacet
  facet normal 0 0 1
    outer loop
      vertex -25.5815 -36.5342 2.4
      vertex -24 -41.5692 2.4
      vertex -22.3 -38.6247 2.4
    endloop
  endfacet
  facet normal 0 0 1
    outer loop
      vertex -25.5815 -36.5342 2.4
      vertex -27.5317 -39.3193 2.4
      vertex -24 -41.5692 2.4
    endloop
  endfacet
  facet normal 0 0 1
    outer loop
      vertex -28.6683 -34.1656 2.4
      vertex -27.5317 -39.3193 2.4
      vertex -25.5815 -36.5342 2.4
    endloop
  endfacet
  facet normal 0 0 1
    outer loop
      vertex -28.6683 -34.1656 2.4
      vertex -30.8538 -36.7701 2.4
      vertex -27.5317 -39.3193 2.4
    endloop
  endfacet
  facet normal 0 0 1
    outer loop
      vertex -31.537 -31.537 2.4
      vertex -30.8538 -36.7701 2.4
      vertex -28.6683 -34.1656 2.4
    endloop
  endfacet
  facet normal 0 0 1
    outer loop
      vertex -31.537 -31.537 2.4
      vertex -33.9411 -33.9411 2.4
      vertex -30.8538 -36.7701 2.4
    endloop
  endfacet
  facet normal 0 0 1
    outer loop
      vertex -34.1656 -28.6683 2.4
      vertex -33.9411 -33.9411 2.4
      vertex -31.537 -31.537 2.4
    endloop
  endfacet
  facet normal 0 0 1
    outer loop
      vertex -36.7701 -30.8538 2.4
      vertex -34.1656 -28.6683 2.4
      vertex -36.5342 -25.5815 2.4
    endloop
  endfacet
  facet normal 0 0 1
    outer loop
      vertex -34.1656 -28.6683 2.4
      vertex -36.7701 -30.8538 2.4
      vertex -33.9411 -33.9411 2.4
    endloop
  endfacet
  facet normal 0 0 1
    outer loop
      vertex -39.3193 -27.5317 2.4
      vertex -36.5342 -25.5815 2.4
      vertex -38.6247 -22.3 2.4
    endloop
  endfacet
  facet normal 0 0 1
    outer loop
      vertex -36.5342 -25.5815 2.4
      vertex -39.3193 -27.5317 2.4
      vertex -36.7701 -30.8538 2.4
    endloop
  endfacet
  facet normal 0 0 1
    outer loop
      vertex -41.5692 -24 2.4
      vertex -38.6247 -22.3 2.4
      vertex -40.4213 -18.8488 2.4
    endloop
  endfacet
  facet normal 0 0 1
    outer loop
      vertex -38.6247 -22.3 2.4
      vertex -41.5692 -24 2.4
      vertex -39.3193 -27.5317 2.4
    endloop
  endfacet
  facet normal 0 0 1
    outer loop
      vertex -43.5028 -20.2857 2.4
      vertex -40.4213 -18.8488 2.4
      vertex -41.9103 -15.2541 2.4
    endloop
  endfacet
  facet normal 0 0 1
    outer loop
      vertex -45.1052 -16.417 2.4
      vertex -41.9103 -15.2541 2.4
      vertex -43.0803 -11.5433 2.4
    endloop
  endfacet
  facet normal 0 0 1
    outer loop
      vertex -40.4213 -18.8488 2.4
      vertex -43.5028 -20.2857 2.4
      vertex -41.5692 -24 2.4
    endloop
  endfacet
  facet normal 0 0 1
    outer loop
      vertex -46.3644 -12.4233 2.4
      vertex -43.0803 -11.5433 2.4
      vertex -43.9224 -7.74471 2.4
    endloop
  endfacet
  facet normal 0 0 1
    outer loop
      vertex -47.2708 -8.3351 2.4
      vertex -43.9224 -7.74471 2.4
      vertex -44.4303 -3.88715 2.4
    endloop
  endfacet
  facet normal 0 0 1
    outer loop
      vertex -44.5394 -3.57009 2.4
      vertex -44.4303 -3.88715 2.4
      vertex -44.4413 -3.63568 2.4
    endloop
  endfacet
  facet normal 0 0 1
    outer loop
      vertex -44.982 -3.18198 2.4
      vertex -44.4303 -3.88715 2.4
      vertex -44.5394 -3.57009 2.4
    endloop
  endfacet
  facet normal 0 0 1
    outer loop
      vertex -44.4303 -3.88715 2.4
      vertex -44.982 -3.18198 2.4
      vertex -47.8173 -4.18347 2.4
    endloop
  endfacet
  facet normal 0 0 1
    outer loop
      vertex -41.9103 -15.2541 2.4
      vertex -45.1052 -16.417 2.4
      vertex -43.5028 -20.2857 2.4
    endloop
  endfacet
  facet normal 0 0 1
    outer loop
      vertex -47.8173 -4.18347 2.4
      vertex -44.982 -3.18198 2.4
      vertex -45.3701 -2.73943 2.4
    endloop
  endfacet
  facet normal 0 0 1
    outer loop
      vertex -47.8173 -4.18347 2.4
      vertex -45.3701 -2.73943 2.4
      vertex -45.6971 -2.25 2.4
    endloop
  endfacet
  facet normal 0 0 1
    outer loop
      vertex -47.8173 -4.18347 2.4
      vertex -45.6971 -2.25 2.4
      vertex -45.9575 -1.72207 2.4
    endloop
  endfacet
  facet normal 0 0 1
    outer loop
      vertex -47.8173 -4.18347 2.4
      vertex -45.9575 -1.72207 2.4
      vertex -46.1467 -1.16469 2.4
    endloop
  endfacet
  facet normal 0 0 1
    outer loop
      vertex -48 0 2.4
      vertex -46.1467 -1.16469 2.4
      vertex -46.2615 -0.587367 2.4
    endloop
  endfacet
  facet normal 0 0 1
    outer loop
      vertex -43.0803 -11.5433 2.4
      vertex -46.3644 -12.4233 2.4
      vertex -45.1052 -16.417 2.4
    endloop
  endfacet
  facet normal -0 0 1
    outer loop
      vertex -48 0 2.4
      vertex -46.2615 -0.587367 2.4
      vertex -46.3 0 2.4
    endloop
  endfacet
  facet normal 0 0 1
    outer loop
      vertex -48 0 2.4
      vertex -46.1467 1.16469 2.4
      vertex -47.8173 4.18347 2.4
    endloop
  endfacet
  facet normal 0 0 1
    outer loop
      vertex -46.1467 1.16469 2.4
      vertex -48 0 2.4
      vertex -46.2615 0.587367 2.4
    endloop
  endfacet
  facet normal 0 0 1
    outer loop
      vertex -43.9224 -7.74471 2.4
      vertex -47.2708 -8.3351 2.4
      vertex -46.3644 -12.4233 2.4
    endloop
  endfacet
  facet normal 0 0 1
    outer loop
      vertex -46.2615 0.587367 2.4
      vertex -48 0 2.4
      vertex -46.3 0 2.4
    endloop
  endfacet
  facet normal 0 0 1
    outer loop
      vertex -44.4303 -3.88715 2.4
      vertex -47.8173 -4.18347 2.4
      vertex -47.2708 -8.3351 2.4
    endloop
  endfacet
  facet normal 0 0 1
    outer loop
      vertex -46.1467 -1.16469 2.4
      vertex -48 0 2.4
      vertex -47.8173 -4.18347 2.4
    endloop
  endfacet
  facet normal 0 0 1
    outer loop
      vertex 16.5533 37.3645 2.4
      vertex 13.4655 36.9962 2.4
      vertex 16.4385 36.7872 2.4
    endloop
  endfacet
  facet normal 0 0 1
    outer loop
      vertex 13.4655 36.9962 2.4
      vertex 16.5533 37.3645 2.4
      vertex 14.218 39.0636 2.4
    endloop
  endfacet
  facet normal 0 0 1
    outer loop
      vertex 16.7425 37.9219 2.4
      vertex 14.218 39.0636 2.4
      vertex 16.5533 37.3645 2.4
    endloop
  endfacet
  facet normal 0 0 1
    outer loop
      vertex 14.218 39.0636 2.4
      vertex 16.7425 37.9219 2.4
      vertex 16.7818 38.0016 2.4
    endloop
  endfacet
  facet normal 0 0 1
    outer loop
      vertex 29.4156 29.4156 2.4
      vertex 30.7473 27.9189 2.4
      vertex 30.7681 27.9397 2.4
    endloop
  endfacet
  facet normal 0 0 1
    outer loop
      vertex 29.1917 26.3632 2.4
      vertex 30.7473 27.9189 2.4
      vertex 29.4156 29.4156 2.4
    endloop
  endfacet
  facet normal 0 0 1
    outer loop
      vertex 30.7473 27.9189 2.4
      vertex 29.1917 26.3632 2.4
      vertex 30.1596 25.3069 2.4
    endloop
  endfacet
  facet normal -0 0 1
    outer loop
      vertex 27.9189 30.7473 2.4
      vertex 29.4156 29.4156 2.4
      vertex 27.9397 30.7681 2.4
    endloop
  endfacet
  facet normal 0 0 1
    outer loop
      vertex 26.3632 29.1917 2.4
      vertex 29.4156 29.4156 2.4
      vertex 27.9189 30.7473 2.4
    endloop
  endfacet
  facet normal 0 0 1
    outer loop
      vertex 26.3632 29.1917 2.4
      vertex 27.9189 30.7473 2.4
      vertex 26.7211 31.8449 2.4
    endloop
  endfacet
  facet normal 0 0 1
    outer loop
      vertex 29.4156 29.4156 2.4
      vertex 26.3632 29.1917 2.4
      vertex 29.1917 26.3632 2.4
    endloop
  endfacet
  facet normal 0 0 1
    outer loop
      vertex 26.3632 29.1917 2.4
      vertex 24.5081 21.6797 2.4
      vertex 29.1917 26.3632 2.4
    endloop
  endfacet
  facet normal -0 0 1
    outer loop
      vertex 21.6797 24.5081 2.4
      vertex 24.5081 21.6797 2.4
      vertex 26.3632 29.1917 2.4
    endloop
  endfacet
  facet normal 0 0 1
    outer loop
      vertex 24.5081 21.6797 2.4
      vertex 22.9525 20.1241 2.4
      vertex 23.4004 19.6353 2.4
    endloop
  endfacet
  facet normal 0 0 1
    outer loop
      vertex 24.5081 21.6797 2.4
      vertex 21.6797 24.5081 2.4
      vertex 22.9525 20.1241 2.4
    endloop
  endfacet
  facet normal 0 0 1
    outer loop
      vertex 20.1241 22.9525 2.4
      vertex 21.6797 24.5081 2.4
      vertex 21.0494 25.0857 2.4
    endloop
  endfacet
  facet normal 0 0 1
    outer loop
      vertex 21.6797 24.5081 2.4
      vertex 20.1241 22.9525 2.4
      vertex 22.9525 20.1241 2.4
    endloop
  endfacet
  facet normal 0 0 1
    outer loop
      vertex 20.1241 22.9525 2.4
      vertex 18.269 15.4405 2.4
      vertex 22.9525 20.1241 2.4
    endloop
  endfacet
  facet normal 0 0 1
    outer loop
      vertex 19.597 13.722 2.4
      vertex 16.7067 13.8783 2.4
      vertex 17.7949 12.4601 2.4
    endloop
  endfacet
  facet normal -0 0 1
    outer loop
      vertex 15.4405 18.269 2.4
      vertex 18.269 15.4405 2.4
      vertex 20.1241 22.9525 2.4
    endloop
  endfacet
  facet normal 0 0 1
    outer loop
      vertex 18.269 15.4405 2.4
      vertex 15.4405 18.269 2.4
      vertex 16.7067 13.8783 2.4
    endloop
  endfacet
  facet normal 0 0 1
    outer loop
      vertex 13.8783 16.7067 2.4
      vertex 15.4405 18.269 2.4
      vertex 15.3777 18.3265 2.4
    endloop
  endfacet
  facet normal 0 0 1
    outer loop
      vertex 15.4405 18.269 2.4
      vertex 13.8783 16.7067 2.4
      vertex 16.7067 13.8783 2.4
    endloop
  endfacet
  facet normal 0 0 1
    outer loop
      vertex 13.8783 16.7067 2.4
      vertex 11.2034 8.37502 2.4
      vertex 16.7067 13.8783 2.4
    endloop
  endfacet
  facet normal 0 0 1
    outer loop
      vertex 11.2034 8.37502 2.4
      vertex 8.37502 11.2034 2.4
      vertex 11.2034 -8.37502 2.4
    endloop
  endfacet
  facet normal -0 0 1
    outer loop
      vertex 8.37502 11.2034 2.4
      vertex 11.2034 8.37502 2.4
      vertex 13.8783 16.7067 2.4
    endloop
  endfacet
  facet normal -0 0 1
    outer loop
      vertex 32.6597 2 2.4
      vertex 39.2832 -2 2.4
      vertex 39.2832 2 2.4
    endloop
  endfacet
  facet normal 0 0 1
    outer loop
      vertex 32.6597 2 2.4
      vertex 32.6597 -2 2.4
      vertex 39.2832 -2 2.4
    endloop
  endfacet
  facet normal 0 0 1
    outer loop
      vertex 30.4597 2 2.4
      vertex 32.6597 2 2.4
      vertex 32.6224 2.85408 2.4
    endloop
  endfacet
  facet normal 0 0 1
    outer loop
      vertex 32.6597 2 2.4
      vertex 30.4597 2 2.4
      vertex 32.6597 -2 2.4
    endloop
  endfacet
  facet normal 0 0 1
    outer loop
      vertex 30.4308 2.66234 2.4
      vertex 32.6224 2.85408 2.4
      vertex 32.2495 5.68646 2.4
    endloop
  endfacet
  facet normal 0 0 1
    outer loop
      vertex 30.4597 -2 2.4
      vertex 32.6597 -2 2.4
      vertex 30.4597 2 2.4
    endloop
  endfacet
  facet normal 0 0 1
    outer loop
      vertex 30.083 5.30443 2.4
      vertex 32.2495 5.68646 2.4
      vertex 31.6312 8.47556 2.4
    endloop
  endfacet
  facet normal 0 0 1
    outer loop
      vertex 32.6597 -2 2.4
      vertex 30.4597 -2 2.4
      vertex 32.6224 -2.85408 2.4
    endloop
  endfacet
  facet normal 0 0 1
    outer loop
      vertex 29.5062 7.90616 2.4
      vertex 31.6312 8.47556 2.4
      vertex 30.7722 11.2001 2.4
    endloop
  endfacet
  facet normal -0 0 1
    outer loop
      vertex 30.4308 -2.66234 2.4
      vertex 32.6224 -2.85408 2.4
      vertex 30.4597 -2 2.4
    endloop
  endfacet
  facet normal 0 0 1
    outer loop
      vertex 32.6224 -2.85408 2.4
      vertex 30.4308 -2.66234 2.4
      vertex 32.2495 -5.68646 2.4
    endloop
  endfacet
  facet normal 0 0 1
    outer loop
      vertex 32.6224 2.85408 2.4
      vertex 30.4308 2.66234 2.4
      vertex 30.4597 2 2.4
    endloop
  endfacet
  facet normal 0 0 1
    outer loop
      vertex 32.2495 5.68646 2.4
      vertex 30.083 5.30443 2.4
      vertex 30.4308 2.66234 2.4
    endloop
  endfacet
  facet normal 0 0 1
    outer loop
      vertex 28.7048 10.4477 2.4
      vertex 30.7722 11.2001 2.4
      vertex 29.6789 13.8395 2.4
    endloop
  endfacet
  facet normal 0 0 1
    outer loop
      vertex 31.6312 8.47556 2.4
      vertex 29.5062 7.90616 2.4
      vertex 30.083 5.30443 2.4
    endloop
  endfacet
  facet normal 0 0 1
    outer loop
      vertex 30.7722 11.2001 2.4
      vertex 28.7048 10.4477 2.4
      vertex 29.5062 7.90616 2.4
    endloop
  endfacet
  facet normal 0 0 1
    outer loop
      vertex 27.685 12.9097 2.4
      vertex 29.6789 13.8395 2.4
      vertex 28.3598 16.3735 2.4
    endloop
  endfacet
  facet normal 0 0 1
    outer loop
      vertex 29.6789 13.8395 2.4
      vertex 27.685 12.9097 2.4
      vertex 28.7048 10.4477 2.4
    endloop
  endfacet
  facet normal 0 0 1
    outer loop
      vertex 26.4545 15.2735 2.4
      vertex 28.3598 16.3735 2.4
      vertex 26.8248 18.7829 2.4
    endloop
  endfacet
  facet normal 0 0 1
    outer loop
      vertex 28.3598 16.3735 2.4
      vertex 26.4545 15.2735 2.4
      vertex 27.685 12.9097 2.4
    endloop
  endfacet
  facet normal 0 0 1
    outer loop
      vertex 25.0227 17.5211 2.4
      vertex 26.8248 18.7829 2.4
      vertex 25.0857 21.0494 2.4
    endloop
  endfacet
  facet normal 0 0 1
    outer loop
      vertex 26.8248 18.7829 2.4
      vertex 25.0227 17.5211 2.4
      vertex 26.4545 15.2735 2.4
    endloop
  endfacet
  facet normal 0 0 1
    outer loop
      vertex 23.4004 19.6353 2.4
      vertex 25.0857 21.0494 2.4
      vertex 24.5081 21.6797 2.4
    endloop
  endfacet
  facet normal 0 0 1
    outer loop
      vertex 25.0857 21.0494 2.4
      vertex 23.4004 19.6353 2.4
      vertex 25.0227 17.5211 2.4
    endloop
  endfacet
  facet normal -0 0 1
    outer loop
      vertex 41.4833 2 2.4
      vertex 41.6 0 2.4
      vertex 41.5127 2 2.4
    endloop
  endfacet
  facet normal -0 0 1
    outer loop
      vertex 39.2832 2 2.4
      vertex 41.6 0 2.4
      vertex 41.4833 2 2.4
    endloop
  endfacet
  facet normal 0 0 1
    outer loop
      vertex 41.6 0 2.4
      vertex 41.4833 -2 2.4
      vertex 41.5127 -2 2.4
    endloop
  endfacet
  facet normal 0 0 1
    outer loop
      vertex 39.2832 2 2.4
      vertex 41.4833 2 2.4
      vertex 41.4124 3.62311 2.4
    endloop
  endfacet
  facet normal 0 0 1
    outer loop
      vertex 39.2832 -2 2.4
      vertex 41.6 0 2.4
      vertex 39.2832 2 2.4
    endloop
  endfacet
  facet normal 0 0 1
    outer loop
      vertex 39.2208 3.43137 2.4
      vertex 41.4124 3.62311 2.4
      vertex 40.939 7.21864 2.4
    endloop
  endfacet
  facet normal 0 0 1
    outer loop
      vertex 41.6 0 2.4
      vertex 39.2832 -2 2.4
      vertex 41.4833 -2 2.4
    endloop
  endfacet
  facet normal 0 0 1
    outer loop
      vertex 38.7724 6.83662 2.4
      vertex 40.939 7.21864 2.4
      vertex 40.1541 10.7592 2.4
    endloop
  endfacet
  facet normal 0 0 1
    outer loop
      vertex 41.4833 -2 2.4
      vertex 39.2832 -2 2.4
      vertex 41.4124 -3.62311 2.4
    endloop
  endfacet
  facet normal -0 0 1
    outer loop
      vertex 39.2208 -3.43137 2.4
      vertex 41.4124 -3.62311 2.4
      vertex 39.2832 -2 2.4
    endloop
  endfacet
  facet normal 0 0 1
    outer loop
      vertex 41.4124 3.62311 2.4
      vertex 39.2208 3.43137 2.4
      vertex 39.2832 2 2.4
    endloop
  endfacet
  facet normal 0 0 1
    outer loop
      vertex 38.0291 10.1898 2.4
      vertex 40.1541 10.7592 2.4
      vertex 39.0636 14.218 2.4
    endloop
  endfacet
  facet normal 0 0 1
    outer loop
      vertex 40.939 7.21864 2.4
      vertex 38.7724 6.83662 2.4
      vertex 39.2208 3.43137 2.4
    endloop
  endfacet
  facet normal 0 0 1
    outer loop
      vertex 40.1541 10.7592 2.4
      vertex 38.0291 10.1898 2.4
      vertex 38.7724 6.83662 2.4
    endloop
  endfacet
  facet normal 0 0 1
    outer loop
      vertex 36.9962 13.4655 2.4
      vertex 39.0636 14.218 2.4
      vertex 37.6757 17.5685 2.4
    endloop
  endfacet
  facet normal 0 0 1
    outer loop
      vertex 39.0636 14.218 2.4
      vertex 36.9962 13.4655 2.4
      vertex 38.0291 10.1898 2.4
    endloop
  endfacet
  facet normal 0 0 1
    outer loop
      vertex 35.6819 16.6387 2.4
      vertex 37.6757 17.5685 2.4
      vertex 36.0012 20.7853 2.4
    endloop
  endfacet
  facet normal 0 0 1
    outer loop
      vertex 37.6757 17.5685 2.4
      vertex 35.6819 16.6387 2.4
      vertex 36.9962 13.4655 2.4
    endloop
  endfacet
  facet normal 0 0 1
    outer loop
      vertex 36.0012 20.7853 2.4
      vertex 34.0959 19.6853 2.4
      vertex 35.6819 16.6387 2.4
    endloop
  endfacet
  facet normal 0 0 1
    outer loop
      vertex 34.0526 23.8439 2.4
      vertex 34.0959 19.6853 2.4
      vertex 36.0012 20.7853 2.4
    endloop
  endfacet
  facet normal 0 0 1
    outer loop
      vertex 34.0526 23.8439 2.4
      vertex 32.2505 22.582 2.4
      vertex 34.0959 19.6853 2.4
    endloop
  endfacet
  facet normal 0 0 1
    outer loop
      vertex 31.8449 26.7211 2.4
      vertex 32.2505 22.582 2.4
      vertex 34.0526 23.8439 2.4
    endloop
  endfacet
  facet normal 0 0 1
    outer loop
      vertex 30.1596 25.3069 2.4
      vertex 31.8449 26.7211 2.4
      vertex 30.7473 27.9189 2.4
    endloop
  endfacet
  facet normal 0 0 1
    outer loop
      vertex 31.8449 26.7211 2.4
      vertex 30.1596 25.3069 2.4
      vertex 32.2505 22.582 2.4
    endloop
  endfacet
  facet normal 0 0 1
    outer loop
      vertex 41.4124 -3.62311 2.4
      vertex 39.2208 -3.43137 2.4
      vertex 40.939 -7.21864 2.4
    endloop
  endfacet
  facet normal -0 0 1
    outer loop
      vertex 38.7724 -6.83662 2.4
      vertex 40.939 -7.21864 2.4
      vertex 39.2208 -3.43137 2.4
    endloop
  endfacet
  facet normal 0 0 1
    outer loop
      vertex 40.939 -7.21864 2.4
      vertex 38.7724 -6.83662 2.4
      vertex 40.1541 -10.7592 2.4
    endloop
  endfacet
  facet normal -0 0 1
    outer loop
      vertex 38.0291 -10.1898 2.4
      vertex 40.1541 -10.7592 2.4
      vertex 38.7724 -6.83662 2.4
    endloop
  endfacet
  facet normal 0 0 1
    outer loop
      vertex 40.1541 -10.7592 2.4
      vertex 38.0291 -10.1898 2.4
      vertex 39.0636 -14.218 2.4
    endloop
  endfacet
  facet normal -0 0 1
    outer loop
      vertex 36.9962 -13.4655 2.4
      vertex 39.0636 -14.218 2.4
      vertex 38.0291 -10.1898 2.4
    endloop
  endfacet
  facet normal 0 0 1
    outer loop
      vertex 39.0636 -14.218 2.4
      vertex 36.9962 -13.4655 2.4
      vertex 37.6757 -17.5685 2.4
    endloop
  endfacet
  facet normal -0 0 1
    outer loop
      vertex 35.6819 -16.6387 2.4
      vertex 37.6757 -17.5685 2.4
      vertex 36.9962 -13.4655 2.4
    endloop
  endfacet
  facet normal 0 0 1
    outer loop
      vertex 37.6757 -17.5685 2.4
      vertex 35.6819 -16.6387 2.4
      vertex 36.0012 -20.7853 2.4
    endloop
  endfacet
  facet normal -0 0 1
    outer loop
      vertex 34.0959 -19.6853 2.4
      vertex 36.0012 -20.7853 2.4
      vertex 35.6819 -16.6387 2.4
    endloop
  endfacet
  facet normal 0 0 1
    outer loop
      vertex 34.0959 -19.6853 2.4
      vertex 34.0526 -23.8439 2.4
      vertex 36.0012 -20.7853 2.4
    endloop
  endfacet
  facet normal -0 0 1
    outer loop
      vertex 32.2505 -22.582 2.4
      vertex 34.0526 -23.8439 2.4
      vertex 34.0959 -19.6853 2.4
    endloop
  endfacet
  facet normal 0 0 1
    outer loop
      vertex 32.2505 -22.582 2.4
      vertex 31.8449 -26.7211 2.4
      vertex 34.0526 -23.8439 2.4
    endloop
  endfacet
  facet normal -0 0 1
    outer loop
      vertex 30.1596 -25.3069 2.4
      vertex 31.8449 -26.7211 2.4
      vertex 32.2505 -22.582 2.4
    endloop
  endfacet
  facet normal 0 0 1
    outer loop
      vertex 31.8449 -26.7211 2.4
      vertex 30.1596 -25.3069 2.4
      vertex 30.7473 -27.9189 2.4
    endloop
  endfacet
  facet normal 0 0 1
    outer loop
      vertex 30.7473 -27.9189 2.4
      vertex 29.4156 -29.4156 2.4
      vertex 30.7681 -27.9397 2.4
    endloop
  endfacet
  facet normal -0 0 1
    outer loop
      vertex 29.1917 -26.3632 2.4
      vertex 30.7473 -27.9189 2.4
      vertex 30.1596 -25.3069 2.4
    endloop
  endfacet
  facet normal 0 0 1
    outer loop
      vertex 30.7473 -27.9189 2.4
      vertex 29.1917 -26.3632 2.4
      vertex 29.4156 -29.4156 2.4
    endloop
  endfacet
  facet normal -0 0 1
    outer loop
      vertex 26.3632 -29.1917 2.4
      vertex 29.4156 -29.4156 2.4
      vertex 29.1917 -26.3632 2.4
    endloop
  endfacet
  facet normal 0 0 1
    outer loop
      vertex 29.4156 -29.4156 2.4
      vertex 27.9189 -30.7473 2.4
      vertex 27.9397 -30.7681 2.4
    endloop
  endfacet
  facet normal 0 0 1
    outer loop
      vertex 29.4156 -29.4156 2.4
      vertex 26.3632 -29.1917 2.4
      vertex 27.9189 -30.7473 2.4
    endloop
  endfacet
  facet normal 0 0 1
    outer loop
      vertex 27.9189 -30.7473 2.4
      vertex 26.3632 -29.1917 2.4
      vertex 26.7211 -31.8449 2.4
    endloop
  endfacet
  facet normal 0 0 1
    outer loop
      vertex 24.5081 -21.6797 2.4
      vertex 26.3632 -29.1917 2.4
      vertex 29.1917 -26.3632 2.4
    endloop
  endfacet
  facet normal -0 0 1
    outer loop
      vertex 22.9525 -20.1241 2.4
      vertex 24.5081 -21.6797 2.4
      vertex 23.4004 -19.6353 2.4
    endloop
  endfacet
  facet normal 0 0 1
    outer loop
      vertex 21.6797 -24.5081 2.4
      vertex 24.5081 -21.6797 2.4
      vertex 22.9525 -20.1241 2.4
    endloop
  endfacet
  facet normal 0 0 1
    outer loop
      vertex 24.5081 -21.6797 2.4
      vertex 21.6797 -24.5081 2.4
      vertex 26.3632 -29.1917 2.4
    endloop
  endfacet
  facet normal -0 0 1
    outer loop
      vertex 20.1241 -22.9525 2.4
      vertex 21.6797 -24.5081 2.4
      vertex 22.9525 -20.1241 2.4
    endloop
  endfacet
  facet normal 0 0 1
    outer loop
      vertex 21.6797 -24.5081 2.4
      vertex 20.1241 -22.9525 2.4
      vertex 21.0494 -25.0857 2.4
    endloop
  endfacet
  facet normal 0 0 1
    outer loop
      vertex 18.269 -15.4405 2.4
      vertex 20.1241 -22.9525 2.4
      vertex 22.9525 -20.1241 2.4
    endloop
  endfacet
  facet normal 0 0 1
    outer loop
      vertex 18.3265 -15.3777 2.4
      vertex 16.7067 -13.8783 2.4
      vertex 18.269 -15.4405 2.4
    endloop
  endfacet
  facet normal 0 0 1
    outer loop
      vertex 15.4405 -18.269 2.4
      vertex 18.269 -15.4405 2.4
      vertex 16.7067 -13.8783 2.4
    endloop
  endfacet
  facet normal 0 0 1
    outer loop
      vertex 18.269 -15.4405 2.4
      vertex 15.4405 -18.269 2.4
      vertex 20.1241 -22.9525 2.4
    endloop
  endfacet
  facet normal -0 0 1
    outer loop
      vertex 13.8783 -16.7067 2.4
      vertex 15.4405 -18.269 2.4
      vertex 16.7067 -13.8783 2.4
    endloop
  endfacet
  facet normal 0 0 1
    outer loop
      vertex 15.4405 -18.269 2.4
      vertex 13.8783 -16.7067 2.4
      vertex 15.3777 -18.3265 2.4
    endloop
  endfacet
  facet normal 0 0 1
    outer loop
      vertex 11.2034 -8.37502 2.4
      vertex 13.8783 -16.7067 2.4
      vertex 16.7067 -13.8783 2.4
    endloop
  endfacet
  facet normal 0 0 1
    outer loop
      vertex 11.2034 -8.37502 2.4
      vertex 8.37502 -11.2034 2.4
      vertex 13.8783 -16.7067 2.4
    endloop
  endfacet
  facet normal 0 0 1
    outer loop
      vertex 8.37502 11.2034 2.4
      vertex 8.37502 -11.2034 2.4
      vertex 11.2034 -8.37502 2.4
    endloop
  endfacet
  facet normal 0 0 1
    outer loop
      vertex 7 12.1243 2.4
      vertex 8.37502 11.2034 2.4
      vertex 8.03006 11.4681 2.4
    endloop
  endfacet
  facet normal 0 0 1
    outer loop
      vertex 8.37502 11.2034 2.4
      vertex 7 12.1243 2.4
      vertex 8.37502 -11.2034 2.4
    endloop
  endfacet
  facet normal 0 0 1
    outer loop
      vertex 7 -12.1243 2.4
      vertex 8.37502 -11.2034 2.4
      vertex 7 12.1243 2.4
    endloop
  endfacet
  facet normal 0 0 1
    outer loop
      vertex 8.37502 -11.2034 2.4
      vertex 7 -12.1243 2.4
      vertex 8.03006 -11.4681 2.4
    endloop
  endfacet
  facet normal 0 0 1
    outer loop
      vertex 5.91664 12.6883 2.4
      vertex 7 -12.1243 2.4
      vertex 7 12.1243 2.4
    endloop
  endfacet
  facet normal 0 0 1
    outer loop
      vertex 5.91664 12.6883 2.4
      vertex 5.91664 -12.6883 2.4
      vertex 7 -12.1243 2.4
    endloop
  endfacet
  facet normal 0 0 1
    outer loop
      vertex 4.78827 13.1557 2.4
      vertex 5.91664 -12.6883 2.4
      vertex 5.91664 12.6883 2.4
    endloop
  endfacet
  facet normal 0 0 1
    outer loop
      vertex 4.78827 13.1557 2.4
      vertex 4.78827 -13.1557 2.4
      vertex 5.91664 -12.6883 2.4
    endloop
  endfacet
  facet normal 0 0 1
    outer loop
      vertex 3.62346 13.5229 2.4
      vertex 4.78827 -13.1557 2.4
      vertex 4.78827 13.1557 2.4
    endloop
  endfacet
  facet normal 0 0 1
    outer loop
      vertex 3.62346 13.5229 2.4
      vertex 3.62346 -13.5229 2.4
      vertex 4.78827 -13.1557 2.4
    endloop
  endfacet
  facet normal 0 0 1
    outer loop
      vertex 2 13.8441 2.4
      vertex 3.62346 13.5229 2.4
      vertex 2.43106 13.7873 2.4
    endloop
  endfacet
  facet normal 0 0 1
    outer loop
      vertex 3.62346 13.5229 2.4
      vertex 2 13.8441 2.4
      vertex 3.62346 -13.5229 2.4
    endloop
  endfacet
  facet normal 0 0 1
    outer loop
      vertex 2 -13.8441 2.4
      vertex 3.62346 -13.5229 2.4
      vertex 2 13.8441 2.4
    endloop
  endfacet
  facet normal 0 0 1
    outer loop
      vertex 3.62346 -13.5229 2.4
      vertex 2 -13.8441 2.4
      vertex 2.43106 -13.7873 2.4
    endloop
  endfacet
  facet normal 0 0 1
    outer loop
      vertex 16.4385 36.7872 2.4
      vertex 13.4655 36.9962 2.4
      vertex 16.4 36.1999 2.4
    endloop
  endfacet
  facet normal 0 0 1
    outer loop
      vertex 16.4 36.1999 2.4
      vertex 13.4655 36.9962 2.4
      vertex 16.4282 35.7691 2.4
    endloop
  endfacet
  facet normal 0 0 1
    outer loop
      vertex 10.7592 40.1541 2.4
      vertex 13.4655 36.9962 2.4
      vertex 14.218 39.0636 2.4
    endloop
  endfacet
  facet normal 0 0 1
    outer loop
      vertex 10.7592 40.1541 2.4
      vertex 10.1898 38.0291 2.4
      vertex 13.4655 36.9962 2.4
    endloop
  endfacet
  facet normal 0 0 1
    outer loop
      vertex 7.21864 40.939 2.4
      vertex 10.1898 38.0291 2.4
      vertex 10.7592 40.1541 2.4
    endloop
  endfacet
  facet normal 0 0 1
    outer loop
      vertex 7.21864 40.939 2.4
      vertex 6.83662 38.7724 2.4
      vertex 10.1898 38.0291 2.4
    endloop
  endfacet
  facet normal 0 0 1
    outer loop
      vertex 3.62311 41.4124 2.4
      vertex 6.83662 38.7724 2.4
      vertex 7.21864 40.939 2.4
    endloop
  endfacet
  facet normal 0 0 1
    outer loop
      vertex 3.62311 41.4124 2.4
      vertex 3.43137 39.2208 2.4
      vertex 6.83662 38.7724 2.4
    endloop
  endfacet
  facet normal 0 0 1
    outer loop
      vertex 2 41.4833 2.4
      vertex 3.43137 39.2208 2.4
      vertex 3.62311 41.4124 2.4
    endloop
  endfacet
  facet normal 0 0 1
    outer loop
      vertex 3.43137 39.2208 2.4
      vertex 2 41.4833 2.4
      vertex 2 39.2832 2.4
    endloop
  endfacet
  facet normal 0 0 1
    outer loop
      vertex -30.1596 -25.3069 2.4
      vertex -31.8449 -26.7211 2.4
      vertex -30.7473 -27.9189 2.4
    endloop
  endfacet
  facet normal 0 0 1
    outer loop
      vertex -32.2505 -22.582 2.4
      vertex -31.8449 -26.7211 2.4
      vertex -30.1596 -25.3069 2.4
    endloop
  endfacet
  facet normal 0 0 1
    outer loop
      vertex -32.2505 -22.582 2.4
      vertex -34.0526 -23.8439 2.4
      vertex -31.8449 -26.7211 2.4
    endloop
  endfacet
  facet normal 0 0 1
    outer loop
      vertex -34.0959 -19.6853 2.4
      vertex -34.0526 -23.8439 2.4
      vertex -32.2505 -22.582 2.4
    endloop
  endfacet
  facet normal 0 0 1
    outer loop
      vertex -36.0012 -20.7853 2.4
      vertex -34.0959 -19.6853 2.4
      vertex -35.6819 -16.6387 2.4
    endloop
  endfacet
  facet normal 0 0 1
    outer loop
      vertex -34.0959 -19.6853 2.4
      vertex -36.0012 -20.7853 2.4
      vertex -34.0526 -23.8439 2.4
    endloop
  endfacet
  facet normal 0 0 1
    outer loop
      vertex -37.6757 -17.5685 2.4
      vertex -35.6819 -16.6387 2.4
      vertex -36.9962 -13.4655 2.4
    endloop
  endfacet
  facet normal 0 0 1
    outer loop
      vertex -35.6819 -16.6387 2.4
      vertex -37.6757 -17.5685 2.4
      vertex -36.0012 -20.7853 2.4
    endloop
  endfacet
  facet normal 0 0 1
    outer loop
      vertex -39.0636 -14.218 2.4
      vertex -36.9962 -13.4655 2.4
      vertex -38.0291 -10.1898 2.4
    endloop
  endfacet
  facet normal 0 0 1
    outer loop
      vertex -40.1541 -10.7592 2.4
      vertex -38.0291 -10.1898 2.4
      vertex -38.7724 -6.83662 2.4
    endloop
  endfacet
  facet normal 0 0 1
    outer loop
      vertex -36.9962 -13.4655 2.4
      vertex -39.0636 -14.218 2.4
      vertex -37.6757 -17.5685 2.4
    endloop
  endfacet
  facet normal -0 0 1
    outer loop
      vertex -39.55 -3.89711 2.4
      vertex -38.7724 -6.83662 2.4
      vertex -39.191 -3.65725 2.4
    endloop
  endfacet
  facet normal -0 0 1
    outer loop
      vertex -40.0779 -4.15746 2.4
      vertex -38.7724 -6.83662 2.4
      vertex -39.55 -3.89711 2.4
    endloop
  endfacet
  facet normal -0 0 1
    outer loop
      vertex -40.6353 -4.34667 2.4
      vertex -38.7724 -6.83662 2.4
      vertex -40.0779 -4.15746 2.4
    endloop
  endfacet
  facet normal 0 0 1
    outer loop
      vertex -38.0291 -10.1898 2.4
      vertex -40.1541 -10.7592 2.4
      vertex -39.0636 -14.218 2.4
    endloop
  endfacet
  facet normal 0 0 1
    outer loop
      vertex -38.7724 -6.83662 2.4
      vertex -40.6353 -4.34667 2.4
      vertex -40.939 -7.21864 2.4
    endloop
  endfacet
  facet normal 0 0 1
    outer loop
      vertex -38.7724 -6.83662 2.4
      vertex -40.939 -7.21864 2.4
      vertex -40.1541 -10.7592 2.4
    endloop
  endfacet
  facet normal -0 0 1
    outer loop
      vertex -41.2126 -4.4615 2.4
      vertex -40.939 -7.21864 2.4
      vertex -40.6353 -4.34667 2.4
    endloop
  endfacet
  facet normal 0 0 1
    outer loop
      vertex -40.939 -7.21864 2.4
      vertex -41.2126 -4.4615 2.4
      vertex -41.3013 -4.46731 2.4
    endloop
  endfacet
  facet normal -0 0 1
    outer loop
      vertex -31.8449 26.7211 2.4
      vertex -30.1596 25.3069 2.4
      vertex -30.7473 27.9189 2.4
    endloop
  endfacet
  facet normal 0 0 1
    outer loop
      vertex -31.8449 26.7211 2.4
      vertex -32.2505 22.582 2.4
      vertex -30.1596 25.3069 2.4
    endloop
  endfacet
  facet normal -0 0 1
    outer loop
      vertex -34.0526 23.8439 2.4
      vertex -32.2505 22.582 2.4
      vertex -31.8449 26.7211 2.4
    endloop
  endfacet
  facet normal 0 0 1
    outer loop
      vertex -34.0526 23.8439 2.4
      vertex -34.0959 19.6853 2.4
      vertex -32.2505 22.582 2.4
    endloop
  endfacet
  facet normal -0 0 1
    outer loop
      vertex -36.0012 20.7853 2.4
      vertex -34.0959 19.6853 2.4
      vertex -34.0526 23.8439 2.4
    endloop
  endfacet
  facet normal 0 0 1
    outer loop
      vertex -34.0959 19.6853 2.4
      vertex -36.0012 20.7853 2.4
      vertex -35.6819 16.6387 2.4
    endloop
  endfacet
  facet normal -0 0 1
    outer loop
      vertex -37.6757 17.5685 2.4
      vertex -35.6819 16.6387 2.4
      vertex -36.0012 20.7853 2.4
    endloop
  endfacet
  facet normal 0 0 1
    outer loop
      vertex -35.6819 16.6387 2.4
      vertex -37.6757 17.5685 2.4
      vertex -36.9962 13.4655 2.4
    endloop
  endfacet
  facet normal -0 0 1
    outer loop
      vertex -39.0636 14.218 2.4
      vertex -36.9962 13.4655 2.4
      vertex -37.6757 17.5685 2.4
    endloop
  endfacet
  facet normal 0 0 1
    outer loop
      vertex -36.9962 13.4655 2.4
      vertex -39.0636 14.218 2.4
      vertex -38.0291 10.1898 2.4
    endloop
  endfacet
  facet normal -0 0 1
    outer loop
      vertex -40.1541 10.7592 2.4
      vertex -38.0291 10.1898 2.4
      vertex -39.0636 14.218 2.4
    endloop
  endfacet
  facet normal 0 0 1
    outer loop
      vertex -38.0291 10.1898 2.4
      vertex -40.1541 10.7592 2.4
      vertex -38.7724 6.83662 2.4
    endloop
  endfacet
  facet normal -0 0 1
    outer loop
      vertex -40.939 7.21864 2.4
      vertex -38.7724 6.83662 2.4
      vertex -40.1541 10.7592 2.4
    endloop
  endfacet
  facet normal 0 -0 1
    outer loop
      vertex -40.6353 4.34667 2.4
      vertex -38.7724 6.83662 2.4
      vertex -40.939 7.21864 2.4
    endloop
  endfacet
  facet normal 0 0 1
    outer loop
      vertex -38.7724 6.83662 2.4
      vertex -39.55 3.89711 2.4
      vertex -39.191 3.65725 2.4
    endloop
  endfacet
  facet normal 0 0 1
    outer loop
      vertex -38.7724 6.83662 2.4
      vertex -40.0779 4.15746 2.4
      vertex -39.55 3.89711 2.4
    endloop
  endfacet
  facet normal 0 0 1
    outer loop
      vertex -38.7724 6.83662 2.4
      vertex -40.6353 4.34667 2.4
      vertex -40.0779 4.15746 2.4
    endloop
  endfacet
  facet normal 0 0 1
    outer loop
      vertex -40.939 7.21864 2.4
      vertex -41.2126 4.4615 2.4
      vertex -40.6353 4.34667 2.4
    endloop
  endfacet
  facet normal 0 -0 1
    outer loop
      vertex -41.2126 4.4615 2.4
      vertex -40.939 7.21864 2.4
      vertex -41.3013 4.46731 2.4
    endloop
  endfacet
  facet normal -0 0 1
    outer loop
      vertex -37.3385 -0.587367 2.4
      vertex -32.6597 -2 2.4
      vertex -37.3 0 2.4
    endloop
  endfacet
  facet normal -0 0 1
    outer loop
      vertex -37.4533 -1.16469 2.4
      vertex -32.6597 -2 2.4
      vertex -37.3385 -0.587367 2.4
    endloop
  endfacet
  facet normal -0 0 1
    outer loop
      vertex -37.6425 -1.72207 2.4
      vertex -32.6597 -2 2.4
      vertex -37.4533 -1.16469 2.4
    endloop
  endfacet
  facet normal 0 0 1
    outer loop
      vertex -32.6597 -2 2.4
      vertex -37.6425 -1.72207 2.4
      vertex -37.7796 -2 2.4
    endloop
  endfacet
  facet normal 0 0 1
    outer loop
      vertex -25.0857 -21.0494 2.4
      vertex -23.4004 -19.6353 2.4
      vertex -25.0227 -17.5211 2.4
    endloop
  endfacet
  facet normal 0 0 1
    outer loop
      vertex -23.4004 -19.6353 2.4
      vertex -25.0857 -21.0494 2.4
      vertex -24.5081 -21.6797 2.4
    endloop
  endfacet
  facet normal 0 0 1
    outer loop
      vertex -26.8248 -18.7829 2.4
      vertex -25.0227 -17.5211 2.4
      vertex -26.4545 -15.2735 2.4
    endloop
  endfacet
  facet normal 0 0 1
    outer loop
      vertex -25.0227 -17.5211 2.4
      vertex -26.8248 -18.7829 2.4
      vertex -25.0857 -21.0494 2.4
    endloop
  endfacet
  facet normal 0 0 1
    outer loop
      vertex -28.3598 -16.3735 2.4
      vertex -26.4545 -15.2735 2.4
      vertex -27.685 -12.9097 2.4
    endloop
  endfacet
  facet normal 0 0 1
    outer loop
      vertex -26.4545 -15.2735 2.4
      vertex -28.3598 -16.3735 2.4
      vertex -26.8248 -18.7829 2.4
    endloop
  endfacet
  facet normal 0 0 1
    outer loop
      vertex -29.6789 -13.8395 2.4
      vertex -27.685 -12.9097 2.4
      vertex -28.7048 -10.4477 2.4
    endloop
  endfacet
  facet normal 0 0 1
    outer loop
      vertex -30.7722 -11.2001 2.4
      vertex -28.7048 -10.4477 2.4
      vertex -29.5062 -7.90616 2.4
    endloop
  endfacet
  facet normal 0 0 1
    outer loop
      vertex -27.685 -12.9097 2.4
      vertex -29.6789 -13.8395 2.4
      vertex -28.3598 -16.3735 2.4
    endloop
  endfacet
  facet normal 0 0 1
    outer loop
      vertex -31.6312 -8.47556 2.4
      vertex -29.5062 -7.90616 2.4
      vertex -30.083 -5.30443 2.4
    endloop
  endfacet
  facet normal 0 0 1
    outer loop
      vertex -32.2495 -5.68646 2.4
      vertex -30.083 -5.30443 2.4
      vertex -30.4308 -2.66234 2.4
    endloop
  endfacet
  facet normal 0 0 1
    outer loop
      vertex -28.7048 -10.4477 2.4
      vertex -30.7722 -11.2001 2.4
      vertex -29.6789 -13.8395 2.4
    endloop
  endfacet
  facet normal 0 0 1
    outer loop
      vertex -32.6224 -2.85408 2.4
      vertex -30.4308 -2.66234 2.4
      vertex -30.4597 -2 2.4
    endloop
  endfacet
  facet normal -0 0 1
    outer loop
      vertex -32.6224 2.85408 2.4
      vertex -30.4308 2.66234 2.4
      vertex -32.2495 5.68646 2.4
    endloop
  endfacet
  facet normal 0 0 1
    outer loop
      vertex -30.4308 2.66234 2.4
      vertex -32.6224 2.85408 2.4
      vertex -30.4597 2 2.4
    endloop
  endfacet
  facet normal 0 0 1
    outer loop
      vertex -29.5062 -7.90616 2.4
      vertex -31.6312 -8.47556 2.4
      vertex -30.7722 -11.2001 2.4
    endloop
  endfacet
  facet normal 0 0 1
    outer loop
      vertex -32.6597 2 2.4
      vertex -30.4597 2 2.4
      vertex -32.6224 2.85408 2.4
    endloop
  endfacet
  facet normal 0 0 1
    outer loop
      vertex -32.6597 -2 2.4
      vertex -30.4597 -2 2.4
      vertex -32.6597 2 2.4
    endloop
  endfacet
  facet normal 0 0 1
    outer loop
      vertex -30.4597 2 2.4
      vertex -32.6597 2 2.4
      vertex -30.4597 -2 2.4
    endloop
  endfacet
  facet normal 0 0 1
    outer loop
      vertex -30.083 -5.30443 2.4
      vertex -32.2495 -5.68646 2.4
      vertex -31.6312 -8.47556 2.4
    endloop
  endfacet
  facet normal 0 -0 1
    outer loop
      vertex -32.6224 -2.85408 2.4
      vertex -30.4597 -2 2.4
      vertex -32.6597 -2 2.4
    endloop
  endfacet
  facet normal 0 0 1
    outer loop
      vertex -30.4308 -2.66234 2.4
      vertex -32.6224 -2.85408 2.4
      vertex -32.2495 -5.68646 2.4
    endloop
  endfacet
  facet normal 0 0 1
    outer loop
      vertex -32.6597 2 2.4
      vertex -37.3 0 2.4
      vertex -32.6597 -2 2.4
    endloop
  endfacet
  facet normal 0 0 1
    outer loop
      vertex -32.6597 2 2.4
      vertex -37.3385 0.587367 2.4
      vertex -37.3 0 2.4
    endloop
  endfacet
  facet normal 0 0 1
    outer loop
      vertex -32.6597 2 2.4
      vertex -37.4533 1.16469 2.4
      vertex -37.3385 0.587367 2.4
    endloop
  endfacet
  facet normal 0 0 1
    outer loop
      vertex -32.6597 2 2.4
      vertex -37.6425 1.72207 2.4
      vertex -37.4533 1.16469 2.4
    endloop
  endfacet
  facet normal 0 -0 1
    outer loop
      vertex -37.6425 1.72207 2.4
      vertex -32.6597 2 2.4
      vertex -37.7796 2 2.4
    endloop
  endfacet
  facet normal -0 0 1
    outer loop
      vertex -25.0857 21.0494 2.4
      vertex -23.4004 19.6353 2.4
      vertex -24.5081 21.6797 2.4
    endloop
  endfacet
  facet normal 0 0 1
    outer loop
      vertex -23.4004 19.6353 2.4
      vertex -25.0857 21.0494 2.4
      vertex -25.0227 17.5211 2.4
    endloop
  endfacet
  facet normal -0 0 1
    outer loop
      vertex -26.8248 18.7829 2.4
      vertex -25.0227 17.5211 2.4
      vertex -25.0857 21.0494 2.4
    endloop
  endfacet
  facet normal 0 0 1
    outer loop
      vertex -25.0227 17.5211 2.4
      vertex -26.8248 18.7829 2.4
      vertex -26.4545 15.2735 2.4
    endloop
  endfacet
  facet normal -0 0 1
    outer loop
      vertex -28.3598 16.3735 2.4
      vertex -26.4545 15.2735 2.4
      vertex -26.8248 18.7829 2.4
    endloop
  endfacet
  facet normal 0 0 1
    outer loop
      vertex -26.4545 15.2735 2.4
      vertex -28.3598 16.3735 2.4
      vertex -27.685 12.9097 2.4
    endloop
  endfacet
  facet normal -0 0 1
    outer loop
      vertex -29.6789 13.8395 2.4
      vertex -27.685 12.9097 2.4
      vertex -28.3598 16.3735 2.4
    endloop
  endfacet
  facet normal 0 0 1
    outer loop
      vertex -27.685 12.9097 2.4
      vertex -29.6789 13.8395 2.4
      vertex -28.7048 10.4477 2.4
    endloop
  endfacet
  facet normal -0 0 1
    outer loop
      vertex -30.7722 11.2001 2.4
      vertex -28.7048 10.4477 2.4
      vertex -29.6789 13.8395 2.4
    endloop
  endfacet
  facet normal 0 0 1
    outer loop
      vertex -28.7048 10.4477 2.4
      vertex -30.7722 11.2001 2.4
      vertex -29.5062 7.90616 2.4
    endloop
  endfacet
  facet normal -0 0 1
    outer loop
      vertex -31.6312 8.47556 2.4
      vertex -29.5062 7.90616 2.4
      vertex -30.7722 11.2001 2.4
    endloop
  endfacet
  facet normal 0 0 1
    outer loop
      vertex -30.083 5.30443 2.4
      vertex -32.2495 5.68646 2.4
      vertex -30.4308 2.66234 2.4
    endloop
  endfacet
  facet normal -0 0 1
    outer loop
      vertex -32.2495 5.68646 2.4
      vertex -30.083 5.30443 2.4
      vertex -31.6312 8.47556 2.4
    endloop
  endfacet
  facet normal 0 0 1
    outer loop
      vertex -29.5062 7.90616 2.4
      vertex -31.6312 8.47556 2.4
      vertex -30.083 5.30443 2.4
    endloop
  endfacet
  facet normal 0 0 1
    outer loop
      vertex -16.7067 -13.8783 2.4
      vertex -18.3265 -15.3777 2.4
      vertex -18.269 -15.4405 2.4
    endloop
  endfacet
  facet normal 0 0 1
    outer loop
      vertex -19.597 -13.722 2.4
      vertex -17.7949 -12.4601 2.4
      vertex -18.8131 -10.8618 2.4
    endloop
  endfacet
  facet normal 0 0 1
    outer loop
      vertex -16.7067 -13.8783 2.4
      vertex -19.597 -13.722 2.4
      vertex -18.3265 -15.3777 2.4
    endloop
  endfacet
  facet normal 0 0 1
    outer loop
      vertex -20.7184 -11.9618 2.4
      vertex -18.8131 -10.8618 2.4
      vertex -19.6882 -9.18076 2.4
    endloop
  endfacet
  facet normal 0 0 1
    outer loop
      vertex -21.6821 -10.1105 2.4
      vertex -19.6882 -9.18076 2.4
      vertex -20.4134 -7.42987 2.4
    endloop
  endfacet
  facet normal 0 0 1
    outer loop
      vertex -18.8131 -10.8618 2.4
      vertex -20.7184 -11.9618 2.4
      vertex -19.597 -13.722 2.4
    endloop
  endfacet
  facet normal 0 0 1
    outer loop
      vertex -22.4808 -8.18233 2.4
      vertex -20.4134 -7.42987 2.4
      vertex -20.9833 -5.62245 2.4
    endloop
  endfacet
  facet normal 0 0 1
    outer loop
      vertex -23.1084 -6.19186 2.4
      vertex -20.9833 -5.62245 2.4
      vertex -21.3935 -3.77225 2.4
    endloop
  endfacet
  facet normal 0 0 1
    outer loop
      vertex -23.5601 -4.15427 2.4
      vertex -21.3935 -3.77225 2.4
      vertex -21.6268 -2 2.4
    endloop
  endfacet
  facet normal 0 0 1
    outer loop
      vertex -19.6882 -9.18076 2.4
      vertex -21.6821 -10.1105 2.4
      vertex -20.7184 -11.9618 2.4
    endloop
  endfacet
  facet normal -0 0 1
    outer loop
      vertex -23.5601 4.15427 2.4
      vertex -21.3935 3.77225 2.4
      vertex -23.1084 6.19186 2.4
    endloop
  endfacet
  facet normal 0 0 1
    outer loop
      vertex -21.3935 3.77225 2.4
      vertex -23.5601 4.15427 2.4
      vertex -21.6268 2 2.4
    endloop
  endfacet
  facet normal 0 0 1
    outer loop
      vertex -20.4134 -7.42987 2.4
      vertex -22.4808 -8.18233 2.4
      vertex -21.6821 -10.1105 2.4
    endloop
  endfacet
  facet normal -0 0 1
    outer loop
      vertex -23.8325 2.08507 2.4
      vertex -21.6268 2 2.4
      vertex -23.5601 4.15427 2.4
    endloop
  endfacet
  facet normal 0 0 1
    outer loop
      vertex -20.9833 -5.62245 2.4
      vertex -23.1084 -6.19186 2.4
      vertex -22.4808 -8.18233 2.4
    endloop
  endfacet
  facet normal 0 0 1
    outer loop
      vertex -23.8362 2 2.4
      vertex -21.6268 2 2.4
      vertex -23.8325 2.08507 2.4
    endloop
  endfacet
  facet normal 0 0 1
    outer loop
      vertex -21.3935 -3.77225 2.4
      vertex -23.5601 -4.15427 2.4
      vertex -23.1084 -6.19186 2.4
    endloop
  endfacet
  facet normal 0 0 1
    outer loop
      vertex -21.6268 2 2.4
      vertex -23.8362 2 2.4
      vertex -21.6268 -2 2.4
    endloop
  endfacet
  facet normal 0 0 1
    outer loop
      vertex -23.8362 -2 2.4
      vertex -21.6268 -2 2.4
      vertex -23.8362 2 2.4
    endloop
  endfacet
  facet normal 0 -0 1
    outer loop
      vertex -23.8325 -2.08507 2.4
      vertex -21.6268 -2 2.4
      vertex -23.8362 -2 2.4
    endloop
  endfacet
  facet normal 0 0 1
    outer loop
      vertex -21.6268 -2 2.4
      vertex -23.8325 -2.08507 2.4
      vertex -23.5601 -4.15427 2.4
    endloop
  endfacet
  facet normal -0 0 1
    outer loop
      vertex -30.4597 2 2.4
      vertex -23.8362 -2 2.4
      vertex -23.8362 2 2.4
    endloop
  endfacet
  facet normal 0 0 1
    outer loop
      vertex -23.8362 -2 2.4
      vertex -30.4597 2 2.4
      vertex -30.4597 -2 2.4
    endloop
  endfacet
  facet normal 0 0 1
    outer loop
      vertex -19.597 13.722 2.4
      vertex -16.7067 13.8783 2.4
      vertex -18.3265 15.3777 2.4
    endloop
  endfacet
  facet normal 0 0 1
    outer loop
      vertex -16.7067 13.8783 2.4
      vertex -19.597 13.722 2.4
      vertex -17.7949 12.4601 2.4
    endloop
  endfacet
  facet normal 0 0 1
    outer loop
      vertex -17.7949 12.4601 2.4
      vertex -19.597 13.722 2.4
      vertex -18.8131 10.8618 2.4
    endloop
  endfacet
  facet normal -0 0 1
    outer loop
      vertex -20.7184 11.9618 2.4
      vertex -18.8131 10.8618 2.4
      vertex -19.597 13.722 2.4
    endloop
  endfacet
  facet normal 0 0 1
    outer loop
      vertex -18.8131 10.8618 2.4
      vertex -20.7184 11.9618 2.4
      vertex -19.6882 9.18076 2.4
    endloop
  endfacet
  facet normal -0 0 1
    outer loop
      vertex -21.6821 10.1105 2.4
      vertex -19.6882 9.18076 2.4
      vertex -20.7184 11.9618 2.4
    endloop
  endfacet
  facet normal 0 0 1
    outer loop
      vertex -19.6882 9.18076 2.4
      vertex -21.6821 10.1105 2.4
      vertex -20.4134 7.42987 2.4
    endloop
  endfacet
  facet normal -0 0 1
    outer loop
      vertex -22.4808 8.18233 2.4
      vertex -20.4134 7.42987 2.4
      vertex -21.6821 10.1105 2.4
    endloop
  endfacet
  facet normal 0 0 1
    outer loop
      vertex -20.4134 7.42987 2.4
      vertex -22.4808 8.18233 2.4
      vertex -20.9833 5.62245 2.4
    endloop
  endfacet
  facet normal 0 0 1
    outer loop
      vertex -20.9833 5.62245 2.4
      vertex -23.1084 6.19186 2.4
      vertex -21.3935 3.77225 2.4
    endloop
  endfacet
  facet normal -0 0 1
    outer loop
      vertex -23.1084 6.19186 2.4
      vertex -20.9833 5.62245 2.4
      vertex -22.4808 8.18233 2.4
    endloop
  endfacet
  facet normal 0 0 1
    outer loop
      vertex -12.1243 7 2.4
      vertex -11.2034 8.37502 2.4
      vertex -11.4681 8.03006 2.4
    endloop
  endfacet
  facet normal 0 0 1
    outer loop
      vertex -11.2034 8.37502 2.4
      vertex -12.1243 7 2.4
      vertex -11.2034 -8.37502 2.4
    endloop
  endfacet
  facet normal -0 0 1
    outer loop
      vertex -12.1243 -7 2.4
      vertex -11.2034 -8.37502 2.4
      vertex -12.1243 7 2.4
    endloop
  endfacet
  facet normal 0 0 1
    outer loop
      vertex -11.2034 -8.37502 2.4
      vertex -12.1243 -7 2.4
      vertex -11.4681 -8.03006 2.4
    endloop
  endfacet
  facet normal -0 0 1
    outer loop
      vertex -12.6883 5.91664 2.4
      vertex -12.1243 -7 2.4
      vertex -12.1243 7 2.4
    endloop
  endfacet
  facet normal 0 0 1
    outer loop
      vertex -12.6883 5.91664 2.4
      vertex -12.6883 -5.91664 2.4
      vertex -12.1243 -7 2.4
    endloop
  endfacet
  facet normal -0 0 1
    outer loop
      vertex -13.1557 4.78827 2.4
      vertex -12.6883 -5.91664 2.4
      vertex -12.6883 5.91664 2.4
    endloop
  endfacet
  facet normal 0 0 1
    outer loop
      vertex -13.1557 4.78827 2.4
      vertex -13.1557 -4.78827 2.4
      vertex -12.6883 -5.91664 2.4
    endloop
  endfacet
  facet normal -0 0 1
    outer loop
      vertex -13.5229 3.62346 2.4
      vertex -13.1557 -4.78827 2.4
      vertex -13.1557 4.78827 2.4
    endloop
  endfacet
  facet normal 0 0 1
    outer loop
      vertex -13.5229 3.62346 2.4
      vertex -13.5229 -3.62346 2.4
      vertex -13.1557 -4.78827 2.4
    endloop
  endfacet
  facet normal 0 0 1
    outer loop
      vertex -13.8441 2 2.4
      vertex -13.5229 3.62346 2.4
      vertex -13.7873 2.43106 2.4
    endloop
  endfacet
  facet normal 0 0 1
    outer loop
      vertex -13.5229 3.62346 2.4
      vertex -13.8441 2 2.4
      vertex -13.5229 -3.62346 2.4
    endloop
  endfacet
  facet normal -0 0 1
    outer loop
      vertex -13.8441 -2 2.4
      vertex -13.5229 -3.62346 2.4
      vertex -13.8441 2 2.4
    endloop
  endfacet
  facet normal 0 0 1
    outer loop
      vertex -13.5229 -3.62346 2.4
      vertex -13.8441 -2 2.4
      vertex -13.7873 -2.43106 2.4
    endloop
  endfacet
  facet normal -0 0 1
    outer loop
      vertex -21.6268 2 2.4
      vertex -13.8441 -2 2.4
      vertex -13.8441 2 2.4
    endloop
  endfacet
  facet normal 0 0 1
    outer loop
      vertex -13.8441 -2 2.4
      vertex -21.6268 2 2.4
      vertex -21.6268 -2 2.4
    endloop
  endfacet
  facet normal 0 0 1
    outer loop
      vertex -3.43137 -39.2208 2.4
      vertex -2 -41.4833 2.4
      vertex -2 -39.2832 2.4
    endloop
  endfacet
  facet normal 0 0 1
    outer loop
      vertex -3.43137 -39.2208 2.4
      vertex -3.62311 -41.4124 2.4
      vertex -2 -41.4833 2.4
    endloop
  endfacet
  facet normal 0 0 1
    outer loop
      vertex -6.83662 -38.7724 2.4
      vertex -3.62311 -41.4124 2.4
      vertex -3.43137 -39.2208 2.4
    endloop
  endfacet
  facet normal 0 0 1
    outer loop
      vertex -6.83662 -38.7724 2.4
      vertex -7.21864 -40.939 2.4
      vertex -3.62311 -41.4124 2.4
    endloop
  endfacet
  facet normal 0 0 1
    outer loop
      vertex -10.1898 -38.0291 2.4
      vertex -7.21864 -40.939 2.4
      vertex -6.83662 -38.7724 2.4
    endloop
  endfacet
  facet normal 0 0 1
    outer loop
      vertex -10.1898 -38.0291 2.4
      vertex -10.7592 -40.1541 2.4
      vertex -7.21864 -40.939 2.4
    endloop
  endfacet
  facet normal 0 0 1
    outer loop
      vertex -13.4655 -36.9962 2.4
      vertex -10.7592 -40.1541 2.4
      vertex -10.1898 -38.0291 2.4
    endloop
  endfacet
  facet normal 0 0 1
    outer loop
      vertex -13.4655 -36.9962 2.4
      vertex -14.218 -39.0636 2.4
      vertex -10.7592 -40.1541 2.4
    endloop
  endfacet
  facet normal 0 0 1
    outer loop
      vertex -16.6387 -35.6819 2.4
      vertex -14.218 -39.0636 2.4
      vertex -13.4655 -36.9962 2.4
    endloop
  endfacet
  facet normal 0 0 1
    outer loop
      vertex -16.6387 -35.6819 2.4
      vertex -17.5685 -37.6757 2.4
      vertex -14.218 -39.0636 2.4
    endloop
  endfacet
  facet normal 0 0 1
    outer loop
      vertex -19.6853 -34.0959 2.4
      vertex -17.5685 -37.6757 2.4
      vertex -16.6387 -35.6819 2.4
    endloop
  endfacet
  facet normal 0 0 1
    outer loop
      vertex -19.6853 -34.0959 2.4
      vertex -20.7853 -36.0012 2.4
      vertex -17.5685 -37.6757 2.4
    endloop
  endfacet
  facet normal 0 0 1
    outer loop
      vertex -22.582 -32.2505 2.4
      vertex -20.7853 -36.0012 2.4
      vertex -19.6853 -34.0959 2.4
    endloop
  endfacet
  facet normal 0 0 1
    outer loop
      vertex -22.582 -32.2505 2.4
      vertex -23.8439 -34.0526 2.4
      vertex -20.7853 -36.0012 2.4
    endloop
  endfacet
  facet normal 0 0 1
    outer loop
      vertex -25.3069 -30.1596 2.4
      vertex -23.8439 -34.0526 2.4
      vertex -22.582 -32.2505 2.4
    endloop
  endfacet
  facet normal 0 0 1
    outer loop
      vertex -26.7211 -31.8449 2.4
      vertex -25.3069 -30.1596 2.4
      vertex -26.3632 -29.1917 2.4
    endloop
  endfacet
  facet normal 0 0 1
    outer loop
      vertex -25.3069 -30.1596 2.4
      vertex -26.7211 -31.8449 2.4
      vertex -23.8439 -34.0526 2.4
    endloop
  endfacet
  facet normal 0 0 1
    outer loop
      vertex -2.66234 -30.4308 2.4
      vertex -2 -32.6597 2.4
      vertex -2 -30.4597 2.4
    endloop
  endfacet
  facet normal 0 0 1
    outer loop
      vertex -2.66234 -30.4308 2.4
      vertex -2.85408 -32.6224 2.4
      vertex -2 -32.6597 2.4
    endloop
  endfacet
  facet normal 0 0 1
    outer loop
      vertex -5.30443 -30.083 2.4
      vertex -2.85408 -32.6224 2.4
      vertex -2.66234 -30.4308 2.4
    endloop
  endfacet
  facet normal 0 0 1
    outer loop
      vertex -5.30443 -30.083 2.4
      vertex -5.68646 -32.2495 2.4
      vertex -2.85408 -32.6224 2.4
    endloop
  endfacet
  facet normal 0 0 1
    outer loop
      vertex -7.90616 -29.5062 2.4
      vertex -5.68646 -32.2495 2.4
      vertex -5.30443 -30.083 2.4
    endloop
  endfacet
  facet normal 0 0 1
    outer loop
      vertex -7.90616 -29.5062 2.4
      vertex -8.47556 -31.6312 2.4
      vertex -5.68646 -32.2495 2.4
    endloop
  endfacet
  facet normal 0 0 1
    outer loop
      vertex -10.4477 -28.7048 2.4
      vertex -8.47556 -31.6312 2.4
      vertex -7.90616 -29.5062 2.4
    endloop
  endfacet
  facet normal 0 0 1
    outer loop
      vertex -10.4477 -28.7048 2.4
      vertex -11.2001 -30.7722 2.4
      vertex -8.47556 -31.6312 2.4
    endloop
  endfacet
  facet normal 0 0 1
    outer loop
      vertex -12.9097 -27.685 2.4
      vertex -11.2001 -30.7722 2.4
      vertex -10.4477 -28.7048 2.4
    endloop
  endfacet
  facet normal 0 0 1
    outer loop
      vertex -12.9097 -27.685 2.4
      vertex -13.8395 -29.6789 2.4
      vertex -11.2001 -30.7722 2.4
    endloop
  endfacet
  facet normal 0 0 1
    outer loop
      vertex -15.2735 -26.4545 2.4
      vertex -13.8395 -29.6789 2.4
      vertex -12.9097 -27.685 2.4
    endloop
  endfacet
  facet normal 0 0 1
    outer loop
      vertex -15.2735 -26.4545 2.4
      vertex -16.3735 -28.3598 2.4
      vertex -13.8395 -29.6789 2.4
    endloop
  endfacet
  facet normal 0 0 1
    outer loop
      vertex -17.5211 -25.0227 2.4
      vertex -16.3735 -28.3598 2.4
      vertex -15.2735 -26.4545 2.4
    endloop
  endfacet
  facet normal 0 0 1
    outer loop
      vertex -17.5211 -25.0227 2.4
      vertex -18.7829 -26.8248 2.4
      vertex -16.3735 -28.3598 2.4
    endloop
  endfacet
  facet normal 0 0 1
    outer loop
      vertex -19.6353 -23.4004 2.4
      vertex -18.7829 -26.8248 2.4
      vertex -17.5211 -25.0227 2.4
    endloop
  endfacet
  facet normal 0 0 1
    outer loop
      vertex -21.0494 -25.0857 2.4
      vertex -19.6353 -23.4004 2.4
      vertex -20.1241 -22.9525 2.4
    endloop
  endfacet
  facet normal 0 0 1
    outer loop
      vertex -19.6353 -23.4004 2.4
      vertex -21.0494 -25.0857 2.4
      vertex -18.7829 -26.8248 2.4
    endloop
  endfacet
  facet normal 0 0 1
    outer loop
      vertex -2 -21.6268 2.4
      vertex -2.08507 -23.8325 2.4
      vertex -2 -23.8362 2.4
    endloop
  endfacet
  facet normal 0 0 1
    outer loop
      vertex -4.15427 -23.5601 2.4
      vertex -2 -21.6268 2.4
      vertex -3.77225 -21.3935 2.4
    endloop
  endfacet
  facet normal 0 0 1
    outer loop
      vertex -2 -21.6268 2.4
      vertex -4.15427 -23.5601 2.4
      vertex -2.08507 -23.8325 2.4
    endloop
  endfacet
  facet normal 0 0 1
    outer loop
      vertex -5.62245 -20.9833 2.4
      vertex -4.15427 -23.5601 2.4
      vertex -3.77225 -21.3935 2.4
    endloop
  endfacet
  facet normal 0 0 1
    outer loop
      vertex -5.62245 -20.9833 2.4
      vertex -6.19186 -23.1084 2.4
      vertex -4.15427 -23.5601 2.4
    endloop
  endfacet
  facet normal 0 0 1
    outer loop
      vertex -7.42987 -20.4134 2.4
      vertex -6.19186 -23.1084 2.4
      vertex -5.62245 -20.9833 2.4
    endloop
  endfacet
  facet normal 0 0 1
    outer loop
      vertex -7.42987 -20.4134 2.4
      vertex -8.18233 -22.4808 2.4
      vertex -6.19186 -23.1084 2.4
    endloop
  endfacet
  facet normal 0 0 1
    outer loop
      vertex -9.18076 -19.6882 2.4
      vertex -8.18233 -22.4808 2.4
      vertex -7.42987 -20.4134 2.4
    endloop
  endfacet
  facet normal 0 0 1
    outer loop
      vertex -9.18076 -19.6882 2.4
      vertex -10.1105 -21.6821 2.4
      vertex -8.18233 -22.4808 2.4
    endloop
  endfacet
  facet normal 0 0 1
    outer loop
      vertex -10.8618 -18.8131 2.4
      vertex -10.1105 -21.6821 2.4
      vertex -9.18076 -19.6882 2.4
    endloop
  endfacet
  facet normal 0 0 1
    outer loop
      vertex -10.8618 -18.8131 2.4
      vertex -11.9618 -20.7184 2.4
      vertex -10.1105 -21.6821 2.4
    endloop
  endfacet
  facet normal 0 0 1
    outer loop
      vertex -12.4601 -17.7949 2.4
      vertex -11.9618 -20.7184 2.4
      vertex -10.8618 -18.8131 2.4
    endloop
  endfacet
  facet normal 0 0 1
    outer loop
      vertex -12.4601 -17.7949 2.4
      vertex -13.722 -19.597 2.4
      vertex -11.9618 -20.7184 2.4
    endloop
  endfacet
  facet normal 0 0 1
    outer loop
      vertex -13.8783 -16.7067 2.4
      vertex -13.722 -19.597 2.4
      vertex -12.4601 -17.7949 2.4
    endloop
  endfacet
  facet normal 0 0 1
    outer loop
      vertex -13.722 -19.597 2.4
      vertex -13.8783 -16.7067 2.4
      vertex -15.3777 -18.3265 2.4
    endloop
  endfacet
  facet normal 0 0 1
    outer loop
      vertex -3.62346 13.5229 2.4
      vertex -2 13.8441 2.4
      vertex -2.43106 13.7873 2.4
    endloop
  endfacet
  facet normal 0 0 1
    outer loop
      vertex -2 13.8441 2.4
      vertex -3.62346 13.5229 2.4
      vertex -2 -13.8441 2.4
    endloop
  endfacet
  facet normal -0 0 1
    outer loop
      vertex -3.62346 -13.5229 2.4
      vertex -2 -13.8441 2.4
      vertex -3.62346 13.5229 2.4
    endloop
  endfacet
  facet normal 0 0 1
    outer loop
      vertex -2 -13.8441 2.4
      vertex -3.62346 -13.5229 2.4
      vertex -2.43106 -13.7873 2.4
    endloop
  endfacet
  facet normal -0 0 1
    outer loop
      vertex -4.78827 13.1557 2.4
      vertex -3.62346 -13.5229 2.4
      vertex -3.62346 13.5229 2.4
    endloop
  endfacet
  facet normal 0 0 1
    outer loop
      vertex -4.78827 13.1557 2.4
      vertex -4.78827 -13.1557 2.4
      vertex -3.62346 -13.5229 2.4
    endloop
  endfacet
  facet normal -0 0 1
    outer loop
      vertex -5.91664 12.6883 2.4
      vertex -4.78827 -13.1557 2.4
      vertex -4.78827 13.1557 2.4
    endloop
  endfacet
  facet normal 0 0 1
    outer loop
      vertex -5.91664 12.6883 2.4
      vertex -5.91664 -12.6883 2.4
      vertex -4.78827 -13.1557 2.4
    endloop
  endfacet
  facet normal -0 0 1
    outer loop
      vertex -7 12.1243 2.4
      vertex -5.91664 -12.6883 2.4
      vertex -5.91664 12.6883 2.4
    endloop
  endfacet
  facet normal 0 0 1
    outer loop
      vertex -7 12.1243 2.4
      vertex -7 -12.1243 2.4
      vertex -5.91664 -12.6883 2.4
    endloop
  endfacet
  facet normal 0 0 1
    outer loop
      vertex -8.37502 11.2034 2.4
      vertex -7 12.1243 2.4
      vertex -8.03006 11.4681 2.4
    endloop
  endfacet
  facet normal 0 0 1
    outer loop
      vertex -7 12.1243 2.4
      vertex -8.37502 11.2034 2.4
      vertex -7 -12.1243 2.4
    endloop
  endfacet
  facet normal -0 0 1
    outer loop
      vertex -8.37502 -11.2034 2.4
      vertex -7 -12.1243 2.4
      vertex -8.37502 11.2034 2.4
    endloop
  endfacet
  facet normal 0 0 1
    outer loop
      vertex -7 -12.1243 2.4
      vertex -8.37502 -11.2034 2.4
      vertex -8.03006 -11.4681 2.4
    endloop
  endfacet
  facet normal 0 0 1
    outer loop
      vertex -8.37502 11.2034 2.4
      vertex -11.2034 8.37502 2.4
      vertex -8.37502 -11.2034 2.4
    endloop
  endfacet
  facet normal 0 0 1
    outer loop
      vertex -13.8783 16.7067 2.4
      vertex -11.2034 8.37502 2.4
      vertex -8.37502 11.2034 2.4
    endloop
  endfacet
  facet normal -0 0 1
    outer loop
      vertex -15.4405 18.269 2.4
      vertex -13.8783 16.7067 2.4
      vertex -15.3777 18.3265 2.4
    endloop
  endfacet
  facet normal 0 0 1
    outer loop
      vertex -13.8783 16.7067 2.4
      vertex -15.4405 18.269 2.4
      vertex -16.7067 13.8783 2.4
    endloop
  endfacet
  facet normal 0 0 1
    outer loop
      vertex -13.8783 16.7067 2.4
      vertex -16.7067 13.8783 2.4
      vertex -11.2034 8.37502 2.4
    endloop
  endfacet
  facet normal -0 0 1
    outer loop
      vertex -18.269 15.4405 2.4
      vertex -16.7067 13.8783 2.4
      vertex -15.4405 18.269 2.4
    endloop
  endfacet
  facet normal -0 0 1
    outer loop
      vertex -18.3265 15.3777 2.4
      vertex -16.7067 13.8783 2.4
      vertex -18.269 15.4405 2.4
    endloop
  endfacet
  facet normal 0 0 1
    outer loop
      vertex -20.1241 22.9525 2.4
      vertex -18.269 15.4405 2.4
      vertex -15.4405 18.269 2.4
    endloop
  endfacet
  facet normal -0 0 1
    outer loop
      vertex -21.6797 24.5081 2.4
      vertex -20.1241 22.9525 2.4
      vertex -21.0494 25.0857 2.4
    endloop
  endfacet
  facet normal 0 0 1
    outer loop
      vertex -20.1241 22.9525 2.4
      vertex -21.6797 24.5081 2.4
      vertex -22.9525 20.1241 2.4
    endloop
  endfacet
  facet normal 0 0 1
    outer loop
      vertex -20.1241 22.9525 2.4
      vertex -22.9525 20.1241 2.4
      vertex -18.269 15.4405 2.4
    endloop
  endfacet
  facet normal -0 0 1
    outer loop
      vertex -24.5081 21.6797 2.4
      vertex -22.9525 20.1241 2.4
      vertex -21.6797 24.5081 2.4
    endloop
  endfacet
  facet normal 0 0 1
    outer loop
      vertex -22.9525 20.1241 2.4
      vertex -24.5081 21.6797 2.4
      vertex -23.4004 19.6353 2.4
    endloop
  endfacet
  facet normal 0 0 1
    outer loop
      vertex -26.3632 29.1917 2.4
      vertex -24.5081 21.6797 2.4
      vertex -21.6797 24.5081 2.4
    endloop
  endfacet
  facet normal -0 0 1
    outer loop
      vertex -27.9189 30.7473 2.4
      vertex -26.3632 29.1917 2.4
      vertex -26.7211 31.8449 2.4
    endloop
  endfacet
  facet normal -0 0 1
    outer loop
      vertex -29.4156 29.4156 2.4
      vertex -26.3632 29.1917 2.4
      vertex -27.9189 30.7473 2.4
    endloop
  endfacet
  facet normal 0 0 1
    outer loop
      vertex -29.4156 29.4156 2.4
      vertex -27.9189 30.7473 2.4
      vertex -27.9397 30.7681 2.4
    endloop
  endfacet
  facet normal 0 0 1
    outer loop
      vertex -26.3632 29.1917 2.4
      vertex -29.1917 26.3632 2.4
      vertex -24.5081 21.6797 2.4
    endloop
  endfacet
  facet normal 0 0 1
    outer loop
      vertex -26.3632 29.1917 2.4
      vertex -29.4156 29.4156 2.4
      vertex -29.1917 26.3632 2.4
    endloop
  endfacet
  facet normal -0 0 1
    outer loop
      vertex -30.7473 27.9189 2.4
      vertex -29.1917 26.3632 2.4
      vertex -29.4156 29.4156 2.4
    endloop
  endfacet
  facet normal 0 0 1
    outer loop
      vertex -29.1917 26.3632 2.4
      vertex -30.7473 27.9189 2.4
      vertex -30.1596 25.3069 2.4
    endloop
  endfacet
  facet normal 0 -0 1
    outer loop
      vertex -30.7473 27.9189 2.4
      vertex -29.4156 29.4156 2.4
      vertex -30.7681 27.9397 2.4
    endloop
  endfacet
  facet normal -0 0 1
    outer loop
      vertex -2.08507 23.8325 2.4
      vertex -2 21.6268 2.4
      vertex -2 23.8362 2.4
    endloop
  endfacet
  facet normal -0 0 1
    outer loop
      vertex -4.15427 23.5601 2.4
      vertex -2 21.6268 2.4
      vertex -2.08507 23.8325 2.4
    endloop
  endfacet
  facet normal 0 0 1
    outer loop
      vertex -2 21.6268 2.4
      vertex -4.15427 23.5601 2.4
      vertex -3.77225 21.3935 2.4
    endloop
  endfacet
  facet normal 0 0 1
    outer loop
      vertex -4.15427 23.5601 2.4
      vertex -5.62245 20.9833 2.4
      vertex -3.77225 21.3935 2.4
    endloop
  endfacet
  facet normal -0 0 1
    outer loop
      vertex -6.19186 23.1084 2.4
      vertex -5.62245 20.9833 2.4
      vertex -4.15427 23.5601 2.4
    endloop
  endfacet
  facet normal 0 0 1
    outer loop
      vertex -6.19186 23.1084 2.4
      vertex -7.42987 20.4134 2.4
      vertex -5.62245 20.9833 2.4
    endloop
  endfacet
  facet normal -0 0 1
    outer loop
      vertex -8.18233 22.4808 2.4
      vertex -7.42987 20.4134 2.4
      vertex -6.19186 23.1084 2.4
    endloop
  endfacet
  facet normal 0 0 1
    outer loop
      vertex -8.18233 22.4808 2.4
      vertex -9.18076 19.6882 2.4
      vertex -7.42987 20.4134 2.4
    endloop
  endfacet
  facet normal -0 0 1
    outer loop
      vertex -10.1105 21.6821 2.4
      vertex -9.18076 19.6882 2.4
      vertex -8.18233 22.4808 2.4
    endloop
  endfacet
  facet normal 0 0 1
    outer loop
      vertex -10.1105 21.6821 2.4
      vertex -10.8618 18.8131 2.4
      vertex -9.18076 19.6882 2.4
    endloop
  endfacet
  facet normal -0 0 1
    outer loop
      vertex -11.9618 20.7184 2.4
      vertex -10.8618 18.8131 2.4
      vertex -10.1105 21.6821 2.4
    endloop
  endfacet
  facet normal 0 0 1
    outer loop
      vertex -11.9618 20.7184 2.4
      vertex -12.4601 17.7949 2.4
      vertex -10.8618 18.8131 2.4
    endloop
  endfacet
  facet normal -0 0 1
    outer loop
      vertex -13.722 19.597 2.4
      vertex -12.4601 17.7949 2.4
      vertex -11.9618 20.7184 2.4
    endloop
  endfacet
  facet normal 0 0 1
    outer loop
      vertex -13.722 19.597 2.4
      vertex -13.8783 16.7067 2.4
      vertex -12.4601 17.7949 2.4
    endloop
  endfacet
  facet normal 0 -0 1
    outer loop
      vertex -13.8783 16.7067 2.4
      vertex -13.722 19.597 2.4
      vertex -15.3777 18.3265 2.4
    endloop
  endfacet
  facet normal 0 0 1
    outer loop
      vertex -2 32.6597 2.4
      vertex -2.66234 30.4308 2.4
      vertex -2 30.4597 2.4
    endloop
  endfacet
  facet normal -0 0 1
    outer loop
      vertex -2.85408 32.6224 2.4
      vertex -2.66234 30.4308 2.4
      vertex -2 32.6597 2.4
    endloop
  endfacet
  facet normal 0 0 1
    outer loop
      vertex -2.85408 32.6224 2.4
      vertex -5.30443 30.083 2.4
      vertex -2.66234 30.4308 2.4
    endloop
  endfacet
  facet normal -0 0 1
    outer loop
      vertex -5.68646 32.2495 2.4
      vertex -5.30443 30.083 2.4
      vertex -2.85408 32.6224 2.4
    endloop
  endfacet
  facet normal 0 0 1
    outer loop
      vertex -5.68646 32.2495 2.4
      vertex -7.90616 29.5062 2.4
      vertex -5.30443 30.083 2.4
    endloop
  endfacet
  facet normal -0 0 1
    outer loop
      vertex -8.47556 31.6312 2.4
      vertex -7.90616 29.5062 2.4
      vertex -5.68646 32.2495 2.4
    endloop
  endfacet
  facet normal 0 0 1
    outer loop
      vertex -8.47556 31.6312 2.4
      vertex -10.4477 28.7048 2.4
      vertex -7.90616 29.5062 2.4
    endloop
  endfacet
  facet normal -0 0 1
    outer loop
      vertex -11.2001 30.7722 2.4
      vertex -10.4477 28.7048 2.4
      vertex -8.47556 31.6312 2.4
    endloop
  endfacet
  facet normal 0 0 1
    outer loop
      vertex -11.2001 30.7722 2.4
      vertex -12.9097 27.685 2.4
      vertex -10.4477 28.7048 2.4
    endloop
  endfacet
  facet normal -0 0 1
    outer loop
      vertex -13.8395 29.6789 2.4
      vertex -12.9097 27.685 2.4
      vertex -11.2001 30.7722 2.4
    endloop
  endfacet
  facet normal 0 0 1
    outer loop
      vertex -13.8395 29.6789 2.4
      vertex -15.2735 26.4545 2.4
      vertex -12.9097 27.685 2.4
    endloop
  endfacet
  facet normal -0 0 1
    outer loop
      vertex -16.3735 28.3598 2.4
      vertex -15.2735 26.4545 2.4
      vertex -13.8395 29.6789 2.4
    endloop
  endfacet
  facet normal 0 0 1
    outer loop
      vertex -16.3735 28.3598 2.4
      vertex -17.5211 25.0227 2.4
      vertex -15.2735 26.4545 2.4
    endloop
  endfacet
  facet normal -0 0 1
    outer loop
      vertex -18.7829 26.8248 2.4
      vertex -17.5211 25.0227 2.4
      vertex -16.3735 28.3598 2.4
    endloop
  endfacet
  facet normal 0 0 1
    outer loop
      vertex -18.7829 26.8248 2.4
      vertex -19.6353 23.4004 2.4
      vertex -17.5211 25.0227 2.4
    endloop
  endfacet
  facet normal -0 0 1
    outer loop
      vertex -21.0494 25.0857 2.4
      vertex -19.6353 23.4004 2.4
      vertex -18.7829 26.8248 2.4
    endloop
  endfacet
  facet normal 0 0 1
    outer loop
      vertex -19.6353 23.4004 2.4
      vertex -21.0494 25.0857 2.4
      vertex -20.1241 22.9525 2.4
    endloop
  endfacet
  facet normal 0 0 1
    outer loop
      vertex -2 41.4833 2.4
      vertex -3.43137 39.2208 2.4
      vertex -2 39.2832 2.4
    endloop
  endfacet
  facet normal -0 0 1
    outer loop
      vertex -3.62311 41.4124 2.4
      vertex -3.43137 39.2208 2.4
      vertex -2 41.4833 2.4
    endloop
  endfacet
  facet normal 0 0 1
    outer loop
      vertex -3.62311 41.4124 2.4
      vertex -6.83662 38.7724 2.4
      vertex -3.43137 39.2208 2.4
    endloop
  endfacet
  facet normal -0 0 1
    outer loop
      vertex -7.21864 40.939 2.4
      vertex -6.83662 38.7724 2.4
      vertex -3.62311 41.4124 2.4
    endloop
  endfacet
  facet normal 0 0 1
    outer loop
      vertex -7.21864 40.939 2.4
      vertex -10.1898 38.0291 2.4
      vertex -6.83662 38.7724 2.4
    endloop
  endfacet
  facet normal -0 0 1
    outer loop
      vertex -10.7592 40.1541 2.4
      vertex -10.1898 38.0291 2.4
      vertex -7.21864 40.939 2.4
    endloop
  endfacet
  facet normal 0 0 1
    outer loop
      vertex -10.7592 40.1541 2.4
      vertex -13.4655 36.9962 2.4
      vertex -10.1898 38.0291 2.4
    endloop
  endfacet
  facet normal -0 0 1
    outer loop
      vertex -14.218 39.0636 2.4
      vertex -13.4655 36.9962 2.4
      vertex -10.7592 40.1541 2.4
    endloop
  endfacet
  facet normal 0 0 1
    outer loop
      vertex -14.218 39.0636 2.4
      vertex -16.6387 35.6819 2.4
      vertex -13.4655 36.9962 2.4
    endloop
  endfacet
  facet normal -0 0 1
    outer loop
      vertex -17.5685 37.6757 2.4
      vertex -16.6387 35.6819 2.4
      vertex -14.218 39.0636 2.4
    endloop
  endfacet
  facet normal 0 0 1
    outer loop
      vertex -17.5685 37.6757 2.4
      vertex -19.6853 34.0959 2.4
      vertex -16.6387 35.6819 2.4
    endloop
  endfacet
  facet normal -0 0 1
    outer loop
      vertex -20.7853 36.0012 2.4
      vertex -19.6853 34.0959 2.4
      vertex -17.5685 37.6757 2.4
    endloop
  endfacet
  facet normal 0 0 1
    outer loop
      vertex -20.7853 36.0012 2.4
      vertex -22.582 32.2505 2.4
      vertex -19.6853 34.0959 2.4
    endloop
  endfacet
  facet normal -0 0 1
    outer loop
      vertex -23.8439 34.0526 2.4
      vertex -22.582 32.2505 2.4
      vertex -20.7853 36.0012 2.4
    endloop
  endfacet
  facet normal 0 0 1
    outer loop
      vertex -23.8439 34.0526 2.4
      vertex -25.3069 30.1596 2.4
      vertex -22.582 32.2505 2.4
    endloop
  endfacet
  facet normal -0 0 1
    outer loop
      vertex -26.7211 31.8449 2.4
      vertex -25.3069 30.1596 2.4
      vertex -23.8439 34.0526 2.4
    endloop
  endfacet
  facet normal 0 0 1
    outer loop
      vertex -25.3069 30.1596 2.4
      vertex -26.7211 31.8449 2.4
      vertex -26.3632 29.1917 2.4
    endloop
  endfacet
  facet normal 0 0 1
    outer loop
      vertex 0 41.6 2.4
      vertex 2 41.4833 2.4
      vertex 2 41.5127 2.4
    endloop
  endfacet
  facet normal 0 0 1
    outer loop
      vertex 2 41.4833 2.4
      vertex 0 41.6 2.4
      vertex 2 39.2832 2.4
    endloop
  endfacet
  facet normal 0 0 1
    outer loop
      vertex 2 39.2832 2.4
      vertex -2 39.2832 2.4
      vertex 2 32.6597 2.4
    endloop
  endfacet
  facet normal 0 0 1
    outer loop
      vertex 2 32.6597 2.4
      vertex -2 32.6597 2.4
      vertex 2 30.4597 2.4
    endloop
  endfacet
  facet normal 0 0 1
    outer loop
      vertex -2 30.4597 2.4
      vertex 2 30.4597 2.4
      vertex -2 32.6597 2.4
    endloop
  endfacet
  facet normal 0 0 1
    outer loop
      vertex -2 23.8362 2.4
      vertex 2 23.8362 2.4
      vertex -2 30.4597 2.4
    endloop
  endfacet
  facet normal 0 0 1
    outer loop
      vertex 2 23.8362 2.4
      vertex -2 23.8362 2.4
      vertex 2 21.6268 2.4
    endloop
  endfacet
  facet normal 0 0 1
    outer loop
      vertex 2 13.8441 2.4
      vertex -2 13.8441 2.4
      vertex 2 -13.8441 2.4
    endloop
  endfacet
  facet normal 0 0 1
    outer loop
      vertex -2 -13.8441 2.4
      vertex 2 -13.8441 2.4
      vertex -2 13.8441 2.4
    endloop
  endfacet
  facet normal 0 0 1
    outer loop
      vertex 2 -13.8441 2.4
      vertex -2 -13.8441 2.4
      vertex 2 -21.6268 2.4
    endloop
  endfacet
  facet normal 0 0 1
    outer loop
      vertex -2 -21.6268 2.4
      vertex 2 -21.6268 2.4
      vertex -2 -13.8441 2.4
    endloop
  endfacet
  facet normal 0 0 1
    outer loop
      vertex 2 -21.6268 2.4
      vertex -2 -21.6268 2.4
      vertex 2 -23.8362 2.4
    endloop
  endfacet
  facet normal 0 0 1
    outer loop
      vertex -2 -23.8362 2.4
      vertex 2 -23.8362 2.4
      vertex -2 -21.6268 2.4
    endloop
  endfacet
  facet normal 0 0 1
    outer loop
      vertex 2 -23.8362 2.4
      vertex -2 -23.8362 2.4
      vertex 2 -30.4597 2.4
    endloop
  endfacet
  facet normal 0 0 1
    outer loop
      vertex 2 39.2832 2.4
      vertex 0 41.6 2.4
      vertex -2 39.2832 2.4
    endloop
  endfacet
  facet normal 0 0 1
    outer loop
      vertex -2 -30.4597 2.4
      vertex 2 -30.4597 2.4
      vertex -2 -23.8362 2.4
    endloop
  endfacet
  facet normal 0 0 1
    outer loop
      vertex -2 41.4833 2.4
      vertex 0 41.6 2.4
      vertex -2 41.5127 2.4
    endloop
  endfacet
  facet normal 0 0 1
    outer loop
      vertex -2 39.2832 2.4
      vertex 0 41.6 2.4
      vertex -2 41.4833 2.4
    endloop
  endfacet
  facet normal 0 0 1
    outer loop
      vertex 2 32.6597 2.4
      vertex -2 39.2832 2.4
      vertex -2 32.6597 2.4
    endloop
  endfacet
  facet normal 0 0 1
    outer loop
      vertex 2 30.4597 2.4
      vertex -2 30.4597 2.4
      vertex 2 23.8362 2.4
    endloop
  endfacet
  facet normal 0 0 1
    outer loop
      vertex -2 21.6268 2.4
      vertex 2 21.6268 2.4
      vertex -2 23.8362 2.4
    endloop
  endfacet
  facet normal 0 0 1
    outer loop
      vertex 2 21.6268 2.4
      vertex -2 21.6268 2.4
      vertex 2 13.8441 2.4
    endloop
  endfacet
  facet normal 0 0 1
    outer loop
      vertex 2 13.8441 2.4
      vertex -2 21.6268 2.4
      vertex -2 13.8441 2.4
    endloop
  endfacet
  facet normal 0 0 1
    outer loop
      vertex 2 -30.4597 2.4
      vertex -2 -30.4597 2.4
      vertex 2 -32.6597 2.4
    endloop
  endfacet
  facet normal 0 0 1
    outer loop
      vertex -2 -32.6597 2.4
      vertex 2 -32.6597 2.4
      vertex -2 -30.4597 2.4
    endloop
  endfacet
  facet normal 0 0 1
    outer loop
      vertex 2 -32.6597 2.4
      vertex -2 -32.6597 2.4
      vertex 2 -39.2832 2.4
    endloop
  endfacet
  facet normal 0 0 1
    outer loop
      vertex -2 -39.2832 2.4
      vertex 2 -39.2832 2.4
      vertex -2 -32.6597 2.4
    endloop
  endfacet
  facet normal 0 -0 1
    outer loop
      vertex 0 -41.6 2.4
      vertex 2 -39.2832 2.4
      vertex -2 -39.2832 2.4
    endloop
  endfacet
  facet normal 0 0 1
    outer loop
      vertex 2 -39.2832 2.4
      vertex 0 -41.6 2.4
      vertex 2 -41.4833 2.4
    endloop
  endfacet
  facet normal 0 0 1
    outer loop
      vertex 2 -41.4833 2.4
      vertex 0 -41.6 2.4
      vertex 2 -41.5127 2.4
    endloop
  endfacet
  facet normal -0 0 1
    outer loop
      vertex -2 -41.4833 2.4
      vertex 0 -41.6 2.4
      vertex -2 -39.2832 2.4
    endloop
  endfacet
  facet normal 0 0 1
    outer loop
      vertex 0 -41.6 2.4
      vertex -2 -41.4833 2.4
      vertex -2 -41.5127 2.4
    endloop
  endfacet
  facet normal 0 0 1
    outer loop
      vertex 13.4655 -36.9962 2.4
      vertex 16.4 -36.1999 2.4
      vertex 16.4282 -35.7691 2.4
    endloop
  endfacet
  facet normal 0 0 1
    outer loop
      vertex 16.4 -36.1999 2.4
      vertex 13.4655 -36.9962 2.4
      vertex 14.218 -39.0636 2.4
    endloop
  endfacet
  facet normal 0 0 1
    outer loop
      vertex 13.4655 -36.9962 2.4
      vertex 10.7592 -40.1541 2.4
      vertex 14.218 -39.0636 2.4
    endloop
  endfacet
  facet normal -0 0 1
    outer loop
      vertex 10.1898 -38.0291 2.4
      vertex 10.7592 -40.1541 2.4
      vertex 13.4655 -36.9962 2.4
    endloop
  endfacet
  facet normal 0 0 1
    outer loop
      vertex 10.1898 -38.0291 2.4
      vertex 7.21864 -40.939 2.4
      vertex 10.7592 -40.1541 2.4
    endloop
  endfacet
  facet normal -0 0 1
    outer loop
      vertex 6.83662 -38.7724 2.4
      vertex 7.21864 -40.939 2.4
      vertex 10.1898 -38.0291 2.4
    endloop
  endfacet
  facet normal 0 0 1
    outer loop
      vertex 6.83662 -38.7724 2.4
      vertex 3.62311 -41.4124 2.4
      vertex 7.21864 -40.939 2.4
    endloop
  endfacet
  facet normal -0 0 1
    outer loop
      vertex 3.43137 -39.2208 2.4
      vertex 3.62311 -41.4124 2.4
      vertex 6.83662 -38.7724 2.4
    endloop
  endfacet
  facet normal -0 0 1
    outer loop
      vertex 2 -39.2832 2.4
      vertex 3.62311 -41.4124 2.4
      vertex 3.43137 -39.2208 2.4
    endloop
  endfacet
  facet normal 0 0 1
    outer loop
      vertex 3.62311 -41.4124 2.4
      vertex 2 -39.2832 2.4
      vertex 2 -41.4833 2.4
    endloop
  endfacet
  facet normal 0 0 1
    outer loop
      vertex 16.7425 -37.9219 2.4
      vertex 14.218 -39.0636 2.4
      vertex 16.7818 -38.0016 2.4
    endloop
  endfacet
  facet normal 0 0 1
    outer loop
      vertex 16.5533 -37.3645 2.4
      vertex 14.218 -39.0636 2.4
      vertex 16.7425 -37.9219 2.4
    endloop
  endfacet
  facet normal 0 0 1
    outer loop
      vertex 16.4385 -36.7872 2.4
      vertex 14.218 -39.0636 2.4
      vertex 16.5533 -37.3645 2.4
    endloop
  endfacet
  facet normal 0 0 1
    outer loop
      vertex 14.218 -39.0636 2.4
      vertex 16.4385 -36.7872 2.4
      vertex 16.4 -36.1999 2.4
    endloop
  endfacet
  facet normal -0 0 1
    outer loop
      vertex -11.2034 -8.37502 2.4
      vertex -8.37502 -11.2034 2.4
      vertex -11.2034 8.37502 2.4
    endloop
  endfacet
  facet normal 0 0 1
    outer loop
      vertex -11.2034 -8.37502 2.4
      vertex -13.8783 -16.7067 2.4
      vertex -8.37502 -11.2034 2.4
    endloop
  endfacet
  facet normal -0 0 1
    outer loop
      vertex -16.7067 -13.8783 2.4
      vertex -13.8783 -16.7067 2.4
      vertex -11.2034 -8.37502 2.4
    endloop
  endfacet
  facet normal 0 -0 1
    outer loop
      vertex -15.4405 -18.269 2.4
      vertex -13.8783 -16.7067 2.4
      vertex -16.7067 -13.8783 2.4
    endloop
  endfacet
  facet normal 0 0 1
    outer loop
      vertex -13.8783 -16.7067 2.4
      vertex -15.4405 -18.269 2.4
      vertex -15.3777 -18.3265 2.4
    endloop
  endfacet
  facet normal -0 0 1
    outer loop
      vertex -19.597 -13.722 2.4
      vertex -16.7067 -13.8783 2.4
      vertex -17.7949 -12.4601 2.4
    endloop
  endfacet
  facet normal 0 0 1
    outer loop
      vertex -16.7067 -13.8783 2.4
      vertex -18.269 -15.4405 2.4
      vertex -15.4405 -18.269 2.4
    endloop
  endfacet
  facet normal 0 0 1
    outer loop
      vertex -18.269 -15.4405 2.4
      vertex -20.1241 -22.9525 2.4
      vertex -15.4405 -18.269 2.4
    endloop
  endfacet
  facet normal -0 0 1
    outer loop
      vertex -22.9525 -20.1241 2.4
      vertex -20.1241 -22.9525 2.4
      vertex -18.269 -15.4405 2.4
    endloop
  endfacet
  facet normal 0 -0 1
    outer loop
      vertex -21.6797 -24.5081 2.4
      vertex -20.1241 -22.9525 2.4
      vertex -22.9525 -20.1241 2.4
    endloop
  endfacet
  facet normal 0 0 1
    outer loop
      vertex -20.1241 -22.9525 2.4
      vertex -21.6797 -24.5081 2.4
      vertex -21.0494 -25.0857 2.4
    endloop
  endfacet
  facet normal 0 0 1
    outer loop
      vertex -24.5081 -21.6797 2.4
      vertex -22.9525 -20.1241 2.4
      vertex -23.4004 -19.6353 2.4
    endloop
  endfacet
  facet normal 0 0 1
    outer loop
      vertex -22.9525 -20.1241 2.4
      vertex -24.5081 -21.6797 2.4
      vertex -21.6797 -24.5081 2.4
    endloop
  endfacet
  facet normal 0 0 1
    outer loop
      vertex -24.5081 -21.6797 2.4
      vertex -26.3632 -29.1917 2.4
      vertex -21.6797 -24.5081 2.4
    endloop
  endfacet
  facet normal 0 0 1
    outer loop
      vertex -26.3632 -29.1917 2.4
      vertex -27.9189 -30.7473 2.4
      vertex -26.7211 -31.8449 2.4
    endloop
  endfacet
  facet normal -0 0 1
    outer loop
      vertex -29.1917 -26.3632 2.4
      vertex -26.3632 -29.1917 2.4
      vertex -24.5081 -21.6797 2.4
    endloop
  endfacet
  facet normal 0 0 1
    outer loop
      vertex -29.4156 -29.4156 2.4
      vertex -26.3632 -29.1917 2.4
      vertex -29.1917 -26.3632 2.4
    endloop
  endfacet
  facet normal 0 0 1
    outer loop
      vertex -26.3632 -29.1917 2.4
      vertex -29.4156 -29.4156 2.4
      vertex -27.9189 -30.7473 2.4
    endloop
  endfacet
  facet normal 0 0 1
    outer loop
      vertex -27.9189 -30.7473 2.4
      vertex -29.4156 -29.4156 2.4
      vertex -27.9397 -30.7681 2.4
    endloop
  endfacet
  facet normal 0 0 1
    outer loop
      vertex -30.7473 -27.9189 2.4
      vertex -29.1917 -26.3632 2.4
      vertex -30.1596 -25.3069 2.4
    endloop
  endfacet
  facet normal 0 0 1
    outer loop
      vertex -29.1917 -26.3632 2.4
      vertex -30.7473 -27.9189 2.4
      vertex -29.4156 -29.4156 2.4
    endloop
  endfacet
  facet normal 0 0 1
    outer loop
      vertex -29.4156 -29.4156 2.4
      vertex -30.7473 -27.9189 2.4
      vertex -30.7681 -27.9397 2.4
    endloop
  endfacet
  facet normal 0 0 1
    outer loop
      vertex 13.722 19.597 2.4
      vertex 13.8783 16.7067 2.4
      vertex 15.3777 18.3265 2.4
    endloop
  endfacet
  facet normal 0 0 1
    outer loop
      vertex 13.722 19.597 2.4
      vertex 12.4601 17.7949 2.4
      vertex 13.8783 16.7067 2.4
    endloop
  endfacet
  facet normal 0 0 1
    outer loop
      vertex 11.9618 20.7184 2.4
      vertex 12.4601 17.7949 2.4
      vertex 13.722 19.597 2.4
    endloop
  endfacet
  facet normal 0 0 1
    outer loop
      vertex 11.9618 20.7184 2.4
      vertex 10.8618 18.8131 2.4
      vertex 12.4601 17.7949 2.4
    endloop
  endfacet
  facet normal 0 0 1
    outer loop
      vertex 10.1105 21.6821 2.4
      vertex 10.8618 18.8131 2.4
      vertex 11.9618 20.7184 2.4
    endloop
  endfacet
  facet normal 0 0 1
    outer loop
      vertex 10.1105 21.6821 2.4
      vertex 9.18076 19.6882 2.4
      vertex 10.8618 18.8131 2.4
    endloop
  endfacet
  facet normal 0 0 1
    outer loop
      vertex 8.18233 22.4808 2.4
      vertex 9.18076 19.6882 2.4
      vertex 10.1105 21.6821 2.4
    endloop
  endfacet
  facet normal 0 0 1
    outer loop
      vertex 8.18233 22.4808 2.4
      vertex 7.42987 20.4134 2.4
      vertex 9.18076 19.6882 2.4
    endloop
  endfacet
  facet normal 0 0 1
    outer loop
      vertex 6.19186 23.1084 2.4
      vertex 7.42987 20.4134 2.4
      vertex 8.18233 22.4808 2.4
    endloop
  endfacet
  facet normal 0 0 1
    outer loop
      vertex 6.19186 23.1084 2.4
      vertex 5.62245 20.9833 2.4
      vertex 7.42987 20.4134 2.4
    endloop
  endfacet
  facet normal 0 0 1
    outer loop
      vertex 4.15427 23.5601 2.4
      vertex 5.62245 20.9833 2.4
      vertex 6.19186 23.1084 2.4
    endloop
  endfacet
  facet normal 0 0 1
    outer loop
      vertex 4.15427 23.5601 2.4
      vertex 3.77225 21.3935 2.4
      vertex 5.62245 20.9833 2.4
    endloop
  endfacet
  facet normal 0 0 1
    outer loop
      vertex 2 21.6268 2.4
      vertex 4.15427 23.5601 2.4
      vertex 2.08507 23.8325 2.4
    endloop
  endfacet
  facet normal 0 0 1
    outer loop
      vertex 2 21.6268 2.4
      vertex 2.08507 23.8325 2.4
      vertex 2 23.8362 2.4
    endloop
  endfacet
  facet normal 0 0 1
    outer loop
      vertex 4.15427 23.5601 2.4
      vertex 2 21.6268 2.4
      vertex 3.77225 21.3935 2.4
    endloop
  endfacet
  facet normal 0 0 1
    outer loop
      vertex 13.8783 -16.7067 2.4
      vertex 13.722 -19.597 2.4
      vertex 15.3777 -18.3265 2.4
    endloop
  endfacet
  facet normal -0 0 1
    outer loop
      vertex 12.4601 -17.7949 2.4
      vertex 13.722 -19.597 2.4
      vertex 13.8783 -16.7067 2.4
    endloop
  endfacet
  facet normal 0 0 1
    outer loop
      vertex 12.4601 -17.7949 2.4
      vertex 11.9618 -20.7184 2.4
      vertex 13.722 -19.597 2.4
    endloop
  endfacet
  facet normal -0 0 1
    outer loop
      vertex 10.8618 -18.8131 2.4
      vertex 11.9618 -20.7184 2.4
      vertex 12.4601 -17.7949 2.4
    endloop
  endfacet
  facet normal 0 0 1
    outer loop
      vertex 10.8618 -18.8131 2.4
      vertex 10.1105 -21.6821 2.4
      vertex 11.9618 -20.7184 2.4
    endloop
  endfacet
  facet normal -0 0 1
    outer loop
      vertex 9.18076 -19.6882 2.4
      vertex 10.1105 -21.6821 2.4
      vertex 10.8618 -18.8131 2.4
    endloop
  endfacet
  facet normal 0 0 1
    outer loop
      vertex 9.18076 -19.6882 2.4
      vertex 8.18233 -22.4808 2.4
      vertex 10.1105 -21.6821 2.4
    endloop
  endfacet
  facet normal -0 0 1
    outer loop
      vertex 7.42987 -20.4134 2.4
      vertex 8.18233 -22.4808 2.4
      vertex 9.18076 -19.6882 2.4
    endloop
  endfacet
  facet normal 0 0 1
    outer loop
      vertex 7.42987 -20.4134 2.4
      vertex 6.19186 -23.1084 2.4
      vertex 8.18233 -22.4808 2.4
    endloop
  endfacet
  facet normal -0 0 1
    outer loop
      vertex 5.62245 -20.9833 2.4
      vertex 6.19186 -23.1084 2.4
      vertex 7.42987 -20.4134 2.4
    endloop
  endfacet
  facet normal 0 0 1
    outer loop
      vertex 5.62245 -20.9833 2.4
      vertex 4.15427 -23.5601 2.4
      vertex 6.19186 -23.1084 2.4
    endloop
  endfacet
  facet normal -0 0 1
    outer loop
      vertex 3.77225 -21.3935 2.4
      vertex 4.15427 -23.5601 2.4
      vertex 5.62245 -20.9833 2.4
    endloop
  endfacet
  facet normal -0 0 1
    outer loop
      vertex 2 -21.6268 2.4
      vertex 4.15427 -23.5601 2.4
      vertex 3.77225 -21.3935 2.4
    endloop
  endfacet
  facet normal 0 0 1
    outer loop
      vertex 4.15427 -23.5601 2.4
      vertex 2 -21.6268 2.4
      vertex 2.08507 -23.8325 2.4
    endloop
  endfacet
  facet normal 0 0 1
    outer loop
      vertex 2.08507 -23.8325 2.4
      vertex 2 -21.6268 2.4
      vertex 2 -23.8362 2.4
    endloop
  endfacet
  facet normal 0 0 1
    outer loop
      vertex 21.0494 25.0857 2.4
      vertex 19.6353 23.4004 2.4
      vertex 20.1241 22.9525 2.4
    endloop
  endfacet
  facet normal 0 0 1
    outer loop
      vertex 18.7829 26.8248 2.4
      vertex 19.6353 23.4004 2.4
      vertex 21.0494 25.0857 2.4
    endloop
  endfacet
  facet normal 0 0 1
    outer loop
      vertex 18.7829 26.8248 2.4
      vertex 17.5211 25.0227 2.4
      vertex 19.6353 23.4004 2.4
    endloop
  endfacet
  facet normal 0 0 1
    outer loop
      vertex 16.3735 28.3598 2.4
      vertex 17.5211 25.0227 2.4
      vertex 18.7829 26.8248 2.4
    endloop
  endfacet
  facet normal 0 0 1
    outer loop
      vertex 16.3735 28.3598 2.4
      vertex 15.2735 26.4545 2.4
      vertex 17.5211 25.0227 2.4
    endloop
  endfacet
  facet normal 0 0 1
    outer loop
      vertex 13.8395 29.6789 2.4
      vertex 15.2735 26.4545 2.4
      vertex 16.3735 28.3598 2.4
    endloop
  endfacet
  facet normal 0 0 1
    outer loop
      vertex 13.8395 29.6789 2.4
      vertex 12.9097 27.685 2.4
      vertex 15.2735 26.4545 2.4
    endloop
  endfacet
  facet normal 0 0 1
    outer loop
      vertex 11.2001 30.7722 2.4
      vertex 12.9097 27.685 2.4
      vertex 13.8395 29.6789 2.4
    endloop
  endfacet
  facet normal 0 0 1
    outer loop
      vertex 11.2001 30.7722 2.4
      vertex 10.4477 28.7048 2.4
      vertex 12.9097 27.685 2.4
    endloop
  endfacet
  facet normal 0 0 1
    outer loop
      vertex 8.47556 31.6312 2.4
      vertex 10.4477 28.7048 2.4
      vertex 11.2001 30.7722 2.4
    endloop
  endfacet
  facet normal 0 0 1
    outer loop
      vertex 8.47556 31.6312 2.4
      vertex 7.90616 29.5062 2.4
      vertex 10.4477 28.7048 2.4
    endloop
  endfacet
  facet normal 0 0 1
    outer loop
      vertex 5.68646 32.2495 2.4
      vertex 7.90616 29.5062 2.4
      vertex 8.47556 31.6312 2.4
    endloop
  endfacet
  facet normal 0 0 1
    outer loop
      vertex 5.68646 32.2495 2.4
      vertex 5.30443 30.083 2.4
      vertex 7.90616 29.5062 2.4
    endloop
  endfacet
  facet normal 0 0 1
    outer loop
      vertex 2.85408 32.6224 2.4
      vertex 5.30443 30.083 2.4
      vertex 5.68646 32.2495 2.4
    endloop
  endfacet
  facet normal 0 0 1
    outer loop
      vertex 2.85408 32.6224 2.4
      vertex 2.66234 30.4308 2.4
      vertex 5.30443 30.083 2.4
    endloop
  endfacet
  facet normal 0 0 1
    outer loop
      vertex 2 32.6597 2.4
      vertex 2.66234 30.4308 2.4
      vertex 2.85408 32.6224 2.4
    endloop
  endfacet
  facet normal 0 0 1
    outer loop
      vertex 2.66234 30.4308 2.4
      vertex 2 32.6597 2.4
      vertex 2 30.4597 2.4
    endloop
  endfacet
  facet normal -0 0 1
    outer loop
      vertex 13.8441 2 2.4
      vertex 21.6268 -2 2.4
      vertex 21.6268 2 2.4
    endloop
  endfacet
  facet normal 0 0 1
    outer loop
      vertex 13.8441 2 2.4
      vertex 13.8441 -2 2.4
      vertex 21.6268 -2 2.4
    endloop
  endfacet
  facet normal 0 0 1
    outer loop
      vertex 13.5229 3.62346 2.4
      vertex 13.8441 2 2.4
      vertex 13.7873 2.43106 2.4
    endloop
  endfacet
  facet normal 0 0 1
    outer loop
      vertex 13.8441 2 2.4
      vertex 13.5229 3.62346 2.4
      vertex 13.8441 -2 2.4
    endloop
  endfacet
  facet normal 0 0 1
    outer loop
      vertex 13.5229 -3.62346 2.4
      vertex 13.8441 -2 2.4
      vertex 13.5229 3.62346 2.4
    endloop
  endfacet
  facet normal 0 0 1
    outer loop
      vertex 13.8441 -2 2.4
      vertex 13.5229 -3.62346 2.4
      vertex 13.7873 -2.43106 2.4
    endloop
  endfacet
  facet normal 0 0 1
    outer loop
      vertex 13.1557 4.78827 2.4
      vertex 13.5229 -3.62346 2.4
      vertex 13.5229 3.62346 2.4
    endloop
  endfacet
  facet normal 0 0 1
    outer loop
      vertex 13.1557 4.78827 2.4
      vertex 13.1557 -4.78827 2.4
      vertex 13.5229 -3.62346 2.4
    endloop
  endfacet
  facet normal 0 0 1
    outer loop
      vertex 12.6883 5.91664 2.4
      vertex 13.1557 -4.78827 2.4
      vertex 13.1557 4.78827 2.4
    endloop
  endfacet
  facet normal 0 0 1
    outer loop
      vertex 12.6883 5.91664 2.4
      vertex 12.6883 -5.91664 2.4
      vertex 13.1557 -4.78827 2.4
    endloop
  endfacet
  facet normal 0 0 1
    outer loop
      vertex 12.1243 7 2.4
      vertex 12.6883 -5.91664 2.4
      vertex 12.6883 5.91664 2.4
    endloop
  endfacet
  facet normal 0 0 1
    outer loop
      vertex 12.1243 7 2.4
      vertex 12.1243 -7 2.4
      vertex 12.6883 -5.91664 2.4
    endloop
  endfacet
  facet normal 0 0 1
    outer loop
      vertex 11.2034 8.37502 2.4
      vertex 12.1243 7 2.4
      vertex 11.4681 8.03006 2.4
    endloop
  endfacet
  facet normal 0 0 1
    outer loop
      vertex 12.1243 7 2.4
      vertex 11.2034 8.37502 2.4
      vertex 12.1243 -7 2.4
    endloop
  endfacet
  facet normal 0 0 1
    outer loop
      vertex 11.2034 -8.37502 2.4
      vertex 12.1243 -7 2.4
      vertex 11.2034 8.37502 2.4
    endloop
  endfacet
  facet normal 0 0 1
    outer loop
      vertex 12.1243 -7 2.4
      vertex 11.2034 -8.37502 2.4
      vertex 11.4681 -8.03006 2.4
    endloop
  endfacet
  facet normal -0 0 1
    outer loop
      vertex 20.9833 -5.62245 2.4
      vertex 23.1084 -6.19186 2.4
      vertex 21.3935 -3.77225 2.4
    endloop
  endfacet
  facet normal 0 0 1
    outer loop
      vertex 23.1084 -6.19186 2.4
      vertex 20.9833 -5.62245 2.4
      vertex 22.4808 -8.18233 2.4
    endloop
  endfacet
  facet normal -0 0 1
    outer loop
      vertex 20.4134 -7.42987 2.4
      vertex 22.4808 -8.18233 2.4
      vertex 20.9833 -5.62245 2.4
    endloop
  endfacet
  facet normal 0 0 1
    outer loop
      vertex 22.4808 -8.18233 2.4
      vertex 20.4134 -7.42987 2.4
      vertex 21.6821 -10.1105 2.4
    endloop
  endfacet
  facet normal -0 0 1
    outer loop
      vertex 19.6882 -9.18076 2.4
      vertex 21.6821 -10.1105 2.4
      vertex 20.4134 -7.42987 2.4
    endloop
  endfacet
  facet normal 0 0 1
    outer loop
      vertex 21.6821 -10.1105 2.4
      vertex 19.6882 -9.18076 2.4
      vertex 20.7184 -11.9618 2.4
    endloop
  endfacet
  facet normal -0 0 1
    outer loop
      vertex 18.8131 -10.8618 2.4
      vertex 20.7184 -11.9618 2.4
      vertex 19.6882 -9.18076 2.4
    endloop
  endfacet
  facet normal 0 0 1
    outer loop
      vertex 20.7184 -11.9618 2.4
      vertex 18.8131 -10.8618 2.4
      vertex 19.597 -13.722 2.4
    endloop
  endfacet
  facet normal -0 0 1
    outer loop
      vertex 17.7949 -12.4601 2.4
      vertex 19.597 -13.722 2.4
      vertex 18.8131 -10.8618 2.4
    endloop
  endfacet
  facet normal 0 0 1
    outer loop
      vertex 16.7067 -13.8783 2.4
      vertex 19.597 -13.722 2.4
      vertex 17.7949 -12.4601 2.4
    endloop
  endfacet
  facet normal 0 0 1
    outer loop
      vertex 19.597 -13.722 2.4
      vertex 16.7067 -13.8783 2.4
      vertex 18.3265 -15.3777 2.4
    endloop
  endfacet
  facet normal -0 0 1
    outer loop
      vertex 19.6353 -23.4004 2.4
      vertex 21.0494 -25.0857 2.4
      vertex 20.1241 -22.9525 2.4
    endloop
  endfacet
  facet normal 0 0 1
    outer loop
      vertex 19.6353 -23.4004 2.4
      vertex 18.7829 -26.8248 2.4
      vertex 21.0494 -25.0857 2.4
    endloop
  endfacet
  facet normal -0 0 1
    outer loop
      vertex 17.5211 -25.0227 2.4
      vertex 18.7829 -26.8248 2.4
      vertex 19.6353 -23.4004 2.4
    endloop
  endfacet
  facet normal 0 0 1
    outer loop
      vertex 17.5211 -25.0227 2.4
      vertex 16.3735 -28.3598 2.4
      vertex 18.7829 -26.8248 2.4
    endloop
  endfacet
  facet normal -0 0 1
    outer loop
      vertex 15.2735 -26.4545 2.4
      vertex 16.3735 -28.3598 2.4
      vertex 17.5211 -25.0227 2.4
    endloop
  endfacet
  facet normal 0 0 1
    outer loop
      vertex 15.2735 -26.4545 2.4
      vertex 13.8395 -29.6789 2.4
      vertex 16.3735 -28.3598 2.4
    endloop
  endfacet
  facet normal -0 0 1
    outer loop
      vertex 12.9097 -27.685 2.4
      vertex 13.8395 -29.6789 2.4
      vertex 15.2735 -26.4545 2.4
    endloop
  endfacet
  facet normal 0 0 1
    outer loop
      vertex 12.9097 -27.685 2.4
      vertex 11.2001 -30.7722 2.4
      vertex 13.8395 -29.6789 2.4
    endloop
  endfacet
  facet normal -0 0 1
    outer loop
      vertex 10.4477 -28.7048 2.4
      vertex 11.2001 -30.7722 2.4
      vertex 12.9097 -27.685 2.4
    endloop
  endfacet
  facet normal 0 0 1
    outer loop
      vertex 10.4477 -28.7048 2.4
      vertex 8.47556 -31.6312 2.4
      vertex 11.2001 -30.7722 2.4
    endloop
  endfacet
  facet normal -0 0 1
    outer loop
      vertex 7.90616 -29.5062 2.4
      vertex 8.47556 -31.6312 2.4
      vertex 10.4477 -28.7048 2.4
    endloop
  endfacet
  facet normal 0 0 1
    outer loop
      vertex 7.90616 -29.5062 2.4
      vertex 5.68646 -32.2495 2.4
      vertex 8.47556 -31.6312 2.4
    endloop
  endfacet
  facet normal -0 0 1
    outer loop
      vertex 5.30443 -30.083 2.4
      vertex 5.68646 -32.2495 2.4
      vertex 7.90616 -29.5062 2.4
    endloop
  endfacet
  facet normal 0 0 1
    outer loop
      vertex 5.30443 -30.083 2.4
      vertex 2.85408 -32.6224 2.4
      vertex 5.68646 -32.2495 2.4
    endloop
  endfacet
  facet normal -0 0 1
    outer loop
      vertex 2.66234 -30.4308 2.4
      vertex 2.85408 -32.6224 2.4
      vertex 5.30443 -30.083 2.4
    endloop
  endfacet
  facet normal -0 0 1
    outer loop
      vertex 2 -30.4597 2.4
      vertex 2.85408 -32.6224 2.4
      vertex 2.66234 -30.4308 2.4
    endloop
  endfacet
  facet normal 0 0 1
    outer loop
      vertex 2.85408 -32.6224 2.4
      vertex 2 -30.4597 2.4
      vertex 2 -32.6597 2.4
    endloop
  endfacet
  facet normal 0 0 1
    outer loop
      vertex 26.7211 31.8449 2.4
      vertex 25.3069 30.1596 2.4
      vertex 26.3632 29.1917 2.4
    endloop
  endfacet
  facet normal -0 0 1
    outer loop
      vertex 24.4701 33.4604 2.4
      vertex 26.7211 31.8449 2.4
      vertex 24.5194 33.5343 2.4
    endloop
  endfacet
  facet normal -0 0 1
    outer loop
      vertex 24.082 33.0179 2.4
      vertex 26.7211 31.8449 2.4
      vertex 24.4701 33.4604 2.4
    endloop
  endfacet
  facet normal 0 0 1
    outer loop
      vertex 26.7211 31.8449 2.4
      vertex 24.082 33.0179 2.4
      vertex 25.3069 30.1596 2.4
    endloop
  endfacet
  facet normal -0 0 1
    outer loop
      vertex 23.6394 32.6298 2.4
      vertex 25.3069 30.1596 2.4
      vertex 24.082 33.0179 2.4
    endloop
  endfacet
  facet normal -0 0 1
    outer loop
      vertex 23.15 32.3027 2.4
      vertex 25.3069 30.1596 2.4
      vertex 23.6394 32.6298 2.4
    endloop
  endfacet
  facet normal 0 0 1
    outer loop
      vertex 25.3069 30.1596 2.4
      vertex 23.15 32.3027 2.4
      vertex 22.7628 32.1118 2.4
    endloop
  endfacet
  facet normal -0 0 1
    outer loop
      vertex 23.8362 2 2.4
      vertex 30.4597 -2 2.4
      vertex 30.4597 2 2.4
    endloop
  endfacet
  facet normal 0 0 1
    outer loop
      vertex 23.8362 2 2.4
      vertex 23.8362 -2 2.4
      vertex 30.4597 -2 2.4
    endloop
  endfacet
  facet normal 0 0 1
    outer loop
      vertex 21.6268 2 2.4
      vertex 23.8362 2 2.4
      vertex 23.8325 2.08507 2.4
    endloop
  endfacet
  facet normal 0 0 1
    outer loop
      vertex 23.8362 2 2.4
      vertex 21.6268 2 2.4
      vertex 23.8362 -2 2.4
    endloop
  endfacet
  facet normal 0 0 1
    outer loop
      vertex 21.6268 2 2.4
      vertex 23.8325 2.08507 2.4
      vertex 23.5601 4.15427 2.4
    endloop
  endfacet
  facet normal 0 0 1
    outer loop
      vertex 21.6268 -2 2.4
      vertex 23.8362 -2 2.4
      vertex 21.6268 2 2.4
    endloop
  endfacet
  facet normal 0 0 1
    outer loop
      vertex 21.3935 3.77225 2.4
      vertex 23.5601 4.15427 2.4
      vertex 23.1084 6.19186 2.4
    endloop
  endfacet
  facet normal 0 0 1
    outer loop
      vertex 23.8362 -2 2.4
      vertex 21.6268 -2 2.4
      vertex 23.8325 -2.08507 2.4
    endloop
  endfacet
  facet normal 0 0 1
    outer loop
      vertex 20.9833 5.62245 2.4
      vertex 23.1084 6.19186 2.4
      vertex 22.4808 8.18233 2.4
    endloop
  endfacet
  facet normal 0 0 1
    outer loop
      vertex 23.8325 -2.08507 2.4
      vertex 21.6268 -2 2.4
      vertex 23.5601 -4.15427 2.4
    endloop
  endfacet
  facet normal 0 0 1
    outer loop
      vertex 20.4134 7.42987 2.4
      vertex 22.4808 8.18233 2.4
      vertex 21.6821 10.1105 2.4
    endloop
  endfacet
  facet normal -0 0 1
    outer loop
      vertex 21.3935 -3.77225 2.4
      vertex 23.5601 -4.15427 2.4
      vertex 21.6268 -2 2.4
    endloop
  endfacet
  facet normal 0 0 1
    outer loop
      vertex 23.5601 -4.15427 2.4
      vertex 21.3935 -3.77225 2.4
      vertex 23.1084 -6.19186 2.4
    endloop
  endfacet
  facet normal 0 0 1
    outer loop
      vertex 23.5601 4.15427 2.4
      vertex 21.3935 3.77225 2.4
      vertex 21.6268 2 2.4
    endloop
  endfacet
  facet normal 0 0 1
    outer loop
      vertex 23.1084 6.19186 2.4
      vertex 20.9833 5.62245 2.4
      vertex 21.3935 3.77225 2.4
    endloop
  endfacet
  facet normal 0 0 1
    outer loop
      vertex 19.6882 9.18076 2.4
      vertex 21.6821 10.1105 2.4
      vertex 20.7184 11.9618 2.4
    endloop
  endfacet
  facet normal 0 0 1
    outer loop
      vertex 22.4808 8.18233 2.4
      vertex 20.4134 7.42987 2.4
      vertex 20.9833 5.62245 2.4
    endloop
  endfacet
  facet normal 0 0 1
    outer loop
      vertex 21.6821 10.1105 2.4
      vertex 19.6882 9.18076 2.4
      vertex 20.4134 7.42987 2.4
    endloop
  endfacet
  facet normal 0 0 1
    outer loop
      vertex 18.8131 10.8618 2.4
      vertex 20.7184 11.9618 2.4
      vertex 19.597 13.722 2.4
    endloop
  endfacet
  facet normal 0 0 1
    outer loop
      vertex 20.7184 11.9618 2.4
      vertex 18.8131 10.8618 2.4
      vertex 19.6882 9.18076 2.4
    endloop
  endfacet
  facet normal -0 0 1
    outer loop
      vertex 16.7067 13.8783 2.4
      vertex 19.597 13.722 2.4
      vertex 18.3265 15.3777 2.4
    endloop
  endfacet
  facet normal 0 0 1
    outer loop
      vertex 16.7067 13.8783 2.4
      vertex 18.3265 15.3777 2.4
      vertex 18.269 15.4405 2.4
    endloop
  endfacet
  facet normal 0 0 1
    outer loop
      vertex 19.597 13.722 2.4
      vertex 17.7949 12.4601 2.4
      vertex 18.8131 10.8618 2.4
    endloop
  endfacet
  facet normal -0 0 1
    outer loop
      vertex 30.083 -5.30443 2.4
      vertex 32.2495 -5.68646 2.4
      vertex 30.4308 -2.66234 2.4
    endloop
  endfacet
  facet normal 0 0 1
    outer loop
      vertex 32.2495 -5.68646 2.4
      vertex 30.083 -5.30443 2.4
      vertex 31.6312 -8.47556 2.4
    endloop
  endfacet
  facet normal -0 0 1
    outer loop
      vertex 29.5062 -7.90616 2.4
      vertex 31.6312 -8.47556 2.4
      vertex 30.083 -5.30443 2.4
    endloop
  endfacet
  facet normal 0 0 1
    outer loop
      vertex 31.6312 -8.47556 2.4
      vertex 29.5062 -7.90616 2.4
      vertex 30.7722 -11.2001 2.4
    endloop
  endfacet
  facet normal -0 0 1
    outer loop
      vertex 28.7048 -10.4477 2.4
      vertex 30.7722 -11.2001 2.4
      vertex 29.5062 -7.90616 2.4
    endloop
  endfacet
  facet normal 0 0 1
    outer loop
      vertex 30.7722 -11.2001 2.4
      vertex 28.7048 -10.4477 2.4
      vertex 29.6789 -13.8395 2.4
    endloop
  endfacet
  facet normal -0 0 1
    outer loop
      vertex 27.685 -12.9097 2.4
      vertex 29.6789 -13.8395 2.4
      vertex 28.7048 -10.4477 2.4
    endloop
  endfacet
  facet normal 0 0 1
    outer loop
      vertex 29.6789 -13.8395 2.4
      vertex 27.685 -12.9097 2.4
      vertex 28.3598 -16.3735 2.4
    endloop
  endfacet
  facet normal -0 0 1
    outer loop
      vertex 26.4545 -15.2735 2.4
      vertex 28.3598 -16.3735 2.4
      vertex 27.685 -12.9097 2.4
    endloop
  endfacet
  facet normal 0 0 1
    outer loop
      vertex 28.3598 -16.3735 2.4
      vertex 26.4545 -15.2735 2.4
      vertex 26.8248 -18.7829 2.4
    endloop
  endfacet
  facet normal -0 0 1
    outer loop
      vertex 25.0227 -17.5211 2.4
      vertex 26.8248 -18.7829 2.4
      vertex 26.4545 -15.2735 2.4
    endloop
  endfacet
  facet normal 0 0 1
    outer loop
      vertex 26.8248 -18.7829 2.4
      vertex 25.0227 -17.5211 2.4
      vertex 25.0857 -21.0494 2.4
    endloop
  endfacet
  facet normal -0 0 1
    outer loop
      vertex 23.4004 -19.6353 2.4
      vertex 25.0857 -21.0494 2.4
      vertex 25.0227 -17.5211 2.4
    endloop
  endfacet
  facet normal 0 0 1
    outer loop
      vertex 25.0857 -21.0494 2.4
      vertex 23.4004 -19.6353 2.4
      vertex 24.5081 -21.6797 2.4
    endloop
  endfacet
  facet normal -0 0 1
    outer loop
      vertex 25.3069 -30.1596 2.4
      vertex 26.7211 -31.8449 2.4
      vertex 26.3632 -29.1917 2.4
    endloop
  endfacet
  facet normal 0 0 1
    outer loop
      vertex 24.082 -33.0179 2.4
      vertex 26.7211 -31.8449 2.4
      vertex 25.3069 -30.1596 2.4
    endloop
  endfacet
  facet normal 0 0 1
    outer loop
      vertex 26.7211 -31.8449 2.4
      vertex 24.4701 -33.4604 2.4
      vertex 24.5194 -33.5343 2.4
    endloop
  endfacet
  facet normal 0 0 1
    outer loop
      vertex 26.7211 -31.8449 2.4
      vertex 24.082 -33.0179 2.4
      vertex 24.4701 -33.4604 2.4
    endloop
  endfacet
  facet normal 0 0 1
    outer loop
      vertex 25.3069 -30.1596 2.4
      vertex 23.6394 -32.6298 2.4
      vertex 24.082 -33.0179 2.4
    endloop
  endfacet
  facet normal 0 0 1
    outer loop
      vertex 25.3069 -30.1596 2.4
      vertex 23.15 -32.3027 2.4
      vertex 23.6394 -32.6298 2.4
    endloop
  endfacet
  facet normal 0 -0 1
    outer loop
      vertex 23.15 -32.3027 2.4
      vertex 25.3069 -30.1596 2.4
      vertex 22.7628 -32.1118 2.4
    endloop
  endfacet
  facet normal 0.608771 0.793346 -0
    outer loop
      vertex 30.8538 36.7701 0
      vertex 27.5317 39.3193 2.4
      vertex 30.8538 36.7701 2.4
    endloop
  endfacet
  facet normal 0.608771 0.793346 0
    outer loop
      vertex 27.5317 39.3193 2.4
      vertex 30.8538 36.7701 0
      vertex 27.5317 39.3193 0
    endloop
  endfacet
  facet normal 0.537293 0.843396 -0
    outer loop
      vertex 27.5317 39.3193 0
      vertex 24 41.5692 2.4
      vertex 27.5317 39.3193 2.4
    endloop
  endfacet
  facet normal 0.537293 0.843396 0
    outer loop
      vertex 24 41.5692 2.4
      vertex 27.5317 39.3193 0
      vertex 24 41.5692 0
    endloop
  endfacet
  facet normal 0.461759 0.887005 -0
    outer loop
      vertex 24 41.5692 0
      vertex 20.2857 43.5028 2.4
      vertex 24 41.5692 2.4
    endloop
  endfacet
  facet normal 0.461759 0.887005 0
    outer loop
      vertex 20.2857 43.5028 2.4
      vertex 24 41.5692 0
      vertex 20.2857 43.5028 0
    endloop
  endfacet
  facet normal 0.38267 0.923885 -0
    outer loop
      vertex 20.2857 43.5028 0
      vertex 16.417 45.1052 2.4
      vertex 20.2857 43.5028 2.4
    endloop
  endfacet
  facet normal 0.38267 0.923885 0
    outer loop
      vertex 16.417 45.1052 2.4
      vertex 20.2857 43.5028 0
      vertex 16.417 45.1052 0
    endloop
  endfacet
  facet normal 0.300704 0.953718 -0
    outer loop
      vertex 16.417 45.1052 0
      vertex 12.4233 46.3644 2.4
      vertex 16.417 45.1052 2.4
    endloop
  endfacet
  facet normal 0.300704 0.953718 0
    outer loop
      vertex 12.4233 46.3644 2.4
      vertex 16.417 45.1052 0
      vertex 12.4233 46.3644 0
    endloop
  endfacet
  facet normal 0.216455 0.976293 -0
    outer loop
      vertex 12.4233 46.3644 0
      vertex 8.3351 47.2708 2.4
      vertex 12.4233 46.3644 2.4
    endloop
  endfacet
  facet normal 0.216455 0.976293 0
    outer loop
      vertex 8.3351 47.2708 2.4
      vertex 12.4233 46.3644 0
      vertex 8.3351 47.2708 0
    endloop
  endfacet
  facet normal 0.130509 0.991447 -0
    outer loop
      vertex 8.3351 47.2708 0
      vertex 4.18347 47.8173 2.4
      vertex 8.3351 47.2708 2.4
    endloop
  endfacet
  facet normal 0.130509 0.991447 0
    outer loop
      vertex 4.18347 47.8173 2.4
      vertex 8.3351 47.2708 0
      vertex 4.18347 47.8173 0
    endloop
  endfacet
  facet normal 0.0436303 0.999048 -0
    outer loop
      vertex 4.18347 47.8173 0
      vertex 0 48 2.4
      vertex 4.18347 47.8173 2.4
    endloop
  endfacet
  facet normal 0.0436303 0.999048 0
    outer loop
      vertex 0 48 2.4
      vertex 4.18347 47.8173 0
      vertex 0 48 0
    endloop
  endfacet
  facet normal -0.0436303 0.999048 0
    outer loop
      vertex 0 48 0
      vertex -4.18347 47.8173 2.4
      vertex 0 48 2.4
    endloop
  endfacet
  facet normal -0.0436303 0.999048 0
    outer loop
      vertex -4.18347 47.8173 2.4
      vertex 0 48 0
      vertex -4.18347 47.8173 0
    endloop
  endfacet
  facet normal -0.130509 0.991447 0
    outer loop
      vertex -4.18347 47.8173 0
      vertex -8.3351 47.2708 2.4
      vertex -4.18347 47.8173 2.4
    endloop
  endfacet
  facet normal -0.130509 0.991447 0
    outer loop
      vertex -8.3351 47.2708 2.4
      vertex -4.18347 47.8173 0
      vertex -8.3351 47.2708 0
    endloop
  endfacet
  facet normal -0.216455 0.976293 0
    outer loop
      vertex -8.3351 47.2708 0
      vertex -12.4233 46.3644 2.4
      vertex -8.3351 47.2708 2.4
    endloop
  endfacet
  facet normal -0.216455 0.976293 0
    outer loop
      vertex -12.4233 46.3644 2.4
      vertex -8.3351 47.2708 0
      vertex -12.4233 46.3644 0
    endloop
  endfacet
  facet normal -0.300704 0.953718 0
    outer loop
      vertex -12.4233 46.3644 0
      vertex -16.417 45.1052 2.4
      vertex -12.4233 46.3644 2.4
    endloop
  endfacet
  facet normal -0.300704 0.953718 0
    outer loop
      vertex -16.417 45.1052 2.4
      vertex -12.4233 46.3644 0
      vertex -16.417 45.1052 0
    endloop
  endfacet
  facet normal -0.38267 0.923885 0
    outer loop
      vertex -16.417 45.1052 0
      vertex -20.2857 43.5028 2.4
      vertex -16.417 45.1052 2.4
    endloop
  endfacet
  facet normal -0.38267 0.923885 0
    outer loop
      vertex -20.2857 43.5028 2.4
      vertex -16.417 45.1052 0
      vertex -20.2857 43.5028 0
    endloop
  endfacet
  facet normal -0.461759 0.887005 0
    outer loop
      vertex -20.2857 43.5028 0
      vertex -24 41.5692 2.4
      vertex -20.2857 43.5028 2.4
    endloop
  endfacet
  facet normal -0.461759 0.887005 0
    outer loop
      vertex -24 41.5692 2.4
      vertex -20.2857 43.5028 0
      vertex -24 41.5692 0
    endloop
  endfacet
  facet normal -0.537293 0.843396 0
    outer loop
      vertex -24 41.5692 0
      vertex -27.5317 39.3193 2.4
      vertex -24 41.5692 2.4
    endloop
  endfacet
  facet normal -0.537293 0.843396 0
    outer loop
      vertex -27.5317 39.3193 2.4
      vertex -24 41.5692 0
      vertex -27.5317 39.3193 0
    endloop
  endfacet
  facet normal -0.608771 0.793346 0
    outer loop
      vertex -27.5317 39.3193 0
      vertex -30.8538 36.7701 2.4
      vertex -27.5317 39.3193 2.4
    endloop
  endfacet
  facet normal -0.608771 0.793346 0
    outer loop
      vertex -30.8538 36.7701 2.4
      vertex -27.5317 39.3193 0
      vertex -30.8538 36.7701 0
    endloop
  endfacet
  facet normal -0.675592 0.737276 0
    outer loop
      vertex -30.8538 36.7701 0
      vertex -33.9411 33.9411 2.4
      vertex -30.8538 36.7701 2.4
    endloop
  endfacet
  facet normal -0.675592 0.737276 0
    outer loop
      vertex -33.9411 33.9411 2.4
      vertex -30.8538 36.7701 0
      vertex -33.9411 33.9411 0
    endloop
  endfacet
  facet normal -0.737276 0.675592 0
    outer loop
      vertex -36.7701 30.8538 0
      vertex -33.9411 33.9411 2.4
      vertex -33.9411 33.9411 0
    endloop
  endfacet
  facet normal -0.737276 0.675592 0
    outer loop
      vertex -33.9411 33.9411 2.4
      vertex -36.7701 30.8538 0
      vertex -36.7701 30.8538 2.4
    endloop
  endfacet
  facet normal -0.793346 0.608771 0
    outer loop
      vertex -39.3193 27.5317 0
      vertex -36.7701 30.8538 2.4
      vertex -36.7701 30.8538 0
    endloop
  endfacet
  facet normal -0.793346 0.608771 0
    outer loop
      vertex -36.7701 30.8538 2.4
      vertex -39.3193 27.5317 0
      vertex -39.3193 27.5317 2.4
    endloop
  endfacet
  facet normal -0.843396 0.537293 0
    outer loop
      vertex -41.5692 24 0
      vertex -39.3193 27.5317 2.4
      vertex -39.3193 27.5317 0
    endloop
  endfacet
  facet normal -0.843396 0.537293 0
    outer loop
      vertex -39.3193 27.5317 2.4
      vertex -41.5692 24 0
      vertex -41.5692 24 2.4
    endloop
  endfacet
  facet normal -0.887005 0.461759 0
    outer loop
      vertex -43.5028 20.2857 0
      vertex -41.5692 24 2.4
      vertex -41.5692 24 0
    endloop
  endfacet
  facet normal -0.887005 0.461759 0
    outer loop
      vertex -41.5692 24 2.4
      vertex -43.5028 20.2857 0
      vertex -43.5028 20.2857 2.4
    endloop
  endfacet
  facet normal -0.923885 0.38267 0
    outer loop
      vertex -45.1052 16.417 0
      vertex -43.5028 20.2857 2.4
      vertex -43.5028 20.2857 0
    endloop
  endfacet
  facet normal -0.923885 0.38267 0
    outer loop
      vertex -43.5028 20.2857 2.4
      vertex -45.1052 16.417 0
      vertex -45.1052 16.417 2.4
    endloop
  endfacet
  facet normal -0.953718 0.300704 0
    outer loop
      vertex -46.3644 12.4233 0
      vertex -45.1052 16.417 2.4
      vertex -45.1052 16.417 0
    endloop
  endfacet
  facet normal -0.953718 0.300704 0
    outer loop
      vertex -45.1052 16.417 2.4
      vertex -46.3644 12.4233 0
      vertex -46.3644 12.4233 2.4
    endloop
  endfacet
  facet normal -0.976293 0.216455 0
    outer loop
      vertex -47.2708 8.3351 0
      vertex -46.3644 12.4233 2.4
      vertex -46.3644 12.4233 0
    endloop
  endfacet
  facet normal -0.976293 0.216455 0
    outer loop
      vertex -46.3644 12.4233 2.4
      vertex -47.2708 8.3351 0
      vertex -47.2708 8.3351 2.4
    endloop
  endfacet
  facet normal -0.991447 0.130509 0
    outer loop
      vertex -47.8173 4.18347 0
      vertex -47.2708 8.3351 2.4
      vertex -47.2708 8.3351 0
    endloop
  endfacet
  facet normal -0.991447 0.130509 0
    outer loop
      vertex -47.2708 8.3351 2.4
      vertex -47.8173 4.18347 0
      vertex -47.8173 4.18347 2.4
    endloop
  endfacet
  facet normal -0.999048 0.0436303 0
    outer loop
      vertex -48 0 0
      vertex -47.8173 4.18347 2.4
      vertex -47.8173 4.18347 0
    endloop
  endfacet
  facet normal -0.999048 0.0436303 0
    outer loop
      vertex -47.8173 4.18347 2.4
      vertex -48 0 0
      vertex -48 0 2.4
    endloop
  endfacet
  facet normal -0.999048 -0.0436303 0
    outer loop
      vertex -47.8173 -4.18347 0
      vertex -48 0 2.4
      vertex -48 0 0
    endloop
  endfacet
  facet normal -0.999048 -0.0436303 0
    outer loop
      vertex -48 0 2.4
      vertex -47.8173 -4.18347 0
      vertex -47.8173 -4.18347 2.4
    endloop
  endfacet
  facet normal -0.991447 -0.130509 0
    outer loop
      vertex -47.2708 -8.3351 0
      vertex -47.8173 -4.18347 2.4
      vertex -47.8173 -4.18347 0
    endloop
  endfacet
  facet normal -0.991447 -0.130509 0
    outer loop
      vertex -47.8173 -4.18347 2.4
      vertex -47.2708 -8.3351 0
      vertex -47.2708 -8.3351 2.4
    endloop
  endfacet
  facet normal -0.976293 -0.216455 0
    outer loop
      vertex -46.3644 -12.4233 0
      vertex -47.2708 -8.3351 2.4
      vertex -47.2708 -8.3351 0
    endloop
  endfacet
  facet normal -0.976293 -0.216455 0
    outer loop
      vertex -47.2708 -8.3351 2.4
      vertex -46.3644 -12.4233 0
      vertex -46.3644 -12.4233 2.4
    endloop
  endfacet
  facet normal -0.953718 -0.300704 0
    outer loop
      vertex -45.1052 -16.417 0
      vertex -46.3644 -12.4233 2.4
      vertex -46.3644 -12.4233 0
    endloop
  endfacet
  facet normal -0.953718 -0.300704 0
    outer loop
      vertex -46.3644 -12.4233 2.4
      vertex -45.1052 -16.417 0
      vertex -45.1052 -16.417 2.4
    endloop
  endfacet
  facet normal -0.923885 -0.38267 0
    outer loop
      vertex -43.5028 -20.2857 0
      vertex -45.1052 -16.417 2.4
      vertex -45.1052 -16.417 0
    endloop
  endfacet
  facet normal -0.923885 -0.38267 0
    outer loop
      vertex -45.1052 -16.417 2.4
      vertex -43.5028 -20.2857 0
      vertex -43.5028 -20.2857 2.4
    endloop
  endfacet
  facet normal -0.887005 -0.461759 0
    outer loop
      vertex -41.5692 -24 0
      vertex -43.5028 -20.2857 2.4
      vertex -43.5028 -20.2857 0
    endloop
  endfacet
  facet normal -0.887005 -0.461759 0
    outer loop
      vertex -43.5028 -20.2857 2.4
      vertex -41.5692 -24 0
      vertex -41.5692 -24 2.4
    endloop
  endfacet
  facet normal -0.843396 -0.537293 0
    outer loop
      vertex -39.3193 -27.5317 0
      vertex -41.5692 -24 2.4
      vertex -41.5692 -24 0
    endloop
  endfacet
  facet normal -0.843396 -0.537293 0
    outer loop
      vertex -41.5692 -24 2.4
      vertex -39.3193 -27.5317 0
      vertex -39.3193 -27.5317 2.4
    endloop
  endfacet
  facet normal -0.793346 -0.608771 0
    outer loop
      vertex -36.7701 -30.8538 0
      vertex -39.3193 -27.5317 2.4
      vertex -39.3193 -27.5317 0
    endloop
  endfacet
  facet normal -0.793346 -0.608771 0
    outer loop
      vertex -39.3193 -27.5317 2.4
      vertex -36.7701 -30.8538 0
      vertex -36.7701 -30.8538 2.4
    endloop
  endfacet
  facet normal -0.737276 -0.675592 0
    outer loop
      vertex -33.9411 -33.9411 0
      vertex -36.7701 -30.8538 2.4
      vertex -36.7701 -30.8538 0
    endloop
  endfacet
  facet normal -0.737276 -0.675592 0
    outer loop
      vertex -36.7701 -30.8538 2.4
      vertex -33.9411 -33.9411 0
      vertex -33.9411 -33.9411 2.4
    endloop
  endfacet
  facet normal -0.675592 -0.737276 0
    outer loop
      vertex -33.9411 -33.9411 0
      vertex -30.8538 -36.7701 2.4
      vertex -33.9411 -33.9411 2.4
    endloop
  endfacet
  facet normal -0.675592 -0.737276 -0
    outer loop
      vertex -30.8538 -36.7701 2.4
      vertex -33.9411 -33.9411 0
      vertex -30.8538 -36.7701 0
    endloop
  endfacet
  facet normal -0.608771 -0.793346 0
    outer loop
      vertex -30.8538 -36.7701 0
      vertex -27.5317 -39.3193 2.4
      vertex -30.8538 -36.7701 2.4
    endloop
  endfacet
  facet normal -0.608771 -0.793346 -0
    outer loop
      vertex -27.5317 -39.3193 2.4
      vertex -30.8538 -36.7701 0
      vertex -27.5317 -39.3193 0
    endloop
  endfacet
  facet normal -0.537293 -0.843396 0
    outer loop
      vertex -27.5317 -39.3193 0
      vertex -24 -41.5692 2.4
      vertex -27.5317 -39.3193 2.4
    endloop
  endfacet
  facet normal -0.537293 -0.843396 -0
    outer loop
      vertex -24 -41.5692 2.4
      vertex -27.5317 -39.3193 0
      vertex -24 -41.5692 0
    endloop
  endfacet
  facet normal -0.461759 -0.887005 0
    outer loop
      vertex -24 -41.5692 0
      vertex -20.2857 -43.5028 2.4
      vertex -24 -41.5692 2.4
    endloop
  endfacet
  facet normal -0.461759 -0.887005 -0
    outer loop
      vertex -20.2857 -43.5028 2.4
      vertex -24 -41.5692 0
      vertex -20.2857 -43.5028 0
    endloop
  endfacet
  facet normal -0.38267 -0.923885 0
    outer loop
      vertex -20.2857 -43.5028 0
      vertex -16.417 -45.1052 2.4
      vertex -20.2857 -43.5028 2.4
    endloop
  endfacet
  facet normal -0.38267 -0.923885 -0
    outer loop
      vertex -16.417 -45.1052 2.4
      vertex -20.2857 -43.5028 0
      vertex -16.417 -45.1052 0
    endloop
  endfacet
  facet normal -0.300704 -0.953718 0
    outer loop
      vertex -16.417 -45.1052 0
      vertex -12.4233 -46.3644 2.4
      vertex -16.417 -45.1052 2.4
    endloop
  endfacet
  facet normal -0.300704 -0.953718 -0
    outer loop
      vertex -12.4233 -46.3644 2.4
      vertex -16.417 -45.1052 0
      vertex -12.4233 -46.3644 0
    endloop
  endfacet
  facet normal -0.216455 -0.976293 0
    outer loop
      vertex -12.4233 -46.3644 0
      vertex -8.3351 -47.2708 2.4
      vertex -12.4233 -46.3644 2.4
    endloop
  endfacet
  facet normal -0.216455 -0.976293 -0
    outer loop
      vertex -8.3351 -47.2708 2.4
      vertex -12.4233 -46.3644 0
      vertex -8.3351 -47.2708 0
    endloop
  endfacet
  facet normal -0.130509 -0.991447 0
    outer loop
      vertex -8.3351 -47.2708 0
      vertex -4.18347 -47.8173 2.4
      vertex -8.3351 -47.2708 2.4
    endloop
  endfacet
  facet normal -0.130509 -0.991447 -0
    outer loop
      vertex -4.18347 -47.8173 2.4
      vertex -8.3351 -47.2708 0
      vertex -4.18347 -47.8173 0
    endloop
  endfacet
  facet normal -0.0436303 -0.999048 0
    outer loop
      vertex -4.18347 -47.8173 0
      vertex 0 -48 2.4
      vertex -4.18347 -47.8173 2.4
    endloop
  endfacet
  facet normal -0.0436303 -0.999048 -0
    outer loop
      vertex 0 -48 2.4
      vertex -4.18347 -47.8173 0
      vertex 0 -48 0
    endloop
  endfacet
  facet normal 0.0436303 -0.999048 0
    outer loop
      vertex 0 -48 0
      vertex 4.18347 -47.8173 2.4
      vertex 0 -48 2.4
    endloop
  endfacet
  facet normal 0.0436303 -0.999048 0
    outer loop
      vertex 4.18347 -47.8173 2.4
      vertex 0 -48 0
      vertex 4.18347 -47.8173 0
    endloop
  endfacet
  facet normal 0.130509 -0.991447 0
    outer loop
      vertex 4.18347 -47.8173 0
      vertex 8.3351 -47.2708 2.4
      vertex 4.18347 -47.8173 2.4
    endloop
  endfacet
  facet normal 0.130509 -0.991447 0
    outer loop
      vertex 8.3351 -47.2708 2.4
      vertex 4.18347 -47.8173 0
      vertex 8.3351 -47.2708 0
    endloop
  endfacet
  facet normal 0.216455 -0.976293 0
    outer loop
      vertex 8.3351 -47.2708 0
      vertex 12.4233 -46.3644 2.4
      vertex 8.3351 -47.2708 2.4
    endloop
  endfacet
  facet normal 0.216455 -0.976293 0
    outer loop
      vertex 12.4233 -46.3644 2.4
      vertex 8.3351 -47.2708 0
      vertex 12.4233 -46.3644 0
    endloop
  endfacet
  facet normal 0.300704 -0.953718 0
    outer loop
      vertex 12.4233 -46.3644 0
      vertex 16.417 -45.1052 2.4
      vertex 12.4233 -46.3644 2.4
    endloop
  endfacet
  facet normal 0.300704 -0.953718 0
    outer loop
      vertex 16.417 -45.1052 2.4
      vertex 12.4233 -46.3644 0
      vertex 16.417 -45.1052 0
    endloop
  endfacet
  facet normal 0.38267 -0.923885 0
    outer loop
      vertex 16.417 -45.1052 0
      vertex 20.2857 -43.5028 2.4
      vertex 16.417 -45.1052 2.4
    endloop
  endfacet
  facet normal 0.38267 -0.923885 0
    outer loop
      vertex 20.2857 -43.5028 2.4
      vertex 16.417 -45.1052 0
      vertex 20.2857 -43.5028 0
    endloop
  endfacet
  facet normal 0.461759 -0.887005 0
    outer loop
      vertex 20.2857 -43.5028 0
      vertex 24 -41.5692 2.4
      vertex 20.2857 -43.5028 2.4
    endloop
  endfacet
  facet normal 0.461759 -0.887005 0
    outer loop
      vertex 24 -41.5692 2.4
      vertex 20.2857 -43.5028 0
      vertex 24 -41.5692 0
    endloop
  endfacet
  facet normal 0.537293 -0.843396 0
    outer loop
      vertex 24 -41.5692 0
      vertex 27.5317 -39.3193 2.4
      vertex 24 -41.5692 2.4
    endloop
  endfacet
  facet normal 0.537293 -0.843396 0
    outer loop
      vertex 27.5317 -39.3193 2.4
      vertex 24 -41.5692 0
      vertex 27.5317 -39.3193 0
    endloop
  endfacet
  facet normal 0.608771 -0.793346 0
    outer loop
      vertex 27.5317 -39.3193 0
      vertex 30.8538 -36.7701 2.4
      vertex 27.5317 -39.3193 2.4
    endloop
  endfacet
  facet normal 0.608771 -0.793346 0
    outer loop
      vertex 30.8538 -36.7701 2.4
      vertex 27.5317 -39.3193 0
      vertex 30.8538 -36.7701 0
    endloop
  endfacet
  facet normal 0.675592 -0.737276 0
    outer loop
      vertex 30.8538 -36.7701 0
      vertex 33.9411 -33.9411 2.4
      vertex 30.8538 -36.7701 2.4
    endloop
  endfacet
  facet normal 0.675592 -0.737276 0
    outer loop
      vertex 33.9411 -33.9411 2.4
      vertex 30.8538 -36.7701 0
      vertex 33.9411 -33.9411 0
    endloop
  endfacet
  facet normal 0.737276 -0.675592 0
    outer loop
      vertex 33.9411 -33.9411 2.4
      vertex 36.7701 -30.8538 0
      vertex 36.7701 -30.8538 2.4
    endloop
  endfacet
  facet normal 0.737276 -0.675592 0
    outer loop
      vertex 36.7701 -30.8538 0
      vertex 33.9411 -33.9411 2.4
      vertex 33.9411 -33.9411 0
    endloop
  endfacet
  facet normal 0.793346 -0.608771 0
    outer loop
      vertex 36.7701 -30.8538 2.4
      vertex 39.3193 -27.5317 0
      vertex 39.3193 -27.5317 2.4
    endloop
  endfacet
  facet normal 0.793346 -0.608771 0
    outer loop
      vertex 39.3193 -27.5317 0
      vertex 36.7701 -30.8538 2.4
      vertex 36.7701 -30.8538 0
    endloop
  endfacet
  facet normal 0.843396 -0.537293 0
    outer loop
      vertex 39.3193 -27.5317 2.4
      vertex 41.5692 -24 0
      vertex 41.5692 -24 2.4
    endloop
  endfacet
  facet normal 0.843396 -0.537293 0
    outer loop
      vertex 41.5692 -24 0
      vertex 39.3193 -27.5317 2.4
      vertex 39.3193 -27.5317 0
    endloop
  endfacet
  facet normal 0.887005 -0.461759 0
    outer loop
      vertex 41.5692 -24 2.4
      vertex 43.5028 -20.2857 0
      vertex 43.5028 -20.2857 2.4
    endloop
  endfacet
  facet normal 0.887005 -0.461759 0
    outer loop
      vertex 43.5028 -20.2857 0
      vertex 41.5692 -24 2.4
      vertex 41.5692 -24 0
    endloop
  endfacet
  facet normal 0.923885 -0.38267 0
    outer loop
      vertex 43.5028 -20.2857 2.4
      vertex 45.1052 -16.417 0
      vertex 45.1052 -16.417 2.4
    endloop
  endfacet
  facet normal 0.923885 -0.38267 0
    outer loop
      vertex 45.1052 -16.417 0
      vertex 43.5028 -20.2857 2.4
      vertex 43.5028 -20.2857 0
    endloop
  endfacet
  facet normal 0.953718 -0.300704 0
    outer loop
      vertex 45.1052 -16.417 2.4
      vertex 46.3644 -12.4233 0
      vertex 46.3644 -12.4233 2.4
    endloop
  endfacet
  facet normal 0.953718 -0.300704 0
    outer loop
      vertex 46.3644 -12.4233 0
      vertex 45.1052 -16.417 2.4
      vertex 45.1052 -16.417 0
    endloop
  endfacet
  facet normal 0.976293 -0.216455 0
    outer loop
      vertex 46.3644 -12.4233 2.4
      vertex 47.2708 -8.3351 0
      vertex 47.2708 -8.3351 2.4
    endloop
  endfacet
  facet normal 0.976293 -0.216455 0
    outer loop
      vertex 47.2708 -8.3351 0
      vertex 46.3644 -12.4233 2.4
      vertex 46.3644 -12.4233 0
    endloop
  endfacet
  facet normal 0.991447 -0.130509 0
    outer loop
      vertex 47.2708 -8.3351 2.4
      vertex 47.8173 -4.18347 0
      vertex 47.8173 -4.18347 2.4
    endloop
  endfacet
  facet normal 0.991447 -0.130509 0
    outer loop
      vertex 47.8173 -4.18347 0
      vertex 47.2708 -8.3351 2.4
      vertex 47.2708 -8.3351 0
    endloop
  endfacet
  facet normal 0.999048 -0.0436303 0
    outer loop
      vertex 47.8173 -4.18347 2.4
      vertex 48 0 0
      vertex 48 0 2.4
    endloop
  endfacet
  facet normal 0.999048 -0.0436303 0
    outer loop
      vertex 48 0 0
      vertex 47.8173 -4.18347 2.4
      vertex 47.8173 -4.18347 0
    endloop
  endfacet
  facet normal 0.999048 0.0436303 0
    outer loop
      vertex 48 0 2.4
      vertex 47.8173 4.18347 0
      vertex 47.8173 4.18347 2.4
    endloop
  endfacet
  facet normal 0.999048 0.0436303 0
    outer loop
      vertex 47.8173 4.18347 0
      vertex 48 0 2.4
      vertex 48 0 0
    endloop
  endfacet
  facet normal 0.991447 0.130509 0
    outer loop
      vertex 47.8173 4.18347 2.4
      vertex 47.2708 8.3351 0
      vertex 47.2708 8.3351 2.4
    endloop
  endfacet
  facet normal 0.991447 0.130509 0
    outer loop
      vertex 47.2708 8.3351 0
      vertex 47.8173 4.18347 2.4
      vertex 47.8173 4.18347 0
    endloop
  endfacet
  facet normal 0.976293 0.216455 0
    outer loop
      vertex 47.2708 8.3351 2.4
      vertex 46.3644 12.4233 0
      vertex 46.3644 12.4233 2.4
    endloop
  endfacet
  facet normal 0.976293 0.216455 0
    outer loop
      vertex 46.3644 12.4233 0
      vertex 47.2708 8.3351 2.4
      vertex 47.2708 8.3351 0
    endloop
  endfacet
  facet normal 0.953718 0.300704 0
    outer loop
      vertex 46.3644 12.4233 2.4
      vertex 45.1052 16.417 0
      vertex 45.1052 16.417 2.4
    endloop
  endfacet
  facet normal 0.953718 0.300704 0
    outer loop
      vertex 45.1052 16.417 0
      vertex 46.3644 12.4233 2.4
      vertex 46.3644 12.4233 0
    endloop
  endfacet
  facet normal 0.923885 0.38267 0
    outer loop
      vertex 45.1052 16.417 2.4
      vertex 43.5028 20.2857 0
      vertex 43.5028 20.2857 2.4
    endloop
  endfacet
  facet normal 0.923885 0.38267 0
    outer loop
      vertex 43.5028 20.2857 0
      vertex 45.1052 16.417 2.4
      vertex 45.1052 16.417 0
    endloop
  endfacet
  facet normal 0.887005 0.461759 0
    outer loop
      vertex 43.5028 20.2857 2.4
      vertex 41.5692 24 0
      vertex 41.5692 24 2.4
    endloop
  endfacet
  facet normal 0.887005 0.461759 0
    outer loop
      vertex 41.5692 24 0
      vertex 43.5028 20.2857 2.4
      vertex 43.5028 20.2857 0
    endloop
  endfacet
  facet normal 0.843396 0.537293 0
    outer loop
      vertex 41.5692 24 2.4
      vertex 39.3193 27.5317 0
      vertex 39.3193 27.5317 2.4
    endloop
  endfacet
  facet normal 0.843396 0.537293 0
    outer loop
      vertex 39.3193 27.5317 0
      vertex 41.5692 24 2.4
      vertex 41.5692 24 0
    endloop
  endfacet
  facet normal 0.793346 0.608771 0
    outer loop
      vertex 39.3193 27.5317 2.4
      vertex 36.7701 30.8538 0
      vertex 36.7701 30.8538 2.4
    endloop
  endfacet
  facet normal 0.793346 0.608771 0
    outer loop
      vertex 36.7701 30.8538 0
      vertex 39.3193 27.5317 2.4
      vertex 39.3193 27.5317 0
    endloop
  endfacet
  facet normal 0.737276 0.675592 0
    outer loop
      vertex 36.7701 30.8538 2.4
      vertex 33.9411 33.9411 0
      vertex 33.9411 33.9411 2.4
    endloop
  endfacet
  facet normal 0.737276 0.675592 0
    outer loop
      vertex 33.9411 33.9411 0
      vertex 36.7701 30.8538 2.4
      vertex 36.7701 30.8538 0
    endloop
  endfacet
  facet normal 0.675592 0.737276 -0
    outer loop
      vertex 33.9411 33.9411 0
      vertex 30.8538 36.7701 2.4
      vertex 33.9411 33.9411 2.4
    endloop
  endfacet
  facet normal 0.675592 0.737276 0
    outer loop
      vertex 30.8538 36.7701 2.4
      vertex 33.9411 33.9411 0
      vertex 30.8538 36.7701 0
    endloop
  endfacet
  facet normal 0.675587 -0.737281 0
    outer loop
      vertex -29.6367 32.4652 0
      vertex -28.2827 33.7059 2.3
      vertex -29.6367 32.4652 2.3
    endloop
  endfacet
  facet normal 0.675587 -0.737281 0
    outer loop
      vertex -28.2827 33.7059 2.3
      vertex -29.6367 32.4652 0
      vertex -28.2827 33.7059 0
    endloop
  endfacet
  facet normal 0.608771 -0.793346 0
    outer loop
      vertex -28.2827 33.7059 0
      vertex -25.2374 36.0427 2.3
      vertex -28.2827 33.7059 2.3
    endloop
  endfacet
  facet normal 0.608771 -0.793346 0
    outer loop
      vertex -25.2374 36.0427 2.3
      vertex -28.2827 33.7059 0
      vertex -25.2374 36.0427 0
    endloop
  endfacet
  facet normal 0.53729 -0.843397 0
    outer loop
      vertex -25.2374 36.0427 0
      vertex -22 38.1051 2.3
      vertex -25.2374 36.0427 2.3
    endloop
  endfacet
  facet normal 0.53729 -0.843397 0
    outer loop
      vertex -22 38.1051 2.3
      vertex -25.2374 36.0427 0
      vertex -22 38.1051 0
    endloop
  endfacet
  facet normal 0.461743 -0.887014 0
    outer loop
      vertex -22 38.1051 0
      vertex -18.5952 39.8775 2.3
      vertex -22 38.1051 2.3
    endloop
  endfacet
  facet normal 0.461743 -0.887014 0
    outer loop
      vertex -18.5952 39.8775 2.3
      vertex -22 38.1051 0
      vertex -18.5952 39.8775 0
    endloop
  endfacet
  facet normal 0.3827 -0.923873 0
    outer loop
      vertex -18.5952 39.8775 0
      vertex -15.0489 41.3465 2.3
      vertex -18.5952 39.8775 2.3
    endloop
  endfacet
  facet normal 0.3827 -0.923873 0
    outer loop
      vertex -15.0489 41.3465 2.3
      vertex -18.5952 39.8775 0
      vertex -15.0489 41.3465 0
    endloop
  endfacet
  facet normal 0.300687 -0.953723 0
    outer loop
      vertex -15.0489 41.3465 0
      vertex -11.388 42.5007 2.3
      vertex -15.0489 41.3465 2.3
    endloop
  endfacet
  facet normal 0.300687 -0.953723 0
    outer loop
      vertex -11.388 42.5007 2.3
      vertex -15.0489 41.3465 0
      vertex -11.388 42.5007 0
    endloop
  endfacet
  facet normal 0.216441 -0.976296 0
    outer loop
      vertex -11.388 42.5007 0
      vertex -7.64052 43.3315 2.3
      vertex -11.388 42.5007 2.3
    endloop
  endfacet
  facet normal 0.216441 -0.976296 0
    outer loop
      vertex -7.64052 43.3315 2.3
      vertex -11.388 42.5007 0
      vertex -7.64052 43.3315 0
    endloop
  endfacet
  facet normal 0.130545 -0.991442 0
    outer loop
      vertex -7.64052 43.3315 0
      vertex -3.83484 43.8326 2.3
      vertex -7.64052 43.3315 2.3
    endloop
  endfacet
  facet normal 0.130545 -0.991442 0
    outer loop
      vertex -3.83484 43.8326 2.3
      vertex -7.64052 43.3315 0
      vertex -3.83484 43.8326 0
    endloop
  endfacet
  facet normal 0.0436135 -0.999048 0
    outer loop
      vertex -3.83484 43.8326 0
      vertex -2 43.9127 2.3
      vertex -3.83484 43.8326 2.3
    endloop
  endfacet
  facet normal 0.0436135 -0.999048 0
    outer loop
      vertex -2 43.9127 2.3
      vertex -3.83484 43.8326 0
      vertex -2 43.9127 0
    endloop
  endfacet
  facet normal -1 0 0
    outer loop
      vertex -2 43.9127 0
      vertex -2 41.5127 2.3
      vertex -2 43.9127 2.3
    endloop
  endfacet
  facet normal -1 0 0
    outer loop
      vertex -2 41.4833 0
      vertex -2 41.5127 2.3
      vertex -2 43.9127 0
    endloop
  endfacet
  facet normal -1 0 0
    outer loop
      vertex -2 41.4833 2.4
      vertex -2 41.5127 2.3
      vertex -2 41.4833 0
    endloop
  endfacet
  facet normal -1 0 0
    outer loop
      vertex -2 41.5127 2.3
      vertex -2 41.4833 2.4
      vertex -2 41.5127 2.4
    endloop
  endfacet
  facet normal -0.04364 0.999047 0
    outer loop
      vertex -2 41.4833 0
      vertex -3.62311 41.4124 2.4
      vertex -2 41.4833 2.4
    endloop
  endfacet
  facet normal -0.04364 0.999047 0
    outer loop
      vertex -3.62311 41.4124 2.4
      vertex -2 41.4833 0
      vertex -3.62311 41.4124 0
    endloop
  endfacet
  facet normal -0.130537 0.991443 0
    outer loop
      vertex -3.62311 41.4124 0
      vertex -7.21864 40.939 2.4
      vertex -3.62311 41.4124 2.4
    endloop
  endfacet
  facet normal -0.130537 0.991443 0
    outer loop
      vertex -7.21864 40.939 2.4
      vertex -3.62311 41.4124 0
      vertex -7.21864 40.939 0
    endloop
  endfacet
  facet normal -0.216434 0.976297 0
    outer loop
      vertex -7.21864 40.939 0
      vertex -10.7592 40.1541 2.4
      vertex -7.21864 40.939 2.4
    endloop
  endfacet
  facet normal -0.216434 0.976297 0
    outer loop
      vertex -10.7592 40.1541 2.4
      vertex -7.21864 40.939 0
      vertex -10.7592 40.1541 0
    endloop
  endfacet
  facet normal -0.300692 0.953721 0
    outer loop
      vertex -10.7592 40.1541 0
      vertex -14.218 39.0636 2.4
      vertex -10.7592 40.1541 2.4
    endloop
  endfacet
  facet normal -0.300692 0.953721 0
    outer loop
      vertex -14.218 39.0636 2.4
      vertex -10.7592 40.1541 0
      vertex -14.218 39.0636 0
    endloop
  endfacet
  facet normal -0.382702 0.923872 0
    outer loop
      vertex -14.218 39.0636 0
      vertex -17.5685 37.6757 2.4
      vertex -14.218 39.0636 2.4
    endloop
  endfacet
  facet normal -0.382702 0.923872 0
    outer loop
      vertex -17.5685 37.6757 2.4
      vertex -14.218 39.0636 0
      vertex -17.5685 37.6757 0
    endloop
  endfacet
  facet normal -0.461736 0.887018 0
    outer loop
      vertex -17.5685 37.6757 0
      vertex -20.7853 36.0012 2.4
      vertex -17.5685 37.6757 2.4
    endloop
  endfacet
  facet normal -0.461736 0.887018 0
    outer loop
      vertex -20.7853 36.0012 2.4
      vertex -17.5685 37.6757 0
      vertex -20.7853 36.0012 0
    endloop
  endfacet
  facet normal -0.537311 0.843384 0
    outer loop
      vertex -20.7853 36.0012 0
      vertex -23.8439 34.0526 2.4
      vertex -20.7853 36.0012 2.4
    endloop
  endfacet
  facet normal -0.537311 0.843384 0
    outer loop
      vertex -23.8439 34.0526 2.4
      vertex -20.7853 36.0012 0
      vertex -23.8439 34.0526 0
    endloop
  endfacet
  facet normal -0.608752 0.79336 0
    outer loop
      vertex -23.8439 34.0526 0
      vertex -26.7211 31.8449 2.4
      vertex -23.8439 34.0526 2.4
    endloop
  endfacet
  facet normal -0.608752 0.79336 0
    outer loop
      vertex -26.7211 31.8449 2.4
      vertex -23.8439 34.0526 0
      vertex -26.7211 31.8449 0
    endloop
  endfacet
  facet normal -0.675596 0.737272 0
    outer loop
      vertex -26.7211 31.8449 0
      vertex -27.9189 30.7473 2.4
      vertex -26.7211 31.8449 2.4
    endloop
  endfacet
  facet normal -0.675596 0.737272 0
    outer loop
      vertex -27.9189 30.7473 2.4
      vertex -26.7211 31.8449 0
      vertex -27.9189 30.7473 0
    endloop
  endfacet
  facet normal 0.707107 0.707107 0
    outer loop
      vertex -27.9397 30.7681 2.4
      vertex -27.9189 30.7473 2.4
      vertex -27.9397 30.7681 2.3
    endloop
  endfacet
  facet normal 0.707128 0.707086 0
    outer loop
      vertex -27.9397 30.7681 2.3
      vertex -29.6367 32.4652 0
      vertex -29.6367 32.4652 2.3
    endloop
  endfacet
  facet normal 0.707127 0.707086 3.7225e-07
    outer loop
      vertex -27.9397 30.7681 2.3
      vertex -27.9189 30.7473 0
      vertex -29.6367 32.4652 0
    endloop
  endfacet
  facet normal 0.707107 0.707107 -0
    outer loop
      vertex -27.9189 30.7473 0
      vertex -27.9397 30.7681 2.3
      vertex -27.9189 30.7473 2.4
    endloop
  endfacet
  facet normal 0.608756 0.793357 -0
    outer loop
      vertex 26.7211 31.8449 0
      vertex 24.5194 33.5343 2.4
      vertex 26.7211 31.8449 2.4
    endloop
  endfacet
  facet normal 0.608756 0.793357 0
    outer loop
      vertex 24.5194 33.5343 2.4
      vertex 26.7211 31.8449 0
      vertex 24.5194 33.5343 0
    endloop
  endfacet
  facet normal 0.382696 0.923875 -0
    outer loop
      vertex 16.7818 38.0016 0
      vertex 14.218 39.0636 2.4
      vertex 16.7818 38.0016 2.4
    endloop
  endfacet
  facet normal 0.382696 0.923875 0
    outer loop
      vertex 14.218 39.0636 2.4
      vertex 16.7818 38.0016 0
      vertex 14.218 39.0636 0
    endloop
  endfacet
  facet normal 0.300692 0.953721 -0
    outer loop
      vertex 14.218 39.0636 0
      vertex 10.7592 40.1541 2.4
      vertex 14.218 39.0636 2.4
    endloop
  endfacet
  facet normal 0.300692 0.953721 0
    outer loop
      vertex 10.7592 40.1541 2.4
      vertex 14.218 39.0636 0
      vertex 10.7592 40.1541 0
    endloop
  endfacet
  facet normal 0.216434 0.976297 -0
    outer loop
      vertex 10.7592 40.1541 0
      vertex 7.21864 40.939 2.4
      vertex 10.7592 40.1541 2.4
    endloop
  endfacet
  facet normal 0.216434 0.976297 0
    outer loop
      vertex 7.21864 40.939 2.4
      vertex 10.7592 40.1541 0
      vertex 7.21864 40.939 0
    endloop
  endfacet
  facet normal 0.130537 0.991443 -0
    outer loop
      vertex 7.21864 40.939 0
      vertex 3.62311 41.4124 2.4
      vertex 7.21864 40.939 2.4
    endloop
  endfacet
  facet normal 0.130537 0.991443 0
    outer loop
      vertex 3.62311 41.4124 2.4
      vertex 7.21864 40.939 0
      vertex 3.62311 41.4124 0
    endloop
  endfacet
  facet normal 0.04364 0.999047 -0
    outer loop
      vertex 3.62311 41.4124 0
      vertex 2 41.4833 2.4
      vertex 3.62311 41.4124 2.4
    endloop
  endfacet
  facet normal 0.04364 0.999047 0
    outer loop
      vertex 2 41.4833 2.4
      vertex 3.62311 41.4124 0
      vertex 2 41.4833 0
    endloop
  endfacet
  facet normal 1 0 0
    outer loop
      vertex 2 41.5127 2.4
      vertex 2 41.4833 2.4
      vertex 2 41.5127 2.3
    endloop
  endfacet
  facet normal 1 -0 0
    outer loop
      vertex 2 41.5127 2.3
      vertex 2 43.9127 0
      vertex 2 43.9127 2.3
    endloop
  endfacet
  facet normal 1 0 0
    outer loop
      vertex 2 41.5127 2.3
      vertex 2 41.4833 0
      vertex 2 43.9127 0
    endloop
  endfacet
  facet normal 1 0 0
    outer loop
      vertex 2 41.4833 0
      vertex 2 41.5127 2.3
      vertex 2 41.4833 2.4
    endloop
  endfacet
  facet normal -0.0436135 -0.999048 0
    outer loop
      vertex 2 43.9127 0
      vertex 3.83484 43.8326 2.3
      vertex 2 43.9127 2.3
    endloop
  endfacet
  facet normal -0.0436135 -0.999048 -0
    outer loop
      vertex 3.83484 43.8326 2.3
      vertex 2 43.9127 0
      vertex 3.83484 43.8326 0
    endloop
  endfacet
  facet normal -0.130545 -0.991442 0
    outer loop
      vertex 3.83484 43.8326 0
      vertex 7.64052 43.3315 2.3
      vertex 3.83484 43.8326 2.3
    endloop
  endfacet
  facet normal -0.130545 -0.991442 -0
    outer loop
      vertex 7.64052 43.3315 2.3
      vertex 3.83484 43.8326 0
      vertex 7.64052 43.3315 0
    endloop
  endfacet
  facet normal -0.216441 -0.976296 0
    outer loop
      vertex 7.64052 43.3315 0
      vertex 11.388 42.5007 2.3
      vertex 7.64052 43.3315 2.3
    endloop
  endfacet
  facet normal -0.216441 -0.976296 -0
    outer loop
      vertex 11.388 42.5007 2.3
      vertex 7.64052 43.3315 0
      vertex 11.388 42.5007 0
    endloop
  endfacet
  facet normal -0.300687 -0.953723 0
    outer loop
      vertex 11.388 42.5007 0
      vertex 15.0489 41.3465 2.3
      vertex 11.388 42.5007 2.3
    endloop
  endfacet
  facet normal -0.300687 -0.953723 -0
    outer loop
      vertex 15.0489 41.3465 2.3
      vertex 11.388 42.5007 0
      vertex 15.0489 41.3465 0
    endloop
  endfacet
  facet normal -0.382692 -0.923876 0
    outer loop
      vertex 15.0489 41.3465 0
      vertex 18.4263 39.9475 2.3
      vertex 15.0489 41.3465 2.3
    endloop
  endfacet
  facet normal -0.382692 -0.923876 -0
    outer loop
      vertex 18.4263 39.9475 2.3
      vertex 15.0489 41.3465 0
      vertex 18.4263 39.9475 0
    endloop
  endfacet
  facet normal -0.608765 -0.79335 0
    outer loop
      vertex 25.3824 35.9314 0
      vertex 28.2827 33.7059 2.3
      vertex 25.3824 35.9314 2.3
    endloop
  endfacet
  facet normal -0.608765 -0.79335 -0
    outer loop
      vertex 28.2827 33.7059 2.3
      vertex 25.3824 35.9314 0
      vertex 28.2827 33.7059 0
    endloop
  endfacet
  facet normal -0.675587 -0.737281 0
    outer loop
      vertex 28.2827 33.7059 0
      vertex 29.6367 32.4652 2.3
      vertex 28.2827 33.7059 2.3
    endloop
  endfacet
  facet normal -0.675587 -0.737281 -0
    outer loop
      vertex 29.6367 32.4652 2.3
      vertex 28.2827 33.7059 0
      vertex 29.6367 32.4652 0
    endloop
  endfacet
  facet normal -0.707128 0.707086 0
    outer loop
      vertex 29.6367 32.4652 0
      vertex 27.9397 30.7681 2.3
      vertex 29.6367 32.4652 2.3
    endloop
  endfacet
  facet normal -0.707127 0.707086 3.7225e-07
    outer loop
      vertex 27.9189 30.7473 0
      vertex 27.9397 30.7681 2.3
      vertex 29.6367 32.4652 0
    endloop
  endfacet
  facet normal -0.707107 0.707107 0
    outer loop
      vertex 27.9189 30.7473 2.4
      vertex 27.9397 30.7681 2.3
      vertex 27.9189 30.7473 0
    endloop
  endfacet
  facet normal -0.707107 0.707107 0
    outer loop
      vertex 27.9397 30.7681 2.3
      vertex 27.9189 30.7473 2.4
      vertex 27.9397 30.7681 2.4
    endloop
  endfacet
  facet normal 0.675596 0.737272 -0
    outer loop
      vertex 27.9189 30.7473 0
      vertex 26.7211 31.8449 2.4
      vertex 27.9189 30.7473 2.4
    endloop
  endfacet
  facet normal 0.675596 0.737272 0
    outer loop
      vertex 26.7211 31.8449 2.4
      vertex 27.9189 30.7473 0
      vertex 26.7211 31.8449 0
    endloop
  endfacet
  facet normal 0.608751 0.793361 -0
    outer loop
      vertex 21.0494 25.0857 0
      vertex 18.7829 26.8248 2.4
      vertex 21.0494 25.0857 2.4
    endloop
  endfacet
  facet normal 0.608751 0.793361 0
    outer loop
      vertex 18.7829 26.8248 2.4
      vertex 21.0494 25.0857 0
      vertex 18.7829 26.8248 0
    endloop
  endfacet
  facet normal 0.53731 0.843385 -0
    outer loop
      vertex 18.7829 26.8248 0
      vertex 16.3735 28.3598 2.4
      vertex 18.7829 26.8248 2.4
    endloop
  endfacet
  facet normal 0.53731 0.843385 0
    outer loop
      vertex 16.3735 28.3598 2.4
      vertex 18.7829 26.8248 0
      vertex 16.3735 28.3598 0
    endloop
  endfacet
  facet normal 0.461744 0.887013 -0
    outer loop
      vertex 16.3735 28.3598 0
      vertex 13.8395 29.6789 2.4
      vertex 16.3735 28.3598 2.4
    endloop
  endfacet
  facet normal 0.461744 0.887013 0
    outer loop
      vertex 13.8395 29.6789 2.4
      vertex 16.3735 28.3598 0
      vertex 13.8395 29.6789 0
    endloop
  endfacet
  facet normal 0.382691 0.923876 -0
    outer loop
      vertex 13.8395 29.6789 0
      vertex 11.2001 30.7722 2.4
      vertex 13.8395 29.6789 2.4
    endloop
  endfacet
  facet normal 0.382691 0.923876 0
    outer loop
      vertex 11.2001 30.7722 2.4
      vertex 13.8395 29.6789 0
      vertex 11.2001 30.7722 0
    endloop
  endfacet
  facet normal 0.300692 0.953721 -0
    outer loop
      vertex 11.2001 30.7722 0
      vertex 8.47556 31.6312 2.4
      vertex 11.2001 30.7722 2.4
    endloop
  endfacet
  facet normal 0.300692 0.953721 0
    outer loop
      vertex 8.47556 31.6312 2.4
      vertex 11.2001 30.7722 0
      vertex 8.47556 31.6312 0
    endloop
  endfacet
  facet normal 0.21643 0.976298 -0
    outer loop
      vertex 8.47556 31.6312 0
      vertex 5.68646 32.2495 2.4
      vertex 8.47556 31.6312 2.4
    endloop
  endfacet
  facet normal 0.21643 0.976298 0
    outer loop
      vertex 5.68646 32.2495 2.4
      vertex 8.47556 31.6312 0
      vertex 5.68646 32.2495 0
    endloop
  endfacet
  facet normal 0.13053 0.991444 -0
    outer loop
      vertex 5.68646 32.2495 0
      vertex 2.85408 32.6224 2.4
      vertex 5.68646 32.2495 2.4
    endloop
  endfacet
  facet normal 0.13053 0.991444 0
    outer loop
      vertex 2.85408 32.6224 2.4
      vertex 5.68646 32.2495 0
      vertex 2.85408 32.6224 0
    endloop
  endfacet
  facet normal 0.0436311 0.999048 -0
    outer loop
      vertex 2.85408 32.6224 0
      vertex 2 32.6597 2.4
      vertex 2.85408 32.6224 2.4
    endloop
  endfacet
  facet normal 0.0436311 0.999048 0
    outer loop
      vertex 2 32.6597 2.4
      vertex 2.85408 32.6224 0
      vertex 2 32.6597 0
    endloop
  endfacet
  facet normal 1 -0 0
    outer loop
      vertex 2 32.6597 2.4
      vertex 2 39.2832 0
      vertex 2 39.2832 2.4
    endloop
  endfacet
  facet normal 1 0 0
    outer loop
      vertex 2 39.2832 0
      vertex 2 32.6597 2.4
      vertex 2 32.6597 0
    endloop
  endfacet
  facet normal -0.0435532 -0.999051 0
    outer loop
      vertex 2 39.2832 0
      vertex 3.43137 39.2208 2.4
      vertex 2 39.2832 2.4
    endloop
  endfacet
  facet normal -0.0435532 -0.999051 -0
    outer loop
      vertex 3.43137 39.2208 2.4
      vertex 2 39.2832 0
      vertex 3.43137 39.2208 0
    endloop
  endfacet
  facet normal -0.130552 -0.991441 0
    outer loop
      vertex 3.43137 39.2208 0
      vertex 6.83662 38.7724 2.4
      vertex 3.43137 39.2208 2.4
    endloop
  endfacet
  facet normal -0.130552 -0.991441 -0
    outer loop
      vertex 6.83662 38.7724 2.4
      vertex 3.43137 39.2208 0
      vertex 6.83662 38.7724 0
    endloop
  endfacet
  facet normal -0.216417 -0.976301 0
    outer loop
      vertex 6.83662 38.7724 0
      vertex 10.1898 38.0291 2.4
      vertex 6.83662 38.7724 2.4
    endloop
  endfacet
  facet normal -0.216417 -0.976301 -0
    outer loop
      vertex 10.1898 38.0291 2.4
      vertex 6.83662 38.7724 0
      vertex 10.1898 38.0291 0
    endloop
  endfacet
  facet normal -0.300726 -0.953711 0
    outer loop
      vertex 10.1898 38.0291 0
      vertex 13.4655 36.9962 2.4
      vertex 10.1898 38.0291 2.4
    endloop
  endfacet
  facet normal -0.300726 -0.953711 -0
    outer loop
      vertex 13.4655 36.9962 2.4
      vertex 10.1898 38.0291 0
      vertex 13.4655 36.9962 0
    endloop
  endfacet
  facet normal -0.382659 -0.92389 0
    outer loop
      vertex 13.4655 36.9962 0
      vertex 16.4282 35.7691 2.4
      vertex 13.4655 36.9962 2.4
    endloop
  endfacet
  facet normal -0.382659 -0.92389 -0
    outer loop
      vertex 16.4282 35.7691 2.4
      vertex 13.4655 36.9962 0
      vertex 16.4282 35.7691 0
    endloop
  endfacet
  facet normal -0.60877 -0.793347 0
    outer loop
      vertex 22.7628 32.1118 0
      vertex 25.3069 30.1596 2.4
      vertex 22.7628 32.1118 2.4
    endloop
  endfacet
  facet normal -0.60877 -0.793347 -0
    outer loop
      vertex 25.3069 30.1596 2.4
      vertex 22.7628 32.1118 0
      vertex 25.3069 30.1596 0
    endloop
  endfacet
  facet normal -0.675582 -0.737285 0
    outer loop
      vertex 25.3069 30.1596 0
      vertex 26.3632 29.1917 2.4
      vertex 25.3069 30.1596 2.4
    endloop
  endfacet
  facet normal -0.675582 -0.737285 -0
    outer loop
      vertex 26.3632 29.1917 2.4
      vertex 25.3069 30.1596 0
      vertex 26.3632 29.1917 0
    endloop
  endfacet
  facet normal -0.707114 0.707099 0
    outer loop
      vertex 21.6797 24.5081 0
      vertex 26.3632 29.1917 2.4
      vertex 26.3632 29.1917 0
    endloop
  endfacet
  facet normal -0.707114 0.707099 0
    outer loop
      vertex 26.3632 29.1917 2.4
      vertex 21.6797 24.5081 0
      vertex 21.6797 24.5081 2.4
    endloop
  endfacet
  facet normal 0.675613 0.737256 -0
    outer loop
      vertex 21.6797 24.5081 0
      vertex 21.0494 25.0857 2.4
      vertex 21.6797 24.5081 2.4
    endloop
  endfacet
  facet normal 0.675613 0.737256 0
    outer loop
      vertex 21.0494 25.0857 2.4
      vertex 21.6797 24.5081 0
      vertex 21.0494 25.0857 0
    endloop
  endfacet
  facet normal 0.675582 -0.737285 0
    outer loop
      vertex -26.3632 29.1917 0
      vertex -25.3069 30.1596 2.4
      vertex -26.3632 29.1917 2.4
    endloop
  endfacet
  facet normal 0.675582 -0.737285 0
    outer loop
      vertex -25.3069 30.1596 2.4
      vertex -26.3632 29.1917 0
      vertex -25.3069 30.1596 0
    endloop
  endfacet
  facet normal 0.608763 -0.793352 0
    outer loop
      vertex -25.3069 30.1596 0
      vertex -22.582 32.2505 2.4
      vertex -25.3069 30.1596 2.4
    endloop
  endfacet
  facet normal 0.608763 -0.793352 0
    outer loop
      vertex -22.582 32.2505 2.4
      vertex -25.3069 30.1596 0
      vertex -22.582 32.2505 0
    endloop
  endfacet
  facet normal 0.537299 -0.843392 0
    outer loop
      vertex -22.582 32.2505 0
      vertex -19.6853 34.0959 2.4
      vertex -22.582 32.2505 2.4
    endloop
  endfacet
  facet normal 0.537299 -0.843392 0
    outer loop
      vertex -19.6853 34.0959 2.4
      vertex -22.582 32.2505 0
      vertex -19.6853 34.0959 0
    endloop
  endfacet
  facet normal 0.461758 -0.887006 0
    outer loop
      vertex -19.6853 34.0959 0
      vertex -16.6387 35.6819 2.4
      vertex -19.6853 34.0959 2.4
    endloop
  endfacet
  facet normal 0.461758 -0.887006 0
    outer loop
      vertex -16.6387 35.6819 2.4
      vertex -19.6853 34.0959 0
      vertex -16.6387 35.6819 0
    endloop
  endfacet
  facet normal 0.382663 -0.923888 0
    outer loop
      vertex -16.6387 35.6819 0
      vertex -13.4655 36.9962 2.4
      vertex -16.6387 35.6819 2.4
    endloop
  endfacet
  facet normal 0.382663 -0.923888 0
    outer loop
      vertex -13.4655 36.9962 2.4
      vertex -16.6387 35.6819 0
      vertex -13.4655 36.9962 0
    endloop
  endfacet
  facet normal 0.300726 -0.953711 0
    outer loop
      vertex -13.4655 36.9962 0
      vertex -10.1898 38.0291 2.4
      vertex -13.4655 36.9962 2.4
    endloop
  endfacet
  facet normal 0.300726 -0.953711 0
    outer loop
      vertex -10.1898 38.0291 2.4
      vertex -13.4655 36.9962 0
      vertex -10.1898 38.0291 0
    endloop
  endfacet
  facet normal 0.216417 -0.976301 0
    outer loop
      vertex -10.1898 38.0291 0
      vertex -6.83662 38.7724 2.4
      vertex -10.1898 38.0291 2.4
    endloop
  endfacet
  facet normal 0.216417 -0.976301 0
    outer loop
      vertex -6.83662 38.7724 2.4
      vertex -10.1898 38.0291 0
      vertex -6.83662 38.7724 0
    endloop
  endfacet
  facet normal 0.130552 -0.991441 0
    outer loop
      vertex -6.83662 38.7724 0
      vertex -3.43137 39.2208 2.4
      vertex -6.83662 38.7724 2.4
    endloop
  endfacet
  facet normal 0.130552 -0.991441 0
    outer loop
      vertex -3.43137 39.2208 2.4
      vertex -6.83662 38.7724 0
      vertex -3.43137 39.2208 0
    endloop
  endfacet
  facet normal 0.0435532 -0.999051 0
    outer loop
      vertex -3.43137 39.2208 0
      vertex -2 39.2832 2.4
      vertex -3.43137 39.2208 2.4
    endloop
  endfacet
  facet normal 0.0435532 -0.999051 0
    outer loop
      vertex -2 39.2832 2.4
      vertex -3.43137 39.2208 0
      vertex -2 39.2832 0
    endloop
  endfacet
  facet normal -1 0 0
    outer loop
      vertex -2 32.6597 0
      vertex -2 39.2832 2.4
      vertex -2 39.2832 0
    endloop
  endfacet
  facet normal -1 -0 0
    outer loop
      vertex -2 39.2832 2.4
      vertex -2 32.6597 0
      vertex -2 32.6597 2.4
    endloop
  endfacet
  facet normal -0.0436311 0.999048 0
    outer loop
      vertex -2 32.6597 0
      vertex -2.85408 32.6224 2.4
      vertex -2 32.6597 2.4
    endloop
  endfacet
  facet normal -0.0436311 0.999048 0
    outer loop
      vertex -2.85408 32.6224 2.4
      vertex -2 32.6597 0
      vertex -2.85408 32.6224 0
    endloop
  endfacet
  facet normal -0.13053 0.991444 0
    outer loop
      vertex -2.85408 32.6224 0
      vertex -5.68646 32.2495 2.4
      vertex -2.85408 32.6224 2.4
    endloop
  endfacet
  facet normal -0.13053 0.991444 0
    outer loop
      vertex -5.68646 32.2495 2.4
      vertex -2.85408 32.6224 0
      vertex -5.68646 32.2495 0
    endloop
  endfacet
  facet normal -0.21643 0.976298 0
    outer loop
      vertex -5.68646 32.2495 0
      vertex -8.47556 31.6312 2.4
      vertex -5.68646 32.2495 2.4
    endloop
  endfacet
  facet normal -0.21643 0.976298 0
    outer loop
      vertex -8.47556 31.6312 2.4
      vertex -5.68646 32.2495 0
      vertex -8.47556 31.6312 0
    endloop
  endfacet
  facet normal -0.300692 0.953721 0
    outer loop
      vertex -8.47556 31.6312 0
      vertex -11.2001 30.7722 2.4
      vertex -8.47556 31.6312 2.4
    endloop
  endfacet
  facet normal -0.300692 0.953721 0
    outer loop
      vertex -11.2001 30.7722 2.4
      vertex -8.47556 31.6312 0
      vertex -11.2001 30.7722 0
    endloop
  endfacet
  facet normal -0.382691 0.923876 0
    outer loop
      vertex -11.2001 30.7722 0
      vertex -13.8395 29.6789 2.4
      vertex -11.2001 30.7722 2.4
    endloop
  endfacet
  facet normal -0.382691 0.923876 0
    outer loop
      vertex -13.8395 29.6789 2.4
      vertex -11.2001 30.7722 0
      vertex -13.8395 29.6789 0
    endloop
  endfacet
  facet normal -0.461744 0.887013 0
    outer loop
      vertex -13.8395 29.6789 0
      vertex -16.3735 28.3598 2.4
      vertex -13.8395 29.6789 2.4
    endloop
  endfacet
  facet normal -0.461744 0.887013 0
    outer loop
      vertex -16.3735 28.3598 2.4
      vertex -13.8395 29.6789 0
      vertex -16.3735 28.3598 0
    endloop
  endfacet
  facet normal -0.53731 0.843385 0
    outer loop
      vertex -16.3735 28.3598 0
      vertex -18.7829 26.8248 2.4
      vertex -16.3735 28.3598 2.4
    endloop
  endfacet
  facet normal -0.53731 0.843385 0
    outer loop
      vertex -18.7829 26.8248 2.4
      vertex -16.3735 28.3598 0
      vertex -18.7829 26.8248 0
    endloop
  endfacet
  facet normal -0.608751 0.793361 0
    outer loop
      vertex -18.7829 26.8248 0
      vertex -21.0494 25.0857 2.4
      vertex -18.7829 26.8248 2.4
    endloop
  endfacet
  facet normal -0.608751 0.793361 0
    outer loop
      vertex -21.0494 25.0857 2.4
      vertex -18.7829 26.8248 0
      vertex -21.0494 25.0857 0
    endloop
  endfacet
  facet normal -0.675613 0.737256 0
    outer loop
      vertex -21.0494 25.0857 0
      vertex -21.6797 24.5081 2.4
      vertex -21.0494 25.0857 2.4
    endloop
  endfacet
  facet normal -0.675613 0.737256 0
    outer loop
      vertex -21.6797 24.5081 2.4
      vertex -21.0494 25.0857 0
      vertex -21.6797 24.5081 0
    endloop
  endfacet
  facet normal 0.707114 0.707099 0
    outer loop
      vertex -21.6797 24.5081 2.4
      vertex -26.3632 29.1917 0
      vertex -26.3632 29.1917 2.4
    endloop
  endfacet
  facet normal 0.707114 0.707099 0
    outer loop
      vertex -26.3632 29.1917 0
      vertex -21.6797 24.5081 2.4
      vertex -21.6797 24.5081 0
    endloop
  endfacet
  facet normal 0.675588 -0.737279 0
    outer loop
      vertex -20.1241 22.9525 0
      vertex -19.6353 23.4004 2.4
      vertex -20.1241 22.9525 2.4
    endloop
  endfacet
  facet normal 0.675588 -0.737279 0
    outer loop
      vertex -19.6353 23.4004 2.4
      vertex -20.1241 22.9525 0
      vertex -19.6353 23.4004 0
    endloop
  endfacet
  facet normal 0.608766 -0.79335 0
    outer loop
      vertex -19.6353 23.4004 0
      vertex -17.5211 25.0227 2.4
      vertex -19.6353 23.4004 2.4
    endloop
  endfacet
  facet normal 0.608766 -0.79335 0
    outer loop
      vertex -17.5211 25.0227 2.4
      vertex -19.6353 23.4004 0
      vertex -17.5211 25.0227 0
    endloop
  endfacet
  facet normal 0.537278 -0.843405 0
    outer loop
      vertex -17.5211 25.0227 0
      vertex -15.2735 26.4545 2.4
      vertex -17.5211 25.0227 2.4
    endloop
  endfacet
  facet normal 0.537278 -0.843405 0
    outer loop
      vertex -15.2735 26.4545 2.4
      vertex -17.5211 25.0227 0
      vertex -15.2735 26.4545 0
    endloop
  endfacet
  facet normal 0.461744 -0.887013 0
    outer loop
      vertex -15.2735 26.4545 0
      vertex -12.9097 27.685 2.4
      vertex -15.2735 26.4545 2.4
    endloop
  endfacet
  facet normal 0.461744 -0.887013 0
    outer loop
      vertex -12.9097 27.685 2.4
      vertex -15.2735 26.4545 0
      vertex -12.9097 27.685 0
    endloop
  endfacet
  facet normal 0.382685 -0.923879 0
    outer loop
      vertex -12.9097 27.685 0
      vertex -10.4477 28.7048 2.4
      vertex -12.9097 27.685 2.4
    endloop
  endfacet
  facet normal 0.382685 -0.923879 0
    outer loop
      vertex -10.4477 28.7048 2.4
      vertex -12.9097 27.685 0
      vertex -10.4477 28.7048 0
    endloop
  endfacet
  facet normal 0.300725 -0.953711 0
    outer loop
      vertex -10.4477 28.7048 0
      vertex -7.90616 29.5062 2.4
      vertex -10.4477 28.7048 2.4
    endloop
  endfacet
  facet normal 0.300725 -0.953711 0
    outer loop
      vertex -7.90616 29.5062 2.4
      vertex -10.4477 28.7048 0
      vertex -7.90616 29.5062 0
    endloop
  endfacet
  facet normal 0.216443 -0.976295 0
    outer loop
      vertex -7.90616 29.5062 0
      vertex -5.30443 30.083 2.4
      vertex -7.90616 29.5062 2.4
    endloop
  endfacet
  facet normal 0.216443 -0.976295 0
    outer loop
      vertex -5.30443 30.083 2.4
      vertex -7.90616 29.5062 0
      vertex -5.30443 30.083 0
    endloop
  endfacet
  facet normal 0.130512 -0.991447 0
    outer loop
      vertex -5.30443 30.083 0
      vertex -2.66234 30.4308 2.4
      vertex -5.30443 30.083 2.4
    endloop
  endfacet
  facet normal 0.130512 -0.991447 0
    outer loop
      vertex -2.66234 30.4308 2.4
      vertex -5.30443 30.083 0
      vertex -2.66234 30.4308 0
    endloop
  endfacet
  facet normal 0.0435917 -0.999049 0
    outer loop
      vertex -2.66234 30.4308 0
      vertex -2 30.4597 2.4
      vertex -2.66234 30.4308 2.4
    endloop
  endfacet
  facet normal 0.0435917 -0.999049 0
    outer loop
      vertex -2 30.4597 2.4
      vertex -2.66234 30.4308 0
      vertex -2 30.4597 0
    endloop
  endfacet
  facet normal -1 0 0
    outer loop
      vertex -2 23.8362 0
      vertex -2 30.4597 2.4
      vertex -2 30.4597 0
    endloop
  endfacet
  facet normal -1 -0 0
    outer loop
      vertex -2 30.4597 2.4
      vertex -2 23.8362 0
      vertex -2 23.8362 2.4
    endloop
  endfacet
  facet normal -0.0434525 0.999055 0
    outer loop
      vertex -2 23.8362 0
      vertex -2.08507 23.8325 2.4
      vertex -2 23.8362 2.4
    endloop
  endfacet
  facet normal -0.0434525 0.999055 0
    outer loop
      vertex -2.08507 23.8325 2.4
      vertex -2 23.8362 0
      vertex -2.08507 23.8325 0
    endloop
  endfacet
  facet normal -0.130519 0.991446 0
    outer loop
      vertex -2.08507 23.8325 0
      vertex -4.15427 23.5601 2.4
      vertex -2.08507 23.8325 2.4
    endloop
  endfacet
  facet normal -0.130519 0.991446 0
    outer loop
      vertex -4.15427 23.5601 2.4
      vertex -2.08507 23.8325 0
      vertex -4.15427 23.5601 0
    endloop
  endfacet
  facet normal -0.216429 0.976298 0
    outer loop
      vertex -4.15427 23.5601 0
      vertex -6.19186 23.1084 2.4
      vertex -4.15427 23.5601 2.4
    endloop
  endfacet
  facet normal -0.216429 0.976298 0
    outer loop
      vertex -6.19186 23.1084 2.4
      vertex -4.15427 23.5601 0
      vertex -6.19186 23.1084 0
    endloop
  endfacet
  facet normal -0.300709 0.953716 0
    outer loop
      vertex -6.19186 23.1084 0
      vertex -8.18233 22.4808 2.4
      vertex -6.19186 23.1084 2.4
    endloop
  endfacet
  facet normal -0.300709 0.953716 0
    outer loop
      vertex -8.18233 22.4808 2.4
      vertex -6.19186 23.1084 0
      vertex -8.18233 22.4808 0
    endloop
  endfacet
  facet normal -0.382694 0.923875 0
    outer loop
      vertex -8.18233 22.4808 0
      vertex -10.1105 21.6821 2.4
      vertex -8.18233 22.4808 2.4
    endloop
  endfacet
  facet normal -0.382694 0.923875 0
    outer loop
      vertex -10.1105 21.6821 2.4
      vertex -8.18233 22.4808 0
      vertex -10.1105 21.6821 0
    endloop
  endfacet
  facet normal -0.461739 0.887016 0
    outer loop
      vertex -10.1105 21.6821 0
      vertex -11.9618 20.7184 2.4
      vertex -10.1105 21.6821 2.4
    endloop
  endfacet
  facet normal -0.461739 0.887016 0
    outer loop
      vertex -11.9618 20.7184 2.4
      vertex -10.1105 21.6821 0
      vertex -11.9618 20.7184 0
    endloop
  endfacet
  facet normal -0.537309 0.843385 0
    outer loop
      vertex -11.9618 20.7184 0
      vertex -13.722 19.597 2.4
      vertex -11.9618 20.7184 2.4
    endloop
  endfacet
  facet normal -0.537309 0.843385 0
    outer loop
      vertex -13.722 19.597 2.4
      vertex -11.9618 20.7184 0
      vertex -13.722 19.597 0
    endloop
  endfacet
  facet normal -0.608772 0.793345 0
    outer loop
      vertex -13.722 19.597 0
      vertex -15.3777 18.3265 2.4
      vertex -13.722 19.597 2.4
    endloop
  endfacet
  facet normal -0.608772 0.793345 0
    outer loop
      vertex -15.3777 18.3265 2.4
      vertex -13.722 19.597 0
      vertex -15.3777 18.3265 0
    endloop
  endfacet
  facet normal -0.675299 0.737544 0
    outer loop
      vertex -15.3777 18.3265 0
      vertex -15.4405 18.269 2.4
      vertex -15.3777 18.3265 2.4
    endloop
  endfacet
  facet normal -0.675299 0.737544 0
    outer loop
      vertex -15.4405 18.269 2.4
      vertex -15.3777 18.3265 0
      vertex -15.4405 18.269 0
    endloop
  endfacet
  facet normal 0.707099 0.707114 0
    outer loop
      vertex -15.4405 18.269 2.4
      vertex -20.1241 22.9525 0
      vertex -20.1241 22.9525 2.4
    endloop
  endfacet
  facet normal 0.707099 0.707114 0
    outer loop
      vertex -20.1241 22.9525 0
      vertex -15.4405 18.269 2.4
      vertex -15.4405 18.269 0
    endloop
  endfacet
  facet normal 0.608772 0.793345 -0
    outer loop
      vertex 15.3777 18.3265 0
      vertex 13.722 19.597 2.4
      vertex 15.3777 18.3265 2.4
    endloop
  endfacet
  facet normal 0.608772 0.793345 0
    outer loop
      vertex 13.722 19.597 2.4
      vertex 15.3777 18.3265 0
      vertex 13.722 19.597 0
    endloop
  endfacet
  facet normal 0.537309 0.843385 -0
    outer loop
      vertex 13.722 19.597 0
      vertex 11.9618 20.7184 2.4
      vertex 13.722 19.597 2.4
    endloop
  endfacet
  facet normal 0.537309 0.843385 0
    outer loop
      vertex 11.9618 20.7184 2.4
      vertex 13.722 19.597 0
      vertex 11.9618 20.7184 0
    endloop
  endfacet
  facet normal 0.461739 0.887016 -0
    outer loop
      vertex 11.9618 20.7184 0
      vertex 10.1105 21.6821 2.4
      vertex 11.9618 20.7184 2.4
    endloop
  endfacet
  facet normal 0.461739 0.887016 0
    outer loop
      vertex 10.1105 21.6821 2.4
      vertex 11.9618 20.7184 0
      vertex 10.1105 21.6821 0
    endloop
  endfacet
  facet normal 0.382694 0.923875 -0
    outer loop
      vertex 10.1105 21.6821 0
      vertex 8.18233 22.4808 2.4
      vertex 10.1105 21.6821 2.4
    endloop
  endfacet
  facet normal 0.382694 0.923875 0
    outer loop
      vertex 8.18233 22.4808 2.4
      vertex 10.1105 21.6821 0
      vertex 8.18233 22.4808 0
    endloop
  endfacet
  facet normal 0.300709 0.953716 -0
    outer loop
      vertex 8.18233 22.4808 0
      vertex 6.19186 23.1084 2.4
      vertex 8.18233 22.4808 2.4
    endloop
  endfacet
  facet normal 0.300709 0.953716 0
    outer loop
      vertex 6.19186 23.1084 2.4
      vertex 8.18233 22.4808 0
      vertex 6.19186 23.1084 0
    endloop
  endfacet
  facet normal 0.216429 0.976298 -0
    outer loop
      vertex 6.19186 23.1084 0
      vertex 4.15427 23.5601 2.4
      vertex 6.19186 23.1084 2.4
    endloop
  endfacet
  facet normal 0.216429 0.976298 0
    outer loop
      vertex 4.15427 23.5601 2.4
      vertex 6.19186 23.1084 0
      vertex 4.15427 23.5601 0
    endloop
  endfacet
  facet normal 0.130519 0.991446 -0
    outer loop
      vertex 4.15427 23.5601 0
      vertex 2.08507 23.8325 2.4
      vertex 4.15427 23.5601 2.4
    endloop
  endfacet
  facet normal 0.130519 0.991446 0
    outer loop
      vertex 2.08507 23.8325 2.4
      vertex 4.15427 23.5601 0
      vertex 2.08507 23.8325 0
    endloop
  endfacet
  facet normal 0.0434525 0.999055 -0
    outer loop
      vertex 2.08507 23.8325 0
      vertex 2 23.8362 2.4
      vertex 2.08507 23.8325 2.4
    endloop
  endfacet
  facet normal 0.0434525 0.999055 0
    outer loop
      vertex 2 23.8362 2.4
      vertex 2.08507 23.8325 0
      vertex 2 23.8362 0
    endloop
  endfacet
  facet normal 1 -0 0
    outer loop
      vertex 2 23.8362 2.4
      vertex 2 30.4597 0
      vertex 2 30.4597 2.4
    endloop
  endfacet
  facet normal 1 0 0
    outer loop
      vertex 2 30.4597 0
      vertex 2 23.8362 2.4
      vertex 2 23.8362 0
    endloop
  endfacet
  facet normal -0.0435917 -0.999049 0
    outer loop
      vertex 2 30.4597 0
      vertex 2.66234 30.4308 2.4
      vertex 2 30.4597 2.4
    endloop
  endfacet
  facet normal -0.0435917 -0.999049 -0
    outer loop
      vertex 2.66234 30.4308 2.4
      vertex 2 30.4597 0
      vertex 2.66234 30.4308 0
    endloop
  endfacet
  facet normal -0.130512 -0.991447 0
    outer loop
      vertex 2.66234 30.4308 0
      vertex 5.30443 30.083 2.4
      vertex 2.66234 30.4308 2.4
    endloop
  endfacet
  facet normal -0.130512 -0.991447 -0
    outer loop
      vertex 5.30443 30.083 2.4
      vertex 2.66234 30.4308 0
      vertex 5.30443 30.083 0
    endloop
  endfacet
  facet normal -0.216443 -0.976295 0
    outer loop
      vertex 5.30443 30.083 0
      vertex 7.90616 29.5062 2.4
      vertex 5.30443 30.083 2.4
    endloop
  endfacet
  facet normal -0.216443 -0.976295 -0
    outer loop
      vertex 7.90616 29.5062 2.4
      vertex 5.30443 30.083 0
      vertex 7.90616 29.5062 0
    endloop
  endfacet
  facet normal -0.300725 -0.953711 0
    outer loop
      vertex 7.90616 29.5062 0
      vertex 10.4477 28.7048 2.4
      vertex 7.90616 29.5062 2.4
    endloop
  endfacet
  facet normal -0.300725 -0.953711 -0
    outer loop
      vertex 10.4477 28.7048 2.4
      vertex 7.90616 29.5062 0
      vertex 10.4477 28.7048 0
    endloop
  endfacet
  facet normal -0.382685 -0.923879 0
    outer loop
      vertex 10.4477 28.7048 0
      vertex 12.9097 27.685 2.4
      vertex 10.4477 28.7048 2.4
    endloop
  endfacet
  facet normal -0.382685 -0.923879 -0
    outer loop
      vertex 12.9097 27.685 2.4
      vertex 10.4477 28.7048 0
      vertex 12.9097 27.685 0
    endloop
  endfacet
  facet normal -0.461744 -0.887013 0
    outer loop
      vertex 12.9097 27.685 0
      vertex 15.2735 26.4545 2.4
      vertex 12.9097 27.685 2.4
    endloop
  endfacet
  facet normal -0.461744 -0.887013 -0
    outer loop
      vertex 15.2735 26.4545 2.4
      vertex 12.9097 27.685 0
      vertex 15.2735 26.4545 0
    endloop
  endfacet
  facet normal -0.537278 -0.843405 0
    outer loop
      vertex 15.2735 26.4545 0
      vertex 17.5211 25.0227 2.4
      vertex 15.2735 26.4545 2.4
    endloop
  endfacet
  facet normal -0.537278 -0.843405 -0
    outer loop
      vertex 17.5211 25.0227 2.4
      vertex 15.2735 26.4545 0
      vertex 17.5211 25.0227 0
    endloop
  endfacet
  facet normal -0.608766 -0.79335 0
    outer loop
      vertex 17.5211 25.0227 0
      vertex 19.6353 23.4004 2.4
      vertex 17.5211 25.0227 2.4
    endloop
  endfacet
  facet normal -0.608766 -0.79335 -0
    outer loop
      vertex 19.6353 23.4004 2.4
      vertex 17.5211 25.0227 0
      vertex 19.6353 23.4004 0
    endloop
  endfacet
  facet normal -0.675588 -0.737279 0
    outer loop
      vertex 19.6353 23.4004 0
      vertex 20.1241 22.9525 2.4
      vertex 19.6353 23.4004 2.4
    endloop
  endfacet
  facet normal -0.675588 -0.737279 -0
    outer loop
      vertex 20.1241 22.9525 2.4
      vertex 19.6353 23.4004 0
      vertex 20.1241 22.9525 0
    endloop
  endfacet
  facet normal -0.707099 0.707114 0
    outer loop
      vertex 15.4405 18.269 0
      vertex 20.1241 22.9525 2.4
      vertex 20.1241 22.9525 0
    endloop
  endfacet
  facet normal -0.707099 0.707114 0
    outer loop
      vertex 20.1241 22.9525 2.4
      vertex 15.4405 18.269 0
      vertex 15.4405 18.269 2.4
    endloop
  endfacet
  facet normal 0.675299 0.737544 -0
    outer loop
      vertex 15.4405 18.269 0
      vertex 15.3777 18.3265 2.4
      vertex 15.4405 18.269 2.4
    endloop
  endfacet
  facet normal 0.675299 0.737544 0
    outer loop
      vertex 15.3777 18.3265 2.4
      vertex 15.4405 18.269 0
      vertex 15.3777 18.3265 0
    endloop
  endfacet
  facet normal 0.991444 -0.130536 0
    outer loop
      vertex -43.8087 4.01611 2.3
      vertex -43.3315 7.64052 0
      vertex -43.3315 7.64052 2.3
    endloop
  endfacet
  facet normal 0.991444 -0.130536 0
    outer loop
      vertex -43.3315 7.64052 0
      vertex -43.8087 4.01611 2.3
      vertex -43.8087 4.01611 0
    endloop
  endfacet
  facet normal 0.976296 -0.216441 0
    outer loop
      vertex -43.3315 7.64052 2.3
      vertex -42.5007 11.388 0
      vertex -42.5007 11.388 2.3
    endloop
  endfacet
  facet normal 0.976296 -0.216441 0
    outer loop
      vertex -42.5007 11.388 0
      vertex -43.3315 7.64052 2.3
      vertex -43.3315 7.64052 0
    endloop
  endfacet
  facet normal 0.953723 -0.300687 0
    outer loop
      vertex -42.5007 11.388 2.3
      vertex -41.3465 15.0489 0
      vertex -41.3465 15.0489 2.3
    endloop
  endfacet
  facet normal 0.953723 -0.300687 0
    outer loop
      vertex -41.3465 15.0489 0
      vertex -42.5007 11.388 2.3
      vertex -42.5007 11.388 0
    endloop
  endfacet
  facet normal 0.923873 -0.3827 0
    outer loop
      vertex -41.3465 15.0489 2.3
      vertex -39.8775 18.5952 0
      vertex -39.8775 18.5952 2.3
    endloop
  endfacet
  facet normal 0.923873 -0.3827 0
    outer loop
      vertex -39.8775 18.5952 0
      vertex -41.3465 15.0489 2.3
      vertex -41.3465 15.0489 0
    endloop
  endfacet
  facet normal 0.887014 -0.461743 0
    outer loop
      vertex -39.8775 18.5952 2.3
      vertex -38.1051 22 0
      vertex -38.1051 22 2.3
    endloop
  endfacet
  facet normal 0.887014 -0.461743 0
    outer loop
      vertex -38.1051 22 0
      vertex -39.8775 18.5952 2.3
      vertex -39.8775 18.5952 0
    endloop
  endfacet
  facet normal 0.843397 -0.53729 0
    outer loop
      vertex -38.1051 22 2.3
      vertex -36.0427 25.2374 0
      vertex -36.0427 25.2374 2.3
    endloop
  endfacet
  facet normal 0.843397 -0.53729 0
    outer loop
      vertex -36.0427 25.2374 0
      vertex -38.1051 22 2.3
      vertex -38.1051 22 0
    endloop
  endfacet
  facet normal 0.793346 -0.608771 0
    outer loop
      vertex -36.0427 25.2374 2.3
      vertex -33.7059 28.2827 0
      vertex -33.7059 28.2827 2.3
    endloop
  endfacet
  facet normal 0.793346 -0.608771 0
    outer loop
      vertex -33.7059 28.2827 0
      vertex -36.0427 25.2374 2.3
      vertex -36.0427 25.2374 0
    endloop
  endfacet
  facet normal 0.737281 -0.675587 0
    outer loop
      vertex -33.7059 28.2827 2.3
      vertex -32.4652 29.6367 0
      vertex -32.4652 29.6367 2.3
    endloop
  endfacet
  facet normal 0.737281 -0.675587 0
    outer loop
      vertex -32.4652 29.6367 0
      vertex -33.7059 28.2827 2.3
      vertex -33.7059 28.2827 0
    endloop
  endfacet
  facet normal -0.707086 -0.707128 -0
    outer loop
      vertex -32.4652 29.6367 2.3
      vertex -32.4652 29.6367 0
      vertex -30.7681 27.9397 2.3
    endloop
  endfacet
  facet normal -0.707107 -0.707107 0
    outer loop
      vertex -30.7681 27.9397 2.3
      vertex -30.7473 27.9189 2.4
      vertex -30.7681 27.9397 2.4
    endloop
  endfacet
  facet normal -0.707107 -0.707107 0
    outer loop
      vertex -30.7681 27.9397 2.3
      vertex -30.7473 27.9189 0
      vertex -30.7473 27.9189 2.4
    endloop
  endfacet
  facet normal -0.707086 -0.707127 3.7225e-07
    outer loop
      vertex -30.7473 27.9189 0
      vertex -30.7681 27.9397 2.3
      vertex -32.4652 29.6367 0
    endloop
  endfacet
  facet normal -0.737272 0.675596 0
    outer loop
      vertex -31.8449 26.7211 0
      vertex -30.7473 27.9189 2.4
      vertex -30.7473 27.9189 0
    endloop
  endfacet
  facet normal -0.737272 0.675596 0
    outer loop
      vertex -30.7473 27.9189 2.4
      vertex -31.8449 26.7211 0
      vertex -31.8449 26.7211 2.4
    endloop
  endfacet
  facet normal -0.79336 0.608752 0
    outer loop
      vertex -34.0526 23.8439 0
      vertex -31.8449 26.7211 2.4
      vertex -31.8449 26.7211 0
    endloop
  endfacet
  facet normal -0.79336 0.608752 0
    outer loop
      vertex -31.8449 26.7211 2.4
      vertex -34.0526 23.8439 0
      vertex -34.0526 23.8439 2.4
    endloop
  endfacet
  facet normal -0.843384 0.537311 0
    outer loop
      vertex -36.0012 20.7853 0
      vertex -34.0526 23.8439 2.4
      vertex -34.0526 23.8439 0
    endloop
  endfacet
  facet normal -0.843384 0.537311 0
    outer loop
      vertex -34.0526 23.8439 2.4
      vertex -36.0012 20.7853 0
      vertex -36.0012 20.7853 2.4
    endloop
  endfacet
  facet normal -0.887018 0.461736 0
    outer loop
      vertex -37.6757 17.5685 0
      vertex -36.0012 20.7853 2.4
      vertex -36.0012 20.7853 0
    endloop
  endfacet
  facet normal -0.887018 0.461736 0
    outer loop
      vertex -36.0012 20.7853 2.4
      vertex -37.6757 17.5685 0
      vertex -37.6757 17.5685 2.4
    endloop
  endfacet
  facet normal -0.923872 0.382702 0
    outer loop
      vertex -39.0636 14.218 0
      vertex -37.6757 17.5685 2.4
      vertex -37.6757 17.5685 0
    endloop
  endfacet
  facet normal -0.923872 0.382702 0
    outer loop
      vertex -37.6757 17.5685 2.4
      vertex -39.0636 14.218 0
      vertex -39.0636 14.218 2.4
    endloop
  endfacet
  facet normal -0.953721 0.300692 0
    outer loop
      vertex -40.1541 10.7592 0
      vertex -39.0636 14.218 2.4
      vertex -39.0636 14.218 0
    endloop
  endfacet
  facet normal -0.953721 0.300692 0
    outer loop
      vertex -39.0636 14.218 2.4
      vertex -40.1541 10.7592 0
      vertex -40.1541 10.7592 2.4
    endloop
  endfacet
  facet normal -0.976297 0.216434 0
    outer loop
      vertex -40.939 7.21864 0
      vertex -40.1541 10.7592 2.4
      vertex -40.1541 10.7592 0
    endloop
  endfacet
  facet normal -0.976297 0.216434 0
    outer loop
      vertex -40.1541 10.7592 2.4
      vertex -40.939 7.21864 0
      vertex -40.939 7.21864 2.4
    endloop
  endfacet
  facet normal -0.991441 0.130555 0
    outer loop
      vertex -41.3013 4.46731 0
      vertex -40.939 7.21864 2.4
      vertex -40.939 7.21864 0
    endloop
  endfacet
  facet normal -0.991441 0.130555 0
    outer loop
      vertex -40.939 7.21864 2.4
      vertex -41.3013 4.46731 0
      vertex -41.3013 4.46731 2.4
    endloop
  endfacet
  facet normal 0.999047 0.04364 0
    outer loop
      vertex 41.4833 2 2.4
      vertex 41.4124 3.62311 0
      vertex 41.4124 3.62311 2.4
    endloop
  endfacet
  facet normal 0.999047 0.04364 0
    outer loop
      vertex 41.4124 3.62311 0
      vertex 41.4833 2 2.4
      vertex 41.4833 2 0
    endloop
  endfacet
  facet normal 0.991443 0.130537 0
    outer loop
      vertex 41.4124 3.62311 2.4
      vertex 40.939 7.21864 0
      vertex 40.939 7.21864 2.4
    endloop
  endfacet
  facet normal 0.991443 0.130537 0
    outer loop
      vertex 40.939 7.21864 0
      vertex 41.4124 3.62311 2.4
      vertex 41.4124 3.62311 0
    endloop
  endfacet
  facet normal 0.976297 0.216434 0
    outer loop
      vertex 40.939 7.21864 2.4
      vertex 40.1541 10.7592 0
      vertex 40.1541 10.7592 2.4
    endloop
  endfacet
  facet normal 0.976297 0.216434 0
    outer loop
      vertex 40.1541 10.7592 0
      vertex 40.939 7.21864 2.4
      vertex 40.939 7.21864 0
    endloop
  endfacet
  facet normal 0.953721 0.300692 0
    outer loop
      vertex 40.1541 10.7592 2.4
      vertex 39.0636 14.218 0
      vertex 39.0636 14.218 2.4
    endloop
  endfacet
  facet normal 0.953721 0.300692 0
    outer loop
      vertex 39.0636 14.218 0
      vertex 40.1541 10.7592 2.4
      vertex 40.1541 10.7592 0
    endloop
  endfacet
  facet normal 0.923872 0.382702 0
    outer loop
      vertex 39.0636 14.218 2.4
      vertex 37.6757 17.5685 0
      vertex 37.6757 17.5685 2.4
    endloop
  endfacet
  facet normal 0.923872 0.382702 0
    outer loop
      vertex 37.6757 17.5685 0
      vertex 39.0636 14.218 2.4
      vertex 39.0636 14.218 0
    endloop
  endfacet
  facet normal 0.887018 0.461736 0
    outer loop
      vertex 37.6757 17.5685 2.4
      vertex 36.0012 20.7853 0
      vertex 36.0012 20.7853 2.4
    endloop
  endfacet
  facet normal 0.887018 0.461736 0
    outer loop
      vertex 36.0012 20.7853 0
      vertex 37.6757 17.5685 2.4
      vertex 37.6757 17.5685 0
    endloop
  endfacet
  facet normal 0.843384 0.537311 0
    outer loop
      vertex 36.0012 20.7853 2.4
      vertex 34.0526 23.8439 0
      vertex 34.0526 23.8439 2.4
    endloop
  endfacet
  facet normal 0.843384 0.537311 0
    outer loop
      vertex 34.0526 23.8439 0
      vertex 36.0012 20.7853 2.4
      vertex 36.0012 20.7853 0
    endloop
  endfacet
  facet normal 0.79336 0.608752 0
    outer loop
      vertex 34.0526 23.8439 2.4
      vertex 31.8449 26.7211 0
      vertex 31.8449 26.7211 2.4
    endloop
  endfacet
  facet normal 0.79336 0.608752 0
    outer loop
      vertex 31.8449 26.7211 0
      vertex 34.0526 23.8439 2.4
      vertex 34.0526 23.8439 0
    endloop
  endfacet
  facet normal 0.737272 0.675596 0
    outer loop
      vertex 31.8449 26.7211 2.4
      vertex 30.7473 27.9189 0
      vertex 30.7473 27.9189 2.4
    endloop
  endfacet
  facet normal 0.737272 0.675596 0
    outer loop
      vertex 30.7473 27.9189 0
      vertex 31.8449 26.7211 2.4
      vertex 31.8449 26.7211 0
    endloop
  endfacet
  facet normal 0.707107 -0.707107 0
    outer loop
      vertex 30.7473 27.9189 2.4
      vertex 30.7681 27.9397 2.3
      vertex 30.7681 27.9397 2.4
    endloop
  endfacet
  facet normal 0.707107 -0.707107 0
    outer loop
      vertex 30.7473 27.9189 0
      vertex 30.7681 27.9397 2.3
      vertex 30.7473 27.9189 2.4
    endloop
  endfacet
  facet normal 0.707086 -0.707128 3.76813e-07
    outer loop
      vertex 30.7473 27.9189 0
      vertex 32.4652 29.6367 2.3
      vertex 30.7681 27.9397 2.3
    endloop
  endfacet
  facet normal 0.707086 -0.707127 0
    outer loop
      vertex 32.4652 29.6367 2.3
      vertex 30.7473 27.9189 0
      vertex 32.4652 29.6367 0
    endloop
  endfacet
  facet normal -0.737281 -0.675587 0
    outer loop
      vertex 33.7059 28.2827 0
      vertex 32.4652 29.6367 2.3
      vertex 32.4652 29.6367 0
    endloop
  endfacet
  facet normal -0.737281 -0.675587 0
    outer loop
      vertex 32.4652 29.6367 2.3
      vertex 33.7059 28.2827 0
      vertex 33.7059 28.2827 2.3
    endloop
  endfacet
  facet normal -0.793346 -0.608771 0
    outer loop
      vertex 36.0427 25.2374 0
      vertex 33.7059 28.2827 2.3
      vertex 33.7059 28.2827 0
    endloop
  endfacet
  facet normal -0.793346 -0.608771 0
    outer loop
      vertex 33.7059 28.2827 2.3
      vertex 36.0427 25.2374 0
      vertex 36.0427 25.2374 2.3
    endloop
  endfacet
  facet normal -0.843397 -0.53729 0
    outer loop
      vertex 38.1051 22 0
      vertex 36.0427 25.2374 2.3
      vertex 36.0427 25.2374 0
    endloop
  endfacet
  facet normal -0.843397 -0.53729 0
    outer loop
      vertex 36.0427 25.2374 2.3
      vertex 38.1051 22 0
      vertex 38.1051 22 2.3
    endloop
  endfacet
  facet normal -0.887014 -0.461743 0
    outer loop
      vertex 39.8775 18.5952 0
      vertex 38.1051 22 2.3
      vertex 38.1051 22 0
    endloop
  endfacet
  facet normal -0.887014 -0.461743 0
    outer loop
      vertex 38.1051 22 2.3
      vertex 39.8775 18.5952 0
      vertex 39.8775 18.5952 2.3
    endloop
  endfacet
  facet normal -0.923873 -0.3827 0
    outer loop
      vertex 41.3465 15.0489 0
      vertex 39.8775 18.5952 2.3
      vertex 39.8775 18.5952 0
    endloop
  endfacet
  facet normal -0.923873 -0.3827 0
    outer loop
      vertex 39.8775 18.5952 2.3
      vertex 41.3465 15.0489 0
      vertex 41.3465 15.0489 2.3
    endloop
  endfacet
  facet normal -0.953723 -0.300687 0
    outer loop
      vertex 42.5007 11.388 0
      vertex 41.3465 15.0489 2.3
      vertex 41.3465 15.0489 0
    endloop
  endfacet
  facet normal -0.953723 -0.300687 0
    outer loop
      vertex 41.3465 15.0489 2.3
      vertex 42.5007 11.388 0
      vertex 42.5007 11.388 2.3
    endloop
  endfacet
  facet normal -0.976296 -0.216441 0
    outer loop
      vertex 43.3315 7.64052 0
      vertex 42.5007 11.388 2.3
      vertex 42.5007 11.388 0
    endloop
  endfacet
  facet normal -0.976296 -0.216441 0
    outer loop
      vertex 42.5007 11.388 2.3
      vertex 43.3315 7.64052 0
      vertex 43.3315 7.64052 2.3
    endloop
  endfacet
  facet normal -0.991442 -0.130545 0
    outer loop
      vertex 43.8326 3.83484 0
      vertex 43.3315 7.64052 2.3
      vertex 43.3315 7.64052 0
    endloop
  endfacet
  facet normal -0.991442 -0.130545 0
    outer loop
      vertex 43.3315 7.64052 2.3
      vertex 43.8326 3.83484 0
      vertex 43.8326 3.83484 2.3
    endloop
  endfacet
  facet normal -0.999048 -0.0436135 0
    outer loop
      vertex 43.9127 2 0
      vertex 43.8326 3.83484 2.3
      vertex 43.8326 3.83484 0
    endloop
  endfacet
  facet normal -0.999048 -0.0436135 0
    outer loop
      vertex 43.8326 3.83484 2.3
      vertex 43.9127 2 0
      vertex 43.9127 2 2.3
    endloop
  endfacet
  facet normal 0 1 0
    outer loop
      vertex 43.9127 2 2.3
      vertex 43.9127 2 0
      vertex 41.5127 2 2.3
    endloop
  endfacet
  facet normal 0 1 -0
    outer loop
      vertex 41.5127 2 2.3
      vertex 41.4833 2 2.4
      vertex 41.5127 2 2.4
    endloop
  endfacet
  facet normal 0 1 0
    outer loop
      vertex 41.5127 2 2.3
      vertex 41.4833 2 0
      vertex 41.4833 2 2.4
    endloop
  endfacet
  facet normal 0 1 0
    outer loop
      vertex 41.4833 2 0
      vertex 41.5127 2 2.3
      vertex 43.9127 2 0
    endloop
  endfacet
  facet normal 0.991444 -0.130535 0
    outer loop
      vertex -39.191 3.65725 2.4
      vertex -38.7724 6.83662 0
      vertex -38.7724 6.83662 2.4
    endloop
  endfacet
  facet normal 0.991444 -0.130535 0
    outer loop
      vertex -38.7724 6.83662 0
      vertex -39.191 3.65725 2.4
      vertex -39.191 3.65725 0
    endloop
  endfacet
  facet normal 0.976301 -0.216417 0
    outer loop
      vertex -38.7724 6.83662 2.4
      vertex -38.0291 10.1898 0
      vertex -38.0291 10.1898 2.4
    endloop
  endfacet
  facet normal 0.976301 -0.216417 0
    outer loop
      vertex -38.0291 10.1898 0
      vertex -38.7724 6.83662 2.4
      vertex -38.7724 6.83662 0
    endloop
  endfacet
  facet normal 0.953711 -0.300726 0
    outer loop
      vertex -38.0291 10.1898 2.4
      vertex -36.9962 13.4655 0
      vertex -36.9962 13.4655 2.4
    endloop
  endfacet
  facet normal 0.953711 -0.300726 0
    outer loop
      vertex -36.9962 13.4655 0
      vertex -38.0291 10.1898 2.4
      vertex -38.0291 10.1898 0
    endloop
  endfacet
  facet normal 0.923888 -0.382663 0
    outer loop
      vertex -36.9962 13.4655 2.4
      vertex -35.6819 16.6387 0
      vertex -35.6819 16.6387 2.4
    endloop
  endfacet
  facet normal 0.923888 -0.382663 0
    outer loop
      vertex -35.6819 16.6387 0
      vertex -36.9962 13.4655 2.4
      vertex -36.9962 13.4655 0
    endloop
  endfacet
  facet normal 0.887006 -0.461758 0
    outer loop
      vertex -35.6819 16.6387 2.4
      vertex -34.0959 19.6853 0
      vertex -34.0959 19.6853 2.4
    endloop
  endfacet
  facet normal 0.887006 -0.461758 0
    outer loop
      vertex -34.0959 19.6853 0
      vertex -35.6819 16.6387 2.4
      vertex -35.6819 16.6387 0
    endloop
  endfacet
  facet normal 0.843392 -0.537299 0
    outer loop
      vertex -34.0959 19.6853 2.4
      vertex -32.2505 22.582 0
      vertex -32.2505 22.582 2.4
    endloop
  endfacet
  facet normal 0.843392 -0.537299 0
    outer loop
      vertex -32.2505 22.582 0
      vertex -34.0959 19.6853 2.4
      vertex -34.0959 19.6853 0
    endloop
  endfacet
  facet normal 0.793352 -0.608763 0
    outer loop
      vertex -32.2505 22.582 2.4
      vertex -30.1596 25.3069 0
      vertex -30.1596 25.3069 2.4
    endloop
  endfacet
  facet normal 0.793352 -0.608763 0
    outer loop
      vertex -30.1596 25.3069 0
      vertex -32.2505 22.582 2.4
      vertex -32.2505 22.582 0
    endloop
  endfacet
  facet normal 0.737285 -0.675582 0
    outer loop
      vertex -30.1596 25.3069 2.4
      vertex -29.1917 26.3632 0
      vertex -29.1917 26.3632 2.4
    endloop
  endfacet
  facet normal 0.737285 -0.675582 0
    outer loop
      vertex -29.1917 26.3632 0
      vertex -30.1596 25.3069 2.4
      vertex -30.1596 25.3069 0
    endloop
  endfacet
  facet normal -0.707099 -0.707114 0
    outer loop
      vertex -29.1917 26.3632 0
      vertex -24.5081 21.6797 2.4
      vertex -29.1917 26.3632 2.4
    endloop
  endfacet
  facet normal -0.707099 -0.707114 -0
    outer loop
      vertex -24.5081 21.6797 2.4
      vertex -29.1917 26.3632 0
      vertex -24.5081 21.6797 0
    endloop
  endfacet
  facet normal -0.737256 0.675613 0
    outer loop
      vertex -25.0857 21.0494 0
      vertex -24.5081 21.6797 2.4
      vertex -24.5081 21.6797 0
    endloop
  endfacet
  facet normal -0.737256 0.675613 0
    outer loop
      vertex -24.5081 21.6797 2.4
      vertex -25.0857 21.0494 0
      vertex -25.0857 21.0494 2.4
    endloop
  endfacet
  facet normal -0.793361 0.608751 0
    outer loop
      vertex -26.8248 18.7829 0
      vertex -25.0857 21.0494 2.4
      vertex -25.0857 21.0494 0
    endloop
  endfacet
  facet normal -0.793361 0.608751 0
    outer loop
      vertex -25.0857 21.0494 2.4
      vertex -26.8248 18.7829 0
      vertex -26.8248 18.7829 2.4
    endloop
  endfacet
  facet normal -0.843385 0.53731 0
    outer loop
      vertex -28.3598 16.3735 0
      vertex -26.8248 18.7829 2.4
      vertex -26.8248 18.7829 0
    endloop
  endfacet
  facet normal -0.843385 0.53731 0
    outer loop
      vertex -26.8248 18.7829 2.4
      vertex -28.3598 16.3735 0
      vertex -28.3598 16.3735 2.4
    endloop
  endfacet
  facet normal -0.887013 0.461744 0
    outer loop
      vertex -29.6789 13.8395 0
      vertex -28.3598 16.3735 2.4
      vertex -28.3598 16.3735 0
    endloop
  endfacet
  facet normal -0.887013 0.461744 0
    outer loop
      vertex -28.3598 16.3735 2.4
      vertex -29.6789 13.8395 0
      vertex -29.6789 13.8395 2.4
    endloop
  endfacet
  facet normal -0.923876 0.382691 0
    outer loop
      vertex -30.7722 11.2001 0
      vertex -29.6789 13.8395 2.4
      vertex -29.6789 13.8395 0
    endloop
  endfacet
  facet normal -0.923876 0.382691 0
    outer loop
      vertex -29.6789 13.8395 2.4
      vertex -30.7722 11.2001 0
      vertex -30.7722 11.2001 2.4
    endloop
  endfacet
  facet normal -0.953721 0.300692 0
    outer loop
      vertex -31.6312 8.47556 0
      vertex -30.7722 11.2001 2.4
      vertex -30.7722 11.2001 0
    endloop
  endfacet
  facet normal -0.953721 0.300692 0
    outer loop
      vertex -30.7722 11.2001 2.4
      vertex -31.6312 8.47556 0
      vertex -31.6312 8.47556 2.4
    endloop
  endfacet
  facet normal -0.976298 0.21643 0
    outer loop
      vertex -32.2495 5.68646 0
      vertex -31.6312 8.47556 2.4
      vertex -31.6312 8.47556 0
    endloop
  endfacet
  facet normal -0.976298 0.21643 0
    outer loop
      vertex -31.6312 8.47556 2.4
      vertex -32.2495 5.68646 0
      vertex -32.2495 5.68646 2.4
    endloop
  endfacet
  facet normal -0.991444 0.13053 0
    outer loop
      vertex -32.6224 2.85408 0
      vertex -32.2495 5.68646 2.4
      vertex -32.2495 5.68646 0
    endloop
  endfacet
  facet normal -0.991444 0.13053 0
    outer loop
      vertex -32.2495 5.68646 2.4
      vertex -32.6224 2.85408 0
      vertex -32.6224 2.85408 2.4
    endloop
  endfacet
  facet normal -0.999048 0.0436311 0
    outer loop
      vertex -32.6597 2 0
      vertex -32.6224 2.85408 2.4
      vertex -32.6224 2.85408 0
    endloop
  endfacet
  facet normal -0.999048 0.0436311 0
    outer loop
      vertex -32.6224 2.85408 2.4
      vertex -32.6597 2 0
      vertex -32.6597 2 2.4
    endloop
  endfacet
  facet normal 0 1 -0
    outer loop
      vertex -32.6597 2 0
      vertex -37.7796 2 2.4
      vertex -32.6597 2 2.4
    endloop
  endfacet
  facet normal 0 1 0
    outer loop
      vertex -37.7796 2 2.4
      vertex -32.6597 2 0
      vertex -37.7796 2 0
    endloop
  endfacet
  facet normal 0.999048 0.0436311 0
    outer loop
      vertex 32.6597 2 2.4
      vertex 32.6224 2.85408 0
      vertex 32.6224 2.85408 2.4
    endloop
  endfacet
  facet normal 0.999048 0.0436311 0
    outer loop
      vertex 32.6224 2.85408 0
      vertex 32.6597 2 2.4
      vertex 32.6597 2 0
    endloop
  endfacet
  facet normal 0.991444 0.13053 0
    outer loop
      vertex 32.6224 2.85408 2.4
      vertex 32.2495 5.68646 0
      vertex 32.2495 5.68646 2.4
    endloop
  endfacet
  facet normal 0.991444 0.13053 0
    outer loop
      vertex 32.2495 5.68646 0
      vertex 32.6224 2.85408 2.4
      vertex 32.6224 2.85408 0
    endloop
  endfacet
  facet normal 0.976298 0.21643 0
    outer loop
      vertex 32.2495 5.68646 2.4
      vertex 31.6312 8.47556 0
      vertex 31.6312 8.47556 2.4
    endloop
  endfacet
  facet normal 0.976298 0.21643 0
    outer loop
      vertex 31.6312 8.47556 0
      vertex 32.2495 5.68646 2.4
      vertex 32.2495 5.68646 0
    endloop
  endfacet
  facet normal 0.953721 0.300692 0
    outer loop
      vertex 31.6312 8.47556 2.4
      vertex 30.7722 11.2001 0
      vertex 30.7722 11.2001 2.4
    endloop
  endfacet
  facet normal 0.953721 0.300692 0
    outer loop
      vertex 30.7722 11.2001 0
      vertex 31.6312 8.47556 2.4
      vertex 31.6312 8.47556 0
    endloop
  endfacet
  facet normal 0.923876 0.382691 0
    outer loop
      vertex 30.7722 11.2001 2.4
      vertex 29.6789 13.8395 0
      vertex 29.6789 13.8395 2.4
    endloop
  endfacet
  facet normal 0.923876 0.382691 0
    outer loop
      vertex 29.6789 13.8395 0
      vertex 30.7722 11.2001 2.4
      vertex 30.7722 11.2001 0
    endloop
  endfacet
  facet normal 0.887013 0.461744 0
    outer loop
      vertex 29.6789 13.8395 2.4
      vertex 28.3598 16.3735 0
      vertex 28.3598 16.3735 2.4
    endloop
  endfacet
  facet normal 0.887013 0.461744 0
    outer loop
      vertex 28.3598 16.3735 0
      vertex 29.6789 13.8395 2.4
      vertex 29.6789 13.8395 0
    endloop
  endfacet
  facet normal 0.843385 0.53731 0
    outer loop
      vertex 28.3598 16.3735 2.4
      vertex 26.8248 18.7829 0
      vertex 26.8248 18.7829 2.4
    endloop
  endfacet
  facet normal 0.843385 0.53731 0
    outer loop
      vertex 26.8248 18.7829 0
      vertex 28.3598 16.3735 2.4
      vertex 28.3598 16.3735 0
    endloop
  endfacet
  facet normal 0.793361 0.608751 0
    outer loop
      vertex 26.8248 18.7829 2.4
      vertex 25.0857 21.0494 0
      vertex 25.0857 21.0494 2.4
    endloop
  endfacet
  facet normal 0.793361 0.608751 0
    outer loop
      vertex 25.0857 21.0494 0
      vertex 26.8248 18.7829 2.4
      vertex 26.8248 18.7829 0
    endloop
  endfacet
  facet normal 0.737256 0.675613 0
    outer loop
      vertex 25.0857 21.0494 2.4
      vertex 24.5081 21.6797 0
      vertex 24.5081 21.6797 2.4
    endloop
  endfacet
  facet normal 0.737256 0.675613 0
    outer loop
      vertex 24.5081 21.6797 0
      vertex 25.0857 21.0494 2.4
      vertex 25.0857 21.0494 0
    endloop
  endfacet
  facet normal 0.707099 -0.707114 0
    outer loop
      vertex 24.5081 21.6797 0
      vertex 29.1917 26.3632 2.4
      vertex 24.5081 21.6797 2.4
    endloop
  endfacet
  facet normal 0.707099 -0.707114 0
    outer loop
      vertex 29.1917 26.3632 2.4
      vertex 24.5081 21.6797 0
      vertex 29.1917 26.3632 0
    endloop
  endfacet
  facet normal -0.737285 -0.675582 0
    outer loop
      vertex 30.1596 25.3069 0
      vertex 29.1917 26.3632 2.4
      vertex 29.1917 26.3632 0
    endloop
  endfacet
  facet normal -0.737285 -0.675582 0
    outer loop
      vertex 29.1917 26.3632 2.4
      vertex 30.1596 25.3069 0
      vertex 30.1596 25.3069 2.4
    endloop
  endfacet
  facet normal -0.793352 -0.608763 0
    outer loop
      vertex 32.2505 22.582 0
      vertex 30.1596 25.3069 2.4
      vertex 30.1596 25.3069 0
    endloop
  endfacet
  facet normal -0.793352 -0.608763 0
    outer loop
      vertex 30.1596 25.3069 2.4
      vertex 32.2505 22.582 0
      vertex 32.2505 22.582 2.4
    endloop
  endfacet
  facet normal -0.843392 -0.537299 0
    outer loop
      vertex 34.0959 19.6853 0
      vertex 32.2505 22.582 2.4
      vertex 32.2505 22.582 0
    endloop
  endfacet
  facet normal -0.843392 -0.537299 0
    outer loop
      vertex 32.2505 22.582 2.4
      vertex 34.0959 19.6853 0
      vertex 34.0959 19.6853 2.4
    endloop
  endfacet
  facet normal -0.887006 -0.461758 0
    outer loop
      vertex 35.6819 16.6387 0
      vertex 34.0959 19.6853 2.4
      vertex 34.0959 19.6853 0
    endloop
  endfacet
  facet normal -0.887006 -0.461758 0
    outer loop
      vertex 34.0959 19.6853 2.4
      vertex 35.6819 16.6387 0
      vertex 35.6819 16.6387 2.4
    endloop
  endfacet
  facet normal -0.923888 -0.382663 0
    outer loop
      vertex 36.9962 13.4655 0
      vertex 35.6819 16.6387 2.4
      vertex 35.6819 16.6387 0
    endloop
  endfacet
  facet normal -0.923888 -0.382663 0
    outer loop
      vertex 35.6819 16.6387 2.4
      vertex 36.9962 13.4655 0
      vertex 36.9962 13.4655 2.4
    endloop
  endfacet
  facet normal -0.953711 -0.300726 0
    outer loop
      vertex 38.0291 10.1898 0
      vertex 36.9962 13.4655 2.4
      vertex 36.9962 13.4655 0
    endloop
  endfacet
  facet normal -0.953711 -0.300726 0
    outer loop
      vertex 36.9962 13.4655 2.4
      vertex 38.0291 10.1898 0
      vertex 38.0291 10.1898 2.4
    endloop
  endfacet
  facet normal -0.976301 -0.216417 0
    outer loop
      vertex 38.7724 6.83662 0
      vertex 38.0291 10.1898 2.4
      vertex 38.0291 10.1898 0
    endloop
  endfacet
  facet normal -0.976301 -0.216417 0
    outer loop
      vertex 38.0291 10.1898 2.4
      vertex 38.7724 6.83662 0
      vertex 38.7724 6.83662 2.4
    endloop
  endfacet
  facet normal -0.991441 -0.130552 0
    outer loop
      vertex 39.2208 3.43137 0
      vertex 38.7724 6.83662 2.4
      vertex 38.7724 6.83662 0
    endloop
  endfacet
  facet normal -0.991441 -0.130552 0
    outer loop
      vertex 38.7724 6.83662 2.4
      vertex 39.2208 3.43137 0
      vertex 39.2208 3.43137 2.4
    endloop
  endfacet
  facet normal -0.999051 -0.0435532 0
    outer loop
      vertex 39.2832 2 0
      vertex 39.2208 3.43137 2.4
      vertex 39.2208 3.43137 0
    endloop
  endfacet
  facet normal -0.999051 -0.0435532 0
    outer loop
      vertex 39.2208 3.43137 2.4
      vertex 39.2832 2 0
      vertex 39.2832 2 2.4
    endloop
  endfacet
  facet normal 0 1 -0
    outer loop
      vertex 39.2832 2 0
      vertex 32.6597 2 2.4
      vertex 39.2832 2 2.4
    endloop
  endfacet
  facet normal 0 1 0
    outer loop
      vertex 32.6597 2 2.4
      vertex 39.2832 2 0
      vertex 32.6597 2 0
    endloop
  endfacet
  facet normal 0.608753 -0.79336 0
    outer loop
      vertex -13.8783 16.7067 0
      vertex -12.4601 17.7949 2.4
      vertex -13.8783 16.7067 2.4
    endloop
  endfacet
  facet normal 0.608753 -0.79336 0
    outer loop
      vertex -12.4601 17.7949 2.4
      vertex -13.8783 16.7067 0
      vertex -12.4601 17.7949 0
    endloop
  endfacet
  facet normal 0.537289 -0.843398 0
    outer loop
      vertex -12.4601 17.7949 0
      vertex -10.8618 18.8131 2.4
      vertex -12.4601 17.7949 2.4
    endloop
  endfacet
  facet normal 0.537289 -0.843398 0
    outer loop
      vertex -10.8618 18.8131 2.4
      vertex -12.4601 17.7949 0
      vertex -10.8618 18.8131 0
    endloop
  endfacet
  facet normal 0.461751 -0.88701 0
    outer loop
      vertex -10.8618 18.8131 0
      vertex -9.18076 19.6882 2.4
      vertex -10.8618 18.8131 2.4
    endloop
  endfacet
  facet normal 0.461751 -0.88701 0
    outer loop
      vertex -9.18076 19.6882 2.4
      vertex -10.8618 18.8131 0
      vertex -9.18076 19.6882 0
    endloop
  endfacet
  facet normal 0.382664 -0.923887 0
    outer loop
      vertex -9.18076 19.6882 0
      vertex -7.42987 20.4134 2.4
      vertex -9.18076 19.6882 2.4
    endloop
  endfacet
  facet normal 0.382664 -0.923887 0
    outer loop
      vertex -7.42987 20.4134 2.4
      vertex -9.18076 19.6882 0
      vertex -7.42987 20.4134 0
    endloop
  endfacet
  facet normal 0.300717 -0.953714 0
    outer loop
      vertex -7.42987 20.4134 0
      vertex -5.62245 20.9833 2.4
      vertex -7.42987 20.4134 2.4
    endloop
  endfacet
  facet normal 0.300717 -0.953714 0
    outer loop
      vertex -5.62245 20.9833 2.4
      vertex -7.42987 20.4134 0
      vertex -5.62245 20.9833 0
    endloop
  endfacet
  facet normal 0.21645 -0.976294 0
    outer loop
      vertex -5.62245 20.9833 0
      vertex -3.77225 21.3935 2.4
      vertex -5.62245 20.9833 2.4
    endloop
  endfacet
  facet normal 0.21645 -0.976294 0
    outer loop
      vertex -3.77225 21.3935 2.4
      vertex -5.62245 20.9833 0
      vertex -3.77225 21.3935 0
    endloop
  endfacet
  facet normal 0.130515 -0.991446 0
    outer loop
      vertex -3.77225 21.3935 0
      vertex -2 21.6268 2.4
      vertex -3.77225 21.3935 2.4
    endloop
  endfacet
  facet normal 0.130515 -0.991446 0
    outer loop
      vertex -2 21.6268 2.4
      vertex -3.77225 21.3935 0
      vertex -2 21.6268 0
    endloop
  endfacet
  facet normal -1 0 0
    outer loop
      vertex -2 13.8441 0
      vertex -2 21.6268 2.4
      vertex -2 21.6268 0
    endloop
  endfacet
  facet normal -1 -0 0
    outer loop
      vertex -2 21.6268 2.4
      vertex -2 13.8441 0
      vertex -2 13.8441 2.4
    endloop
  endfacet
  facet normal -0.130639 0.99143 0
    outer loop
      vertex -2 13.8441 0
      vertex -2.43106 13.7873 2.4
      vertex -2 13.8441 2.4
    endloop
  endfacet
  facet normal -0.130639 0.99143 0
    outer loop
      vertex -2.43106 13.7873 2.4
      vertex -2 13.8441 0
      vertex -2.43106 13.7873 0
    endloop
  endfacet
  facet normal -0.21648 0.976287 0
    outer loop
      vertex -2.43106 13.7873 0
      vertex -3.62346 13.5229 2.4
      vertex -2.43106 13.7873 2.4
    endloop
  endfacet
  facet normal -0.21648 0.976287 0
    outer loop
      vertex -3.62346 13.5229 2.4
      vertex -2.43106 13.7873 0
      vertex -3.62346 13.5229 0
    endloop
  endfacet
  facet normal -0.300659 0.953732 0
    outer loop
      vertex -3.62346 13.5229 0
      vertex -4.78827 13.1557 2.4
      vertex -3.62346 13.5229 2.4
    endloop
  endfacet
  facet normal -0.300659 0.953732 0
    outer loop
      vertex -4.78827 13.1557 2.4
      vertex -3.62346 13.5229 0
      vertex -4.78827 13.1557 0
    endloop
  endfacet
  facet normal -0.382693 0.923876 0
    outer loop
      vertex -4.78827 13.1557 0
      vertex -5.91664 12.6883 2.4
      vertex -4.78827 13.1557 2.4
    endloop
  endfacet
  facet normal -0.382693 0.923876 0
    outer loop
      vertex -5.91664 12.6883 2.4
      vertex -4.78827 13.1557 0
      vertex -5.91664 12.6883 0
    endloop
  endfacet
  facet normal -0.461773 0.886998 0
    outer loop
      vertex -5.91664 12.6883 0
      vertex -7 12.1243 2.4
      vertex -5.91664 12.6883 2.4
    endloop
  endfacet
  facet normal -0.461773 0.886998 0
    outer loop
      vertex -7 12.1243 2.4
      vertex -5.91664 12.6883 0
      vertex -7 12.1243 0
    endloop
  endfacet
  facet normal -0.537288 0.843399 0
    outer loop
      vertex -7 12.1243 0
      vertex -8.03006 11.4681 2.4
      vertex -7 12.1243 2.4
    endloop
  endfacet
  facet normal -0.537288 0.843399 0
    outer loop
      vertex -8.03006 11.4681 2.4
      vertex -7 12.1243 0
      vertex -8.03006 11.4681 0
    endloop
  endfacet
  facet normal -0.608766 0.79335 0
    outer loop
      vertex -8.03006 11.4681 0
      vertex -8.37502 11.2034 2.4
      vertex -8.03006 11.4681 2.4
    endloop
  endfacet
  facet normal -0.608766 0.79335 0
    outer loop
      vertex -8.37502 11.2034 2.4
      vertex -8.03006 11.4681 0
      vertex -8.37502 11.2034 0
    endloop
  endfacet
  facet normal 0.707108 0.707105 0
    outer loop
      vertex -8.37502 11.2034 2.4
      vertex -13.8783 16.7067 0
      vertex -13.8783 16.7067 2.4
    endloop
  endfacet
  facet normal 0.707108 0.707105 0
    outer loop
      vertex -13.8783 16.7067 0
      vertex -8.37502 11.2034 2.4
      vertex -8.37502 11.2034 0
    endloop
  endfacet
  facet normal 0.537288 0.843399 -0
    outer loop
      vertex 8.03006 11.4681 0
      vertex 7 12.1243 2.4
      vertex 8.03006 11.4681 2.4
    endloop
  endfacet
  facet normal 0.537288 0.843399 0
    outer loop
      vertex 7 12.1243 2.4
      vertex 8.03006 11.4681 0
      vertex 7 12.1243 0
    endloop
  endfacet
  facet normal 0.461773 0.886998 -0
    outer loop
      vertex 7 12.1243 0
      vertex 5.91664 12.6883 2.4
      vertex 7 12.1243 2.4
    endloop
  endfacet
  facet normal 0.461773 0.886998 0
    outer loop
      vertex 5.91664 12.6883 2.4
      vertex 7 12.1243 0
      vertex 5.91664 12.6883 0
    endloop
  endfacet
  facet normal 0.382693 0.923876 -0
    outer loop
      vertex 5.91664 12.6883 0
      vertex 4.78827 13.1557 2.4
      vertex 5.91664 12.6883 2.4
    endloop
  endfacet
  facet normal 0.382693 0.923876 0
    outer loop
      vertex 4.78827 13.1557 2.4
      vertex 5.91664 12.6883 0
      vertex 4.78827 13.1557 0
    endloop
  endfacet
  facet normal 0.300659 0.953732 -0
    outer loop
      vertex 4.78827 13.1557 0
      vertex 3.62346 13.5229 2.4
      vertex 4.78827 13.1557 2.4
    endloop
  endfacet
  facet normal 0.300659 0.953732 0
    outer loop
      vertex 3.62346 13.5229 2.4
      vertex 4.78827 13.1557 0
      vertex 3.62346 13.5229 0
    endloop
  endfacet
  facet normal 0.21648 0.976287 -0
    outer loop
      vertex 3.62346 13.5229 0
      vertex 2.43106 13.7873 2.4
      vertex 3.62346 13.5229 2.4
    endloop
  endfacet
  facet normal 0.21648 0.976287 0
    outer loop
      vertex 2.43106 13.7873 2.4
      vertex 3.62346 13.5229 0
      vertex 2.43106 13.7873 0
    endloop
  endfacet
  facet normal 0.130639 0.99143 -0
    outer loop
      vertex 2.43106 13.7873 0
      vertex 2 13.8441 2.4
      vertex 2.43106 13.7873 2.4
    endloop
  endfacet
  facet normal 0.130639 0.99143 0
    outer loop
      vertex 2 13.8441 2.4
      vertex 2.43106 13.7873 0
      vertex 2 13.8441 0
    endloop
  endfacet
  facet normal 1 -0 0
    outer loop
      vertex 2 13.8441 2.4
      vertex 2 21.6268 0
      vertex 2 21.6268 2.4
    endloop
  endfacet
  facet normal 1 0 0
    outer loop
      vertex 2 21.6268 0
      vertex 2 13.8441 2.4
      vertex 2 13.8441 0
    endloop
  endfacet
  facet normal -0.130515 -0.991446 0
    outer loop
      vertex 2 21.6268 0
      vertex 3.77225 21.3935 2.4
      vertex 2 21.6268 2.4
    endloop
  endfacet
  facet normal -0.130515 -0.991446 -0
    outer loop
      vertex 3.77225 21.3935 2.4
      vertex 2 21.6268 0
      vertex 3.77225 21.3935 0
    endloop
  endfacet
  facet normal -0.21645 -0.976294 0
    outer loop
      vertex 3.77225 21.3935 0
      vertex 5.62245 20.9833 2.4
      vertex 3.77225 21.3935 2.4
    endloop
  endfacet
  facet normal -0.21645 -0.976294 -0
    outer loop
      vertex 5.62245 20.9833 2.4
      vertex 3.77225 21.3935 0
      vertex 5.62245 20.9833 0
    endloop
  endfacet
  facet normal -0.300717 -0.953714 0
    outer loop
      vertex 5.62245 20.9833 0
      vertex 7.42987 20.4134 2.4
      vertex 5.62245 20.9833 2.4
    endloop
  endfacet
  facet normal -0.300717 -0.953714 -0
    outer loop
      vertex 7.42987 20.4134 2.4
      vertex 5.62245 20.9833 0
      vertex 7.42987 20.4134 0
    endloop
  endfacet
  facet normal -0.382664 -0.923887 0
    outer loop
      vertex 7.42987 20.4134 0
      vertex 9.18076 19.6882 2.4
      vertex 7.42987 20.4134 2.4
    endloop
  endfacet
  facet normal -0.382664 -0.923887 -0
    outer loop
      vertex 9.18076 19.6882 2.4
      vertex 7.42987 20.4134 0
      vertex 9.18076 19.6882 0
    endloop
  endfacet
  facet normal -0.461751 -0.88701 0
    outer loop
      vertex 9.18076 19.6882 0
      vertex 10.8618 18.8131 2.4
      vertex 9.18076 19.6882 2.4
    endloop
  endfacet
  facet normal -0.461751 -0.88701 -0
    outer loop
      vertex 10.8618 18.8131 2.4
      vertex 9.18076 19.6882 0
      vertex 10.8618 18.8131 0
    endloop
  endfacet
  facet normal -0.537289 -0.843398 0
    outer loop
      vertex 10.8618 18.8131 0
      vertex 12.4601 17.7949 2.4
      vertex 10.8618 18.8131 2.4
    endloop
  endfacet
  facet normal -0.537289 -0.843398 -0
    outer loop
      vertex 12.4601 17.7949 2.4
      vertex 10.8618 18.8131 0
      vertex 12.4601 17.7949 0
    endloop
  endfacet
  facet normal -0.608753 -0.79336 0
    outer loop
      vertex 12.4601 17.7949 0
      vertex 13.8783 16.7067 2.4
      vertex 12.4601 17.7949 2.4
    endloop
  endfacet
  facet normal -0.608753 -0.79336 -0
    outer loop
      vertex 13.8783 16.7067 2.4
      vertex 12.4601 17.7949 0
      vertex 13.8783 16.7067 0
    endloop
  endfacet
  facet normal -0.707108 0.707105 0
    outer loop
      vertex 8.37502 11.2034 0
      vertex 13.8783 16.7067 2.4
      vertex 13.8783 16.7067 0
    endloop
  endfacet
  facet normal -0.707108 0.707105 0
    outer loop
      vertex 13.8783 16.7067 2.4
      vertex 8.37502 11.2034 0
      vertex 8.37502 11.2034 2.4
    endloop
  endfacet
  facet normal 0.608766 0.79335 -0
    outer loop
      vertex 8.37502 11.2034 0
      vertex 8.03006 11.4681 2.4
      vertex 8.37502 11.2034 2.4
    endloop
  endfacet
  facet normal 0.608766 0.79335 0
    outer loop
      vertex 8.03006 11.4681 2.4
      vertex 8.37502 11.2034 0
      vertex 8.03006 11.4681 0
    endloop
  endfacet
  facet normal 0.999049 -0.0435917 0
    outer loop
      vertex -30.4597 2 2.4
      vertex -30.4308 2.66234 0
      vertex -30.4308 2.66234 2.4
    endloop
  endfacet
  facet normal 0.999049 -0.0435917 0
    outer loop
      vertex -30.4308 2.66234 0
      vertex -30.4597 2 2.4
      vertex -30.4597 2 0
    endloop
  endfacet
  facet normal 0.991447 -0.130512 0
    outer loop
      vertex -30.4308 2.66234 2.4
      vertex -30.083 5.30443 0
      vertex -30.083 5.30443 2.4
    endloop
  endfacet
  facet normal 0.991447 -0.130512 0
    outer loop
      vertex -30.083 5.30443 0
      vertex -30.4308 2.66234 2.4
      vertex -30.4308 2.66234 0
    endloop
  endfacet
  facet normal 0.976295 -0.216443 0
    outer loop
      vertex -30.083 5.30443 2.4
      vertex -29.5062 7.90616 0
      vertex -29.5062 7.90616 2.4
    endloop
  endfacet
  facet normal 0.976295 -0.216443 0
    outer loop
      vertex -29.5062 7.90616 0
      vertex -30.083 5.30443 2.4
      vertex -30.083 5.30443 0
    endloop
  endfacet
  facet normal 0.953711 -0.300725 0
    outer loop
      vertex -29.5062 7.90616 2.4
      vertex -28.7048 10.4477 0
      vertex -28.7048 10.4477 2.4
    endloop
  endfacet
  facet normal 0.953711 -0.300725 0
    outer loop
      vertex -28.7048 10.4477 0
      vertex -29.5062 7.90616 2.4
      vertex -29.5062 7.90616 0
    endloop
  endfacet
  facet normal 0.923879 -0.382685 0
    outer loop
      vertex -28.7048 10.4477 2.4
      vertex -27.685 12.9097 0
      vertex -27.685 12.9097 2.4
    endloop
  endfacet
  facet normal 0.923879 -0.382685 0
    outer loop
      vertex -27.685 12.9097 0
      vertex -28.7048 10.4477 2.4
      vertex -28.7048 10.4477 0
    endloop
  endfacet
  facet normal 0.887013 -0.461744 0
    outer loop
      vertex -27.685 12.9097 2.4
      vertex -26.4545 15.2735 0
      vertex -26.4545 15.2735 2.4
    endloop
  endfacet
  facet normal 0.887013 -0.461744 0
    outer loop
      vertex -26.4545 15.2735 0
      vertex -27.685 12.9097 2.4
      vertex -27.685 12.9097 0
    endloop
  endfacet
  facet normal 0.843405 -0.537278 0
    outer loop
      vertex -26.4545 15.2735 2.4
      vertex -25.0227 17.5211 0
      vertex -25.0227 17.5211 2.4
    endloop
  endfacet
  facet normal 0.843405 -0.537278 0
    outer loop
      vertex -25.0227 17.5211 0
      vertex -26.4545 15.2735 2.4
      vertex -26.4545 15.2735 0
    endloop
  endfacet
  facet normal 0.79335 -0.608766 0
    outer loop
      vertex -25.0227 17.5211 2.4
      vertex -23.4004 19.6353 0
      vertex -23.4004 19.6353 2.4
    endloop
  endfacet
  facet normal 0.79335 -0.608766 0
    outer loop
      vertex -23.4004 19.6353 0
      vertex -25.0227 17.5211 2.4
      vertex -25.0227 17.5211 0
    endloop
  endfacet
  facet normal 0.737279 -0.675588 0
    outer loop
      vertex -23.4004 19.6353 2.4
      vertex -22.9525 20.1241 0
      vertex -22.9525 20.1241 2.4
    endloop
  endfacet
  facet normal 0.737279 -0.675588 0
    outer loop
      vertex -22.9525 20.1241 0
      vertex -23.4004 19.6353 2.4
      vertex -23.4004 19.6353 0
    endloop
  endfacet
  facet normal -0.707114 -0.707099 0
    outer loop
      vertex -18.269 15.4405 0
      vertex -22.9525 20.1241 2.4
      vertex -22.9525 20.1241 0
    endloop
  endfacet
  facet normal -0.707114 -0.707099 0
    outer loop
      vertex -22.9525 20.1241 2.4
      vertex -18.269 15.4405 0
      vertex -18.269 15.4405 2.4
    endloop
  endfacet
  facet normal -0.737544 0.675299 0
    outer loop
      vertex -18.3265 15.3777 0
      vertex -18.269 15.4405 2.4
      vertex -18.269 15.4405 0
    endloop
  endfacet
  facet normal -0.737544 0.675299 0
    outer loop
      vertex -18.269 15.4405 2.4
      vertex -18.3265 15.3777 0
      vertex -18.3265 15.3777 2.4
    endloop
  endfacet
  facet normal -0.793345 0.608772 0
    outer loop
      vertex -19.597 13.722 0
      vertex -18.3265 15.3777 2.4
      vertex -18.3265 15.3777 0
    endloop
  endfacet
  facet normal -0.793345 0.608772 0
    outer loop
      vertex -18.3265 15.3777 2.4
      vertex -19.597 13.722 0
      vertex -19.597 13.722 2.4
    endloop
  endfacet
  facet normal -0.843385 0.537309 0
    outer loop
      vertex -20.7184 11.9618 0
      vertex -19.597 13.722 2.4
      vertex -19.597 13.722 0
    endloop
  endfacet
  facet normal -0.843385 0.537309 0
    outer loop
      vertex -19.597 13.722 2.4
      vertex -20.7184 11.9618 0
      vertex -20.7184 11.9618 2.4
    endloop
  endfacet
  facet normal -0.887016 0.461739 0
    outer loop
      vertex -21.6821 10.1105 0
      vertex -20.7184 11.9618 2.4
      vertex -20.7184 11.9618 0
    endloop
  endfacet
  facet normal -0.887016 0.461739 0
    outer loop
      vertex -20.7184 11.9618 2.4
      vertex -21.6821 10.1105 0
      vertex -21.6821 10.1105 2.4
    endloop
  endfacet
  facet normal -0.923875 0.382694 0
    outer loop
      vertex -22.4808 8.18233 0
      vertex -21.6821 10.1105 2.4
      vertex -21.6821 10.1105 0
    endloop
  endfacet
  facet normal -0.923875 0.382694 0
    outer loop
      vertex -21.6821 10.1105 2.4
      vertex -22.4808 8.18233 0
      vertex -22.4808 8.18233 2.4
    endloop
  endfacet
  facet normal -0.953716 0.300709 0
    outer loop
      vertex -23.1084 6.19186 0
      vertex -22.4808 8.18233 2.4
      vertex -22.4808 8.18233 0
    endloop
  endfacet
  facet normal -0.953716 0.300709 0
    outer loop
      vertex -22.4808 8.18233 2.4
      vertex -23.1084 6.19186 0
      vertex -23.1084 6.19186 2.4
    endloop
  endfacet
  facet normal -0.976298 0.216429 0
    outer loop
      vertex -23.5601 4.15427 0
      vertex -23.1084 6.19186 2.4
      vertex -23.1084 6.19186 0
    endloop
  endfacet
  facet normal -0.976298 0.216429 0
    outer loop
      vertex -23.1084 6.19186 2.4
      vertex -23.5601 4.15427 0
      vertex -23.5601 4.15427 2.4
    endloop
  endfacet
  facet normal -0.991446 0.130519 0
    outer loop
      vertex -23.8325 2.08507 0
      vertex -23.5601 4.15427 2.4
      vertex -23.5601 4.15427 0
    endloop
  endfacet
  facet normal -0.991446 0.130519 0
    outer loop
      vertex -23.5601 4.15427 2.4
      vertex -23.8325 2.08507 0
      vertex -23.8325 2.08507 2.4
    endloop
  endfacet
  facet normal -0.999055 0.0434525 0
    outer loop
      vertex -23.8362 2 0
      vertex -23.8325 2.08507 2.4
      vertex -23.8325 2.08507 0
    endloop
  endfacet
  facet normal -0.999055 0.0434525 0
    outer loop
      vertex -23.8325 2.08507 2.4
      vertex -23.8362 2 0
      vertex -23.8362 2 2.4
    endloop
  endfacet
  facet normal 0 1 -0
    outer loop
      vertex -23.8362 2 0
      vertex -30.4597 2 2.4
      vertex -23.8362 2 2.4
    endloop
  endfacet
  facet normal 0 1 0
    outer loop
      vertex -30.4597 2 2.4
      vertex -23.8362 2 0
      vertex -30.4597 2 0
    endloop
  endfacet
  facet normal 0.999055 0.0434525 0
    outer loop
      vertex 23.8362 2 2.4
      vertex 23.8325 2.08507 0
      vertex 23.8325 2.08507 2.4
    endloop
  endfacet
  facet normal 0.999055 0.0434525 0
    outer loop
      vertex 23.8325 2.08507 0
      vertex 23.8362 2 2.4
      vertex 23.8362 2 0
    endloop
  endfacet
  facet normal 0.991446 0.130519 0
    outer loop
      vertex 23.8325 2.08507 2.4
      vertex 23.5601 4.15427 0
      vertex 23.5601 4.15427 2.4
    endloop
  endfacet
  facet normal 0.991446 0.130519 0
    outer loop
      vertex 23.5601 4.15427 0
      vertex 23.8325 2.08507 2.4
      vertex 23.8325 2.08507 0
    endloop
  endfacet
  facet normal 0.976298 0.216429 0
    outer loop
      vertex 23.5601 4.15427 2.4
      vertex 23.1084 6.19186 0
      vertex 23.1084 6.19186 2.4
    endloop
  endfacet
  facet normal 0.976298 0.216429 0
    outer loop
      vertex 23.1084 6.19186 0
      vertex 23.5601 4.15427 2.4
      vertex 23.5601 4.15427 0
    endloop
  endfacet
  facet normal 0.953716 0.300709 0
    outer loop
      vertex 23.1084 6.19186 2.4
      vertex 22.4808 8.18233 0
      vertex 22.4808 8.18233 2.4
    endloop
  endfacet
  facet normal 0.953716 0.300709 0
    outer loop
      vertex 22.4808 8.18233 0
      vertex 23.1084 6.19186 2.4
      vertex 23.1084 6.19186 0
    endloop
  endfacet
  facet normal 0.923875 0.382694 0
    outer loop
      vertex 22.4808 8.18233 2.4
      vertex 21.6821 10.1105 0
      vertex 21.6821 10.1105 2.4
    endloop
  endfacet
  facet normal 0.923875 0.382694 0
    outer loop
      vertex 21.6821 10.1105 0
      vertex 22.4808 8.18233 2.4
      vertex 22.4808 8.18233 0
    endloop
  endfacet
  facet normal 0.887016 0.461739 0
    outer loop
      vertex 21.6821 10.1105 2.4
      vertex 20.7184 11.9618 0
      vertex 20.7184 11.9618 2.4
    endloop
  endfacet
  facet normal 0.887016 0.461739 0
    outer loop
      vertex 20.7184 11.9618 0
      vertex 21.6821 10.1105 2.4
      vertex 21.6821 10.1105 0
    endloop
  endfacet
  facet normal 0.843385 0.537309 0
    outer loop
      vertex 20.7184 11.9618 2.4
      vertex 19.597 13.722 0
      vertex 19.597 13.722 2.4
    endloop
  endfacet
  facet normal 0.843385 0.537309 0
    outer loop
      vertex 19.597 13.722 0
      vertex 20.7184 11.9618 2.4
      vertex 20.7184 11.9618 0
    endloop
  endfacet
  facet normal 0.793345 0.608772 0
    outer loop
      vertex 19.597 13.722 2.4
      vertex 18.3265 15.3777 0
      vertex 18.3265 15.3777 2.4
    endloop
  endfacet
  facet normal 0.793345 0.608772 0
    outer loop
      vertex 18.3265 15.3777 0
      vertex 19.597 13.722 2.4
      vertex 19.597 13.722 0
    endloop
  endfacet
  facet normal 0.737544 0.675299 0
    outer loop
      vertex 18.3265 15.3777 2.4
      vertex 18.269 15.4405 0
      vertex 18.269 15.4405 2.4
    endloop
  endfacet
  facet normal 0.737544 0.675299 0
    outer loop
      vertex 18.269 15.4405 0
      vertex 18.3265 15.3777 2.4
      vertex 18.3265 15.3777 0
    endloop
  endfacet
  facet normal 0.707114 -0.707099 0
    outer loop
      vertex 18.269 15.4405 2.4
      vertex 22.9525 20.1241 0
      vertex 22.9525 20.1241 2.4
    endloop
  endfacet
  facet normal 0.707114 -0.707099 0
    outer loop
      vertex 22.9525 20.1241 0
      vertex 18.269 15.4405 2.4
      vertex 18.269 15.4405 0
    endloop
  endfacet
  facet normal -0.737279 -0.675588 0
    outer loop
      vertex 23.4004 19.6353 0
      vertex 22.9525 20.1241 2.4
      vertex 22.9525 20.1241 0
    endloop
  endfacet
  facet normal -0.737279 -0.675588 0
    outer loop
      vertex 22.9525 20.1241 2.4
      vertex 23.4004 19.6353 0
      vertex 23.4004 19.6353 2.4
    endloop
  endfacet
  facet normal -0.79335 -0.608766 0
    outer loop
      vertex 25.0227 17.5211 0
      vertex 23.4004 19.6353 2.4
      vertex 23.4004 19.6353 0
    endloop
  endfacet
  facet normal -0.79335 -0.608766 0
    outer loop
      vertex 23.4004 19.6353 2.4
      vertex 25.0227 17.5211 0
      vertex 25.0227 17.5211 2.4
    endloop
  endfacet
  facet normal -0.843405 -0.537278 0
    outer loop
      vertex 26.4545 15.2735 0
      vertex 25.0227 17.5211 2.4
      vertex 25.0227 17.5211 0
    endloop
  endfacet
  facet normal -0.843405 -0.537278 0
    outer loop
      vertex 25.0227 17.5211 2.4
      vertex 26.4545 15.2735 0
      vertex 26.4545 15.2735 2.4
    endloop
  endfacet
  facet normal -0.887013 -0.461744 0
    outer loop
      vertex 27.685 12.9097 0
      vertex 26.4545 15.2735 2.4
      vertex 26.4545 15.2735 0
    endloop
  endfacet
  facet normal -0.887013 -0.461744 0
    outer loop
      vertex 26.4545 15.2735 2.4
      vertex 27.685 12.9097 0
      vertex 27.685 12.9097 2.4
    endloop
  endfacet
  facet normal -0.923879 -0.382685 0
    outer loop
      vertex 28.7048 10.4477 0
      vertex 27.685 12.9097 2.4
      vertex 27.685 12.9097 0
    endloop
  endfacet
  facet normal -0.923879 -0.382685 0
    outer loop
      vertex 27.685 12.9097 2.4
      vertex 28.7048 10.4477 0
      vertex 28.7048 10.4477 2.4
    endloop
  endfacet
  facet normal -0.953711 -0.300725 0
    outer loop
      vertex 29.5062 7.90616 0
      vertex 28.7048 10.4477 2.4
      vertex 28.7048 10.4477 0
    endloop
  endfacet
  facet normal -0.953711 -0.300725 0
    outer loop
      vertex 28.7048 10.4477 2.4
      vertex 29.5062 7.90616 0
      vertex 29.5062 7.90616 2.4
    endloop
  endfacet
  facet normal -0.976295 -0.216443 0
    outer loop
      vertex 30.083 5.30443 0
      vertex 29.5062 7.90616 2.4
      vertex 29.5062 7.90616 0
    endloop
  endfacet
  facet normal -0.976295 -0.216443 0
    outer loop
      vertex 29.5062 7.90616 2.4
      vertex 30.083 5.30443 0
      vertex 30.083 5.30443 2.4
    endloop
  endfacet
  facet normal -0.991447 -0.130512 0
    outer loop
      vertex 30.4308 2.66234 0
      vertex 30.083 5.30443 2.4
      vertex 30.083 5.30443 0
    endloop
  endfacet
  facet normal -0.991447 -0.130512 0
    outer loop
      vertex 30.083 5.30443 2.4
      vertex 30.4308 2.66234 0
      vertex 30.4308 2.66234 2.4
    endloop
  endfacet
  facet normal -0.999049 -0.0435917 0
    outer loop
      vertex 30.4597 2 0
      vertex 30.4308 2.66234 2.4
      vertex 30.4308 2.66234 0
    endloop
  endfacet
  facet normal -0.999049 -0.0435917 0
    outer loop
      vertex 30.4308 2.66234 2.4
      vertex 30.4597 2 0
      vertex 30.4597 2 2.4
    endloop
  endfacet
  facet normal 0 1 -0
    outer loop
      vertex 30.4597 2 0
      vertex 23.8362 2 2.4
      vertex 30.4597 2 2.4
    endloop
  endfacet
  facet normal 0 1 0
    outer loop
      vertex 23.8362 2 2.4
      vertex 30.4597 2 0
      vertex 23.8362 2 0
    endloop
  endfacet
  facet normal 0.99143 0.130639 0
    outer loop
      vertex 13.8441 2 2.4
      vertex 13.7873 2.43106 0
      vertex 13.7873 2.43106 2.4
    endloop
  endfacet
  facet normal 0.99143 0.130639 0
    outer loop
      vertex 13.7873 2.43106 0
      vertex 13.8441 2 2.4
      vertex 13.8441 2 0
    endloop
  endfacet
  facet normal 0.976287 0.21648 0
    outer loop
      vertex 13.7873 2.43106 2.4
      vertex 13.5229 3.62346 0
      vertex 13.5229 3.62346 2.4
    endloop
  endfacet
  facet normal 0.976287 0.21648 0
    outer loop
      vertex 13.5229 3.62346 0
      vertex 13.7873 2.43106 2.4
      vertex 13.7873 2.43106 0
    endloop
  endfacet
  facet normal 0.953732 0.300659 0
    outer loop
      vertex 13.5229 3.62346 2.4
      vertex 13.1557 4.78827 0
      vertex 13.1557 4.78827 2.4
    endloop
  endfacet
  facet normal 0.953732 0.300659 0
    outer loop
      vertex 13.1557 4.78827 0
      vertex 13.5229 3.62346 2.4
      vertex 13.5229 3.62346 0
    endloop
  endfacet
  facet normal 0.923876 0.382693 0
    outer loop
      vertex 13.1557 4.78827 2.4
      vertex 12.6883 5.91664 0
      vertex 12.6883 5.91664 2.4
    endloop
  endfacet
  facet normal 0.923876 0.382693 0
    outer loop
      vertex 12.6883 5.91664 0
      vertex 13.1557 4.78827 2.4
      vertex 13.1557 4.78827 0
    endloop
  endfacet
  facet normal 0.886998 0.461773 0
    outer loop
      vertex 12.6883 5.91664 2.4
      vertex 12.1243 7 0
      vertex 12.1243 7 2.4
    endloop
  endfacet
  facet normal 0.886998 0.461773 0
    outer loop
      vertex 12.1243 7 0
      vertex 12.6883 5.91664 2.4
      vertex 12.6883 5.91664 0
    endloop
  endfacet
  facet normal 0.843399 0.537288 0
    outer loop
      vertex 12.1243 7 2.4
      vertex 11.4681 8.03006 0
      vertex 11.4681 8.03006 2.4
    endloop
  endfacet
  facet normal 0.843399 0.537288 0
    outer loop
      vertex 11.4681 8.03006 0
      vertex 12.1243 7 2.4
      vertex 12.1243 7 0
    endloop
  endfacet
  facet normal 0.79335 0.608766 0
    outer loop
      vertex 11.4681 8.03006 2.4
      vertex 11.2034 8.37502 0
      vertex 11.2034 8.37502 2.4
    endloop
  endfacet
  facet normal 0.79335 0.608766 0
    outer loop
      vertex 11.2034 8.37502 0
      vertex 11.4681 8.03006 2.4
      vertex 11.4681 8.03006 0
    endloop
  endfacet
  facet normal 0.707105 -0.707108 0
    outer loop
      vertex 11.2034 8.37502 2.4
      vertex 16.7067 13.8783 0
      vertex 16.7067 13.8783 2.4
    endloop
  endfacet
  facet normal 0.707105 -0.707108 0
    outer loop
      vertex 16.7067 13.8783 0
      vertex 11.2034 8.37502 2.4
      vertex 11.2034 8.37502 0
    endloop
  endfacet
  facet normal -0.79336 -0.608753 0
    outer loop
      vertex 17.7949 12.4601 0
      vertex 16.7067 13.8783 2.4
      vertex 16.7067 13.8783 0
    endloop
  endfacet
  facet normal -0.79336 -0.608753 0
    outer loop
      vertex 16.7067 13.8783 2.4
      vertex 17.7949 12.4601 0
      vertex 17.7949 12.4601 2.4
    endloop
  endfacet
  facet normal -0.843398 -0.537289 0
    outer loop
      vertex 18.8131 10.8618 0
      vertex 17.7949 12.4601 2.4
      vertex 17.7949 12.4601 0
    endloop
  endfacet
  facet normal -0.843398 -0.537289 0
    outer loop
      vertex 17.7949 12.4601 2.4
      vertex 18.8131 10.8618 0
      vertex 18.8131 10.8618 2.4
    endloop
  endfacet
  facet normal -0.88701 -0.461751 0
    outer loop
      vertex 19.6882 9.18076 0
      vertex 18.8131 10.8618 2.4
      vertex 18.8131 10.8618 0
    endloop
  endfacet
  facet normal -0.88701 -0.461751 0
    outer loop
      vertex 18.8131 10.8618 2.4
      vertex 19.6882 9.18076 0
      vertex 19.6882 9.18076 2.4
    endloop
  endfacet
  facet normal -0.923887 -0.382664 0
    outer loop
      vertex 20.4134 7.42987 0
      vertex 19.6882 9.18076 2.4
      vertex 19.6882 9.18076 0
    endloop
  endfacet
  facet normal -0.923887 -0.382664 0
    outer loop
      vertex 19.6882 9.18076 2.4
      vertex 20.4134 7.42987 0
      vertex 20.4134 7.42987 2.4
    endloop
  endfacet
  facet normal -0.953714 -0.300717 0
    outer loop
      vertex 20.9833 5.62245 0
      vertex 20.4134 7.42987 2.4
      vertex 20.4134 7.42987 0
    endloop
  endfacet
  facet normal -0.953714 -0.300717 0
    outer loop
      vertex 20.4134 7.42987 2.4
      vertex 20.9833 5.62245 0
      vertex 20.9833 5.62245 2.4
    endloop
  endfacet
  facet normal -0.976294 -0.21645 0
    outer loop
      vertex 21.3935 3.77225 0
      vertex 20.9833 5.62245 2.4
      vertex 20.9833 5.62245 0
    endloop
  endfacet
  facet normal -0.976294 -0.21645 0
    outer loop
      vertex 20.9833 5.62245 2.4
      vertex 21.3935 3.77225 0
      vertex 21.3935 3.77225 2.4
    endloop
  endfacet
  facet normal -0.991446 -0.130515 0
    outer loop
      vertex 21.6268 2 0
      vertex 21.3935 3.77225 2.4
      vertex 21.3935 3.77225 0
    endloop
  endfacet
  facet normal -0.991446 -0.130515 0
    outer loop
      vertex 21.3935 3.77225 2.4
      vertex 21.6268 2 0
      vertex 21.6268 2 2.4
    endloop
  endfacet
  facet normal 0 1 -0
    outer loop
      vertex 21.6268 2 0
      vertex 13.8441 2 2.4
      vertex 21.6268 2 2.4
    endloop
  endfacet
  facet normal 0 1 0
    outer loop
      vertex 13.8441 2 2.4
      vertex 21.6268 2 0
      vertex 13.8441 2 0
    endloop
  endfacet
  facet normal 0.991446 -0.130515 0
    outer loop
      vertex -21.6268 2 2.4
      vertex -21.3935 3.77225 0
      vertex -21.3935 3.77225 2.4
    endloop
  endfacet
  facet normal 0.991446 -0.130515 0
    outer loop
      vertex -21.3935 3.77225 0
      vertex -21.6268 2 2.4
      vertex -21.6268 2 0
    endloop
  endfacet
  facet normal 0.976294 -0.21645 0
    outer loop
      vertex -21.3935 3.77225 2.4
      vertex -20.9833 5.62245 0
      vertex -20.9833 5.62245 2.4
    endloop
  endfacet
  facet normal 0.976294 -0.21645 0
    outer loop
      vertex -20.9833 5.62245 0
      vertex -21.3935 3.77225 2.4
      vertex -21.3935 3.77225 0
    endloop
  endfacet
  facet normal 0.953714 -0.300717 0
    outer loop
      vertex -20.9833 5.62245 2.4
      vertex -20.4134 7.42987 0
      vertex -20.4134 7.42987 2.4
    endloop
  endfacet
  facet normal 0.953714 -0.300717 0
    outer loop
      vertex -20.4134 7.42987 0
      vertex -20.9833 5.62245 2.4
      vertex -20.9833 5.62245 0
    endloop
  endfacet
  facet normal 0.923887 -0.382664 0
    outer loop
      vertex -20.4134 7.42987 2.4
      vertex -19.6882 9.18076 0
      vertex -19.6882 9.18076 2.4
    endloop
  endfacet
  facet normal 0.923887 -0.382664 0
    outer loop
      vertex -19.6882 9.18076 0
      vertex -20.4134 7.42987 2.4
      vertex -20.4134 7.42987 0
    endloop
  endfacet
  facet normal 0.88701 -0.461751 0
    outer loop
      vertex -19.6882 9.18076 2.4
      vertex -18.8131 10.8618 0
      vertex -18.8131 10.8618 2.4
    endloop
  endfacet
  facet normal 0.88701 -0.461751 0
    outer loop
      vertex -18.8131 10.8618 0
      vertex -19.6882 9.18076 2.4
      vertex -19.6882 9.18076 0
    endloop
  endfacet
  facet normal 0.843398 -0.537289 0
    outer loop
      vertex -18.8131 10.8618 2.4
      vertex -17.7949 12.4601 0
      vertex -17.7949 12.4601 2.4
    endloop
  endfacet
  facet normal 0.843398 -0.537289 0
    outer loop
      vertex -17.7949 12.4601 0
      vertex -18.8131 10.8618 2.4
      vertex -18.8131 10.8618 0
    endloop
  endfacet
  facet normal 0.79336 -0.608753 0
    outer loop
      vertex -17.7949 12.4601 2.4
      vertex -16.7067 13.8783 0
      vertex -16.7067 13.8783 2.4
    endloop
  endfacet
  facet normal 0.79336 -0.608753 0
    outer loop
      vertex -16.7067 13.8783 0
      vertex -17.7949 12.4601 2.4
      vertex -17.7949 12.4601 0
    endloop
  endfacet
  facet normal -0.707105 -0.707108 0
    outer loop
      vertex -11.2034 8.37502 0
      vertex -16.7067 13.8783 2.4
      vertex -16.7067 13.8783 0
    endloop
  endfacet
  facet normal -0.707105 -0.707108 0
    outer loop
      vertex -16.7067 13.8783 2.4
      vertex -11.2034 8.37502 0
      vertex -11.2034 8.37502 2.4
    endloop
  endfacet
  facet normal -0.79335 0.608766 0
    outer loop
      vertex -11.4681 8.03006 0
      vertex -11.2034 8.37502 2.4
      vertex -11.2034 8.37502 0
    endloop
  endfacet
  facet normal -0.79335 0.608766 0
    outer loop
      vertex -11.2034 8.37502 2.4
      vertex -11.4681 8.03006 0
      vertex -11.4681 8.03006 2.4
    endloop
  endfacet
  facet normal -0.843399 0.537288 0
    outer loop
      vertex -12.1243 7 0
      vertex -11.4681 8.03006 2.4
      vertex -11.4681 8.03006 0
    endloop
  endfacet
  facet normal -0.843399 0.537288 0
    outer loop
      vertex -11.4681 8.03006 2.4
      vertex -12.1243 7 0
      vertex -12.1243 7 2.4
    endloop
  endfacet
  facet normal -0.886998 0.461773 0
    outer loop
      vertex -12.6883 5.91664 0
      vertex -12.1243 7 2.4
      vertex -12.1243 7 0
    endloop
  endfacet
  facet normal -0.886998 0.461773 0
    outer loop
      vertex -12.1243 7 2.4
      vertex -12.6883 5.91664 0
      vertex -12.6883 5.91664 2.4
    endloop
  endfacet
  facet normal -0.923876 0.382693 0
    outer loop
      vertex -13.1557 4.78827 0
      vertex -12.6883 5.91664 2.4
      vertex -12.6883 5.91664 0
    endloop
  endfacet
  facet normal -0.923876 0.382693 0
    outer loop
      vertex -12.6883 5.91664 2.4
      vertex -13.1557 4.78827 0
      vertex -13.1557 4.78827 2.4
    endloop
  endfacet
  facet normal -0.953732 0.300659 0
    outer loop
      vertex -13.5229 3.62346 0
      vertex -13.1557 4.78827 2.4
      vertex -13.1557 4.78827 0
    endloop
  endfacet
  facet normal -0.953732 0.300659 0
    outer loop
      vertex -13.1557 4.78827 2.4
      vertex -13.5229 3.62346 0
      vertex -13.5229 3.62346 2.4
    endloop
  endfacet
  facet normal -0.976287 0.21648 0
    outer loop
      vertex -13.7873 2.43106 0
      vertex -13.5229 3.62346 2.4
      vertex -13.5229 3.62346 0
    endloop
  endfacet
  facet normal -0.976287 0.21648 0
    outer loop
      vertex -13.5229 3.62346 2.4
      vertex -13.7873 2.43106 0
      vertex -13.7873 2.43106 2.4
    endloop
  endfacet
  facet normal -0.99143 0.130639 0
    outer loop
      vertex -13.8441 2 0
      vertex -13.7873 2.43106 2.4
      vertex -13.7873 2.43106 0
    endloop
  endfacet
  facet normal -0.99143 0.130639 0
    outer loop
      vertex -13.7873 2.43106 2.4
      vertex -13.8441 2 0
      vertex -13.8441 2 2.4
    endloop
  endfacet
  facet normal 0 1 -0
    outer loop
      vertex -13.8441 2 0
      vertex -21.6268 2 2.4
      vertex -13.8441 2 2.4
    endloop
  endfacet
  facet normal 0 1 0
    outer loop
      vertex -21.6268 2 2.4
      vertex -13.8441 2 0
      vertex -21.6268 2 0
    endloop
  endfacet
  facet normal 0.737272 -0.675596 0
    outer loop
      vertex 30.7473 -27.9189 2.4
      vertex 31.8449 -26.7211 0
      vertex 31.8449 -26.7211 2.4
    endloop
  endfacet
  facet normal 0.737272 -0.675596 0
    outer loop
      vertex 31.8449 -26.7211 0
      vertex 30.7473 -27.9189 2.4
      vertex 30.7473 -27.9189 0
    endloop
  endfacet
  facet normal 0.79336 -0.608752 0
    outer loop
      vertex 31.8449 -26.7211 2.4
      vertex 34.0526 -23.8439 0
      vertex 34.0526 -23.8439 2.4
    endloop
  endfacet
  facet normal 0.79336 -0.608752 0
    outer loop
      vertex 34.0526 -23.8439 0
      vertex 31.8449 -26.7211 2.4
      vertex 31.8449 -26.7211 0
    endloop
  endfacet
  facet normal 0.843384 -0.537311 0
    outer loop
      vertex 34.0526 -23.8439 2.4
      vertex 36.0012 -20.7853 0
      vertex 36.0012 -20.7853 2.4
    endloop
  endfacet
  facet normal 0.843384 -0.537311 0
    outer loop
      vertex 36.0012 -20.7853 0
      vertex 34.0526 -23.8439 2.4
      vertex 34.0526 -23.8439 0
    endloop
  endfacet
  facet normal 0.887018 -0.461736 0
    outer loop
      vertex 36.0012 -20.7853 2.4
      vertex 37.6757 -17.5685 0
      vertex 37.6757 -17.5685 2.4
    endloop
  endfacet
  facet normal 0.887018 -0.461736 0
    outer loop
      vertex 37.6757 -17.5685 0
      vertex 36.0012 -20.7853 2.4
      vertex 36.0012 -20.7853 0
    endloop
  endfacet
  facet normal 0.923872 -0.382702 0
    outer loop
      vertex 37.6757 -17.5685 2.4
      vertex 39.0636 -14.218 0
      vertex 39.0636 -14.218 2.4
    endloop
  endfacet
  facet normal 0.923872 -0.382702 0
    outer loop
      vertex 39.0636 -14.218 0
      vertex 37.6757 -17.5685 2.4
      vertex 37.6757 -17.5685 0
    endloop
  endfacet
  facet normal 0.953721 -0.300692 0
    outer loop
      vertex 39.0636 -14.218 2.4
      vertex 40.1541 -10.7592 0
      vertex 40.1541 -10.7592 2.4
    endloop
  endfacet
  facet normal 0.953721 -0.300692 0
    outer loop
      vertex 40.1541 -10.7592 0
      vertex 39.0636 -14.218 2.4
      vertex 39.0636 -14.218 0
    endloop
  endfacet
  facet normal 0.976297 -0.216434 0
    outer loop
      vertex 40.1541 -10.7592 2.4
      vertex 40.939 -7.21864 0
      vertex 40.939 -7.21864 2.4
    endloop
  endfacet
  facet normal 0.976297 -0.216434 0
    outer loop
      vertex 40.939 -7.21864 0
      vertex 40.1541 -10.7592 2.4
      vertex 40.1541 -10.7592 0
    endloop
  endfacet
  facet normal 0.991443 -0.130537 0
    outer loop
      vertex 40.939 -7.21864 2.4
      vertex 41.4124 -3.62311 0
      vertex 41.4124 -3.62311 2.4
    endloop
  endfacet
  facet normal 0.991443 -0.130537 0
    outer loop
      vertex 41.4124 -3.62311 0
      vertex 40.939 -7.21864 2.4
      vertex 40.939 -7.21864 0
    endloop
  endfacet
  facet normal 0.999047 -0.04364 0
    outer loop
      vertex 41.4124 -3.62311 2.4
      vertex 41.4833 -2 0
      vertex 41.4833 -2 2.4
    endloop
  endfacet
  facet normal 0.999047 -0.04364 0
    outer loop
      vertex 41.4833 -2 0
      vertex 41.4124 -3.62311 2.4
      vertex 41.4124 -3.62311 0
    endloop
  endfacet
  facet normal 0 -1 0
    outer loop
      vertex 41.4833 -2 2.4
      vertex 41.5127 -2 2.3
      vertex 41.5127 -2 2.4
    endloop
  endfacet
  facet normal 0 -1 0
    outer loop
      vertex 41.4833 -2 0
      vertex 41.5127 -2 2.3
      vertex 41.4833 -2 2.4
    endloop
  endfacet
  facet normal 0 -1 0
    outer loop
      vertex 43.9127 -2 0
      vertex 41.5127 -2 2.3
      vertex 41.4833 -2 0
    endloop
  endfacet
  facet normal 0 -1 0
    outer loop
      vertex 41.5127 -2 2.3
      vertex 43.9127 -2 0
      vertex 43.9127 -2 2.3
    endloop
  endfacet
  facet normal -0.999048 0.0436135 0
    outer loop
      vertex 43.8326 -3.83484 0
      vertex 43.9127 -2 2.3
      vertex 43.9127 -2 0
    endloop
  endfacet
  facet normal -0.999048 0.0436135 0
    outer loop
      vertex 43.9127 -2 2.3
      vertex 43.8326 -3.83484 0
      vertex 43.8326 -3.83484 2.3
    endloop
  endfacet
  facet normal -0.991442 0.130545 0
    outer loop
      vertex 43.3315 -7.64052 0
      vertex 43.8326 -3.83484 2.3
      vertex 43.8326 -3.83484 0
    endloop
  endfacet
  facet normal -0.991442 0.130545 0
    outer loop
      vertex 43.8326 -3.83484 2.3
      vertex 43.3315 -7.64052 0
      vertex 43.3315 -7.64052 2.3
    endloop
  endfacet
  facet normal -0.976296 0.216441 0
    outer loop
      vertex 42.5007 -11.388 0
      vertex 43.3315 -7.64052 2.3
      vertex 43.3315 -7.64052 0
    endloop
  endfacet
  facet normal -0.976296 0.216441 0
    outer loop
      vertex 43.3315 -7.64052 2.3
      vertex 42.5007 -11.388 0
      vertex 42.5007 -11.388 2.3
    endloop
  endfacet
  facet normal -0.953723 0.300687 0
    outer loop
      vertex 41.3465 -15.0489 0
      vertex 42.5007 -11.388 2.3
      vertex 42.5007 -11.388 0
    endloop
  endfacet
  facet normal -0.953723 0.300687 0
    outer loop
      vertex 42.5007 -11.388 2.3
      vertex 41.3465 -15.0489 0
      vertex 41.3465 -15.0489 2.3
    endloop
  endfacet
  facet normal -0.923873 0.3827 0
    outer loop
      vertex 39.8775 -18.5952 0
      vertex 41.3465 -15.0489 2.3
      vertex 41.3465 -15.0489 0
    endloop
  endfacet
  facet normal -0.923873 0.3827 0
    outer loop
      vertex 41.3465 -15.0489 2.3
      vertex 39.8775 -18.5952 0
      vertex 39.8775 -18.5952 2.3
    endloop
  endfacet
  facet normal -0.887014 0.461743 0
    outer loop
      vertex 38.1051 -22 0
      vertex 39.8775 -18.5952 2.3
      vertex 39.8775 -18.5952 0
    endloop
  endfacet
  facet normal -0.887014 0.461743 0
    outer loop
      vertex 39.8775 -18.5952 2.3
      vertex 38.1051 -22 0
      vertex 38.1051 -22 2.3
    endloop
  endfacet
  facet normal -0.843397 0.53729 0
    outer loop
      vertex 36.0427 -25.2374 0
      vertex 38.1051 -22 2.3
      vertex 38.1051 -22 0
    endloop
  endfacet
  facet normal -0.843397 0.53729 0
    outer loop
      vertex 38.1051 -22 2.3
      vertex 36.0427 -25.2374 0
      vertex 36.0427 -25.2374 2.3
    endloop
  endfacet
  facet normal -0.793346 0.608771 0
    outer loop
      vertex 33.7059 -28.2827 0
      vertex 36.0427 -25.2374 2.3
      vertex 36.0427 -25.2374 0
    endloop
  endfacet
  facet normal -0.793346 0.608771 0
    outer loop
      vertex 36.0427 -25.2374 2.3
      vertex 33.7059 -28.2827 0
      vertex 33.7059 -28.2827 2.3
    endloop
  endfacet
  facet normal -0.737281 0.675587 0
    outer loop
      vertex 32.4652 -29.6367 0
      vertex 33.7059 -28.2827 2.3
      vertex 33.7059 -28.2827 0
    endloop
  endfacet
  facet normal -0.737281 0.675587 0
    outer loop
      vertex 33.7059 -28.2827 2.3
      vertex 32.4652 -29.6367 0
      vertex 32.4652 -29.6367 2.3
    endloop
  endfacet
  facet normal 0.707086 0.707128 0
    outer loop
      vertex 32.4652 -29.6367 2.3
      vertex 32.4652 -29.6367 0
      vertex 30.7681 -27.9397 2.3
    endloop
  endfacet
  facet normal 0.707107 0.707107 -0
    outer loop
      vertex 30.7681 -27.9397 2.3
      vertex 30.7473 -27.9189 2.4
      vertex 30.7681 -27.9397 2.4
    endloop
  endfacet
  facet normal 0.707107 0.707107 0
    outer loop
      vertex 30.7681 -27.9397 2.3
      vertex 30.7473 -27.9189 0
      vertex 30.7473 -27.9189 2.4
    endloop
  endfacet
  facet normal 0.707086 0.707127 3.7225e-07
    outer loop
      vertex 30.7473 -27.9189 0
      vertex 30.7681 -27.9397 2.3
      vertex 32.4652 -29.6367 0
    endloop
  endfacet
  facet normal 0.737256 -0.675613 0
    outer loop
      vertex 24.5081 -21.6797 2.4
      vertex 25.0857 -21.0494 0
      vertex 25.0857 -21.0494 2.4
    endloop
  endfacet
  facet normal 0.737256 -0.675613 0
    outer loop
      vertex 25.0857 -21.0494 0
      vertex 24.5081 -21.6797 2.4
      vertex 24.5081 -21.6797 0
    endloop
  endfacet
  facet normal 0.793361 -0.608751 0
    outer loop
      vertex 25.0857 -21.0494 2.4
      vertex 26.8248 -18.7829 0
      vertex 26.8248 -18.7829 2.4
    endloop
  endfacet
  facet normal 0.793361 -0.608751 0
    outer loop
      vertex 26.8248 -18.7829 0
      vertex 25.0857 -21.0494 2.4
      vertex 25.0857 -21.0494 0
    endloop
  endfacet
  facet normal 0.843385 -0.53731 0
    outer loop
      vertex 26.8248 -18.7829 2.4
      vertex 28.3598 -16.3735 0
      vertex 28.3598 -16.3735 2.4
    endloop
  endfacet
  facet normal 0.843385 -0.53731 0
    outer loop
      vertex 28.3598 -16.3735 0
      vertex 26.8248 -18.7829 2.4
      vertex 26.8248 -18.7829 0
    endloop
  endfacet
  facet normal 0.887013 -0.461744 0
    outer loop
      vertex 28.3598 -16.3735 2.4
      vertex 29.6789 -13.8395 0
      vertex 29.6789 -13.8395 2.4
    endloop
  endfacet
  facet normal 0.887013 -0.461744 0
    outer loop
      vertex 29.6789 -13.8395 0
      vertex 28.3598 -16.3735 2.4
      vertex 28.3598 -16.3735 0
    endloop
  endfacet
  facet normal 0.923876 -0.382691 0
    outer loop
      vertex 29.6789 -13.8395 2.4
      vertex 30.7722 -11.2001 0
      vertex 30.7722 -11.2001 2.4
    endloop
  endfacet
  facet normal 0.923876 -0.382691 0
    outer loop
      vertex 30.7722 -11.2001 0
      vertex 29.6789 -13.8395 2.4
      vertex 29.6789 -13.8395 0
    endloop
  endfacet
  facet normal 0.953721 -0.300692 0
    outer loop
      vertex 30.7722 -11.2001 2.4
      vertex 31.6312 -8.47556 0
      vertex 31.6312 -8.47556 2.4
    endloop
  endfacet
  facet normal 0.953721 -0.300692 0
    outer loop
      vertex 31.6312 -8.47556 0
      vertex 30.7722 -11.2001 2.4
      vertex 30.7722 -11.2001 0
    endloop
  endfacet
  facet normal 0.976298 -0.21643 0
    outer loop
      vertex 31.6312 -8.47556 2.4
      vertex 32.2495 -5.68646 0
      vertex 32.2495 -5.68646 2.4
    endloop
  endfacet
  facet normal 0.976298 -0.21643 0
    outer loop
      vertex 32.2495 -5.68646 0
      vertex 31.6312 -8.47556 2.4
      vertex 31.6312 -8.47556 0
    endloop
  endfacet
  facet normal 0.991444 -0.13053 0
    outer loop
      vertex 32.2495 -5.68646 2.4
      vertex 32.6224 -2.85408 0
      vertex 32.6224 -2.85408 2.4
    endloop
  endfacet
  facet normal 0.991444 -0.13053 0
    outer loop
      vertex 32.6224 -2.85408 0
      vertex 32.2495 -5.68646 2.4
      vertex 32.2495 -5.68646 0
    endloop
  endfacet
  facet normal 0.999048 -0.0436311 0
    outer loop
      vertex 32.6224 -2.85408 2.4
      vertex 32.6597 -2 0
      vertex 32.6597 -2 2.4
    endloop
  endfacet
  facet normal 0.999048 -0.0436311 0
    outer loop
      vertex 32.6597 -2 0
      vertex 32.6224 -2.85408 2.4
      vertex 32.6224 -2.85408 0
    endloop
  endfacet
  facet normal 0 -1 0
    outer loop
      vertex 32.6597 -2 0
      vertex 39.2832 -2 2.4
      vertex 32.6597 -2 2.4
    endloop
  endfacet
  facet normal 0 -1 -0
    outer loop
      vertex 39.2832 -2 2.4
      vertex 32.6597 -2 0
      vertex 39.2832 -2 0
    endloop
  endfacet
  facet normal -0.999051 0.0435532 0
    outer loop
      vertex 39.2208 -3.43137 0
      vertex 39.2832 -2 2.4
      vertex 39.2832 -2 0
    endloop
  endfacet
  facet normal -0.999051 0.0435532 0
    outer loop
      vertex 39.2832 -2 2.4
      vertex 39.2208 -3.43137 0
      vertex 39.2208 -3.43137 2.4
    endloop
  endfacet
  facet normal -0.991441 0.130552 0
    outer loop
      vertex 38.7724 -6.83662 0
      vertex 39.2208 -3.43137 2.4
      vertex 39.2208 -3.43137 0
    endloop
  endfacet
  facet normal -0.991441 0.130552 0
    outer loop
      vertex 39.2208 -3.43137 2.4
      vertex 38.7724 -6.83662 0
      vertex 38.7724 -6.83662 2.4
    endloop
  endfacet
  facet normal -0.976301 0.216417 0
    outer loop
      vertex 38.0291 -10.1898 0
      vertex 38.7724 -6.83662 2.4
      vertex 38.7724 -6.83662 0
    endloop
  endfacet
  facet normal -0.976301 0.216417 0
    outer loop
      vertex 38.7724 -6.83662 2.4
      vertex 38.0291 -10.1898 0
      vertex 38.0291 -10.1898 2.4
    endloop
  endfacet
  facet normal -0.953711 0.300726 0
    outer loop
      vertex 36.9962 -13.4655 0
      vertex 38.0291 -10.1898 2.4
      vertex 38.0291 -10.1898 0
    endloop
  endfacet
  facet normal -0.953711 0.300726 0
    outer loop
      vertex 38.0291 -10.1898 2.4
      vertex 36.9962 -13.4655 0
      vertex 36.9962 -13.4655 2.4
    endloop
  endfacet
  facet normal -0.923888 0.382663 0
    outer loop
      vertex 35.6819 -16.6387 0
      vertex 36.9962 -13.4655 2.4
      vertex 36.9962 -13.4655 0
    endloop
  endfacet
  facet normal -0.923888 0.382663 0
    outer loop
      vertex 36.9962 -13.4655 2.4
      vertex 35.6819 -16.6387 0
      vertex 35.6819 -16.6387 2.4
    endloop
  endfacet
  facet normal -0.887006 0.461758 0
    outer loop
      vertex 34.0959 -19.6853 0
      vertex 35.6819 -16.6387 2.4
      vertex 35.6819 -16.6387 0
    endloop
  endfacet
  facet normal -0.887006 0.461758 0
    outer loop
      vertex 35.6819 -16.6387 2.4
      vertex 34.0959 -19.6853 0
      vertex 34.0959 -19.6853 2.4
    endloop
  endfacet
  facet normal -0.843392 0.537299 0
    outer loop
      vertex 32.2505 -22.582 0
      vertex 34.0959 -19.6853 2.4
      vertex 34.0959 -19.6853 0
    endloop
  endfacet
  facet normal -0.843392 0.537299 0
    outer loop
      vertex 34.0959 -19.6853 2.4
      vertex 32.2505 -22.582 0
      vertex 32.2505 -22.582 2.4
    endloop
  endfacet
  facet normal -0.793352 0.608763 0
    outer loop
      vertex 30.1596 -25.3069 0
      vertex 32.2505 -22.582 2.4
      vertex 32.2505 -22.582 0
    endloop
  endfacet
  facet normal -0.793352 0.608763 0
    outer loop
      vertex 32.2505 -22.582 2.4
      vertex 30.1596 -25.3069 0
      vertex 30.1596 -25.3069 2.4
    endloop
  endfacet
  facet normal -0.737285 0.675582 0
    outer loop
      vertex 29.1917 -26.3632 0
      vertex 30.1596 -25.3069 2.4
      vertex 30.1596 -25.3069 0
    endloop
  endfacet
  facet normal -0.737285 0.675582 0
    outer loop
      vertex 30.1596 -25.3069 2.4
      vertex 29.1917 -26.3632 0
      vertex 29.1917 -26.3632 2.4
    endloop
  endfacet
  facet normal 0.707099 0.707114 -0
    outer loop
      vertex 29.1917 -26.3632 0
      vertex 24.5081 -21.6797 2.4
      vertex 29.1917 -26.3632 2.4
    endloop
  endfacet
  facet normal 0.707099 0.707114 0
    outer loop
      vertex 24.5081 -21.6797 2.4
      vertex 29.1917 -26.3632 0
      vertex 24.5081 -21.6797 0
    endloop
  endfacet
  facet normal 0.737544 -0.675299 0
    outer loop
      vertex 18.269 -15.4405 2.4
      vertex 18.3265 -15.3777 0
      vertex 18.3265 -15.3777 2.4
    endloop
  endfacet
  facet normal 0.737544 -0.675299 0
    outer loop
      vertex 18.3265 -15.3777 0
      vertex 18.269 -15.4405 2.4
      vertex 18.269 -15.4405 0
    endloop
  endfacet
  facet normal 0.793345 -0.608772 0
    outer loop
      vertex 18.3265 -15.3777 2.4
      vertex 19.597 -13.722 0
      vertex 19.597 -13.722 2.4
    endloop
  endfacet
  facet normal 0.793345 -0.608772 0
    outer loop
      vertex 19.597 -13.722 0
      vertex 18.3265 -15.3777 2.4
      vertex 18.3265 -15.3777 0
    endloop
  endfacet
  facet normal 0.843385 -0.537309 0
    outer loop
      vertex 19.597 -13.722 2.4
      vertex 20.7184 -11.9618 0
      vertex 20.7184 -11.9618 2.4
    endloop
  endfacet
  facet normal 0.843385 -0.537309 0
    outer loop
      vertex 20.7184 -11.9618 0
      vertex 19.597 -13.722 2.4
      vertex 19.597 -13.722 0
    endloop
  endfacet
  facet normal 0.887016 -0.461739 0
    outer loop
      vertex 20.7184 -11.9618 2.4
      vertex 21.6821 -10.1105 0
      vertex 21.6821 -10.1105 2.4
    endloop
  endfacet
  facet normal 0.887016 -0.461739 0
    outer loop
      vertex 21.6821 -10.1105 0
      vertex 20.7184 -11.9618 2.4
      vertex 20.7184 -11.9618 0
    endloop
  endfacet
  facet normal 0.923875 -0.382694 0
    outer loop
      vertex 21.6821 -10.1105 2.4
      vertex 22.4808 -8.18233 0
      vertex 22.4808 -8.18233 2.4
    endloop
  endfacet
  facet normal 0.923875 -0.382694 0
    outer loop
      vertex 22.4808 -8.18233 0
      vertex 21.6821 -10.1105 2.4
      vertex 21.6821 -10.1105 0
    endloop
  endfacet
  facet normal 0.953716 -0.300709 0
    outer loop
      vertex 22.4808 -8.18233 2.4
      vertex 23.1084 -6.19186 0
      vertex 23.1084 -6.19186 2.4
    endloop
  endfacet
  facet normal 0.953716 -0.300709 0
    outer loop
      vertex 23.1084 -6.19186 0
      vertex 22.4808 -8.18233 2.4
      vertex 22.4808 -8.18233 0
    endloop
  endfacet
  facet normal 0.976298 -0.216429 0
    outer loop
      vertex 23.1084 -6.19186 2.4
      vertex 23.5601 -4.15427 0
      vertex 23.5601 -4.15427 2.4
    endloop
  endfacet
  facet normal 0.976298 -0.216429 0
    outer loop
      vertex 23.5601 -4.15427 0
      vertex 23.1084 -6.19186 2.4
      vertex 23.1084 -6.19186 0
    endloop
  endfacet
  facet normal 0.991446 -0.130519 0
    outer loop
      vertex 23.5601 -4.15427 2.4
      vertex 23.8325 -2.08507 0
      vertex 23.8325 -2.08507 2.4
    endloop
  endfacet
  facet normal 0.991446 -0.130519 0
    outer loop
      vertex 23.8325 -2.08507 0
      vertex 23.5601 -4.15427 2.4
      vertex 23.5601 -4.15427 0
    endloop
  endfacet
  facet normal 0.999055 -0.0434525 0
    outer loop
      vertex 23.8325 -2.08507 2.4
      vertex 23.8362 -2 0
      vertex 23.8362 -2 2.4
    endloop
  endfacet
  facet normal 0.999055 -0.0434525 0
    outer loop
      vertex 23.8362 -2 0
      vertex 23.8325 -2.08507 2.4
      vertex 23.8325 -2.08507 0
    endloop
  endfacet
  facet normal 0 -1 0
    outer loop
      vertex 23.8362 -2 0
      vertex 30.4597 -2 2.4
      vertex 23.8362 -2 2.4
    endloop
  endfacet
  facet normal 0 -1 -0
    outer loop
      vertex 30.4597 -2 2.4
      vertex 23.8362 -2 0
      vertex 30.4597 -2 0
    endloop
  endfacet
  facet normal -0.999049 0.0435917 0
    outer loop
      vertex 30.4308 -2.66234 0
      vertex 30.4597 -2 2.4
      vertex 30.4597 -2 0
    endloop
  endfacet
  facet normal -0.999049 0.0435917 0
    outer loop
      vertex 30.4597 -2 2.4
      vertex 30.4308 -2.66234 0
      vertex 30.4308 -2.66234 2.4
    endloop
  endfacet
  facet normal -0.991447 0.130512 0
    outer loop
      vertex 30.083 -5.30443 0
      vertex 30.4308 -2.66234 2.4
      vertex 30.4308 -2.66234 0
    endloop
  endfacet
  facet normal -0.991447 0.130512 0
    outer loop
      vertex 30.4308 -2.66234 2.4
      vertex 30.083 -5.30443 0
      vertex 30.083 -5.30443 2.4
    endloop
  endfacet
  facet normal -0.976295 0.216443 0
    outer loop
      vertex 29.5062 -7.90616 0
      vertex 30.083 -5.30443 2.4
      vertex 30.083 -5.30443 0
    endloop
  endfacet
  facet normal -0.976295 0.216443 0
    outer loop
      vertex 30.083 -5.30443 2.4
      vertex 29.5062 -7.90616 0
      vertex 29.5062 -7.90616 2.4
    endloop
  endfacet
  facet normal -0.953711 0.300725 0
    outer loop
      vertex 28.7048 -10.4477 0
      vertex 29.5062 -7.90616 2.4
      vertex 29.5062 -7.90616 0
    endloop
  endfacet
  facet normal -0.953711 0.300725 0
    outer loop
      vertex 29.5062 -7.90616 2.4
      vertex 28.7048 -10.4477 0
      vertex 28.7048 -10.4477 2.4
    endloop
  endfacet
  facet normal -0.923879 0.382685 0
    outer loop
      vertex 27.685 -12.9097 0
      vertex 28.7048 -10.4477 2.4
      vertex 28.7048 -10.4477 0
    endloop
  endfacet
  facet normal -0.923879 0.382685 0
    outer loop
      vertex 28.7048 -10.4477 2.4
      vertex 27.685 -12.9097 0
      vertex 27.685 -12.9097 2.4
    endloop
  endfacet
  facet normal -0.887013 0.461744 0
    outer loop
      vertex 26.4545 -15.2735 0
      vertex 27.685 -12.9097 2.4
      vertex 27.685 -12.9097 0
    endloop
  endfacet
  facet normal -0.887013 0.461744 0
    outer loop
      vertex 27.685 -12.9097 2.4
      vertex 26.4545 -15.2735 0
      vertex 26.4545 -15.2735 2.4
    endloop
  endfacet
  facet normal -0.843405 0.537278 0
    outer loop
      vertex 25.0227 -17.5211 0
      vertex 26.4545 -15.2735 2.4
      vertex 26.4545 -15.2735 0
    endloop
  endfacet
  facet normal -0.843405 0.537278 0
    outer loop
      vertex 26.4545 -15.2735 2.4
      vertex 25.0227 -17.5211 0
      vertex 25.0227 -17.5211 2.4
    endloop
  endfacet
  facet normal -0.79335 0.608766 0
    outer loop
      vertex 23.4004 -19.6353 0
      vertex 25.0227 -17.5211 2.4
      vertex 25.0227 -17.5211 0
    endloop
  endfacet
  facet normal -0.79335 0.608766 0
    outer loop
      vertex 25.0227 -17.5211 2.4
      vertex 23.4004 -19.6353 0
      vertex 23.4004 -19.6353 2.4
    endloop
  endfacet
  facet normal -0.737279 0.675588 0
    outer loop
      vertex 22.9525 -20.1241 0
      vertex 23.4004 -19.6353 2.4
      vertex 23.4004 -19.6353 0
    endloop
  endfacet
  facet normal -0.737279 0.675588 0
    outer loop
      vertex 23.4004 -19.6353 2.4
      vertex 22.9525 -20.1241 0
      vertex 22.9525 -20.1241 2.4
    endloop
  endfacet
  facet normal 0.707114 0.707099 0
    outer loop
      vertex 22.9525 -20.1241 2.4
      vertex 18.269 -15.4405 0
      vertex 18.269 -15.4405 2.4
    endloop
  endfacet
  facet normal 0.707114 0.707099 0
    outer loop
      vertex 18.269 -15.4405 0
      vertex 22.9525 -20.1241 2.4
      vertex 22.9525 -20.1241 0
    endloop
  endfacet
  facet normal 0.79335 -0.608766 0
    outer loop
      vertex 11.2034 -8.37502 2.4
      vertex 11.4681 -8.03006 0
      vertex 11.4681 -8.03006 2.4
    endloop
  endfacet
  facet normal 0.79335 -0.608766 0
    outer loop
      vertex 11.4681 -8.03006 0
      vertex 11.2034 -8.37502 2.4
      vertex 11.2034 -8.37502 0
    endloop
  endfacet
  facet normal 0.843399 -0.537288 0
    outer loop
      vertex 11.4681 -8.03006 2.4
      vertex 12.1243 -7 0
      vertex 12.1243 -7 2.4
    endloop
  endfacet
  facet normal 0.843399 -0.537288 0
    outer loop
      vertex 12.1243 -7 0
      vertex 11.4681 -8.03006 2.4
      vertex 11.4681 -8.03006 0
    endloop
  endfacet
  facet normal 0.886998 -0.461773 0
    outer loop
      vertex 12.1243 -7 2.4
      vertex 12.6883 -5.91664 0
      vertex 12.6883 -5.91664 2.4
    endloop
  endfacet
  facet normal 0.886998 -0.461773 0
    outer loop
      vertex 12.6883 -5.91664 0
      vertex 12.1243 -7 2.4
      vertex 12.1243 -7 0
    endloop
  endfacet
  facet normal 0.923876 -0.382693 0
    outer loop
      vertex 12.6883 -5.91664 2.4
      vertex 13.1557 -4.78827 0
      vertex 13.1557 -4.78827 2.4
    endloop
  endfacet
  facet normal 0.923876 -0.382693 0
    outer loop
      vertex 13.1557 -4.78827 0
      vertex 12.6883 -5.91664 2.4
      vertex 12.6883 -5.91664 0
    endloop
  endfacet
  facet normal 0.953732 -0.300659 0
    outer loop
      vertex 13.1557 -4.78827 2.4
      vertex 13.5229 -3.62346 0
      vertex 13.5229 -3.62346 2.4
    endloop
  endfacet
  facet normal 0.953732 -0.300659 0
    outer loop
      vertex 13.5229 -3.62346 0
      vertex 13.1557 -4.78827 2.4
      vertex 13.1557 -4.78827 0
    endloop
  endfacet
  facet normal 0.976287 -0.21648 0
    outer loop
      vertex 13.5229 -3.62346 2.4
      vertex 13.7873 -2.43106 0
      vertex 13.7873 -2.43106 2.4
    endloop
  endfacet
  facet normal 0.976287 -0.21648 0
    outer loop
      vertex 13.7873 -2.43106 0
      vertex 13.5229 -3.62346 2.4
      vertex 13.5229 -3.62346 0
    endloop
  endfacet
  facet normal 0.99143 -0.130639 0
    outer loop
      vertex 13.7873 -2.43106 2.4
      vertex 13.8441 -2 0
      vertex 13.8441 -2 2.4
    endloop
  endfacet
  facet normal 0.99143 -0.130639 0
    outer loop
      vertex 13.8441 -2 0
      vertex 13.7873 -2.43106 2.4
      vertex 13.7873 -2.43106 0
    endloop
  endfacet
  facet normal 0 -1 0
    outer loop
      vertex 13.8441 -2 0
      vertex 21.6268 -2 2.4
      vertex 13.8441 -2 2.4
    endloop
  endfacet
  facet normal 0 -1 -0
    outer loop
      vertex 21.6268 -2 2.4
      vertex 13.8441 -2 0
      vertex 21.6268 -2 0
    endloop
  endfacet
  facet normal -0.991446 0.130515 0
    outer loop
      vertex 21.3935 -3.77225 0
      vertex 21.6268 -2 2.4
      vertex 21.6268 -2 0
    endloop
  endfacet
  facet normal -0.991446 0.130515 0
    outer loop
      vertex 21.6268 -2 2.4
      vertex 21.3935 -3.77225 0
      vertex 21.3935 -3.77225 2.4
    endloop
  endfacet
  facet normal -0.976294 0.21645 0
    outer loop
      vertex 20.9833 -5.62245 0
      vertex 21.3935 -3.77225 2.4
      vertex 21.3935 -3.77225 0
    endloop
  endfacet
  facet normal -0.976294 0.21645 0
    outer loop
      vertex 21.3935 -3.77225 2.4
      vertex 20.9833 -5.62245 0
      vertex 20.9833 -5.62245 2.4
    endloop
  endfacet
  facet normal -0.953714 0.300717 0
    outer loop
      vertex 20.4134 -7.42987 0
      vertex 20.9833 -5.62245 2.4
      vertex 20.9833 -5.62245 0
    endloop
  endfacet
  facet normal -0.953714 0.300717 0
    outer loop
      vertex 20.9833 -5.62245 2.4
      vertex 20.4134 -7.42987 0
      vertex 20.4134 -7.42987 2.4
    endloop
  endfacet
  facet normal -0.923887 0.382664 0
    outer loop
      vertex 19.6882 -9.18076 0
      vertex 20.4134 -7.42987 2.4
      vertex 20.4134 -7.42987 0
    endloop
  endfacet
  facet normal -0.923887 0.382664 0
    outer loop
      vertex 20.4134 -7.42987 2.4
      vertex 19.6882 -9.18076 0
      vertex 19.6882 -9.18076 2.4
    endloop
  endfacet
  facet normal -0.88701 0.461751 0
    outer loop
      vertex 18.8131 -10.8618 0
      vertex 19.6882 -9.18076 2.4
      vertex 19.6882 -9.18076 0
    endloop
  endfacet
  facet normal -0.88701 0.461751 0
    outer loop
      vertex 19.6882 -9.18076 2.4
      vertex 18.8131 -10.8618 0
      vertex 18.8131 -10.8618 2.4
    endloop
  endfacet
  facet normal -0.843398 0.537289 0
    outer loop
      vertex 17.7949 -12.4601 0
      vertex 18.8131 -10.8618 2.4
      vertex 18.8131 -10.8618 0
    endloop
  endfacet
  facet normal -0.843398 0.537289 0
    outer loop
      vertex 18.8131 -10.8618 2.4
      vertex 17.7949 -12.4601 0
      vertex 17.7949 -12.4601 2.4
    endloop
  endfacet
  facet normal -0.79336 0.608753 0
    outer loop
      vertex 16.7067 -13.8783 0
      vertex 17.7949 -12.4601 2.4
      vertex 17.7949 -12.4601 0
    endloop
  endfacet
  facet normal -0.79336 0.608753 0
    outer loop
      vertex 17.7949 -12.4601 2.4
      vertex 16.7067 -13.8783 0
      vertex 16.7067 -13.8783 2.4
    endloop
  endfacet
  facet normal 0.707105 0.707108 0
    outer loop
      vertex 16.7067 -13.8783 2.4
      vertex 11.2034 -8.37502 0
      vertex 11.2034 -8.37502 2.4
    endloop
  endfacet
  facet normal 0.707105 0.707108 0
    outer loop
      vertex 11.2034 -8.37502 0
      vertex 16.7067 -13.8783 2.4
      vertex 16.7067 -13.8783 0
    endloop
  endfacet
  facet normal 0.793346 0.608771 0
    outer loop
      vertex -33.7059 -28.2827 2.3
      vertex -36.0427 -25.2374 0
      vertex -36.0427 -25.2374 2.3
    endloop
  endfacet
  facet normal 0.793346 0.608771 0
    outer loop
      vertex -36.0427 -25.2374 0
      vertex -33.7059 -28.2827 2.3
      vertex -33.7059 -28.2827 0
    endloop
  endfacet
  facet normal 0.843397 0.53729 0
    outer loop
      vertex -36.0427 -25.2374 2.3
      vertex -38.1051 -22 0
      vertex -38.1051 -22 2.3
    endloop
  endfacet
  facet normal 0.843397 0.53729 0
    outer loop
      vertex -38.1051 -22 0
      vertex -36.0427 -25.2374 2.3
      vertex -36.0427 -25.2374 0
    endloop
  endfacet
  facet normal 0.887014 0.461743 0
    outer loop
      vertex -38.1051 -22 2.3
      vertex -39.8775 -18.5952 0
      vertex -39.8775 -18.5952 2.3
    endloop
  endfacet
  facet normal 0.887014 0.461743 0
    outer loop
      vertex -39.8775 -18.5952 0
      vertex -38.1051 -22 2.3
      vertex -38.1051 -22 0
    endloop
  endfacet
  facet normal 0.923873 0.3827 0
    outer loop
      vertex -39.8775 -18.5952 2.3
      vertex -41.3465 -15.0489 0
      vertex -41.3465 -15.0489 2.3
    endloop
  endfacet
  facet normal 0.923873 0.3827 0
    outer loop
      vertex -41.3465 -15.0489 0
      vertex -39.8775 -18.5952 2.3
      vertex -39.8775 -18.5952 0
    endloop
  endfacet
  facet normal 0.953723 0.300687 0
    outer loop
      vertex -41.3465 -15.0489 2.3
      vertex -42.5007 -11.388 0
      vertex -42.5007 -11.388 2.3
    endloop
  endfacet
  facet normal 0.953723 0.300687 0
    outer loop
      vertex -42.5007 -11.388 0
      vertex -41.3465 -15.0489 2.3
      vertex -41.3465 -15.0489 0
    endloop
  endfacet
  facet normal 0.976296 0.216441 0
    outer loop
      vertex -42.5007 -11.388 2.3
      vertex -43.3315 -7.64052 0
      vertex -43.3315 -7.64052 2.3
    endloop
  endfacet
  facet normal 0.976296 0.216441 0
    outer loop
      vertex -43.3315 -7.64052 0
      vertex -42.5007 -11.388 2.3
      vertex -42.5007 -11.388 0
    endloop
  endfacet
  facet normal 0.991444 0.130536 0
    outer loop
      vertex -43.3315 -7.64052 2.3
      vertex -43.8087 -4.01611 0
      vertex -43.8087 -4.01611 2.3
    endloop
  endfacet
  facet normal 0.991444 0.130536 0
    outer loop
      vertex -43.8087 -4.01611 0
      vertex -43.3315 -7.64052 2.3
      vertex -43.3315 -7.64052 0
    endloop
  endfacet
  facet normal -0.991441 -0.130555 0
    outer loop
      vertex -40.939 -7.21864 0
      vertex -41.3013 -4.46731 2.4
      vertex -41.3013 -4.46731 0
    endloop
  endfacet
  facet normal -0.991441 -0.130555 0
    outer loop
      vertex -41.3013 -4.46731 2.4
      vertex -40.939 -7.21864 0
      vertex -40.939 -7.21864 2.4
    endloop
  endfacet
  facet normal -0.976297 -0.216434 0
    outer loop
      vertex -40.1541 -10.7592 0
      vertex -40.939 -7.21864 2.4
      vertex -40.939 -7.21864 0
    endloop
  endfacet
  facet normal -0.976297 -0.216434 0
    outer loop
      vertex -40.939 -7.21864 2.4
      vertex -40.1541 -10.7592 0
      vertex -40.1541 -10.7592 2.4
    endloop
  endfacet
  facet normal -0.953721 -0.300692 0
    outer loop
      vertex -39.0636 -14.218 0
      vertex -40.1541 -10.7592 2.4
      vertex -40.1541 -10.7592 0
    endloop
  endfacet
  facet normal -0.953721 -0.300692 0
    outer loop
      vertex -40.1541 -10.7592 2.4
      vertex -39.0636 -14.218 0
      vertex -39.0636 -14.218 2.4
    endloop
  endfacet
  facet normal -0.923872 -0.382702 0
    outer loop
      vertex -37.6757 -17.5685 0
      vertex -39.0636 -14.218 2.4
      vertex -39.0636 -14.218 0
    endloop
  endfacet
  facet normal -0.923872 -0.382702 0
    outer loop
      vertex -39.0636 -14.218 2.4
      vertex -37.6757 -17.5685 0
      vertex -37.6757 -17.5685 2.4
    endloop
  endfacet
  facet normal -0.887018 -0.461736 0
    outer loop
      vertex -36.0012 -20.7853 0
      vertex -37.6757 -17.5685 2.4
      vertex -37.6757 -17.5685 0
    endloop
  endfacet
  facet normal -0.887018 -0.461736 0
    outer loop
      vertex -37.6757 -17.5685 2.4
      vertex -36.0012 -20.7853 0
      vertex -36.0012 -20.7853 2.4
    endloop
  endfacet
  facet normal -0.843384 -0.537311 0
    outer loop
      vertex -34.0526 -23.8439 0
      vertex -36.0012 -20.7853 2.4
      vertex -36.0012 -20.7853 0
    endloop
  endfacet
  facet normal -0.843384 -0.537311 0
    outer loop
      vertex -36.0012 -20.7853 2.4
      vertex -34.0526 -23.8439 0
      vertex -34.0526 -23.8439 2.4
    endloop
  endfacet
  facet normal -0.79336 -0.608752 0
    outer loop
      vertex -31.8449 -26.7211 0
      vertex -34.0526 -23.8439 2.4
      vertex -34.0526 -23.8439 0
    endloop
  endfacet
  facet normal -0.79336 -0.608752 0
    outer loop
      vertex -34.0526 -23.8439 2.4
      vertex -31.8449 -26.7211 0
      vertex -31.8449 -26.7211 2.4
    endloop
  endfacet
  facet normal -0.737272 -0.675596 0
    outer loop
      vertex -30.7473 -27.9189 0
      vertex -31.8449 -26.7211 2.4
      vertex -31.8449 -26.7211 0
    endloop
  endfacet
  facet normal -0.737272 -0.675596 0
    outer loop
      vertex -31.8449 -26.7211 2.4
      vertex -30.7473 -27.9189 0
      vertex -30.7473 -27.9189 2.4
    endloop
  endfacet
  facet normal -0.707107 0.707107 0
    outer loop
      vertex -30.7473 -27.9189 2.4
      vertex -30.7681 -27.9397 2.3
      vertex -30.7681 -27.9397 2.4
    endloop
  endfacet
  facet normal -0.707107 0.707107 0
    outer loop
      vertex -30.7473 -27.9189 0
      vertex -30.7681 -27.9397 2.3
      vertex -30.7473 -27.9189 2.4
    endloop
  endfacet
  facet normal -0.707086 0.707128 3.76813e-07
    outer loop
      vertex -30.7473 -27.9189 0
      vertex -32.4652 -29.6367 2.3
      vertex -30.7681 -27.9397 2.3
    endloop
  endfacet
  facet normal -0.707086 0.707127 0
    outer loop
      vertex -32.4652 -29.6367 2.3
      vertex -30.7473 -27.9189 0
      vertex -32.4652 -29.6367 0
    endloop
  endfacet
  facet normal 0.737281 0.675587 0
    outer loop
      vertex -32.4652 -29.6367 2.3
      vertex -33.7059 -28.2827 0
      vertex -33.7059 -28.2827 2.3
    endloop
  endfacet
  facet normal 0.737281 0.675587 0
    outer loop
      vertex -33.7059 -28.2827 0
      vertex -32.4652 -29.6367 2.3
      vertex -32.4652 -29.6367 0
    endloop
  endfacet
  facet normal 0.793352 0.608763 0
    outer loop
      vertex -30.1596 -25.3069 2.4
      vertex -32.2505 -22.582 0
      vertex -32.2505 -22.582 2.4
    endloop
  endfacet
  facet normal 0.793352 0.608763 0
    outer loop
      vertex -32.2505 -22.582 0
      vertex -30.1596 -25.3069 2.4
      vertex -30.1596 -25.3069 0
    endloop
  endfacet
  facet normal 0.843392 0.537299 0
    outer loop
      vertex -32.2505 -22.582 2.4
      vertex -34.0959 -19.6853 0
      vertex -34.0959 -19.6853 2.4
    endloop
  endfacet
  facet normal 0.843392 0.537299 0
    outer loop
      vertex -34.0959 -19.6853 0
      vertex -32.2505 -22.582 2.4
      vertex -32.2505 -22.582 0
    endloop
  endfacet
  facet normal 0.887006 0.461758 0
    outer loop
      vertex -34.0959 -19.6853 2.4
      vertex -35.6819 -16.6387 0
      vertex -35.6819 -16.6387 2.4
    endloop
  endfacet
  facet normal 0.887006 0.461758 0
    outer loop
      vertex -35.6819 -16.6387 0
      vertex -34.0959 -19.6853 2.4
      vertex -34.0959 -19.6853 0
    endloop
  endfacet
  facet normal 0.923888 0.382663 0
    outer loop
      vertex -35.6819 -16.6387 2.4
      vertex -36.9962 -13.4655 0
      vertex -36.9962 -13.4655 2.4
    endloop
  endfacet
  facet normal 0.923888 0.382663 0
    outer loop
      vertex -36.9962 -13.4655 0
      vertex -35.6819 -16.6387 2.4
      vertex -35.6819 -16.6387 0
    endloop
  endfacet
  facet normal 0.953711 0.300726 0
    outer loop
      vertex -36.9962 -13.4655 2.4
      vertex -38.0291 -10.1898 0
      vertex -38.0291 -10.1898 2.4
    endloop
  endfacet
  facet normal 0.953711 0.300726 0
    outer loop
      vertex -38.0291 -10.1898 0
      vertex -36.9962 -13.4655 2.4
      vertex -36.9962 -13.4655 0
    endloop
  endfacet
  facet normal 0.976301 0.216417 0
    outer loop
      vertex -38.0291 -10.1898 2.4
      vertex -38.7724 -6.83662 0
      vertex -38.7724 -6.83662 2.4
    endloop
  endfacet
  facet normal 0.976301 0.216417 0
    outer loop
      vertex -38.7724 -6.83662 0
      vertex -38.0291 -10.1898 2.4
      vertex -38.0291 -10.1898 0
    endloop
  endfacet
  facet normal 0.991444 0.130535 0
    outer loop
      vertex -38.7724 -6.83662 2.4
      vertex -39.191 -3.65725 0
      vertex -39.191 -3.65725 2.4
    endloop
  endfacet
  facet normal 0.991444 0.130535 0
    outer loop
      vertex -39.191 -3.65725 0
      vertex -38.7724 -6.83662 2.4
      vertex -38.7724 -6.83662 0
    endloop
  endfacet
  facet normal 0 -1 0
    outer loop
      vertex -37.7796 -2 0
      vertex -32.6597 -2 2.4
      vertex -37.7796 -2 2.4
    endloop
  endfacet
  facet normal 0 -1 -0
    outer loop
      vertex -32.6597 -2 2.4
      vertex -37.7796 -2 0
      vertex -32.6597 -2 0
    endloop
  endfacet
  facet normal -0.999048 -0.0436311 0
    outer loop
      vertex -32.6224 -2.85408 0
      vertex -32.6597 -2 2.4
      vertex -32.6597 -2 0
    endloop
  endfacet
  facet normal -0.999048 -0.0436311 0
    outer loop
      vertex -32.6597 -2 2.4
      vertex -32.6224 -2.85408 0
      vertex -32.6224 -2.85408 2.4
    endloop
  endfacet
  facet normal -0.991444 -0.13053 0
    outer loop
      vertex -32.2495 -5.68646 0
      vertex -32.6224 -2.85408 2.4
      vertex -32.6224 -2.85408 0
    endloop
  endfacet
  facet normal -0.991444 -0.13053 0
    outer loop
      vertex -32.6224 -2.85408 2.4
      vertex -32.2495 -5.68646 0
      vertex -32.2495 -5.68646 2.4
    endloop
  endfacet
  facet normal -0.976298 -0.21643 0
    outer loop
      vertex -31.6312 -8.47556 0
      vertex -32.2495 -5.68646 2.4
      vertex -32.2495 -5.68646 0
    endloop
  endfacet
  facet normal -0.976298 -0.21643 0
    outer loop
      vertex -32.2495 -5.68646 2.4
      vertex -31.6312 -8.47556 0
      vertex -31.6312 -8.47556 2.4
    endloop
  endfacet
  facet normal -0.953721 -0.300692 0
    outer loop
      vertex -30.7722 -11.2001 0
      vertex -31.6312 -8.47556 2.4
      vertex -31.6312 -8.47556 0
    endloop
  endfacet
  facet normal -0.953721 -0.300692 0
    outer loop
      vertex -31.6312 -8.47556 2.4
      vertex -30.7722 -11.2001 0
      vertex -30.7722 -11.2001 2.4
    endloop
  endfacet
  facet normal -0.923876 -0.382691 0
    outer loop
      vertex -29.6789 -13.8395 0
      vertex -30.7722 -11.2001 2.4
      vertex -30.7722 -11.2001 0
    endloop
  endfacet
  facet normal -0.923876 -0.382691 0
    outer loop
      vertex -30.7722 -11.2001 2.4
      vertex -29.6789 -13.8395 0
      vertex -29.6789 -13.8395 2.4
    endloop
  endfacet
  facet normal -0.887013 -0.461744 0
    outer loop
      vertex -28.3598 -16.3735 0
      vertex -29.6789 -13.8395 2.4
      vertex -29.6789 -13.8395 0
    endloop
  endfacet
  facet normal -0.887013 -0.461744 0
    outer loop
      vertex -29.6789 -13.8395 2.4
      vertex -28.3598 -16.3735 0
      vertex -28.3598 -16.3735 2.4
    endloop
  endfacet
  facet normal -0.843385 -0.53731 0
    outer loop
      vertex -26.8248 -18.7829 0
      vertex -28.3598 -16.3735 2.4
      vertex -28.3598 -16.3735 0
    endloop
  endfacet
  facet normal -0.843385 -0.53731 0
    outer loop
      vertex -28.3598 -16.3735 2.4
      vertex -26.8248 -18.7829 0
      vertex -26.8248 -18.7829 2.4
    endloop
  endfacet
  facet normal -0.793361 -0.608751 0
    outer loop
      vertex -25.0857 -21.0494 0
      vertex -26.8248 -18.7829 2.4
      vertex -26.8248 -18.7829 0
    endloop
  endfacet
  facet normal -0.793361 -0.608751 0
    outer loop
      vertex -26.8248 -18.7829 2.4
      vertex -25.0857 -21.0494 0
      vertex -25.0857 -21.0494 2.4
    endloop
  endfacet
  facet normal -0.737256 -0.675613 0
    outer loop
      vertex -24.5081 -21.6797 0
      vertex -25.0857 -21.0494 2.4
      vertex -25.0857 -21.0494 0
    endloop
  endfacet
  facet normal -0.737256 -0.675613 0
    outer loop
      vertex -25.0857 -21.0494 2.4
      vertex -24.5081 -21.6797 0
      vertex -24.5081 -21.6797 2.4
    endloop
  endfacet
  facet normal -0.707099 0.707114 0
    outer loop
      vertex -24.5081 -21.6797 0
      vertex -29.1917 -26.3632 2.4
      vertex -24.5081 -21.6797 2.4
    endloop
  endfacet
  facet normal -0.707099 0.707114 0
    outer loop
      vertex -29.1917 -26.3632 2.4
      vertex -24.5081 -21.6797 0
      vertex -29.1917 -26.3632 0
    endloop
  endfacet
  facet normal 0.737285 0.675582 0
    outer loop
      vertex -29.1917 -26.3632 2.4
      vertex -30.1596 -25.3069 0
      vertex -30.1596 -25.3069 2.4
    endloop
  endfacet
  facet normal 0.737285 0.675582 0
    outer loop
      vertex -30.1596 -25.3069 0
      vertex -29.1917 -26.3632 2.4
      vertex -29.1917 -26.3632 0
    endloop
  endfacet
  facet normal 0.79335 0.608766 0
    outer loop
      vertex -23.4004 -19.6353 2.4
      vertex -25.0227 -17.5211 0
      vertex -25.0227 -17.5211 2.4
    endloop
  endfacet
  facet normal 0.79335 0.608766 0
    outer loop
      vertex -25.0227 -17.5211 0
      vertex -23.4004 -19.6353 2.4
      vertex -23.4004 -19.6353 0
    endloop
  endfacet
  facet normal 0.843405 0.537278 0
    outer loop
      vertex -25.0227 -17.5211 2.4
      vertex -26.4545 -15.2735 0
      vertex -26.4545 -15.2735 2.4
    endloop
  endfacet
  facet normal 0.843405 0.537278 0
    outer loop
      vertex -26.4545 -15.2735 0
      vertex -25.0227 -17.5211 2.4
      vertex -25.0227 -17.5211 0
    endloop
  endfacet
  facet normal 0.887013 0.461744 0
    outer loop
      vertex -26.4545 -15.2735 2.4
      vertex -27.685 -12.9097 0
      vertex -27.685 -12.9097 2.4
    endloop
  endfacet
  facet normal 0.887013 0.461744 0
    outer loop
      vertex -27.685 -12.9097 0
      vertex -26.4545 -15.2735 2.4
      vertex -26.4545 -15.2735 0
    endloop
  endfacet
  facet normal 0.923879 0.382685 0
    outer loop
      vertex -27.685 -12.9097 2.4
      vertex -28.7048 -10.4477 0
      vertex -28.7048 -10.4477 2.4
    endloop
  endfacet
  facet normal 0.923879 0.382685 0
    outer loop
      vertex -28.7048 -10.4477 0
      vertex -27.685 -12.9097 2.4
      vertex -27.685 -12.9097 0
    endloop
  endfacet
  facet normal 0.953711 0.300725 0
    outer loop
      vertex -28.7048 -10.4477 2.4
      vertex -29.5062 -7.90616 0
      vertex -29.5062 -7.90616 2.4
    endloop
  endfacet
  facet normal 0.953711 0.300725 0
    outer loop
      vertex -29.5062 -7.90616 0
      vertex -28.7048 -10.4477 2.4
      vertex -28.7048 -10.4477 0
    endloop
  endfacet
  facet normal 0.976295 0.216443 0
    outer loop
      vertex -29.5062 -7.90616 2.4
      vertex -30.083 -5.30443 0
      vertex -30.083 -5.30443 2.4
    endloop
  endfacet
  facet normal 0.976295 0.216443 0
    outer loop
      vertex -30.083 -5.30443 0
      vertex -29.5062 -7.90616 2.4
      vertex -29.5062 -7.90616 0
    endloop
  endfacet
  facet normal 0.991447 0.130512 0
    outer loop
      vertex -30.083 -5.30443 2.4
      vertex -30.4308 -2.66234 0
      vertex -30.4308 -2.66234 2.4
    endloop
  endfacet
  facet normal 0.991447 0.130512 0
    outer loop
      vertex -30.4308 -2.66234 0
      vertex -30.083 -5.30443 2.4
      vertex -30.083 -5.30443 0
    endloop
  endfacet
  facet normal 0.999049 0.0435917 0
    outer loop
      vertex -30.4308 -2.66234 2.4
      vertex -30.4597 -2 0
      vertex -30.4597 -2 2.4
    endloop
  endfacet
  facet normal 0.999049 0.0435917 0
    outer loop
      vertex -30.4597 -2 0
      vertex -30.4308 -2.66234 2.4
      vertex -30.4308 -2.66234 0
    endloop
  endfacet
  facet normal 0 -1 0
    outer loop
      vertex -30.4597 -2 0
      vertex -23.8362 -2 2.4
      vertex -30.4597 -2 2.4
    endloop
  endfacet
  facet normal 0 -1 -0
    outer loop
      vertex -23.8362 -2 2.4
      vertex -30.4597 -2 0
      vertex -23.8362 -2 0
    endloop
  endfacet
  facet normal -0.999055 -0.0434525 0
    outer loop
      vertex -23.8325 -2.08507 0
      vertex -23.8362 -2 2.4
      vertex -23.8362 -2 0
    endloop
  endfacet
  facet normal -0.999055 -0.0434525 0
    outer loop
      vertex -23.8362 -2 2.4
      vertex -23.8325 -2.08507 0
      vertex -23.8325 -2.08507 2.4
    endloop
  endfacet
  facet normal -0.991446 -0.130519 0
    outer loop
      vertex -23.5601 -4.15427 0
      vertex -23.8325 -2.08507 2.4
      vertex -23.8325 -2.08507 0
    endloop
  endfacet
  facet normal -0.991446 -0.130519 0
    outer loop
      vertex -23.8325 -2.08507 2.4
      vertex -23.5601 -4.15427 0
      vertex -23.5601 -4.15427 2.4
    endloop
  endfacet
  facet normal -0.976298 -0.216429 0
    outer loop
      vertex -23.1084 -6.19186 0
      vertex -23.5601 -4.15427 2.4
      vertex -23.5601 -4.15427 0
    endloop
  endfacet
  facet normal -0.976298 -0.216429 0
    outer loop
      vertex -23.5601 -4.15427 2.4
      vertex -23.1084 -6.19186 0
      vertex -23.1084 -6.19186 2.4
    endloop
  endfacet
  facet normal -0.953716 -0.300709 0
    outer loop
      vertex -22.4808 -8.18233 0
      vertex -23.1084 -6.19186 2.4
      vertex -23.1084 -6.19186 0
    endloop
  endfacet
  facet normal -0.953716 -0.300709 0
    outer loop
      vertex -23.1084 -6.19186 2.4
      vertex -22.4808 -8.18233 0
      vertex -22.4808 -8.18233 2.4
    endloop
  endfacet
  facet normal -0.923875 -0.382694 0
    outer loop
      vertex -21.6821 -10.1105 0
      vertex -22.4808 -8.18233 2.4
      vertex -22.4808 -8.18233 0
    endloop
  endfacet
  facet normal -0.923875 -0.382694 0
    outer loop
      vertex -22.4808 -8.18233 2.4
      vertex -21.6821 -10.1105 0
      vertex -21.6821 -10.1105 2.4
    endloop
  endfacet
  facet normal -0.887016 -0.461739 0
    outer loop
      vertex -20.7184 -11.9618 0
      vertex -21.6821 -10.1105 2.4
      vertex -21.6821 -10.1105 0
    endloop
  endfacet
  facet normal -0.887016 -0.461739 0
    outer loop
      vertex -21.6821 -10.1105 2.4
      vertex -20.7184 -11.9618 0
      vertex -20.7184 -11.9618 2.4
    endloop
  endfacet
  facet normal -0.843385 -0.537309 0
    outer loop
      vertex -19.597 -13.722 0
      vertex -20.7184 -11.9618 2.4
      vertex -20.7184 -11.9618 0
    endloop
  endfacet
  facet normal -0.843385 -0.537309 0
    outer loop
      vertex -20.7184 -11.9618 2.4
      vertex -19.597 -13.722 0
      vertex -19.597 -13.722 2.4
    endloop
  endfacet
  facet normal -0.793345 -0.608772 0
    outer loop
      vertex -18.3265 -15.3777 0
      vertex -19.597 -13.722 2.4
      vertex -19.597 -13.722 0
    endloop
  endfacet
  facet normal -0.793345 -0.608772 0
    outer loop
      vertex -19.597 -13.722 2.4
      vertex -18.3265 -15.3777 0
      vertex -18.3265 -15.3777 2.4
    endloop
  endfacet
  facet normal -0.737544 -0.675299 0
    outer loop
      vertex -18.269 -15.4405 0
      vertex -18.3265 -15.3777 2.4
      vertex -18.3265 -15.3777 0
    endloop
  endfacet
  facet normal -0.737544 -0.675299 0
    outer loop
      vertex -18.3265 -15.3777 2.4
      vertex -18.269 -15.4405 0
      vertex -18.269 -15.4405 2.4
    endloop
  endfacet
  facet normal -0.707114 0.707099 0
    outer loop
      vertex -22.9525 -20.1241 0
      vertex -18.269 -15.4405 2.4
      vertex -18.269 -15.4405 0
    endloop
  endfacet
  facet normal -0.707114 0.707099 0
    outer loop
      vertex -18.269 -15.4405 2.4
      vertex -22.9525 -20.1241 0
      vertex -22.9525 -20.1241 2.4
    endloop
  endfacet
  facet normal 0.737279 0.675588 0
    outer loop
      vertex -22.9525 -20.1241 2.4
      vertex -23.4004 -19.6353 0
      vertex -23.4004 -19.6353 2.4
    endloop
  endfacet
  facet normal 0.737279 0.675588 0
    outer loop
      vertex -23.4004 -19.6353 0
      vertex -22.9525 -20.1241 2.4
      vertex -22.9525 -20.1241 0
    endloop
  endfacet
  facet normal 0.843398 0.537289 0
    outer loop
      vertex -17.7949 -12.4601 2.4
      vertex -18.8131 -10.8618 0
      vertex -18.8131 -10.8618 2.4
    endloop
  endfacet
  facet normal 0.843398 0.537289 0
    outer loop
      vertex -18.8131 -10.8618 0
      vertex -17.7949 -12.4601 2.4
      vertex -17.7949 -12.4601 0
    endloop
  endfacet
  facet normal 0.88701 0.461751 0
    outer loop
      vertex -18.8131 -10.8618 2.4
      vertex -19.6882 -9.18076 0
      vertex -19.6882 -9.18076 2.4
    endloop
  endfacet
  facet normal 0.88701 0.461751 0
    outer loop
      vertex -19.6882 -9.18076 0
      vertex -18.8131 -10.8618 2.4
      vertex -18.8131 -10.8618 0
    endloop
  endfacet
  facet normal 0.923887 0.382664 0
    outer loop
      vertex -19.6882 -9.18076 2.4
      vertex -20.4134 -7.42987 0
      vertex -20.4134 -7.42987 2.4
    endloop
  endfacet
  facet normal 0.923887 0.382664 0
    outer loop
      vertex -20.4134 -7.42987 0
      vertex -19.6882 -9.18076 2.4
      vertex -19.6882 -9.18076 0
    endloop
  endfacet
  facet normal 0.953714 0.300717 0
    outer loop
      vertex -20.4134 -7.42987 2.4
      vertex -20.9833 -5.62245 0
      vertex -20.9833 -5.62245 2.4
    endloop
  endfacet
  facet normal 0.953714 0.300717 0
    outer loop
      vertex -20.9833 -5.62245 0
      vertex -20.4134 -7.42987 2.4
      vertex -20.4134 -7.42987 0
    endloop
  endfacet
  facet normal 0.976294 0.21645 0
    outer loop
      vertex -20.9833 -5.62245 2.4
      vertex -21.3935 -3.77225 0
      vertex -21.3935 -3.77225 2.4
    endloop
  endfacet
  facet normal 0.976294 0.21645 0
    outer loop
      vertex -21.3935 -3.77225 0
      vertex -20.9833 -5.62245 2.4
      vertex -20.9833 -5.62245 0
    endloop
  endfacet
  facet normal 0.991446 0.130515 0
    outer loop
      vertex -21.3935 -3.77225 2.4
      vertex -21.6268 -2 0
      vertex -21.6268 -2 2.4
    endloop
  endfacet
  facet normal 0.991446 0.130515 0
    outer loop
      vertex -21.6268 -2 0
      vertex -21.3935 -3.77225 2.4
      vertex -21.3935 -3.77225 0
    endloop
  endfacet
  facet normal 0 -1 0
    outer loop
      vertex -21.6268 -2 0
      vertex -13.8441 -2 2.4
      vertex -21.6268 -2 2.4
    endloop
  endfacet
  facet normal 0 -1 -0
    outer loop
      vertex -13.8441 -2 2.4
      vertex -21.6268 -2 0
      vertex -13.8441 -2 0
    endloop
  endfacet
  facet normal -0.99143 -0.130639 0
    outer loop
      vertex -13.7873 -2.43106 0
      vertex -13.8441 -2 2.4
      vertex -13.8441 -2 0
    endloop
  endfacet
  facet normal -0.99143 -0.130639 0
    outer loop
      vertex -13.8441 -2 2.4
      vertex -13.7873 -2.43106 0
      vertex -13.7873 -2.43106 2.4
    endloop
  endfacet
  facet normal -0.976287 -0.21648 0
    outer loop
      vertex -13.5229 -3.62346 0
      vertex -13.7873 -2.43106 2.4
      vertex -13.7873 -2.43106 0
    endloop
  endfacet
  facet normal -0.976287 -0.21648 0
    outer loop
      vertex -13.7873 -2.43106 2.4
      vertex -13.5229 -3.62346 0
      vertex -13.5229 -3.62346 2.4
    endloop
  endfacet
  facet normal -0.953732 -0.300659 0
    outer loop
      vertex -13.1557 -4.78827 0
      vertex -13.5229 -3.62346 2.4
      vertex -13.5229 -3.62346 0
    endloop
  endfacet
  facet normal -0.953732 -0.300659 0
    outer loop
      vertex -13.5229 -3.62346 2.4
      vertex -13.1557 -4.78827 0
      vertex -13.1557 -4.78827 2.4
    endloop
  endfacet
  facet normal -0.923876 -0.382693 0
    outer loop
      vertex -12.6883 -5.91664 0
      vertex -13.1557 -4.78827 2.4
      vertex -13.1557 -4.78827 0
    endloop
  endfacet
  facet normal -0.923876 -0.382693 0
    outer loop
      vertex -13.1557 -4.78827 2.4
      vertex -12.6883 -5.91664 0
      vertex -12.6883 -5.91664 2.4
    endloop
  endfacet
  facet normal -0.886998 -0.461773 0
    outer loop
      vertex -12.1243 -7 0
      vertex -12.6883 -5.91664 2.4
      vertex -12.6883 -5.91664 0
    endloop
  endfacet
  facet normal -0.886998 -0.461773 0
    outer loop
      vertex -12.6883 -5.91664 2.4
      vertex -12.1243 -7 0
      vertex -12.1243 -7 2.4
    endloop
  endfacet
  facet normal -0.843399 -0.537288 0
    outer loop
      vertex -11.4681 -8.03006 0
      vertex -12.1243 -7 2.4
      vertex -12.1243 -7 0
    endloop
  endfacet
  facet normal -0.843399 -0.537288 0
    outer loop
      vertex -12.1243 -7 2.4
      vertex -11.4681 -8.03006 0
      vertex -11.4681 -8.03006 2.4
    endloop
  endfacet
  facet normal -0.79335 -0.608766 0
    outer loop
      vertex -11.2034 -8.37502 0
      vertex -11.4681 -8.03006 2.4
      vertex -11.4681 -8.03006 0
    endloop
  endfacet
  facet normal -0.79335 -0.608766 0
    outer loop
      vertex -11.4681 -8.03006 2.4
      vertex -11.2034 -8.37502 0
      vertex -11.2034 -8.37502 2.4
    endloop
  endfacet
  facet normal -0.707105 0.707108 0
    outer loop
      vertex -16.7067 -13.8783 0
      vertex -11.2034 -8.37502 2.4
      vertex -11.2034 -8.37502 0
    endloop
  endfacet
  facet normal -0.707105 0.707108 0
    outer loop
      vertex -11.2034 -8.37502 2.4
      vertex -16.7067 -13.8783 0
      vertex -16.7067 -13.8783 2.4
    endloop
  endfacet
  facet normal 0.79336 0.608753 0
    outer loop
      vertex -16.7067 -13.8783 2.4
      vertex -17.7949 -12.4601 0
      vertex -17.7949 -12.4601 2.4
    endloop
  endfacet
  facet normal 0.79336 0.608753 0
    outer loop
      vertex -17.7949 -12.4601 0
      vertex -16.7067 -13.8783 2.4
      vertex -16.7067 -13.8783 0
    endloop
  endfacet
  facet normal 0.21645 0.976294 -0
    outer loop
      vertex -3.77225 -21.3935 0
      vertex -5.62245 -20.9833 2.4
      vertex -3.77225 -21.3935 2.4
    endloop
  endfacet
  facet normal 0.21645 0.976294 0
    outer loop
      vertex -5.62245 -20.9833 2.4
      vertex -3.77225 -21.3935 0
      vertex -5.62245 -20.9833 0
    endloop
  endfacet
  facet normal 0.300717 0.953714 -0
    outer loop
      vertex -5.62245 -20.9833 0
      vertex -7.42987 -20.4134 2.4
      vertex -5.62245 -20.9833 2.4
    endloop
  endfacet
  facet normal 0.300717 0.953714 0
    outer loop
      vertex -7.42987 -20.4134 2.4
      vertex -5.62245 -20.9833 0
      vertex -7.42987 -20.4134 0
    endloop
  endfacet
  facet normal 0.382664 0.923887 -0
    outer loop
      vertex -7.42987 -20.4134 0
      vertex -9.18076 -19.6882 2.4
      vertex -7.42987 -20.4134 2.4
    endloop
  endfacet
  facet normal 0.382664 0.923887 0
    outer loop
      vertex -9.18076 -19.6882 2.4
      vertex -7.42987 -20.4134 0
      vertex -9.18076 -19.6882 0
    endloop
  endfacet
  facet normal 0.461751 0.88701 -0
    outer loop
      vertex -9.18076 -19.6882 0
      vertex -10.8618 -18.8131 2.4
      vertex -9.18076 -19.6882 2.4
    endloop
  endfacet
  facet normal 0.461751 0.88701 0
    outer loop
      vertex -10.8618 -18.8131 2.4
      vertex -9.18076 -19.6882 0
      vertex -10.8618 -18.8131 0
    endloop
  endfacet
  facet normal 0.537289 0.843398 -0
    outer loop
      vertex -10.8618 -18.8131 0
      vertex -12.4601 -17.7949 2.4
      vertex -10.8618 -18.8131 2.4
    endloop
  endfacet
  facet normal 0.537289 0.843398 0
    outer loop
      vertex -12.4601 -17.7949 2.4
      vertex -10.8618 -18.8131 0
      vertex -12.4601 -17.7949 0
    endloop
  endfacet
  facet normal 0.608753 0.79336 -0
    outer loop
      vertex -12.4601 -17.7949 0
      vertex -13.8783 -16.7067 2.4
      vertex -12.4601 -17.7949 2.4
    endloop
  endfacet
  facet normal 0.608753 0.79336 0
    outer loop
      vertex -13.8783 -16.7067 2.4
      vertex -12.4601 -17.7949 0
      vertex -13.8783 -16.7067 0
    endloop
  endfacet
  facet normal 0.707108 -0.707105 0
    outer loop
      vertex -13.8783 -16.7067 2.4
      vertex -8.37502 -11.2034 0
      vertex -8.37502 -11.2034 2.4
    endloop
  endfacet
  facet normal 0.707108 -0.707105 0
    outer loop
      vertex -8.37502 -11.2034 0
      vertex -13.8783 -16.7067 2.4
      vertex -13.8783 -16.7067 0
    endloop
  endfacet
  facet normal -0.608766 -0.79335 0
    outer loop
      vertex -8.37502 -11.2034 0
      vertex -8.03006 -11.4681 2.4
      vertex -8.37502 -11.2034 2.4
    endloop
  endfacet
  facet normal -0.608766 -0.79335 -0
    outer loop
      vertex -8.03006 -11.4681 2.4
      vertex -8.37502 -11.2034 0
      vertex -8.03006 -11.4681 0
    endloop
  endfacet
  facet normal -0.537288 -0.843399 0
    outer loop
      vertex -8.03006 -11.4681 0
      vertex -7 -12.1243 2.4
      vertex -8.03006 -11.4681 2.4
    endloop
  endfacet
  facet normal -0.537288 -0.843399 -0
    outer loop
      vertex -7 -12.1243 2.4
      vertex -8.03006 -11.4681 0
      vertex -7 -12.1243 0
    endloop
  endfacet
  facet normal -0.461773 -0.886998 0
    outer loop
      vertex -7 -12.1243 0
      vertex -5.91664 -12.6883 2.4
      vertex -7 -12.1243 2.4
    endloop
  endfacet
  facet normal -0.461773 -0.886998 -0
    outer loop
      vertex -5.91664 -12.6883 2.4
      vertex -7 -12.1243 0
      vertex -5.91664 -12.6883 0
    endloop
  endfacet
  facet normal -0.382693 -0.923876 0
    outer loop
      vertex -5.91664 -12.6883 0
      vertex -4.78827 -13.1557 2.4
      vertex -5.91664 -12.6883 2.4
    endloop
  endfacet
  facet normal -0.382693 -0.923876 -0
    outer loop
      vertex -4.78827 -13.1557 2.4
      vertex -5.91664 -12.6883 0
      vertex -4.78827 -13.1557 0
    endloop
  endfacet
  facet normal -0.300659 -0.953732 0
    outer loop
      vertex -4.78827 -13.1557 0
      vertex -3.62346 -13.5229 2.4
      vertex -4.78827 -13.1557 2.4
    endloop
  endfacet
  facet normal -0.300659 -0.953732 -0
    outer loop
      vertex -3.62346 -13.5229 2.4
      vertex -4.78827 -13.1557 0
      vertex -3.62346 -13.5229 0
    endloop
  endfacet
  facet normal -0.21648 -0.976287 0
    outer loop
      vertex -3.62346 -13.5229 0
      vertex -2.43106 -13.7873 2.4
      vertex -3.62346 -13.5229 2.4
    endloop
  endfacet
  facet normal -0.21648 -0.976287 -0
    outer loop
      vertex -2.43106 -13.7873 2.4
      vertex -3.62346 -13.5229 0
      vertex -2.43106 -13.7873 0
    endloop
  endfacet
  facet normal -0.130639 -0.99143 0
    outer loop
      vertex -2.43106 -13.7873 0
      vertex -2 -13.8441 2.4
      vertex -2.43106 -13.7873 2.4
    endloop
  endfacet
  facet normal -0.130639 -0.99143 -0
    outer loop
      vertex -2 -13.8441 2.4
      vertex -2.43106 -13.7873 0
      vertex -2 -13.8441 0
    endloop
  endfacet
  facet normal -1 0 0
    outer loop
      vertex -2 -21.6268 0
      vertex -2 -13.8441 2.4
      vertex -2 -13.8441 0
    endloop
  endfacet
  facet normal -1 -0 0
    outer loop
      vertex -2 -13.8441 2.4
      vertex -2 -21.6268 0
      vertex -2 -21.6268 2.4
    endloop
  endfacet
  facet normal 0.130515 0.991446 -0
    outer loop
      vertex -2 -21.6268 0
      vertex -3.77225 -21.3935 2.4
      vertex -2 -21.6268 2.4
    endloop
  endfacet
  facet normal 0.130515 0.991446 0
    outer loop
      vertex -3.77225 -21.3935 2.4
      vertex -2 -21.6268 0
      vertex -3.77225 -21.3935 0
    endloop
  endfacet
  facet normal 0.130639 -0.99143 0
    outer loop
      vertex 2 -13.8441 0
      vertex 2.43106 -13.7873 2.4
      vertex 2 -13.8441 2.4
    endloop
  endfacet
  facet normal 0.130639 -0.99143 0
    outer loop
      vertex 2.43106 -13.7873 2.4
      vertex 2 -13.8441 0
      vertex 2.43106 -13.7873 0
    endloop
  endfacet
  facet normal 0.21648 -0.976287 0
    outer loop
      vertex 2.43106 -13.7873 0
      vertex 3.62346 -13.5229 2.4
      vertex 2.43106 -13.7873 2.4
    endloop
  endfacet
  facet normal 0.21648 -0.976287 0
    outer loop
      vertex 3.62346 -13.5229 2.4
      vertex 2.43106 -13.7873 0
      vertex 3.62346 -13.5229 0
    endloop
  endfacet
  facet normal 0.300659 -0.953732 0
    outer loop
      vertex 3.62346 -13.5229 0
      vertex 4.78827 -13.1557 2.4
      vertex 3.62346 -13.5229 2.4
    endloop
  endfacet
  facet normal 0.300659 -0.953732 0
    outer loop
      vertex 4.78827 -13.1557 2.4
      vertex 3.62346 -13.5229 0
      vertex 4.78827 -13.1557 0
    endloop
  endfacet
  facet normal 0.382693 -0.923876 0
    outer loop
      vertex 4.78827 -13.1557 0
      vertex 5.91664 -12.6883 2.4
      vertex 4.78827 -13.1557 2.4
    endloop
  endfacet
  facet normal 0.382693 -0.923876 0
    outer loop
      vertex 5.91664 -12.6883 2.4
      vertex 4.78827 -13.1557 0
      vertex 5.91664 -12.6883 0
    endloop
  endfacet
  facet normal 0.461773 -0.886998 0
    outer loop
      vertex 5.91664 -12.6883 0
      vertex 7 -12.1243 2.4
      vertex 5.91664 -12.6883 2.4
    endloop
  endfacet
  facet normal 0.461773 -0.886998 0
    outer loop
      vertex 7 -12.1243 2.4
      vertex 5.91664 -12.6883 0
      vertex 7 -12.1243 0
    endloop
  endfacet
  facet normal 0.537288 -0.843399 0
    outer loop
      vertex 7 -12.1243 0
      vertex 8.03006 -11.4681 2.4
      vertex 7 -12.1243 2.4
    endloop
  endfacet
  facet normal 0.537288 -0.843399 0
    outer loop
      vertex 8.03006 -11.4681 2.4
      vertex 7 -12.1243 0
      vertex 8.03006 -11.4681 0
    endloop
  endfacet
  facet normal 0.608766 -0.79335 0
    outer loop
      vertex 8.03006 -11.4681 0
      vertex 8.37502 -11.2034 2.4
      vertex 8.03006 -11.4681 2.4
    endloop
  endfacet
  facet normal 0.608766 -0.79335 0
    outer loop
      vertex 8.37502 -11.2034 2.4
      vertex 8.03006 -11.4681 0
      vertex 8.37502 -11.2034 0
    endloop
  endfacet
  facet normal -0.707108 -0.707105 0
    outer loop
      vertex 13.8783 -16.7067 0
      vertex 8.37502 -11.2034 2.4
      vertex 8.37502 -11.2034 0
    endloop
  endfacet
  facet normal -0.707108 -0.707105 0
    outer loop
      vertex 8.37502 -11.2034 2.4
      vertex 13.8783 -16.7067 0
      vertex 13.8783 -16.7067 2.4
    endloop
  endfacet
  facet normal -0.608753 0.79336 0
    outer loop
      vertex 13.8783 -16.7067 0
      vertex 12.4601 -17.7949 2.4
      vertex 13.8783 -16.7067 2.4
    endloop
  endfacet
  facet normal -0.608753 0.79336 0
    outer loop
      vertex 12.4601 -17.7949 2.4
      vertex 13.8783 -16.7067 0
      vertex 12.4601 -17.7949 0
    endloop
  endfacet
  facet normal -0.537289 0.843398 0
    outer loop
      vertex 12.4601 -17.7949 0
      vertex 10.8618 -18.8131 2.4
      vertex 12.4601 -17.7949 2.4
    endloop
  endfacet
  facet normal -0.537289 0.843398 0
    outer loop
      vertex 10.8618 -18.8131 2.4
      vertex 12.4601 -17.7949 0
      vertex 10.8618 -18.8131 0
    endloop
  endfacet
  facet normal -0.461751 0.88701 0
    outer loop
      vertex 10.8618 -18.8131 0
      vertex 9.18076 -19.6882 2.4
      vertex 10.8618 -18.8131 2.4
    endloop
  endfacet
  facet normal -0.461751 0.88701 0
    outer loop
      vertex 9.18076 -19.6882 2.4
      vertex 10.8618 -18.8131 0
      vertex 9.18076 -19.6882 0
    endloop
  endfacet
  facet normal -0.382664 0.923887 0
    outer loop
      vertex 9.18076 -19.6882 0
      vertex 7.42987 -20.4134 2.4
      vertex 9.18076 -19.6882 2.4
    endloop
  endfacet
  facet normal -0.382664 0.923887 0
    outer loop
      vertex 7.42987 -20.4134 2.4
      vertex 9.18076 -19.6882 0
      vertex 7.42987 -20.4134 0
    endloop
  endfacet
  facet normal -0.300717 0.953714 0
    outer loop
      vertex 7.42987 -20.4134 0
      vertex 5.62245 -20.9833 2.4
      vertex 7.42987 -20.4134 2.4
    endloop
  endfacet
  facet normal -0.300717 0.953714 0
    outer loop
      vertex 5.62245 -20.9833 2.4
      vertex 7.42987 -20.4134 0
      vertex 5.62245 -20.9833 0
    endloop
  endfacet
  facet normal -0.21645 0.976294 0
    outer loop
      vertex 5.62245 -20.9833 0
      vertex 3.77225 -21.3935 2.4
      vertex 5.62245 -20.9833 2.4
    endloop
  endfacet
  facet normal -0.21645 0.976294 0
    outer loop
      vertex 3.77225 -21.3935 2.4
      vertex 5.62245 -20.9833 0
      vertex 3.77225 -21.3935 0
    endloop
  endfacet
  facet normal -0.130515 0.991446 0
    outer loop
      vertex 3.77225 -21.3935 0
      vertex 2 -21.6268 2.4
      vertex 3.77225 -21.3935 2.4
    endloop
  endfacet
  facet normal -0.130515 0.991446 0
    outer loop
      vertex 2 -21.6268 2.4
      vertex 3.77225 -21.3935 0
      vertex 2 -21.6268 0
    endloop
  endfacet
  facet normal 1 -0 0
    outer loop
      vertex 2 -21.6268 2.4
      vertex 2 -13.8441 0
      vertex 2 -13.8441 2.4
    endloop
  endfacet
  facet normal 1 0 0
    outer loop
      vertex 2 -13.8441 0
      vertex 2 -21.6268 2.4
      vertex 2 -21.6268 0
    endloop
  endfacet
  facet normal 0.130512 0.991447 -0
    outer loop
      vertex -2.66234 -30.4308 0
      vertex -5.30443 -30.083 2.4
      vertex -2.66234 -30.4308 2.4
    endloop
  endfacet
  facet normal 0.130512 0.991447 0
    outer loop
      vertex -5.30443 -30.083 2.4
      vertex -2.66234 -30.4308 0
      vertex -5.30443 -30.083 0
    endloop
  endfacet
  facet normal 0.216443 0.976295 -0
    outer loop
      vertex -5.30443 -30.083 0
      vertex -7.90616 -29.5062 2.4
      vertex -5.30443 -30.083 2.4
    endloop
  endfacet
  facet normal 0.216443 0.976295 0
    outer loop
      vertex -7.90616 -29.5062 2.4
      vertex -5.30443 -30.083 0
      vertex -7.90616 -29.5062 0
    endloop
  endfacet
  facet normal 0.300725 0.953711 -0
    outer loop
      vertex -7.90616 -29.5062 0
      vertex -10.4477 -28.7048 2.4
      vertex -7.90616 -29.5062 2.4
    endloop
  endfacet
  facet normal 0.300725 0.953711 0
    outer loop
      vertex -10.4477 -28.7048 2.4
      vertex -7.90616 -29.5062 0
      vertex -10.4477 -28.7048 0
    endloop
  endfacet
  facet normal 0.382685 0.923879 -0
    outer loop
      vertex -10.4477 -28.7048 0
      vertex -12.9097 -27.685 2.4
      vertex -10.4477 -28.7048 2.4
    endloop
  endfacet
  facet normal 0.382685 0.923879 0
    outer loop
      vertex -12.9097 -27.685 2.4
      vertex -10.4477 -28.7048 0
      vertex -12.9097 -27.685 0
    endloop
  endfacet
  facet normal 0.461744 0.887013 -0
    outer loop
      vertex -12.9097 -27.685 0
      vertex -15.2735 -26.4545 2.4
      vertex -12.9097 -27.685 2.4
    endloop
  endfacet
  facet normal 0.461744 0.887013 0
    outer loop
      vertex -15.2735 -26.4545 2.4
      vertex -12.9097 -27.685 0
      vertex -15.2735 -26.4545 0
    endloop
  endfacet
  facet normal 0.537278 0.843405 -0
    outer loop
      vertex -15.2735 -26.4545 0
      vertex -17.5211 -25.0227 2.4
      vertex -15.2735 -26.4545 2.4
    endloop
  endfacet
  facet normal 0.537278 0.843405 0
    outer loop
      vertex -17.5211 -25.0227 2.4
      vertex -15.2735 -26.4545 0
      vertex -17.5211 -25.0227 0
    endloop
  endfacet
  facet normal 0.608766 0.79335 -0
    outer loop
      vertex -17.5211 -25.0227 0
      vertex -19.6353 -23.4004 2.4
      vertex -17.5211 -25.0227 2.4
    endloop
  endfacet
  facet normal 0.608766 0.79335 0
    outer loop
      vertex -19.6353 -23.4004 2.4
      vertex -17.5211 -25.0227 0
      vertex -19.6353 -23.4004 0
    endloop
  endfacet
  facet normal 0.675588 0.737279 -0
    outer loop
      vertex -19.6353 -23.4004 0
      vertex -20.1241 -22.9525 2.4
      vertex -19.6353 -23.4004 2.4
    endloop
  endfacet
  facet normal 0.675588 0.737279 0
    outer loop
      vertex -20.1241 -22.9525 2.4
      vertex -19.6353 -23.4004 0
      vertex -20.1241 -22.9525 0
    endloop
  endfacet
  facet normal 0.707099 -0.707114 0
    outer loop
      vertex -20.1241 -22.9525 2.4
      vertex -15.4405 -18.269 0
      vertex -15.4405 -18.269 2.4
    endloop
  endfacet
  facet normal 0.707099 -0.707114 0
    outer loop
      vertex -15.4405 -18.269 0
      vertex -20.1241 -22.9525 2.4
      vertex -20.1241 -22.9525 0
    endloop
  endfacet
  facet normal -0.675299 -0.737544 0
    outer loop
      vertex -15.4405 -18.269 0
      vertex -15.3777 -18.3265 2.4
      vertex -15.4405 -18.269 2.4
    endloop
  endfacet
  facet normal -0.675299 -0.737544 -0
    outer loop
      vertex -15.3777 -18.3265 2.4
      vertex -15.4405 -18.269 0
      vertex -15.3777 -18.3265 0
    endloop
  endfacet
  facet normal -0.608772 -0.793345 0
    outer loop
      vertex -15.3777 -18.3265 0
      vertex -13.722 -19.597 2.4
      vertex -15.3777 -18.3265 2.4
    endloop
  endfacet
  facet normal -0.608772 -0.793345 -0
    outer loop
      vertex -13.722 -19.597 2.4
      vertex -15.3777 -18.3265 0
      vertex -13.722 -19.597 0
    endloop
  endfacet
  facet normal -0.537309 -0.843385 0
    outer loop
      vertex -13.722 -19.597 0
      vertex -11.9618 -20.7184 2.4
      vertex -13.722 -19.597 2.4
    endloop
  endfacet
  facet normal -0.537309 -0.843385 -0
    outer loop
      vertex -11.9618 -20.7184 2.4
      vertex -13.722 -19.597 0
      vertex -11.9618 -20.7184 0
    endloop
  endfacet
  facet normal -0.461739 -0.887016 0
    outer loop
      vertex -11.9618 -20.7184 0
      vertex -10.1105 -21.6821 2.4
      vertex -11.9618 -20.7184 2.4
    endloop
  endfacet
  facet normal -0.461739 -0.887016 -0
    outer loop
      vertex -10.1105 -21.6821 2.4
      vertex -11.9618 -20.7184 0
      vertex -10.1105 -21.6821 0
    endloop
  endfacet
  facet normal -0.382694 -0.923875 0
    outer loop
      vertex -10.1105 -21.6821 0
      vertex -8.18233 -22.4808 2.4
      vertex -10.1105 -21.6821 2.4
    endloop
  endfacet
  facet normal -0.382694 -0.923875 -0
    outer loop
      vertex -8.18233 -22.4808 2.4
      vertex -10.1105 -21.6821 0
      vertex -8.18233 -22.4808 0
    endloop
  endfacet
  facet normal -0.300709 -0.953716 0
    outer loop
      vertex -8.18233 -22.4808 0
      vertex -6.19186 -23.1084 2.4
      vertex -8.18233 -22.4808 2.4
    endloop
  endfacet
  facet normal -0.300709 -0.953716 -0
    outer loop
      vertex -6.19186 -23.1084 2.4
      vertex -8.18233 -22.4808 0
      vertex -6.19186 -23.1084 0
    endloop
  endfacet
  facet normal -0.216429 -0.976298 0
    outer loop
      vertex -6.19186 -23.1084 0
      vertex -4.15427 -23.5601 2.4
      vertex -6.19186 -23.1084 2.4
    endloop
  endfacet
  facet normal -0.216429 -0.976298 -0
    outer loop
      vertex -4.15427 -23.5601 2.4
      vertex -6.19186 -23.1084 0
      vertex -4.15427 -23.5601 0
    endloop
  endfacet
  facet normal -0.130519 -0.991446 0
    outer loop
      vertex -4.15427 -23.5601 0
      vertex -2.08507 -23.8325 2.4
      vertex -4.15427 -23.5601 2.4
    endloop
  endfacet
  facet normal -0.130519 -0.991446 -0
    outer loop
      vertex -2.08507 -23.8325 2.4
      vertex -4.15427 -23.5601 0
      vertex -2.08507 -23.8325 0
    endloop
  endfacet
  facet normal -0.0434525 -0.999055 0
    outer loop
      vertex -2.08507 -23.8325 0
      vertex -2 -23.8362 2.4
      vertex -2.08507 -23.8325 2.4
    endloop
  endfacet
  facet normal -0.0434525 -0.999055 -0
    outer loop
      vertex -2 -23.8362 2.4
      vertex -2.08507 -23.8325 0
      vertex -2 -23.8362 0
    endloop
  endfacet
  facet normal -1 0 0
    outer loop
      vertex -2 -30.4597 0
      vertex -2 -23.8362 2.4
      vertex -2 -23.8362 0
    endloop
  endfacet
  facet normal -1 -0 0
    outer loop
      vertex -2 -23.8362 2.4
      vertex -2 -30.4597 0
      vertex -2 -30.4597 2.4
    endloop
  endfacet
  facet normal 0.0435917 0.999049 -0
    outer loop
      vertex -2 -30.4597 0
      vertex -2.66234 -30.4308 2.4
      vertex -2 -30.4597 2.4
    endloop
  endfacet
  facet normal 0.0435917 0.999049 0
    outer loop
      vertex -2.66234 -30.4308 2.4
      vertex -2 -30.4597 0
      vertex -2.66234 -30.4308 0
    endloop
  endfacet
  facet normal 0.0434525 -0.999055 0
    outer loop
      vertex 2 -23.8362 0
      vertex 2.08507 -23.8325 2.4
      vertex 2 -23.8362 2.4
    endloop
  endfacet
  facet normal 0.0434525 -0.999055 0
    outer loop
      vertex 2.08507 -23.8325 2.4
      vertex 2 -23.8362 0
      vertex 2.08507 -23.8325 0
    endloop
  endfacet
  facet normal 0.130519 -0.991446 0
    outer loop
      vertex 2.08507 -23.8325 0
      vertex 4.15427 -23.5601 2.4
      vertex 2.08507 -23.8325 2.4
    endloop
  endfacet
  facet normal 0.130519 -0.991446 0
    outer loop
      vertex 4.15427 -23.5601 2.4
      vertex 2.08507 -23.8325 0
      vertex 4.15427 -23.5601 0
    endloop
  endfacet
  facet normal 0.216429 -0.976298 0
    outer loop
      vertex 4.15427 -23.5601 0
      vertex 6.19186 -23.1084 2.4
      vertex 4.15427 -23.5601 2.4
    endloop
  endfacet
  facet normal 0.216429 -0.976298 0
    outer loop
      vertex 6.19186 -23.1084 2.4
      vertex 4.15427 -23.5601 0
      vertex 6.19186 -23.1084 0
    endloop
  endfacet
  facet normal 0.300709 -0.953716 0
    outer loop
      vertex 6.19186 -23.1084 0
      vertex 8.18233 -22.4808 2.4
      vertex 6.19186 -23.1084 2.4
    endloop
  endfacet
  facet normal 0.300709 -0.953716 0
    outer loop
      vertex 8.18233 -22.4808 2.4
      vertex 6.19186 -23.1084 0
      vertex 8.18233 -22.4808 0
    endloop
  endfacet
  facet normal 0.382694 -0.923875 0
    outer loop
      vertex 8.18233 -22.4808 0
      vertex 10.1105 -21.6821 2.4
      vertex 8.18233 -22.4808 2.4
    endloop
  endfacet
  facet normal 0.382694 -0.923875 0
    outer loop
      vertex 10.1105 -21.6821 2.4
      vertex 8.18233 -22.4808 0
      vertex 10.1105 -21.6821 0
    endloop
  endfacet
  facet normal 0.461739 -0.887016 0
    outer loop
      vertex 10.1105 -21.6821 0
      vertex 11.9618 -20.7184 2.4
      vertex 10.1105 -21.6821 2.4
    endloop
  endfacet
  facet normal 0.461739 -0.887016 0
    outer loop
      vertex 11.9618 -20.7184 2.4
      vertex 10.1105 -21.6821 0
      vertex 11.9618 -20.7184 0
    endloop
  endfacet
  facet normal 0.537309 -0.843385 0
    outer loop
      vertex 11.9618 -20.7184 0
      vertex 13.722 -19.597 2.4
      vertex 11.9618 -20.7184 2.4
    endloop
  endfacet
  facet normal 0.537309 -0.843385 0
    outer loop
      vertex 13.722 -19.597 2.4
      vertex 11.9618 -20.7184 0
      vertex 13.722 -19.597 0
    endloop
  endfacet
  facet normal 0.608772 -0.793345 0
    outer loop
      vertex 13.722 -19.597 0
      vertex 15.3777 -18.3265 2.4
      vertex 13.722 -19.597 2.4
    endloop
  endfacet
  facet normal 0.608772 -0.793345 0
    outer loop
      vertex 15.3777 -18.3265 2.4
      vertex 13.722 -19.597 0
      vertex 15.3777 -18.3265 0
    endloop
  endfacet
  facet normal 0.675299 -0.737544 0
    outer loop
      vertex 15.3777 -18.3265 0
      vertex 15.4405 -18.269 2.4
      vertex 15.3777 -18.3265 2.4
    endloop
  endfacet
  facet normal 0.675299 -0.737544 0
    outer loop
      vertex 15.4405 -18.269 2.4
      vertex 15.3777 -18.3265 0
      vertex 15.4405 -18.269 0
    endloop
  endfacet
  facet normal -0.707099 -0.707114 0
    outer loop
      vertex 20.1241 -22.9525 0
      vertex 15.4405 -18.269 2.4
      vertex 15.4405 -18.269 0
    endloop
  endfacet
  facet normal -0.707099 -0.707114 0
    outer loop
      vertex 15.4405 -18.269 2.4
      vertex 20.1241 -22.9525 0
      vertex 20.1241 -22.9525 2.4
    endloop
  endfacet
  facet normal -0.675588 0.737279 0
    outer loop
      vertex 20.1241 -22.9525 0
      vertex 19.6353 -23.4004 2.4
      vertex 20.1241 -22.9525 2.4
    endloop
  endfacet
  facet normal -0.675588 0.737279 0
    outer loop
      vertex 19.6353 -23.4004 2.4
      vertex 20.1241 -22.9525 0
      vertex 19.6353 -23.4004 0
    endloop
  endfacet
  facet normal -0.608766 0.79335 0
    outer loop
      vertex 19.6353 -23.4004 0
      vertex 17.5211 -25.0227 2.4
      vertex 19.6353 -23.4004 2.4
    endloop
  endfacet
  facet normal -0.608766 0.79335 0
    outer loop
      vertex 17.5211 -25.0227 2.4
      vertex 19.6353 -23.4004 0
      vertex 17.5211 -25.0227 0
    endloop
  endfacet
  facet normal -0.537278 0.843405 0
    outer loop
      vertex 17.5211 -25.0227 0
      vertex 15.2735 -26.4545 2.4
      vertex 17.5211 -25.0227 2.4
    endloop
  endfacet
  facet normal -0.537278 0.843405 0
    outer loop
      vertex 15.2735 -26.4545 2.4
      vertex 17.5211 -25.0227 0
      vertex 15.2735 -26.4545 0
    endloop
  endfacet
  facet normal -0.461744 0.887013 0
    outer loop
      vertex 15.2735 -26.4545 0
      vertex 12.9097 -27.685 2.4
      vertex 15.2735 -26.4545 2.4
    endloop
  endfacet
  facet normal -0.461744 0.887013 0
    outer loop
      vertex 12.9097 -27.685 2.4
      vertex 15.2735 -26.4545 0
      vertex 12.9097 -27.685 0
    endloop
  endfacet
  facet normal -0.382685 0.923879 0
    outer loop
      vertex 12.9097 -27.685 0
      vertex 10.4477 -28.7048 2.4
      vertex 12.9097 -27.685 2.4
    endloop
  endfacet
  facet normal -0.382685 0.923879 0
    outer loop
      vertex 10.4477 -28.7048 2.4
      vertex 12.9097 -27.685 0
      vertex 10.4477 -28.7048 0
    endloop
  endfacet
  facet normal -0.300725 0.953711 0
    outer loop
      vertex 10.4477 -28.7048 0
      vertex 7.90616 -29.5062 2.4
      vertex 10.4477 -28.7048 2.4
    endloop
  endfacet
  facet normal -0.300725 0.953711 0
    outer loop
      vertex 7.90616 -29.5062 2.4
      vertex 10.4477 -28.7048 0
      vertex 7.90616 -29.5062 0
    endloop
  endfacet
  facet normal -0.216443 0.976295 0
    outer loop
      vertex 7.90616 -29.5062 0
      vertex 5.30443 -30.083 2.4
      vertex 7.90616 -29.5062 2.4
    endloop
  endfacet
  facet normal -0.216443 0.976295 0
    outer loop
      vertex 5.30443 -30.083 2.4
      vertex 7.90616 -29.5062 0
      vertex 5.30443 -30.083 0
    endloop
  endfacet
  facet normal -0.130512 0.991447 0
    outer loop
      vertex 5.30443 -30.083 0
      vertex 2.66234 -30.4308 2.4
      vertex 5.30443 -30.083 2.4
    endloop
  endfacet
  facet normal -0.130512 0.991447 0
    outer loop
      vertex 2.66234 -30.4308 2.4
      vertex 5.30443 -30.083 0
      vertex 2.66234 -30.4308 0
    endloop
  endfacet
  facet normal -0.0435917 0.999049 0
    outer loop
      vertex 2.66234 -30.4308 0
      vertex 2 -30.4597 2.4
      vertex 2.66234 -30.4308 2.4
    endloop
  endfacet
  facet normal -0.0435917 0.999049 0
    outer loop
      vertex 2 -30.4597 2.4
      vertex 2.66234 -30.4308 0
      vertex 2 -30.4597 0
    endloop
  endfacet
  facet normal 1 -0 0
    outer loop
      vertex 2 -30.4597 2.4
      vertex 2 -23.8362 0
      vertex 2 -23.8362 2.4
    endloop
  endfacet
  facet normal 1 0 0
    outer loop
      vertex 2 -23.8362 0
      vertex 2 -30.4597 2.4
      vertex 2 -30.4597 0
    endloop
  endfacet
  facet normal 0.130552 0.991441 -0
    outer loop
      vertex -3.43137 -39.2208 0
      vertex -6.83662 -38.7724 2.4
      vertex -3.43137 -39.2208 2.4
    endloop
  endfacet
  facet normal 0.130552 0.991441 0
    outer loop
      vertex -6.83662 -38.7724 2.4
      vertex -3.43137 -39.2208 0
      vertex -6.83662 -38.7724 0
    endloop
  endfacet
  facet normal 0.216417 0.976301 -0
    outer loop
      vertex -6.83662 -38.7724 0
      vertex -10.1898 -38.0291 2.4
      vertex -6.83662 -38.7724 2.4
    endloop
  endfacet
  facet normal 0.216417 0.976301 0
    outer loop
      vertex -10.1898 -38.0291 2.4
      vertex -6.83662 -38.7724 0
      vertex -10.1898 -38.0291 0
    endloop
  endfacet
  facet normal 0.300726 0.953711 -0
    outer loop
      vertex -10.1898 -38.0291 0
      vertex -13.4655 -36.9962 2.4
      vertex -10.1898 -38.0291 2.4
    endloop
  endfacet
  facet normal 0.300726 0.953711 0
    outer loop
      vertex -13.4655 -36.9962 2.4
      vertex -10.1898 -38.0291 0
      vertex -13.4655 -36.9962 0
    endloop
  endfacet
  facet normal 0.382663 0.923888 -0
    outer loop
      vertex -13.4655 -36.9962 0
      vertex -16.6387 -35.6819 2.4
      vertex -13.4655 -36.9962 2.4
    endloop
  endfacet
  facet normal 0.382663 0.923888 0
    outer loop
      vertex -16.6387 -35.6819 2.4
      vertex -13.4655 -36.9962 0
      vertex -16.6387 -35.6819 0
    endloop
  endfacet
  facet normal 0.461758 0.887006 -0
    outer loop
      vertex -16.6387 -35.6819 0
      vertex -19.6853 -34.0959 2.4
      vertex -16.6387 -35.6819 2.4
    endloop
  endfacet
  facet normal 0.461758 0.887006 0
    outer loop
      vertex -19.6853 -34.0959 2.4
      vertex -16.6387 -35.6819 0
      vertex -19.6853 -34.0959 0
    endloop
  endfacet
  facet normal 0.537299 0.843392 -0
    outer loop
      vertex -19.6853 -34.0959 0
      vertex -22.582 -32.2505 2.4
      vertex -19.6853 -34.0959 2.4
    endloop
  endfacet
  facet normal 0.537299 0.843392 0
    outer loop
      vertex -22.582 -32.2505 2.4
      vertex -19.6853 -34.0959 0
      vertex -22.582 -32.2505 0
    endloop
  endfacet
  facet normal 0.608763 0.793352 -0
    outer loop
      vertex -22.582 -32.2505 0
      vertex -25.3069 -30.1596 2.4
      vertex -22.582 -32.2505 2.4
    endloop
  endfacet
  facet normal 0.608763 0.793352 0
    outer loop
      vertex -25.3069 -30.1596 2.4
      vertex -22.582 -32.2505 0
      vertex -25.3069 -30.1596 0
    endloop
  endfacet
  facet normal 0.675582 0.737285 -0
    outer loop
      vertex -25.3069 -30.1596 0
      vertex -26.3632 -29.1917 2.4
      vertex -25.3069 -30.1596 2.4
    endloop
  endfacet
  facet normal 0.675582 0.737285 0
    outer loop
      vertex -26.3632 -29.1917 2.4
      vertex -25.3069 -30.1596 0
      vertex -26.3632 -29.1917 0
    endloop
  endfacet
  facet normal 0.707114 -0.707099 0
    outer loop
      vertex -26.3632 -29.1917 2.4
      vertex -21.6797 -24.5081 0
      vertex -21.6797 -24.5081 2.4
    endloop
  endfacet
  facet normal 0.707114 -0.707099 0
    outer loop
      vertex -21.6797 -24.5081 0
      vertex -26.3632 -29.1917 2.4
      vertex -26.3632 -29.1917 0
    endloop
  endfacet
  facet normal -0.675613 -0.737256 0
    outer loop
      vertex -21.6797 -24.5081 0
      vertex -21.0494 -25.0857 2.4
      vertex -21.6797 -24.5081 2.4
    endloop
  endfacet
  facet normal -0.675613 -0.737256 -0
    outer loop
      vertex -21.0494 -25.0857 2.4
      vertex -21.6797 -24.5081 0
      vertex -21.0494 -25.0857 0
    endloop
  endfacet
  facet normal -0.608751 -0.793361 0
    outer loop
      vertex -21.0494 -25.0857 0
      vertex -18.7829 -26.8248 2.4
      vertex -21.0494 -25.0857 2.4
    endloop
  endfacet
  facet normal -0.608751 -0.793361 -0
    outer loop
      vertex -18.7829 -26.8248 2.4
      vertex -21.0494 -25.0857 0
      vertex -18.7829 -26.8248 0
    endloop
  endfacet
  facet normal -0.53731 -0.843385 0
    outer loop
      vertex -18.7829 -26.8248 0
      vertex -16.3735 -28.3598 2.4
      vertex -18.7829 -26.8248 2.4
    endloop
  endfacet
  facet normal -0.53731 -0.843385 -0
    outer loop
      vertex -16.3735 -28.3598 2.4
      vertex -18.7829 -26.8248 0
      vertex -16.3735 -28.3598 0
    endloop
  endfacet
  facet normal -0.461744 -0.887013 0
    outer loop
      vertex -16.3735 -28.3598 0
      vertex -13.8395 -29.6789 2.4
      vertex -16.3735 -28.3598 2.4
    endloop
  endfacet
  facet normal -0.461744 -0.887013 -0
    outer loop
      vertex -13.8395 -29.6789 2.4
      vertex -16.3735 -28.3598 0
      vertex -13.8395 -29.6789 0
    endloop
  endfacet
  facet normal -0.382691 -0.923876 0
    outer loop
      vertex -13.8395 -29.6789 0
      vertex -11.2001 -30.7722 2.4
      vertex -13.8395 -29.6789 2.4
    endloop
  endfacet
  facet normal -0.382691 -0.923876 -0
    outer loop
      vertex -11.2001 -30.7722 2.4
      vertex -13.8395 -29.6789 0
      vertex -11.2001 -30.7722 0
    endloop
  endfacet
  facet normal -0.300692 -0.953721 0
    outer loop
      vertex -11.2001 -30.7722 0
      vertex -8.47556 -31.6312 2.4
      vertex -11.2001 -30.7722 2.4
    endloop
  endfacet
  facet normal -0.300692 -0.953721 -0
    outer loop
      vertex -8.47556 -31.6312 2.4
      vertex -11.2001 -30.7722 0
      vertex -8.47556 -31.6312 0
    endloop
  endfacet
  facet normal -0.21643 -0.976298 0
    outer loop
      vertex -8.47556 -31.6312 0
      vertex -5.68646 -32.2495 2.4
      vertex -8.47556 -31.6312 2.4
    endloop
  endfacet
  facet normal -0.21643 -0.976298 -0
    outer loop
      vertex -5.68646 -32.2495 2.4
      vertex -8.47556 -31.6312 0
      vertex -5.68646 -32.2495 0
    endloop
  endfacet
  facet normal -0.13053 -0.991444 0
    outer loop
      vertex -5.68646 -32.2495 0
      vertex -2.85408 -32.6224 2.4
      vertex -5.68646 -32.2495 2.4
    endloop
  endfacet
  facet normal -0.13053 -0.991444 -0
    outer loop
      vertex -2.85408 -32.6224 2.4
      vertex -5.68646 -32.2495 0
      vertex -2.85408 -32.6224 0
    endloop
  endfacet
  facet normal -0.0436311 -0.999048 0
    outer loop
      vertex -2.85408 -32.6224 0
      vertex -2 -32.6597 2.4
      vertex -2.85408 -32.6224 2.4
    endloop
  endfacet
  facet normal -0.0436311 -0.999048 -0
    outer loop
      vertex -2 -32.6597 2.4
      vertex -2.85408 -32.6224 0
      vertex -2 -32.6597 0
    endloop
  endfacet
  facet normal -1 0 0
    outer loop
      vertex -2 -39.2832 0
      vertex -2 -32.6597 2.4
      vertex -2 -32.6597 0
    endloop
  endfacet
  facet normal -1 -0 0
    outer loop
      vertex -2 -32.6597 2.4
      vertex -2 -39.2832 0
      vertex -2 -39.2832 2.4
    endloop
  endfacet
  facet normal 0.0435532 0.999051 -0
    outer loop
      vertex -2 -39.2832 0
      vertex -3.43137 -39.2208 2.4
      vertex -2 -39.2832 2.4
    endloop
  endfacet
  facet normal 0.0435532 0.999051 0
    outer loop
      vertex -3.43137 -39.2208 2.4
      vertex -2 -39.2832 0
      vertex -3.43137 -39.2208 0
    endloop
  endfacet
  facet normal 0.0436311 -0.999048 0
    outer loop
      vertex 2 -32.6597 0
      vertex 2.85408 -32.6224 2.4
      vertex 2 -32.6597 2.4
    endloop
  endfacet
  facet normal 0.0436311 -0.999048 0
    outer loop
      vertex 2.85408 -32.6224 2.4
      vertex 2 -32.6597 0
      vertex 2.85408 -32.6224 0
    endloop
  endfacet
  facet normal 0.13053 -0.991444 0
    outer loop
      vertex 2.85408 -32.6224 0
      vertex 5.68646 -32.2495 2.4
      vertex 2.85408 -32.6224 2.4
    endloop
  endfacet
  facet normal 0.13053 -0.991444 0
    outer loop
      vertex 5.68646 -32.2495 2.4
      vertex 2.85408 -32.6224 0
      vertex 5.68646 -32.2495 0
    endloop
  endfacet
  facet normal 0.21643 -0.976298 0
    outer loop
      vertex 5.68646 -32.2495 0
      vertex 8.47556 -31.6312 2.4
      vertex 5.68646 -32.2495 2.4
    endloop
  endfacet
  facet normal 0.21643 -0.976298 0
    outer loop
      vertex 8.47556 -31.6312 2.4
      vertex 5.68646 -32.2495 0
      vertex 8.47556 -31.6312 0
    endloop
  endfacet
  facet normal 0.300692 -0.953721 0
    outer loop
      vertex 8.47556 -31.6312 0
      vertex 11.2001 -30.7722 2.4
      vertex 8.47556 -31.6312 2.4
    endloop
  endfacet
  facet normal 0.300692 -0.953721 0
    outer loop
      vertex 11.2001 -30.7722 2.4
      vertex 8.47556 -31.6312 0
      vertex 11.2001 -30.7722 0
    endloop
  endfacet
  facet normal 0.382691 -0.923876 0
    outer loop
      vertex 11.2001 -30.7722 0
      vertex 13.8395 -29.6789 2.4
      vertex 11.2001 -30.7722 2.4
    endloop
  endfacet
  facet normal 0.382691 -0.923876 0
    outer loop
      vertex 13.8395 -29.6789 2.4
      vertex 11.2001 -30.7722 0
      vertex 13.8395 -29.6789 0
    endloop
  endfacet
  facet normal 0.461744 -0.887013 0
    outer loop
      vertex 13.8395 -29.6789 0
      vertex 16.3735 -28.3598 2.4
      vertex 13.8395 -29.6789 2.4
    endloop
  endfacet
  facet normal 0.461744 -0.887013 0
    outer loop
      vertex 16.3735 -28.3598 2.4
      vertex 13.8395 -29.6789 0
      vertex 16.3735 -28.3598 0
    endloop
  endfacet
  facet normal 0.53731 -0.843385 0
    outer loop
      vertex 16.3735 -28.3598 0
      vertex 18.7829 -26.8248 2.4
      vertex 16.3735 -28.3598 2.4
    endloop
  endfacet
  facet normal 0.53731 -0.843385 0
    outer loop
      vertex 18.7829 -26.8248 2.4
      vertex 16.3735 -28.3598 0
      vertex 18.7829 -26.8248 0
    endloop
  endfacet
  facet normal 0.608751 -0.793361 0
    outer loop
      vertex 18.7829 -26.8248 0
      vertex 21.0494 -25.0857 2.4
      vertex 18.7829 -26.8248 2.4
    endloop
  endfacet
  facet normal 0.608751 -0.793361 0
    outer loop
      vertex 21.0494 -25.0857 2.4
      vertex 18.7829 -26.8248 0
      vertex 21.0494 -25.0857 0
    endloop
  endfacet
  facet normal 0.675613 -0.737256 0
    outer loop
      vertex 21.0494 -25.0857 0
      vertex 21.6797 -24.5081 2.4
      vertex 21.0494 -25.0857 2.4
    endloop
  endfacet
  facet normal 0.675613 -0.737256 0
    outer loop
      vertex 21.6797 -24.5081 2.4
      vertex 21.0494 -25.0857 0
      vertex 21.6797 -24.5081 0
    endloop
  endfacet
  facet normal -0.707114 -0.707099 0
    outer loop
      vertex 26.3632 -29.1917 0
      vertex 21.6797 -24.5081 2.4
      vertex 21.6797 -24.5081 0
    endloop
  endfacet
  facet normal -0.707114 -0.707099 0
    outer loop
      vertex 21.6797 -24.5081 2.4
      vertex 26.3632 -29.1917 0
      vertex 26.3632 -29.1917 2.4
    endloop
  endfacet
  facet normal -0.675582 0.737285 0
    outer loop
      vertex 26.3632 -29.1917 0
      vertex 25.3069 -30.1596 2.4
      vertex 26.3632 -29.1917 2.4
    endloop
  endfacet
  facet normal -0.675582 0.737285 0
    outer loop
      vertex 25.3069 -30.1596 2.4
      vertex 26.3632 -29.1917 0
      vertex 25.3069 -30.1596 0
    endloop
  endfacet
  facet normal -0.60877 0.793347 0
    outer loop
      vertex 25.3069 -30.1596 0
      vertex 22.7628 -32.1118 2.4
      vertex 25.3069 -30.1596 2.4
    endloop
  endfacet
  facet normal -0.60877 0.793347 0
    outer loop
      vertex 22.7628 -32.1118 2.4
      vertex 25.3069 -30.1596 0
      vertex 22.7628 -32.1118 0
    endloop
  endfacet
  facet normal -0.382659 0.92389 0
    outer loop
      vertex 16.4282 -35.7691 0
      vertex 13.4655 -36.9962 2.4
      vertex 16.4282 -35.7691 2.4
    endloop
  endfacet
  facet normal -0.382659 0.92389 0
    outer loop
      vertex 13.4655 -36.9962 2.4
      vertex 16.4282 -35.7691 0
      vertex 13.4655 -36.9962 0
    endloop
  endfacet
  facet normal -0.300726 0.953711 0
    outer loop
      vertex 13.4655 -36.9962 0
      vertex 10.1898 -38.0291 2.4
      vertex 13.4655 -36.9962 2.4
    endloop
  endfacet
  facet normal -0.300726 0.953711 0
    outer loop
      vertex 10.1898 -38.0291 2.4
      vertex 13.4655 -36.9962 0
      vertex 10.1898 -38.0291 0
    endloop
  endfacet
  facet normal -0.216417 0.976301 0
    outer loop
      vertex 10.1898 -38.0291 0
      vertex 6.83662 -38.7724 2.4
      vertex 10.1898 -38.0291 2.4
    endloop
  endfacet
  facet normal -0.216417 0.976301 0
    outer loop
      vertex 6.83662 -38.7724 2.4
      vertex 10.1898 -38.0291 0
      vertex 6.83662 -38.7724 0
    endloop
  endfacet
  facet normal -0.130552 0.991441 0
    outer loop
      vertex 6.83662 -38.7724 0
      vertex 3.43137 -39.2208 2.4
      vertex 6.83662 -38.7724 2.4
    endloop
  endfacet
  facet normal -0.130552 0.991441 0
    outer loop
      vertex 3.43137 -39.2208 2.4
      vertex 6.83662 -38.7724 0
      vertex 3.43137 -39.2208 0
    endloop
  endfacet
  facet normal -0.0435532 0.999051 0
    outer loop
      vertex 3.43137 -39.2208 0
      vertex 2 -39.2832 2.4
      vertex 3.43137 -39.2208 2.4
    endloop
  endfacet
  facet normal -0.0435532 0.999051 0
    outer loop
      vertex 2 -39.2832 2.4
      vertex 3.43137 -39.2208 0
      vertex 2 -39.2832 0
    endloop
  endfacet
  facet normal 1 -0 0
    outer loop
      vertex 2 -39.2832 2.4
      vertex 2 -32.6597 0
      vertex 2 -32.6597 2.4
    endloop
  endfacet
  facet normal 1 0 0
    outer loop
      vertex 2 -32.6597 0
      vertex 2 -39.2832 2.4
      vertex 2 -39.2832 0
    endloop
  endfacet
  facet normal 0.130545 0.991442 -0
    outer loop
      vertex -3.83484 -43.8326 0
      vertex -7.64052 -43.3315 2.3
      vertex -3.83484 -43.8326 2.3
    endloop
  endfacet
  facet normal 0.130545 0.991442 0
    outer loop
      vertex -7.64052 -43.3315 2.3
      vertex -3.83484 -43.8326 0
      vertex -7.64052 -43.3315 0
    endloop
  endfacet
  facet normal 0.216441 0.976296 -0
    outer loop
      vertex -7.64052 -43.3315 0
      vertex -11.388 -42.5007 2.3
      vertex -7.64052 -43.3315 2.3
    endloop
  endfacet
  facet normal 0.216441 0.976296 0
    outer loop
      vertex -11.388 -42.5007 2.3
      vertex -7.64052 -43.3315 0
      vertex -11.388 -42.5007 0
    endloop
  endfacet
  facet normal 0.300687 0.953723 -0
    outer loop
      vertex -11.388 -42.5007 0
      vertex -15.0489 -41.3465 2.3
      vertex -11.388 -42.5007 2.3
    endloop
  endfacet
  facet normal 0.300687 0.953723 0
    outer loop
      vertex -15.0489 -41.3465 2.3
      vertex -11.388 -42.5007 0
      vertex -15.0489 -41.3465 0
    endloop
  endfacet
  facet normal 0.3827 0.923873 -0
    outer loop
      vertex -15.0489 -41.3465 0
      vertex -18.5952 -39.8775 2.3
      vertex -15.0489 -41.3465 2.3
    endloop
  endfacet
  facet normal 0.3827 0.923873 0
    outer loop
      vertex -18.5952 -39.8775 2.3
      vertex -15.0489 -41.3465 0
      vertex -18.5952 -39.8775 0
    endloop
  endfacet
  facet normal 0.461743 0.887014 -0
    outer loop
      vertex -18.5952 -39.8775 0
      vertex -22 -38.1051 2.3
      vertex -18.5952 -39.8775 2.3
    endloop
  endfacet
  facet normal 0.461743 0.887014 0
    outer loop
      vertex -22 -38.1051 2.3
      vertex -18.5952 -39.8775 0
      vertex -22 -38.1051 0
    endloop
  endfacet
  facet normal 0.53729 0.843397 -0
    outer loop
      vertex -22 -38.1051 0
      vertex -25.2374 -36.0427 2.3
      vertex -22 -38.1051 2.3
    endloop
  endfacet
  facet normal 0.53729 0.843397 0
    outer loop
      vertex -25.2374 -36.0427 2.3
      vertex -22 -38.1051 0
      vertex -25.2374 -36.0427 0
    endloop
  endfacet
  facet normal 0.608771 0.793346 -0
    outer loop
      vertex -25.2374 -36.0427 0
      vertex -28.2827 -33.7059 2.3
      vertex -25.2374 -36.0427 2.3
    endloop
  endfacet
  facet normal 0.608771 0.793346 0
    outer loop
      vertex -28.2827 -33.7059 2.3
      vertex -25.2374 -36.0427 0
      vertex -28.2827 -33.7059 0
    endloop
  endfacet
  facet normal 0.675587 0.737281 -0
    outer loop
      vertex -28.2827 -33.7059 0
      vertex -29.6367 -32.4652 2.3
      vertex -28.2827 -33.7059 2.3
    endloop
  endfacet
  facet normal 0.675587 0.737281 0
    outer loop
      vertex -29.6367 -32.4652 2.3
      vertex -28.2827 -33.7059 0
      vertex -29.6367 -32.4652 0
    endloop
  endfacet
  facet normal 0.707107 -0.707107 0
    outer loop
      vertex -27.9397 -30.7681 2.3
      vertex -27.9189 -30.7473 2.4
      vertex -27.9397 -30.7681 2.4
    endloop
  endfacet
  facet normal 0.707107 -0.707107 0
    outer loop
      vertex -27.9189 -30.7473 2.4
      vertex -27.9397 -30.7681 2.3
      vertex -27.9189 -30.7473 0
    endloop
  endfacet
  facet normal 0.707128 -0.707086 3.76813e-07
    outer loop
      vertex -29.6367 -32.4652 2.3
      vertex -27.9189 -30.7473 0
      vertex -27.9397 -30.7681 2.3
    endloop
  endfacet
  facet normal 0.707127 -0.707086 0
    outer loop
      vertex -27.9189 -30.7473 0
      vertex -29.6367 -32.4652 2.3
      vertex -29.6367 -32.4652 0
    endloop
  endfacet
  facet normal -0.675596 -0.737272 0
    outer loop
      vertex -27.9189 -30.7473 0
      vertex -26.7211 -31.8449 2.4
      vertex -27.9189 -30.7473 2.4
    endloop
  endfacet
  facet normal -0.675596 -0.737272 -0
    outer loop
      vertex -26.7211 -31.8449 2.4
      vertex -27.9189 -30.7473 0
      vertex -26.7211 -31.8449 0
    endloop
  endfacet
  facet normal -0.608752 -0.79336 0
    outer loop
      vertex -26.7211 -31.8449 0
      vertex -23.8439 -34.0526 2.4
      vertex -26.7211 -31.8449 2.4
    endloop
  endfacet
  facet normal -0.608752 -0.79336 -0
    outer loop
      vertex -23.8439 -34.0526 2.4
      vertex -26.7211 -31.8449 0
      vertex -23.8439 -34.0526 0
    endloop
  endfacet
  facet normal -0.537311 -0.843384 0
    outer loop
      vertex -23.8439 -34.0526 0
      vertex -20.7853 -36.0012 2.4
      vertex -23.8439 -34.0526 2.4
    endloop
  endfacet
  facet normal -0.537311 -0.843384 -0
    outer loop
      vertex -20.7853 -36.0012 2.4
      vertex -23.8439 -34.0526 0
      vertex -20.7853 -36.0012 0
    endloop
  endfacet
  facet normal -0.461736 -0.887018 0
    outer loop
      vertex -20.7853 -36.0012 0
      vertex -17.5685 -37.6757 2.4
      vertex -20.7853 -36.0012 2.4
    endloop
  endfacet
  facet normal -0.461736 -0.887018 -0
    outer loop
      vertex -17.5685 -37.6757 2.4
      vertex -20.7853 -36.0012 0
      vertex -17.5685 -37.6757 0
    endloop
  endfacet
  facet normal -0.382702 -0.923872 0
    outer loop
      vertex -17.5685 -37.6757 0
      vertex -14.218 -39.0636 2.4
      vertex -17.5685 -37.6757 2.4
    endloop
  endfacet
  facet normal -0.382702 -0.923872 -0
    outer loop
      vertex -14.218 -39.0636 2.4
      vertex -17.5685 -37.6757 0
      vertex -14.218 -39.0636 0
    endloop
  endfacet
  facet normal -0.300692 -0.953721 0
    outer loop
      vertex -14.218 -39.0636 0
      vertex -10.7592 -40.1541 2.4
      vertex -14.218 -39.0636 2.4
    endloop
  endfacet
  facet normal -0.300692 -0.953721 -0
    outer loop
      vertex -10.7592 -40.1541 2.4
      vertex -14.218 -39.0636 0
      vertex -10.7592 -40.1541 0
    endloop
  endfacet
  facet normal -0.216434 -0.976297 0
    outer loop
      vertex -10.7592 -40.1541 0
      vertex -7.21864 -40.939 2.4
      vertex -10.7592 -40.1541 2.4
    endloop
  endfacet
  facet normal -0.216434 -0.976297 -0
    outer loop
      vertex -7.21864 -40.939 2.4
      vertex -10.7592 -40.1541 0
      vertex -7.21864 -40.939 0
    endloop
  endfacet
  facet normal -0.130537 -0.991443 0
    outer loop
      vertex -7.21864 -40.939 0
      vertex -3.62311 -41.4124 2.4
      vertex -7.21864 -40.939 2.4
    endloop
  endfacet
  facet normal -0.130537 -0.991443 -0
    outer loop
      vertex -3.62311 -41.4124 2.4
      vertex -7.21864 -40.939 0
      vertex -3.62311 -41.4124 0
    endloop
  endfacet
  facet normal -0.04364 -0.999047 0
    outer loop
      vertex -3.62311 -41.4124 0
      vertex -2 -41.4833 2.4
      vertex -3.62311 -41.4124 2.4
    endloop
  endfacet
  facet normal -0.04364 -0.999047 -0
    outer loop
      vertex -2 -41.4833 2.4
      vertex -3.62311 -41.4124 0
      vertex -2 -41.4833 0
    endloop
  endfacet
  facet normal -1 0 0
    outer loop
      vertex -2 -41.4833 0
      vertex -2 -41.5127 2.3
      vertex -2 -41.4833 2.4
    endloop
  endfacet
  facet normal -1 0 0
    outer loop
      vertex -2 -43.9127 0
      vertex -2 -41.5127 2.3
      vertex -2 -41.4833 0
    endloop
  endfacet
  facet normal -1 -0 0
    outer loop
      vertex -2 -41.5127 2.3
      vertex -2 -43.9127 0
      vertex -2 -43.9127 2.3
    endloop
  endfacet
  facet normal -1 -0 0
    outer loop
      vertex -2 -41.4833 2.4
      vertex -2 -41.5127 2.3
      vertex -2 -41.5127 2.4
    endloop
  endfacet
  facet normal 0.0436135 0.999048 -0
    outer loop
      vertex -2 -43.9127 0
      vertex -3.83484 -43.8326 2.3
      vertex -2 -43.9127 2.3
    endloop
  endfacet
  facet normal 0.0436135 0.999048 0
    outer loop
      vertex -3.83484 -43.8326 2.3
      vertex -2 -43.9127 0
      vertex -3.83484 -43.8326 0
    endloop
  endfacet
  facet normal 0.04364 -0.999047 0
    outer loop
      vertex 2 -41.4833 0
      vertex 3.62311 -41.4124 2.4
      vertex 2 -41.4833 2.4
    endloop
  endfacet
  facet normal 0.04364 -0.999047 0
    outer loop
      vertex 3.62311 -41.4124 2.4
      vertex 2 -41.4833 0
      vertex 3.62311 -41.4124 0
    endloop
  endfacet
  facet normal 0.130537 -0.991443 0
    outer loop
      vertex 3.62311 -41.4124 0
      vertex 7.21864 -40.939 2.4
      vertex 3.62311 -41.4124 2.4
    endloop
  endfacet
  facet normal 0.130537 -0.991443 0
    outer loop
      vertex 7.21864 -40.939 2.4
      vertex 3.62311 -41.4124 0
      vertex 7.21864 -40.939 0
    endloop
  endfacet
  facet normal 0.216434 -0.976297 0
    outer loop
      vertex 7.21864 -40.939 0
      vertex 10.7592 -40.1541 2.4
      vertex 7.21864 -40.939 2.4
    endloop
  endfacet
  facet normal 0.216434 -0.976297 0
    outer loop
      vertex 10.7592 -40.1541 2.4
      vertex 7.21864 -40.939 0
      vertex 10.7592 -40.1541 0
    endloop
  endfacet
  facet normal 0.300692 -0.953721 0
    outer loop
      vertex 10.7592 -40.1541 0
      vertex 14.218 -39.0636 2.4
      vertex 10.7592 -40.1541 2.4
    endloop
  endfacet
  facet normal 0.300692 -0.953721 0
    outer loop
      vertex 14.218 -39.0636 2.4
      vertex 10.7592 -40.1541 0
      vertex 14.218 -39.0636 0
    endloop
  endfacet
  facet normal 0.382696 -0.923875 0
    outer loop
      vertex 14.218 -39.0636 0
      vertex 16.7818 -38.0016 2.4
      vertex 14.218 -39.0636 2.4
    endloop
  endfacet
  facet normal 0.382696 -0.923875 0
    outer loop
      vertex 16.7818 -38.0016 2.4
      vertex 14.218 -39.0636 0
      vertex 16.7818 -38.0016 0
    endloop
  endfacet
  facet normal 0.608756 -0.793357 0
    outer loop
      vertex 24.5194 -33.5343 0
      vertex 26.7211 -31.8449 2.4
      vertex 24.5194 -33.5343 2.4
    endloop
  endfacet
  facet normal 0.608756 -0.793357 0
    outer loop
      vertex 26.7211 -31.8449 2.4
      vertex 24.5194 -33.5343 0
      vertex 26.7211 -31.8449 0
    endloop
  endfacet
  facet normal 0.675596 -0.737272 0
    outer loop
      vertex 26.7211 -31.8449 0
      vertex 27.9189 -30.7473 2.4
      vertex 26.7211 -31.8449 2.4
    endloop
  endfacet
  facet normal 0.675596 -0.737272 0
    outer loop
      vertex 27.9189 -30.7473 2.4
      vertex 26.7211 -31.8449 0
      vertex 27.9189 -30.7473 0
    endloop
  endfacet
  facet normal -0.707107 -0.707107 0
    outer loop
      vertex 27.9189 -30.7473 0
      vertex 27.9397 -30.7681 2.3
      vertex 27.9189 -30.7473 2.4
    endloop
  endfacet
  facet normal -0.707127 -0.707086 3.7225e-07
    outer loop
      vertex 29.6367 -32.4652 0
      vertex 27.9397 -30.7681 2.3
      vertex 27.9189 -30.7473 0
    endloop
  endfacet
  facet normal -0.707128 -0.707086 0
    outer loop
      vertex 27.9397 -30.7681 2.3
      vertex 29.6367 -32.4652 0
      vertex 29.6367 -32.4652 2.3
    endloop
  endfacet
  facet normal -0.707107 -0.707107 0
    outer loop
      vertex 27.9189 -30.7473 2.4
      vertex 27.9397 -30.7681 2.3
      vertex 27.9397 -30.7681 2.4
    endloop
  endfacet
  facet normal -0.675587 0.737281 0
    outer loop
      vertex 29.6367 -32.4652 0
      vertex 28.2827 -33.7059 2.3
      vertex 29.6367 -32.4652 2.3
    endloop
  endfacet
  facet normal -0.675587 0.737281 0
    outer loop
      vertex 28.2827 -33.7059 2.3
      vertex 29.6367 -32.4652 0
      vertex 28.2827 -33.7059 0
    endloop
  endfacet
  facet normal -0.608765 0.79335 0
    outer loop
      vertex 28.2827 -33.7059 0
      vertex 25.3824 -35.9314 2.3
      vertex 28.2827 -33.7059 2.3
    endloop
  endfacet
  facet normal -0.608765 0.79335 0
    outer loop
      vertex 25.3824 -35.9314 2.3
      vertex 28.2827 -33.7059 0
      vertex 25.3824 -35.9314 0
    endloop
  endfacet
  facet normal -0.382692 0.923876 0
    outer loop
      vertex 18.4263 -39.9475 0
      vertex 15.0489 -41.3465 2.3
      vertex 18.4263 -39.9475 2.3
    endloop
  endfacet
  facet normal -0.382692 0.923876 0
    outer loop
      vertex 15.0489 -41.3465 2.3
      vertex 18.4263 -39.9475 0
      vertex 15.0489 -41.3465 0
    endloop
  endfacet
  facet normal -0.300687 0.953723 0
    outer loop
      vertex 15.0489 -41.3465 0
      vertex 11.388 -42.5007 2.3
      vertex 15.0489 -41.3465 2.3
    endloop
  endfacet
  facet normal -0.300687 0.953723 0
    outer loop
      vertex 11.388 -42.5007 2.3
      vertex 15.0489 -41.3465 0
      vertex 11.388 -42.5007 0
    endloop
  endfacet
  facet normal -0.216441 0.976296 0
    outer loop
      vertex 11.388 -42.5007 0
      vertex 7.64052 -43.3315 2.3
      vertex 11.388 -42.5007 2.3
    endloop
  endfacet
  facet normal -0.216441 0.976296 0
    outer loop
      vertex 7.64052 -43.3315 2.3
      vertex 11.388 -42.5007 0
      vertex 7.64052 -43.3315 0
    endloop
  endfacet
  facet normal -0.130545 0.991442 0
    outer loop
      vertex 7.64052 -43.3315 0
      vertex 3.83484 -43.8326 2.3
      vertex 7.64052 -43.3315 2.3
    endloop
  endfacet
  facet normal -0.130545 0.991442 0
    outer loop
      vertex 3.83484 -43.8326 2.3
      vertex 7.64052 -43.3315 0
      vertex 3.83484 -43.8326 0
    endloop
  endfacet
  facet normal -0.0436135 0.999048 0
    outer loop
      vertex 3.83484 -43.8326 0
      vertex 2 -43.9127 2.3
      vertex 3.83484 -43.8326 2.3
    endloop
  endfacet
  facet normal -0.0436135 0.999048 0
    outer loop
      vertex 2 -43.9127 2.3
      vertex 3.83484 -43.8326 0
      vertex 2 -43.9127 0
    endloop
  endfacet
  facet normal 1 0 0
    outer loop
      vertex 2 -41.5127 2.3
      vertex 2 -41.4833 2.4
      vertex 2 -41.5127 2.4
    endloop
  endfacet
  facet normal 1 0 0
    outer loop
      vertex 2 -41.4833 2.4
      vertex 2 -41.5127 2.3
      vertex 2 -41.4833 0
    endloop
  endfacet
  facet normal 1 0 0
    outer loop
      vertex 2 -43.9127 0
      vertex 2 -41.5127 2.3
      vertex 2 -43.9127 2.3
    endloop
  endfacet
  facet normal 1 0 0
    outer loop
      vertex 2 -41.5127 2.3
      vertex 2 -43.9127 0
      vertex 2 -41.4833 0
    endloop
  endfacet
  facet normal 0 0 -1
    outer loop
      vertex 15.0489 -41.3465 2.3
      vertex 18.1606 -39.77 2.3
      vertex 18.4263 -39.9475 2.3
    endloop
  endfacet
  facet normal 0 0 -1
    outer loop
      vertex 15.0489 -41.3465 2.3
      vertex 17.718 -39.3818 2.3
      vertex 18.1606 -39.77 2.3
    endloop
  endfacet
  facet normal 0 0 -1
    outer loop
      vertex 15.0489 -41.3465 2.3
      vertex 17.3299 -38.9393 2.3
      vertex 17.718 -39.3818 2.3
    endloop
  endfacet
  facet normal 0 0 -1
    outer loop
      vertex 14.228 -39.0912 2.3
      vertex 17.3299 -38.9393 2.3
      vertex 15.0489 -41.3465 2.3
    endloop
  endfacet
  facet normal -0 0 -1
    outer loop
      vertex 17.3299 -38.9393 2.3
      vertex 14.228 -39.0912 2.3
      vertex 17.0029 -38.4499 2.3
    endloop
  endfacet
  facet normal -0 0 -1
    outer loop
      vertex 17.0029 -38.4499 2.3
      vertex 14.228 -39.0912 2.3
      vertex 16.7948 -38.028 2.3
    endloop
  endfacet
  facet normal 0 0 -1
    outer loop
      vertex 11.388 -42.5007 2.3
      vertex 14.228 -39.0912 2.3
      vertex 15.0489 -41.3465 2.3
    endloop
  endfacet
  facet normal 0 0 -1
    outer loop
      vertex 11.388 -42.5007 2.3
      vertex 10.7669 -40.1825 2.3
      vertex 14.228 -39.0912 2.3
    endloop
  endfacet
  facet normal 0 0 -1
    outer loop
      vertex 7.64052 -43.3315 2.3
      vertex 10.7669 -40.1825 2.3
      vertex 11.388 -42.5007 2.3
    endloop
  endfacet
  facet normal 0 0 -1
    outer loop
      vertex 7.64052 -43.3315 2.3
      vertex 7.22375 -40.968 2.3
      vertex 10.7669 -40.1825 2.3
    endloop
  endfacet
  facet normal 0 0 -1
    outer loop
      vertex 3.83484 -43.8326 2.3
      vertex 7.22375 -40.968 2.3
      vertex 7.64052 -43.3315 2.3
    endloop
  endfacet
  facet normal 0 0 -1
    outer loop
      vertex 3.83484 -43.8326 2.3
      vertex 3.62567 -41.4417 2.3
      vertex 7.22375 -40.968 2.3
    endloop
  endfacet
  facet normal 0 0 -1
    outer loop
      vertex 2 -43.9127 2.3
      vertex 3.62567 -41.4417 2.3
      vertex 3.83484 -43.8326 2.3
    endloop
  endfacet
  facet normal 0 0 -1
    outer loop
      vertex 3.62567 -41.4417 2.3
      vertex 2 -43.9127 2.3
      vertex 2 -41.5127 2.3
    endloop
  endfacet
  facet normal 0 0 -1
    outer loop
      vertex 28.2827 -33.7059 2.3
      vertex 27.9397 -30.7681 2.3
      vertex 29.6367 -32.4652 2.3
    endloop
  endfacet
  facet normal 0 0 -1
    outer loop
      vertex 28.2827 -33.7059 2.3
      vertex 26.74 -31.8674 2.3
      vertex 27.9397 -30.7681 2.3
    endloop
  endfacet
  facet normal 0 0 -1
    outer loop
      vertex 25.3615 -35.6125 2.3
      vertex 28.2827 -33.7059 2.3
      vertex 25.3824 -35.9314 2.3
    endloop
  endfacet
  facet normal 0 0 -1
    outer loop
      vertex 25.2467 -35.0352 2.3
      vertex 28.2827 -33.7059 2.3
      vertex 25.3615 -35.6125 2.3
    endloop
  endfacet
  facet normal 0 0 -1
    outer loop
      vertex 25.0575 -34.4778 2.3
      vertex 28.2827 -33.7059 2.3
      vertex 25.2467 -35.0352 2.3
    endloop
  endfacet
  facet normal -0 0 -1
    outer loop
      vertex 28.2827 -33.7059 2.3
      vertex 25.0575 -34.4778 2.3
      vertex 26.74 -31.8674 2.3
    endloop
  endfacet
  facet normal 0 0 -1
    outer loop
      vertex 24.7971 -33.9499 2.3
      vertex 26.74 -31.8674 2.3
      vertex 25.0575 -34.4778 2.3
    endloop
  endfacet
  facet normal 0 0 -1
    outer loop
      vertex 26.74 -31.8674 2.3
      vertex 24.7971 -33.9499 2.3
      vertex 24.5358 -33.5588 2.3
    endloop
  endfacet
  facet normal 0 0 -1
    outer loop
      vertex 41.4417 -3.62567 2.3
      vertex 43.8326 -3.83484 2.3
      vertex 43.3315 -7.64052 2.3
    endloop
  endfacet
  facet normal 0 0 -1
    outer loop
      vertex 40.968 -7.22375 2.3
      vertex 43.3315 -7.64052 2.3
      vertex 42.5007 -11.388 2.3
    endloop
  endfacet
  facet normal 0 -0 -1
    outer loop
      vertex 41.4417 -3.62567 2.3
      vertex 43.3315 -7.64052 2.3
      vertex 40.968 -7.22375 2.3
    endloop
  endfacet
  facet normal -0 0 -1
    outer loop
      vertex 43.9127 -2 2.3
      vertex 41.4417 -3.62567 2.3
      vertex 41.5127 -2 2.3
    endloop
  endfacet
  facet normal 0 0 -1
    outer loop
      vertex 40.1825 -10.7669 2.3
      vertex 42.5007 -11.388 2.3
      vertex 41.3465 -15.0489 2.3
    endloop
  endfacet
  facet normal 0 0 -1
    outer loop
      vertex 43.8326 -3.83484 2.3
      vertex 41.4417 -3.62567 2.3
      vertex 43.9127 -2 2.3
    endloop
  endfacet
  facet normal 0 0 -1
    outer loop
      vertex 42.5007 -11.388 2.3
      vertex 40.1825 -10.7669 2.3
      vertex 40.968 -7.22375 2.3
    endloop
  endfacet
  facet normal 0 0 -1
    outer loop
      vertex 39.0912 -14.228 2.3
      vertex 41.3465 -15.0489 2.3
      vertex 39.8775 -18.5952 2.3
    endloop
  endfacet
  facet normal 0 0 -1
    outer loop
      vertex 41.3465 -15.0489 2.3
      vertex 39.0912 -14.228 2.3
      vertex 40.1825 -10.7669 2.3
    endloop
  endfacet
  facet normal 0 0 -1
    outer loop
      vertex 37.7024 -17.5809 2.3
      vertex 39.8775 -18.5952 2.3
      vertex 38.1051 -22 2.3
    endloop
  endfacet
  facet normal 0 0 -1
    outer loop
      vertex 39.8775 -18.5952 2.3
      vertex 37.7024 -17.5809 2.3
      vertex 39.0912 -14.228 2.3
    endloop
  endfacet
  facet normal 0 0 -1
    outer loop
      vertex 36.0266 -20.8 2.3
      vertex 38.1051 -22 2.3
      vertex 36.0427 -25.2374 2.3
    endloop
  endfacet
  facet normal 0 0 -1
    outer loop
      vertex 38.1051 -22 2.3
      vertex 36.0266 -20.8 2.3
      vertex 37.7024 -17.5809 2.3
    endloop
  endfacet
  facet normal 0 0 -1
    outer loop
      vertex 36.0427 -25.2374 2.3
      vertex 34.0767 -23.8608 2.3
      vertex 36.0266 -20.8 2.3
    endloop
  endfacet
  facet normal 0 0 -1
    outer loop
      vertex 33.7059 -28.2827 2.3
      vertex 34.0767 -23.8608 2.3
      vertex 36.0427 -25.2374 2.3
    endloop
  endfacet
  facet normal 0 0 -1
    outer loop
      vertex 31.8674 -26.74 2.3
      vertex 33.7059 -28.2827 2.3
      vertex 32.4652 -29.6367 2.3
    endloop
  endfacet
  facet normal 0 0 -1
    outer loop
      vertex 33.7059 -28.2827 2.3
      vertex 31.8674 -26.74 2.3
      vertex 34.0767 -23.8608 2.3
    endloop
  endfacet
  facet normal 0 -0 -1
    outer loop
      vertex 31.8674 -26.74 2.3
      vertex 32.4652 -29.6367 2.3
      vertex 30.7681 -27.9397 2.3
    endloop
  endfacet
  facet normal 0 0 -1
    outer loop
      vertex 41.4417 3.62567 2.3
      vertex 43.8326 3.83484 2.3
      vertex 43.9127 2 2.3
    endloop
  endfacet
  facet normal -0 0 -1
    outer loop
      vertex 43.8326 3.83484 2.3
      vertex 41.4417 3.62567 2.3
      vertex 43.3315 7.64052 2.3
    endloop
  endfacet
  facet normal 0 0 -1
    outer loop
      vertex 41.4417 3.62567 2.3
      vertex 43.9127 2 2.3
      vertex 41.5127 2 2.3
    endloop
  endfacet
  facet normal 0 0 -1
    outer loop
      vertex 43.3315 7.64052 2.3
      vertex 41.4417 3.62567 2.3
      vertex 40.968 7.22375 2.3
    endloop
  endfacet
  facet normal -0 0 -1
    outer loop
      vertex 43.3315 7.64052 2.3
      vertex 40.968 7.22375 2.3
      vertex 42.5007 11.388 2.3
    endloop
  endfacet
  facet normal 0 0 -1
    outer loop
      vertex 40.1825 10.7669 2.3
      vertex 42.5007 11.388 2.3
      vertex 40.968 7.22375 2.3
    endloop
  endfacet
  facet normal -0 0 -1
    outer loop
      vertex 42.5007 11.388 2.3
      vertex 40.1825 10.7669 2.3
      vertex 41.3465 15.0489 2.3
    endloop
  endfacet
  facet normal 0 0 -1
    outer loop
      vertex 39.0912 14.228 2.3
      vertex 41.3465 15.0489 2.3
      vertex 40.1825 10.7669 2.3
    endloop
  endfacet
  facet normal -0 0 -1
    outer loop
      vertex 41.3465 15.0489 2.3
      vertex 39.0912 14.228 2.3
      vertex 39.8775 18.5952 2.3
    endloop
  endfacet
  facet normal 0 0 -1
    outer loop
      vertex 37.7024 17.5809 2.3
      vertex 39.8775 18.5952 2.3
      vertex 39.0912 14.228 2.3
    endloop
  endfacet
  facet normal -0 0 -1
    outer loop
      vertex 39.8775 18.5952 2.3
      vertex 37.7024 17.5809 2.3
      vertex 38.1051 22 2.3
    endloop
  endfacet
  facet normal 0 0 -1
    outer loop
      vertex 36.0266 20.8 2.3
      vertex 38.1051 22 2.3
      vertex 37.7024 17.5809 2.3
    endloop
  endfacet
  facet normal -0 0 -1
    outer loop
      vertex 38.1051 22 2.3
      vertex 36.0266 20.8 2.3
      vertex 36.0427 25.2374 2.3
    endloop
  endfacet
  facet normal 0 0 -1
    outer loop
      vertex 34.0767 23.8608 2.3
      vertex 36.0427 25.2374 2.3
      vertex 36.0266 20.8 2.3
    endloop
  endfacet
  facet normal 0 0 -1
    outer loop
      vertex 34.0767 23.8608 2.3
      vertex 33.7059 28.2827 2.3
      vertex 36.0427 25.2374 2.3
    endloop
  endfacet
  facet normal 0 0 -1
    outer loop
      vertex 31.8674 26.74 2.3
      vertex 33.7059 28.2827 2.3
      vertex 34.0767 23.8608 2.3
    endloop
  endfacet
  facet normal -0 0 -1
    outer loop
      vertex 33.7059 28.2827 2.3
      vertex 31.8674 26.74 2.3
      vertex 32.4652 29.6367 2.3
    endloop
  endfacet
  facet normal 0 0 -1
    outer loop
      vertex 32.4652 29.6367 2.3
      vertex 31.8674 26.74 2.3
      vertex 30.7681 27.9397 2.3
    endloop
  endfacet
  facet normal 0 0 -1
    outer loop
      vertex 27.9397 30.7681 2.3
      vertex 28.2827 33.7059 2.3
      vertex 29.6367 32.4652 2.3
    endloop
  endfacet
  facet normal 0 0 -1
    outer loop
      vertex 26.74 31.8674 2.3
      vertex 28.2827 33.7059 2.3
      vertex 27.9397 30.7681 2.3
    endloop
  endfacet
  facet normal 0 0 -1
    outer loop
      vertex 25.0575 34.4778 2.3
      vertex 28.2827 33.7059 2.3
      vertex 26.74 31.8674 2.3
    endloop
  endfacet
  facet normal 0 0 -1
    outer loop
      vertex 28.2827 33.7059 2.3
      vertex 25.3615 35.6125 2.3
      vertex 25.3824 35.9314 2.3
    endloop
  endfacet
  facet normal 0 0 -1
    outer loop
      vertex 28.2827 33.7059 2.3
      vertex 25.2467 35.0352 2.3
      vertex 25.3615 35.6125 2.3
    endloop
  endfacet
  facet normal 0 0 -1
    outer loop
      vertex 28.2827 33.7059 2.3
      vertex 25.0575 34.4778 2.3
      vertex 25.2467 35.0352 2.3
    endloop
  endfacet
  facet normal 0 0 -1
    outer loop
      vertex 26.74 31.8674 2.3
      vertex 24.7971 33.9499 2.3
      vertex 25.0575 34.4778 2.3
    endloop
  endfacet
  facet normal 0 -0 -1
    outer loop
      vertex 24.7971 33.9499 2.3
      vertex 26.74 31.8674 2.3
      vertex 24.5358 33.5588 2.3
    endloop
  endfacet
  facet normal 0 0 -1
    outer loop
      vertex 18.1606 39.77 2.3
      vertex 15.0489 41.3465 2.3
      vertex 18.4263 39.9475 2.3
    endloop
  endfacet
  facet normal 0 0 -1
    outer loop
      vertex 17.718 39.3818 2.3
      vertex 15.0489 41.3465 2.3
      vertex 18.1606 39.77 2.3
    endloop
  endfacet
  facet normal 0 0 -1
    outer loop
      vertex 17.3299 38.9393 2.3
      vertex 15.0489 41.3465 2.3
      vertex 17.718 39.3818 2.3
    endloop
  endfacet
  facet normal 0 0 -1
    outer loop
      vertex 14.228 39.0912 2.3
      vertex 17.3299 38.9393 2.3
      vertex 17.0029 38.4499 2.3
    endloop
  endfacet
  facet normal 0 0 -1
    outer loop
      vertex 14.228 39.0912 2.3
      vertex 17.0029 38.4499 2.3
      vertex 16.7948 38.028 2.3
    endloop
  endfacet
  facet normal 0 0 -1
    outer loop
      vertex 17.3299 38.9393 2.3
      vertex 14.228 39.0912 2.3
      vertex 15.0489 41.3465 2.3
    endloop
  endfacet
  facet normal 0 0 -1
    outer loop
      vertex 14.228 39.0912 2.3
      vertex 11.388 42.5007 2.3
      vertex 15.0489 41.3465 2.3
    endloop
  endfacet
  facet normal 0 0 -1
    outer loop
      vertex 10.7669 40.1825 2.3
      vertex 11.388 42.5007 2.3
      vertex 14.228 39.0912 2.3
    endloop
  endfacet
  facet normal 0 0 -1
    outer loop
      vertex 10.7669 40.1825 2.3
      vertex 7.64052 43.3315 2.3
      vertex 11.388 42.5007 2.3
    endloop
  endfacet
  facet normal 0 0 -1
    outer loop
      vertex 7.22375 40.968 2.3
      vertex 7.64052 43.3315 2.3
      vertex 10.7669 40.1825 2.3
    endloop
  endfacet
  facet normal 0 0 -1
    outer loop
      vertex 7.22375 40.968 2.3
      vertex 3.83484 43.8326 2.3
      vertex 7.64052 43.3315 2.3
    endloop
  endfacet
  facet normal 0 0 -1
    outer loop
      vertex 3.62567 41.4417 2.3
      vertex 3.83484 43.8326 2.3
      vertex 7.22375 40.968 2.3
    endloop
  endfacet
  facet normal 0 0 -1
    outer loop
      vertex 2 41.5127 2.3
      vertex 3.83484 43.8326 2.3
      vertex 3.62567 41.4417 2.3
    endloop
  endfacet
  facet normal -0 0 -1
    outer loop
      vertex 3.83484 43.8326 2.3
      vertex 2 41.5127 2.3
      vertex 2 43.9127 2.3
    endloop
  endfacet
  facet normal 0 0 -1
    outer loop
      vertex -3.62567 41.4417 2.3
      vertex -2 43.9127 2.3
      vertex -2 41.5127 2.3
    endloop
  endfacet
  facet normal 0 0 -1
    outer loop
      vertex -3.62567 41.4417 2.3
      vertex -3.83484 43.8326 2.3
      vertex -2 43.9127 2.3
    endloop
  endfacet
  facet normal 0 0 -1
    outer loop
      vertex -7.22375 40.968 2.3
      vertex -3.83484 43.8326 2.3
      vertex -3.62567 41.4417 2.3
    endloop
  endfacet
  facet normal 0 0 -1
    outer loop
      vertex -7.22375 40.968 2.3
      vertex -7.64052 43.3315 2.3
      vertex -3.83484 43.8326 2.3
    endloop
  endfacet
  facet normal 0 0 -1
    outer loop
      vertex -10.7669 40.1825 2.3
      vertex -7.64052 43.3315 2.3
      vertex -7.22375 40.968 2.3
    endloop
  endfacet
  facet normal 0 0 -1
    outer loop
      vertex -10.7669 40.1825 2.3
      vertex -11.388 42.5007 2.3
      vertex -7.64052 43.3315 2.3
    endloop
  endfacet
  facet normal 0 0 -1
    outer loop
      vertex -14.228 39.0912 2.3
      vertex -11.388 42.5007 2.3
      vertex -10.7669 40.1825 2.3
    endloop
  endfacet
  facet normal 0 0 -1
    outer loop
      vertex -14.228 39.0912 2.3
      vertex -15.0489 41.3465 2.3
      vertex -11.388 42.5007 2.3
    endloop
  endfacet
  facet normal 0 0 -1
    outer loop
      vertex -17.5809 37.7024 2.3
      vertex -15.0489 41.3465 2.3
      vertex -14.228 39.0912 2.3
    endloop
  endfacet
  facet normal 0 0 -1
    outer loop
      vertex -17.5809 37.7024 2.3
      vertex -18.5952 39.8775 2.3
      vertex -15.0489 41.3465 2.3
    endloop
  endfacet
  facet normal 0 0 -1
    outer loop
      vertex -20.8 36.0266 2.3
      vertex -18.5952 39.8775 2.3
      vertex -17.5809 37.7024 2.3
    endloop
  endfacet
  facet normal 0 0 -1
    outer loop
      vertex -20.8 36.0266 2.3
      vertex -22 38.1051 2.3
      vertex -18.5952 39.8775 2.3
    endloop
  endfacet
  facet normal 0 0 -1
    outer loop
      vertex -23.8608 34.0767 2.3
      vertex -22 38.1051 2.3
      vertex -20.8 36.0266 2.3
    endloop
  endfacet
  facet normal 0 0 -1
    outer loop
      vertex -23.8608 34.0767 2.3
      vertex -25.2374 36.0427 2.3
      vertex -22 38.1051 2.3
    endloop
  endfacet
  facet normal 0 0 -1
    outer loop
      vertex -26.74 31.8674 2.3
      vertex -25.2374 36.0427 2.3
      vertex -23.8608 34.0767 2.3
    endloop
  endfacet
  facet normal 0 0 -1
    outer loop
      vertex -28.2827 33.7059 2.3
      vertex -26.74 31.8674 2.3
      vertex -27.9397 30.7681 2.3
    endloop
  endfacet
  facet normal 0 0 -1
    outer loop
      vertex -26.74 31.8674 2.3
      vertex -28.2827 33.7059 2.3
      vertex -25.2374 36.0427 2.3
    endloop
  endfacet
  facet normal 0 -0 -1
    outer loop
      vertex -28.2827 33.7059 2.3
      vertex -27.9397 30.7681 2.3
      vertex -29.6367 32.4652 2.3
    endloop
  endfacet
  facet normal 0 0 -1
    outer loop
      vertex -31.8674 26.74 2.3
      vertex -32.4652 29.6367 2.3
      vertex -30.7681 27.9397 2.3
    endloop
  endfacet
  facet normal 0 0 -1
    outer loop
      vertex -31.8674 26.74 2.3
      vertex -33.7059 28.2827 2.3
      vertex -32.4652 29.6367 2.3
    endloop
  endfacet
  facet normal 0 0 -1
    outer loop
      vertex -34.0767 23.8608 2.3
      vertex -33.7059 28.2827 2.3
      vertex -31.8674 26.74 2.3
    endloop
  endfacet
  facet normal 0 0 -1
    outer loop
      vertex -36.0427 25.2374 2.3
      vertex -34.0767 23.8608 2.3
      vertex -36.0266 20.8 2.3
    endloop
  endfacet
  facet normal 0 0 -1
    outer loop
      vertex -34.0767 23.8608 2.3
      vertex -36.0427 25.2374 2.3
      vertex -33.7059 28.2827 2.3
    endloop
  endfacet
  facet normal 0 0 -1
    outer loop
      vertex -38.1051 22 2.3
      vertex -36.0266 20.8 2.3
      vertex -37.7024 17.5809 2.3
    endloop
  endfacet
  facet normal 0 0 -1
    outer loop
      vertex -36.0266 20.8 2.3
      vertex -38.1051 22 2.3
      vertex -36.0427 25.2374 2.3
    endloop
  endfacet
  facet normal 0 0 -1
    outer loop
      vertex -39.8775 18.5952 2.3
      vertex -37.7024 17.5809 2.3
      vertex -39.0912 14.228 2.3
    endloop
  endfacet
  facet normal 0 0 -1
    outer loop
      vertex -37.7024 17.5809 2.3
      vertex -39.8775 18.5952 2.3
      vertex -38.1051 22 2.3
    endloop
  endfacet
  facet normal 0 0 -1
    outer loop
      vertex -41.3465 15.0489 2.3
      vertex -39.0912 14.228 2.3
      vertex -40.1825 10.7669 2.3
    endloop
  endfacet
  facet normal 0 0 -1
    outer loop
      vertex -42.5007 11.388 2.3
      vertex -40.1825 10.7669 2.3
      vertex -40.968 7.22375 2.3
    endloop
  endfacet
  facet normal 0 0 -1
    outer loop
      vertex -41.8 4.5 2.3
      vertex -40.968 7.22375 2.3
      vertex -41.3306 4.46924 2.3
    endloop
  endfacet
  facet normal 0 0 -1
    outer loop
      vertex -39.0912 14.228 2.3
      vertex -41.3465 15.0489 2.3
      vertex -39.8775 18.5952 2.3
    endloop
  endfacet
  facet normal 0 0 -1
    outer loop
      vertex -42.3874 4.4615 2.3
      vertex -40.968 7.22375 2.3
      vertex -41.8 4.5 2.3
    endloop
  endfacet
  facet normal -0 0 -1
    outer loop
      vertex -40.968 7.22375 2.3
      vertex -42.3874 4.4615 2.3
      vertex -43.3315 7.64052 2.3
    endloop
  endfacet
  facet normal 0 0 -1
    outer loop
      vertex -40.1825 10.7669 2.3
      vertex -42.5007 11.388 2.3
      vertex -41.3465 15.0489 2.3
    endloop
  endfacet
  facet normal 0 0 -1
    outer loop
      vertex -43.3315 7.64052 2.3
      vertex -42.3874 4.4615 2.3
      vertex -42.9647 4.34667 2.3
    endloop
  endfacet
  facet normal 0 0 -1
    outer loop
      vertex -40.968 7.22375 2.3
      vertex -43.3315 7.64052 2.3
      vertex -42.5007 11.388 2.3
    endloop
  endfacet
  facet normal 0 0 -1
    outer loop
      vertex -43.5221 4.15746 2.3
      vertex -43.3315 7.64052 2.3
      vertex -42.9647 4.34667 2.3
    endloop
  endfacet
  facet normal 0 0 -1
    outer loop
      vertex -43.3315 7.64052 2.3
      vertex -43.5221 4.15746 2.3
      vertex -43.8087 4.01611 2.3
    endloop
  endfacet
  facet normal 0 0 -1
    outer loop
      vertex -32.4652 -29.6367 2.3
      vertex -31.8674 -26.74 2.3
      vertex -30.7681 -27.9397 2.3
    endloop
  endfacet
  facet normal 0 0 -1
    outer loop
      vertex -33.7059 -28.2827 2.3
      vertex -31.8674 -26.74 2.3
      vertex -32.4652 -29.6367 2.3
    endloop
  endfacet
  facet normal 0 0 -1
    outer loop
      vertex -33.7059 -28.2827 2.3
      vertex -34.0767 -23.8608 2.3
      vertex -31.8674 -26.74 2.3
    endloop
  endfacet
  facet normal 0 0 -1
    outer loop
      vertex -36.0427 -25.2374 2.3
      vertex -34.0767 -23.8608 2.3
      vertex -33.7059 -28.2827 2.3
    endloop
  endfacet
  facet normal -0 0 -1
    outer loop
      vertex -34.0767 -23.8608 2.3
      vertex -36.0427 -25.2374 2.3
      vertex -36.0266 -20.8 2.3
    endloop
  endfacet
  facet normal 0 0 -1
    outer loop
      vertex -38.1051 -22 2.3
      vertex -36.0266 -20.8 2.3
      vertex -36.0427 -25.2374 2.3
    endloop
  endfacet
  facet normal -0 0 -1
    outer loop
      vertex -36.0266 -20.8 2.3
      vertex -38.1051 -22 2.3
      vertex -37.7024 -17.5809 2.3
    endloop
  endfacet
  facet normal 0 0 -1
    outer loop
      vertex -39.8775 -18.5952 2.3
      vertex -37.7024 -17.5809 2.3
      vertex -38.1051 -22 2.3
    endloop
  endfacet
  facet normal -0 0 -1
    outer loop
      vertex -37.7024 -17.5809 2.3
      vertex -39.8775 -18.5952 2.3
      vertex -39.0912 -14.228 2.3
    endloop
  endfacet
  facet normal 0 0 -1
    outer loop
      vertex -41.3465 -15.0489 2.3
      vertex -39.0912 -14.228 2.3
      vertex -39.8775 -18.5952 2.3
    endloop
  endfacet
  facet normal -0 0 -1
    outer loop
      vertex -39.0912 -14.228 2.3
      vertex -41.3465 -15.0489 2.3
      vertex -40.1825 -10.7669 2.3
    endloop
  endfacet
  facet normal 0 0 -1
    outer loop
      vertex -42.5007 -11.388 2.3
      vertex -40.1825 -10.7669 2.3
      vertex -41.3465 -15.0489 2.3
    endloop
  endfacet
  facet normal -0 0 -1
    outer loop
      vertex -40.1825 -10.7669 2.3
      vertex -42.5007 -11.388 2.3
      vertex -40.968 -7.22375 2.3
    endloop
  endfacet
  facet normal 0 0 -1
    outer loop
      vertex -43.3315 -7.64052 2.3
      vertex -40.968 -7.22375 2.3
      vertex -42.5007 -11.388 2.3
    endloop
  endfacet
  facet normal 0 -0 -1
    outer loop
      vertex -42.3874 -4.4615 2.3
      vertex -40.968 -7.22375 2.3
      vertex -43.3315 -7.64052 2.3
    endloop
  endfacet
  facet normal 0 0 -1
    outer loop
      vertex -40.968 -7.22375 2.3
      vertex -41.8 -4.5 2.3
      vertex -41.3306 -4.46924 2.3
    endloop
  endfacet
  facet normal 0 0 -1
    outer loop
      vertex -40.968 -7.22375 2.3
      vertex -42.3874 -4.4615 2.3
      vertex -41.8 -4.5 2.3
    endloop
  endfacet
  facet normal -0 0 -1
    outer loop
      vertex -42.3874 -4.4615 2.3
      vertex -43.3315 -7.64052 2.3
      vertex -42.9647 -4.34667 2.3
    endloop
  endfacet
  facet normal 0 0 -1
    outer loop
      vertex -43.3315 -7.64052 2.3
      vertex -43.5221 -4.15746 2.3
      vertex -42.9647 -4.34667 2.3
    endloop
  endfacet
  facet normal -0 -0 -1
    outer loop
      vertex -43.5221 -4.15746 2.3
      vertex -43.3315 -7.64052 2.3
      vertex -43.8087 -4.01611 2.3
    endloop
  endfacet
  facet normal 0 0 -1
    outer loop
      vertex -2 -43.9127 2.3
      vertex -3.62567 -41.4417 2.3
      vertex -2 -41.5127 2.3
    endloop
  endfacet
  facet normal 0 0 -1
    outer loop
      vertex -3.83484 -43.8326 2.3
      vertex -3.62567 -41.4417 2.3
      vertex -2 -43.9127 2.3
    endloop
  endfacet
  facet normal 0 0 -1
    outer loop
      vertex -3.83484 -43.8326 2.3
      vertex -7.22375 -40.968 2.3
      vertex -3.62567 -41.4417 2.3
    endloop
  endfacet
  facet normal 0 0 -1
    outer loop
      vertex -7.64052 -43.3315 2.3
      vertex -7.22375 -40.968 2.3
      vertex -3.83484 -43.8326 2.3
    endloop
  endfacet
  facet normal 0 0 -1
    outer loop
      vertex -7.64052 -43.3315 2.3
      vertex -10.7669 -40.1825 2.3
      vertex -7.22375 -40.968 2.3
    endloop
  endfacet
  facet normal 0 0 -1
    outer loop
      vertex -11.388 -42.5007 2.3
      vertex -10.7669 -40.1825 2.3
      vertex -7.64052 -43.3315 2.3
    endloop
  endfacet
  facet normal 0 0 -1
    outer loop
      vertex -11.388 -42.5007 2.3
      vertex -14.228 -39.0912 2.3
      vertex -10.7669 -40.1825 2.3
    endloop
  endfacet
  facet normal 0 0 -1
    outer loop
      vertex -15.0489 -41.3465 2.3
      vertex -14.228 -39.0912 2.3
      vertex -11.388 -42.5007 2.3
    endloop
  endfacet
  facet normal 0 0 -1
    outer loop
      vertex -15.0489 -41.3465 2.3
      vertex -17.5809 -37.7024 2.3
      vertex -14.228 -39.0912 2.3
    endloop
  endfacet
  facet normal 0 0 -1
    outer loop
      vertex -18.5952 -39.8775 2.3
      vertex -17.5809 -37.7024 2.3
      vertex -15.0489 -41.3465 2.3
    endloop
  endfacet
  facet normal 0 0 -1
    outer loop
      vertex -18.5952 -39.8775 2.3
      vertex -20.8 -36.0266 2.3
      vertex -17.5809 -37.7024 2.3
    endloop
  endfacet
  facet normal 0 0 -1
    outer loop
      vertex -22 -38.1051 2.3
      vertex -20.8 -36.0266 2.3
      vertex -18.5952 -39.8775 2.3
    endloop
  endfacet
  facet normal 0 0 -1
    outer loop
      vertex -22 -38.1051 2.3
      vertex -23.8608 -34.0767 2.3
      vertex -20.8 -36.0266 2.3
    endloop
  endfacet
  facet normal 0 0 -1
    outer loop
      vertex -25.2374 -36.0427 2.3
      vertex -23.8608 -34.0767 2.3
      vertex -22 -38.1051 2.3
    endloop
  endfacet
  facet normal 0 0 -1
    outer loop
      vertex -25.2374 -36.0427 2.3
      vertex -26.74 -31.8674 2.3
      vertex -23.8608 -34.0767 2.3
    endloop
  endfacet
  facet normal 0 0 -1
    outer loop
      vertex -28.2827 -33.7059 2.3
      vertex -26.74 -31.8674 2.3
      vertex -25.2374 -36.0427 2.3
    endloop
  endfacet
  facet normal -0 0 -1
    outer loop
      vertex -26.74 -31.8674 2.3
      vertex -28.2827 -33.7059 2.3
      vertex -27.9397 -30.7681 2.3
    endloop
  endfacet
  facet normal 0 0 -1
    outer loop
      vertex -27.9397 -30.7681 2.3
      vertex -28.2827 -33.7059 2.3
      vertex -29.6367 -32.4652 2.3
    endloop
  endfacet
  facet normal 0.130537 -0.991443 0
    outer loop
      vertex 3.88715 -44.4303 2.4
      vertex 7.74471 -43.9224 7.4
      vertex 3.88715 -44.4303 7.4
    endloop
  endfacet
  facet normal 0.130537 -0.991443 0
    outer loop
      vertex 7.74471 -43.9224 7.4
      vertex 3.88715 -44.4303 2.4
      vertex 7.74471 -43.9224 2.4
    endloop
  endfacet
  facet normal 0.216433 -0.976297 0
    outer loop
      vertex 7.74471 -43.9224 2.4
      vertex 11.5433 -43.0803 7.4
      vertex 7.74471 -43.9224 7.4
    endloop
  endfacet
  facet normal 0.216433 -0.976297 0
    outer loop
      vertex 11.5433 -43.0803 7.4
      vertex 7.74471 -43.9224 2.4
      vertex 11.5433 -43.0803 2.4
    endloop
  endfacet
  facet normal 0.300703 -0.953718 0
    outer loop
      vertex 11.5433 -43.0803 2.4
      vertex 15.2541 -41.9103 7.4
      vertex 11.5433 -43.0803 7.4
    endloop
  endfacet
  facet normal 0.300703 -0.953718 0
    outer loop
      vertex 15.2541 -41.9103 7.4
      vertex 11.5433 -43.0803 2.4
      vertex 15.2541 -41.9103 2.4
    endloop
  endfacet
  facet normal 0.382689 -0.923877 0
    outer loop
      vertex 15.2541 -41.9103 2.4
      vertex 18.8488 -40.4213 7.4
      vertex 15.2541 -41.9103 7.4
    endloop
  endfacet
  facet normal 0.382689 -0.923877 0
    outer loop
      vertex 18.8488 -40.4213 7.4
      vertex 15.2541 -41.9103 2.4
      vertex 18.8488 -40.4213 2.4
    endloop
  endfacet
  facet normal 0.461778 -0.886995 0
    outer loop
      vertex 18.8488 -40.4213 2.4
      vertex 19.072 -40.3051 7.4
      vertex 18.8488 -40.4213 7.4
    endloop
  endfacet
  facet normal 0.461778 -0.886995 0
    outer loop
      vertex 19.072 -40.3051 7.4
      vertex 18.8488 -40.4213 2.4
      vertex 19.072 -40.3051 2.4
    endloop
  endfacet
  facet normal 0.537158 -0.843481 0
    outer loop
      vertex 25.3692 -36.6694 2.4
      vertex 25.5815 -36.5342 7.4
      vertex 25.3692 -36.6694 7.4
    endloop
  endfacet
  facet normal 0.537158 -0.843481 0
    outer loop
      vertex 25.5815 -36.5342 7.4
      vertex 25.3692 -36.6694 2.4
      vertex 25.5815 -36.5342 2.4
    endloop
  endfacet
  facet normal 0.608764 -0.793351 0
    outer loop
      vertex 25.5815 -36.5342 2.4
      vertex 28.6683 -34.1656 7.4
      vertex 25.5815 -36.5342 7.4
    endloop
  endfacet
  facet normal 0.608764 -0.793351 0
    outer loop
      vertex 28.6683 -34.1656 7.4
      vertex 25.5815 -36.5342 2.4
      vertex 28.6683 -34.1656 2.4
    endloop
  endfacet
  facet normal 0.675579 -0.737287 0
    outer loop
      vertex 28.6683 -34.1656 2.4
      vertex 31.537 -31.537 7.4
      vertex 28.6683 -34.1656 7.4
    endloop
  endfacet
  facet normal 0.675579 -0.737287 0
    outer loop
      vertex 31.537 -31.537 7.4
      vertex 28.6683 -34.1656 2.4
      vertex 31.537 -31.537 2.4
    endloop
  endfacet
  facet normal 0.737287 -0.675579 0
    outer loop
      vertex 31.537 -31.537 7.4
      vertex 34.1656 -28.6683 2.4
      vertex 34.1656 -28.6683 7.4
    endloop
  endfacet
  facet normal 0.737287 -0.675579 0
    outer loop
      vertex 34.1656 -28.6683 2.4
      vertex 31.537 -31.537 7.4
      vertex 31.537 -31.537 2.4
    endloop
  endfacet
  facet normal 0.793351 -0.608764 0
    outer loop
      vertex 34.1656 -28.6683 7.4
      vertex 36.5342 -25.5815 2.4
      vertex 36.5342 -25.5815 7.4
    endloop
  endfacet
  facet normal 0.793351 -0.608764 0
    outer loop
      vertex 36.5342 -25.5815 2.4
      vertex 34.1656 -28.6683 7.4
      vertex 34.1656 -28.6683 2.4
    endloop
  endfacet
  facet normal 0.843397 -0.537291 0
    outer loop
      vertex 36.5342 -25.5815 7.4
      vertex 38.6247 -22.3 2.4
      vertex 38.6247 -22.3 7.4
    endloop
  endfacet
  facet normal 0.843397 -0.537291 0
    outer loop
      vertex 38.6247 -22.3 2.4
      vertex 36.5342 -25.5815 7.4
      vertex 36.5342 -25.5815 2.4
    endloop
  endfacet
  facet normal 0.887009 -0.461752 0
    outer loop
      vertex 38.6247 -22.3 7.4
      vertex 40.4213 -18.8488 2.4
      vertex 40.4213 -18.8488 7.4
    endloop
  endfacet
  facet normal 0.887009 -0.461752 0
    outer loop
      vertex 40.4213 -18.8488 2.4
      vertex 38.6247 -22.3 7.4
      vertex 38.6247 -22.3 2.4
    endloop
  endfacet
  facet normal 0.923877 -0.382689 0
    outer loop
      vertex 40.4213 -18.8488 7.4
      vertex 41.9103 -15.2541 2.4
      vertex 41.9103 -15.2541 7.4
    endloop
  endfacet
  facet normal 0.923877 -0.382689 0
    outer loop
      vertex 41.9103 -15.2541 2.4
      vertex 40.4213 -18.8488 7.4
      vertex 40.4213 -18.8488 2.4
    endloop
  endfacet
  facet normal 0.953718 -0.300703 0
    outer loop
      vertex 41.9103 -15.2541 7.4
      vertex 43.0803 -11.5433 2.4
      vertex 43.0803 -11.5433 7.4
    endloop
  endfacet
  facet normal 0.953718 -0.300703 0
    outer loop
      vertex 43.0803 -11.5433 2.4
      vertex 41.9103 -15.2541 7.4
      vertex 41.9103 -15.2541 2.4
    endloop
  endfacet
  facet normal 0.976297 -0.216433 0
    outer loop
      vertex 43.0803 -11.5433 7.4
      vertex 43.9224 -7.74471 2.4
      vertex 43.9224 -7.74471 7.4
    endloop
  endfacet
  facet normal 0.976297 -0.216433 0
    outer loop
      vertex 43.9224 -7.74471 2.4
      vertex 43.0803 -11.5433 7.4
      vertex 43.0803 -11.5433 2.4
    endloop
  endfacet
  facet normal 0.991443 -0.130537 0
    outer loop
      vertex 43.9224 -7.74471 7.4
      vertex 44.4303 -3.88715 2.4
      vertex 44.4303 -3.88715 7.4
    endloop
  endfacet
  facet normal 0.991443 -0.130537 0
    outer loop
      vertex 44.4303 -3.88715 2.4
      vertex 43.9224 -7.74471 7.4
      vertex 43.9224 -7.74471 2.4
    endloop
  endfacet
  facet normal 0.999048 -0.0436151 0
    outer loop
      vertex 44.4303 -3.88715 7.4
      vertex 44.6 0 2.4
      vertex 44.6 0 7.4
    endloop
  endfacet
  facet normal 0.999048 -0.0436151 0
    outer loop
      vertex 44.6 0 2.4
      vertex 44.4303 -3.88715 7.4
      vertex 44.4303 -3.88715 2.4
    endloop
  endfacet
  facet normal 0.999048 0.0436151 0
    outer loop
      vertex 44.6 0 7.4
      vertex 44.4303 3.88715 2.4
      vertex 44.4303 3.88715 7.4
    endloop
  endfacet
  facet normal 0.999048 0.0436151 0
    outer loop
      vertex 44.4303 3.88715 2.4
      vertex 44.6 0 7.4
      vertex 44.6 0 2.4
    endloop
  endfacet
  facet normal 0.991443 0.130537 0
    outer loop
      vertex 44.4303 3.88715 7.4
      vertex 43.9224 7.74471 2.4
      vertex 43.9224 7.74471 7.4
    endloop
  endfacet
  facet normal 0.991443 0.130537 0
    outer loop
      vertex 43.9224 7.74471 2.4
      vertex 44.4303 3.88715 7.4
      vertex 44.4303 3.88715 2.4
    endloop
  endfacet
  facet normal 0.976297 0.216433 0
    outer loop
      vertex 43.9224 7.74471 7.4
      vertex 43.0803 11.5433 2.4
      vertex 43.0803 11.5433 7.4
    endloop
  endfacet
  facet normal 0.976297 0.216433 0
    outer loop
      vertex 43.0803 11.5433 2.4
      vertex 43.9224 7.74471 7.4
      vertex 43.9224 7.74471 2.4
    endloop
  endfacet
  facet normal 0.953718 0.300703 0
    outer loop
      vertex 43.0803 11.5433 7.4
      vertex 41.9103 15.2541 2.4
      vertex 41.9103 15.2541 7.4
    endloop
  endfacet
  facet normal 0.953718 0.300703 0
    outer loop
      vertex 41.9103 15.2541 2.4
      vertex 43.0803 11.5433 7.4
      vertex 43.0803 11.5433 2.4
    endloop
  endfacet
  facet normal 0.923877 0.382689 0
    outer loop
      vertex 41.9103 15.2541 7.4
      vertex 40.4213 18.8488 2.4
      vertex 40.4213 18.8488 7.4
    endloop
  endfacet
  facet normal 0.923877 0.382689 0
    outer loop
      vertex 40.4213 18.8488 2.4
      vertex 41.9103 15.2541 7.4
      vertex 41.9103 15.2541 2.4
    endloop
  endfacet
  facet normal 0.887009 0.461752 0
    outer loop
      vertex 40.4213 18.8488 7.4
      vertex 38.6247 22.3 2.4
      vertex 38.6247 22.3 7.4
    endloop
  endfacet
  facet normal 0.887009 0.461752 0
    outer loop
      vertex 38.6247 22.3 2.4
      vertex 40.4213 18.8488 7.4
      vertex 40.4213 18.8488 2.4
    endloop
  endfacet
  facet normal 0.843397 0.537291 0
    outer loop
      vertex 38.6247 22.3 7.4
      vertex 36.5342 25.5815 2.4
      vertex 36.5342 25.5815 7.4
    endloop
  endfacet
  facet normal 0.843397 0.537291 0
    outer loop
      vertex 36.5342 25.5815 2.4
      vertex 38.6247 22.3 7.4
      vertex 38.6247 22.3 2.4
    endloop
  endfacet
  facet normal 0.793351 0.608764 0
    outer loop
      vertex 36.5342 25.5815 7.4
      vertex 34.1656 28.6683 2.4
      vertex 34.1656 28.6683 7.4
    endloop
  endfacet
  facet normal 0.793351 0.608764 0
    outer loop
      vertex 34.1656 28.6683 2.4
      vertex 36.5342 25.5815 7.4
      vertex 36.5342 25.5815 2.4
    endloop
  endfacet
  facet normal 0.737287 0.675579 0
    outer loop
      vertex 34.1656 28.6683 7.4
      vertex 31.537 31.537 2.4
      vertex 31.537 31.537 7.4
    endloop
  endfacet
  facet normal 0.737287 0.675579 0
    outer loop
      vertex 31.537 31.537 2.4
      vertex 34.1656 28.6683 7.4
      vertex 34.1656 28.6683 2.4
    endloop
  endfacet
  facet normal 0.675579 0.737287 -0
    outer loop
      vertex 31.537 31.537 2.4
      vertex 28.6683 34.1656 7.4
      vertex 31.537 31.537 7.4
    endloop
  endfacet
  facet normal 0.675579 0.737287 0
    outer loop
      vertex 28.6683 34.1656 7.4
      vertex 31.537 31.537 2.4
      vertex 28.6683 34.1656 2.4
    endloop
  endfacet
  facet normal 0.608764 0.793351 -0
    outer loop
      vertex 28.6683 34.1656 2.4
      vertex 25.5815 36.5342 7.4
      vertex 28.6683 34.1656 7.4
    endloop
  endfacet
  facet normal 0.608764 0.793351 0
    outer loop
      vertex 25.5815 36.5342 7.4
      vertex 28.6683 34.1656 2.4
      vertex 25.5815 36.5342 2.4
    endloop
  endfacet
  facet normal 0.537158 0.843481 -0
    outer loop
      vertex 25.5815 36.5342 2.4
      vertex 25.3692 36.6694 7.4
      vertex 25.5815 36.5342 7.4
    endloop
  endfacet
  facet normal 0.537158 0.843481 0
    outer loop
      vertex 25.3692 36.6694 7.4
      vertex 25.5815 36.5342 2.4
      vertex 25.3692 36.6694 2.4
    endloop
  endfacet
  facet normal 0.461778 0.886995 -0
    outer loop
      vertex 19.072 40.3051 2.4
      vertex 18.8488 40.4213 7.4
      vertex 19.072 40.3051 7.4
    endloop
  endfacet
  facet normal 0.461778 0.886995 0
    outer loop
      vertex 18.8488 40.4213 7.4
      vertex 19.072 40.3051 2.4
      vertex 18.8488 40.4213 2.4
    endloop
  endfacet
  facet normal 0.382689 0.923877 -0
    outer loop
      vertex 18.8488 40.4213 2.4
      vertex 15.2541 41.9103 7.4
      vertex 18.8488 40.4213 7.4
    endloop
  endfacet
  facet normal 0.382689 0.923877 0
    outer loop
      vertex 15.2541 41.9103 7.4
      vertex 18.8488 40.4213 2.4
      vertex 15.2541 41.9103 2.4
    endloop
  endfacet
  facet normal 0.300703 0.953718 -0
    outer loop
      vertex 15.2541 41.9103 2.4
      vertex 11.5433 43.0803 7.4
      vertex 15.2541 41.9103 7.4
    endloop
  endfacet
  facet normal 0.300703 0.953718 0
    outer loop
      vertex 11.5433 43.0803 7.4
      vertex 15.2541 41.9103 2.4
      vertex 11.5433 43.0803 2.4
    endloop
  endfacet
  facet normal 0.216433 0.976297 -0
    outer loop
      vertex 11.5433 43.0803 2.4
      vertex 7.74471 43.9224 7.4
      vertex 11.5433 43.0803 7.4
    endloop
  endfacet
  facet normal 0.216433 0.976297 0
    outer loop
      vertex 7.74471 43.9224 7.4
      vertex 11.5433 43.0803 2.4
      vertex 7.74471 43.9224 2.4
    endloop
  endfacet
  facet normal 0.130537 0.991443 -0
    outer loop
      vertex 7.74471 43.9224 2.4
      vertex 3.88715 44.4303 7.4
      vertex 7.74471 43.9224 7.4
    endloop
  endfacet
  facet normal 0.130537 0.991443 0
    outer loop
      vertex 3.88715 44.4303 7.4
      vertex 7.74471 43.9224 2.4
      vertex 3.88715 44.4303 2.4
    endloop
  endfacet
  facet normal 0.0436151 0.999048 -0
    outer loop
      vertex 3.88715 44.4303 2.4
      vertex 0 44.6 7.4
      vertex 3.88715 44.4303 7.4
    endloop
  endfacet
  facet normal 0.0436151 0.999048 0
    outer loop
      vertex 0 44.6 7.4
      vertex 3.88715 44.4303 2.4
      vertex 0 44.6 2.4
    endloop
  endfacet
  facet normal -0.0436151 0.999048 0
    outer loop
      vertex 0 44.6 2.4
      vertex -3.88715 44.4303 7.4
      vertex 0 44.6 7.4
    endloop
  endfacet
  facet normal -0.0436151 0.999048 0
    outer loop
      vertex -3.88715 44.4303 7.4
      vertex 0 44.6 2.4
      vertex -3.88715 44.4303 2.4
    endloop
  endfacet
  facet normal -0.130537 0.991443 0
    outer loop
      vertex -3.88715 44.4303 2.4
      vertex -7.74471 43.9224 7.4
      vertex -3.88715 44.4303 7.4
    endloop
  endfacet
  facet normal -0.130537 0.991443 0
    outer loop
      vertex -7.74471 43.9224 7.4
      vertex -3.88715 44.4303 2.4
      vertex -7.74471 43.9224 2.4
    endloop
  endfacet
  facet normal -0.216433 0.976297 0
    outer loop
      vertex -7.74471 43.9224 2.4
      vertex -11.5433 43.0803 7.4
      vertex -7.74471 43.9224 7.4
    endloop
  endfacet
  facet normal -0.216433 0.976297 0
    outer loop
      vertex -11.5433 43.0803 7.4
      vertex -7.74471 43.9224 2.4
      vertex -11.5433 43.0803 2.4
    endloop
  endfacet
  facet normal -0.300703 0.953718 0
    outer loop
      vertex -11.5433 43.0803 2.4
      vertex -15.2541 41.9103 7.4
      vertex -11.5433 43.0803 7.4
    endloop
  endfacet
  facet normal -0.300703 0.953718 0
    outer loop
      vertex -15.2541 41.9103 7.4
      vertex -11.5433 43.0803 2.4
      vertex -15.2541 41.9103 2.4
    endloop
  endfacet
  facet normal -0.382689 0.923877 0
    outer loop
      vertex -15.2541 41.9103 2.4
      vertex -18.8488 40.4213 7.4
      vertex -15.2541 41.9103 7.4
    endloop
  endfacet
  facet normal -0.382689 0.923877 0
    outer loop
      vertex -18.8488 40.4213 7.4
      vertex -15.2541 41.9103 2.4
      vertex -18.8488 40.4213 2.4
    endloop
  endfacet
  facet normal -0.461752 0.887009 0
    outer loop
      vertex -18.8488 40.4213 2.4
      vertex -22.3 38.6247 7.4
      vertex -18.8488 40.4213 7.4
    endloop
  endfacet
  facet normal -0.461752 0.887009 0
    outer loop
      vertex -22.3 38.6247 7.4
      vertex -18.8488 40.4213 2.4
      vertex -22.3 38.6247 2.4
    endloop
  endfacet
  facet normal -0.537291 0.843397 0
    outer loop
      vertex -22.3 38.6247 2.4
      vertex -25.5815 36.5342 7.4
      vertex -22.3 38.6247 7.4
    endloop
  endfacet
  facet normal -0.537291 0.843397 0
    outer loop
      vertex -25.5815 36.5342 7.4
      vertex -22.3 38.6247 2.4
      vertex -25.5815 36.5342 2.4
    endloop
  endfacet
  facet normal -0.608764 0.793351 0
    outer loop
      vertex -25.5815 36.5342 2.4
      vertex -28.6683 34.1656 7.4
      vertex -25.5815 36.5342 7.4
    endloop
  endfacet
  facet normal -0.608764 0.793351 0
    outer loop
      vertex -28.6683 34.1656 7.4
      vertex -25.5815 36.5342 2.4
      vertex -28.6683 34.1656 2.4
    endloop
  endfacet
  facet normal -0.675579 0.737287 0
    outer loop
      vertex -28.6683 34.1656 2.4
      vertex -31.537 31.537 7.4
      vertex -28.6683 34.1656 7.4
    endloop
  endfacet
  facet normal -0.675579 0.737287 0
    outer loop
      vertex -31.537 31.537 7.4
      vertex -28.6683 34.1656 2.4
      vertex -31.537 31.537 2.4
    endloop
  endfacet
  facet normal -0.737287 0.675579 0
    outer loop
      vertex -34.1656 28.6683 2.4
      vertex -31.537 31.537 7.4
      vertex -31.537 31.537 2.4
    endloop
  endfacet
  facet normal -0.737287 0.675579 0
    outer loop
      vertex -31.537 31.537 7.4
      vertex -34.1656 28.6683 2.4
      vertex -34.1656 28.6683 7.4
    endloop
  endfacet
  facet normal -0.793351 0.608764 0
    outer loop
      vertex -36.5342 25.5815 2.4
      vertex -34.1656 28.6683 7.4
      vertex -34.1656 28.6683 2.4
    endloop
  endfacet
  facet normal -0.793351 0.608764 0
    outer loop
      vertex -34.1656 28.6683 7.4
      vertex -36.5342 25.5815 2.4
      vertex -36.5342 25.5815 7.4
    endloop
  endfacet
  facet normal -0.843397 0.537291 0
    outer loop
      vertex -38.6247 22.3 2.4
      vertex -36.5342 25.5815 7.4
      vertex -36.5342 25.5815 2.4
    endloop
  endfacet
  facet normal -0.843397 0.537291 0
    outer loop
      vertex -36.5342 25.5815 7.4
      vertex -38.6247 22.3 2.4
      vertex -38.6247 22.3 7.4
    endloop
  endfacet
  facet normal -0.887009 0.461752 0
    outer loop
      vertex -40.4213 18.8488 2.4
      vertex -38.6247 22.3 7.4
      vertex -38.6247 22.3 2.4
    endloop
  endfacet
  facet normal -0.887009 0.461752 0
    outer loop
      vertex -38.6247 22.3 7.4
      vertex -40.4213 18.8488 2.4
      vertex -40.4213 18.8488 7.4
    endloop
  endfacet
  facet normal -0.923877 0.382689 0
    outer loop
      vertex -41.9103 15.2541 2.4
      vertex -40.4213 18.8488 7.4
      vertex -40.4213 18.8488 2.4
    endloop
  endfacet
  facet normal -0.923877 0.382689 0
    outer loop
      vertex -40.4213 18.8488 7.4
      vertex -41.9103 15.2541 2.4
      vertex -41.9103 15.2541 7.4
    endloop
  endfacet
  facet normal -0.953718 0.300703 0
    outer loop
      vertex -43.0803 11.5433 2.4
      vertex -41.9103 15.2541 7.4
      vertex -41.9103 15.2541 2.4
    endloop
  endfacet
  facet normal -0.953718 0.300703 0
    outer loop
      vertex -41.9103 15.2541 7.4
      vertex -43.0803 11.5433 2.4
      vertex -43.0803 11.5433 7.4
    endloop
  endfacet
  facet normal -0.976297 0.216433 0
    outer loop
      vertex -43.9224 7.74471 2.4
      vertex -43.0803 11.5433 7.4
      vertex -43.0803 11.5433 2.4
    endloop
  endfacet
  facet normal -0.976297 0.216433 0
    outer loop
      vertex -43.0803 11.5433 7.4
      vertex -43.9224 7.74471 2.4
      vertex -43.9224 7.74471 7.4
    endloop
  endfacet
  facet normal -0.991443 0.130537 0
    outer loop
      vertex -44.4303 3.88715 2.4
      vertex -43.9224 7.74471 7.4
      vertex -43.9224 7.74471 2.4
    endloop
  endfacet
  facet normal -0.991443 0.130537 0
    outer loop
      vertex -43.9224 7.74471 7.4
      vertex -44.4303 3.88715 2.4
      vertex -44.4303 3.88715 7.4
    endloop
  endfacet
  facet normal -0.999045 0.043701 0
    outer loop
      vertex -44.4413 3.63568 2.4
      vertex -44.4303 3.88715 7.4
      vertex -44.4303 3.88715 2.4
    endloop
  endfacet
  facet normal -0.999045 0.043701 0
    outer loop
      vertex -44.4303 3.88715 7.4
      vertex -44.4413 3.63568 2.4
      vertex -44.4413 3.63568 7.4
    endloop
  endfacet
  facet normal -0.999045 -0.043701 0
    outer loop
      vertex -44.4303 -3.88715 2.4
      vertex -44.4413 -3.63568 7.4
      vertex -44.4413 -3.63568 2.4
    endloop
  endfacet
  facet normal -0.999045 -0.043701 0
    outer loop
      vertex -44.4413 -3.63568 7.4
      vertex -44.4303 -3.88715 2.4
      vertex -44.4303 -3.88715 7.4
    endloop
  endfacet
  facet normal -0.991443 -0.130537 0
    outer loop
      vertex -43.9224 -7.74471 2.4
      vertex -44.4303 -3.88715 7.4
      vertex -44.4303 -3.88715 2.4
    endloop
  endfacet
  facet normal -0.991443 -0.130537 0
    outer loop
      vertex -44.4303 -3.88715 7.4
      vertex -43.9224 -7.74471 2.4
      vertex -43.9224 -7.74471 7.4
    endloop
  endfacet
  facet normal -0.976297 -0.216433 0
    outer loop
      vertex -43.0803 -11.5433 2.4
      vertex -43.9224 -7.74471 7.4
      vertex -43.9224 -7.74471 2.4
    endloop
  endfacet
  facet normal -0.976297 -0.216433 0
    outer loop
      vertex -43.9224 -7.74471 7.4
      vertex -43.0803 -11.5433 2.4
      vertex -43.0803 -11.5433 7.4
    endloop
  endfacet
  facet normal -0.953718 -0.300703 0
    outer loop
      vertex -41.9103 -15.2541 2.4
      vertex -43.0803 -11.5433 7.4
      vertex -43.0803 -11.5433 2.4
    endloop
  endfacet
  facet normal -0.953718 -0.300703 0
    outer loop
      vertex -43.0803 -11.5433 7.4
      vertex -41.9103 -15.2541 2.4
      vertex -41.9103 -15.2541 7.4
    endloop
  endfacet
  facet normal -0.923877 -0.382689 0
    outer loop
      vertex -40.4213 -18.8488 2.4
      vertex -41.9103 -15.2541 7.4
      vertex -41.9103 -15.2541 2.4
    endloop
  endfacet
  facet normal -0.923877 -0.382689 0
    outer loop
      vertex -41.9103 -15.2541 7.4
      vertex -40.4213 -18.8488 2.4
      vertex -40.4213 -18.8488 7.4
    endloop
  endfacet
  facet normal -0.887009 -0.461752 0
    outer loop
      vertex -38.6247 -22.3 2.4
      vertex -40.4213 -18.8488 7.4
      vertex -40.4213 -18.8488 2.4
    endloop
  endfacet
  facet normal -0.887009 -0.461752 0
    outer loop
      vertex -40.4213 -18.8488 7.4
      vertex -38.6247 -22.3 2.4
      vertex -38.6247 -22.3 7.4
    endloop
  endfacet
  facet normal -0.843397 -0.537291 0
    outer loop
      vertex -36.5342 -25.5815 2.4
      vertex -38.6247 -22.3 7.4
      vertex -38.6247 -22.3 2.4
    endloop
  endfacet
  facet normal -0.843397 -0.537291 0
    outer loop
      vertex -38.6247 -22.3 7.4
      vertex -36.5342 -25.5815 2.4
      vertex -36.5342 -25.5815 7.4
    endloop
  endfacet
  facet normal -0.793351 -0.608764 0
    outer loop
      vertex -34.1656 -28.6683 2.4
      vertex -36.5342 -25.5815 7.4
      vertex -36.5342 -25.5815 2.4
    endloop
  endfacet
  facet normal -0.793351 -0.608764 0
    outer loop
      vertex -36.5342 -25.5815 7.4
      vertex -34.1656 -28.6683 2.4
      vertex -34.1656 -28.6683 7.4
    endloop
  endfacet
  facet normal -0.737287 -0.675579 0
    outer loop
      vertex -31.537 -31.537 2.4
      vertex -34.1656 -28.6683 7.4
      vertex -34.1656 -28.6683 2.4
    endloop
  endfacet
  facet normal -0.737287 -0.675579 0
    outer loop
      vertex -34.1656 -28.6683 7.4
      vertex -31.537 -31.537 2.4
      vertex -31.537 -31.537 7.4
    endloop
  endfacet
  facet normal -0.675579 -0.737287 0
    outer loop
      vertex -31.537 -31.537 2.4
      vertex -28.6683 -34.1656 7.4
      vertex -31.537 -31.537 7.4
    endloop
  endfacet
  facet normal -0.675579 -0.737287 -0
    outer loop
      vertex -28.6683 -34.1656 7.4
      vertex -31.537 -31.537 2.4
      vertex -28.6683 -34.1656 2.4
    endloop
  endfacet
  facet normal -0.608764 -0.793351 0
    outer loop
      vertex -28.6683 -34.1656 2.4
      vertex -25.5815 -36.5342 7.4
      vertex -28.6683 -34.1656 7.4
    endloop
  endfacet
  facet normal -0.608764 -0.793351 -0
    outer loop
      vertex -25.5815 -36.5342 7.4
      vertex -28.6683 -34.1656 2.4
      vertex -25.5815 -36.5342 2.4
    endloop
  endfacet
  facet normal -0.537291 -0.843397 0
    outer loop
      vertex -25.5815 -36.5342 2.4
      vertex -22.3 -38.6247 7.4
      vertex -25.5815 -36.5342 7.4
    endloop
  endfacet
  facet normal -0.537291 -0.843397 -0
    outer loop
      vertex -22.3 -38.6247 7.4
      vertex -25.5815 -36.5342 2.4
      vertex -22.3 -38.6247 2.4
    endloop
  endfacet
  facet normal -0.461752 -0.887009 0
    outer loop
      vertex -22.3 -38.6247 2.4
      vertex -18.8488 -40.4213 7.4
      vertex -22.3 -38.6247 7.4
    endloop
  endfacet
  facet normal -0.461752 -0.887009 -0
    outer loop
      vertex -18.8488 -40.4213 7.4
      vertex -22.3 -38.6247 2.4
      vertex -18.8488 -40.4213 2.4
    endloop
  endfacet
  facet normal -0.382689 -0.923877 0
    outer loop
      vertex -18.8488 -40.4213 2.4
      vertex -15.2541 -41.9103 7.4
      vertex -18.8488 -40.4213 7.4
    endloop
  endfacet
  facet normal -0.382689 -0.923877 -0
    outer loop
      vertex -15.2541 -41.9103 7.4
      vertex -18.8488 -40.4213 2.4
      vertex -15.2541 -41.9103 2.4
    endloop
  endfacet
  facet normal -0.300703 -0.953718 0
    outer loop
      vertex -15.2541 -41.9103 2.4
      vertex -11.5433 -43.0803 7.4
      vertex -15.2541 -41.9103 7.4
    endloop
  endfacet
  facet normal -0.300703 -0.953718 -0
    outer loop
      vertex -11.5433 -43.0803 7.4
      vertex -15.2541 -41.9103 2.4
      vertex -11.5433 -43.0803 2.4
    endloop
  endfacet
  facet normal -0.216433 -0.976297 0
    outer loop
      vertex -11.5433 -43.0803 2.4
      vertex -7.74471 -43.9224 7.4
      vertex -11.5433 -43.0803 7.4
    endloop
  endfacet
  facet normal -0.216433 -0.976297 -0
    outer loop
      vertex -7.74471 -43.9224 7.4
      vertex -11.5433 -43.0803 2.4
      vertex -7.74471 -43.9224 2.4
    endloop
  endfacet
  facet normal -0.130537 -0.991443 0
    outer loop
      vertex -7.74471 -43.9224 2.4
      vertex -3.88715 -44.4303 7.4
      vertex -7.74471 -43.9224 7.4
    endloop
  endfacet
  facet normal -0.130537 -0.991443 -0
    outer loop
      vertex -3.88715 -44.4303 7.4
      vertex -7.74471 -43.9224 2.4
      vertex -3.88715 -44.4303 2.4
    endloop
  endfacet
  facet normal -0.0436151 -0.999048 0
    outer loop
      vertex -3.88715 -44.4303 2.4
      vertex 0 -44.6 7.4
      vertex -3.88715 -44.4303 7.4
    endloop
  endfacet
  facet normal -0.0436151 -0.999048 -0
    outer loop
      vertex 0 -44.6 7.4
      vertex -3.88715 -44.4303 2.4
      vertex 0 -44.6 2.4
    endloop
  endfacet
  facet normal 0.0436151 -0.999048 0
    outer loop
      vertex 0 -44.6 2.4
      vertex 3.88715 -44.4303 7.4
      vertex 0 -44.6 7.4
    endloop
  endfacet
  facet normal 0.0436151 -0.999048 0
    outer loop
      vertex 3.88715 -44.4303 7.4
      vertex 0 -44.6 2.4
      vertex 3.88715 -44.4303 2.4
    endloop
  endfacet
  facet normal 0.130527 0.991445 -0
    outer loop
      vertex -3.62567 -41.4417 2.3
      vertex -7.22375 -40.968 7.4
      vertex -3.62567 -41.4417 7.4
    endloop
  endfacet
  facet normal 0.130527 0.991445 0
    outer loop
      vertex -7.22375 -40.968 7.4
      vertex -3.62567 -41.4417 2.3
      vertex -7.22375 -40.968 2.3
    endloop
  endfacet
  facet normal 0.21644 0.976296 -0
    outer loop
      vertex -7.22375 -40.968 2.3
      vertex -10.7669 -40.1825 7.4
      vertex -7.22375 -40.968 7.4
    endloop
  endfacet
  facet normal 0.21644 0.976296 0
    outer loop
      vertex -10.7669 -40.1825 7.4
      vertex -7.22375 -40.968 2.3
      vertex -10.7669 -40.1825 2.3
    endloop
  endfacet
  facet normal 0.300711 0.953715 -0
    outer loop
      vertex -10.7669 -40.1825 2.3
      vertex -14.228 -39.0912 7.4
      vertex -10.7669 -40.1825 7.4
    endloop
  endfacet
  facet normal 0.300711 0.953715 0
    outer loop
      vertex -14.228 -39.0912 7.4
      vertex -10.7669 -40.1825 2.3
      vertex -14.228 -39.0912 2.3
    endloop
  endfacet
  facet normal 0.38268 0.923881 -0
    outer loop
      vertex -14.228 -39.0912 2.3
      vertex -17.5809 -37.7024 7.4
      vertex -14.228 -39.0912 7.4
    endloop
  endfacet
  facet normal 0.38268 0.923881 0
    outer loop
      vertex -17.5809 -37.7024 7.4
      vertex -14.228 -39.0912 2.3
      vertex -17.5809 -37.7024 2.3
    endloop
  endfacet
  facet normal 0.461758 0.887006 -0
    outer loop
      vertex -17.5809 -37.7024 2.3
      vertex -20.8 -36.0266 7.4
      vertex -17.5809 -37.7024 7.4
    endloop
  endfacet
  facet normal 0.461758 0.887006 0
    outer loop
      vertex -20.8 -36.0266 7.4
      vertex -17.5809 -37.7024 2.3
      vertex -20.8 -36.0266 2.3
    endloop
  endfacet
  facet normal 0.537291 0.843397 -0
    outer loop
      vertex -20.8 -36.0266 2.3
      vertex -23.8608 -34.0767 7.4
      vertex -20.8 -36.0266 7.4
    endloop
  endfacet
  facet normal 0.537291 0.843397 0
    outer loop
      vertex -23.8608 -34.0767 7.4
      vertex -20.8 -36.0266 2.3
      vertex -23.8608 -34.0767 2.3
    endloop
  endfacet
  facet normal 0.608764 0.793352 -0
    outer loop
      vertex -23.8608 -34.0767 2.3
      vertex -26.74 -31.8674 7.4
      vertex -23.8608 -34.0767 7.4
    endloop
  endfacet
  facet normal 0.608764 0.793352 0
    outer loop
      vertex -26.74 -31.8674 7.4
      vertex -23.8608 -34.0767 2.3
      vertex -26.74 -31.8674 2.3
    endloop
  endfacet
  facet normal 0.6756 0.737269 -7.57108e-06
    outer loop
      vertex -26.74 -31.8674 7.4
      vertex -27.9397 -30.7681 2.4
      vertex -29.4156 -29.4156 7.4
    endloop
  endfacet
  facet normal 0.675583 0.737284 -0
    outer loop
      vertex -26.74 -31.8674 2.3
      vertex -27.9397 -30.7681 2.4
      vertex -26.74 -31.8674 7.4
    endloop
  endfacet
  facet normal 0.675583 0.737284 0
    outer loop
      vertex -27.9397 -30.7681 2.4
      vertex -26.74 -31.8674 2.3
      vertex -27.9397 -30.7681 2.3
    endloop
  endfacet
  facet normal 0.675614 0.737256 0
    outer loop
      vertex -29.4156 -29.4156 7.4
      vertex -27.9397 -30.7681 2.4
      vertex -29.4156 -29.4156 2.4
    endloop
  endfacet
  facet normal 0.737284 0.675583 0
    outer loop
      vertex -31.8674 -26.74 7.4
      vertex -30.7681 -27.9397 2.4
      vertex -31.8674 -26.74 2.3
    endloop
  endfacet
  facet normal 0.737269 0.6756 -7.57108e-06
    outer loop
      vertex -29.4156 -29.4156 7.4
      vertex -30.7681 -27.9397 2.4
      vertex -31.8674 -26.74 7.4
    endloop
  endfacet
  facet normal 0.737256 0.675614 0
    outer loop
      vertex -30.7681 -27.9397 2.4
      vertex -29.4156 -29.4156 7.4
      vertex -29.4156 -29.4156 2.4
    endloop
  endfacet
  facet normal 0.737284 0.675583 0
    outer loop
      vertex -31.8674 -26.74 2.3
      vertex -30.7681 -27.9397 2.4
      vertex -30.7681 -27.9397 2.3
    endloop
  endfacet
  facet normal 0.793352 0.608764 0
    outer loop
      vertex -31.8674 -26.74 7.4
      vertex -34.0767 -23.8608 2.3
      vertex -34.0767 -23.8608 7.4
    endloop
  endfacet
  facet normal 0.793352 0.608764 0
    outer loop
      vertex -34.0767 -23.8608 2.3
      vertex -31.8674 -26.74 7.4
      vertex -31.8674 -26.74 2.3
    endloop
  endfacet
  facet normal 0.843397 0.537291 0
    outer loop
      vertex -34.0767 -23.8608 7.4
      vertex -36.0266 -20.8 2.3
      vertex -36.0266 -20.8 7.4
    endloop
  endfacet
  facet normal 0.843397 0.537291 0
    outer loop
      vertex -36.0266 -20.8 2.3
      vertex -34.0767 -23.8608 7.4
      vertex -34.0767 -23.8608 2.3
    endloop
  endfacet
  facet normal 0.887006 0.461758 0
    outer loop
      vertex -36.0266 -20.8 7.4
      vertex -37.7024 -17.5809 2.3
      vertex -37.7024 -17.5809 7.4
    endloop
  endfacet
  facet normal 0.887006 0.461758 0
    outer loop
      vertex -37.7024 -17.5809 2.3
      vertex -36.0266 -20.8 7.4
      vertex -36.0266 -20.8 2.3
    endloop
  endfacet
  facet normal 0.923881 0.38268 0
    outer loop
      vertex -37.7024 -17.5809 7.4
      vertex -39.0912 -14.228 2.3
      vertex -39.0912 -14.228 7.4
    endloop
  endfacet
  facet normal 0.923881 0.38268 0
    outer loop
      vertex -39.0912 -14.228 2.3
      vertex -37.7024 -17.5809 7.4
      vertex -37.7024 -17.5809 2.3
    endloop
  endfacet
  facet normal 0.953715 0.300711 0
    outer loop
      vertex -39.0912 -14.228 7.4
      vertex -40.1825 -10.7669 2.3
      vertex -40.1825 -10.7669 7.4
    endloop
  endfacet
  facet normal 0.953715 0.300711 0
    outer loop
      vertex -40.1825 -10.7669 2.3
      vertex -39.0912 -14.228 7.4
      vertex -39.0912 -14.228 2.3
    endloop
  endfacet
  facet normal 0.976296 0.21644 0
    outer loop
      vertex -40.1825 -10.7669 7.4
      vertex -40.968 -7.22375 2.3
      vertex -40.968 -7.22375 7.4
    endloop
  endfacet
  facet normal 0.976296 0.21644 0
    outer loop
      vertex -40.968 -7.22375 2.3
      vertex -40.1825 -10.7669 7.4
      vertex -40.1825 -10.7669 2.3
    endloop
  endfacet
  facet normal 0.991447 0.130513 0
    outer loop
      vertex -40.968 -7.22375 7.4
      vertex -41.3306 -4.46924 2.3
      vertex -41.3306 -4.46924 7.4
    endloop
  endfacet
  facet normal 0.991447 0.130513 0
    outer loop
      vertex -41.3306 -4.46924 2.3
      vertex -40.968 -7.22375 7.4
      vertex -40.968 -7.22375 2.3
    endloop
  endfacet
  facet normal 0.991447 -0.130513 0
    outer loop
      vertex -41.3306 4.46924 7.4
      vertex -40.968 7.22375 2.3
      vertex -40.968 7.22375 7.4
    endloop
  endfacet
  facet normal 0.991447 -0.130513 0
    outer loop
      vertex -40.968 7.22375 2.3
      vertex -41.3306 4.46924 7.4
      vertex -41.3306 4.46924 2.3
    endloop
  endfacet
  facet normal 0.976296 -0.21644 0
    outer loop
      vertex -40.968 7.22375 7.4
      vertex -40.1825 10.7669 2.3
      vertex -40.1825 10.7669 7.4
    endloop
  endfacet
  facet normal 0.976296 -0.21644 0
    outer loop
      vertex -40.1825 10.7669 2.3
      vertex -40.968 7.22375 7.4
      vertex -40.968 7.22375 2.3
    endloop
  endfacet
  facet normal 0.953715 -0.300711 0
    outer loop
      vertex -40.1825 10.7669 7.4
      vertex -39.0912 14.228 2.3
      vertex -39.0912 14.228 7.4
    endloop
  endfacet
  facet normal 0.953715 -0.300711 0
    outer loop
      vertex -39.0912 14.228 2.3
      vertex -40.1825 10.7669 7.4
      vertex -40.1825 10.7669 2.3
    endloop
  endfacet
  facet normal 0.923881 -0.38268 0
    outer loop
      vertex -39.0912 14.228 7.4
      vertex -37.7024 17.5809 2.3
      vertex -37.7024 17.5809 7.4
    endloop
  endfacet
  facet normal 0.923881 -0.38268 0
    outer loop
      vertex -37.7024 17.5809 2.3
      vertex -39.0912 14.228 7.4
      vertex -39.0912 14.228 2.3
    endloop
  endfacet
  facet normal 0.887006 -0.461758 0
    outer loop
      vertex -37.7024 17.5809 7.4
      vertex -36.0266 20.8 2.3
      vertex -36.0266 20.8 7.4
    endloop
  endfacet
  facet normal 0.887006 -0.461758 0
    outer loop
      vertex -36.0266 20.8 2.3
      vertex -37.7024 17.5809 7.4
      vertex -37.7024 17.5809 2.3
    endloop
  endfacet
  facet normal 0.843397 -0.537291 0
    outer loop
      vertex -36.0266 20.8 7.4
      vertex -34.0767 23.8608 2.3
      vertex -34.0767 23.8608 7.4
    endloop
  endfacet
  facet normal 0.843397 -0.537291 0
    outer loop
      vertex -34.0767 23.8608 2.3
      vertex -36.0266 20.8 7.4
      vertex -36.0266 20.8 2.3
    endloop
  endfacet
  facet normal 0.793352 -0.608764 0
    outer loop
      vertex -34.0767 23.8608 7.4
      vertex -31.8674 26.74 2.3
      vertex -31.8674 26.74 7.4
    endloop
  endfacet
  facet normal 0.793352 -0.608764 0
    outer loop
      vertex -31.8674 26.74 2.3
      vertex -34.0767 23.8608 7.4
      vertex -34.0767 23.8608 2.3
    endloop
  endfacet
  facet normal 0.737256 -0.675614 0
    outer loop
      vertex -29.4156 29.4156 7.4
      vertex -30.7681 27.9397 2.4
      vertex -29.4156 29.4156 2.4
    endloop
  endfacet
  facet normal 0.737269 -0.6756 -7.57108e-06
    outer loop
      vertex -31.8674 26.74 7.4
      vertex -30.7681 27.9397 2.4
      vertex -29.4156 29.4156 7.4
    endloop
  endfacet
  facet normal 0.737284 -0.675583 0
    outer loop
      vertex -31.8674 26.74 2.3
      vertex -30.7681 27.9397 2.4
      vertex -31.8674 26.74 7.4
    endloop
  endfacet
  facet normal 0.737284 -0.675583 0
    outer loop
      vertex -30.7681 27.9397 2.4
      vertex -31.8674 26.74 2.3
      vertex -30.7681 27.9397 2.3
    endloop
  endfacet
  facet normal 0.675614 -0.737256 0
    outer loop
      vertex -27.9397 30.7681 2.4
      vertex -29.4156 29.4156 7.4
      vertex -29.4156 29.4156 2.4
    endloop
  endfacet
  facet normal 0.6756 -0.737269 -7.57108e-06
    outer loop
      vertex -29.4156 29.4156 7.4
      vertex -27.9397 30.7681 2.4
      vertex -26.74 31.8674 7.4
    endloop
  endfacet
  facet normal 0.675583 -0.737284 0
    outer loop
      vertex -26.74 31.8674 2.3
      vertex -27.9397 30.7681 2.4
      vertex -27.9397 30.7681 2.3
    endloop
  endfacet
  facet normal 0.675583 -0.737284 0
    outer loop
      vertex -27.9397 30.7681 2.4
      vertex -26.74 31.8674 2.3
      vertex -26.74 31.8674 7.4
    endloop
  endfacet
  facet normal 0.608764 -0.793352 0
    outer loop
      vertex -26.74 31.8674 2.3
      vertex -23.8608 34.0767 7.4
      vertex -26.74 31.8674 7.4
    endloop
  endfacet
  facet normal 0.608764 -0.793352 0
    outer loop
      vertex -23.8608 34.0767 7.4
      vertex -26.74 31.8674 2.3
      vertex -23.8608 34.0767 2.3
    endloop
  endfacet
  facet normal 0.537291 -0.843397 0
    outer loop
      vertex -23.8608 34.0767 2.3
      vertex -20.8 36.0266 7.4
      vertex -23.8608 34.0767 7.4
    endloop
  endfacet
  facet normal 0.537291 -0.843397 0
    outer loop
      vertex -20.8 36.0266 7.4
      vertex -23.8608 34.0767 2.3
      vertex -20.8 36.0266 2.3
    endloop
  endfacet
  facet normal 0.461758 -0.887006 0
    outer loop
      vertex -20.8 36.0266 2.3
      vertex -17.5809 37.7024 7.4
      vertex -20.8 36.0266 7.4
    endloop
  endfacet
  facet normal 0.461758 -0.887006 0
    outer loop
      vertex -17.5809 37.7024 7.4
      vertex -20.8 36.0266 2.3
      vertex -17.5809 37.7024 2.3
    endloop
  endfacet
  facet normal 0.38268 -0.923881 0
    outer loop
      vertex -17.5809 37.7024 2.3
      vertex -14.228 39.0912 7.4
      vertex -17.5809 37.7024 7.4
    endloop
  endfacet
  facet normal 0.38268 -0.923881 0
    outer loop
      vertex -14.228 39.0912 7.4
      vertex -17.5809 37.7024 2.3
      vertex -14.228 39.0912 2.3
    endloop
  endfacet
  facet normal 0.300711 -0.953715 0
    outer loop
      vertex -14.228 39.0912 2.3
      vertex -10.7669 40.1825 7.4
      vertex -14.228 39.0912 7.4
    endloop
  endfacet
  facet normal 0.300711 -0.953715 0
    outer loop
      vertex -10.7669 40.1825 7.4
      vertex -14.228 39.0912 2.3
      vertex -10.7669 40.1825 2.3
    endloop
  endfacet
  facet normal 0.21644 -0.976296 0
    outer loop
      vertex -10.7669 40.1825 2.3
      vertex -7.22375 40.968 7.4
      vertex -10.7669 40.1825 7.4
    endloop
  endfacet
  facet normal 0.21644 -0.976296 0
    outer loop
      vertex -7.22375 40.968 7.4
      vertex -10.7669 40.1825 2.3
      vertex -7.22375 40.968 2.3
    endloop
  endfacet
  facet normal 0.130527 -0.991445 0
    outer loop
      vertex -7.22375 40.968 2.3
      vertex -3.62567 41.4417 7.4
      vertex -7.22375 40.968 7.4
    endloop
  endfacet
  facet normal 0.130527 -0.991445 0
    outer loop
      vertex -3.62567 41.4417 7.4
      vertex -7.22375 40.968 2.3
      vertex -3.62567 41.4417 2.3
    endloop
  endfacet
  facet normal 0.0436193 -0.999048 -4.35416e-06
    outer loop
      vertex -3.62567 41.4417 7.4
      vertex -2 41.5127 2.4
      vertex 0 41.6 7.4
    endloop
  endfacet
  facet normal 0.0436327 -0.999048 0
    outer loop
      vertex -3.62567 41.4417 2.3
      vertex -2 41.5127 2.4
      vertex -3.62567 41.4417 7.4
    endloop
  endfacet
  facet normal 0.0436327 -0.999048 0
    outer loop
      vertex -2 41.5127 2.4
      vertex -3.62567 41.4417 2.3
      vertex -2 41.5127 2.3
    endloop
  endfacet
  facet normal 0.0436085 -0.999049 0
    outer loop
      vertex 0 41.6 7.4
      vertex -2 41.5127 2.4
      vertex 0 41.6 2.4
    endloop
  endfacet
  facet normal -0.0436085 -0.999049 0
    outer loop
      vertex 2 41.5127 2.4
      vertex 0 41.6 7.4
      vertex 0 41.6 2.4
    endloop
  endfacet
  facet normal -0.0436193 -0.999048 -4.35416e-06
    outer loop
      vertex 0 41.6 7.4
      vertex 2 41.5127 2.4
      vertex 3.62567 41.4417 7.4
    endloop
  endfacet
  facet normal -0.0436327 -0.999048 0
    outer loop
      vertex 3.62567 41.4417 2.3
      vertex 2 41.5127 2.4
      vertex 2 41.5127 2.3
    endloop
  endfacet
  facet normal -0.0436327 -0.999048 0
    outer loop
      vertex 2 41.5127 2.4
      vertex 3.62567 41.4417 2.3
      vertex 3.62567 41.4417 7.4
    endloop
  endfacet
  facet normal -0.130527 -0.991445 0
    outer loop
      vertex 3.62567 41.4417 2.3
      vertex 7.22375 40.968 7.4
      vertex 3.62567 41.4417 7.4
    endloop
  endfacet
  facet normal -0.130527 -0.991445 -0
    outer loop
      vertex 7.22375 40.968 7.4
      vertex 3.62567 41.4417 2.3
      vertex 7.22375 40.968 2.3
    endloop
  endfacet
  facet normal -0.21644 -0.976296 0
    outer loop
      vertex 7.22375 40.968 2.3
      vertex 10.7669 40.1825 7.4
      vertex 7.22375 40.968 7.4
    endloop
  endfacet
  facet normal -0.21644 -0.976296 -0
    outer loop
      vertex 10.7669 40.1825 7.4
      vertex 7.22375 40.968 2.3
      vertex 10.7669 40.1825 2.3
    endloop
  endfacet
  facet normal -0.300711 -0.953715 0
    outer loop
      vertex 10.7669 40.1825 2.3
      vertex 14.228 39.0912 7.4
      vertex 10.7669 40.1825 7.4
    endloop
  endfacet
  facet normal -0.300711 -0.953715 -0
    outer loop
      vertex 14.228 39.0912 7.4
      vertex 10.7669 40.1825 2.3
      vertex 14.228 39.0912 2.3
    endloop
  endfacet
  facet normal -0.382682 -0.92388 0
    outer loop
      vertex 14.228 39.0912 2.3
      vertex 16.7948 38.028 7.4
      vertex 14.228 39.0912 7.4
    endloop
  endfacet
  facet normal -0.382682 -0.92388 -0
    outer loop
      vertex 16.7948 38.028 7.4
      vertex 14.228 39.0912 2.3
      vertex 16.7948 38.028 2.3
    endloop
  endfacet
  facet normal -0.608775 -0.793343 0
    outer loop
      vertex 24.5358 33.5588 2.3
      vertex 26.74 31.8674 7.4
      vertex 24.5358 33.5588 7.4
    endloop
  endfacet
  facet normal -0.608775 -0.793343 -0
    outer loop
      vertex 26.74 31.8674 7.4
      vertex 24.5358 33.5588 2.3
      vertex 26.74 31.8674 2.3
    endloop
  endfacet
  facet normal -0.6756 -0.737269 -7.57108e-06
    outer loop
      vertex 26.74 31.8674 7.4
      vertex 27.9397 30.7681 2.4
      vertex 29.4156 29.4156 7.4
    endloop
  endfacet
  facet normal -0.675583 -0.737284 0
    outer loop
      vertex 26.74 31.8674 2.3
      vertex 27.9397 30.7681 2.4
      vertex 26.74 31.8674 7.4
    endloop
  endfacet
  facet normal -0.675583 -0.737284 -0
    outer loop
      vertex 27.9397 30.7681 2.4
      vertex 26.74 31.8674 2.3
      vertex 27.9397 30.7681 2.3
    endloop
  endfacet
  facet normal -0.675614 -0.737256 -0
    outer loop
      vertex 29.4156 29.4156 7.4
      vertex 27.9397 30.7681 2.4
      vertex 29.4156 29.4156 2.4
    endloop
  endfacet
  facet normal -0.737256 -0.675614 0
    outer loop
      vertex 30.7681 27.9397 2.4
      vertex 29.4156 29.4156 7.4
      vertex 29.4156 29.4156 2.4
    endloop
  endfacet
  facet normal -0.737284 -0.675583 -0
    outer loop
      vertex 31.8674 26.74 7.4
      vertex 30.7681 27.9397 2.4
      vertex 31.8674 26.74 2.3
    endloop
  endfacet
  facet normal -0.737269 -0.6756 -7.57108e-06
    outer loop
      vertex 30.7681 27.9397 2.4
      vertex 31.8674 26.74 7.4
      vertex 29.4156 29.4156 7.4
    endloop
  endfacet
  facet normal -0.737284 -0.675583 0
    outer loop
      vertex 30.7681 27.9397 2.3
      vertex 31.8674 26.74 2.3
      vertex 30.7681 27.9397 2.4
    endloop
  endfacet
  facet normal -0.793352 -0.608764 0
    outer loop
      vertex 34.0767 23.8608 2.3
      vertex 31.8674 26.74 7.4
      vertex 31.8674 26.74 2.3
    endloop
  endfacet
  facet normal -0.793352 -0.608764 0
    outer loop
      vertex 31.8674 26.74 7.4
      vertex 34.0767 23.8608 2.3
      vertex 34.0767 23.8608 7.4
    endloop
  endfacet
  facet normal -0.843397 -0.537291 0
    outer loop
      vertex 36.0266 20.8 2.3
      vertex 34.0767 23.8608 7.4
      vertex 34.0767 23.8608 2.3
    endloop
  endfacet
  facet normal -0.843397 -0.537291 0
    outer loop
      vertex 34.0767 23.8608 7.4
      vertex 36.0266 20.8 2.3
      vertex 36.0266 20.8 7.4
    endloop
  endfacet
  facet normal -0.887006 -0.461758 0
    outer loop
      vertex 37.7024 17.5809 2.3
      vertex 36.0266 20.8 7.4
      vertex 36.0266 20.8 2.3
    endloop
  endfacet
  facet normal -0.887006 -0.461758 0
    outer loop
      vertex 36.0266 20.8 7.4
      vertex 37.7024 17.5809 2.3
      vertex 37.7024 17.5809 7.4
    endloop
  endfacet
  facet normal -0.923881 -0.38268 0
    outer loop
      vertex 39.0912 14.228 2.3
      vertex 37.7024 17.5809 7.4
      vertex 37.7024 17.5809 2.3
    endloop
  endfacet
  facet normal -0.923881 -0.38268 0
    outer loop
      vertex 37.7024 17.5809 7.4
      vertex 39.0912 14.228 2.3
      vertex 39.0912 14.228 7.4
    endloop
  endfacet
  facet normal -0.953715 -0.300711 0
    outer loop
      vertex 40.1825 10.7669 2.3
      vertex 39.0912 14.228 7.4
      vertex 39.0912 14.228 2.3
    endloop
  endfacet
  facet normal -0.953715 -0.300711 0
    outer loop
      vertex 39.0912 14.228 7.4
      vertex 40.1825 10.7669 2.3
      vertex 40.1825 10.7669 7.4
    endloop
  endfacet
  facet normal -0.976296 -0.21644 0
    outer loop
      vertex 40.968 7.22375 2.3
      vertex 40.1825 10.7669 7.4
      vertex 40.1825 10.7669 2.3
    endloop
  endfacet
  facet normal -0.976296 -0.21644 0
    outer loop
      vertex 40.1825 10.7669 7.4
      vertex 40.968 7.22375 2.3
      vertex 40.968 7.22375 7.4
    endloop
  endfacet
  facet normal -0.991445 -0.130527 0
    outer loop
      vertex 41.4417 3.62567 2.3
      vertex 40.968 7.22375 7.4
      vertex 40.968 7.22375 2.3
    endloop
  endfacet
  facet normal -0.991445 -0.130527 0
    outer loop
      vertex 40.968 7.22375 7.4
      vertex 41.4417 3.62567 2.3
      vertex 41.4417 3.62567 7.4
    endloop
  endfacet
  facet normal -0.999048 -0.0436327 -0
    outer loop
      vertex 41.5127 2 2.4
      vertex 41.4417 3.62567 2.3
      vertex 41.5127 2 2.3
    endloop
  endfacet
  facet normal -0.999048 -0.0436327 0
    outer loop
      vertex 41.4417 3.62567 2.3
      vertex 41.5127 2 2.4
      vertex 41.4417 3.62567 7.4
    endloop
  endfacet
  facet normal -0.999049 -0.0436085 -0
    outer loop
      vertex 41.6 0 7.4
      vertex 41.5127 2 2.4
      vertex 41.6 0 2.4
    endloop
  endfacet
  facet normal -0.999048 -0.0436193 -4.35416e-06
    outer loop
      vertex 41.5127 2 2.4
      vertex 41.6 0 7.4
      vertex 41.4417 3.62567 7.4
    endloop
  endfacet
  facet normal -0.999048 0.0436327 0
    outer loop
      vertex 41.5127 -2 2.3
      vertex 41.4417 -3.62567 2.3
      vertex 41.5127 -2 2.4
    endloop
  endfacet
  facet normal -0.999049 0.0436085 0
    outer loop
      vertex 41.5127 -2 2.4
      vertex 41.6 0 7.4
      vertex 41.6 0 2.4
    endloop
  endfacet
  facet normal -0.999048 0.0436327 0
    outer loop
      vertex 41.4417 -3.62567 7.4
      vertex 41.5127 -2 2.4
      vertex 41.4417 -3.62567 2.3
    endloop
  endfacet
  facet normal -0.999048 0.0436193 -4.35416e-06
    outer loop
      vertex 41.5127 -2 2.4
      vertex 41.4417 -3.62567 7.4
      vertex 41.6 0 7.4
    endloop
  endfacet
  facet normal -0.991445 0.130527 0
    outer loop
      vertex 40.968 -7.22375 2.3
      vertex 41.4417 -3.62567 7.4
      vertex 41.4417 -3.62567 2.3
    endloop
  endfacet
  facet normal -0.991445 0.130527 0
    outer loop
      vertex 41.4417 -3.62567 7.4
      vertex 40.968 -7.22375 2.3
      vertex 40.968 -7.22375 7.4
    endloop
  endfacet
  facet normal -0.976296 0.21644 0
    outer loop
      vertex 40.1825 -10.7669 2.3
      vertex 40.968 -7.22375 7.4
      vertex 40.968 -7.22375 2.3
    endloop
  endfacet
  facet normal -0.976296 0.21644 0
    outer loop
      vertex 40.968 -7.22375 7.4
      vertex 40.1825 -10.7669 2.3
      vertex 40.1825 -10.7669 7.4
    endloop
  endfacet
  facet normal -0.953715 0.300711 0
    outer loop
      vertex 39.0912 -14.228 2.3
      vertex 40.1825 -10.7669 7.4
      vertex 40.1825 -10.7669 2.3
    endloop
  endfacet
  facet normal -0.953715 0.300711 0
    outer loop
      vertex 40.1825 -10.7669 7.4
      vertex 39.0912 -14.228 2.3
      vertex 39.0912 -14.228 7.4
    endloop
  endfacet
  facet normal -0.923881 0.38268 0
    outer loop
      vertex 37.7024 -17.5809 2.3
      vertex 39.0912 -14.228 7.4
      vertex 39.0912 -14.228 2.3
    endloop
  endfacet
  facet normal -0.923881 0.38268 0
    outer loop
      vertex 39.0912 -14.228 7.4
      vertex 37.7024 -17.5809 2.3
      vertex 37.7024 -17.5809 7.4
    endloop
  endfacet
  facet normal -0.887006 0.461758 0
    outer loop
      vertex 36.0266 -20.8 2.3
      vertex 37.7024 -17.5809 7.4
      vertex 37.7024 -17.5809 2.3
    endloop
  endfacet
  facet normal -0.887006 0.461758 0
    outer loop
      vertex 37.7024 -17.5809 7.4
      vertex 36.0266 -20.8 2.3
      vertex 36.0266 -20.8 7.4
    endloop
  endfacet
  facet normal -0.843397 0.537291 0
    outer loop
      vertex 34.0767 -23.8608 2.3
      vertex 36.0266 -20.8 7.4
      vertex 36.0266 -20.8 2.3
    endloop
  endfacet
  facet normal -0.843397 0.537291 0
    outer loop
      vertex 36.0266 -20.8 7.4
      vertex 34.0767 -23.8608 2.3
      vertex 34.0767 -23.8608 7.4
    endloop
  endfacet
  facet normal -0.793352 0.608764 0
    outer loop
      vertex 31.8674 -26.74 2.3
      vertex 34.0767 -23.8608 7.4
      vertex 34.0767 -23.8608 2.3
    endloop
  endfacet
  facet normal -0.793352 0.608764 0
    outer loop
      vertex 34.0767 -23.8608 7.4
      vertex 31.8674 -26.74 2.3
      vertex 31.8674 -26.74 7.4
    endloop
  endfacet
  facet normal -0.737284 0.675583 0
    outer loop
      vertex 30.7681 -27.9397 2.4
      vertex 31.8674 -26.74 2.3
      vertex 30.7681 -27.9397 2.3
    endloop
  endfacet
  facet normal -0.737284 0.675583 0
    outer loop
      vertex 31.8674 -26.74 2.3
      vertex 30.7681 -27.9397 2.4
      vertex 31.8674 -26.74 7.4
    endloop
  endfacet
  facet normal -0.737256 0.675614 0
    outer loop
      vertex 29.4156 -29.4156 7.4
      vertex 30.7681 -27.9397 2.4
      vertex 29.4156 -29.4156 2.4
    endloop
  endfacet
  facet normal -0.737269 0.6756 -7.57108e-06
    outer loop
      vertex 30.7681 -27.9397 2.4
      vertex 29.4156 -29.4156 7.4
      vertex 31.8674 -26.74 7.4
    endloop
  endfacet
  facet normal -0.675614 0.737256 0
    outer loop
      vertex 27.9397 -30.7681 2.4
      vertex 29.4156 -29.4156 7.4
      vertex 29.4156 -29.4156 2.4
    endloop
  endfacet
  facet normal -0.6756 0.737269 -7.57108e-06
    outer loop
      vertex 29.4156 -29.4156 7.4
      vertex 27.9397 -30.7681 2.4
      vertex 26.74 -31.8674 7.4
    endloop
  endfacet
  facet normal -0.675583 0.737284 0
    outer loop
      vertex 26.74 -31.8674 2.3
      vertex 27.9397 -30.7681 2.4
      vertex 27.9397 -30.7681 2.3
    endloop
  endfacet
  facet normal -0.675583 0.737284 0
    outer loop
      vertex 27.9397 -30.7681 2.4
      vertex 26.74 -31.8674 2.3
      vertex 26.74 -31.8674 7.4
    endloop
  endfacet
  facet normal -0.608775 0.793343 0
    outer loop
      vertex 26.74 -31.8674 2.3
      vertex 24.5358 -33.5588 7.4
      vertex 26.74 -31.8674 7.4
    endloop
  endfacet
  facet normal -0.608775 0.793343 0
    outer loop
      vertex 24.5358 -33.5588 7.4
      vertex 26.74 -31.8674 2.3
      vertex 24.5358 -33.5588 2.3
    endloop
  endfacet
  facet normal -0.382682 0.92388 0
    outer loop
      vertex 16.7948 -38.028 2.3
      vertex 14.228 -39.0912 7.4
      vertex 16.7948 -38.028 7.4
    endloop
  endfacet
  facet normal -0.382682 0.92388 0
    outer loop
      vertex 14.228 -39.0912 7.4
      vertex 16.7948 -38.028 2.3
      vertex 14.228 -39.0912 2.3
    endloop
  endfacet
  facet normal -0.300711 0.953715 0
    outer loop
      vertex 14.228 -39.0912 2.3
      vertex 10.7669 -40.1825 7.4
      vertex 14.228 -39.0912 7.4
    endloop
  endfacet
  facet normal -0.300711 0.953715 0
    outer loop
      vertex 10.7669 -40.1825 7.4
      vertex 14.228 -39.0912 2.3
      vertex 10.7669 -40.1825 2.3
    endloop
  endfacet
  facet normal -0.21644 0.976296 0
    outer loop
      vertex 10.7669 -40.1825 2.3
      vertex 7.22375 -40.968 7.4
      vertex 10.7669 -40.1825 7.4
    endloop
  endfacet
  facet normal -0.21644 0.976296 0
    outer loop
      vertex 7.22375 -40.968 7.4
      vertex 10.7669 -40.1825 2.3
      vertex 7.22375 -40.968 2.3
    endloop
  endfacet
  facet normal -0.130527 0.991445 0
    outer loop
      vertex 7.22375 -40.968 2.3
      vertex 3.62567 -41.4417 7.4
      vertex 7.22375 -40.968 7.4
    endloop
  endfacet
  facet normal -0.130527 0.991445 0
    outer loop
      vertex 3.62567 -41.4417 7.4
      vertex 7.22375 -40.968 2.3
      vertex 3.62567 -41.4417 2.3
    endloop
  endfacet
  facet normal -0.0436193 0.999048 -4.35416e-06
    outer loop
      vertex 3.62567 -41.4417 7.4
      vertex 2 -41.5127 2.4
      vertex 0 -41.6 7.4
    endloop
  endfacet
  facet normal -0.0436327 0.999048 0
    outer loop
      vertex 3.62567 -41.4417 2.3
      vertex 2 -41.5127 2.4
      vertex 3.62567 -41.4417 7.4
    endloop
  endfacet
  facet normal -0.0436327 0.999048 0
    outer loop
      vertex 2 -41.5127 2.4
      vertex 3.62567 -41.4417 2.3
      vertex 2 -41.5127 2.3
    endloop
  endfacet
  facet normal -0.0436085 0.999049 0
    outer loop
      vertex 0 -41.6 7.4
      vertex 2 -41.5127 2.4
      vertex 0 -41.6 2.4
    endloop
  endfacet
  facet normal 0.0436085 0.999049 0
    outer loop
      vertex -2 -41.5127 2.4
      vertex 0 -41.6 7.4
      vertex 0 -41.6 2.4
    endloop
  endfacet
  facet normal 0.0436193 0.999048 -4.35416e-06
    outer loop
      vertex 0 -41.6 7.4
      vertex -2 -41.5127 2.4
      vertex -3.62567 -41.4417 7.4
    endloop
  endfacet
  facet normal 0.0436327 0.999048 0
    outer loop
      vertex -3.62567 -41.4417 2.3
      vertex -2 -41.5127 2.4
      vertex -2 -41.5127 2.3
    endloop
  endfacet
  facet normal 0.0436327 0.999048 0
    outer loop
      vertex -2 -41.5127 2.4
      vertex -3.62567 -41.4417 2.3
      vertex -3.62567 -41.4417 7.4
    endloop
  endfacet
  facet normal 0.173654 -0.984807 -1.41878e-07
    outer loop
      vertex -42.3814 1.59748 7.4
      vertex -42.3539 1.60233 1.55
      vertex -41.8 1.7 7.4
    endloop
  endfacet
  facet normal 0.173683 -0.984802 0
    outer loop
      vertex -42.3539 1.60233 1.55
      vertex -42.3814 1.59748 7.4
      vertex -42.3814 1.59748 1.54693
    endloop
  endfacet
  facet normal 0.173652 -0.984807 0
    outer loop
      vertex -41.8 1.7 7.4
      vertex -42.3539 1.60233 1.55
      vertex -41.8 1.7 1.55
    endloop
  endfacet
  facet normal -0.500014 -0.866017 -2.84059e-06
    outer loop
      vertex -41.2186 1.59748 7.4
      vertex -41.2084 1.59161 1.55
      vertex -40.7073 1.30227 7.4
    endloop
  endfacet
  facet normal -0.49879 -0.866723 0
    outer loop
      vertex -41.2084 1.59161 1.55
      vertex -41.2186 1.59748 7.4
      vertex -41.2186 1.59748 1.54693
    endloop
  endfacet
  facet normal -0.500014 -0.866017 -2.77705e-06
    outer loop
      vertex -40.7426 1.32267 1.55
      vertex -40.7073 1.30227 7.4
      vertex -41.2084 1.59161 1.55
    endloop
  endfacet
  facet normal -0.500359 -0.865818 -0
    outer loop
      vertex -40.7073 1.30227 7.4
      vertex -40.7426 1.32267 1.55
      vertex -40.7073 1.30227 1.54463
    endloop
  endfacet
  facet normal 0.93954 0.34244 0
    outer loop
      vertex -43.4742 -0.295201 7.4
      vertex -43.4592 -0.336356 1.55
      vertex -43.4742 -0.295201 1.54233
    endloop
  endfacet
  facet normal 0.939717 0.341954 3.87019e-06
    outer loop
      vertex -43.4742 -0.295201 7.4
      vertex -43.2831 -0.820293 1.55
      vertex -43.4592 -0.336356 1.55
    endloop
  endfacet
  facet normal 0.939654 0.342125 -1.35166e-05
    outer loop
      vertex -43.2722 -0.849999 7.4
      vertex -43.2831 -0.820293 1.55
      vertex -43.4742 -0.295201 7.4
    endloop
  endfacet
  facet normal 0.938797 0.344472 0
    outer loop
      vertex -43.2831 -0.820293 1.55
      vertex -43.2722 -0.849999 7.4
      vertex -43.2722 -0.849999 1.54309
    endloop
  endfacet
  facet normal -1 0 0
    outer loop
      vertex -40.1258 0.256226 1.55
      vertex -40.1258 0.295201 7.4
      vertex -40.1258 0.295201 1.54233
    endloop
  endfacet
  facet normal -1 0 0
    outer loop
      vertex -40.1258 -0.256226 1.55
      vertex -40.1258 0.295201 7.4
      vertex -40.1258 0.256226 1.55
    endloop
  endfacet
  facet normal -1 0 0
    outer loop
      vertex -40.1258 -0.295201 7.4
      vertex -40.1258 -0.256226 1.55
      vertex -40.1258 -0.295201 1.54233
    endloop
  endfacet
  facet normal -1 0 0
    outer loop
      vertex -40.1258 -0.256226 1.55
      vertex -40.1258 -0.295201 7.4
      vertex -40.1258 0.295201 7.4
    endloop
  endfacet
  facet normal 0.765652 -0.643255 0
    outer loop
      vertex -42.8927 1.30227 7.4
      vertex -42.9071 1.28513 1.55
      vertex -42.8927 1.30227 1.54463
    endloop
  endfacet
  facet normal 0.766038 -0.642796 -2.29486e-06
    outer loop
      vertex -42.8927 1.30227 7.4
      vertex -43.2433 0.884471 1.55
      vertex -42.9071 1.28513 1.55
    endloop
  endfacet
  facet normal 0.766045 -0.642787 -3.32735e-06
    outer loop
      vertex -43.2722 0.849999 7.4
      vertex -43.2433 0.884471 1.55
      vertex -42.8927 1.30227 7.4
    endloop
  endfacet
  facet normal 0.766323 -0.642456 0
    outer loop
      vertex -43.2433 0.884471 1.55
      vertex -43.2722 0.849999 7.4
      vertex -43.2722 0.849999 1.54309
    endloop
  endfacet
  facet normal -0.938797 -0.344472 0
    outer loop
      vertex -40.3169 0.820293 1.55
      vertex -40.3278 0.849999 7.4
      vertex -40.3278 0.849999 1.54309
    endloop
  endfacet
  facet normal -0.939717 -0.341954 -1.45011e-05
    outer loop
      vertex -40.1408 0.336356 1.55
      vertex -40.3278 0.849999 7.4
      vertex -40.3169 0.820293 1.55
    endloop
  endfacet
  facet normal -0.93954 -0.34244 -0
    outer loop
      vertex -40.1258 0.295201 7.4
      vertex -40.1408 0.336356 1.55
      vertex -40.1258 0.295201 1.54233
    endloop
  endfacet
  facet normal -0.939654 -0.342125 2.50724e-06
    outer loop
      vertex -40.1408 0.336356 1.55
      vertex -40.1258 0.295201 7.4
      vertex -40.3278 0.849999 7.4
    endloop
  endfacet
  facet normal -0.500014 0.866017 -2.78152e-06
    outer loop
      vertex -40.7073 -1.30227 7.4
      vertex -40.7426 -1.32267 1.55
      vertex -41.2186 -1.59748 7.4
    endloop
  endfacet
  facet normal -0.500359 0.865818 0
    outer loop
      vertex -40.7426 -1.32267 1.55
      vertex -40.7073 -1.30227 7.4
      vertex -40.7073 -1.30227 1.54463
    endloop
  endfacet
  facet normal -0.500014 0.866017 -2.84188e-06
    outer loop
      vertex -41.2084 -1.59161 1.55
      vertex -41.2186 -1.59748 7.4
      vertex -40.7426 -1.32267 1.55
    endloop
  endfacet
  facet normal -0.49879 0.866723 0
    outer loop
      vertex -41.2186 -1.59748 7.4
      vertex -41.2084 -1.59161 1.55
      vertex -41.2186 -1.59748 1.54693
    endloop
  endfacet
  facet normal 0.500014 -0.866017 -2.78152e-06
    outer loop
      vertex -42.8927 1.30227 7.4
      vertex -42.8574 1.32267 1.55
      vertex -42.3814 1.59748 7.4
    endloop
  endfacet
  facet normal 0.500359 -0.865818 0
    outer loop
      vertex -42.8574 1.32267 1.55
      vertex -42.8927 1.30227 7.4
      vertex -42.8927 1.30227 1.54463
    endloop
  endfacet
  facet normal 0.500014 -0.866017 -2.84188e-06
    outer loop
      vertex -42.3916 1.59161 1.55
      vertex -42.3814 1.59748 7.4
      vertex -42.8574 1.32267 1.55
    endloop
  endfacet
  facet normal 0.49879 -0.866723 0
    outer loop
      vertex -42.3814 1.59748 7.4
      vertex -42.3916 1.59161 1.55
      vertex -42.3814 1.59748 1.54693
    endloop
  endfacet
  facet normal 0.938797 -0.344472 0
    outer loop
      vertex -43.2722 0.849999 7.4
      vertex -43.2831 0.820293 1.55
      vertex -43.2722 0.849999 1.54309
    endloop
  endfacet
  facet normal 0.939717 -0.341954 -1.45011e-05
    outer loop
      vertex -43.2722 0.849999 7.4
      vertex -43.4592 0.336356 1.55
      vertex -43.2831 0.820293 1.55
    endloop
  endfacet
  facet normal 0.939654 -0.342125 2.50724e-06
    outer loop
      vertex -43.4742 0.295201 7.4
      vertex -43.4592 0.336356 1.55
      vertex -43.2722 0.849999 7.4
    endloop
  endfacet
  facet normal 0.93954 -0.34244 0
    outer loop
      vertex -43.4592 0.336356 1.55
      vertex -43.4742 0.295201 7.4
      vertex -43.4742 0.295201 1.54233
    endloop
  endfacet
  facet normal 0.766323 0.642456 0
    outer loop
      vertex -43.2722 -0.849999 7.4
      vertex -43.2433 -0.884471 1.55
      vertex -43.2722 -0.849999 1.54309
    endloop
  endfacet
  facet normal 0.766038 0.642796 -3.41251e-06
    outer loop
      vertex -43.2722 -0.849999 7.4
      vertex -42.9071 -1.28513 1.55
      vertex -43.2433 -0.884471 1.55
    endloop
  endfacet
  facet normal 0.766045 0.642787 -2.33723e-06
    outer loop
      vertex -42.8927 -1.30227 7.4
      vertex -42.9071 -1.28513 1.55
      vertex -43.2722 -0.849999 7.4
    endloop
  endfacet
  facet normal 0.765652 0.643255 0
    outer loop
      vertex -42.9071 -1.28513 1.55
      vertex -42.8927 -1.30227 7.4
      vertex -42.8927 -1.30227 1.54463
    endloop
  endfacet
  facet normal 0.500014 0.866017 -2.84059e-06
    outer loop
      vertex -42.3814 -1.59748 7.4
      vertex -42.3916 -1.59161 1.55
      vertex -42.8927 -1.30227 7.4
    endloop
  endfacet
  facet normal 0.49879 0.866723 0
    outer loop
      vertex -42.3916 -1.59161 1.55
      vertex -42.3814 -1.59748 7.4
      vertex -42.3814 -1.59748 1.54693
    endloop
  endfacet
  facet normal 0.500014 0.866017 -2.77705e-06
    outer loop
      vertex -42.8574 -1.32267 1.55
      vertex -42.8927 -1.30227 7.4
      vertex -42.3916 -1.59161 1.55
    endloop
  endfacet
  facet normal 0.500359 0.865818 0
    outer loop
      vertex -42.8927 -1.30227 7.4
      vertex -42.8574 -1.32267 1.55
      vertex -42.8927 -1.30227 1.54463
    endloop
  endfacet
  facet normal 0.173654 0.984807 -0
    outer loop
      vertex -41.8 -1.7 1.55
      vertex -42.3814 -1.59748 7.4
      vertex -41.8 -1.7 7.4
    endloop
  endfacet
  facet normal 0.173652 0.984807 -1.48922e-07
    outer loop
      vertex -42.3539 -1.60233 1.55
      vertex -42.3814 -1.59748 7.4
      vertex -41.8 -1.7 1.55
    endloop
  endfacet
  facet normal 0.173683 0.984802 0
    outer loop
      vertex -42.3814 -1.59748 7.4
      vertex -42.3539 -1.60233 1.55
      vertex -42.3814 -1.59748 1.54693
    endloop
  endfacet
  facet normal -0.765652 -0.643255 0
    outer loop
      vertex -40.6929 1.28513 1.55
      vertex -40.7073 1.30227 7.4
      vertex -40.7073 1.30227 1.54463
    endloop
  endfacet
  facet normal -0.766038 -0.642796 -2.29486e-06
    outer loop
      vertex -40.3567 0.884471 1.55
      vertex -40.7073 1.30227 7.4
      vertex -40.6929 1.28513 1.55
    endloop
  endfacet
  facet normal -0.766323 -0.642456 -0
    outer loop
      vertex -40.3278 0.849999 7.4
      vertex -40.3567 0.884471 1.55
      vertex -40.3278 0.849999 1.54309
    endloop
  endfacet
  facet normal -0.766045 -0.642787 -3.32735e-06
    outer loop
      vertex -40.3567 0.884471 1.55
      vertex -40.3278 0.849999 7.4
      vertex -40.7073 1.30227 7.4
    endloop
  endfacet
  facet normal -0.173654 -0.984807 0
    outer loop
      vertex -41.8 1.7 1.55
      vertex -41.2186 1.59748 7.4
      vertex -41.8 1.7 7.4
    endloop
  endfacet
  facet normal -0.173652 -0.984807 -1.48922e-07
    outer loop
      vertex -41.2461 1.60233 1.55
      vertex -41.2186 1.59748 7.4
      vertex -41.8 1.7 1.55
    endloop
  endfacet
  facet normal -0.173683 -0.984802 -0
    outer loop
      vertex -41.2186 1.59748 7.4
      vertex -41.2461 1.60233 1.55
      vertex -41.2186 1.59748 1.54693
    endloop
  endfacet
  facet normal -0.93954 0.34244 0
    outer loop
      vertex -40.1408 -0.336356 1.55
      vertex -40.1258 -0.295201 7.4
      vertex -40.1258 -0.295201 1.54233
    endloop
  endfacet
  facet normal -0.939717 0.341954 3.87019e-06
    outer loop
      vertex -40.3169 -0.820293 1.55
      vertex -40.1258 -0.295201 7.4
      vertex -40.1408 -0.336356 1.55
    endloop
  endfacet
  facet normal -0.938797 0.344472 0
    outer loop
      vertex -40.3278 -0.849999 7.4
      vertex -40.3169 -0.820293 1.55
      vertex -40.3278 -0.849999 1.54309
    endloop
  endfacet
  facet normal -0.939654 0.342125 -1.35166e-05
    outer loop
      vertex -40.3169 -0.820293 1.55
      vertex -40.3278 -0.849999 7.4
      vertex -40.1258 -0.295201 7.4
    endloop
  endfacet
  facet normal 1 0 0
    outer loop
      vertex -43.4742 0.295201 7.4
      vertex -43.4742 0.256226 1.55
      vertex -43.4742 0.295201 1.54233
    endloop
  endfacet
  facet normal 1 0 0
    outer loop
      vertex -43.4742 0.295201 7.4
      vertex -43.4742 -0.256226 1.55
      vertex -43.4742 0.256226 1.55
    endloop
  endfacet
  facet normal 1 -0 0
    outer loop
      vertex -43.4742 -0.295201 7.4
      vertex -43.4742 -0.256226 1.55
      vertex -43.4742 0.295201 7.4
    endloop
  endfacet
  facet normal 1 0 0
    outer loop
      vertex -43.4742 -0.256226 1.55
      vertex -43.4742 -0.295201 7.4
      vertex -43.4742 -0.295201 1.54233
    endloop
  endfacet
  facet normal -0.173654 0.984807 -1.41878e-07
    outer loop
      vertex -41.2186 -1.59748 7.4
      vertex -41.2461 -1.60233 1.55
      vertex -41.8 -1.7 7.4
    endloop
  endfacet
  facet normal -0.173683 0.984802 0
    outer loop
      vertex -41.2461 -1.60233 1.55
      vertex -41.2186 -1.59748 7.4
      vertex -41.2186 -1.59748 1.54693
    endloop
  endfacet
  facet normal -0.173652 0.984807 0
    outer loop
      vertex -41.8 -1.7 7.4
      vertex -41.2461 -1.60233 1.55
      vertex -41.8 -1.7 1.55
    endloop
  endfacet
  facet normal -0.766323 0.642456 0
    outer loop
      vertex -40.3567 -0.884471 1.55
      vertex -40.3278 -0.849999 7.4
      vertex -40.3278 -0.849999 1.54309
    endloop
  endfacet
  facet normal -0.766038 0.642796 -3.41251e-06
    outer loop
      vertex -40.6929 -1.28513 1.55
      vertex -40.3278 -0.849999 7.4
      vertex -40.3567 -0.884471 1.55
    endloop
  endfacet
  facet normal -0.765652 0.643255 0
    outer loop
      vertex -40.7073 -1.30227 7.4
      vertex -40.6929 -1.28513 1.55
      vertex -40.7073 -1.30227 1.54463
    endloop
  endfacet
  facet normal -0.766045 0.642787 -2.33723e-06
    outer loop
      vertex -40.6929 -1.28513 1.55
      vertex -40.7073 -1.30227 7.4
      vertex -40.3278 -0.849999 7.4
    endloop
  endfacet
  facet normal 0.0674587 -0.727874 -0.682384
    outer loop
      vertex -41.8 3.15313 0
      vertex -41.8 1.7 1.55
      vertex -42.3696 3.10034 0
    endloop
  endfacet
  facet normal -0.0674587 -0.727874 -0.682384
    outer loop
      vertex -41.8 3.15313 0
      vertex -41.2304 3.10034 0
      vertex -41.8 1.7 1.55
    endloop
  endfacet
  facet normal 0.540258 -0.492415 -0.682384
    outer loop
      vertex -43.1566 1.02448 1.55
      vertex -44.3096 1.90743 0
      vertex -42.9453 1.25631 1.55
    endloop
  endfacet
  facet normal 0.540541 -0.492079 -0.682403
    outer loop
      vertex -44.3096 1.90743 0
      vertex -43.1566 1.02448 1.55
      vertex -44.3162 1.90018 0
    endloop
  endfacet
  facet normal 0.200776 -0.704753 -0.68045
    outer loop
      vertex -42.4141 1.5852 1.55
      vertex -42.3814 1.59748 1.54693
      vertex -42.3916 1.59161 1.55
    endloop
  endfacet
  facet normal 0.20042 -0.702966 -0.6824
    outer loop
      vertex -42.9296 2.94288 0
      vertex -42.4141 1.5852 1.55
      vertex -42.939 2.9402 0
    endloop
  endfacet
  facet normal 0.200171 -0.703046 -0.682391
    outer loop
      vertex -42.9296 2.94288 0
      vertex -42.3539 1.60233 1.55
      vertex -42.3814 1.59748 1.54693
    endloop
  endfacet
  facet normal 0.199979 -0.703111 -0.68238
    outer loop
      vertex -42.4141 1.5852 1.55
      vertex -42.9296 2.94288 0
      vertex -42.3814 1.59748 1.54693
    endloop
  endfacet
  facet normal 0.200066 -0.703083 -0.682384
    outer loop
      vertex -42.3539 1.60233 1.55
      vertex -42.9296 2.94288 0
      vertex -42.1124 1.67105 1.55
    endloop
  endfacet
  facet normal 0.622773 -0.385649 -0.680756
    outer loop
      vertex -43.2722 0.849999 1.54309
      vertex -43.1566 1.02448 1.55
      vertex -43.2433 0.884471 1.55
    endloop
  endfacet
  facet normal 0.625551 -0.3871 -0.677377
    outer loop
      vertex -43.3218 0.757754 1.55
      vertex -43.2722 0.849999 1.54309
      vertex -43.2831 0.820293 1.55
    endloop
  endfacet
  facet normal 0.621535 -0.384765 -0.682386
    outer loop
      vertex -44.3214 1.89185 0
      vertex -43.1566 1.02448 1.55
      vertex -43.2722 0.849999 1.54309
    endloop
  endfacet
  facet normal 0.62123 -0.385156 -0.682442
    outer loop
      vertex -44.3214 1.89185 0
      vertex -43.2722 0.849999 1.54309
      vertex -43.3218 0.757754 1.55
    endloop
  endfacet
  facet normal 0.619998 -0.387034 -0.6825
    outer loop
      vertex -43.1566 1.02448 1.55
      vertex -44.3214 1.89185 0
      vertex -44.3162 1.90018 0
    endloop
  endfacet
  facet normal 0.730977 0 -0.682402
    outer loop
      vertex -43.4927 -0.156856 1.55
      vertex -44.9397 0.290933 0
      vertex -43.4927 0.156856 1.55
    endloop
  endfacet
  facet normal 0.730977 0 -0.682402
    outer loop
      vertex -44.9397 0.290933 0
      vertex -43.4927 -0.156856 1.55
      vertex -44.9397 -0.290933 0
    endloop
  endfacet
  facet normal 0.200063 -0.703084 -0.682384
    outer loop
      vertex -42.3794 3.09944 0
      vertex -42.1124 1.67105 1.55
      vertex -42.9296 2.94288 0
    endloop
  endfacet
  facet normal 0.621476 0.384861 -0.682385
    outer loop
      vertex -43.3218 -0.757754 1.55
      vertex -44.3214 -1.89185 0
      vertex -44.6226 -1.40547 0
    endloop
  endfacet
  facet normal 0.440526 -0.583339 -0.682387
    outer loop
      vertex -43.4599 2.68084 0
      vertex -42.6949 1.44537 1.55
      vertex -43.9164 2.3361 0
    endloop
  endfacet
  facet normal -0.440526 -0.583339 -0.682387
    outer loop
      vertex -40.1401 2.68084 0
      vertex -39.6836 2.3361 0
      vertex -40.9051 1.44537 1.55
    endloop
  endfacet
  facet normal -0.621476 0.384861 -0.682385
    outer loop
      vertex -38.9774 -1.40547 0
      vertex -39.2786 -1.89185 0
      vertex -40.2782 -0.757754 1.55
    endloop
  endfacet
  facet normal 0.440792 -0.583109 -0.682412
    outer loop
      vertex -43.9164 2.3361 0
      vertex -42.8574 1.32267 1.55
      vertex -42.8927 1.30227 1.54463
    endloop
  endfacet
  facet normal 0.440375 -0.583703 -0.682173
    outer loop
      vertex -42.9453 1.25631 1.55
      vertex -42.8927 1.30227 1.54463
      vertex -42.9071 1.28513 1.55
    endloop
  endfacet
  facet normal 0.440492 -0.583373 -0.68238
    outer loop
      vertex -42.8574 1.32267 1.55
      vertex -43.9164 2.3361 0
      vertex -42.6949 1.44537 1.55
    endloop
  endfacet
  facet normal 0.440246 -0.583578 -0.682364
    outer loop
      vertex -42.9453 1.25631 1.55
      vertex -43.9164 2.3361 0
      vertex -42.8927 1.30227 1.54463
    endloop
  endfacet
  facet normal 0.441434 -0.582603 -0.682429
    outer loop
      vertex -43.9164 2.3361 0
      vertex -42.9453 1.25631 1.55
      vertex -43.9242 2.33019 0
    endloop
  endfacet
  facet normal -0.325848 -0.654352 -0.682383
    outer loop
      vertex -41.1859 1.5852 1.55
      vertex -40.6522 2.93583 0
      vertex -40.9051 1.44537 1.55
    endloop
  endfacet
  facet normal -0.32511 -0.654684 -0.682417
    outer loop
      vertex -40.6522 2.93583 0
      vertex -41.1859 1.5852 1.55
      vertex -40.661 2.9402 0
    endloop
  endfacet
  facet normal -0.718534 0.134296 -0.682403
    outer loop
      vertex -38.6603 -0.290933 0
      vertex -38.7654 -0.853257 0
      vertex -40.1073 -0.156856 1.55
    endloop
  endfacet
  facet normal 0.066853 -0.727955 -0.682357
    outer loop
      vertex -42.3696 3.10034 0
      vertex -42.1124 1.67105 1.55
      vertex -42.3794 3.09944 0
    endloop
  endfacet
  facet normal 0.067452 -0.727876 -0.682383
    outer loop
      vertex -42.1124 1.67105 1.55
      vertex -42.3696 3.10034 0
      vertex -41.8 1.7 1.55
    endloop
  endfacet
  facet normal 0.325825 -0.65436 -0.682386
    outer loop
      vertex -42.9478 2.93583 0
      vertex -42.6949 1.44537 1.55
      vertex -43.4599 2.68084 0
    endloop
  endfacet
  facet normal 0.540216 -0.492477 -0.682373
    outer loop
      vertex -43.9242 2.33019 0
      vertex -42.9453 1.25631 1.55
      vertex -44.3096 1.90743 0
    endloop
  endfacet
  facet normal 0.540258 0.492415 -0.682384
    outer loop
      vertex -44.3096 -1.90743 0
      vertex -43.1566 -1.02448 1.55
      vertex -42.9453 -1.25631 1.55
    endloop
  endfacet
  facet normal 0.540541 0.492079 -0.682403
    outer loop
      vertex -43.1566 -1.02448 1.55
      vertex -44.3096 -1.90743 0
      vertex -44.3162 -1.90018 0
    endloop
  endfacet
  facet normal 0.621476 -0.384861 -0.682385
    outer loop
      vertex -44.3214 1.89185 0
      vertex -43.3218 0.757754 1.55
      vertex -44.6226 1.40547 0
    endloop
  endfacet
  facet normal 0.200063 0.703084 -0.682384
    outer loop
      vertex -42.1124 -1.67105 1.55
      vertex -42.3794 -3.09944 0
      vertex -42.9296 -2.94288 0
    endloop
  endfacet
  facet normal 0.681652 0.264013 -0.682383
    outer loop
      vertex -44.8292 -0.872035 0
      vertex -43.4351 -0.465226 1.55
      vertex -43.3218 -0.757754 1.55
    endloop
  endfacet
  facet normal 0.680316 0.2679 -0.682202
    outer loop
      vertex -43.4351 -0.465226 1.55
      vertex -44.8292 -0.872035 0
      vertex -44.8328 -0.862893 0
    endloop
  endfacet
  facet normal 0.718534 -0.134296 -0.682403
    outer loop
      vertex -44.8346 0.853257 0
      vertex -43.4927 0.156856 1.55
      vertex -44.9397 0.290933 0
    endloop
  endfacet
  facet normal -0.325825 0.65436 -0.682386
    outer loop
      vertex -40.1401 -2.68084 0
      vertex -40.6522 -2.93583 0
      vertex -40.9051 -1.44537 1.55
    endloop
  endfacet
  facet normal -0.440526 0.583339 -0.682387
    outer loop
      vertex -39.6836 -2.3361 0
      vertex -40.1401 -2.68084 0
      vertex -40.9051 -1.44537 1.55
    endloop
  endfacet
  facet normal 0.622773 0.385649 -0.680756
    outer loop
      vertex -43.1566 -1.02448 1.55
      vertex -43.2722 -0.849999 1.54309
      vertex -43.2433 -0.884471 1.55
    endloop
  endfacet
  facet normal 0.625551 0.3871 -0.677377
    outer loop
      vertex -43.2722 -0.849999 1.54309
      vertex -43.3218 -0.757754 1.55
      vertex -43.2831 -0.820293 1.55
    endloop
  endfacet
  facet normal 0.619998 0.387034 -0.6825
    outer loop
      vertex -44.3214 -1.89185 0
      vertex -43.1566 -1.02448 1.55
      vertex -44.3162 -1.90018 0
    endloop
  endfacet
  facet normal 0.621535 0.384765 -0.682386
    outer loop
      vertex -43.1566 -1.02448 1.55
      vertex -44.3214 -1.89185 0
      vertex -43.2722 -0.849999 1.54309
    endloop
  endfacet
  facet normal 0.62123 0.385156 -0.682442
    outer loop
      vertex -43.2722 -0.849999 1.54309
      vertex -44.3214 -1.89185 0
      vertex -43.3218 -0.757754 1.55
    endloop
  endfacet
  facet normal -0.325825 -0.65436 -0.682386
    outer loop
      vertex -40.6522 2.93583 0
      vertex -40.1401 2.68084 0
      vertex -40.9051 1.44537 1.55
    endloop
  endfacet
  facet normal 0.719882 0.134023 -0.681034
    outer loop
      vertex -43.4742 -0.295201 1.54233
      vertex -43.4927 -0.156856 1.55
      vertex -43.4742 -0.256226 1.55
    endloop
  endfacet
  facet normal 0.717641 0.134206 -0.683359
    outer loop
      vertex -43.4351 -0.465226 1.55
      vertex -43.4742 -0.295201 1.54233
      vertex -43.4592 -0.336356 1.55
    endloop
  endfacet
  facet normal 0.718657 0.133931 -0.682345
    outer loop
      vertex -43.4742 -0.295201 1.54233
      vertex -44.8346 -0.853257 0
      vertex -43.4927 -0.156856 1.55
    endloop
  endfacet
  facet normal 0.718507 0.134449 -0.682401
    outer loop
      vertex -43.4351 -0.465226 1.55
      vertex -44.8346 -0.853257 0
      vertex -43.4742 -0.295201 1.54233
    endloop
  endfacet
  facet normal 0.718558 0.134226 -0.682391
    outer loop
      vertex -44.8346 -0.853257 0
      vertex -43.4351 -0.465226 1.55
      vertex -44.8328 -0.862893 0
    endloop
  endfacet
  facet normal 0.540216 0.492477 -0.682373
    outer loop
      vertex -42.9453 -1.25631 1.55
      vertex -43.9242 -2.33019 0
      vertex -44.3096 -1.90743 0
    endloop
  endfacet
  facet normal -0.200063 -0.703084 -0.682384
    outer loop
      vertex -41.2206 3.09944 0
      vertex -40.6704 2.94288 0
      vertex -41.4876 1.67105 1.55
    endloop
  endfacet
  facet normal 0.0674587 0.727874 -0.682384
    outer loop
      vertex -41.8 -1.7 1.55
      vertex -41.8 -3.15313 0
      vertex -42.3696 -3.10034 0
    endloop
  endfacet
  facet normal 0.067452 0.727876 -0.682383
    outer loop
      vertex -42.3696 -3.10034 0
      vertex -42.1124 -1.67105 1.55
      vertex -41.8 -1.7 1.55
    endloop
  endfacet
  facet normal 0.066853 0.727955 -0.682357
    outer loop
      vertex -42.1124 -1.67105 1.55
      vertex -42.3696 -3.10034 0
      vertex -42.3794 -3.09944 0
    endloop
  endfacet
  facet normal 0.32511 0.654684 -0.682417
    outer loop
      vertex -42.9478 -2.93583 0
      vertex -42.4141 -1.5852 1.55
      vertex -42.939 -2.9402 0
    endloop
  endfacet
  facet normal 0.325848 0.654352 -0.682383
    outer loop
      vertex -42.4141 -1.5852 1.55
      vertex -42.9478 -2.93583 0
      vertex -42.6949 -1.44537 1.55
    endloop
  endfacet
  facet normal -0.32511 0.654684 -0.682417
    outer loop
      vertex -41.1859 -1.5852 1.55
      vertex -40.6522 -2.93583 0
      vertex -40.661 -2.9402 0
    endloop
  endfacet
  facet normal -0.325848 0.654352 -0.682383
    outer loop
      vertex -40.6522 -2.93583 0
      vertex -41.1859 -1.5852 1.55
      vertex -40.9051 -1.44537 1.55
    endloop
  endfacet
  facet normal 0.681654 0.264005 -0.682385
    outer loop
      vertex -43.3218 -0.757754 1.55
      vertex -44.6226 -1.40547 0
      vertex -44.8292 -0.872035 0
    endloop
  endfacet
  facet normal 0.681654 -0.264005 -0.682385
    outer loop
      vertex -44.6226 1.40547 0
      vertex -43.3218 0.757754 1.55
      vertex -44.8292 0.872035 0
    endloop
  endfacet
  facet normal 0.681652 -0.264013 -0.682383
    outer loop
      vertex -43.4351 0.465226 1.55
      vertex -44.8292 0.872035 0
      vertex -43.3218 0.757754 1.55
    endloop
  endfacet
  facet normal 0.680316 -0.2679 -0.682202
    outer loop
      vertex -44.8292 0.872035 0
      vertex -43.4351 0.465226 1.55
      vertex -44.8328 0.862893 0
    endloop
  endfacet
  facet normal -0.681654 0.264005 -0.682385
    outer loop
      vertex -38.7708 -0.872035 0
      vertex -38.9774 -1.40547 0
      vertex -40.2782 -0.757754 1.55
    endloop
  endfacet
  facet normal -0.540216 0.492477 -0.682373
    outer loop
      vertex -39.2904 -1.90743 0
      vertex -39.6758 -2.33019 0
      vertex -40.6547 -1.25631 1.55
    endloop
  endfacet
  facet normal -0.200063 0.703084 -0.682384
    outer loop
      vertex -40.6704 -2.94288 0
      vertex -41.2206 -3.09944 0
      vertex -41.4876 -1.67105 1.55
    endloop
  endfacet
  facet normal -0.441434 0.582603 -0.682429
    outer loop
      vertex -39.6836 -2.3361 0
      vertex -40.6547 -1.25631 1.55
      vertex -39.6758 -2.33019 0
    endloop
  endfacet
  facet normal -0.440246 0.583578 -0.682364
    outer loop
      vertex -40.7073 -1.30227 1.54463
      vertex -40.6547 -1.25631 1.55
      vertex -39.6836 -2.3361 0
    endloop
  endfacet
  facet normal -0.440375 0.583703 -0.682173
    outer loop
      vertex -40.6547 -1.25631 1.55
      vertex -40.7073 -1.30227 1.54463
      vertex -40.6929 -1.28513 1.55
    endloop
  endfacet
  facet normal -0.440792 0.583109 -0.682412
    outer loop
      vertex -39.6836 -2.3361 0
      vertex -40.7426 -1.32267 1.55
      vertex -40.7073 -1.30227 1.54463
    endloop
  endfacet
  facet normal -0.440492 0.583373 -0.68238
    outer loop
      vertex -40.7426 -1.32267 1.55
      vertex -39.6836 -2.3361 0
      vertex -40.9051 -1.44537 1.55
    endloop
  endfacet
  facet normal -0.067452 -0.727876 -0.682383
    outer loop
      vertex -41.2304 3.10034 0
      vertex -41.4876 1.67105 1.55
      vertex -41.8 1.7 1.55
    endloop
  endfacet
  facet normal -0.066853 -0.727955 -0.682357
    outer loop
      vertex -41.4876 1.67105 1.55
      vertex -41.2304 3.10034 0
      vertex -41.2206 3.09944 0
    endloop
  endfacet
  facet normal -0.200066 -0.703083 -0.682384
    outer loop
      vertex -40.6704 2.94288 0
      vertex -41.2461 1.60233 1.55
      vertex -41.4876 1.67105 1.55
    endloop
  endfacet
  facet normal -0.200171 -0.703046 -0.682391
    outer loop
      vertex -41.2461 1.60233 1.55
      vertex -40.6704 2.94288 0
      vertex -41.2186 1.59748 1.54693
    endloop
  endfacet
  facet normal -0.200776 -0.704753 -0.68045
    outer loop
      vertex -41.2186 1.59748 1.54693
      vertex -41.1859 1.5852 1.55
      vertex -41.2084 1.59161 1.55
    endloop
  endfacet
  facet normal -0.199979 -0.703111 -0.68238
    outer loop
      vertex -40.6704 2.94288 0
      vertex -41.1859 1.5852 1.55
      vertex -41.2186 1.59748 1.54693
    endloop
  endfacet
  facet normal -0.20042 -0.702966 -0.6824
    outer loop
      vertex -41.1859 1.5852 1.55
      vertex -40.6704 2.94288 0
      vertex -40.661 2.9402 0
    endloop
  endfacet
  facet normal -0.619998 0.387034 -0.6825
    outer loop
      vertex -40.4434 -1.02448 1.55
      vertex -39.2786 -1.89185 0
      vertex -39.2838 -1.90018 0
    endloop
  endfacet
  facet normal -0.62123 0.385156 -0.682442
    outer loop
      vertex -39.2786 -1.89185 0
      vertex -40.3278 -0.849999 1.54309
      vertex -40.2782 -0.757754 1.55
    endloop
  endfacet
  facet normal -0.625551 0.3871 -0.677377
    outer loop
      vertex -40.2782 -0.757754 1.55
      vertex -40.3278 -0.849999 1.54309
      vertex -40.3169 -0.820293 1.55
    endloop
  endfacet
  facet normal -0.621757 0.38448 -0.682344
    outer loop
      vertex -39.2786 -1.89185 0
      vertex -40.3567 -0.884471 1.55
      vertex -40.3278 -0.849999 1.54309
    endloop
  endfacet
  facet normal -0.621479 0.384848 -0.68239
    outer loop
      vertex -39.2786 -1.89185 0
      vertex -40.4434 -1.02448 1.55
      vertex -40.3567 -0.884471 1.55
    endloop
  endfacet
  facet normal -0.540216 -0.492477 -0.682373
    outer loop
      vertex -39.6758 2.33019 0
      vertex -39.2904 1.90743 0
      vertex -40.6547 1.25631 1.55
    endloop
  endfacet
  facet normal 0.440492 0.583373 -0.68238
    outer loop
      vertex -43.9164 -2.3361 0
      vertex -42.8574 -1.32267 1.55
      vertex -42.6949 -1.44537 1.55
    endloop
  endfacet
  facet normal 0.440375 0.583703 -0.682173
    outer loop
      vertex -42.8927 -1.30227 1.54463
      vertex -42.9453 -1.25631 1.55
      vertex -42.9071 -1.28513 1.55
    endloop
  endfacet
  facet normal 0.440792 0.583109 -0.682412
    outer loop
      vertex -42.8574 -1.32267 1.55
      vertex -43.9164 -2.3361 0
      vertex -42.8927 -1.30227 1.54463
    endloop
  endfacet
  facet normal 0.440246 0.583578 -0.682364
    outer loop
      vertex -43.9164 -2.3361 0
      vertex -42.9453 -1.25631 1.55
      vertex -42.8927 -1.30227 1.54463
    endloop
  endfacet
  facet normal 0.441434 0.582603 -0.682429
    outer loop
      vertex -42.9453 -1.25631 1.55
      vertex -43.9164 -2.3361 0
      vertex -43.9242 -2.33019 0
    endloop
  endfacet
  facet normal -0.621476 -0.384861 -0.682385
    outer loop
      vertex -39.2786 1.89185 0
      vertex -38.9774 1.40547 0
      vertex -40.2782 0.757754 1.55
    endloop
  endfacet
  facet normal -0.441434 -0.582603 -0.682429
    outer loop
      vertex -40.6547 1.25631 1.55
      vertex -39.6836 2.3361 0
      vertex -39.6758 2.33019 0
    endloop
  endfacet
  facet normal -0.440375 -0.583703 -0.682173
    outer loop
      vertex -40.7073 1.30227 1.54463
      vertex -40.6547 1.25631 1.55
      vertex -40.6929 1.28513 1.55
    endloop
  endfacet
  facet normal -0.440246 -0.583578 -0.682364
    outer loop
      vertex -40.6547 1.25631 1.55
      vertex -40.7073 1.30227 1.54463
      vertex -39.6836 2.3361 0
    endloop
  endfacet
  facet normal -0.440792 -0.583109 -0.682412
    outer loop
      vertex -40.7426 1.32267 1.55
      vertex -39.6836 2.3361 0
      vertex -40.7073 1.30227 1.54463
    endloop
  endfacet
  facet normal -0.440492 -0.583373 -0.68238
    outer loop
      vertex -39.6836 2.3361 0
      vertex -40.7426 1.32267 1.55
      vertex -40.9051 1.44537 1.55
    endloop
  endfacet
  facet normal 0.200066 0.703083 -0.682384
    outer loop
      vertex -42.9296 -2.94288 0
      vertex -42.3539 -1.60233 1.55
      vertex -42.1124 -1.67105 1.55
    endloop
  endfacet
  facet normal 0.200171 0.703046 -0.682391
    outer loop
      vertex -42.3539 -1.60233 1.55
      vertex -42.9296 -2.94288 0
      vertex -42.3814 -1.59748 1.54693
    endloop
  endfacet
  facet normal 0.200776 0.704753 -0.68045
    outer loop
      vertex -42.3814 -1.59748 1.54693
      vertex -42.4141 -1.5852 1.55
      vertex -42.3916 -1.59161 1.55
    endloop
  endfacet
  facet normal 0.199979 0.703111 -0.68238
    outer loop
      vertex -42.9296 -2.94288 0
      vertex -42.4141 -1.5852 1.55
      vertex -42.3814 -1.59748 1.54693
    endloop
  endfacet
  facet normal 0.20042 0.702966 -0.6824
    outer loop
      vertex -42.4141 -1.5852 1.55
      vertex -42.9296 -2.94288 0
      vertex -42.939 -2.9402 0
    endloop
  endfacet
  facet normal 0.440526 0.583339 -0.682387
    outer loop
      vertex -42.6949 -1.44537 1.55
      vertex -43.4599 -2.68084 0
      vertex -43.9164 -2.3361 0
    endloop
  endfacet
  facet normal 0.325825 0.65436 -0.682386
    outer loop
      vertex -42.6949 -1.44537 1.55
      vertex -42.9478 -2.93583 0
      vertex -43.4599 -2.68084 0
    endloop
  endfacet
  facet normal -0.680316 -0.2679 -0.682202
    outer loop
      vertex -40.1649 0.465226 1.55
      vertex -38.7708 0.872035 0
      vertex -38.7672 0.862893 0
    endloop
  endfacet
  facet normal -0.681652 -0.264013 -0.682383
    outer loop
      vertex -38.7708 0.872035 0
      vertex -40.1649 0.465226 1.55
      vertex -40.2782 0.757754 1.55
    endloop
  endfacet
  facet normal -0.681654 -0.264005 -0.682385
    outer loop
      vertex -38.9774 1.40547 0
      vertex -38.7708 0.872035 0
      vertex -40.2782 0.757754 1.55
    endloop
  endfacet
  facet normal -0.680316 0.2679 -0.682202
    outer loop
      vertex -38.7708 -0.872035 0
      vertex -40.1649 -0.465226 1.55
      vertex -38.7672 -0.862893 0
    endloop
  endfacet
  facet normal -0.681652 0.264013 -0.682383
    outer loop
      vertex -40.1649 -0.465226 1.55
      vertex -38.7708 -0.872035 0
      vertex -40.2782 -0.757754 1.55
    endloop
  endfacet
  facet normal -0.066853 0.727955 -0.682357
    outer loop
      vertex -41.2304 -3.10034 0
      vertex -41.4876 -1.67105 1.55
      vertex -41.2206 -3.09944 0
    endloop
  endfacet
  facet normal -0.067452 0.727876 -0.682383
    outer loop
      vertex -41.4876 -1.67105 1.55
      vertex -41.2304 -3.10034 0
      vertex -41.8 -1.7 1.55
    endloop
  endfacet
  facet normal -0.0674587 0.727874 -0.682384
    outer loop
      vertex -41.8 -1.7 1.55
      vertex -41.2304 -3.10034 0
      vertex -41.8 -3.15313 0
    endloop
  endfacet
  facet normal 0.718558 -0.134226 -0.682391
    outer loop
      vertex -43.4351 0.465226 1.55
      vertex -44.8346 0.853257 0
      vertex -44.8328 0.862893 0
    endloop
  endfacet
  facet normal 0.717641 -0.134206 -0.683359
    outer loop
      vertex -43.4742 0.295201 1.54233
      vertex -43.4351 0.465226 1.55
      vertex -43.4592 0.336356 1.55
    endloop
  endfacet
  facet normal 0.718507 -0.134449 -0.682401
    outer loop
      vertex -43.4351 0.465226 1.55
      vertex -43.4742 0.295201 1.54233
      vertex -44.8346 0.853257 0
    endloop
  endfacet
  facet normal 0.719882 -0.134023 -0.681034
    outer loop
      vertex -43.4927 0.156856 1.55
      vertex -43.4742 0.295201 1.54233
      vertex -43.4742 0.256226 1.55
    endloop
  endfacet
  facet normal 0.718657 -0.133931 -0.682345
    outer loop
      vertex -43.4742 0.295201 1.54233
      vertex -43.4927 0.156856 1.55
      vertex -44.8346 0.853257 0
    endloop
  endfacet
  facet normal -0.540541 -0.492079 -0.682403
    outer loop
      vertex -40.4434 1.02448 1.55
      vertex -39.2904 1.90743 0
      vertex -39.2838 1.90018 0
    endloop
  endfacet
  facet normal -0.540258 -0.492415 -0.682384
    outer loop
      vertex -39.2904 1.90743 0
      vertex -40.4434 1.02448 1.55
      vertex -40.6547 1.25631 1.55
    endloop
  endfacet
  facet normal -0.718558 -0.134226 -0.682391
    outer loop
      vertex -38.7654 0.853257 0
      vertex -40.1649 0.465226 1.55
      vertex -38.7672 0.862893 0
    endloop
  endfacet
  facet normal -0.718507 -0.134449 -0.682401
    outer loop
      vertex -40.1258 0.295201 1.54233
      vertex -40.1649 0.465226 1.55
      vertex -38.7654 0.853257 0
    endloop
  endfacet
  facet normal -0.717641 -0.134206 -0.683359
    outer loop
      vertex -40.1649 0.465226 1.55
      vertex -40.1258 0.295201 1.54233
      vertex -40.1408 0.336356 1.55
    endloop
  endfacet
  facet normal -0.718657 -0.133931 -0.682345
    outer loop
      vertex -40.1073 0.156856 1.55
      vertex -40.1258 0.295201 1.54233
      vertex -38.7654 0.853257 0
    endloop
  endfacet
  facet normal -0.719882 -0.134023 -0.681034
    outer loop
      vertex -40.1258 0.295201 1.54233
      vertex -40.1073 0.156856 1.55
      vertex -40.1258 0.256226 1.55
    endloop
  endfacet
  facet normal -0.62123 -0.385156 -0.682442
    outer loop
      vertex -40.3278 0.849999 1.54309
      vertex -39.2786 1.89185 0
      vertex -40.2782 0.757754 1.55
    endloop
  endfacet
  facet normal -0.625551 -0.3871 -0.677377
    outer loop
      vertex -40.3278 0.849999 1.54309
      vertex -40.2782 0.757754 1.55
      vertex -40.3169 0.820293 1.55
    endloop
  endfacet
  facet normal -0.621757 -0.38448 -0.682344
    outer loop
      vertex -40.3567 0.884471 1.55
      vertex -39.2786 1.89185 0
      vertex -40.3278 0.849999 1.54309
    endloop
  endfacet
  facet normal -0.621479 -0.384848 -0.68239
    outer loop
      vertex -40.4434 1.02448 1.55
      vertex -39.2786 1.89185 0
      vertex -40.3567 0.884471 1.55
    endloop
  endfacet
  facet normal -0.619998 -0.387034 -0.6825
    outer loop
      vertex -39.2786 1.89185 0
      vertex -40.4434 1.02448 1.55
      vertex -39.2838 1.90018 0
    endloop
  endfacet
  facet normal 0.718534 0.134296 -0.682403
    outer loop
      vertex -43.4927 -0.156856 1.55
      vertex -44.8346 -0.853257 0
      vertex -44.9397 -0.290933 0
    endloop
  endfacet
  facet normal 0 0 -1
    outer loop
      vertex -42.3916 1.59161 1.55
      vertex -42.6949 1.44537 1.55
      vertex -42.4141 1.5852 1.55
    endloop
  endfacet
  facet normal 0 -0 -1
    outer loop
      vertex -42.6949 1.44537 1.55
      vertex -42.3916 1.59161 1.55
      vertex -42.8574 1.32267 1.55
    endloop
  endfacet
  facet normal 0 0 -1
    outer loop
      vertex -43.4351 -0.465226 1.55
      vertex -43.2831 -0.820293 1.55
      vertex -43.3218 -0.757754 1.55
    endloop
  endfacet
  facet normal 0 0 -1
    outer loop
      vertex -43.2831 -0.820293 1.55
      vertex -43.4351 -0.465226 1.55
      vertex -43.4592 -0.336356 1.55
    endloop
  endfacet
  facet normal 0 0 -1
    outer loop
      vertex -42.6949 -1.44537 1.55
      vertex -42.3916 -1.59161 1.55
      vertex -42.4141 -1.5852 1.55
    endloop
  endfacet
  facet normal 0 0 -1
    outer loop
      vertex -42.3916 -1.59161 1.55
      vertex -42.6949 -1.44537 1.55
      vertex -42.8574 -1.32267 1.55
    endloop
  endfacet
  facet normal 0 0 -1
    outer loop
      vertex -41.8 -1.7 1.55
      vertex -42.1124 -1.67105 1.55
      vertex -42.3539 -1.60233 1.55
    endloop
  endfacet
  facet normal 0 0 -1
    outer loop
      vertex -41.2084 -1.59161 1.55
      vertex -40.9051 -1.44537 1.55
      vertex -41.1859 -1.5852 1.55
    endloop
  endfacet
  facet normal -0 0 -1
    outer loop
      vertex -40.9051 -1.44537 1.55
      vertex -41.2084 -1.59161 1.55
      vertex -40.7426 -1.32267 1.55
    endloop
  endfacet
  facet normal 0 0 -1
    outer loop
      vertex -43.2831 0.820293 1.55
      vertex -43.4351 0.465226 1.55
      vertex -43.3218 0.757754 1.55
    endloop
  endfacet
  facet normal 0 -0 -1
    outer loop
      vertex -43.4351 0.465226 1.55
      vertex -43.2831 0.820293 1.55
      vertex -43.4592 0.336356 1.55
    endloop
  endfacet
  facet normal -0 -0 -1
    outer loop
      vertex -41.4876 1.67105 1.55
      vertex -41.2461 1.60233 1.55
      vertex -41.8 1.7 1.55
    endloop
  endfacet
  facet normal 0 0 -1
    outer loop
      vertex -41.2084 1.59161 1.55
      vertex -40.9051 1.44537 1.55
      vertex -40.7426 1.32267 1.55
    endloop
  endfacet
  facet normal 0 0 -1
    outer loop
      vertex -40.9051 1.44537 1.55
      vertex -41.2084 1.59161 1.55
      vertex -41.1859 1.5852 1.55
    endloop
  endfacet
  facet normal 0 0 -1
    outer loop
      vertex -40.6929 -1.28513 1.55
      vertex -40.4434 -1.02448 1.55
      vertex -40.6547 -1.25631 1.55
    endloop
  endfacet
  facet normal -0 0 -1
    outer loop
      vertex -40.4434 -1.02448 1.55
      vertex -40.6929 -1.28513 1.55
      vertex -40.3567 -0.884471 1.55
    endloop
  endfacet
  facet normal 0 0 -1
    outer loop
      vertex -43.1566 -1.02448 1.55
      vertex -42.9071 -1.28513 1.55
      vertex -42.9453 -1.25631 1.55
    endloop
  endfacet
  facet normal 0 0 -1
    outer loop
      vertex -42.9071 -1.28513 1.55
      vertex -43.1566 -1.02448 1.55
      vertex -43.2433 -0.884471 1.55
    endloop
  endfacet
  facet normal 0 0 -1
    outer loop
      vertex -40.1258 -0.256226 1.55
      vertex -40.1073 0.156856 1.55
      vertex -40.1073 -0.156856 1.55
    endloop
  endfacet
  facet normal -0 0 -1
    outer loop
      vertex -40.1073 0.156856 1.55
      vertex -40.1258 -0.256226 1.55
      vertex -40.1258 0.256226 1.55
    endloop
  endfacet
  facet normal 0 0 -1
    outer loop
      vertex -40.6929 1.28513 1.55
      vertex -40.4434 1.02448 1.55
      vertex -40.3567 0.884471 1.55
    endloop
  endfacet
  facet normal 0 0 -1
    outer loop
      vertex -40.4434 1.02448 1.55
      vertex -40.6929 1.28513 1.55
      vertex -40.6547 1.25631 1.55
    endloop
  endfacet
  facet normal 0 0 -1
    outer loop
      vertex -40.3169 0.820293 1.55
      vertex -40.1649 0.465226 1.55
      vertex -40.1408 0.336356 1.55
    endloop
  endfacet
  facet normal 0 0 -1
    outer loop
      vertex -40.1649 0.465226 1.55
      vertex -40.3169 0.820293 1.55
      vertex -40.2782 0.757754 1.55
    endloop
  endfacet
  facet normal 0 0 -1
    outer loop
      vertex -40.3169 -0.820293 1.55
      vertex -40.1649 -0.465226 1.55
      vertex -40.2782 -0.757754 1.55
    endloop
  endfacet
  facet normal -0 0 -1
    outer loop
      vertex -40.1649 -0.465226 1.55
      vertex -40.3169 -0.820293 1.55
      vertex -40.1408 -0.336356 1.55
    endloop
  endfacet
  facet normal 0 0 -1
    outer loop
      vertex -43.4927 -0.156856 1.55
      vertex -43.4742 0.256226 1.55
      vertex -43.4742 -0.256226 1.55
    endloop
  endfacet
  facet normal 0 0 -1
    outer loop
      vertex -43.4742 0.256226 1.55
      vertex -43.4927 -0.156856 1.55
      vertex -43.4927 0.156856 1.55
    endloop
  endfacet
  facet normal 0 0 -1
    outer loop
      vertex -41.2461 -1.60233 1.55
      vertex -41.4876 -1.67105 1.55
      vertex -41.8 -1.7 1.55
    endloop
  endfacet
  facet normal 0 -0 -1
    outer loop
      vertex -42.1124 1.67105 1.55
      vertex -41.8 1.7 1.55
      vertex -42.3539 1.60233 1.55
    endloop
  endfacet
  facet normal 0 0 -1
    outer loop
      vertex -42.9071 1.28513 1.55
      vertex -43.1566 1.02448 1.55
      vertex -42.9453 1.25631 1.55
    endloop
  endfacet
  facet normal 0 -0 -1
    outer loop
      vertex -43.1566 1.02448 1.55
      vertex -42.9071 1.28513 1.55
      vertex -43.2433 0.884471 1.55
    endloop
  endfacet
  facet normal -0.718534 -0.134296 -0.682403
    outer loop
      vertex -38.7654 0.853257 0
      vertex -38.6603 0.290933 0
      vertex -40.1073 0.156856 1.55
    endloop
  endfacet
  facet normal 0.325848 -0.654352 -0.682383
    outer loop
      vertex -42.9478 2.93583 0
      vertex -42.4141 1.5852 1.55
      vertex -42.6949 1.44537 1.55
    endloop
  endfacet
  facet normal 0.32511 -0.654684 -0.682417
    outer loop
      vertex -42.4141 1.5852 1.55
      vertex -42.9478 2.93583 0
      vertex -42.939 2.9402 0
    endloop
  endfacet
  facet normal -0.200776 0.704753 -0.68045
    outer loop
      vertex -41.1859 -1.5852 1.55
      vertex -41.2186 -1.59748 1.54693
      vertex -41.2084 -1.59161 1.55
    endloop
  endfacet
  facet normal -0.20042 0.702966 -0.6824
    outer loop
      vertex -40.6704 -2.94288 0
      vertex -41.1859 -1.5852 1.55
      vertex -40.661 -2.9402 0
    endloop
  endfacet
  facet normal -0.200171 0.703046 -0.682391
    outer loop
      vertex -40.6704 -2.94288 0
      vertex -41.2461 -1.60233 1.55
      vertex -41.2186 -1.59748 1.54693
    endloop
  endfacet
  facet normal -0.199979 0.703111 -0.68238
    outer loop
      vertex -41.1859 -1.5852 1.55
      vertex -40.6704 -2.94288 0
      vertex -41.2186 -1.59748 1.54693
    endloop
  endfacet
  facet normal -0.200066 0.703083 -0.682384
    outer loop
      vertex -41.2461 -1.60233 1.55
      vertex -40.6704 -2.94288 0
      vertex -41.4876 -1.67105 1.55
    endloop
  endfacet
  facet normal -0.540541 0.492079 -0.682403
    outer loop
      vertex -39.2904 -1.90743 0
      vertex -40.4434 -1.02448 1.55
      vertex -39.2838 -1.90018 0
    endloop
  endfacet
  facet normal -0.540258 0.492415 -0.682384
    outer loop
      vertex -40.4434 -1.02448 1.55
      vertex -39.2904 -1.90743 0
      vertex -40.6547 -1.25631 1.55
    endloop
  endfacet
  facet normal -0.719882 0.134023 -0.681034
    outer loop
      vertex -40.1073 -0.156856 1.55
      vertex -40.1258 -0.295201 1.54233
      vertex -40.1258 -0.256226 1.55
    endloop
  endfacet
  facet normal -0.717641 0.134206 -0.683359
    outer loop
      vertex -40.1258 -0.295201 1.54233
      vertex -40.1649 -0.465226 1.55
      vertex -40.1408 -0.336356 1.55
    endloop
  endfacet
  facet normal -0.718657 0.133931 -0.682345
    outer loop
      vertex -38.7654 -0.853257 0
      vertex -40.1258 -0.295201 1.54233
      vertex -40.1073 -0.156856 1.55
    endloop
  endfacet
  facet normal -0.718507 0.134449 -0.682401
    outer loop
      vertex -38.7654 -0.853257 0
      vertex -40.1649 -0.465226 1.55
      vertex -40.1258 -0.295201 1.54233
    endloop
  endfacet
  facet normal -0.718558 0.134226 -0.682391
    outer loop
      vertex -40.1649 -0.465226 1.55
      vertex -38.7654 -0.853257 0
      vertex -38.7672 -0.862893 0
    endloop
  endfacet
  facet normal -0.730977 0 -0.682402
    outer loop
      vertex -38.6603 0.290933 0
      vertex -40.1073 -0.156856 1.55
      vertex -40.1073 0.156856 1.55
    endloop
  endfacet
  facet normal -0.730977 0 -0.682402
    outer loop
      vertex -40.1073 -0.156856 1.55
      vertex -38.6603 0.290933 0
      vertex -38.6603 -0.290933 0
    endloop
  endfacet
  facet normal 0.766031 0.642804 0
    outer loop
      vertex 19.4278 -37.0499 7.4
      vertex 19.7893 -37.4807 1.55
      vertex 19.4278 -37.0499 1.55
    endloop
  endfacet
  facet normal 0.765995 0.642846 -5.29896e-06
    outer loop
      vertex 19.8073 -37.5021 7.4
      vertex 19.7893 -37.4807 1.55
      vertex 19.4278 -37.0499 7.4
    endloop
  endfacet
  facet normal 0.765282 0.643695 0
    outer loop
      vertex 19.7893 -37.4807 1.55
      vertex 19.8073 -37.5021 7.4
      vertex 19.8073 -37.5021 1.54693
    endloop
  endfacet
  facet normal 1 0 0
    outer loop
      vertex 19.2258 -35.9047 7.4
      vertex 19.2258 -35.9454 1.55
      vertex 19.2258 -35.9047 1.54463
    endloop
  endfacet
  facet normal 1 0 0
    outer loop
      vertex 19.2258 -35.9047 7.4
      vertex 19.2258 -36.4833 1.55
      vertex 19.2258 -35.9454 1.55
    endloop
  endfacet
  facet normal 1 -0 0
    outer loop
      vertex 19.2258 -36.4951 7.4
      vertex 19.2258 -36.4833 1.55
      vertex 19.2258 -35.9047 7.4
    endloop
  endfacet
  facet normal 1 0 0
    outer loop
      vertex 19.2258 -36.4833 1.55
      vertex 19.2258 -36.4951 7.4
      vertex 19.2258 -36.4951 1.54693
    endloop
  endfacet
  facet normal -0.766141 0.642672 0
    outer loop
      vertex 22.3519 -37.0741 1.55
      vertex 22.3722 -37.0499 7.4
      vertex 22.3722 -37.0499 1.54309
    endloop
  endfacet
  facet normal -0.766068 0.642759 -6.14096e-07
    outer loop
      vertex 22.0209 -37.4686 1.55
      vertex 22.3722 -37.0499 7.4
      vertex 22.3519 -37.0741 1.55
    endloop
  endfacet
  facet normal -0.76503 0.643995 0
    outer loop
      vertex 21.9927 -37.5021 7.4
      vertex 22.0209 -37.4686 1.55
      vertex 21.9927 -37.5021 1.54233
    endloop
  endfacet
  facet normal -0.765995 0.642846 -1.12321e-05
    outer loop
      vertex 22.0209 -37.4686 1.55
      vertex 21.9927 -37.5021 7.4
      vertex 22.3722 -37.0499 7.4
    endloop
  endfacet
  facet normal 0.500001 -0.866025 -6.40158e-06
    outer loop
      vertex 19.8073 -34.8976 7.4
      vertex 19.841 -34.8781 1.55
      vertex 20.3186 -34.6024 7.4
    endloop
  endfacet
  facet normal 0.500834 -0.865543 0
    outer loop
      vertex 19.841 -34.8781 1.55
      vertex 19.8073 -34.8976 7.4
      vertex 19.8073 -34.8976 1.54233
    endloop
  endfacet
  facet normal 0.499959 -0.866049 -1.82134e-06
    outer loop
      vertex 20.2848 -34.6219 1.55
      vertex 20.3186 -34.6024 7.4
      vertex 19.841 -34.8781 1.55
    endloop
  endfacet
  facet normal 0.499722 -0.866186 0
    outer loop
      vertex 20.3186 -34.6024 7.4
      vertex 20.2848 -34.6219 1.55
      vertex 20.3186 -34.6024 1.54233
    endloop
  endfacet
  facet normal 0.173785 0.984784 1.38632e-05
    outer loop
      vertex 20.9 -37.8999 7.4
      vertex 20.8557 -37.892 1.55
      vertex 20.3186 -37.7973 7.4
    endloop
  endfacet
  facet normal 0.17556 0.984469 0
    outer loop
      vertex 20.8557 -37.892 1.55
      vertex 20.9 -37.8999 7.4
      vertex 20.9 -37.8999 1.54309
    endloop
  endfacet
  facet normal 0.1736 0.984816 -3.68979e-06
    outer loop
      vertex 20.3406 -37.8012 1.55
      vertex 20.3186 -37.7973 7.4
      vertex 20.8557 -37.892 1.55
    endloop
  endfacet
  facet normal 0.174551 0.984648 0
    outer loop
      vertex 20.3186 -37.7973 7.4
      vertex 20.3406 -37.8012 1.55
      vertex 20.3186 -37.7973 1.54463
    endloop
  endfacet
  facet normal 0.76503 -0.643995 0
    outer loop
      vertex 19.8073 -34.8976 7.4
      vertex 19.7791 -34.9311 1.55
      vertex 19.8073 -34.8976 1.54233
    endloop
  endfacet
  facet normal 0.766068 -0.642759 -1.20828e-05
    outer loop
      vertex 19.8073 -34.8976 7.4
      vertex 19.4481 -35.3256 1.55
      vertex 19.7791 -34.9311 1.55
    endloop
  endfacet
  facet normal 0.766065 -0.642763 -1.16272e-05
    outer loop
      vertex 19.4278 -35.3499 7.4
      vertex 19.4481 -35.3256 1.55
      vertex 19.8073 -34.8976 7.4
    endloop
  endfacet
  facet normal 0.767444 -0.641116 0
    outer loop
      vertex 19.4481 -35.3256 1.55
      vertex 19.4278 -35.3499 7.4
      vertex 19.4278 -35.3499 1.54309
    endloop
  endfacet
  facet normal -0.500001 -0.866025 -5.66327e-06
    outer loop
      vertex 21.4814 -34.6024 7.4
      vertex 21.5168 -34.6228 1.55
      vertex 21.9927 -34.8976 7.4
    endloop
  endfacet
  facet normal -0.499299 -0.86643 0
    outer loop
      vertex 21.5168 -34.6228 1.55
      vertex 21.4814 -34.6024 7.4
      vertex 21.4814 -34.6024 1.54463
    endloop
  endfacet
  facet normal -0.499959 -0.866049 -1.02753e-05
    outer loop
      vertex 21.9826 -34.8917 1.55
      vertex 21.9927 -34.8976 7.4
      vertex 21.5168 -34.6228 1.55
    endloop
  endfacet
  facet normal -0.504402 -0.863469 -0
    outer loop
      vertex 21.9927 -34.8976 7.4
      vertex 21.9826 -34.8917 1.55
      vertex 21.9927 -34.8976 1.54693
    endloop
  endfacet
  facet normal 0.500001 0.866025 -5.66327e-06
    outer loop
      vertex 20.3186 -37.7973 7.4
      vertex 20.2832 -37.7769 1.55
      vertex 19.8073 -37.5021 7.4
    endloop
  endfacet
  facet normal 0.499299 0.86643 0
    outer loop
      vertex 20.2832 -37.7769 1.55
      vertex 20.3186 -37.7973 7.4
      vertex 20.3186 -37.7973 1.54463
    endloop
  endfacet
  facet normal 0.499959 0.866049 -1.02753e-05
    outer loop
      vertex 19.8174 -37.508 1.55
      vertex 19.8073 -37.5021 7.4
      vertex 20.2832 -37.7769 1.55
    endloop
  endfacet
  facet normal 0.504402 0.863469 0
    outer loop
      vertex 19.8073 -37.5021 7.4
      vertex 19.8174 -37.508 1.55
      vertex 19.8073 -37.5021 1.54693
    endloop
  endfacet
  facet normal -0.173785 0.984784 9.9023e-07
    outer loop
      vertex 21.4814 -37.7973 7.4
      vertex 21.4383 -37.8049 1.55
      vertex 20.9 -37.8999 7.4
    endloop
  endfacet
  facet normal -0.173655 0.984807 0
    outer loop
      vertex 21.4383 -37.8049 1.55
      vertex 21.4814 -37.7973 7.4
      vertex 21.4814 -37.7973 1.54233
    endloop
  endfacet
  facet normal -0.173774 0.984786 2.04118e-06
    outer loop
      vertex 20.9311 -37.8944 1.55
      vertex 20.9 -37.8999 7.4
      vertex 21.4383 -37.8049 1.55
    endloop
  endfacet
  facet normal -0.174147 0.98472 0
    outer loop
      vertex 20.9 -37.8999 7.4
      vertex 20.9311 -37.8944 1.55
      vertex 20.9 -37.8999 1.54309
    endloop
  endfacet
  facet normal -0.938876 0.344255 0
    outer loop
      vertex 22.5665 -36.5161 1.55
      vertex 22.5742 -36.4951 7.4
      vertex 22.5742 -36.4951 1.54463
    endloop
  endfacet
  facet normal -0.939687 0.342035 9.03648e-06
    outer loop
      vertex 22.3876 -37.0076 1.55
      vertex 22.5742 -36.4951 7.4
      vertex 22.5665 -36.5161 1.55
    endloop
  endfacet
  facet normal -0.939664 0.3421 0
    outer loop
      vertex 22.3722 -37.0499 7.4
      vertex 22.3876 -37.0076 1.55
      vertex 22.3722 -37.0499 1.54309
    endloop
  endfacet
  facet normal -0.939655 0.342124 1.96872e-07
    outer loop
      vertex 22.3876 -37.0076 1.55
      vertex 22.3722 -37.0499 7.4
      vertex 22.5742 -36.4951 7.4
    endloop
  endfacet
  facet normal -1 0 0
    outer loop
      vertex 22.5742 -35.9164 1.55
      vertex 22.5742 -35.9047 7.4
      vertex 22.5742 -35.9047 1.54693
    endloop
  endfacet
  facet normal -1 0 0
    outer loop
      vertex 22.5742 -36.4543 1.55
      vertex 22.5742 -35.9047 7.4
      vertex 22.5742 -35.9164 1.55
    endloop
  endfacet
  facet normal -1 0 0
    outer loop
      vertex 22.5742 -36.4951 7.4
      vertex 22.5742 -36.4543 1.55
      vertex 22.5742 -36.4951 1.54463
    endloop
  endfacet
  facet normal -1 0 0
    outer loop
      vertex 22.5742 -36.4543 1.55
      vertex 22.5742 -36.4951 7.4
      vertex 22.5742 -35.9047 7.4
    endloop
  endfacet
  facet normal -0.939669 -0.342086 0
    outer loop
      vertex 22.5646 -35.8784 1.55
      vertex 22.3722 -35.3499 7.4
      vertex 22.3722 -35.3499 1.55
    endloop
  endfacet
  facet normal -0.939376 -0.34289 -0
    outer loop
      vertex 22.5742 -35.9047 7.4
      vertex 22.5646 -35.8784 1.55
      vertex 22.5742 -35.9047 1.54693
    endloop
  endfacet
  facet normal -0.939655 -0.342124 3.90271e-06
    outer loop
      vertex 22.5646 -35.8784 1.55
      vertex 22.5742 -35.9047 7.4
      vertex 22.3722 -35.3499 7.4
    endloop
  endfacet
  facet normal 0.939403 -0.342815 0
    outer loop
      vertex 19.4278 -35.3499 7.4
      vertex 19.4124 -35.3921 1.55
      vertex 19.4278 -35.3499 1.54309
    endloop
  endfacet
  facet normal 0.939687 -0.342035 -6.37946e-06
    outer loop
      vertex 19.4278 -35.3499 7.4
      vertex 19.2335 -35.8836 1.55
      vertex 19.4124 -35.3921 1.55
    endloop
  endfacet
  facet normal 0.939655 -0.342124 2.8257e-06
    outer loop
      vertex 19.2258 -35.9047 7.4
      vertex 19.2335 -35.8836 1.55
      vertex 19.4278 -35.3499 7.4
    endloop
  endfacet
  facet normal 0.939403 -0.342815 0
    outer loop
      vertex 19.2335 -35.8836 1.55
      vertex 19.2258 -35.9047 7.4
      vertex 19.2258 -35.9047 1.54463
    endloop
  endfacet
  facet normal 0.938954 0.344044 0
    outer loop
      vertex 19.2258 -36.4951 7.4
      vertex 19.2354 -36.5213 1.55
      vertex 19.2258 -36.4951 1.54693
    endloop
  endfacet
  facet normal 0.939655 0.342124 9.75098e-06
    outer loop
      vertex 19.4278 -37.0499 7.4
      vertex 19.2354 -36.5213 1.55
      vertex 19.2258 -36.4951 7.4
    endloop
  endfacet
  facet normal 0.93969 0.342029 0
    outer loop
      vertex 19.2354 -36.5213 1.55
      vertex 19.4278 -37.0499 7.4
      vertex 19.4278 -37.0499 1.55
    endloop
  endfacet
  facet normal 0.173621 -0.984813 -2.57699e-07
    outer loop
      vertex 20.3186 -34.6024 7.4
      vertex 20.3617 -34.5948 1.55
      vertex 20.9 -34.4999 7.4
    endloop
  endfacet
  facet normal 0.173655 -0.984807 0
    outer loop
      vertex 20.3617 -34.5948 1.55
      vertex 20.3186 -34.6024 7.4
      vertex 20.3186 -34.6024 1.54233
    endloop
  endfacet
  facet normal 0.173586 -0.984819 3.07349e-06
    outer loop
      vertex 20.8689 -34.5054 1.55
      vertex 20.9 -34.4999 7.4
      vertex 20.3617 -34.5948 1.55
    endloop
  endfacet
  facet normal 0.174147 -0.98472 0
    outer loop
      vertex 20.9 -34.4999 7.4
      vertex 20.8689 -34.5054 1.55
      vertex 20.9 -34.4999 1.54309
    endloop
  endfacet
  facet normal -0.500001 0.866025 -6.40158e-06
    outer loop
      vertex 21.9927 -37.5021 7.4
      vertex 21.959 -37.5216 1.55
      vertex 21.4814 -37.7973 7.4
    endloop
  endfacet
  facet normal -0.500834 0.865543 0
    outer loop
      vertex 21.959 -37.5216 1.55
      vertex 21.9927 -37.5021 7.4
      vertex 21.9927 -37.5021 1.54233
    endloop
  endfacet
  facet normal -0.500105 0.865965 -1.77514e-05
    outer loop
      vertex 21.5152 -37.7779 1.55
      vertex 21.4814 -37.7973 7.4
      vertex 21.959 -37.5216 1.55
    endloop
  endfacet
  facet normal -0.497796 0.867294 0
    outer loop
      vertex 21.4814 -37.7973 7.4
      vertex 21.5152 -37.7779 1.55
      vertex 21.4814 -37.7973 1.54233
    endloop
  endfacet
  facet normal -0.765282 -0.643695 0
    outer loop
      vertex 22.0107 -34.919 1.55
      vertex 21.9927 -34.8976 7.4
      vertex 21.9927 -34.8976 1.54693
    endloop
  endfacet
  facet normal -0.766104 -0.642717 -6.10874e-06
    outer loop
      vertex 22.3722 -35.3499 1.55
      vertex 21.9927 -34.8976 7.4
      vertex 22.0107 -34.919 1.55
    endloop
  endfacet
  facet normal -0.766065 -0.642763 0
    outer loop
      vertex 21.9927 -34.8976 7.4
      vertex 22.3722 -35.3499 1.55
      vertex 22.3722 -35.3499 7.4
    endloop
  endfacet
  facet normal -0.173621 -0.984813 -1.68807e-06
    outer loop
      vertex 20.9 -34.4999 7.4
      vertex 20.9443 -34.5077 1.55
      vertex 21.4814 -34.6024 7.4
    endloop
  endfacet
  facet normal -0.173405 -0.984851 0
    outer loop
      vertex 20.9443 -34.5077 1.55
      vertex 20.9 -34.4999 7.4
      vertex 20.9 -34.4999 1.54309
    endloop
  endfacet
  facet normal -0.1736 -0.984816 -3.68979e-06
    outer loop
      vertex 21.4594 -34.5985 1.55
      vertex 21.4814 -34.6024 7.4
      vertex 20.9443 -34.5077 1.55
    endloop
  endfacet
  facet normal -0.174551 -0.984648 -0
    outer loop
      vertex 21.4814 -34.6024 7.4
      vertex 21.4594 -34.5985 1.55
      vertex 21.4814 -34.6024 1.54463
    endloop
  endfacet
  facet normal 0.59664 0.422338 -0.682387
    outer loop
      vertex 19.4278 -37.0499 1.55
      vertex 18.4998 -38.2433 0
      vertex 18.1693 -37.7764 0
    endloop
  endfacet
  facet normal 0.664077 0.305524 -0.68239
    outer loop
      vertex 19.4278 -37.0499 1.55
      vertex 18.1693 -37.7764 0
      vertex 17.9302 -37.2567 0
    endloop
  endfacet
  facet normal 0.156329 0.714081 -0.682385
    outer loop
      vertex 20.5125 -39.3291 0
      vertex 20.3846 -37.8199 1.55
      vertex 20.6911 -37.887 1.55
    endloop
  endfacet
  facet normal 0.156207 0.71409 -0.682404
    outer loop
      vertex 20.3846 -37.8199 1.55
      vertex 20.5125 -39.3291 0
      vertex 20.5029 -39.327 0
    endloop
  endfacet
  facet normal 0.51461 0.530395 -0.673689
    outer loop
      vertex 19.8342 -37.5243 1.55
      vertex 19.8073 -37.5021 1.54693
      vertex 19.8174 -37.508 1.55
    endloop
  endfacet
  facet normal 0.508196 0.525357 -0.682449
    outer loop
      vertex 18.9162 -38.6496 0
      vertex 19.7893 -37.4807 1.55
      vertex 19.8073 -37.5021 1.54693
    endloop
  endfacet
  facet normal 0.509366 0.524348 -0.682353
    outer loop
      vertex 18.9162 -38.6496 0
      vertex 19.8342 -37.5243 1.55
      vertex 18.9232 -38.6564 0
    endloop
  endfacet
  facet normal 0.510077 0.523711 -0.682311
    outer loop
      vertex 19.8342 -37.5243 1.55
      vertex 18.9162 -38.6496 0
      vertex 19.8073 -37.5021 1.54693
    endloop
  endfacet
  facet normal 0.508816 0.524825 -0.682397
    outer loop
      vertex 19.7893 -37.4807 1.55
      vertex 18.9162 -38.6496 0
      vertex 19.609 -37.3059 1.55
    endloop
  endfacet
  facet normal 0.0218781 0.731921 -0.681038
    outer loop
      vertex 21.0047 -37.8966 1.55
      vertex 20.9 -37.8999 1.54309
      vertex 20.9311 -37.8944 1.55
    endloop
  endfacet
  facet normal 0.0220003 0.730724 -0.682319
    outer loop
      vertex 20.9 -37.8999 1.54309
      vertex 21.0047 -37.8966 1.55
      vertex 20.5223 -39.3294 0
    endloop
  endfacet
  facet normal 0.0220339 0.725357 -0.68802
    outer loop
      vertex 20.9 -37.8999 1.54309
      vertex 20.6911 -37.887 1.55
      vertex 20.8557 -37.892 1.55
    endloop
  endfacet
  facet normal 0.0225471 0.730648 -0.682382
    outer loop
      vertex 20.5223 -39.3294 0
      vertex 20.6911 -37.887 1.55
      vertex 20.9 -37.8999 1.54309
    endloop
  endfacet
  facet normal 0.0223672 0.730661 -0.682374
    outer loop
      vertex 20.6911 -37.887 1.55
      vertex 20.5223 -39.3294 0
      vertex 20.5125 -39.3291 0
    endloop
  endfacet
  facet normal -0.365567 0.633021 -0.682382
    outer loop
      vertex 22.2179 -39.0644 0
      vertex 21.8822 -37.5874 1.55
      vertex 22.7218 -38.7734 0
    endloop
  endfacet
  facet normal -0.365556 0.633025 -0.682384
    outer loop
      vertex 21.8822 -37.5874 1.55
      vertex 22.2179 -39.0644 0
      vertex 21.6105 -37.7443 1.55
    endloop
  endfacet
  facet normal 0.508912 0.524755 -0.682379
    outer loop
      vertex 19.609 -37.3059 1.55
      vertex 18.9162 -38.6496 0
      vertex 18.5055 -38.2513 0
    endloop
  endfacet
  facet normal -0.644032 0.345784 -0.682391
    outer loop
      vertex 23.7991 -37.4375 0
      vertex 23.5285 -37.9415 0
      vertex 22.3171 -37.1389 1.55
    endloop
  endfacet
  facet normal 0.284962 0.673174 -0.682374
    outer loop
      vertex 20.0957 -37.6976 1.55
      vertex 19.9351 -39.2008 0
      vertex 19.4083 -38.9778 0
    endloop
  endfacet
  facet normal 0.725464 -0.0898206 -0.682374
    outer loop
      vertex 17.8187 -35.535 0
      vertex 19.2008 -36.1475 1.55
      vertex 17.7484 -36.1028 0
    endloop
  endfacet
  facet normal -0.0224891 -0.73064 -0.682393
    outer loop
      vertex 21.2777 -33.0703 0
      vertex 20.7953 -34.5031 1.55
      vertex 20.7059 -33.0527 0
    endloop
  endfacet
  facet normal 0.285844 0.672575 -0.682595
    outer loop
      vertex 20.3846 -37.8199 1.55
      vertex 20.3186 -37.7973 1.54463
      vertex 20.3406 -37.8012 1.55
    endloop
  endfacet
  facet normal 0.284491 0.673316 -0.68243
    outer loop
      vertex 19.9351 -39.2008 0
      vertex 20.2832 -37.7769 1.55
      vertex 20.3186 -37.7973 1.54463
    endloop
  endfacet
  facet normal 0.28433 0.673413 -0.682401
    outer loop
      vertex 19.9351 -39.2008 0
      vertex 20.3846 -37.8199 1.55
      vertex 19.9441 -39.2046 0
    endloop
  endfacet
  facet normal 0.285906 0.672819 -0.682329
    outer loop
      vertex 20.3846 -37.8199 1.55
      vertex 19.9351 -39.2008 0
      vertex 20.3186 -37.7973 1.54463
    endloop
  endfacet
  facet normal 0.284733 0.673234 -0.682409
    outer loop
      vertex 20.2832 -37.7769 1.55
      vertex 19.9351 -39.2008 0
      vertex 20.0957 -37.6976 1.55
    endloop
  endfacet
  facet normal 0.729618 0.0449749 -0.682374
    outer loop
      vertex 19.2201 -36.4606 1.55
      vertex 17.7836 -36.6737 0
      vertex 19.2008 -36.1475 1.55
    endloop
  endfacet
  facet normal 0.729649 0.0446724 -0.682361
    outer loop
      vertex 17.7836 -36.6737 0
      vertex 19.2201 -36.4606 1.55
      vertex 17.7842 -36.6835 0
    endloop
  endfacet
  facet normal 0.243008 -0.689416 -0.682388
    outer loop
      vertex 20.1217 -33.1452 0
      vertex 20.1895 -34.6555 1.55
      vertex 19.5821 -33.3354 0
    endloop
  endfacet
  facet normal 0.595264 0.424126 -0.682479
    outer loop
      vertex 18.4998 -38.2433 0
      vertex 19.609 -37.3059 1.55
      vertex 18.5055 -38.2513 0
    endloop
  endfacet
  facet normal 0.596656 0.422321 -0.682383
    outer loop
      vertex 19.609 -37.3059 1.55
      vertex 18.4998 -38.2433 0
      vertex 19.4278 -37.0499 1.55
    endloop
  endfacet
  facet normal 0.403778 0.609372 -0.682371
    outer loop
      vertex 20.0957 -37.6976 1.55
      vertex 19.4083 -38.9778 0
      vertex 18.9314 -38.6618 0
    endloop
  endfacet
  facet normal 0.156411 0.714075 -0.682373
    outer loop
      vertex 20.3846 -37.8199 1.55
      vertex 20.5029 -39.327 0
      vertex 19.9441 -39.2046 0
    endloop
  endfacet
  facet normal -0.696599 0.22156 -0.682393
    outer loop
      vertex 23.8067 -37.4196 0
      vertex 22.4655 -36.8625 1.55
      vertex 22.5606 -36.5635 1.55
    endloop
  endfacet
  facet normal -0.695573 0.224379 -0.682519
    outer loop
      vertex 22.4655 -36.8625 1.55
      vertex 23.8067 -37.4196 0
      vertex 23.8037 -37.4289 0
    endloop
  endfacet
  facet normal 0.0224891 0.73064 -0.682393
    outer loop
      vertex 21.0047 -37.8966 1.55
      vertex 21.0941 -39.347 0
      vertex 20.5223 -39.3294 0
    endloop
  endfacet
  facet normal -0.708931 -0.178255 -0.682379
    outer loop
      vertex 23.8739 -35.1519 0
      vertex 24.0134 -35.7067 0
      vertex 22.5034 -35.6349 1.55
    endloop
  endfacet
  facet normal -0.573163 0.454064 -0.682137
    outer loop
      vertex 22.1204 -37.3833 1.55
      vertex 23.1698 -38.3872 0
      vertex 23.1637 -38.3949 0
    endloop
  endfacet
  facet normal -0.569463 0.45832 -0.682389
    outer loop
      vertex 23.1698 -38.3872 0
      vertex 22.1204 -37.3833 1.55
      vertex 22.3171 -37.1389 1.55
    endloop
  endfacet
  facet normal -0.242896 0.689461 -0.682382
    outer loop
      vertex 22.2179 -39.0644 0
      vertex 21.6783 -39.2545 0
      vertex 21.6105 -37.7443 1.55
    endloop
  endfacet
  facet normal -0.403778 -0.609372 -0.682371
    outer loop
      vertex 22.3917 -33.4219 0
      vertex 22.8686 -33.7379 0
      vertex 21.7043 -34.7021 1.55
    endloop
  endfacet
  facet normal -0.284962 -0.673174 -0.682374
    outer loop
      vertex 21.8649 -33.1989 0
      vertex 22.3917 -33.4219 0
      vertex 21.7043 -34.7021 1.55
    endloop
  endfacet
  facet normal -0.644533 0.34475 -0.68244
    outer loop
      vertex 23.7991 -37.4375 0
      vertex 22.4655 -36.8625 1.55
      vertex 23.8037 -37.4289 0
    endloop
  endfacet
  facet normal -0.64404 0.345766 -0.682392
    outer loop
      vertex 23.7991 -37.4375 0
      vertex 22.3876 -37.0076 1.55
      vertex 22.4655 -36.8625 1.55
    endloop
  endfacet
  facet normal -0.643975 0.34592 -0.682375
    outer loop
      vertex 23.7991 -37.4375 0
      vertex 22.3722 -37.0499 1.54309
      vertex 22.3876 -37.0076 1.55
    endloop
  endfacet
  facet normal -0.644045 0.345747 -0.682397
    outer loop
      vertex 22.3171 -37.1389 1.55
      vertex 22.3722 -37.0499 1.54309
      vertex 23.7991 -37.4375 0
    endloop
  endfacet
  facet normal -0.644745 0.346252 -0.681479
    outer loop
      vertex 22.3722 -37.0499 1.54309
      vertex 22.3171 -37.1389 1.55
      vertex 22.3519 -37.0741 1.55
    endloop
  endfacet
  facet normal 0.729616 0.0449859 -0.682376
    outer loop
      vertex 19.2008 -36.1475 1.55
      vertex 17.7836 -36.6737 0
      vertex 17.7484 -36.1028 0
    endloop
  endfacet
  facet normal -0.470366 0.559959 -0.682057
    outer loop
      vertex 23.1562 -38.4012 0
      vertex 22.1204 -37.3833 1.55
      vertex 23.1637 -38.3949 0
    endloop
  endfacet
  facet normal -0.47552 0.555199 -0.682374
    outer loop
      vertex 21.9927 -37.5021 1.54233
      vertex 22.1204 -37.3833 1.55
      vertex 23.1562 -38.4012 0
    endloop
  endfacet
  facet normal -0.478275 0.557894 -0.678239
    outer loop
      vertex 22.1204 -37.3833 1.55
      vertex 21.9927 -37.5021 1.54233
      vertex 22.0209 -37.4686 1.55
    endloop
  endfacet
  facet normal -0.475759 0.55495 -0.68241
    outer loop
      vertex 21.8822 -37.5874 1.55
      vertex 21.9927 -37.5021 1.54233
      vertex 23.1562 -38.4012 0
    endloop
  endfacet
  facet normal -0.476906 0.556632 -0.680236
    outer loop
      vertex 21.9927 -37.5021 1.54233
      vertex 21.8822 -37.5874 1.55
      vertex 21.959 -37.5216 1.55
    endloop
  endfacet
  facet normal -0.696602 0.221553 -0.682392
    outer loop
      vertex 23.9801 -36.8744 0
      vertex 23.8067 -37.4196 0
      vertex 22.5606 -36.5635 1.55
    endloop
  endfacet
  facet normal 0.708937 0.178257 -0.682373
    outer loop
      vertex 19.2966 -36.7649 1.55
      vertex 17.9261 -37.2478 0
      vertex 17.7866 -36.693 0
    endloop
  endfacet
  facet normal -0.664068 -0.30552 -0.682401
    outer loop
      vertex 23.6307 -34.6233 0
      vertex 23.8698 -35.143 0
      vertex 22.3722 -35.3499 1.55
    endloop
  endfacet
  facet normal -0.663945 -0.305862 -0.682367
    outer loop
      vertex 22.5034 -35.6349 1.55
      vertex 23.8698 -35.143 0
      vertex 23.8739 -35.1519 0
    endloop
  endfacet
  facet normal -0.66402 -0.305682 -0.682375
    outer loop
      vertex 23.8698 -35.143 0
      vertex 22.5034 -35.6349 1.55
      vertex 22.3722 -35.3499 1.55
    endloop
  endfacet
  facet normal -0.729649 -0.0446724 -0.682361
    outer loop
      vertex 24.0164 -35.726 0
      vertex 22.5799 -35.9391 1.55
      vertex 24.0158 -35.7162 0
    endloop
  endfacet
  facet normal -0.729618 -0.0449749 -0.682374
    outer loop
      vertex 22.5799 -35.9391 1.55
      vertex 24.0164 -35.726 0
      vertex 22.5992 -36.2522 1.55
    endloop
  endfacet
  facet normal -0.40209 -0.610581 -0.682286
    outer loop
      vertex 21.9658 -34.8754 1.55
      vertex 22.8686 -33.7379 0
      vertex 22.8768 -33.7433 0
    endloop
  endfacet
  facet normal -0.403817 -0.609337 -0.682378
    outer loop
      vertex 22.8686 -33.7379 0
      vertex 21.9658 -34.8754 1.55
      vertex 21.7043 -34.7021 1.55
    endloop
  endfacet
  facet normal -0.569472 0.458312 -0.682387
    outer loop
      vertex 23.5285 -37.9415 0
      vertex 23.1698 -38.3872 0
      vertex 22.3171 -37.1389 1.55
    endloop
  endfacet
  facet normal -0.112064 0.722345 -0.682392
    outer loop
      vertex 21.6594 -39.2593 0
      vertex 21.0941 -39.347 0
      vertex 21.0047 -37.8966 1.55
    endloop
  endfacet
  facet normal -0.111713 0.722412 -0.682379
    outer loop
      vertex 21.6594 -39.2593 0
      vertex 21.3147 -37.8485 1.55
      vertex 21.6691 -39.2578 0
    endloop
  endfacet
  facet normal -0.112079 0.72234 -0.682395
    outer loop
      vertex 21.3147 -37.8485 1.55
      vertex 21.6594 -39.2593 0
      vertex 21.0047 -37.8966 1.55
    endloop
  endfacet
  facet normal 0.112189 -0.722331 -0.682386
    outer loop
      vertex 20.7059 -33.0527 0
      vertex 20.7953 -34.5031 1.55
      vertex 20.1406 -33.1405 0
    endloop
  endfacet
  facet normal -0.156407 -0.714052 -0.682398
    outer loop
      vertex 21.8559 -33.1951 0
      vertex 21.4154 -34.5799 1.55
      vertex 21.2971 -33.0727 0
    endloop
  endfacet
  facet normal -0.508912 -0.524755 -0.682379
    outer loop
      vertex 22.8838 -33.7501 0
      vertex 23.2945 -34.1484 0
      vertex 22.191 -35.0938 1.55
    endloop
  endfacet
  facet normal -0.284733 -0.673234 -0.682409
    outer loop
      vertex 21.5168 -34.6228 1.55
      vertex 21.8649 -33.1989 0
      vertex 21.7043 -34.7021 1.55
    endloop
  endfacet
  facet normal -0.284491 -0.673316 -0.68243
    outer loop
      vertex 21.4814 -34.6024 1.54463
      vertex 21.8649 -33.1989 0
      vertex 21.5168 -34.6228 1.55
    endloop
  endfacet
  facet normal -0.285001 -0.673137 -0.682394
    outer loop
      vertex 21.4154 -34.5799 1.55
      vertex 21.8649 -33.1989 0
      vertex 21.4814 -34.6024 1.54463
    endloop
  endfacet
  facet normal -0.285659 -0.675752 -0.679528
    outer loop
      vertex 21.4154 -34.5799 1.55
      vertex 21.4814 -34.6024 1.54463
      vertex 21.4594 -34.5985 1.55
    endloop
  endfacet
  facet normal -0.284321 -0.673393 -0.682425
    outer loop
      vertex 21.8649 -33.1989 0
      vertex 21.4154 -34.5799 1.55
      vertex 21.8559 -33.1951 0
    endloop
  endfacet
  facet normal 0.664029 0.305686 -0.682365
    outer loop
      vertex 17.9302 -37.2567 0
      vertex 19.2966 -36.7649 1.55
      vertex 19.4278 -37.0499 1.55
    endloop
  endfacet
  facet normal 0.663954 0.305867 -0.682356
    outer loop
      vertex 19.2966 -36.7649 1.55
      vertex 17.9302 -37.2567 0
      vertex 17.9261 -37.2478 0
    endloop
  endfacet
  facet normal 0.708071 0.177798 -0.683391
    outer loop
      vertex 19.2258 -36.4951 1.54693
      vertex 19.2201 -36.4606 1.55
      vertex 19.2258 -36.4833 1.55
    endloop
  endfacet
  facet normal 0.709012 0.177865 -0.682398
    outer loop
      vertex 19.2258 -36.4951 1.54693
      vertex 17.7842 -36.6835 0
      vertex 19.2201 -36.4606 1.55
    endloop
  endfacet
  facet normal 0.708652 0.179711 -0.682287
    outer loop
      vertex 19.2354 -36.5213 1.55
      vertex 17.7842 -36.6835 0
      vertex 19.2258 -36.4951 1.54693
    endloop
  endfacet
  facet normal 0.70895 0.17811 -0.682398
    outer loop
      vertex 19.2966 -36.7649 1.55
      vertex 17.7842 -36.6835 0
      vertex 19.2354 -36.5213 1.55
    endloop
  endfacet
  facet normal 0.708849 0.179078 -0.682249
    outer loop
      vertex 17.7842 -36.6835 0
      vertex 19.2966 -36.7649 1.55
      vertex 17.7866 -36.693 0
    endloop
  endfacet
  facet normal -0.0228024 -0.729677 -0.683412
    outer loop
      vertex 20.7953 -34.5031 1.55
      vertex 20.9 -34.4999 1.54309
      vertex 20.8689 -34.5054 1.55
    endloop
  endfacet
  facet normal -0.0227091 -0.730602 -0.682426
    outer loop
      vertex 20.9 -34.4999 1.54309
      vertex 20.7953 -34.5031 1.55
      vertex 21.2777 -33.0703 0
    endloop
  endfacet
  facet normal -0.0221936 -0.730612 -0.682432
    outer loop
      vertex 20.9 -34.4999 1.54309
      vertex 21.1089 -34.5127 1.55
      vertex 20.9443 -34.5077 1.55
    endloop
  endfacet
  facet normal -0.0221994 -0.730672 -0.682367
    outer loop
      vertex 21.2777 -33.0703 0
      vertex 21.1089 -34.5127 1.55
      vertex 20.9 -34.4999 1.54309
    endloop
  endfacet
  facet normal -0.0223672 -0.730661 -0.682374
    outer loop
      vertex 21.1089 -34.5127 1.55
      vertex 21.2777 -33.0703 0
      vertex 21.2875 -33.0706 0
    endloop
  endfacet
  facet normal 0.696592 -0.221591 -0.68239
    outer loop
      vertex 17.9933 -34.9802 0
      vertex 19.2394 -35.8362 1.55
      vertex 17.8199 -35.5253 0
    endloop
  endfacet
  facet normal -0.725485 0.0897433 -0.682362
    outer loop
      vertex 23.9813 -36.8647 0
      vertex 22.5742 -36.4543 1.55
      vertex 22.5992 -36.2522 1.55
    endloop
  endfacet
  facet normal -0.723093 0.0900053 -0.684862
    outer loop
      vertex 22.5742 -36.4951 1.54463
      vertex 22.5606 -36.5635 1.55
      vertex 22.5665 -36.5161 1.55
    endloop
  endfacet
  facet normal -0.725471 0.0898116 -0.682367
    outer loop
      vertex 22.5742 -36.4543 1.55
      vertex 23.9813 -36.8647 0
      vertex 22.5742 -36.4951 1.54463
    endloop
  endfacet
  facet normal -0.725316 0.0906386 -0.682423
    outer loop
      vertex 23.9813 -36.8647 0
      vertex 22.5606 -36.5635 1.55
      vertex 22.5742 -36.4951 1.54463
    endloop
  endfacet
  facet normal -0.725463 0.089748 -0.682385
    outer loop
      vertex 22.5606 -36.5635 1.55
      vertex 23.9813 -36.8647 0
      vertex 23.9801 -36.8744 0
    endloop
  endfacet
  facet normal 0.644032 -0.345784 -0.682391
    outer loop
      vertex 18.2715 -34.4582 0
      vertex 19.4829 -35.2608 1.55
      vertex 18.0009 -34.9622 0
    endloop
  endfacet
  facet normal 0.725463 -0.089748 -0.682385
    outer loop
      vertex 19.2394 -35.8362 1.55
      vertex 17.8187 -35.535 0
      vertex 17.8199 -35.5253 0
    endloop
  endfacet
  facet normal 0.723924 -0.0901086 -0.68397
    outer loop
      vertex 19.2258 -35.9047 1.54463
      vertex 19.2394 -35.8362 1.55
      vertex 19.2335 -35.8836 1.55
    endloop
  endfacet
  facet normal 0.725337 -0.0905109 -0.682418
    outer loop
      vertex 19.2394 -35.8362 1.55
      vertex 19.2258 -35.9047 1.54463
      vertex 17.8187 -35.535 0
    endloop
  endfacet
  facet normal 0.725426 -0.0900347 -0.682386
    outer loop
      vertex 19.2258 -35.9454 1.55
      vertex 17.8187 -35.535 0
      vertex 19.2258 -35.9047 1.54463
    endloop
  endfacet
  facet normal 0.725485 -0.0897433 -0.682362
    outer loop
      vertex 17.8187 -35.535 0
      vertex 19.2258 -35.9454 1.55
      vertex 19.2008 -36.1475 1.55
    endloop
  endfacet
  facet normal -0.708844 -0.179076 -0.682256
    outer loop
      vertex 24.0158 -35.7162 0
      vertex 22.5034 -35.6349 1.55
      vertex 24.0134 -35.7067 0
    endloop
  endfacet
  facet normal -0.708937 -0.17818 -0.682393
    outer loop
      vertex 24.0158 -35.7162 0
      vertex 22.5646 -35.8784 1.55
      vertex 22.5034 -35.6349 1.55
    endloop
  endfacet
  facet normal -0.708772 -0.179067 -0.682332
    outer loop
      vertex 24.0158 -35.7162 0
      vertex 22.5742 -35.9047 1.54693
      vertex 22.5646 -35.8784 1.55
    endloop
  endfacet
  facet normal -0.708909 -0.178363 -0.682374
    outer loop
      vertex 22.5799 -35.9391 1.55
      vertex 22.5742 -35.9047 1.54693
      vertex 24.0158 -35.7162 0
    endloop
  endfacet
  facet normal -0.710878 -0.178502 -0.680286
    outer loop
      vertex 22.5742 -35.9047 1.54693
      vertex 22.5799 -35.9391 1.55
      vertex 22.5742 -35.9164 1.55
    endloop
  endfacet
  facet normal -0.72546 0.0898359 -0.682376
    outer loop
      vertex 24.0516 -36.297 0
      vertex 23.9813 -36.8647 0
      vertex 22.5992 -36.2522 1.55
    endloop
  endfacet
  facet normal -0.729617 -0.0449782 -0.682375
    outer loop
      vertex 24.0164 -35.726 0
      vertex 24.0516 -36.297 0
      vertex 22.5992 -36.2522 1.55
    endloop
  endfacet
  facet normal 0.569463 -0.45832 -0.682389
    outer loop
      vertex 18.6302 -34.0125 0
      vertex 19.6796 -35.0164 1.55
      vertex 19.4829 -35.2608 1.55
    endloop
  endfacet
  facet normal 0.570105 -0.457584 -0.682347
    outer loop
      vertex 19.6796 -35.0164 1.55
      vertex 18.6302 -34.0125 0
      vertex 18.6363 -34.0049 0
    endloop
  endfacet
  facet normal 0.569472 -0.458312 -0.682387
    outer loop
      vertex 18.6302 -34.0125 0
      vertex 19.4829 -35.2608 1.55
      vertex 18.2715 -34.4582 0
    endloop
  endfacet
  facet normal 0.111717 -0.722435 -0.682354
    outer loop
      vertex 20.1406 -33.1405 0
      vertex 20.4853 -34.5512 1.55
      vertex 20.1309 -33.142 0
    endloop
  endfacet
  facet normal 0.112083 -0.722363 -0.68237
    outer loop
      vertex 20.4853 -34.5512 1.55
      vertex 20.1406 -33.1405 0
      vertex 20.7953 -34.5031 1.55
    endloop
  endfacet
  facet normal -0.596738 -0.422214 -0.682378
    outer loop
      vertex 22.191 -35.0938 1.55
      vertex 23.3002 -34.1564 0
      vertex 22.3722 -35.3499 1.55
    endloop
  endfacet
  facet normal -0.595264 -0.424126 -0.682479
    outer loop
      vertex 23.3002 -34.1564 0
      vertex 22.191 -35.0938 1.55
      vertex 23.2945 -34.1484 0
    endloop
  endfacet
  facet normal -0.596629 -0.42233 -0.682401
    outer loop
      vertex 23.3002 -34.1564 0
      vertex 23.6307 -34.6233 0
      vertex 22.3722 -35.3499 1.55
    endloop
  endfacet
  facet normal -0.244689 0.694015 -0.677104
    outer loop
      vertex 21.6105 -37.7443 1.55
      vertex 21.4814 -37.7973 1.54233
      vertex 21.5152 -37.7779 1.55
    endloop
  endfacet
  facet normal -0.247007 0.688626 -0.681749
    outer loop
      vertex 21.6691 -39.2578 0
      vertex 21.6105 -37.7443 1.55
      vertex 21.6783 -39.2545 0
    endloop
  endfacet
  facet normal -0.243006 0.688888 -0.682921
    outer loop
      vertex 21.4814 -37.7973 1.54233
      vertex 21.3147 -37.8485 1.55
      vertex 21.4383 -37.8049 1.55
    endloop
  endfacet
  facet normal -0.242527 0.689521 -0.682453
    outer loop
      vertex 21.6105 -37.7443 1.55
      vertex 21.6691 -39.2578 0
      vertex 21.4814 -37.7973 1.54233
    endloop
  endfacet
  facet normal -0.24313 0.689374 -0.682387
    outer loop
      vertex 21.4814 -37.7973 1.54233
      vertex 21.6691 -39.2578 0
      vertex 21.3147 -37.8485 1.55
    endloop
  endfacet
  facet normal 0.696359 -0.222242 -0.682417
    outer loop
      vertex 19.3345 -35.5372 1.55
      vertex 17.9933 -34.9802 0
      vertex 17.9963 -34.9708 0
    endloop
  endfacet
  facet normal 0.696606 -0.221563 -0.682386
    outer loop
      vertex 17.9933 -34.9802 0
      vertex 19.3345 -35.5372 1.55
      vertex 19.2394 -35.8362 1.55
    endloop
  endfacet
  facet normal 0.476906 -0.556632 -0.680236
    outer loop
      vertex 19.8073 -34.8976 1.54233
      vertex 19.9178 -34.8123 1.55
      vertex 19.841 -34.8781 1.55
    endloop
  endfacet
  facet normal 0.478275 -0.557894 -0.678239
    outer loop
      vertex 19.6796 -35.0164 1.55
      vertex 19.8073 -34.8976 1.54233
      vertex 19.7791 -34.9311 1.55
    endloop
  endfacet
  facet normal 0.475759 -0.55495 -0.68241
    outer loop
      vertex 19.8073 -34.8976 1.54233
      vertex 18.6438 -33.9985 0
      vertex 19.9178 -34.8123 1.55
    endloop
  endfacet
  facet normal 0.47552 -0.555199 -0.682374
    outer loop
      vertex 19.6796 -35.0164 1.55
      vertex 18.6438 -33.9985 0
      vertex 19.8073 -34.8976 1.54233
    endloop
  endfacet
  facet normal 0.474543 -0.556105 -0.682317
    outer loop
      vertex 18.6438 -33.9985 0
      vertex 19.6796 -35.0164 1.55
      vertex 18.6363 -34.0049 0
    endloop
  endfacet
  facet normal 0.646949 -0.347436 -0.678782
    outer loop
      vertex 19.4278 -35.3499 1.54309
      vertex 19.4829 -35.2608 1.55
      vertex 19.4481 -35.3256 1.55
    endloop
  endfacet
  facet normal 0.646728 -0.34721 -0.679108
    outer loop
      vertex 19.3345 -35.5372 1.55
      vertex 19.4278 -35.3499 1.54309
      vertex 19.4124 -35.3921 1.55
    endloop
  endfacet
  facet normal 0.644162 -0.345428 -0.682447
    outer loop
      vertex 19.4278 -35.3499 1.54309
      vertex 18.0009 -34.9622 0
      vertex 19.4829 -35.2608 1.55
    endloop
  endfacet
  facet normal 0.643952 -0.345947 -0.682383
    outer loop
      vertex 19.3345 -35.5372 1.55
      vertex 18.0009 -34.9622 0
      vertex 19.4278 -35.3499 1.54309
    endloop
  endfacet
  facet normal 0.644533 -0.34475 -0.68244
    outer loop
      vertex 18.0009 -34.9622 0
      vertex 19.3345 -35.5372 1.55
      vertex 17.9963 -34.9708 0
    endloop
  endfacet
  facet normal -0.475622 0.555106 -0.682379
    outer loop
      vertex 23.1562 -38.4012 0
      vertex 22.7218 -38.7734 0
      vertex 21.8822 -37.5874 1.55
    endloop
  endfacet
  facet normal 0 0 -1
    outer loop
      vertex 19.8174 -37.508 1.55
      vertex 20.0957 -37.6976 1.55
      vertex 19.8342 -37.5243 1.55
    endloop
  endfacet
  facet normal 0 0 -1
    outer loop
      vertex 20.0957 -37.6976 1.55
      vertex 19.8174 -37.508 1.55
      vertex 20.2832 -37.7769 1.55
    endloop
  endfacet
  facet normal 0 0 -1
    outer loop
      vertex 22.1204 -37.3833 1.55
      vertex 22.3519 -37.0741 1.55
      vertex 22.3171 -37.1389 1.55
    endloop
  endfacet
  facet normal 0 0 -1
    outer loop
      vertex 22.3519 -37.0741 1.55
      vertex 22.1204 -37.3833 1.55
      vertex 22.0209 -37.4686 1.55
    endloop
  endfacet
  facet normal 0 0 -1
    outer loop
      vertex 22.5742 -35.9164 1.55
      vertex 22.5992 -36.2522 1.55
      vertex 22.5742 -36.4543 1.55
    endloop
  endfacet
  facet normal 0 0 -1
    outer loop
      vertex 22.5992 -36.2522 1.55
      vertex 22.5742 -35.9164 1.55
      vertex 22.5799 -35.9391 1.55
    endloop
  endfacet
  facet normal -0 -0 -1
    outer loop
      vertex 22.5034 -35.6349 1.55
      vertex 22.5646 -35.8784 1.55
      vertex 22.3722 -35.3499 1.55
    endloop
  endfacet
  facet normal 0 0 -1
    outer loop
      vertex 21.9826 -34.8917 1.55
      vertex 21.7043 -34.7021 1.55
      vertex 21.9658 -34.8754 1.55
    endloop
  endfacet
  facet normal -0 -0 -1
    outer loop
      vertex 21.7043 -34.7021 1.55
      vertex 21.9826 -34.8917 1.55
      vertex 21.5168 -34.6228 1.55
    endloop
  endfacet
  facet normal 0 0 -1
    outer loop
      vertex 20.9311 -37.8944 1.55
      vertex 21.3147 -37.8485 1.55
      vertex 21.0047 -37.8966 1.55
    endloop
  endfacet
  facet normal -0 0 -1
    outer loop
      vertex 21.3147 -37.8485 1.55
      vertex 20.9311 -37.8944 1.55
      vertex 21.4383 -37.8049 1.55
    endloop
  endfacet
  facet normal 0 0 -1
    outer loop
      vertex 19.4278 -37.0499 1.55
      vertex 19.2966 -36.7649 1.55
      vertex 19.2354 -36.5213 1.55
    endloop
  endfacet
  facet normal 0 0 -1
    outer loop
      vertex 19.2008 -36.1475 1.55
      vertex 19.2258 -36.4833 1.55
      vertex 19.2201 -36.4606 1.55
    endloop
  endfacet
  facet normal 0 0 -1
    outer loop
      vertex 19.2258 -36.4833 1.55
      vertex 19.2008 -36.1475 1.55
      vertex 19.2258 -35.9454 1.55
    endloop
  endfacet
  facet normal 0 0 -1
    outer loop
      vertex 21.4594 -34.5985 1.55
      vertex 21.1089 -34.5127 1.55
      vertex 21.4154 -34.5799 1.55
    endloop
  endfacet
  facet normal -0 -0 -1
    outer loop
      vertex 21.1089 -34.5127 1.55
      vertex 21.4594 -34.5985 1.55
      vertex 20.9443 -34.5077 1.55
    endloop
  endfacet
  facet normal 0 0 -1
    outer loop
      vertex 22.4655 -36.8625 1.55
      vertex 22.5665 -36.5161 1.55
      vertex 22.5606 -36.5635 1.55
    endloop
  endfacet
  facet normal 0 0 -1
    outer loop
      vertex 22.5665 -36.5161 1.55
      vertex 22.4655 -36.8625 1.55
      vertex 22.3876 -37.0076 1.55
    endloop
  endfacet
  facet normal 0 0 -1
    outer loop
      vertex 20.2848 -34.6219 1.55
      vertex 19.9178 -34.8123 1.55
      vertex 20.1895 -34.6555 1.55
    endloop
  endfacet
  facet normal 0 -0 -1
    outer loop
      vertex 19.9178 -34.8123 1.55
      vertex 20.2848 -34.6219 1.55
      vertex 19.841 -34.8781 1.55
    endloop
  endfacet
  facet normal 0 0 -1
    outer loop
      vertex 19.2335 -35.8836 1.55
      vertex 19.3345 -35.5372 1.55
      vertex 19.4124 -35.3921 1.55
    endloop
  endfacet
  facet normal 0 0 -1
    outer loop
      vertex 19.3345 -35.5372 1.55
      vertex 19.2335 -35.8836 1.55
      vertex 19.2394 -35.8362 1.55
    endloop
  endfacet
  facet normal 0 0 -1
    outer loop
      vertex 19.4481 -35.3256 1.55
      vertex 19.6796 -35.0164 1.55
      vertex 19.7791 -34.9311 1.55
    endloop
  endfacet
  facet normal 0 0 -1
    outer loop
      vertex 19.6796 -35.0164 1.55
      vertex 19.4481 -35.3256 1.55
      vertex 19.4829 -35.2608 1.55
    endloop
  endfacet
  facet normal -0 0 -1
    outer loop
      vertex 20.8689 -34.5054 1.55
      vertex 20.4853 -34.5512 1.55
      vertex 20.7953 -34.5031 1.55
    endloop
  endfacet
  facet normal 0 -0 -1
    outer loop
      vertex 20.4853 -34.5512 1.55
      vertex 20.8689 -34.5054 1.55
      vertex 20.3617 -34.5948 1.55
    endloop
  endfacet
  facet normal 0 0 -1
    outer loop
      vertex 21.6105 -37.7443 1.55
      vertex 21.959 -37.5216 1.55
      vertex 21.8822 -37.5874 1.55
    endloop
  endfacet
  facet normal 0 0 -1
    outer loop
      vertex 21.959 -37.5216 1.55
      vertex 21.6105 -37.7443 1.55
      vertex 21.5152 -37.7779 1.55
    endloop
  endfacet
  facet normal -0 -0 -1
    outer loop
      vertex 22.191 -35.0938 1.55
      vertex 22.3722 -35.3499 1.55
      vertex 22.0107 -34.919 1.55
    endloop
  endfacet
  facet normal 0 0 -1
    outer loop
      vertex 19.7893 -37.4807 1.55
      vertex 19.609 -37.3059 1.55
      vertex 19.4278 -37.0499 1.55
    endloop
  endfacet
  facet normal 0 0 -1
    outer loop
      vertex 20.3406 -37.8012 1.55
      vertex 20.6911 -37.887 1.55
      vertex 20.3846 -37.8199 1.55
    endloop
  endfacet
  facet normal 0 0 -1
    outer loop
      vertex 20.6911 -37.887 1.55
      vertex 20.3406 -37.8012 1.55
      vertex 20.8557 -37.892 1.55
    endloop
  endfacet
  facet normal 0.475622 -0.555106 -0.682379
    outer loop
      vertex 19.0782 -33.6263 0
      vertex 19.9178 -34.8123 1.55
      vertex 18.6438 -33.9985 0
    endloop
  endfacet
  facet normal 0.403817 0.609337 -0.682378
    outer loop
      vertex 18.9314 -38.6618 0
      vertex 19.8342 -37.5243 1.55
      vertex 20.0957 -37.6976 1.55
    endloop
  endfacet
  facet normal 0.40209 0.610581 -0.682286
    outer loop
      vertex 19.8342 -37.5243 1.55
      vertex 18.9314 -38.6618 0
      vertex 18.9232 -38.6564 0
    endloop
  endfacet
  facet normal -0.508816 -0.524825 -0.682397
    outer loop
      vertex 22.0107 -34.919 1.55
      vertex 22.8838 -33.7501 0
      vertex 22.191 -35.0938 1.55
    endloop
  endfacet
  facet normal -0.508196 -0.525357 -0.682449
    outer loop
      vertex 21.9927 -34.8976 1.54693
      vertex 22.8838 -33.7501 0
      vertex 22.0107 -34.919 1.55
    endloop
  endfacet
  facet normal -0.510077 -0.523711 -0.682311
    outer loop
      vertex 21.9658 -34.8754 1.55
      vertex 22.8838 -33.7501 0
      vertex 21.9927 -34.8976 1.54693
    endloop
  endfacet
  facet normal -0.51461 -0.530395 -0.673689
    outer loop
      vertex 21.9658 -34.8754 1.55
      vertex 21.9927 -34.8976 1.54693
      vertex 21.9826 -34.8917 1.55
    endloop
  endfacet
  facet normal -0.509366 -0.524348 -0.682353
    outer loop
      vertex 22.8838 -33.7501 0
      vertex 21.9658 -34.8754 1.55
      vertex 22.8768 -33.7433 0
    endloop
  endfacet
  facet normal -0.156553 -0.714042 -0.682375
    outer loop
      vertex 21.2875 -33.0706 0
      vertex 21.4154 -34.5799 1.55
      vertex 21.1089 -34.5127 1.55
    endloop
  endfacet
  facet normal -0.156202 -0.714068 -0.682428
    outer loop
      vertex 21.4154 -34.5799 1.55
      vertex 21.2875 -33.0706 0
      vertex 21.2971 -33.0727 0
    endloop
  endfacet
  facet normal 0.243194 -0.689774 -0.681959
    outer loop
      vertex 20.1895 -34.6555 1.55
      vertex 20.3186 -34.6024 1.54233
      vertex 20.2848 -34.6219 1.55
    endloop
  endfacet
  facet normal 0.240006 -0.690017 -0.682842
    outer loop
      vertex 20.1309 -33.142 0
      vertex 20.1895 -34.6555 1.55
      vertex 20.1217 -33.1452 0
    endloop
  endfacet
  facet normal 0.243006 -0.688888 -0.682921
    outer loop
      vertex 20.3186 -34.6024 1.54233
      vertex 20.4853 -34.5512 1.55
      vertex 20.3617 -34.5948 1.55
    endloop
  endfacet
  facet normal 0.243025 -0.689422 -0.682375
    outer loop
      vertex 20.1895 -34.6555 1.55
      vertex 20.1309 -33.142 0
      vertex 20.3186 -34.6024 1.54233
    endloop
  endfacet
  facet normal 0.243136 -0.689395 -0.682363
    outer loop
      vertex 20.3186 -34.6024 1.54233
      vertex 20.1309 -33.142 0
      vertex 20.4853 -34.5512 1.55
    endloop
  endfacet
  facet normal 0.365377 -0.633118 -0.682393
    outer loop
      vertex 19.9178 -34.8123 1.55
      vertex 19.5821 -33.3354 0
      vertex 20.1895 -34.6555 1.55
    endloop
  endfacet
  facet normal 0.365475 -0.633079 -0.682377
    outer loop
      vertex 19.5821 -33.3354 0
      vertex 19.9178 -34.8123 1.55
      vertex 19.0782 -33.6263 0
    endloop
  endfacet
  facet normal -0.939376 0.34289 0
    outer loop
      vertex 22.5646 35.8784 1.55
      vertex 22.5742 35.9047 7.4
      vertex 22.5742 35.9047 1.54693
    endloop
  endfacet
  facet normal -0.939669 0.342086 4.09698e-06
    outer loop
      vertex 22.3722 35.3499 1.55
      vertex 22.5742 35.9047 7.4
      vertex 22.5646 35.8784 1.55
    endloop
  endfacet
  facet normal -0.939655 0.342124 0
    outer loop
      vertex 22.5742 35.9047 7.4
      vertex 22.3722 35.3499 1.55
      vertex 22.3722 35.3499 7.4
    endloop
  endfacet
  facet normal -0.500001 0.866025 -1.01771e-05
    outer loop
      vertex 21.9927 34.8976 7.4
      vertex 21.9826 34.8917 1.55
      vertex 21.4814 34.6024 7.4
    endloop
  endfacet
  facet normal -0.504402 0.863469 0
    outer loop
      vertex 21.9826 34.8917 1.55
      vertex 21.9927 34.8976 7.4
      vertex 21.9927 34.8976 1.54693
    endloop
  endfacet
  facet normal -0.499959 0.866049 -5.32038e-06
    outer loop
      vertex 21.5168 34.6228 1.55
      vertex 21.4814 34.6024 7.4
      vertex 21.9826 34.8917 1.55
    endloop
  endfacet
  facet normal -0.499299 0.86643 0
    outer loop
      vertex 21.4814 34.6024 7.4
      vertex 21.5168 34.6228 1.55
      vertex 21.4814 34.6024 1.54463
    endloop
  endfacet
  facet normal -0.173785 -0.984784 1.98046e-06
    outer loop
      vertex 20.9 37.8999 7.4
      vertex 20.9311 37.8944 1.55
      vertex 21.4814 37.7973 7.4
    endloop
  endfacet
  facet normal -0.174147 -0.98472 0
    outer loop
      vertex 20.9311 37.8944 1.55
      vertex 20.9 37.8999 7.4
      vertex 20.9 37.8999 1.54309
    endloop
  endfacet
  facet normal -0.173774 -0.984786 9.06086e-07
    outer loop
      vertex 21.4383 37.8049 1.55
      vertex 21.4814 37.7973 7.4
      vertex 20.9311 37.8944 1.55
    endloop
  endfacet
  facet normal -0.173655 -0.984807 -0
    outer loop
      vertex 21.4814 37.7973 7.4
      vertex 21.4383 37.8049 1.55
      vertex 21.4814 37.7973 1.54233
    endloop
  endfacet
  facet normal 0.500001 0.866025 -2.14544e-06
    outer loop
      vertex 20.3186 34.6024 7.4
      vertex 20.2848 34.6219 1.55
      vertex 19.8073 34.8976 7.4
    endloop
  endfacet
  facet normal 0.499722 0.866186 0
    outer loop
      vertex 20.2848 34.6219 1.55
      vertex 20.3186 34.6024 7.4
      vertex 20.3186 34.6024 1.54233
    endloop
  endfacet
  facet normal 0.499959 0.866049 -6.72496e-06
    outer loop
      vertex 19.841 34.8781 1.55
      vertex 19.8073 34.8976 7.4
      vertex 20.2848 34.6219 1.55
    endloop
  endfacet
  facet normal 0.500834 0.865543 0
    outer loop
      vertex 19.8073 34.8976 7.4
      vertex 19.841 34.8781 1.55
      vertex 19.8073 34.8976 1.54233
    endloop
  endfacet
  facet normal -0.939664 -0.3421 0
    outer loop
      vertex 22.3876 37.0076 1.55
      vertex 22.3722 37.0499 7.4
      vertex 22.3722 37.0499 1.54309
    endloop
  endfacet
  facet normal -0.939687 -0.342035 -5.32711e-07
    outer loop
      vertex 22.5665 36.5161 1.55
      vertex 22.3722 37.0499 7.4
      vertex 22.3876 37.0076 1.55
    endloop
  endfacet
  facet normal -0.938876 -0.344255 -0
    outer loop
      vertex 22.5742 36.4951 7.4
      vertex 22.5665 36.5161 1.55
      vertex 22.5742 36.4951 1.54463
    endloop
  endfacet
  facet normal -0.939655 -0.342124 8.67397e-06
    outer loop
      vertex 22.5665 36.5161 1.55
      vertex 22.5742 36.4951 7.4
      vertex 22.3722 37.0499 7.4
    endloop
  endfacet
  facet normal 0.173621 0.984813 2.88102e-06
    outer loop
      vertex 20.9 34.4999 7.4
      vertex 20.8689 34.5054 1.55
      vertex 20.3186 34.6024 7.4
    endloop
  endfacet
  facet normal 0.174147 0.98472 0
    outer loop
      vertex 20.8689 34.5054 1.55
      vertex 20.9 34.4999 7.4
      vertex 20.9 34.4999 1.54309
    endloop
  endfacet
  facet normal 0.173586 0.984819 -5.24419e-07
    outer loop
      vertex 20.3617 34.5948 1.55
      vertex 20.3186 34.6024 7.4
      vertex 20.8689 34.5054 1.55
    endloop
  endfacet
  facet normal 0.173655 0.984807 0
    outer loop
      vertex 20.3186 34.6024 7.4
      vertex 20.3617 34.5948 1.55
      vertex 20.3186 34.6024 1.54233
    endloop
  endfacet
  facet normal 1 0 0
    outer loop
      vertex 19.2258 36.4951 7.4
      vertex 19.2258 36.4833 1.55
      vertex 19.2258 36.4951 1.54693
    endloop
  endfacet
  facet normal 1 0 0
    outer loop
      vertex 19.2258 36.4951 7.4
      vertex 19.2258 35.9454 1.55
      vertex 19.2258 36.4833 1.55
    endloop
  endfacet
  facet normal 1 -0 0
    outer loop
      vertex 19.2258 35.9047 7.4
      vertex 19.2258 35.9454 1.55
      vertex 19.2258 36.4951 7.4
    endloop
  endfacet
  facet normal 1 0 0
    outer loop
      vertex 19.2258 35.9454 1.55
      vertex 19.2258 35.9047 7.4
      vertex 19.2258 35.9047 1.54463
    endloop
  endfacet
  facet normal -1 0 0
    outer loop
      vertex 22.5742 36.4543 1.55
      vertex 22.5742 36.4951 7.4
      vertex 22.5742 36.4951 1.54463
    endloop
  endfacet
  facet normal -1 0 0
    outer loop
      vertex 22.5742 35.9164 1.55
      vertex 22.5742 36.4951 7.4
      vertex 22.5742 36.4543 1.55
    endloop
  endfacet
  facet normal -1 0 0
    outer loop
      vertex 22.5742 35.9047 7.4
      vertex 22.5742 35.9164 1.55
      vertex 22.5742 35.9047 1.54693
    endloop
  endfacet
  facet normal -1 0 0
    outer loop
      vertex 22.5742 35.9164 1.55
      vertex 22.5742 35.9047 7.4
      vertex 22.5742 36.4951 7.4
    endloop
  endfacet
  facet normal -0.76503 -0.643995 0
    outer loop
      vertex 22.0209 37.4686 1.55
      vertex 21.9927 37.5021 7.4
      vertex 21.9927 37.5021 1.54233
    endloop
  endfacet
  facet normal -0.766068 -0.642759 -1.20828e-05
    outer loop
      vertex 22.3519 37.0741 1.55
      vertex 21.9927 37.5021 7.4
      vertex 22.0209 37.4686 1.55
    endloop
  endfacet
  facet normal -0.766141 -0.642672 -0
    outer loop
      vertex 22.3722 37.0499 7.4
      vertex 22.3519 37.0741 1.55
      vertex 22.3722 37.0499 1.54309
    endloop
  endfacet
  facet normal -0.765995 -0.642846 -1.22774e-06
    outer loop
      vertex 22.3519 37.0741 1.55
      vertex 22.3722 37.0499 7.4
      vertex 21.9927 37.5021 7.4
    endloop
  endfacet
  facet normal 0.173785 -0.984784 -2.97069e-06
    outer loop
      vertex 20.3186 37.7973 7.4
      vertex 20.3406 37.8012 1.55
      vertex 20.9 37.8999 7.4
    endloop
  endfacet
  facet normal 0.174551 -0.984648 0
    outer loop
      vertex 20.3406 37.8012 1.55
      vertex 20.3186 37.7973 7.4
      vertex 20.3186 37.7973 1.54463
    endloop
  endfacet
  facet normal 0.1736 -0.984816 1.53115e-05
    outer loop
      vertex 20.8557 37.892 1.55
      vertex 20.9 37.8999 7.4
      vertex 20.3406 37.8012 1.55
    endloop
  endfacet
  facet normal 0.17556 -0.984469 0
    outer loop
      vertex 20.9 37.8999 7.4
      vertex 20.8557 37.892 1.55
      vertex 20.9 37.8999 1.54309
    endloop
  endfacet
  facet normal 0.500001 -0.866025 -1.01771e-05
    outer loop
      vertex 19.8073 37.5021 7.4
      vertex 19.8174 37.508 1.55
      vertex 20.3186 37.7973 7.4
    endloop
  endfacet
  facet normal 0.504402 -0.863469 0
    outer loop
      vertex 19.8174 37.508 1.55
      vertex 19.8073 37.5021 7.4
      vertex 19.8073 37.5021 1.54693
    endloop
  endfacet
  facet normal 0.499959 -0.866049 -5.32038e-06
    outer loop
      vertex 20.2832 37.7769 1.55
      vertex 20.3186 37.7973 7.4
      vertex 19.8174 37.508 1.55
    endloop
  endfacet
  facet normal 0.499299 -0.86643 0
    outer loop
      vertex 20.3186 37.7973 7.4
      vertex 20.2832 37.7769 1.55
      vertex 20.3186 37.7973 1.54463
    endloop
  endfacet
  facet normal 0.765282 -0.643695 0
    outer loop
      vertex 19.8073 37.5021 7.4
      vertex 19.7893 37.4807 1.55
      vertex 19.8073 37.5021 1.54693
    endloop
  endfacet
  facet normal 0.765995 -0.642846 -5.29896e-06
    outer loop
      vertex 19.4278 37.0499 7.4
      vertex 19.7893 37.4807 1.55
      vertex 19.8073 37.5021 7.4
    endloop
  endfacet
  facet normal 0.766031 -0.642804 0
    outer loop
      vertex 19.7893 37.4807 1.55
      vertex 19.4278 37.0499 7.4
      vertex 19.4278 37.0499 1.55
    endloop
  endfacet
  facet normal -0.173621 0.984813 -3.60779e-06
    outer loop
      vertex 21.4814 34.6024 7.4
      vertex 21.4594 34.5985 1.55
      vertex 20.9 34.4999 7.4
    endloop
  endfacet
  facet normal -0.174551 0.984648 0
    outer loop
      vertex 21.4594 34.5985 1.55
      vertex 21.4814 34.6024 7.4
      vertex 21.4814 34.6024 1.54463
    endloop
  endfacet
  facet normal -0.1736 0.984816 -1.52298e-06
    outer loop
      vertex 20.9443 34.5077 1.55
      vertex 20.9 34.4999 7.4
      vertex 21.4594 34.5985 1.55
    endloop
  endfacet
  facet normal -0.173405 0.984851 0
    outer loop
      vertex 20.9 34.4999 7.4
      vertex 20.9443 34.5077 1.55
      vertex 20.9 34.4999 1.54309
    endloop
  endfacet
  facet normal -0.766104 0.642717 0
    outer loop
      vertex 22.0107 34.919 1.55
      vertex 22.3722 35.3499 7.4
      vertex 22.3722 35.3499 1.55
    endloop
  endfacet
  facet normal -0.765282 0.643695 0
    outer loop
      vertex 21.9927 34.8976 7.4
      vertex 22.0107 34.919 1.55
      vertex 21.9927 34.8976 1.54693
    endloop
  endfacet
  facet normal -0.766065 0.642763 -5.81941e-06
    outer loop
      vertex 22.0107 34.919 1.55
      vertex 21.9927 34.8976 7.4
      vertex 22.3722 35.3499 7.4
    endloop
  endfacet
  facet normal 0.767444 0.641116 0
    outer loop
      vertex 19.4278 35.3499 7.4
      vertex 19.4481 35.3256 1.55
      vertex 19.4278 35.3499 1.54309
    endloop
  endfacet
  facet normal 0.766068 0.642759 -1.16014e-05
    outer loop
      vertex 19.4278 35.3499 7.4
      vertex 19.7791 34.9311 1.55
      vertex 19.4481 35.3256 1.55
    endloop
  endfacet
  facet normal 0.766065 0.642763 -1.20471e-05
    outer loop
      vertex 19.8073 34.8976 7.4
      vertex 19.7791 34.9311 1.55
      vertex 19.4278 35.3499 7.4
    endloop
  endfacet
  facet normal 0.76503 0.643995 0
    outer loop
      vertex 19.7791 34.9311 1.55
      vertex 19.8073 34.8976 7.4
      vertex 19.8073 34.8976 1.54233
    endloop
  endfacet
  facet normal -0.500001 -0.866025 -1.69493e-05
    outer loop
      vertex 21.4814 37.7973 7.4
      vertex 21.5152 37.7779 1.55
      vertex 21.9927 37.5021 7.4
    endloop
  endfacet
  facet normal -0.497796 -0.867294 0
    outer loop
      vertex 21.5152 37.7779 1.55
      vertex 21.4814 37.7973 7.4
      vertex 21.4814 37.7973 1.54233
    endloop
  endfacet
  facet normal -0.500105 -0.865965 -5.60025e-06
    outer loop
      vertex 21.959 37.5216 1.55
      vertex 21.9927 37.5021 7.4
      vertex 21.5152 37.7779 1.55
    endloop
  endfacet
  facet normal -0.500834 -0.865543 -0
    outer loop
      vertex 21.9927 37.5021 7.4
      vertex 21.959 37.5216 1.55
      vertex 21.9927 37.5021 1.54233
    endloop
  endfacet
  facet normal 0.93969 -0.342029 0
    outer loop
      vertex 19.4278 37.0499 7.4
      vertex 19.2354 36.5213 1.55
      vertex 19.4278 37.0499 1.55
    endloop
  endfacet
  facet normal 0.939655 -0.342124 9.75098e-06
    outer loop
      vertex 19.2258 36.4951 7.4
      vertex 19.2354 36.5213 1.55
      vertex 19.4278 37.0499 7.4
    endloop
  endfacet
  facet normal 0.938954 -0.344044 0
    outer loop
      vertex 19.2354 36.5213 1.55
      vertex 19.2258 36.4951 7.4
      vertex 19.2258 36.4951 1.54693
    endloop
  endfacet
  facet normal 0.939403 0.342815 0
    outer loop
      vertex 19.2258 35.9047 7.4
      vertex 19.2335 35.8836 1.55
      vertex 19.2258 35.9047 1.54463
    endloop
  endfacet
  facet normal 0.939687 0.342035 3.18973e-06
    outer loop
      vertex 19.2258 35.9047 7.4
      vertex 19.4124 35.3921 1.55
      vertex 19.2335 35.8836 1.55
    endloop
  endfacet
  facet normal 0.939655 0.342124 -5.6514e-06
    outer loop
      vertex 19.4278 35.3499 7.4
      vertex 19.4124 35.3921 1.55
      vertex 19.2258 35.9047 7.4
    endloop
  endfacet
  facet normal 0.939403 0.342815 0
    outer loop
      vertex 19.4124 35.3921 1.55
      vertex 19.4278 35.3499 7.4
      vertex 19.4278 35.3499 1.54309
    endloop
  endfacet
  facet normal -0.664068 0.30552 -0.682401
    outer loop
      vertex 23.8698 35.143 0
      vertex 23.6307 34.6233 0
      vertex 22.3722 35.3499 1.55
    endloop
  endfacet
  facet normal -0.596629 0.42233 -0.682401
    outer loop
      vertex 23.6307 34.6233 0
      vertex 23.3002 34.1564 0
      vertex 22.3722 35.3499 1.55
    endloop
  endfacet
  facet normal -0.695573 -0.224379 -0.682519
    outer loop
      vertex 23.8067 37.4196 0
      vertex 22.4655 36.8625 1.55
      vertex 23.8037 37.4289 0
    endloop
  endfacet
  facet normal -0.696599 -0.22156 -0.682393
    outer loop
      vertex 22.4655 36.8625 1.55
      vertex 23.8067 37.4196 0
      vertex 22.5606 36.5635 1.55
    endloop
  endfacet
  facet normal -0.710878 0.178502 -0.680286
    outer loop
      vertex 22.5799 35.9391 1.55
      vertex 22.5742 35.9047 1.54693
      vertex 22.5742 35.9164 1.55
    endloop
  endfacet
  facet normal -0.708909 0.178363 -0.682374
    outer loop
      vertex 24.0158 35.7162 0
      vertex 22.5742 35.9047 1.54693
      vertex 22.5799 35.9391 1.55
    endloop
  endfacet
  facet normal -0.708772 0.179067 -0.682332
    outer loop
      vertex 24.0158 35.7162 0
      vertex 22.5646 35.8784 1.55
      vertex 22.5742 35.9047 1.54693
    endloop
  endfacet
  facet normal -0.708844 0.179076 -0.682256
    outer loop
      vertex 22.5034 35.6349 1.55
      vertex 24.0158 35.7162 0
      vertex 24.0134 35.7067 0
    endloop
  endfacet
  facet normal -0.708937 0.17818 -0.682393
    outer loop
      vertex 24.0158 35.7162 0
      vertex 22.5034 35.6349 1.55
      vertex 22.5646 35.8784 1.55
    endloop
  endfacet
  facet normal -0.644533 -0.34475 -0.68244
    outer loop
      vertex 22.4655 36.8625 1.55
      vertex 23.7991 37.4375 0
      vertex 23.8037 37.4289 0
    endloop
  endfacet
  facet normal -0.64404 -0.345766 -0.682392
    outer loop
      vertex 22.3876 37.0076 1.55
      vertex 23.7991 37.4375 0
      vertex 22.4655 36.8625 1.55
    endloop
  endfacet
  facet normal -0.643975 -0.34592 -0.682375
    outer loop
      vertex 22.3722 37.0499 1.54309
      vertex 23.7991 37.4375 0
      vertex 22.3876 37.0076 1.55
    endloop
  endfacet
  facet normal -0.644745 -0.346252 -0.681479
    outer loop
      vertex 22.3171 37.1389 1.55
      vertex 22.3722 37.0499 1.54309
      vertex 22.3519 37.0741 1.55
    endloop
  endfacet
  facet normal -0.644045 -0.345747 -0.682397
    outer loop
      vertex 22.3722 37.0499 1.54309
      vertex 22.3171 37.1389 1.55
      vertex 23.7991 37.4375 0
    endloop
  endfacet
  facet normal -0.365567 -0.633021 -0.682382
    outer loop
      vertex 21.8822 37.5874 1.55
      vertex 22.2179 39.0644 0
      vertex 22.7218 38.7734 0
    endloop
  endfacet
  facet normal -0.365556 -0.633025 -0.682384
    outer loop
      vertex 22.2179 39.0644 0
      vertex 21.8822 37.5874 1.55
      vertex 21.6105 37.7443 1.55
    endloop
  endfacet
  facet normal -0.708931 0.178255 -0.682379
    outer loop
      vertex 24.0134 35.7067 0
      vertex 23.8739 35.1519 0
      vertex 22.5034 35.6349 1.55
    endloop
  endfacet
  facet normal 0.0224891 -0.73064 -0.682393
    outer loop
      vertex 21.0941 39.347 0
      vertex 21.0047 37.8966 1.55
      vertex 20.5223 39.3294 0
    endloop
  endfacet
  facet normal -0.72546 -0.0898359 -0.682376
    outer loop
      vertex 23.9813 36.8647 0
      vertex 24.0516 36.297 0
      vertex 22.5992 36.2522 1.55
    endloop
  endfacet
  facet normal -0.284962 0.673174 -0.682374
    outer loop
      vertex 22.3917 33.4219 0
      vertex 21.8649 33.1989 0
      vertex 21.7043 34.7021 1.55
    endloop
  endfacet
  facet normal 0.644032 0.345784 -0.682391
    outer loop
      vertex 19.4829 35.2608 1.55
      vertex 18.2715 34.4582 0
      vertex 18.0009 34.9622 0
    endloop
  endfacet
  facet normal -0.725463 -0.089748 -0.682385
    outer loop
      vertex 23.9813 36.8647 0
      vertex 22.5606 36.5635 1.55
      vertex 23.9801 36.8744 0
    endloop
  endfacet
  facet normal -0.725316 -0.0906386 -0.682423
    outer loop
      vertex 22.5742 36.4951 1.54463
      vertex 22.5606 36.5635 1.55
      vertex 23.9813 36.8647 0
    endloop
  endfacet
  facet normal -0.723093 -0.0900053 -0.684862
    outer loop
      vertex 22.5606 36.5635 1.55
      vertex 22.5742 36.4951 1.54463
      vertex 22.5665 36.5161 1.55
    endloop
  endfacet
  facet normal -0.725471 -0.0898116 -0.682367
    outer loop
      vertex 23.9813 36.8647 0
      vertex 22.5742 36.4543 1.55
      vertex 22.5742 36.4951 1.54463
    endloop
  endfacet
  facet normal -0.725485 -0.0897433 -0.682362
    outer loop
      vertex 22.5742 36.4543 1.55
      vertex 23.9813 36.8647 0
      vertex 22.5992 36.2522 1.55
    endloop
  endfacet
  facet normal -0.40209 0.610581 -0.682286
    outer loop
      vertex 22.8686 33.7379 0
      vertex 21.9658 34.8754 1.55
      vertex 22.8768 33.7433 0
    endloop
  endfacet
  facet normal -0.403817 0.609337 -0.682378
    outer loop
      vertex 21.9658 34.8754 1.55
      vertex 22.8686 33.7379 0
      vertex 21.7043 34.7021 1.55
    endloop
  endfacet
  facet normal 0.475622 0.555106 -0.682379
    outer loop
      vertex 19.9178 34.8123 1.55
      vertex 19.0782 33.6263 0
      vertex 18.6438 33.9985 0
    endloop
  endfacet
  facet normal -0.663945 0.305862 -0.682367
    outer loop
      vertex 23.8698 35.143 0
      vertex 22.5034 35.6349 1.55
      vertex 23.8739 35.1519 0
    endloop
  endfacet
  facet normal -0.66402 0.305682 -0.682375
    outer loop
      vertex 22.5034 35.6349 1.55
      vertex 23.8698 35.143 0
      vertex 22.3722 35.3499 1.55
    endloop
  endfacet
  facet normal -0.729617 0.0449782 -0.682375
    outer loop
      vertex 24.0516 36.297 0
      vertex 24.0164 35.726 0
      vertex 22.5992 36.2522 1.55
    endloop
  endfacet
  facet normal -0.696602 -0.221553 -0.682392
    outer loop
      vertex 23.8067 37.4196 0
      vertex 23.9801 36.8744 0
      vertex 22.5606 36.5635 1.55
    endloop
  endfacet
  facet normal 0.156207 -0.71409 -0.682404
    outer loop
      vertex 20.5125 39.3291 0
      vertex 20.3846 37.8199 1.55
      vertex 20.5029 39.327 0
    endloop
  endfacet
  facet normal 0.156329 -0.714081 -0.682385
    outer loop
      vertex 20.3846 37.8199 1.55
      vertex 20.5125 39.3291 0
      vertex 20.6911 37.887 1.55
    endloop
  endfacet
  facet normal -0.644032 -0.345784 -0.682391
    outer loop
      vertex 23.5285 37.9415 0
      vertex 23.7991 37.4375 0
      vertex 22.3171 37.1389 1.55
    endloop
  endfacet
  facet normal 0.508912 -0.524755 -0.682379
    outer loop
      vertex 18.9162 38.6496 0
      vertex 19.609 37.3059 1.55
      vertex 18.5055 38.2513 0
    endloop
  endfacet
  facet normal -0.112079 -0.72234 -0.682395
    outer loop
      vertex 21.6594 39.2593 0
      vertex 21.3147 37.8485 1.55
      vertex 21.0047 37.8966 1.55
    endloop
  endfacet
  facet normal -0.111713 -0.722412 -0.682379
    outer loop
      vertex 21.3147 37.8485 1.55
      vertex 21.6594 39.2593 0
      vertex 21.6691 39.2578 0
    endloop
  endfacet
  facet normal -0.475622 -0.555106 -0.682379
    outer loop
      vertex 22.7218 38.7734 0
      vertex 23.1562 38.4012 0
      vertex 21.8822 37.5874 1.55
    endloop
  endfacet
  facet normal 0.729616 -0.0449859 -0.682376
    outer loop
      vertex 17.7836 36.6737 0
      vertex 19.2008 36.1475 1.55
      vertex 17.7484 36.1028 0
    endloop
  endfacet
  facet normal 0.725464 0.0898206 -0.682374
    outer loop
      vertex 19.2008 36.1475 1.55
      vertex 17.8187 35.535 0
      vertex 17.7484 36.1028 0
    endloop
  endfacet
  facet normal 0.0220339 -0.725357 -0.68802
    outer loop
      vertex 20.6911 37.887 1.55
      vertex 20.9 37.8999 1.54309
      vertex 20.8557 37.892 1.55
    endloop
  endfacet
  facet normal 0.0223672 -0.730661 -0.682374
    outer loop
      vertex 20.5223 39.3294 0
      vertex 20.6911 37.887 1.55
      vertex 20.5125 39.3291 0
    endloop
  endfacet
  facet normal 0.0218781 -0.731921 -0.681038
    outer loop
      vertex 20.9 37.8999 1.54309
      vertex 21.0047 37.8966 1.55
      vertex 20.9311 37.8944 1.55
    endloop
  endfacet
  facet normal 0.0225471 -0.730648 -0.682382
    outer loop
      vertex 20.6911 37.887 1.55
      vertex 20.5223 39.3294 0
      vertex 20.9 37.8999 1.54309
    endloop
  endfacet
  facet normal 0.0220003 -0.730724 -0.682319
    outer loop
      vertex 20.9 37.8999 1.54309
      vertex 20.5223 39.3294 0
      vertex 21.0047 37.8966 1.55
    endloop
  endfacet
  facet normal -0.403778 0.609372 -0.682371
    outer loop
      vertex 22.8686 33.7379 0
      vertex 22.3917 33.4219 0
      vertex 21.7043 34.7021 1.55
    endloop
  endfacet
  facet normal -0.243006 -0.688888 -0.682921
    outer loop
      vertex 21.3147 37.8485 1.55
      vertex 21.4814 37.7973 1.54233
      vertex 21.4383 37.8049 1.55
    endloop
  endfacet
  facet normal -0.24313 -0.689374 -0.682387
    outer loop
      vertex 21.4814 37.7973 1.54233
      vertex 21.3147 37.8485 1.55
      vertex 21.6691 39.2578 0
    endloop
  endfacet
  facet normal -0.244689 -0.694015 -0.677104
    outer loop
      vertex 21.4814 37.7973 1.54233
      vertex 21.6105 37.7443 1.55
      vertex 21.5152 37.7779 1.55
    endloop
  endfacet
  facet normal -0.242527 -0.689521 -0.682453
    outer loop
      vertex 21.6691 39.2578 0
      vertex 21.6105 37.7443 1.55
      vertex 21.4814 37.7973 1.54233
    endloop
  endfacet
  facet normal -0.247007 -0.688626 -0.681749
    outer loop
      vertex 21.6105 37.7443 1.55
      vertex 21.6691 39.2578 0
      vertex 21.6783 39.2545 0
    endloop
  endfacet
  facet normal 0.156411 -0.714075 -0.682373
    outer loop
      vertex 20.5029 39.327 0
      vertex 20.3846 37.8199 1.55
      vertex 19.9441 39.2046 0
    endloop
  endfacet
  facet normal -0.508912 0.524755 -0.682379
    outer loop
      vertex 23.2945 34.1484 0
      vertex 22.8838 33.7501 0
      vertex 22.191 35.0938 1.55
    endloop
  endfacet
  facet normal 0.59664 -0.422338 -0.682387
    outer loop
      vertex 18.4998 38.2433 0
      vertex 19.4278 37.0499 1.55
      vertex 18.1693 37.7764 0
    endloop
  endfacet
  facet normal 0.596656 -0.422321 -0.682383
    outer loop
      vertex 18.4998 38.2433 0
      vertex 19.609 37.3059 1.55
      vertex 19.4278 37.0499 1.55
    endloop
  endfacet
  facet normal 0.595264 -0.424126 -0.682479
    outer loop
      vertex 19.609 37.3059 1.55
      vertex 18.4998 38.2433 0
      vertex 18.5055 38.2513 0
    endloop
  endfacet
  facet normal 0.403817 -0.609337 -0.682378
    outer loop
      vertex 19.8342 37.5243 1.55
      vertex 18.9314 38.6618 0
      vertex 20.0957 37.6976 1.55
    endloop
  endfacet
  facet normal 0.40209 -0.610581 -0.682286
    outer loop
      vertex 18.9314 38.6618 0
      vertex 19.8342 37.5243 1.55
      vertex 18.9232 38.6564 0
    endloop
  endfacet
  facet normal 0.729649 -0.0446724 -0.682361
    outer loop
      vertex 19.2201 36.4606 1.55
      vertex 17.7836 36.6737 0
      vertex 17.7842 36.6835 0
    endloop
  endfacet
  facet normal 0.729618 -0.0449749 -0.682374
    outer loop
      vertex 17.7836 36.6737 0
      vertex 19.2201 36.4606 1.55
      vertex 19.2008 36.1475 1.55
    endloop
  endfacet
  facet normal -0.112064 -0.722345 -0.682392
    outer loop
      vertex 21.0941 39.347 0
      vertex 21.6594 39.2593 0
      vertex 21.0047 37.8966 1.55
    endloop
  endfacet
  facet normal -0.569472 -0.458312 -0.682387
    outer loop
      vertex 23.1698 38.3872 0
      vertex 23.5285 37.9415 0
      vertex 22.3171 37.1389 1.55
    endloop
  endfacet
  facet normal -0.569463 -0.45832 -0.682389
    outer loop
      vertex 22.1204 37.3833 1.55
      vertex 23.1698 38.3872 0
      vertex 22.3171 37.1389 1.55
    endloop
  endfacet
  facet normal -0.573163 -0.454064 -0.682137
    outer loop
      vertex 23.1698 38.3872 0
      vertex 22.1204 37.3833 1.55
      vertex 23.1637 38.3949 0
    endloop
  endfacet
  facet normal 0.569472 0.458312 -0.682387
    outer loop
      vertex 19.4829 35.2608 1.55
      vertex 18.6302 34.0125 0
      vertex 18.2715 34.4582 0
    endloop
  endfacet
  facet normal 0.696592 0.221591 -0.68239
    outer loop
      vertex 19.2394 35.8362 1.55
      vertex 17.9933 34.9802 0
      vertex 17.8199 35.5253 0
    endloop
  endfacet
  facet normal 0.708937 -0.178257 -0.682373
    outer loop
      vertex 17.9261 37.2478 0
      vertex 19.2966 36.7649 1.55
      vertex 17.7866 36.693 0
    endloop
  endfacet
  facet normal 0.725426 0.0900347 -0.682386
    outer loop
      vertex 17.8187 35.535 0
      vertex 19.2258 35.9454 1.55
      vertex 19.2258 35.9047 1.54463
    endloop
  endfacet
  facet normal 0.723924 0.0901086 -0.68397
    outer loop
      vertex 19.2394 35.8362 1.55
      vertex 19.2258 35.9047 1.54463
      vertex 19.2335 35.8836 1.55
    endloop
  endfacet
  facet normal 0.725485 0.0897433 -0.682362
    outer loop
      vertex 19.2258 35.9454 1.55
      vertex 17.8187 35.535 0
      vertex 19.2008 36.1475 1.55
    endloop
  endfacet
  facet normal 0.725337 0.0905109 -0.682418
    outer loop
      vertex 19.2394 35.8362 1.55
      vertex 17.8187 35.535 0
      vertex 19.2258 35.9047 1.54463
    endloop
  endfacet
  facet normal 0.725463 0.089748 -0.682385
    outer loop
      vertex 17.8187 35.535 0
      vertex 19.2394 35.8362 1.55
      vertex 17.8199 35.5253 0
    endloop
  endfacet
  facet normal -0.595264 0.424126 -0.682479
    outer loop
      vertex 22.191 35.0938 1.55
      vertex 23.3002 34.1564 0
      vertex 23.2945 34.1484 0
    endloop
  endfacet
  facet normal -0.596738 0.422214 -0.682378
    outer loop
      vertex 23.3002 34.1564 0
      vertex 22.191 35.0938 1.55
      vertex 22.3722 35.3499 1.55
    endloop
  endfacet
  facet normal -0.509366 0.524348 -0.682353
    outer loop
      vertex 21.9658 34.8754 1.55
      vertex 22.8838 33.7501 0
      vertex 22.8768 33.7433 0
    endloop
  endfacet
  facet normal -0.508816 0.524825 -0.682397
    outer loop
      vertex 22.8838 33.7501 0
      vertex 22.0107 34.919 1.55
      vertex 22.191 35.0938 1.55
    endloop
  endfacet
  facet normal -0.508196 0.525357 -0.682449
    outer loop
      vertex 22.8838 33.7501 0
      vertex 21.9927 34.8976 1.54693
      vertex 22.0107 34.919 1.55
    endloop
  endfacet
  facet normal -0.510077 0.523711 -0.682311
    outer loop
      vertex 22.8838 33.7501 0
      vertex 21.9658 34.8754 1.55
      vertex 21.9927 34.8976 1.54693
    endloop
  endfacet
  facet normal -0.51461 0.530395 -0.673689
    outer loop
      vertex 21.9927 34.8976 1.54693
      vertex 21.9658 34.8754 1.55
      vertex 21.9826 34.8917 1.55
    endloop
  endfacet
  facet normal 0.646949 0.347436 -0.678782
    outer loop
      vertex 19.4829 35.2608 1.55
      vertex 19.4278 35.3499 1.54309
      vertex 19.4481 35.3256 1.55
    endloop
  endfacet
  facet normal 0.646728 0.34721 -0.679108
    outer loop
      vertex 19.4278 35.3499 1.54309
      vertex 19.3345 35.5372 1.55
      vertex 19.4124 35.3921 1.55
    endloop
  endfacet
  facet normal 0.644162 0.345428 -0.682447
    outer loop
      vertex 18.0009 34.9622 0
      vertex 19.4278 35.3499 1.54309
      vertex 19.4829 35.2608 1.55
    endloop
  endfacet
  facet normal 0.643952 0.345947 -0.682383
    outer loop
      vertex 18.0009 34.9622 0
      vertex 19.3345 35.5372 1.55
      vertex 19.4278 35.3499 1.54309
    endloop
  endfacet
  facet normal 0.644533 0.34475 -0.68244
    outer loop
      vertex 19.3345 35.5372 1.55
      vertex 18.0009 34.9622 0
      vertex 17.9963 34.9708 0
    endloop
  endfacet
  facet normal -0.156407 0.714052 -0.682398
    outer loop
      vertex 21.4154 34.5799 1.55
      vertex 21.8559 33.1951 0
      vertex 21.2971 33.0727 0
    endloop
  endfacet
  facet normal 0.285844 -0.672575 -0.682595
    outer loop
      vertex 20.3186 37.7973 1.54463
      vertex 20.3846 37.8199 1.55
      vertex 20.3406 37.8012 1.55
    endloop
  endfacet
  facet normal 0.284733 -0.673234 -0.682409
    outer loop
      vertex 19.9351 39.2008 0
      vertex 20.2832 37.7769 1.55
      vertex 20.0957 37.6976 1.55
    endloop
  endfacet
  facet normal 0.285906 -0.672819 -0.682329
    outer loop
      vertex 19.9351 39.2008 0
      vertex 20.3846 37.8199 1.55
      vertex 20.3186 37.7973 1.54463
    endloop
  endfacet
  facet normal 0.284491 -0.673316 -0.68243
    outer loop
      vertex 20.2832 37.7769 1.55
      vertex 19.9351 39.2008 0
      vertex 20.3186 37.7973 1.54463
    endloop
  endfacet
  facet normal 0.28433 -0.673413 -0.682401
    outer loop
      vertex 20.3846 37.8199 1.55
      vertex 19.9351 39.2008 0
      vertex 19.9441 39.2046 0
    endloop
  endfacet
  facet normal -0.0224891 0.73064 -0.682393
    outer loop
      vertex 20.7953 34.5031 1.55
      vertex 21.2777 33.0703 0
      vertex 20.7059 33.0527 0
    endloop
  endfacet
  facet normal -0.284321 0.673393 -0.682425
    outer loop
      vertex 21.4154 34.5799 1.55
      vertex 21.8649 33.1989 0
      vertex 21.8559 33.1951 0
    endloop
  endfacet
  facet normal -0.284733 0.673234 -0.682409
    outer loop
      vertex 21.8649 33.1989 0
      vertex 21.5168 34.6228 1.55
      vertex 21.7043 34.7021 1.55
    endloop
  endfacet
  facet normal -0.284491 0.673316 -0.68243
    outer loop
      vertex 21.8649 33.1989 0
      vertex 21.4814 34.6024 1.54463
      vertex 21.5168 34.6228 1.55
    endloop
  endfacet
  facet normal -0.285001 0.673137 -0.682394
    outer loop
      vertex 21.8649 33.1989 0
      vertex 21.4154 34.5799 1.55
      vertex 21.4814 34.6024 1.54463
    endloop
  endfacet
  facet normal -0.285659 0.675752 -0.679528
    outer loop
      vertex 21.4814 34.6024 1.54463
      vertex 21.4154 34.5799 1.55
      vertex 21.4594 34.5985 1.55
    endloop
  endfacet
  facet normal 0.51461 -0.530395 -0.673689
    outer loop
      vertex 19.8073 37.5021 1.54693
      vertex 19.8342 37.5243 1.55
      vertex 19.8174 37.508 1.55
    endloop
  endfacet
  facet normal 0.508816 -0.524825 -0.682397
    outer loop
      vertex 18.9162 38.6496 0
      vertex 19.7893 37.4807 1.55
      vertex 19.609 37.3059 1.55
    endloop
  endfacet
  facet normal 0.510077 -0.523711 -0.682311
    outer loop
      vertex 18.9162 38.6496 0
      vertex 19.8342 37.5243 1.55
      vertex 19.8073 37.5021 1.54693
    endloop
  endfacet
  facet normal 0.508196 -0.525357 -0.682449
    outer loop
      vertex 19.7893 37.4807 1.55
      vertex 18.9162 38.6496 0
      vertex 19.8073 37.5021 1.54693
    endloop
  endfacet
  facet normal 0.509366 -0.524348 -0.682353
    outer loop
      vertex 19.8342 37.5243 1.55
      vertex 18.9162 38.6496 0
      vertex 18.9232 38.6564 0
    endloop
  endfacet
  facet normal 0.284962 -0.673174 -0.682374
    outer loop
      vertex 19.9351 39.2008 0
      vertex 20.0957 37.6976 1.55
      vertex 19.4083 38.9778 0
    endloop
  endfacet
  facet normal 0.403778 -0.609372 -0.682371
    outer loop
      vertex 19.4083 38.9778 0
      vertex 20.0957 37.6976 1.55
      vertex 18.9314 38.6618 0
    endloop
  endfacet
  facet normal 0.112083 0.722363 -0.68237
    outer loop
      vertex 20.1406 33.1405 0
      vertex 20.4853 34.5512 1.55
      vertex 20.7953 34.5031 1.55
    endloop
  endfacet
  facet normal 0.111717 0.722435 -0.682354
    outer loop
      vertex 20.4853 34.5512 1.55
      vertex 20.1406 33.1405 0
      vertex 20.1309 33.142 0
    endloop
  endfacet
  facet normal 0.112189 0.722331 -0.682386
    outer loop
      vertex 20.7953 34.5031 1.55
      vertex 20.7059 33.0527 0
      vertex 20.1406 33.1405 0
    endloop
  endfacet
  facet normal 0.570105 0.457584 -0.682347
    outer loop
      vertex 18.6302 34.0125 0
      vertex 19.6796 35.0164 1.55
      vertex 18.6363 34.0049 0
    endloop
  endfacet
  facet normal 0.569463 0.45832 -0.682389
    outer loop
      vertex 19.6796 35.0164 1.55
      vertex 18.6302 34.0125 0
      vertex 19.4829 35.2608 1.55
    endloop
  endfacet
  facet normal 0.664029 -0.305686 -0.682365
    outer loop
      vertex 19.2966 36.7649 1.55
      vertex 17.9302 37.2567 0
      vertex 19.4278 37.0499 1.55
    endloop
  endfacet
  facet normal 0.663954 -0.305867 -0.682356
    outer loop
      vertex 17.9302 37.2567 0
      vertex 19.2966 36.7649 1.55
      vertex 17.9261 37.2478 0
    endloop
  endfacet
  facet normal 0.664077 -0.305524 -0.68239
    outer loop
      vertex 18.1693 37.7764 0
      vertex 19.4278 37.0499 1.55
      vertex 17.9302 37.2567 0
    endloop
  endfacet
  facet normal -0.470366 -0.559959 -0.682057
    outer loop
      vertex 22.1204 37.3833 1.55
      vertex 23.1562 38.4012 0
      vertex 23.1637 38.3949 0
    endloop
  endfacet
  facet normal -0.478275 -0.557894 -0.678239
    outer loop
      vertex 21.9927 37.5021 1.54233
      vertex 22.1204 37.3833 1.55
      vertex 22.0209 37.4686 1.55
    endloop
  endfacet
  facet normal -0.47552 -0.555199 -0.682374
    outer loop
      vertex 22.1204 37.3833 1.55
      vertex 21.9927 37.5021 1.54233
      vertex 23.1562 38.4012 0
    endloop
  endfacet
  facet normal -0.476906 -0.556632 -0.680236
    outer loop
      vertex 21.8822 37.5874 1.55
      vertex 21.9927 37.5021 1.54233
      vertex 21.959 37.5216 1.55
    endloop
  endfacet
  facet normal -0.475759 -0.55495 -0.68241
    outer loop
      vertex 21.9927 37.5021 1.54233
      vertex 21.8822 37.5874 1.55
      vertex 23.1562 38.4012 0
    endloop
  endfacet
  facet normal -0.156202 0.714068 -0.682428
    outer loop
      vertex 21.2875 33.0706 0
      vertex 21.4154 34.5799 1.55
      vertex 21.2971 33.0727 0
    endloop
  endfacet
  facet normal -0.156553 0.714042 -0.682375
    outer loop
      vertex 21.4154 34.5799 1.55
      vertex 21.2875 33.0706 0
      vertex 21.1089 34.5127 1.55
    endloop
  endfacet
  facet normal 0.243006 0.688888 -0.682921
    outer loop
      vertex 20.4853 34.5512 1.55
      vertex 20.3186 34.6024 1.54233
      vertex 20.3617 34.5948 1.55
    endloop
  endfacet
  facet normal 0.243136 0.689395 -0.682363
    outer loop
      vertex 20.3186 34.6024 1.54233
      vertex 20.4853 34.5512 1.55
      vertex 20.1309 33.142 0
    endloop
  endfacet
  facet normal 0.243194 0.689774 -0.681959
    outer loop
      vertex 20.3186 34.6024 1.54233
      vertex 20.1895 34.6555 1.55
      vertex 20.2848 34.6219 1.55
    endloop
  endfacet
  facet normal 0.243025 0.689422 -0.682375
    outer loop
      vertex 20.1309 33.142 0
      vertex 20.1895 34.6555 1.55
      vertex 20.3186 34.6024 1.54233
    endloop
  endfacet
  facet normal 0.240006 0.690017 -0.682842
    outer loop
      vertex 20.1895 34.6555 1.55
      vertex 20.1309 33.142 0
      vertex 20.1217 33.1452 0
    endloop
  endfacet
  facet normal -0.0221936 0.730612 -0.682432
    outer loop
      vertex 21.1089 34.5127 1.55
      vertex 20.9 34.4999 1.54309
      vertex 20.9443 34.5077 1.55
    endloop
  endfacet
  facet normal -0.0223672 0.730661 -0.682374
    outer loop
      vertex 21.2777 33.0703 0
      vertex 21.1089 34.5127 1.55
      vertex 21.2875 33.0706 0
    endloop
  endfacet
  facet normal -0.0228024 0.729677 -0.683412
    outer loop
      vertex 20.9 34.4999 1.54309
      vertex 20.7953 34.5031 1.55
      vertex 20.8689 34.5054 1.55
    endloop
  endfacet
  facet normal -0.0221994 0.730672 -0.682367
    outer loop
      vertex 21.1089 34.5127 1.55
      vertex 21.2777 33.0703 0
      vertex 20.9 34.4999 1.54309
    endloop
  endfacet
  facet normal -0.0227091 0.730602 -0.682426
    outer loop
      vertex 20.9 34.4999 1.54309
      vertex 21.2777 33.0703 0
      vertex 20.7953 34.5031 1.55
    endloop
  endfacet
  facet normal -0.242896 -0.689461 -0.682382
    outer loop
      vertex 21.6783 39.2545 0
      vertex 22.2179 39.0644 0
      vertex 21.6105 37.7443 1.55
    endloop
  endfacet
  facet normal 0 0 -1
    outer loop
      vertex 22.5742 35.9164 1.55
      vertex 22.5992 36.2522 1.55
      vertex 22.5799 35.9391 1.55
    endloop
  endfacet
  facet normal -0 0 -1
    outer loop
      vertex 22.5992 36.2522 1.55
      vertex 22.5742 35.9164 1.55
      vertex 22.5742 36.4543 1.55
    endloop
  endfacet
  facet normal 0 0 -1
    outer loop
      vertex 20.9311 37.8944 1.55
      vertex 21.3147 37.8485 1.55
      vertex 21.4383 37.8049 1.55
    endloop
  endfacet
  facet normal 0 0 -1
    outer loop
      vertex 21.3147 37.8485 1.55
      vertex 20.9311 37.8944 1.55
      vertex 21.0047 37.8966 1.55
    endloop
  endfacet
  facet normal 0 0 -1
    outer loop
      vertex 19.8174 37.508 1.55
      vertex 20.0957 37.6976 1.55
      vertex 20.2832 37.7769 1.55
    endloop
  endfacet
  facet normal 0 0 -1
    outer loop
      vertex 20.0957 37.6976 1.55
      vertex 19.8174 37.508 1.55
      vertex 19.8342 37.5243 1.55
    endloop
  endfacet
  facet normal 0 -0 -1
    outer loop
      vertex 19.609 37.3059 1.55
      vertex 19.7893 37.4807 1.55
      vertex 19.4278 37.0499 1.55
    endloop
  endfacet
  facet normal 0 0 -1
    outer loop
      vertex 19.2008 36.1475 1.55
      vertex 19.2258 36.4833 1.55
      vertex 19.2258 35.9454 1.55
    endloop
  endfacet
  facet normal 0 0 -1
    outer loop
      vertex 19.2258 36.4833 1.55
      vertex 19.2008 36.1475 1.55
      vertex 19.2201 36.4606 1.55
    endloop
  endfacet
  facet normal 0 0 -1
    outer loop
      vertex 22.3519 37.0741 1.55
      vertex 22.1204 37.3833 1.55
      vertex 22.3171 37.1389 1.55
    endloop
  endfacet
  facet normal -0 -0 -1
    outer loop
      vertex 22.1204 37.3833 1.55
      vertex 22.3519 37.0741 1.55
      vertex 22.0209 37.4686 1.55
    endloop
  endfacet
  facet normal 0 0 -1
    outer loop
      vertex 22.3722 35.3499 1.55
      vertex 22.191 35.0938 1.55
      vertex 22.0107 34.919 1.55
    endloop
  endfacet
  facet normal 0 0 -1
    outer loop
      vertex 21.7043 34.7021 1.55
      vertex 21.9826 34.8917 1.55
      vertex 21.9658 34.8754 1.55
    endloop
  endfacet
  facet normal 0 0 -1
    outer loop
      vertex 21.9826 34.8917 1.55
      vertex 21.7043 34.7021 1.55
      vertex 21.5168 34.6228 1.55
    endloop
  endfacet
  facet normal 0 0 -1
    outer loop
      vertex 19.2335 35.8836 1.55
      vertex 19.3345 35.5372 1.55
      vertex 19.2394 35.8362 1.55
    endloop
  endfacet
  facet normal 0 0 -1
    outer loop
      vertex 19.3345 35.5372 1.55
      vertex 19.2335 35.8836 1.55
      vertex 19.4124 35.3921 1.55
    endloop
  endfacet
  facet normal 0 0 -1
    outer loop
      vertex 20.3406 37.8012 1.55
      vertex 20.6911 37.887 1.55
      vertex 20.8557 37.892 1.55
    endloop
  endfacet
  facet normal 0 0 -1
    outer loop
      vertex 20.6911 37.887 1.55
      vertex 20.3406 37.8012 1.55
      vertex 20.3846 37.8199 1.55
    endloop
  endfacet
  facet normal 0 0 -1
    outer loop
      vertex 19.9178 34.8123 1.55
      vertex 20.2848 34.6219 1.55
      vertex 20.1895 34.6555 1.55
    endloop
  endfacet
  facet normal 0 0 -1
    outer loop
      vertex 20.2848 34.6219 1.55
      vertex 19.9178 34.8123 1.55
      vertex 19.841 34.8781 1.55
    endloop
  endfacet
  facet normal 0 0 -1
    outer loop
      vertex 21.1089 34.5127 1.55
      vertex 21.4594 34.5985 1.55
      vertex 21.4154 34.5799 1.55
    endloop
  endfacet
  facet normal 0 0 -1
    outer loop
      vertex 21.4594 34.5985 1.55
      vertex 21.1089 34.5127 1.55
      vertex 20.9443 34.5077 1.55
    endloop
  endfacet
  facet normal 0 0 -1
    outer loop
      vertex 20.4853 34.5512 1.55
      vertex 20.8689 34.5054 1.55
      vertex 20.7953 34.5031 1.55
    endloop
  endfacet
  facet normal 0 0 -1
    outer loop
      vertex 20.8689 34.5054 1.55
      vertex 20.4853 34.5512 1.55
      vertex 20.3617 34.5948 1.55
    endloop
  endfacet
  facet normal 0 0 -1
    outer loop
      vertex 19.4481 35.3256 1.55
      vertex 19.6796 35.0164 1.55
      vertex 19.4829 35.2608 1.55
    endloop
  endfacet
  facet normal 0 0 -1
    outer loop
      vertex 19.6796 35.0164 1.55
      vertex 19.4481 35.3256 1.55
      vertex 19.7791 34.9311 1.55
    endloop
  endfacet
  facet normal 0 0 -1
    outer loop
      vertex 21.959 37.5216 1.55
      vertex 21.6105 37.7443 1.55
      vertex 21.8822 37.5874 1.55
    endloop
  endfacet
  facet normal -0 -0 -1
    outer loop
      vertex 21.6105 37.7443 1.55
      vertex 21.959 37.5216 1.55
      vertex 21.5152 37.7779 1.55
    endloop
  endfacet
  facet normal 0 -0 -1
    outer loop
      vertex 19.2966 36.7649 1.55
      vertex 19.4278 37.0499 1.55
      vertex 19.2354 36.5213 1.55
    endloop
  endfacet
  facet normal 0 0 -1
    outer loop
      vertex 22.5646 35.8784 1.55
      vertex 22.5034 35.6349 1.55
      vertex 22.3722 35.3499 1.55
    endloop
  endfacet
  facet normal 0 0 -1
    outer loop
      vertex 22.5665 36.5161 1.55
      vertex 22.4655 36.8625 1.55
      vertex 22.5606 36.5635 1.55
    endloop
  endfacet
  facet normal -0 -0 -1
    outer loop
      vertex 22.4655 36.8625 1.55
      vertex 22.5665 36.5161 1.55
      vertex 22.3876 37.0076 1.55
    endloop
  endfacet
  facet normal 0.243008 0.689416 -0.682388
    outer loop
      vertex 20.1895 34.6555 1.55
      vertex 20.1217 33.1452 0
      vertex 19.5821 33.3354 0
    endloop
  endfacet
  facet normal -0.729618 0.0449749 -0.682374
    outer loop
      vertex 24.0164 35.726 0
      vertex 22.5799 35.9391 1.55
      vertex 22.5992 36.2522 1.55
    endloop
  endfacet
  facet normal -0.729649 0.0446724 -0.682361
    outer loop
      vertex 22.5799 35.9391 1.55
      vertex 24.0164 35.726 0
      vertex 24.0158 35.7162 0
    endloop
  endfacet
  facet normal 0.708849 -0.179078 -0.682249
    outer loop
      vertex 19.2966 36.7649 1.55
      vertex 17.7842 36.6835 0
      vertex 17.7866 36.693 0
    endloop
  endfacet
  facet normal 0.70895 -0.17811 -0.682398
    outer loop
      vertex 19.2354 36.5213 1.55
      vertex 17.7842 36.6835 0
      vertex 19.2966 36.7649 1.55
    endloop
  endfacet
  facet normal 0.708652 -0.179711 -0.682287
    outer loop
      vertex 19.2258 36.4951 1.54693
      vertex 17.7842 36.6835 0
      vertex 19.2354 36.5213 1.55
    endloop
  endfacet
  facet normal 0.708071 -0.177798 -0.683391
    outer loop
      vertex 19.2201 36.4606 1.55
      vertex 19.2258 36.4951 1.54693
      vertex 19.2258 36.4833 1.55
    endloop
  endfacet
  facet normal 0.709012 -0.177865 -0.682398
    outer loop
      vertex 19.2258 36.4951 1.54693
      vertex 19.2201 36.4606 1.55
      vertex 17.7842 36.6835 0
    endloop
  endfacet
  facet normal 0.696606 0.221563 -0.682386
    outer loop
      vertex 19.3345 35.5372 1.55
      vertex 17.9933 34.9802 0
      vertex 19.2394 35.8362 1.55
    endloop
  endfacet
  facet normal 0.696359 0.222242 -0.682417
    outer loop
      vertex 17.9933 34.9802 0
      vertex 19.3345 35.5372 1.55
      vertex 17.9963 34.9708 0
    endloop
  endfacet
  facet normal 0.476906 0.556632 -0.680236
    outer loop
      vertex 19.9178 34.8123 1.55
      vertex 19.8073 34.8976 1.54233
      vertex 19.841 34.8781 1.55
    endloop
  endfacet
  facet normal 0.478275 0.557894 -0.678239
    outer loop
      vertex 19.8073 34.8976 1.54233
      vertex 19.6796 35.0164 1.55
      vertex 19.7791 34.9311 1.55
    endloop
  endfacet
  facet normal 0.475759 0.55495 -0.68241
    outer loop
      vertex 18.6438 33.9985 0
      vertex 19.8073 34.8976 1.54233
      vertex 19.9178 34.8123 1.55
    endloop
  endfacet
  facet normal 0.47552 0.555199 -0.682374
    outer loop
      vertex 18.6438 33.9985 0
      vertex 19.6796 35.0164 1.55
      vertex 19.8073 34.8976 1.54233
    endloop
  endfacet
  facet normal 0.474543 0.556105 -0.682317
    outer loop
      vertex 19.6796 35.0164 1.55
      vertex 18.6438 33.9985 0
      vertex 18.6363 34.0049 0
    endloop
  endfacet
  facet normal 0.365377 0.633118 -0.682393
    outer loop
      vertex 19.5821 33.3354 0
      vertex 19.9178 34.8123 1.55
      vertex 20.1895 34.6555 1.55
    endloop
  endfacet
  facet normal 0.365475 0.633079 -0.682377
    outer loop
      vertex 19.9178 34.8123 1.55
      vertex 19.5821 33.3354 0
      vertex 19.0782 33.6263 0
    endloop
  endfacet
  facet normal 0 0 -1
    outer loop
      vertex -0.549988 4.64999 0.599999
      vertex 0.549988 7.75 0.599999
      vertex 0.549988 4.64999 0.599999
    endloop
  endfacet
  facet normal -0 0 -1
    outer loop
      vertex 0.549988 7.75 0.599999
      vertex -0.549988 4.64999 0.599999
      vertex -0.549988 7.75 0.599999
    endloop
  endfacet
  facet normal 0 0 -1
    outer loop
      vertex 2.93054 3.65196 0.599999
      vertex 3.64044 6.86382 0.599999
      vertex 4.57329 6.28091 0.599999
    endloop
  endfacet
  facet normal 0 0 -1
    outer loop
      vertex 3.64044 6.86382 0.599999
      vertex 2.93054 3.65196 0.599999
      vertex 1.9977 4.23488 0.599999
    endloop
  endfacet
  facet normal 0 0 -1
    outer loop
      vertex -2.93054 3.65196 0.599999
      vertex -3.64044 6.86382 0.599999
      vertex -1.9977 4.23488 0.599999
    endloop
  endfacet
  facet normal 0 -0 -1
    outer loop
      vertex -3.64044 6.86382 0.599999
      vertex -2.93054 3.65196 0.599999
      vertex -4.57329 6.28091 0.599999
    endloop
  endfacet
  facet normal 0 0 -1
    outer loop
      vertex -1.73648 -3.84807 0.599999
      vertex -0.883255 -2.85196 0.599999
      vertex -0.871552 -3.96194 0.599999
    endloop
  endfacet
  facet normal -0 0 -1
    outer loop
      vertex -0.883255 -2.85196 0.599999
      vertex -1.73648 -3.84807 0.599999
      vertex -1.54546 -2.76479 0.599999
    endloop
  endfacet
  facet normal 0 0 -1
    outer loop
      vertex -1.73648 -3.84807 0.599999
      vertex -2.30348 -2.59673 0.599999
      vertex -1.54546 -2.76479 0.599999
    endloop
  endfacet
  facet normal 0 0 -1
    outer loop
      vertex -2.58818 -3.65926 0.599999
      vertex -2.30348 -2.59673 0.599999
      vertex -1.73648 -3.84807 0.599999
    endloop
  endfacet
  facet normal 0 0 -1
    outer loop
      vertex -2.58818 -3.65926 0.599999
      vertex -3.04398 -2.36325 0.599999
      vertex -2.30348 -2.59673 0.599999
    endloop
  endfacet
  facet normal 0 0 -1
    outer loop
      vertex -3.4202 -3.39691 0.599999
      vertex -3.04398 -2.36325 0.599999
      vertex -2.58818 -3.65926 0.599999
    endloop
  endfacet
  facet normal 0 0 -1
    outer loop
      vertex -3.4202 -3.39691 0.599999
      vertex -3.76129 -2.06613 0.599999
      vertex -3.04398 -2.36325 0.599999
    endloop
  endfacet
  facet normal 0 0 -1
    outer loop
      vertex -4.22618 -3.06306 0.599999
      vertex -3.76129 -2.06613 0.599999
      vertex -3.4202 -3.39691 0.599999
    endloop
  endfacet
  facet normal 0 0 -1
    outer loop
      vertex -4.22618 -3.06306 0.599999
      vertex -4.45 -1.70761 0.599999
      vertex -3.76129 -2.06613 0.599999
    endloop
  endfacet
  facet normal 0 0 -1
    outer loop
      vertex -5 -2.66025 0.599999
      vertex -4.45 -1.70761 0.599999
      vertex -4.22618 -3.06306 0.599999
    endloop
  endfacet
  facet normal 0 0 -1
    outer loop
      vertex -5 -2.66025 0.599999
      vertex -5.10483 -1.29045 0.599999
      vertex -4.45 -1.70761 0.599999
    endloop
  endfacet
  facet normal 0 0 -1
    outer loop
      vertex -5.73576 -2.19151 0.599999
      vertex -5.10483 -1.29045 0.599999
      vertex -5 -2.66025 0.599999
    endloop
  endfacet
  facet normal -0 0 -1
    outer loop
      vertex -5.10483 -1.29045 0.599999
      vertex -5.73576 -2.19151 0.599999
      vertex -5.72079 -0.817795 0.599999
    endloop
  endfacet
  facet normal 0 0 -1
    outer loop
      vertex -6.42787 -1.66043 0.599999
      vertex -5.72079 -0.817795 0.599999
      vertex -5.73576 -2.19151 0.599999
    endloop
  endfacet
  facet normal -0 0 -1
    outer loop
      vertex -5.72079 -0.817795 0.599999
      vertex -6.42787 -1.66043 0.599999
      vertex -6.29324 -0.293243 0.599999
    endloop
  endfacet
  facet normal 0 0 -1
    outer loop
      vertex -7.07106 -1.07106 0.599999
      vertex -6.29324 -0.293243 0.599999
      vertex -6.42787 -1.66043 0.599999
    endloop
  endfacet
  facet normal -0 0 -1
    outer loop
      vertex -6.29324 -0.293243 0.599999
      vertex -7.07106 -1.07106 0.599999
      vertex -6.56195 0 0.599999
    endloop
  endfacet
  facet normal 0 0 -1
    outer loop
      vertex -1.73648 3.84807 0.599999
      vertex -0.883255 2.85196 0.599999
      vertex -1.54546 2.76479 0.599999
    endloop
  endfacet
  facet normal 0 0 -1
    outer loop
      vertex -0.883255 2.85196 0.599999
      vertex -1.73648 3.84807 0.599999
      vertex -0.871552 3.96194 0.599999
    endloop
  endfacet
  facet normal 0 0 -1
    outer loop
      vertex -2.30348 2.59673 0.599999
      vertex -1.73648 3.84807 0.599999
      vertex -1.54546 2.76479 0.599999
    endloop
  endfacet
  facet normal 0 0 -1
    outer loop
      vertex -2.30348 2.59673 0.599999
      vertex -2.58818 3.65926 0.599999
      vertex -1.73648 3.84807 0.599999
    endloop
  endfacet
  facet normal 0 0 -1
    outer loop
      vertex -3.04398 2.36325 0.599999
      vertex -2.58818 3.65926 0.599999
      vertex -2.30348 2.59673 0.599999
    endloop
  endfacet
  facet normal 0 0 -1
    outer loop
      vertex -3.04398 2.36325 0.599999
      vertex -3.4202 3.39691 0.599999
      vertex -2.58818 3.65926 0.599999
    endloop
  endfacet
  facet normal 0 0 -1
    outer loop
      vertex -3.76129 2.06613 0.599999
      vertex -3.4202 3.39691 0.599999
      vertex -3.04398 2.36325 0.599999
    endloop
  endfacet
  facet normal 0 0 -1
    outer loop
      vertex -3.76129 2.06613 0.599999
      vertex -4.22618 3.06306 0.599999
      vertex -3.4202 3.39691 0.599999
    endloop
  endfacet
  facet normal 0 0 -1
    outer loop
      vertex -4.45 1.70761 0.599999
      vertex -4.22618 3.06306 0.599999
      vertex -3.76129 2.06613 0.599999
    endloop
  endfacet
  facet normal 0 0 -1
    outer loop
      vertex -4.45 1.70761 0.599999
      vertex -5 2.66025 0.599999
      vertex -4.22618 3.06306 0.599999
    endloop
  endfacet
  facet normal 0 0 -1
    outer loop
      vertex -5.10483 1.29045 0.599999
      vertex -5 2.66025 0.599999
      vertex -4.45 1.70761 0.599999
    endloop
  endfacet
  facet normal 0 0 -1
    outer loop
      vertex -5.73576 2.19151 0.599999
      vertex -5.10483 1.29045 0.599999
      vertex -5.72079 0.817795 0.599999
    endloop
  endfacet
  facet normal 0 0 -1
    outer loop
      vertex -5.10483 1.29045 0.599999
      vertex -5.73576 2.19151 0.599999
      vertex -5 2.66025 0.599999
    endloop
  endfacet
  facet normal 0 0 -1
    outer loop
      vertex -6.42787 1.66043 0.599999
      vertex -5.72079 0.817795 0.599999
      vertex -6.29324 0.293243 0.599999
    endloop
  endfacet
  facet normal 0 0 -1
    outer loop
      vertex -5.72079 0.817795 0.599999
      vertex -6.42787 1.66043 0.599999
      vertex -5.73576 2.19151 0.599999
    endloop
  endfacet
  facet normal 0 0 -1
    outer loop
      vertex -7.07106 1.07106 0.599999
      vertex -6.29324 0.293243 0.599999
      vertex -6.56195 0 0.599999
    endloop
  endfacet
  facet normal 0 0 -1
    outer loop
      vertex -7.66043 -0.427872 0.599999
      vertex -6.56195 0 0.599999
      vertex -7.07106 -1.07106 0.599999
    endloop
  endfacet
  facet normal 0 0 -1
    outer loop
      vertex -6.29324 0.293243 0.599999
      vertex -7.07106 1.07106 0.599999
      vertex -6.42787 1.66043 0.599999
    endloop
  endfacet
  facet normal 0 0 -1
    outer loop
      vertex -7.66043 0.427872 0.599999
      vertex -6.56195 0 0.599999
      vertex -7.66043 -0.427872 0.599999
    endloop
  endfacet
  facet normal 0 0 -1
    outer loop
      vertex -6.56195 0 0.599999
      vertex -7.66043 0.427872 0.599999
      vertex -7.07106 1.07106 0.599999
    endloop
  endfacet
  facet normal 0 -0 -1
    outer loop
      vertex -7.66043 0.427872 0.599999
      vertex -7.66043 -0.427872 0.599999
      vertex -7.98875 0 0.599999
    endloop
  endfacet
  facet normal 0 0 -1
    outer loop
      vertex 7.66043 -0.427872 0.599999
      vertex 7.66043 0.427872 0.599999
      vertex 7.98875 0 0.599999
    endloop
  endfacet
  facet normal 0 0 -1
    outer loop
      vertex 6.56195 0 0.599999
      vertex 7.66043 -0.427872 0.599999
      vertex 7.07106 -1.07106 0.599999
    endloop
  endfacet
  facet normal 0 0 -1
    outer loop
      vertex 7.66043 -0.427872 0.599999
      vertex 6.56195 0 0.599999
      vertex 7.66043 0.427872 0.599999
    endloop
  endfacet
  facet normal -0 0 -1
    outer loop
      vertex 7.66043 0.427872 0.599999
      vertex 6.56195 0 0.599999
      vertex 7.07106 1.07106 0.599999
    endloop
  endfacet
  facet normal 0 0 -1
    outer loop
      vertex 6.29324 -0.293243 0.599999
      vertex 7.07106 -1.07106 0.599999
      vertex 6.42787 -1.66043 0.599999
    endloop
  endfacet
  facet normal 0 0 -1
    outer loop
      vertex 7.07106 -1.07106 0.599999
      vertex 6.29324 -0.293243 0.599999
      vertex 6.56195 0 0.599999
    endloop
  endfacet
  facet normal 0 0 -1
    outer loop
      vertex 5.72079 -0.817795 0.599999
      vertex 6.42787 -1.66043 0.599999
      vertex 5.73576 -2.19151 0.599999
    endloop
  endfacet
  facet normal 0 0 -1
    outer loop
      vertex 6.42787 -1.66043 0.599999
      vertex 5.72079 -0.817795 0.599999
      vertex 6.29324 -0.293243 0.599999
    endloop
  endfacet
  facet normal 0 0 -1
    outer loop
      vertex 5.73576 -2.19151 0.599999
      vertex 5.10483 -1.29045 0.599999
      vertex 5.72079 -0.817795 0.599999
    endloop
  endfacet
  facet normal 0 0 -1
    outer loop
      vertex 5 -2.66025 0.599999
      vertex 5.10483 -1.29045 0.599999
      vertex 5.73576 -2.19151 0.599999
    endloop
  endfacet
  facet normal 0 0 -1
    outer loop
      vertex 5 -2.66025 0.599999
      vertex 4.45 -1.70761 0.599999
      vertex 5.10483 -1.29045 0.599999
    endloop
  endfacet
  facet normal 0 0 -1
    outer loop
      vertex 4.22618 -3.06306 0.599999
      vertex 4.45 -1.70761 0.599999
      vertex 5 -2.66025 0.599999
    endloop
  endfacet
  facet normal 0 0 -1
    outer loop
      vertex 4.22618 -3.06306 0.599999
      vertex 3.76129 -2.06613 0.599999
      vertex 4.45 -1.70761 0.599999
    endloop
  endfacet
  facet normal 0 0 -1
    outer loop
      vertex 3.4202 -3.39691 0.599999
      vertex 3.76129 -2.06613 0.599999
      vertex 4.22618 -3.06306 0.599999
    endloop
  endfacet
  facet normal 0 0 -1
    outer loop
      vertex 3.4202 -3.39691 0.599999
      vertex 3.04398 -2.36325 0.599999
      vertex 3.76129 -2.06613 0.599999
    endloop
  endfacet
  facet normal 0 0 -1
    outer loop
      vertex 2.58818 -3.65926 0.599999
      vertex 3.04398 -2.36325 0.599999
      vertex 3.4202 -3.39691 0.599999
    endloop
  endfacet
  facet normal 0 0 -1
    outer loop
      vertex 2.58818 -3.65926 0.599999
      vertex 2.30348 -2.59673 0.599999
      vertex 3.04398 -2.36325 0.599999
    endloop
  endfacet
  facet normal 0 0 -1
    outer loop
      vertex 1.73648 -3.84807 0.599999
      vertex 2.30348 -2.59673 0.599999
      vertex 2.58818 -3.65926 0.599999
    endloop
  endfacet
  facet normal 0 0 -1
    outer loop
      vertex 1.73648 -3.84807 0.599999
      vertex 1.54546 -2.76479 0.599999
      vertex 2.30348 -2.59673 0.599999
    endloop
  endfacet
  facet normal 0 0 -1
    outer loop
      vertex 1.73648 -3.84807 0.599999
      vertex 0.883255 -2.85196 0.599999
      vertex 1.54546 -2.76479 0.599999
    endloop
  endfacet
  facet normal 0 -0 -1
    outer loop
      vertex 0.883255 -2.85196 0.599999
      vertex 1.73648 -3.84807 0.599999
      vertex 0.871552 -3.96194 0.599999
    endloop
  endfacet
  facet normal 0 0 -1
    outer loop
      vertex 6.29324 0.293243 0.599999
      vertex 7.07106 1.07106 0.599999
      vertex 6.56195 0 0.599999
    endloop
  endfacet
  facet normal -0 0 -1
    outer loop
      vertex 7.07106 1.07106 0.599999
      vertex 6.29324 0.293243 0.599999
      vertex 6.42787 1.66043 0.599999
    endloop
  endfacet
  facet normal 0 0 -1
    outer loop
      vertex 5.72079 0.817795 0.599999
      vertex 6.42787 1.66043 0.599999
      vertex 6.29324 0.293243 0.599999
    endloop
  endfacet
  facet normal -0 0 -1
    outer loop
      vertex 6.42787 1.66043 0.599999
      vertex 5.72079 0.817795 0.599999
      vertex 5.73576 2.19151 0.599999
    endloop
  endfacet
  facet normal 0 0 -1
    outer loop
      vertex 5.10483 1.29045 0.599999
      vertex 5.73576 2.19151 0.599999
      vertex 5.72079 0.817795 0.599999
    endloop
  endfacet
  facet normal 0 0 -1
    outer loop
      vertex 5.10483 1.29045 0.599999
      vertex 5 2.66025 0.599999
      vertex 5.73576 2.19151 0.599999
    endloop
  endfacet
  facet normal 0 0 -1
    outer loop
      vertex 4.45 1.70761 0.599999
      vertex 5 2.66025 0.599999
      vertex 5.10483 1.29045 0.599999
    endloop
  endfacet
  facet normal 0 0 -1
    outer loop
      vertex 4.45 1.70761 0.599999
      vertex 4.22618 3.06306 0.599999
      vertex 5 2.66025 0.599999
    endloop
  endfacet
  facet normal 0 0 -1
    outer loop
      vertex 3.76129 2.06613 0.599999
      vertex 4.22618 3.06306 0.599999
      vertex 4.45 1.70761 0.599999
    endloop
  endfacet
  facet normal 0 0 -1
    outer loop
      vertex 3.76129 2.06613 0.599999
      vertex 3.4202 3.39691 0.599999
      vertex 4.22618 3.06306 0.599999
    endloop
  endfacet
  facet normal 0 0 -1
    outer loop
      vertex 3.04398 2.36325 0.599999
      vertex 3.4202 3.39691 0.599999
      vertex 3.76129 2.06613 0.599999
    endloop
  endfacet
  facet normal 0 0 -1
    outer loop
      vertex 3.04398 2.36325 0.599999
      vertex 2.58818 3.65926 0.599999
      vertex 3.4202 3.39691 0.599999
    endloop
  endfacet
  facet normal 0 0 -1
    outer loop
      vertex 2.30348 2.59673 0.599999
      vertex 2.58818 3.65926 0.599999
      vertex 3.04398 2.36325 0.599999
    endloop
  endfacet
  facet normal 0 0 -1
    outer loop
      vertex 2.30348 2.59673 0.599999
      vertex 1.73648 3.84807 0.599999
      vertex 2.58818 3.65926 0.599999
    endloop
  endfacet
  facet normal 0 0 -1
    outer loop
      vertex 1.54546 2.76479 0.599999
      vertex 1.73648 3.84807 0.599999
      vertex 2.30348 2.59673 0.599999
    endloop
  endfacet
  facet normal 0 0 -1
    outer loop
      vertex 0.883255 2.85196 0.599999
      vertex 1.73648 3.84807 0.599999
      vertex 1.54546 2.76479 0.599999
    endloop
  endfacet
  facet normal -0 0 -1
    outer loop
      vertex 1.73648 3.84807 0.599999
      vertex 0.883255 2.85196 0.599999
      vertex 0.871552 3.96194 0.599999
    endloop
  endfacet
  facet normal 0 0 -1
    outer loop
      vertex 1.89999 0 0.599999
      vertex 3 0 0.599999
      vertex 2.94235 -0.585266 0.599999
    endloop
  endfacet
  facet normal 0 0 -1
    outer loop
      vertex 1.80701 -0.587128 0.599999
      vertex 2.94235 -0.585266 0.599999
      vertex 2.77164 -1.14804 0.599999
    endloop
  endfacet
  facet normal 0 0 -1
    outer loop
      vertex 3 0 0.599999
      vertex 1.89999 0 0.599999
      vertex 2.94235 0.585266 0.599999
    endloop
  endfacet
  facet normal 0 0 -1
    outer loop
      vertex 1.53712 -1.11679 0.599999
      vertex 2.77164 -1.14804 0.599999
      vertex 2.4944 -1.6667 0.599999
    endloop
  endfacet
  facet normal 0 0 -1
    outer loop
      vertex 1.80701 0.587128 0.599999
      vertex 2.94235 0.585266 0.599999
      vertex 1.89999 0 0.599999
    endloop
  endfacet
  facet normal 0 0 -1
    outer loop
      vertex 1.53712 -1.11679 0.599999
      vertex 2.4944 -1.6667 0.599999
      vertex 2.12131 -2.12131 0.599999
    endloop
  endfacet
  facet normal 0 0 -1
    outer loop
      vertex 2.94235 0.585266 0.599999
      vertex 1.80701 0.587128 0.599999
      vertex 2.77164 1.14804 0.599999
    endloop
  endfacet
  facet normal 0 0 -1
    outer loop
      vertex 1.53712 1.11679 0.599999
      vertex 2.77164 1.14804 0.599999
      vertex 1.80701 0.587128 0.599999
    endloop
  endfacet
  facet normal -0 0 -1
    outer loop
      vertex 2.94235 -0.585266 0.599999
      vertex 1.80701 -0.587128 0.599999
      vertex 1.89999 0 0.599999
    endloop
  endfacet
  facet normal 0 0 -1
    outer loop
      vertex 1.11679 -1.53712 0.599999
      vertex 2.12131 -2.12131 0.599999
      vertex 1.6667 -2.4944 0.599999
    endloop
  endfacet
  facet normal 0 0 -1
    outer loop
      vertex 2.77164 -1.14804 0.599999
      vertex 1.53712 -1.11679 0.599999
      vertex 1.80701 -0.587128 0.599999
    endloop
  endfacet
  facet normal 0 0 -1
    outer loop
      vertex 1.11679 -1.53712 0.599999
      vertex 1.6667 -2.4944 0.599999
      vertex 1.14804 -2.77164 0.599999
    endloop
  endfacet
  facet normal 0 0 -1
    outer loop
      vertex 2.12131 -2.12131 0.599999
      vertex 1.11679 -1.53712 0.599999
      vertex 1.53712 -1.11679 0.599999
    endloop
  endfacet
  facet normal 0 0 -1
    outer loop
      vertex 0.587128 -1.80701 0.599999
      vertex 1.14804 -2.77164 0.599999
      vertex 0.883255 -2.85196 0.599999
    endloop
  endfacet
  facet normal 0 0 -1
    outer loop
      vertex 1.14804 -2.77164 0.599999
      vertex 0.587128 -1.80701 0.599999
      vertex 1.11679 -1.53712 0.599999
    endloop
  endfacet
  facet normal 0 0 -1
    outer loop
      vertex 0 -4 0.599999
      vertex 0.883255 -2.85196 0.599999
      vertex 0.871552 -3.96194 0.599999
    endloop
  endfacet
  facet normal 0 0 -1
    outer loop
      vertex -0.883255 -2.85196 0.599999
      vertex 0.883255 -2.85196 0.599999
      vertex 0 -4 0.599999
    endloop
  endfacet
  facet normal 0 0 -1
    outer loop
      vertex 0.883255 -2.85196 0.599999
      vertex 0 -1.89999 0.599999
      vertex 0.587128 -1.80701 0.599999
    endloop
  endfacet
  facet normal 0 0 -1
    outer loop
      vertex 0.883255 -2.85196 0.599999
      vertex -0.883255 -2.85196 0.599999
      vertex 0 -1.89999 0.599999
    endloop
  endfacet
  facet normal 0 0 -1
    outer loop
      vertex -0.883255 -2.85196 0.599999
      vertex 0 -4 0.599999
      vertex -0.871552 -3.96194 0.599999
    endloop
  endfacet
  facet normal -0 0 -1
    outer loop
      vertex 0 -1.89999 0.599999
      vertex -0.883255 -2.85196 0.599999
      vertex -0.587128 -1.80701 0.599999
    endloop
  endfacet
  facet normal 0 0 -1
    outer loop
      vertex -1.14804 -2.77164 0.599999
      vertex -0.587128 -1.80701 0.599999
      vertex -0.883255 -2.85196 0.599999
    endloop
  endfacet
  facet normal -0 0 -1
    outer loop
      vertex -0.587128 -1.80701 0.599999
      vertex -1.14804 -2.77164 0.599999
      vertex -1.11679 -1.53712 0.599999
    endloop
  endfacet
  facet normal 0 0 -1
    outer loop
      vertex -1.6667 -2.4944 0.599999
      vertex -1.11679 -1.53712 0.599999
      vertex -1.14804 -2.77164 0.599999
    endloop
  endfacet
  facet normal 0 0 -1
    outer loop
      vertex -2.12131 -2.12131 0.599999
      vertex -1.11679 -1.53712 0.599999
      vertex -1.6667 -2.4944 0.599999
    endloop
  endfacet
  facet normal -0 0 -1
    outer loop
      vertex -1.11679 -1.53712 0.599999
      vertex -2.12131 -2.12131 0.599999
      vertex -1.53712 -1.11679 0.599999
    endloop
  endfacet
  facet normal 0 0 -1
    outer loop
      vertex -2.4944 -1.6667 0.599999
      vertex -1.53712 -1.11679 0.599999
      vertex -2.12131 -2.12131 0.599999
    endloop
  endfacet
  facet normal 0 0 -1
    outer loop
      vertex -2.77164 -1.14804 0.599999
      vertex -1.53712 -1.11679 0.599999
      vertex -2.4944 -1.6667 0.599999
    endloop
  endfacet
  facet normal -0 0 -1
    outer loop
      vertex 2.77164 1.14804 0.599999
      vertex 1.53712 1.11679 0.599999
      vertex 2.4944 1.6667 0.599999
    endloop
  endfacet
  facet normal -0 0 -1
    outer loop
      vertex 2.4944 1.6667 0.599999
      vertex 1.53712 1.11679 0.599999
      vertex 2.12131 2.12131 0.599999
    endloop
  endfacet
  facet normal 0 0 -1
    outer loop
      vertex 1.11679 1.53712 0.599999
      vertex 2.12131 2.12131 0.599999
      vertex 1.53712 1.11679 0.599999
    endloop
  endfacet
  facet normal -0 0 -1
    outer loop
      vertex 2.12131 2.12131 0.599999
      vertex 1.11679 1.53712 0.599999
      vertex 1.6667 2.4944 0.599999
    endloop
  endfacet
  facet normal -0 0 -1
    outer loop
      vertex 1.6667 2.4944 0.599999
      vertex 1.11679 1.53712 0.599999
      vertex 1.14804 2.77164 0.599999
    endloop
  endfacet
  facet normal 0 0 -1
    outer loop
      vertex 0.587128 1.80701 0.599999
      vertex 1.14804 2.77164 0.599999
      vertex 1.11679 1.53712 0.599999
    endloop
  endfacet
  facet normal -0 0 -1
    outer loop
      vertex 1.14804 2.77164 0.599999
      vertex 0.587128 1.80701 0.599999
      vertex 0.883255 2.85196 0.599999
    endloop
  endfacet
  facet normal 0 0 -1
    outer loop
      vertex 0 1.89999 0.599999
      vertex 0.883255 2.85196 0.599999
      vertex 0.587128 1.80701 0.599999
    endloop
  endfacet
  facet normal 0 0 -1
    outer loop
      vertex -0.883255 2.85196 0.599999
      vertex 0.883255 2.85196 0.599999
      vertex 0 1.89999 0.599999
    endloop
  endfacet
  facet normal 0 0 -1
    outer loop
      vertex 0.883255 2.85196 0.599999
      vertex 0 4 0.599999
      vertex 0.871552 3.96194 0.599999
    endloop
  endfacet
  facet normal 0 0 -1
    outer loop
      vertex -0.883255 2.85196 0.599999
      vertex 0 1.89999 0.599999
      vertex -0.587128 1.80701 0.599999
    endloop
  endfacet
  facet normal 0 0 -1
    outer loop
      vertex 0.883255 2.85196 0.599999
      vertex -0.883255 2.85196 0.599999
      vertex 0 4 0.599999
    endloop
  endfacet
  facet normal 0 0 -1
    outer loop
      vertex 0 4 0.599999
      vertex -0.883255 2.85196 0.599999
      vertex -0.871552 3.96194 0.599999
    endloop
  endfacet
  facet normal 0 0 -1
    outer loop
      vertex -1.14804 2.77164 0.599999
      vertex -0.587128 1.80701 0.599999
      vertex -1.11679 1.53712 0.599999
    endloop
  endfacet
  facet normal 0 0 -1
    outer loop
      vertex -0.587128 1.80701 0.599999
      vertex -1.14804 2.77164 0.599999
      vertex -0.883255 2.85196 0.599999
    endloop
  endfacet
  facet normal 0 0 -1
    outer loop
      vertex -2.12131 2.12131 0.599999
      vertex -1.11679 1.53712 0.599999
      vertex -1.53712 1.11679 0.599999
    endloop
  endfacet
  facet normal 0 0 -1
    outer loop
      vertex -1.11679 1.53712 0.599999
      vertex -1.6667 2.4944 0.599999
      vertex -1.14804 2.77164 0.599999
    endloop
  endfacet
  facet normal 0 0 -1
    outer loop
      vertex -2.77164 1.14804 0.599999
      vertex -1.53712 1.11679 0.599999
      vertex -1.80701 0.587128 0.599999
    endloop
  endfacet
  facet normal 0 0 -1
    outer loop
      vertex -2.94235 0.585266 0.599999
      vertex -1.80701 0.587128 0.599999
      vertex -1.89999 0 0.599999
    endloop
  endfacet
  facet normal -0 0 -1
    outer loop
      vertex -1.53712 -1.11679 0.599999
      vertex -2.77164 -1.14804 0.599999
      vertex -1.80701 -0.587128 0.599999
    endloop
  endfacet
  facet normal 0 0 -1
    outer loop
      vertex -1.11679 1.53712 0.599999
      vertex -2.12131 2.12131 0.599999
      vertex -1.6667 2.4944 0.599999
    endloop
  endfacet
  facet normal 0 0 -1
    outer loop
      vertex -2.94235 -0.585266 0.599999
      vertex -1.80701 -0.587128 0.599999
      vertex -2.77164 -1.14804 0.599999
    endloop
  endfacet
  facet normal 0 0 -1
    outer loop
      vertex -1.53712 1.11679 0.599999
      vertex -2.4944 1.6667 0.599999
      vertex -2.12131 2.12131 0.599999
    endloop
  endfacet
  facet normal 0 0 -1
    outer loop
      vertex -1.80701 -0.587128 0.599999
      vertex -2.94235 -0.585266 0.599999
      vertex -1.89999 0 0.599999
    endloop
  endfacet
  facet normal 0 0 -1
    outer loop
      vertex -1.53712 1.11679 0.599999
      vertex -2.77164 1.14804 0.599999
      vertex -2.4944 1.6667 0.599999
    endloop
  endfacet
  facet normal 0 0 -1
    outer loop
      vertex -3 0 0.599999
      vertex -1.89999 0 0.599999
      vertex -2.94235 -0.585266 0.599999
    endloop
  endfacet
  facet normal -0 0 -1
    outer loop
      vertex -1.80701 0.587128 0.599999
      vertex -2.94235 0.585266 0.599999
      vertex -2.77164 1.14804 0.599999
    endloop
  endfacet
  facet normal 0 0 -1
    outer loop
      vertex -1.89999 0 0.599999
      vertex -3 0 0.599999
      vertex -2.94235 0.585266 0.599999
    endloop
  endfacet
  facet normal 0 0 -1
    outer loop
      vertex 0.883316 -0.567673 0.599999
      vertex 0.883316 0.567673 0.599999
      vertex 1.04999 0 0.599999
    endloop
  endfacet
  facet normal 0 0 -1
    outer loop
      vertex 0.436172 -0.955109 0.599999
      vertex 0.883316 0.567673 0.599999
      vertex 0.883316 -0.567673 0.599999
    endloop
  endfacet
  facet normal 0 0 -1
    outer loop
      vertex 0.436172 -0.955109 0.599999
      vertex 0.436172 0.955109 0.599999
      vertex 0.883316 0.567673 0.599999
    endloop
  endfacet
  facet normal 0 0 -1
    outer loop
      vertex -0.149429 -1.03931 0.599999
      vertex 0.436172 0.955109 0.599999
      vertex 0.436172 -0.955109 0.599999
    endloop
  endfacet
  facet normal 0 0 -1
    outer loop
      vertex -0.149429 -1.03931 0.599999
      vertex -0.149429 1.03931 0.599999
      vertex 0.436172 0.955109 0.599999
    endloop
  endfacet
  facet normal 0 0 -1
    outer loop
      vertex -0.687592 -0.793533 0.599999
      vertex -0.149429 1.03931 0.599999
      vertex -0.149429 -1.03931 0.599999
    endloop
  endfacet
  facet normal 0 0 -1
    outer loop
      vertex -0.687592 -0.793533 0.599999
      vertex -0.687592 0.793533 0.599999
      vertex -0.149429 1.03931 0.599999
    endloop
  endfacet
  facet normal 0 0 -1
    outer loop
      vertex -1.00746 -0.295807 0.599999
      vertex -0.687592 0.793533 0.599999
      vertex -0.687592 -0.793533 0.599999
    endloop
  endfacet
  facet normal 0 0 -1
    outer loop
      vertex -0.687592 0.793533 0.599999
      vertex -1.00746 -0.295807 0.599999
      vertex -1.00746 0.295807 0.599999
    endloop
  endfacet
  facet normal 0 -1 0
    outer loop
      vertex -0.549988 7.75 0
      vertex 0.549988 7.75 0.599999
      vertex -0.549988 7.75 0.599999
    endloop
  endfacet
  facet normal 0 -1 -0
    outer loop
      vertex 0.549988 7.75 0.599999
      vertex -0.549988 7.75 0
      vertex 0.549988 7.75 0
    endloop
  endfacet
  facet normal 1 -0 0
    outer loop
      vertex -0.549988 4.64999 0.599999
      vertex -0.549988 7.75 0
      vertex -0.549988 7.75 0.599999
    endloop
  endfacet
  facet normal 1 0 0
    outer loop
      vertex -0.549988 7.75 0
      vertex -0.549988 4.64999 0.599999
      vertex -0.549988 4.64999 0
    endloop
  endfacet
  facet normal 0 1 -0
    outer loop
      vertex 0.549988 4.64999 0
      vertex -0.549988 4.64999 0.599999
      vertex 0.549988 4.64999 0.599999
    endloop
  endfacet
  facet normal 0 1 0
    outer loop
      vertex -0.549988 4.64999 0.599999
      vertex 0.549988 4.64999 0
      vertex -0.549988 4.64999 0
    endloop
  endfacet
  facet normal -1 0 0
    outer loop
      vertex 0.549988 4.64999 0
      vertex 0.549988 7.75 0.599999
      vertex 0.549988 7.75 0
    endloop
  endfacet
  facet normal -1 -0 0
    outer loop
      vertex 0.549988 7.75 0.599999
      vertex 0.549988 4.64999 0
      vertex 0.549988 4.64999 0.599999
    endloop
  endfacet
  facet normal -0.52992 -0.848048 0
    outer loop
      vertex 3.64044 6.86382 0
      vertex 4.57329 6.28091 0.599999
      vertex 3.64044 6.86382 0.599999
    endloop
  endfacet
  facet normal -0.52992 -0.848048 -0
    outer loop
      vertex 4.57329 6.28091 0.599999
      vertex 3.64044 6.86382 0
      vertex 4.57329 6.28091 0
    endloop
  endfacet
  facet normal 0.848049 -0.529918 0
    outer loop
      vertex 1.9977 4.23488 0.599999
      vertex 3.64044 6.86382 0
      vertex 3.64044 6.86382 0.599999
    endloop
  endfacet
  facet normal 0.848049 -0.529918 0
    outer loop
      vertex 3.64044 6.86382 0
      vertex 1.9977 4.23488 0.599999
      vertex 1.9977 4.23488 0
    endloop
  endfacet
  facet normal 0.52993 0.848041 -0
    outer loop
      vertex 2.93054 3.65196 0
      vertex 1.9977 4.23488 0.599999
      vertex 2.93054 3.65196 0.599999
    endloop
  endfacet
  facet normal 0.52993 0.848041 0
    outer loop
      vertex 1.9977 4.23488 0.599999
      vertex 2.93054 3.65196 0
      vertex 1.9977 4.23488 0
    endloop
  endfacet
  facet normal -0.848048 0.529919 0
    outer loop
      vertex 2.93054 3.65196 0
      vertex 4.57329 6.28091 0.599999
      vertex 4.57329 6.28091 0
    endloop
  endfacet
  facet normal -0.848048 0.529919 0
    outer loop
      vertex 4.57329 6.28091 0.599999
      vertex 2.93054 3.65196 0
      vertex 2.93054 3.65196 0.599999
    endloop
  endfacet
  facet normal -0.848049 -0.529918 0
    outer loop
      vertex -1.9977 4.23488 0
      vertex -3.64044 6.86382 0.599999
      vertex -3.64044 6.86382 0
    endloop
  endfacet
  facet normal -0.848049 -0.529918 0
    outer loop
      vertex -3.64044 6.86382 0.599999
      vertex -1.9977 4.23488 0
      vertex -1.9977 4.23488 0.599999
    endloop
  endfacet
  facet normal 0.52992 -0.848048 0
    outer loop
      vertex -4.57329 6.28091 0
      vertex -3.64044 6.86382 0.599999
      vertex -4.57329 6.28091 0.599999
    endloop
  endfacet
  facet normal 0.52992 -0.848048 0
    outer loop
      vertex -3.64044 6.86382 0.599999
      vertex -4.57329 6.28091 0
      vertex -3.64044 6.86382 0
    endloop
  endfacet
  facet normal 0.848048 0.529919 0
    outer loop
      vertex -2.93054 3.65196 0.599999
      vertex -4.57329 6.28091 0
      vertex -4.57329 6.28091 0.599999
    endloop
  endfacet
  facet normal 0.848048 0.529919 0
    outer loop
      vertex -4.57329 6.28091 0
      vertex -2.93054 3.65196 0.599999
      vertex -2.93054 3.65196 0
    endloop
  endfacet
  facet normal -0.52993 0.848041 0
    outer loop
      vertex -1.9977 4.23488 0
      vertex -2.93054 3.65196 0.599999
      vertex -1.9977 4.23488 0.599999
    endloop
  endfacet
  facet normal -0.52993 0.848041 0
    outer loop
      vertex -2.93054 3.65196 0.599999
      vertex -1.9977 4.23488 0
      vertex -2.93054 3.65196 0
    endloop
  endfacet
  facet normal -0.130526 0.991445 0
    outer loop
      vertex 1.73648 -3.84807 0
      vertex 0.871552 -3.96194 0.599999
      vertex 1.73648 -3.84807 0.599999
    endloop
  endfacet
  facet normal -0.130526 0.991445 0
    outer loop
      vertex 0.871552 -3.96194 0.599999
      vertex 1.73648 -3.84807 0
      vertex 0.871552 -3.96194 0
    endloop
  endfacet
  facet normal -0.216432 0.976298 0
    outer loop
      vertex 2.58818 -3.65926 0
      vertex 1.73648 -3.84807 0.599999
      vertex 2.58818 -3.65926 0.599999
    endloop
  endfacet
  facet normal -0.216432 0.976298 0
    outer loop
      vertex 1.73648 -3.84807 0.599999
      vertex 2.58818 -3.65926 0
      vertex 1.73648 -3.84807 0
    endloop
  endfacet
  facet normal -0.300722 0.953712 0
    outer loop
      vertex 3.4202 -3.39691 0
      vertex 2.58818 -3.65926 0.599999
      vertex 3.4202 -3.39691 0.599999
    endloop
  endfacet
  facet normal -0.300722 0.953712 0
    outer loop
      vertex 2.58818 -3.65926 0.599999
      vertex 3.4202 -3.39691 0
      vertex 2.58818 -3.65926 0
    endloop
  endfacet
  facet normal -0.382686 0.923879 0
    outer loop
      vertex 4.22618 -3.06306 0
      vertex 3.4202 -3.39691 0.599999
      vertex 4.22618 -3.06306 0.599999
    endloop
  endfacet
  facet normal -0.382686 0.923879 0
    outer loop
      vertex 3.4202 -3.39691 0.599999
      vertex 4.22618 -3.06306 0
      vertex 3.4202 -3.39691 0
    endloop
  endfacet
  facet normal -0.461735 0.887018 0
    outer loop
      vertex 5 -2.66025 0
      vertex 4.22618 -3.06306 0.599999
      vertex 5 -2.66025 0.599999
    endloop
  endfacet
  facet normal -0.461735 0.887018 0
    outer loop
      vertex 4.22618 -3.06306 0.599999
      vertex 5 -2.66025 0
      vertex 4.22618 -3.06306 0
    endloop
  endfacet
  facet normal -0.537307 0.843387 0
    outer loop
      vertex 5.73576 -2.19151 0
      vertex 5 -2.66025 0.599999
      vertex 5.73576 -2.19151 0.599999
    endloop
  endfacet
  facet normal -0.537307 0.843387 0
    outer loop
      vertex 5 -2.66025 0.599999
      vertex 5.73576 -2.19151 0
      vertex 5 -2.66025 0
    endloop
  endfacet
  facet normal -0.608765 0.79335 0
    outer loop
      vertex 6.42787 -1.66043 0
      vertex 5.73576 -2.19151 0.599999
      vertex 6.42787 -1.66043 0.599999
    endloop
  endfacet
  facet normal -0.608765 0.79335 0
    outer loop
      vertex 5.73576 -2.19151 0.599999
      vertex 6.42787 -1.66043 0
      vertex 5.73576 -2.19151 0
    endloop
  endfacet
  facet normal -0.675587 0.73728 0
    outer loop
      vertex 7.07106 -1.07106 0
      vertex 6.42787 -1.66043 0.599999
      vertex 7.07106 -1.07106 0.599999
    endloop
  endfacet
  facet normal -0.675587 0.73728 0
    outer loop
      vertex 6.42787 -1.66043 0.599999
      vertex 7.07106 -1.07106 0
      vertex 6.42787 -1.66043 0
    endloop
  endfacet
  facet normal -0.737279 0.675588 0
    outer loop
      vertex 7.07106 -1.07106 0
      vertex 7.66043 -0.427872 0.599999
      vertex 7.66043 -0.427872 0
    endloop
  endfacet
  facet normal -0.737279 0.675588 0
    outer loop
      vertex 7.66043 -0.427872 0.599999
      vertex 7.07106 -1.07106 0
      vertex 7.07106 -1.07106 0.599999
    endloop
  endfacet
  facet normal -0.793351 0.608764 0
    outer loop
      vertex 7.66043 -0.427872 0
      vertex 7.98875 0 0.599999
      vertex 7.98875 0 0
    endloop
  endfacet
  facet normal -0.793351 0.608764 0
    outer loop
      vertex 7.98875 0 0.599999
      vertex 7.66043 -0.427872 0
      vertex 7.66043 -0.427872 0.599999
    endloop
  endfacet
  facet normal -0.793351 -0.608764 0
    outer loop
      vertex 7.98875 0 0
      vertex 7.66043 0.427872 0.599999
      vertex 7.66043 0.427872 0
    endloop
  endfacet
  facet normal -0.793351 -0.608764 0
    outer loop
      vertex 7.66043 0.427872 0.599999
      vertex 7.98875 0 0
      vertex 7.98875 0 0.599999
    endloop
  endfacet
  facet normal -0.737279 -0.675588 0
    outer loop
      vertex 7.66043 0.427872 0
      vertex 7.07106 1.07106 0.599999
      vertex 7.07106 1.07106 0
    endloop
  endfacet
  facet normal -0.737279 -0.675588 0
    outer loop
      vertex 7.07106 1.07106 0.599999
      vertex 7.66043 0.427872 0
      vertex 7.66043 0.427872 0.599999
    endloop
  endfacet
  facet normal -0.675587 -0.73728 0
    outer loop
      vertex 6.42787 1.66043 0
      vertex 7.07106 1.07106 0.599999
      vertex 6.42787 1.66043 0.599999
    endloop
  endfacet
  facet normal -0.675587 -0.73728 -0
    outer loop
      vertex 7.07106 1.07106 0.599999
      vertex 6.42787 1.66043 0
      vertex 7.07106 1.07106 0
    endloop
  endfacet
  facet normal -0.608765 -0.79335 0
    outer loop
      vertex 5.73576 2.19151 0
      vertex 6.42787 1.66043 0.599999
      vertex 5.73576 2.19151 0.599999
    endloop
  endfacet
  facet normal -0.608765 -0.79335 -0
    outer loop
      vertex 6.42787 1.66043 0.599999
      vertex 5.73576 2.19151 0
      vertex 6.42787 1.66043 0
    endloop
  endfacet
  facet normal -0.537307 -0.843387 0
    outer loop
      vertex 5 2.66025 0
      vertex 5.73576 2.19151 0.599999
      vertex 5 2.66025 0.599999
    endloop
  endfacet
  facet normal -0.537307 -0.843387 -0
    outer loop
      vertex 5.73576 2.19151 0.599999
      vertex 5 2.66025 0
      vertex 5.73576 2.19151 0
    endloop
  endfacet
  facet normal -0.461735 -0.887018 0
    outer loop
      vertex 4.22618 3.06306 0
      vertex 5 2.66025 0.599999
      vertex 4.22618 3.06306 0.599999
    endloop
  endfacet
  facet normal -0.461735 -0.887018 -0
    outer loop
      vertex 5 2.66025 0.599999
      vertex 4.22618 3.06306 0
      vertex 5 2.66025 0
    endloop
  endfacet
  facet normal -0.382686 -0.923879 0
    outer loop
      vertex 3.4202 3.39691 0
      vertex 4.22618 3.06306 0.599999
      vertex 3.4202 3.39691 0.599999
    endloop
  endfacet
  facet normal -0.382686 -0.923879 -0
    outer loop
      vertex 4.22618 3.06306 0.599999
      vertex 3.4202 3.39691 0
      vertex 4.22618 3.06306 0
    endloop
  endfacet
  facet normal -0.300722 -0.953712 0
    outer loop
      vertex 2.58818 3.65926 0
      vertex 3.4202 3.39691 0.599999
      vertex 2.58818 3.65926 0.599999
    endloop
  endfacet
  facet normal -0.300722 -0.953712 -0
    outer loop
      vertex 3.4202 3.39691 0.599999
      vertex 2.58818 3.65926 0
      vertex 3.4202 3.39691 0
    endloop
  endfacet
  facet normal -0.216432 -0.976298 0
    outer loop
      vertex 1.73648 3.84807 0
      vertex 2.58818 3.65926 0.599999
      vertex 1.73648 3.84807 0.599999
    endloop
  endfacet
  facet normal -0.216432 -0.976298 -0
    outer loop
      vertex 2.58818 3.65926 0.599999
      vertex 1.73648 3.84807 0
      vertex 2.58818 3.65926 0
    endloop
  endfacet
  facet normal -0.130526 -0.991445 0
    outer loop
      vertex 0.871552 3.96194 0
      vertex 1.73648 3.84807 0.599999
      vertex 0.871552 3.96194 0.599999
    endloop
  endfacet
  facet normal -0.130526 -0.991445 -0
    outer loop
      vertex 1.73648 3.84807 0.599999
      vertex 0.871552 3.96194 0
      vertex 1.73648 3.84807 0
    endloop
  endfacet
  facet normal -0.0436276 -0.999048 0
    outer loop
      vertex 0 4 0
      vertex 0.871552 3.96194 0.599999
      vertex 0 4 0.599999
    endloop
  endfacet
  facet normal -0.0436276 -0.999048 -0
    outer loop
      vertex 0.871552 3.96194 0.599999
      vertex 0 4 0
      vertex 0.871552 3.96194 0
    endloop
  endfacet
  facet normal 0.0436276 -0.999048 0
    outer loop
      vertex -0.871552 3.96194 0
      vertex 0 4 0.599999
      vertex -0.871552 3.96194 0.599999
    endloop
  endfacet
  facet normal 0.0436276 -0.999048 0
    outer loop
      vertex 0 4 0.599999
      vertex -0.871552 3.96194 0
      vertex 0 4 0
    endloop
  endfacet
  facet normal 0.130526 -0.991445 0
    outer loop
      vertex -1.73648 3.84807 0
      vertex -0.871552 3.96194 0.599999
      vertex -1.73648 3.84807 0.599999
    endloop
  endfacet
  facet normal 0.130526 -0.991445 0
    outer loop
      vertex -0.871552 3.96194 0.599999
      vertex -1.73648 3.84807 0
      vertex -0.871552 3.96194 0
    endloop
  endfacet
  facet normal 0.216432 -0.976298 0
    outer loop
      vertex -2.58818 3.65926 0
      vertex -1.73648 3.84807 0.599999
      vertex -2.58818 3.65926 0.599999
    endloop
  endfacet
  facet normal 0.216432 -0.976298 0
    outer loop
      vertex -1.73648 3.84807 0.599999
      vertex -2.58818 3.65926 0
      vertex -1.73648 3.84807 0
    endloop
  endfacet
  facet normal 0.300722 -0.953712 0
    outer loop
      vertex -3.4202 3.39691 0
      vertex -2.58818 3.65926 0.599999
      vertex -3.4202 3.39691 0.599999
    endloop
  endfacet
  facet normal 0.300722 -0.953712 0
    outer loop
      vertex -2.58818 3.65926 0.599999
      vertex -3.4202 3.39691 0
      vertex -2.58818 3.65926 0
    endloop
  endfacet
  facet normal 0.382686 -0.923879 0
    outer loop
      vertex -4.22618 3.06306 0
      vertex -3.4202 3.39691 0.599999
      vertex -4.22618 3.06306 0.599999
    endloop
  endfacet
  facet normal 0.382686 -0.923879 0
    outer loop
      vertex -3.4202 3.39691 0.599999
      vertex -4.22618 3.06306 0
      vertex -3.4202 3.39691 0
    endloop
  endfacet
  facet normal 0.461735 -0.887018 0
    outer loop
      vertex -5 2.66025 0
      vertex -4.22618 3.06306 0.599999
      vertex -5 2.66025 0.599999
    endloop
  endfacet
  facet normal 0.461735 -0.887018 0
    outer loop
      vertex -4.22618 3.06306 0.599999
      vertex -5 2.66025 0
      vertex -4.22618 3.06306 0
    endloop
  endfacet
  facet normal 0.537307 -0.843387 0
    outer loop
      vertex -5.73576 2.19151 0
      vertex -5 2.66025 0.599999
      vertex -5.73576 2.19151 0.599999
    endloop
  endfacet
  facet normal 0.537307 -0.843387 0
    outer loop
      vertex -5 2.66025 0.599999
      vertex -5.73576 2.19151 0
      vertex -5 2.66025 0
    endloop
  endfacet
  facet normal 0.608765 -0.79335 0
    outer loop
      vertex -6.42787 1.66043 0
      vertex -5.73576 2.19151 0.599999
      vertex -6.42787 1.66043 0.599999
    endloop
  endfacet
  facet normal 0.608765 -0.79335 0
    outer loop
      vertex -5.73576 2.19151 0.599999
      vertex -6.42787 1.66043 0
      vertex -5.73576 2.19151 0
    endloop
  endfacet
  facet normal 0.675587 -0.73728 0
    outer loop
      vertex -7.07106 1.07106 0
      vertex -6.42787 1.66043 0.599999
      vertex -7.07106 1.07106 0.599999
    endloop
  endfacet
  facet normal 0.675587 -0.73728 0
    outer loop
      vertex -6.42787 1.66043 0.599999
      vertex -7.07106 1.07106 0
      vertex -6.42787 1.66043 0
    endloop
  endfacet
  facet normal 0.737279 -0.675588 0
    outer loop
      vertex -7.66043 0.427872 0.599999
      vertex -7.07106 1.07106 0
      vertex -7.07106 1.07106 0.599999
    endloop
  endfacet
  facet normal 0.737279 -0.675588 0
    outer loop
      vertex -7.07106 1.07106 0
      vertex -7.66043 0.427872 0.599999
      vertex -7.66043 0.427872 0
    endloop
  endfacet
  facet normal 0.793351 -0.608764 0
    outer loop
      vertex -7.98875 0 0.599999
      vertex -7.66043 0.427872 0
      vertex -7.66043 0.427872 0.599999
    endloop
  endfacet
  facet normal 0.793351 -0.608764 0
    outer loop
      vertex -7.66043 0.427872 0
      vertex -7.98875 0 0.599999
      vertex -7.98875 0 0
    endloop
  endfacet
  facet normal 0.793351 0.608764 0
    outer loop
      vertex -7.66043 -0.427872 0.599999
      vertex -7.98875 0 0
      vertex -7.98875 0 0.599999
    endloop
  endfacet
  facet normal 0.793351 0.608764 0
    outer loop
      vertex -7.98875 0 0
      vertex -7.66043 -0.427872 0.599999
      vertex -7.66043 -0.427872 0
    endloop
  endfacet
  facet normal 0.737279 0.675588 0
    outer loop
      vertex -7.07106 -1.07106 0.599999
      vertex -7.66043 -0.427872 0
      vertex -7.66043 -0.427872 0.599999
    endloop
  endfacet
  facet normal 0.737279 0.675588 0
    outer loop
      vertex -7.66043 -0.427872 0
      vertex -7.07106 -1.07106 0.599999
      vertex -7.07106 -1.07106 0
    endloop
  endfacet
  facet normal 0.675587 0.73728 -0
    outer loop
      vertex -6.42787 -1.66043 0
      vertex -7.07106 -1.07106 0.599999
      vertex -6.42787 -1.66043 0.599999
    endloop
  endfacet
  facet normal 0.675587 0.73728 0
    outer loop
      vertex -7.07106 -1.07106 0.599999
      vertex -6.42787 -1.66043 0
      vertex -7.07106 -1.07106 0
    endloop
  endfacet
  facet normal 0.608765 0.79335 -0
    outer loop
      vertex -5.73576 -2.19151 0
      vertex -6.42787 -1.66043 0.599999
      vertex -5.73576 -2.19151 0.599999
    endloop
  endfacet
  facet normal 0.608765 0.79335 0
    outer loop
      vertex -6.42787 -1.66043 0.599999
      vertex -5.73576 -2.19151 0
      vertex -6.42787 -1.66043 0
    endloop
  endfacet
  facet normal 0.537307 0.843387 -0
    outer loop
      vertex -5 -2.66025 0
      vertex -5.73576 -2.19151 0.599999
      vertex -5 -2.66025 0.599999
    endloop
  endfacet
  facet normal 0.537307 0.843387 0
    outer loop
      vertex -5.73576 -2.19151 0.599999
      vertex -5 -2.66025 0
      vertex -5.73576 -2.19151 0
    endloop
  endfacet
  facet normal 0.461735 0.887018 -0
    outer loop
      vertex -4.22618 -3.06306 0
      vertex -5 -2.66025 0.599999
      vertex -4.22618 -3.06306 0.599999
    endloop
  endfacet
  facet normal 0.461735 0.887018 0
    outer loop
      vertex -5 -2.66025 0.599999
      vertex -4.22618 -3.06306 0
      vertex -5 -2.66025 0
    endloop
  endfacet
  facet normal 0.382686 0.923879 -0
    outer loop
      vertex -3.4202 -3.39691 0
      vertex -4.22618 -3.06306 0.599999
      vertex -3.4202 -3.39691 0.599999
    endloop
  endfacet
  facet normal 0.382686 0.923879 0
    outer loop
      vertex -4.22618 -3.06306 0.599999
      vertex -3.4202 -3.39691 0
      vertex -4.22618 -3.06306 0
    endloop
  endfacet
  facet normal 0.300722 0.953712 -0
    outer loop
      vertex -2.58818 -3.65926 0
      vertex -3.4202 -3.39691 0.599999
      vertex -2.58818 -3.65926 0.599999
    endloop
  endfacet
  facet normal 0.300722 0.953712 0
    outer loop
      vertex -3.4202 -3.39691 0.599999
      vertex -2.58818 -3.65926 0
      vertex -3.4202 -3.39691 0
    endloop
  endfacet
  facet normal 0.216432 0.976298 -0
    outer loop
      vertex -1.73648 -3.84807 0
      vertex -2.58818 -3.65926 0.599999
      vertex -1.73648 -3.84807 0.599999
    endloop
  endfacet
  facet normal 0.216432 0.976298 0
    outer loop
      vertex -2.58818 -3.65926 0.599999
      vertex -1.73648 -3.84807 0
      vertex -2.58818 -3.65926 0
    endloop
  endfacet
  facet normal 0.130526 0.991445 -0
    outer loop
      vertex -0.871552 -3.96194 0
      vertex -1.73648 -3.84807 0.599999
      vertex -0.871552 -3.96194 0.599999
    endloop
  endfacet
  facet normal 0.130526 0.991445 0
    outer loop
      vertex -1.73648 -3.84807 0.599999
      vertex -0.871552 -3.96194 0
      vertex -1.73648 -3.84807 0
    endloop
  endfacet
  facet normal 0.0436276 0.999048 -0
    outer loop
      vertex 0 -4 0
      vertex -0.871552 -3.96194 0.599999
      vertex 0 -4 0.599999
    endloop
  endfacet
  facet normal 0.0436276 0.999048 0
    outer loop
      vertex -0.871552 -3.96194 0.599999
      vertex 0 -4 0
      vertex -0.871552 -3.96194 0
    endloop
  endfacet
  facet normal -0.0436276 0.999048 0
    outer loop
      vertex 0.871552 -3.96194 0
      vertex 0 -4 0.599999
      vertex 0.871552 -3.96194 0.599999
    endloop
  endfacet
  facet normal -0.0436276 0.999048 0
    outer loop
      vertex 0 -4 0.599999
      vertex 0.871552 -3.96194 0
      vertex 0 -4 0
    endloop
  endfacet
  facet normal -0.216453 -0.976293 0
    outer loop
      vertex -2.30348 -2.59673 0
      vertex -1.54546 -2.76479 0.599999
      vertex -2.30348 -2.59673 0.599999
    endloop
  endfacet
  facet normal -0.216453 -0.976293 -0
    outer loop
      vertex -1.54546 -2.76479 0.599999
      vertex -2.30348 -2.59673 0
      vertex -1.54546 -2.76479 0
    endloop
  endfacet
  facet normal -0.300707 -0.953716 0
    outer loop
      vertex -3.04398 -2.36325 0
      vertex -2.30348 -2.59673 0.599999
      vertex -3.04398 -2.36325 0.599999
    endloop
  endfacet
  facet normal -0.300707 -0.953716 -0
    outer loop
      vertex -2.30348 -2.59673 0.599999
      vertex -3.04398 -2.36325 0
      vertex -2.30348 -2.59673 0
    endloop
  endfacet
  facet normal -0.382684 -0.923879 0
    outer loop
      vertex -3.76129 -2.06613 0
      vertex -3.04398 -2.36325 0.599999
      vertex -3.76129 -2.06613 0.599999
    endloop
  endfacet
  facet normal -0.382684 -0.923879 -0
    outer loop
      vertex -3.04398 -2.36325 0.599999
      vertex -3.76129 -2.06613 0
      vertex -3.04398 -2.36325 0
    endloop
  endfacet
  facet normal -0.461749 -0.887011 0
    outer loop
      vertex -4.45 -1.70761 0
      vertex -3.76129 -2.06613 0.599999
      vertex -4.45 -1.70761 0.599999
    endloop
  endfacet
  facet normal -0.461749 -0.887011 -0
    outer loop
      vertex -3.76129 -2.06613 0.599999
      vertex -4.45 -1.70761 0
      vertex -3.76129 -2.06613 0
    endloop
  endfacet
  facet normal -0.537288 -0.843399 0
    outer loop
      vertex -5.10483 -1.29045 0
      vertex -4.45 -1.70761 0.599999
      vertex -5.10483 -1.29045 0.599999
    endloop
  endfacet
  facet normal -0.537288 -0.843399 -0
    outer loop
      vertex -4.45 -1.70761 0.599999
      vertex -5.10483 -1.29045 0
      vertex -4.45 -1.70761 0
    endloop
  endfacet
  facet normal -0.608771 -0.793346 0
    outer loop
      vertex -5.72079 -0.817795 0
      vertex -5.10483 -1.29045 0.599999
      vertex -5.72079 -0.817795 0.599999
    endloop
  endfacet
  facet normal -0.608771 -0.793346 -0
    outer loop
      vertex -5.10483 -1.29045 0.599999
      vertex -5.72079 -0.817795 0
      vertex -5.10483 -1.29045 0
    endloop
  endfacet
  facet normal -0.675589 -0.737278 0
    outer loop
      vertex -6.29324 -0.293243 0
      vertex -5.72079 -0.817795 0.599999
      vertex -6.29324 -0.293243 0.599999
    endloop
  endfacet
  facet normal -0.675589 -0.737278 -0
    outer loop
      vertex -5.72079 -0.817795 0.599999
      vertex -6.29324 -0.293243 0
      vertex -5.72079 -0.817795 0
    endloop
  endfacet
  facet normal -0.737274 -0.675593 0
    outer loop
      vertex -6.29324 -0.293243 0
      vertex -6.56195 0 0.599999
      vertex -6.56195 0 0
    endloop
  endfacet
  facet normal -0.737274 -0.675593 0
    outer loop
      vertex -6.56195 0 0.599999
      vertex -6.29324 -0.293243 0
      vertex -6.29324 -0.293243 0.599999
    endloop
  endfacet
  facet normal -0.737274 0.675593 0
    outer loop
      vertex -6.56195 0 0
      vertex -6.29324 0.293243 0.599999
      vertex -6.29324 0.293243 0
    endloop
  endfacet
  facet normal -0.737274 0.675593 0
    outer loop
      vertex -6.29324 0.293243 0.599999
      vertex -6.56195 0 0
      vertex -6.56195 0 0.599999
    endloop
  endfacet
  facet normal -0.675589 0.737278 0
    outer loop
      vertex -5.72079 0.817795 0
      vertex -6.29324 0.293243 0.599999
      vertex -5.72079 0.817795 0.599999
    endloop
  endfacet
  facet normal -0.675589 0.737278 0
    outer loop
      vertex -6.29324 0.293243 0.599999
      vertex -5.72079 0.817795 0
      vertex -6.29324 0.293243 0
    endloop
  endfacet
  facet normal -0.608771 0.793346 0
    outer loop
      vertex -5.10483 1.29045 0
      vertex -5.72079 0.817795 0.599999
      vertex -5.10483 1.29045 0.599999
    endloop
  endfacet
  facet normal -0.608771 0.793346 0
    outer loop
      vertex -5.72079 0.817795 0.599999
      vertex -5.10483 1.29045 0
      vertex -5.72079 0.817795 0
    endloop
  endfacet
  facet normal -0.537288 0.843399 0
    outer loop
      vertex -4.45 1.70761 0
      vertex -5.10483 1.29045 0.599999
      vertex -4.45 1.70761 0.599999
    endloop
  endfacet
  facet normal -0.537288 0.843399 0
    outer loop
      vertex -5.10483 1.29045 0.599999
      vertex -4.45 1.70761 0
      vertex -5.10483 1.29045 0
    endloop
  endfacet
  facet normal -0.461749 0.887011 0
    outer loop
      vertex -3.76129 2.06613 0
      vertex -4.45 1.70761 0.599999
      vertex -3.76129 2.06613 0.599999
    endloop
  endfacet
  facet normal -0.461749 0.887011 0
    outer loop
      vertex -4.45 1.70761 0.599999
      vertex -3.76129 2.06613 0
      vertex -4.45 1.70761 0
    endloop
  endfacet
  facet normal -0.382684 0.923879 0
    outer loop
      vertex -3.04398 2.36325 0
      vertex -3.76129 2.06613 0.599999
      vertex -3.04398 2.36325 0.599999
    endloop
  endfacet
  facet normal -0.382684 0.923879 0
    outer loop
      vertex -3.76129 2.06613 0.599999
      vertex -3.04398 2.36325 0
      vertex -3.76129 2.06613 0
    endloop
  endfacet
  facet normal -0.300707 0.953716 0
    outer loop
      vertex -2.30348 2.59673 0
      vertex -3.04398 2.36325 0.599999
      vertex -2.30348 2.59673 0.599999
    endloop
  endfacet
  facet normal -0.300707 0.953716 0
    outer loop
      vertex -3.04398 2.36325 0.599999
      vertex -2.30348 2.59673 0
      vertex -3.04398 2.36325 0
    endloop
  endfacet
  facet normal -0.216453 0.976293 0
    outer loop
      vertex -1.54546 2.76479 0
      vertex -2.30348 2.59673 0.599999
      vertex -1.54546 2.76479 0.599999
    endloop
  endfacet
  facet normal -0.216453 0.976293 0
    outer loop
      vertex -2.30348 2.59673 0.599999
      vertex -1.54546 2.76479 0
      vertex -2.30348 2.59673 0
    endloop
  endfacet
  facet normal -0.13051 0.991447 0
    outer loop
      vertex -0.883255 2.85196 0
      vertex -1.54546 2.76479 0.599999
      vertex -0.883255 2.85196 0.599999
    endloop
  endfacet
  facet normal -0.13051 0.991447 0
    outer loop
      vertex -1.54546 2.76479 0.599999
      vertex -0.883255 2.85196 0
      vertex -1.54546 2.76479 0
    endloop
  endfacet
  facet normal 0.290279 -0.956942 0
    outer loop
      vertex -1.14804 2.77164 0
      vertex -0.883255 2.85196 0.599999
      vertex -1.14804 2.77164 0.599999
    endloop
  endfacet
  facet normal 0.290279 -0.956942 0
    outer loop
      vertex -0.883255 2.85196 0.599999
      vertex -1.14804 2.77164 0
      vertex -0.883255 2.85196 0
    endloop
  endfacet
  facet normal 0.471411 -0.881914 0
    outer loop
      vertex -1.6667 2.4944 0
      vertex -1.14804 2.77164 0.599999
      vertex -1.6667 2.4944 0.599999
    endloop
  endfacet
  facet normal 0.471411 -0.881914 0
    outer loop
      vertex -1.14804 2.77164 0.599999
      vertex -1.6667 2.4944 0
      vertex -1.14804 2.77164 0
    endloop
  endfacet
  facet normal 0.634395 -0.773009 0
    outer loop
      vertex -2.12131 2.12131 0
      vertex -1.6667 2.4944 0.599999
      vertex -2.12131 2.12131 0.599999
    endloop
  endfacet
  facet normal 0.634395 -0.773009 0
    outer loop
      vertex -1.6667 2.4944 0.599999
      vertex -2.12131 2.12131 0
      vertex -1.6667 2.4944 0
    endloop
  endfacet
  facet normal 0.773009 -0.634395 0
    outer loop
      vertex -2.4944 1.6667 0.599999
      vertex -2.12131 2.12131 0
      vertex -2.12131 2.12131 0.599999
    endloop
  endfacet
  facet normal 0.773009 -0.634395 0
    outer loop
      vertex -2.12131 2.12131 0
      vertex -2.4944 1.6667 0.599999
      vertex -2.4944 1.6667 0
    endloop
  endfacet
  facet normal 0.881914 -0.471411 0
    outer loop
      vertex -2.77164 1.14804 0.599999
      vertex -2.4944 1.6667 0
      vertex -2.4944 1.6667 0.599999
    endloop
  endfacet
  facet normal 0.881914 -0.471411 0
    outer loop
      vertex -2.4944 1.6667 0
      vertex -2.77164 1.14804 0.599999
      vertex -2.77164 1.14804 0
    endloop
  endfacet
  facet normal 0.956943 -0.290276 0
    outer loop
      vertex -2.94235 0.585266 0.599999
      vertex -2.77164 1.14804 0
      vertex -2.77164 1.14804 0.599999
    endloop
  endfacet
  facet normal 0.956943 -0.290276 0
    outer loop
      vertex -2.77164 1.14804 0
      vertex -2.94235 0.585266 0.599999
      vertex -2.94235 0.585266 0
    endloop
  endfacet
  facet normal 0.995184 -0.0980278 0
    outer loop
      vertex -3 0 0.599999
      vertex -2.94235 0.585266 0
      vertex -2.94235 0.585266 0.599999
    endloop
  endfacet
  facet normal 0.995184 -0.0980278 0
    outer loop
      vertex -2.94235 0.585266 0
      vertex -3 0 0.599999
      vertex -3 0 0
    endloop
  endfacet
  facet normal 0.995184 0.0980278 0
    outer loop
      vertex -2.94235 -0.585266 0.599999
      vertex -3 0 0
      vertex -3 0 0.599999
    endloop
  endfacet
  facet normal 0.995184 0.0980278 0
    outer loop
      vertex -3 0 0
      vertex -2.94235 -0.585266 0.599999
      vertex -2.94235 -0.585266 0
    endloop
  endfacet
  facet normal 0.956943 0.290276 0
    outer loop
      vertex -2.77164 -1.14804 0.599999
      vertex -2.94235 -0.585266 0
      vertex -2.94235 -0.585266 0.599999
    endloop
  endfacet
  facet normal 0.956943 0.290276 0
    outer loop
      vertex -2.94235 -0.585266 0
      vertex -2.77164 -1.14804 0.599999
      vertex -2.77164 -1.14804 0
    endloop
  endfacet
  facet normal 0.881914 0.471411 0
    outer loop
      vertex -2.4944 -1.6667 0.599999
      vertex -2.77164 -1.14804 0
      vertex -2.77164 -1.14804 0.599999
    endloop
  endfacet
  facet normal 0.881914 0.471411 0
    outer loop
      vertex -2.77164 -1.14804 0
      vertex -2.4944 -1.6667 0.599999
      vertex -2.4944 -1.6667 0
    endloop
  endfacet
  facet normal 0.773009 0.634395 0
    outer loop
      vertex -2.12131 -2.12131 0.599999
      vertex -2.4944 -1.6667 0
      vertex -2.4944 -1.6667 0.599999
    endloop
  endfacet
  facet normal 0.773009 0.634395 0
    outer loop
      vertex -2.4944 -1.6667 0
      vertex -2.12131 -2.12131 0.599999
      vertex -2.12131 -2.12131 0
    endloop
  endfacet
  facet normal 0.634395 0.773009 -0
    outer loop
      vertex -1.6667 -2.4944 0
      vertex -2.12131 -2.12131 0.599999
      vertex -1.6667 -2.4944 0.599999
    endloop
  endfacet
  facet normal 0.634395 0.773009 0
    outer loop
      vertex -2.12131 -2.12131 0.599999
      vertex -1.6667 -2.4944 0
      vertex -2.12131 -2.12131 0
    endloop
  endfacet
  facet normal 0.471411 0.881914 -0
    outer loop
      vertex -1.14804 -2.77164 0
      vertex -1.6667 -2.4944 0.599999
      vertex -1.14804 -2.77164 0.599999
    endloop
  endfacet
  facet normal 0.471411 0.881914 0
    outer loop
      vertex -1.6667 -2.4944 0.599999
      vertex -1.14804 -2.77164 0
      vertex -1.6667 -2.4944 0
    endloop
  endfacet
  facet normal 0.290279 0.956942 -0
    outer loop
      vertex -0.883255 -2.85196 0
      vertex -1.14804 -2.77164 0.599999
      vertex -0.883255 -2.85196 0.599999
    endloop
  endfacet
  facet normal 0.290279 0.956942 0
    outer loop
      vertex -1.14804 -2.77164 0.599999
      vertex -0.883255 -2.85196 0
      vertex -1.14804 -2.77164 0
    endloop
  endfacet
  facet normal -0.13051 -0.991447 0
    outer loop
      vertex -1.54546 -2.76479 0
      vertex -0.883255 -2.85196 0.599999
      vertex -1.54546 -2.76479 0.599999
    endloop
  endfacet
  facet normal -0.13051 -0.991447 -0
    outer loop
      vertex -0.883255 -2.85196 0.599999
      vertex -1.54546 -2.76479 0
      vertex -0.883255 -2.85196 0
    endloop
  endfacet
  facet normal -0.471411 0.881914 0
    outer loop
      vertex 1.6667 -2.4944 0
      vertex 1.14804 -2.77164 0.599999
      vertex 1.6667 -2.4944 0.599999
    endloop
  endfacet
  facet normal -0.471411 0.881914 0
    outer loop
      vertex 1.14804 -2.77164 0.599999
      vertex 1.6667 -2.4944 0
      vertex 1.14804 -2.77164 0
    endloop
  endfacet
  facet normal -0.634395 0.773009 0
    outer loop
      vertex 2.12131 -2.12131 0
      vertex 1.6667 -2.4944 0.599999
      vertex 2.12131 -2.12131 0.599999
    endloop
  endfacet
  facet normal -0.634395 0.773009 0
    outer loop
      vertex 1.6667 -2.4944 0.599999
      vertex 2.12131 -2.12131 0
      vertex 1.6667 -2.4944 0
    endloop
  endfacet
  facet normal -0.773009 0.634395 0
    outer loop
      vertex 2.12131 -2.12131 0
      vertex 2.4944 -1.6667 0.599999
      vertex 2.4944 -1.6667 0
    endloop
  endfacet
  facet normal -0.773009 0.634395 0
    outer loop
      vertex 2.4944 -1.6667 0.599999
      vertex 2.12131 -2.12131 0
      vertex 2.12131 -2.12131 0.599999
    endloop
  endfacet
  facet normal -0.881914 0.471411 0
    outer loop
      vertex 2.4944 -1.6667 0
      vertex 2.77164 -1.14804 0.599999
      vertex 2.77164 -1.14804 0
    endloop
  endfacet
  facet normal -0.881914 0.471411 0
    outer loop
      vertex 2.77164 -1.14804 0.599999
      vertex 2.4944 -1.6667 0
      vertex 2.4944 -1.6667 0.599999
    endloop
  endfacet
  facet normal -0.956943 0.290276 0
    outer loop
      vertex 2.77164 -1.14804 0
      vertex 2.94235 -0.585266 0.599999
      vertex 2.94235 -0.585266 0
    endloop
  endfacet
  facet normal -0.956943 0.290276 0
    outer loop
      vertex 2.94235 -0.585266 0.599999
      vertex 2.77164 -1.14804 0
      vertex 2.77164 -1.14804 0.599999
    endloop
  endfacet
  facet normal -0.995184 0.0980278 0
    outer loop
      vertex 2.94235 -0.585266 0
      vertex 3 0 0.599999
      vertex 3 0 0
    endloop
  endfacet
  facet normal -0.995184 0.0980278 0
    outer loop
      vertex 3 0 0.599999
      vertex 2.94235 -0.585266 0
      vertex 2.94235 -0.585266 0.599999
    endloop
  endfacet
  facet normal -0.995184 -0.0980278 0
    outer loop
      vertex 3 0 0
      vertex 2.94235 0.585266 0.599999
      vertex 2.94235 0.585266 0
    endloop
  endfacet
  facet normal -0.995184 -0.0980278 0
    outer loop
      vertex 2.94235 0.585266 0.599999
      vertex 3 0 0
      vertex 3 0 0.599999
    endloop
  endfacet
  facet normal -0.956943 -0.290276 0
    outer loop
      vertex 2.94235 0.585266 0
      vertex 2.77164 1.14804 0.599999
      vertex 2.77164 1.14804 0
    endloop
  endfacet
  facet normal -0.956943 -0.290276 0
    outer loop
      vertex 2.77164 1.14804 0.599999
      vertex 2.94235 0.585266 0
      vertex 2.94235 0.585266 0.599999
    endloop
  endfacet
  facet normal -0.881914 -0.471411 0
    outer loop
      vertex 2.77164 1.14804 0
      vertex 2.4944 1.6667 0.599999
      vertex 2.4944 1.6667 0
    endloop
  endfacet
  facet normal -0.881914 -0.471411 0
    outer loop
      vertex 2.4944 1.6667 0.599999
      vertex 2.77164 1.14804 0
      vertex 2.77164 1.14804 0.599999
    endloop
  endfacet
  facet normal -0.773009 -0.634395 0
    outer loop
      vertex 2.4944 1.6667 0
      vertex 2.12131 2.12131 0.599999
      vertex 2.12131 2.12131 0
    endloop
  endfacet
  facet normal -0.773009 -0.634395 0
    outer loop
      vertex 2.12131 2.12131 0.599999
      vertex 2.4944 1.6667 0
      vertex 2.4944 1.6667 0.599999
    endloop
  endfacet
  facet normal -0.634395 -0.773009 0
    outer loop
      vertex 1.6667 2.4944 0
      vertex 2.12131 2.12131 0.599999
      vertex 1.6667 2.4944 0.599999
    endloop
  endfacet
  facet normal -0.634395 -0.773009 -0
    outer loop
      vertex 2.12131 2.12131 0.599999
      vertex 1.6667 2.4944 0
      vertex 2.12131 2.12131 0
    endloop
  endfacet
  facet normal -0.471411 -0.881914 0
    outer loop
      vertex 1.14804 2.77164 0
      vertex 1.6667 2.4944 0.599999
      vertex 1.14804 2.77164 0.599999
    endloop
  endfacet
  facet normal -0.471411 -0.881914 -0
    outer loop
      vertex 1.6667 2.4944 0.599999
      vertex 1.14804 2.77164 0
      vertex 1.6667 2.4944 0
    endloop
  endfacet
  facet normal -0.290279 -0.956942 0
    outer loop
      vertex 0.883255 2.85196 0
      vertex 1.14804 2.77164 0.599999
      vertex 0.883255 2.85196 0.599999
    endloop
  endfacet
  facet normal -0.290279 -0.956942 -0
    outer loop
      vertex 1.14804 2.77164 0.599999
      vertex 0.883255 2.85196 0
      vertex 1.14804 2.77164 0
    endloop
  endfacet
  facet normal 0.13051 0.991447 -0
    outer loop
      vertex 1.54546 2.76479 0
      vertex 0.883255 2.85196 0.599999
      vertex 1.54546 2.76479 0.599999
    endloop
  endfacet
  facet normal 0.13051 0.991447 0
    outer loop
      vertex 0.883255 2.85196 0.599999
      vertex 1.54546 2.76479 0
      vertex 0.883255 2.85196 0
    endloop
  endfacet
  facet normal 0.216453 0.976293 -0
    outer loop
      vertex 2.30348 2.59673 0
      vertex 1.54546 2.76479 0.599999
      vertex 2.30348 2.59673 0.599999
    endloop
  endfacet
  facet normal 0.216453 0.976293 0
    outer loop
      vertex 1.54546 2.76479 0.599999
      vertex 2.30348 2.59673 0
      vertex 1.54546 2.76479 0
    endloop
  endfacet
  facet normal 0.300707 0.953716 -0
    outer loop
      vertex 3.04398 2.36325 0
      vertex 2.30348 2.59673 0.599999
      vertex 3.04398 2.36325 0.599999
    endloop
  endfacet
  facet normal 0.300707 0.953716 0
    outer loop
      vertex 2.30348 2.59673 0.599999
      vertex 3.04398 2.36325 0
      vertex 2.30348 2.59673 0
    endloop
  endfacet
  facet normal 0.382684 0.923879 -0
    outer loop
      vertex 3.76129 2.06613 0
      vertex 3.04398 2.36325 0.599999
      vertex 3.76129 2.06613 0.599999
    endloop
  endfacet
  facet normal 0.382684 0.923879 0
    outer loop
      vertex 3.04398 2.36325 0.599999
      vertex 3.76129 2.06613 0
      vertex 3.04398 2.36325 0
    endloop
  endfacet
  facet normal 0.461749 0.887011 -0
    outer loop
      vertex 4.45 1.70761 0
      vertex 3.76129 2.06613 0.599999
      vertex 4.45 1.70761 0.599999
    endloop
  endfacet
  facet normal 0.461749 0.887011 0
    outer loop
      vertex 3.76129 2.06613 0.599999
      vertex 4.45 1.70761 0
      vertex 3.76129 2.06613 0
    endloop
  endfacet
  facet normal 0.537288 0.843399 -0
    outer loop
      vertex 5.10483 1.29045 0
      vertex 4.45 1.70761 0.599999
      vertex 5.10483 1.29045 0.599999
    endloop
  endfacet
  facet normal 0.537288 0.843399 0
    outer loop
      vertex 4.45 1.70761 0.599999
      vertex 5.10483 1.29045 0
      vertex 4.45 1.70761 0
    endloop
  endfacet
  facet normal 0.608771 0.793346 -0
    outer loop
      vertex 5.72079 0.817795 0
      vertex 5.10483 1.29045 0.599999
      vertex 5.72079 0.817795 0.599999
    endloop
  endfacet
  facet normal 0.608771 0.793346 0
    outer loop
      vertex 5.10483 1.29045 0.599999
      vertex 5.72079 0.817795 0
      vertex 5.10483 1.29045 0
    endloop
  endfacet
  facet normal 0.675589 0.737278 -0
    outer loop
      vertex 6.29324 0.293243 0
      vertex 5.72079 0.817795 0.599999
      vertex 6.29324 0.293243 0.599999
    endloop
  endfacet
  facet normal 0.675589 0.737278 0
    outer loop
      vertex 5.72079 0.817795 0.599999
      vertex 6.29324 0.293243 0
      vertex 5.72079 0.817795 0
    endloop
  endfacet
  facet normal 0.737274 0.675593 0
    outer loop
      vertex 6.56195 0 0.599999
      vertex 6.29324 0.293243 0
      vertex 6.29324 0.293243 0.599999
    endloop
  endfacet
  facet normal 0.737274 0.675593 0
    outer loop
      vertex 6.29324 0.293243 0
      vertex 6.56195 0 0.599999
      vertex 6.56195 0 0
    endloop
  endfacet
  facet normal 0.737274 -0.675593 0
    outer loop
      vertex 6.29324 -0.293243 0.599999
      vertex 6.56195 0 0
      vertex 6.56195 0 0.599999
    endloop
  endfacet
  facet normal 0.737274 -0.675593 0
    outer loop
      vertex 6.56195 0 0
      vertex 6.29324 -0.293243 0.599999
      vertex 6.29324 -0.293243 0
    endloop
  endfacet
  facet normal 0.675589 -0.737278 0
    outer loop
      vertex 5.72079 -0.817795 0
      vertex 6.29324 -0.293243 0.599999
      vertex 5.72079 -0.817795 0.599999
    endloop
  endfacet
  facet normal 0.675589 -0.737278 0
    outer loop
      vertex 6.29324 -0.293243 0.599999
      vertex 5.72079 -0.817795 0
      vertex 6.29324 -0.293243 0
    endloop
  endfacet
  facet normal 0.608771 -0.793346 0
    outer loop
      vertex 5.10483 -1.29045 0
      vertex 5.72079 -0.817795 0.599999
      vertex 5.10483 -1.29045 0.599999
    endloop
  endfacet
  facet normal 0.608771 -0.793346 0
    outer loop
      vertex 5.72079 -0.817795 0.599999
      vertex 5.10483 -1.29045 0
      vertex 5.72079 -0.817795 0
    endloop
  endfacet
  facet normal 0.537288 -0.843399 0
    outer loop
      vertex 4.45 -1.70761 0
      vertex 5.10483 -1.29045 0.599999
      vertex 4.45 -1.70761 0.599999
    endloop
  endfacet
  facet normal 0.537288 -0.843399 0
    outer loop
      vertex 5.10483 -1.29045 0.599999
      vertex 4.45 -1.70761 0
      vertex 5.10483 -1.29045 0
    endloop
  endfacet
  facet normal 0.461749 -0.887011 0
    outer loop
      vertex 3.76129 -2.06613 0
      vertex 4.45 -1.70761 0.599999
      vertex 3.76129 -2.06613 0.599999
    endloop
  endfacet
  facet normal 0.461749 -0.887011 0
    outer loop
      vertex 4.45 -1.70761 0.599999
      vertex 3.76129 -2.06613 0
      vertex 4.45 -1.70761 0
    endloop
  endfacet
  facet normal 0.382684 -0.923879 0
    outer loop
      vertex 3.04398 -2.36325 0
      vertex 3.76129 -2.06613 0.599999
      vertex 3.04398 -2.36325 0.599999
    endloop
  endfacet
  facet normal 0.382684 -0.923879 0
    outer loop
      vertex 3.76129 -2.06613 0.599999
      vertex 3.04398 -2.36325 0
      vertex 3.76129 -2.06613 0
    endloop
  endfacet
  facet normal 0.300707 -0.953716 0
    outer loop
      vertex 2.30348 -2.59673 0
      vertex 3.04398 -2.36325 0.599999
      vertex 2.30348 -2.59673 0.599999
    endloop
  endfacet
  facet normal 0.300707 -0.953716 0
    outer loop
      vertex 3.04398 -2.36325 0.599999
      vertex 2.30348 -2.59673 0
      vertex 3.04398 -2.36325 0
    endloop
  endfacet
  facet normal 0.216453 -0.976293 0
    outer loop
      vertex 1.54546 -2.76479 0
      vertex 2.30348 -2.59673 0.599999
      vertex 1.54546 -2.76479 0.599999
    endloop
  endfacet
  facet normal 0.216453 -0.976293 0
    outer loop
      vertex 2.30348 -2.59673 0.599999
      vertex 1.54546 -2.76479 0
      vertex 2.30348 -2.59673 0
    endloop
  endfacet
  facet normal 0.13051 -0.991447 0
    outer loop
      vertex 0.883255 -2.85196 0
      vertex 1.54546 -2.76479 0.599999
      vertex 0.883255 -2.85196 0.599999
    endloop
  endfacet
  facet normal 0.13051 -0.991447 0
    outer loop
      vertex 1.54546 -2.76479 0.599999
      vertex 0.883255 -2.85196 0
      vertex 1.54546 -2.76479 0
    endloop
  endfacet
  facet normal -0.290279 0.956942 0
    outer loop
      vertex 1.14804 -2.77164 0
      vertex 0.883255 -2.85196 0.599999
      vertex 1.14804 -2.77164 0.599999
    endloop
  endfacet
  facet normal -0.290279 0.956942 0
    outer loop
      vertex 0.883255 -2.85196 0.599999
      vertex 1.14804 -2.77164 0
      vertex 0.883255 -2.85196 0
    endloop
  endfacet
  facet normal -0.454009 -0.890997 0
    outer loop
      vertex -1.11679 -1.53712 0
      vertex -0.587128 -1.80701 0.599999
      vertex -1.11679 -1.53712 0.599999
    endloop
  endfacet
  facet normal -0.454009 -0.890997 -0
    outer loop
      vertex -0.587128 -1.80701 0.599999
      vertex -1.11679 -1.53712 0
      vertex -0.587128 -1.80701 0
    endloop
  endfacet
  facet normal -0.707107 -0.707107 0
    outer loop
      vertex -1.11679 -1.53712 0
      vertex -1.53712 -1.11679 0.599999
      vertex -1.53712 -1.11679 0
    endloop
  endfacet
  facet normal -0.707107 -0.707107 0
    outer loop
      vertex -1.53712 -1.11679 0.599999
      vertex -1.11679 -1.53712 0
      vertex -1.11679 -1.53712 0.599999
    endloop
  endfacet
  facet normal -0.890997 -0.454009 0
    outer loop
      vertex -1.53712 -1.11679 0
      vertex -1.80701 -0.587128 0.599999
      vertex -1.80701 -0.587128 0
    endloop
  endfacet
  facet normal -0.890997 -0.454009 0
    outer loop
      vertex -1.80701 -0.587128 0.599999
      vertex -1.53712 -1.11679 0
      vertex -1.53712 -1.11679 0.599999
    endloop
  endfacet
  facet normal -0.987691 -0.156415 0
    outer loop
      vertex -1.80701 -0.587128 0
      vertex -1.89999 0 0.599999
      vertex -1.89999 0 0
    endloop
  endfacet
  facet normal -0.987691 -0.156415 0
    outer loop
      vertex -1.89999 0 0.599999
      vertex -1.80701 -0.587128 0
      vertex -1.80701 -0.587128 0.599999
    endloop
  endfacet
  facet normal -0.987691 0.156415 0
    outer loop
      vertex -1.89999 0 0
      vertex -1.80701 0.587128 0.599999
      vertex -1.80701 0.587128 0
    endloop
  endfacet
  facet normal -0.987691 0.156415 0
    outer loop
      vertex -1.80701 0.587128 0.599999
      vertex -1.89999 0 0
      vertex -1.89999 0 0.599999
    endloop
  endfacet
  facet normal -0.890997 0.454009 0
    outer loop
      vertex -1.80701 0.587128 0
      vertex -1.53712 1.11679 0.599999
      vertex -1.53712 1.11679 0
    endloop
  endfacet
  facet normal -0.890997 0.454009 0
    outer loop
      vertex -1.53712 1.11679 0.599999
      vertex -1.80701 0.587128 0
      vertex -1.80701 0.587128 0.599999
    endloop
  endfacet
  facet normal -0.707107 0.707107 0
    outer loop
      vertex -1.53712 1.11679 0
      vertex -1.11679 1.53712 0.599999
      vertex -1.11679 1.53712 0
    endloop
  endfacet
  facet normal -0.707107 0.707107 0
    outer loop
      vertex -1.11679 1.53712 0.599999
      vertex -1.53712 1.11679 0
      vertex -1.53712 1.11679 0.599999
    endloop
  endfacet
  facet normal -0.454009 0.890997 0
    outer loop
      vertex -0.587128 1.80701 0
      vertex -1.11679 1.53712 0.599999
      vertex -0.587128 1.80701 0.599999
    endloop
  endfacet
  facet normal -0.454009 0.890997 0
    outer loop
      vertex -1.11679 1.53712 0.599999
      vertex -0.587128 1.80701 0
      vertex -1.11679 1.53712 0
    endloop
  endfacet
  facet normal -0.156415 0.987691 0
    outer loop
      vertex 0 1.89999 0
      vertex -0.587128 1.80701 0.599999
      vertex 0 1.89999 0.599999
    endloop
  endfacet
  facet normal -0.156415 0.987691 0
    outer loop
      vertex -0.587128 1.80701 0.599999
      vertex 0 1.89999 0
      vertex -0.587128 1.80701 0
    endloop
  endfacet
  facet normal 0.156415 0.987691 -0
    outer loop
      vertex 0.587128 1.80701 0
      vertex 0 1.89999 0.599999
      vertex 0.587128 1.80701 0.599999
    endloop
  endfacet
  facet normal 0.156415 0.987691 0
    outer loop
      vertex 0 1.89999 0.599999
      vertex 0.587128 1.80701 0
      vertex 0 1.89999 0
    endloop
  endfacet
  facet normal 0.454009 0.890997 -0
    outer loop
      vertex 1.11679 1.53712 0
      vertex 0.587128 1.80701 0.599999
      vertex 1.11679 1.53712 0.599999
    endloop
  endfacet
  facet normal 0.454009 0.890997 0
    outer loop
      vertex 0.587128 1.80701 0.599999
      vertex 1.11679 1.53712 0
      vertex 0.587128 1.80701 0
    endloop
  endfacet
  facet normal 0.707107 0.707107 0
    outer loop
      vertex 1.53712 1.11679 0.599999
      vertex 1.11679 1.53712 0
      vertex 1.11679 1.53712 0.599999
    endloop
  endfacet
  facet normal 0.707107 0.707107 0
    outer loop
      vertex 1.11679 1.53712 0
      vertex 1.53712 1.11679 0.599999
      vertex 1.53712 1.11679 0
    endloop
  endfacet
  facet normal 0.890997 0.454009 0
    outer loop
      vertex 1.80701 0.587128 0.599999
      vertex 1.53712 1.11679 0
      vertex 1.53712 1.11679 0.599999
    endloop
  endfacet
  facet normal 0.890997 0.454009 0
    outer loop
      vertex 1.53712 1.11679 0
      vertex 1.80701 0.587128 0.599999
      vertex 1.80701 0.587128 0
    endloop
  endfacet
  facet normal 0.987691 0.156415 0
    outer loop
      vertex 1.89999 0 0.599999
      vertex 1.80701 0.587128 0
      vertex 1.80701 0.587128 0.599999
    endloop
  endfacet
  facet normal 0.987691 0.156415 0
    outer loop
      vertex 1.80701 0.587128 0
      vertex 1.89999 0 0.599999
      vertex 1.89999 0 0
    endloop
  endfacet
  facet normal 0.987691 -0.156415 0
    outer loop
      vertex 1.80701 -0.587128 0.599999
      vertex 1.89999 0 0
      vertex 1.89999 0 0.599999
    endloop
  endfacet
  facet normal 0.987691 -0.156415 0
    outer loop
      vertex 1.89999 0 0
      vertex 1.80701 -0.587128 0.599999
      vertex 1.80701 -0.587128 0
    endloop
  endfacet
  facet normal 0.890997 -0.454009 0
    outer loop
      vertex 1.53712 -1.11679 0.599999
      vertex 1.80701 -0.587128 0
      vertex 1.80701 -0.587128 0.599999
    endloop
  endfacet
  facet normal 0.890997 -0.454009 0
    outer loop
      vertex 1.80701 -0.587128 0
      vertex 1.53712 -1.11679 0.599999
      vertex 1.53712 -1.11679 0
    endloop
  endfacet
  facet normal 0.707107 -0.707107 0
    outer loop
      vertex 1.11679 -1.53712 0.599999
      vertex 1.53712 -1.11679 0
      vertex 1.53712 -1.11679 0.599999
    endloop
  endfacet
  facet normal 0.707107 -0.707107 0
    outer loop
      vertex 1.53712 -1.11679 0
      vertex 1.11679 -1.53712 0.599999
      vertex 1.11679 -1.53712 0
    endloop
  endfacet
  facet normal 0.454009 -0.890997 0
    outer loop
      vertex 0.587128 -1.80701 0
      vertex 1.11679 -1.53712 0.599999
      vertex 0.587128 -1.80701 0.599999
    endloop
  endfacet
  facet normal 0.454009 -0.890997 0
    outer loop
      vertex 1.11679 -1.53712 0.599999
      vertex 0.587128 -1.80701 0
      vertex 1.11679 -1.53712 0
    endloop
  endfacet
  facet normal 0.156415 -0.987691 0
    outer loop
      vertex 0 -1.89999 0
      vertex 0.587128 -1.80701 0.599999
      vertex 0 -1.89999 0.599999
    endloop
  endfacet
  facet normal 0.156415 -0.987691 0
    outer loop
      vertex 0.587128 -1.80701 0.599999
      vertex 0 -1.89999 0
      vertex 0.587128 -1.80701 0
    endloop
  endfacet
  facet normal -0.156415 -0.987691 0
    outer loop
      vertex -0.587128 -1.80701 0
      vertex 0 -1.89999 0.599999
      vertex -0.587128 -1.80701 0.599999
    endloop
  endfacet
  facet normal -0.156415 -0.987691 -0
    outer loop
      vertex 0 -1.89999 0.599999
      vertex -0.587128 -1.80701 0
      vertex 0 -1.89999 0
    endloop
  endfacet
  facet normal -0.654845 0.755763 0
    outer loop
      vertex 0.883316 -0.567673 0
      vertex 0.436172 -0.955109 0.599999
      vertex 0.883316 -0.567673 0.599999
    endloop
  endfacet
  facet normal -0.654845 0.755763 0
    outer loop
      vertex 0.436172 -0.955109 0.599999
      vertex 0.883316 -0.567673 0
      vertex 0.436172 -0.955109 0
    endloop
  endfacet
  facet normal -0.959497 0.281717 0
    outer loop
      vertex 0.883316 -0.567673 0
      vertex 1.04999 0 0.599999
      vertex 1.04999 0 0
    endloop
  endfacet
  facet normal -0.959497 0.281717 0
    outer loop
      vertex 1.04999 0 0.599999
      vertex 0.883316 -0.567673 0
      vertex 0.883316 -0.567673 0.599999
    endloop
  endfacet
  facet normal -0.959497 -0.281717 0
    outer loop
      vertex 1.04999 0 0
      vertex 0.883316 0.567673 0.599999
      vertex 0.883316 0.567673 0
    endloop
  endfacet
  facet normal -0.959497 -0.281717 0
    outer loop
      vertex 0.883316 0.567673 0.599999
      vertex 1.04999 0 0
      vertex 1.04999 0 0.599999
    endloop
  endfacet
  facet normal -0.654845 -0.755763 0
    outer loop
      vertex 0.436172 0.955109 0
      vertex 0.883316 0.567673 0.599999
      vertex 0.436172 0.955109 0.599999
    endloop
  endfacet
  facet normal -0.654845 -0.755763 -0
    outer loop
      vertex 0.883316 0.567673 0.599999
      vertex 0.436172 0.955109 0
      vertex 0.883316 0.567673 0
    endloop
  endfacet
  facet normal -0.142322 -0.98982 0
    outer loop
      vertex -0.149429 1.03931 0
      vertex 0.436172 0.955109 0.599999
      vertex -0.149429 1.03931 0.599999
    endloop
  endfacet
  facet normal -0.142322 -0.98982 -0
    outer loop
      vertex 0.436172 0.955109 0.599999
      vertex -0.149429 1.03931 0
      vertex 0.436172 0.955109 0
    endloop
  endfacet
  facet normal 0.415424 -0.909628 0
    outer loop
      vertex -0.687592 0.793533 0
      vertex -0.149429 1.03931 0.599999
      vertex -0.687592 0.793533 0.599999
    endloop
  endfacet
  facet normal 0.415424 -0.909628 0
    outer loop
      vertex -0.149429 1.03931 0.599999
      vertex -0.687592 0.793533 0
      vertex -0.149429 1.03931 0
    endloop
  endfacet
  facet normal 0.841254 -0.54064 0
    outer loop
      vertex -1.00746 0.295807 0.599999
      vertex -0.687592 0.793533 0
      vertex -0.687592 0.793533 0.599999
    endloop
  endfacet
  facet normal 0.841254 -0.54064 0
    outer loop
      vertex -0.687592 0.793533 0
      vertex -1.00746 0.295807 0.599999
      vertex -1.00746 0.295807 0
    endloop
  endfacet
  facet normal 1 -0 0
    outer loop
      vertex -1.00746 -0.295807 0.599999
      vertex -1.00746 0.295807 0
      vertex -1.00746 0.295807 0.599999
    endloop
  endfacet
  facet normal 1 0 0
    outer loop
      vertex -1.00746 0.295807 0
      vertex -1.00746 -0.295807 0.599999
      vertex -1.00746 -0.295807 0
    endloop
  endfacet
  facet normal 0.841254 0.54064 0
    outer loop
      vertex -0.687592 -0.793533 0.599999
      vertex -1.00746 -0.295807 0
      vertex -1.00746 -0.295807 0.599999
    endloop
  endfacet
  facet normal 0.841254 0.54064 0
    outer loop
      vertex -1.00746 -0.295807 0
      vertex -0.687592 -0.793533 0.599999
      vertex -0.687592 -0.793533 0
    endloop
  endfacet
  facet normal 0.415424 0.909628 -0
    outer loop
      vertex -0.149429 -1.03931 0
      vertex -0.687592 -0.793533 0.599999
      vertex -0.149429 -1.03931 0.599999
    endloop
  endfacet
  facet normal 0.415424 0.909628 0
    outer loop
      vertex -0.687592 -0.793533 0.599999
      vertex -0.149429 -1.03931 0
      vertex -0.687592 -0.793533 0
    endloop
  endfacet
  facet normal -0.142322 0.98982 0
    outer loop
      vertex 0.436172 -0.955109 0
      vertex -0.149429 -1.03931 0.599999
      vertex 0.436172 -0.955109 0.599999
    endloop
  endfacet
  facet normal -0.142322 0.98982 0
    outer loop
      vertex -0.149429 -1.03931 0.599999
      vertex 0.436172 -0.955109 0
      vertex -0.149429 -1.03931 0
    endloop
  endfacet
endsolid OpenSCAD_Model
