solid OpenSCAD_Model
  facet normal 0 0 -1
    outer loop
      vertex -10 -46.9017 0
      vertex -3 -43.5 0
      vertex -3 -58 0
    endloop
  endfacet
  facet normal -0 0 -1
    outer loop
      vertex -3 -43.5 0
      vertex -10 -46.9017 0
      vertex -6.36087 -43.5 0
    endloop
  endfacet
  facet normal 0 0 -1
    outer loop
      vertex -10 -46.9017 0
      vertex -3 -58 0
      vertex -10 -58 0
    endloop
  endfacet
  facet normal -0 0 -1
    outer loop
      vertex -6.36087 -43.5 0
      vertex -10 -46.9017 0
      vertex -7.64052 -43.3315 0
    endloop
  endfacet
  facet normal 0 0 -1
    outer loop
      vertex -10 -46.9017 0
      vertex -11.388 -42.5007 0
      vertex -7.64052 -43.3315 0
    endloop
  endfacet
  facet normal 0 0 -1
    outer loop
      vertex -12.4233 -46.3644 0
      vertex -11.388 -42.5007 0
      vertex -10 -46.9017 0
    endloop
  endfacet
  facet normal 0 0 -1
    outer loop
      vertex -12.4233 -46.3644 0
      vertex -15.0489 -41.3465 0
      vertex -11.388 -42.5007 0
    endloop
  endfacet
  facet normal 0 0 -1
    outer loop
      vertex -16.417 -45.1052 0
      vertex -15.0489 -41.3465 0
      vertex -12.4233 -46.3644 0
    endloop
  endfacet
  facet normal 0 0 -1
    outer loop
      vertex -16.417 -45.1052 0
      vertex -18.5952 -39.8775 0
      vertex -15.0489 -41.3465 0
    endloop
  endfacet
  facet normal 0 0 -1
    outer loop
      vertex -20.2857 -43.5028 0
      vertex -18.5952 -39.8775 0
      vertex -16.417 -45.1052 0
    endloop
  endfacet
  facet normal 0 0 -1
    outer loop
      vertex -20.2857 -43.5028 0
      vertex -22 -38.1051 0
      vertex -18.5952 -39.8775 0
    endloop
  endfacet
  facet normal 0 0 -1
    outer loop
      vertex -24 -41.5692 0
      vertex -22 -38.1051 0
      vertex -20.2857 -43.5028 0
    endloop
  endfacet
  facet normal 0 0 -1
    outer loop
      vertex -24 -41.5692 0
      vertex -25.2374 -36.0427 0
      vertex -22 -38.1051 0
    endloop
  endfacet
  facet normal 0 0 -1
    outer loop
      vertex -27.5317 -39.3193 0
      vertex -25.2374 -36.0427 0
      vertex -24 -41.5692 0
    endloop
  endfacet
  facet normal 0 0 -1
    outer loop
      vertex -27.5317 -39.3193 0
      vertex -28.2827 -33.7059 0
      vertex -25.2374 -36.0427 0
    endloop
  endfacet
  facet normal 0 0 -1
    outer loop
      vertex -30.8538 -36.7701 0
      vertex -28.2827 -33.7059 0
      vertex -27.5317 -39.3193 0
    endloop
  endfacet
  facet normal 0 0 -1
    outer loop
      vertex -30.8538 -36.7701 0
      vertex -31.1127 -31.1127 0
      vertex -28.2827 -33.7059 0
    endloop
  endfacet
  facet normal 0 0 -1
    outer loop
      vertex -33.9411 -33.9411 0
      vertex -31.1127 -31.1127 0
      vertex -30.8538 -36.7701 0
    endloop
  endfacet
  facet normal -0 0 -1
    outer loop
      vertex -31.1127 -31.1127 0
      vertex -33.9411 -33.9411 0
      vertex -33.7059 -28.2827 0
    endloop
  endfacet
  facet normal 0 0 -1
    outer loop
      vertex -36.7701 -30.8538 0
      vertex -33.7059 -28.2827 0
      vertex -33.9411 -33.9411 0
    endloop
  endfacet
  facet normal -0 0 -1
    outer loop
      vertex -33.7059 -28.2827 0
      vertex -36.7701 -30.8538 0
      vertex -36.0427 -25.2374 0
    endloop
  endfacet
  facet normal 0 0 -1
    outer loop
      vertex -39.3193 -27.5317 0
      vertex -36.0427 -25.2374 0
      vertex -36.7701 -30.8538 0
    endloop
  endfacet
  facet normal -0 0 -1
    outer loop
      vertex 5.73576 8.19151 0
      vertex 1.01822 1.76362 0
      vertex 5 8.66025 0
    endloop
  endfacet
  facet normal -0 0 -1
    outer loop
      vertex 5 8.66025 0
      vertex 1.01822 1.76362 0
      vertex 4.22618 9.06306 0
    endloop
  endfacet
  facet normal 0 0 -1
    outer loop
      vertex -1.16469 4.34667 0
      vertex 4.22618 9.06306 0
      vertex 1.01822 1.76362 0
    endloop
  endfacet
  facet normal -0 0 -1
    outer loop
      vertex 4.22618 9.06306 0
      vertex -1.16469 4.34667 0
      vertex 3.4202 9.39691 0
    endloop
  endfacet
  facet normal 0 0 -1
    outer loop
      vertex -2.5 22.9144 0
      vertex 2.5 22.9144 0
      vertex 2.5 9.6788 0
    endloop
  endfacet
  facet normal 0 0 -1
    outer loop
      vertex 2.5 22.9144 0
      vertex -2.5 22.9144 0
      vertex 2.5 25.1313 0
    endloop
  endfacet
  facet normal 0 0 -1
    outer loop
      vertex -2.5 25.1313 0
      vertex 2.5 25.1313 0
      vertex -2.5 22.9144 0
    endloop
  endfacet
  facet normal 0 0 -1
    outer loop
      vertex -2.5 37.1242 0
      vertex 2.5 37.1242 0
      vertex -2.5 25.1313 0
    endloop
  endfacet
  facet normal -0 0 -1
    outer loop
      vertex 2.58818 9.65926 0
      vertex -1.16469 4.34667 0
      vertex 2.5 9.6788 0
    endloop
  endfacet
  facet normal -0 0 -1
    outer loop
      vertex 3.4202 9.39691 0
      vertex -1.16469 4.34667 0
      vertex 2.58818 9.65926 0
    endloop
  endfacet
  facet normal 0 0 -1
    outer loop
      vertex -33.7449 15.7355 0
      vertex -35.7387 16.6652 0
      vertex -35.3057 17.497 0
    endloop
  endfacet
  facet normal 0 0 -1
    outer loop
      vertex -37.0552 13.487 0
      vertex -34.9879 12.7345 0
      vertex -35.9646 9.63669 0
    endloop
  endfacet
  facet normal 0 0 -1
    outer loop
      vertex -38.0897 10.2061 0
      vertex -35.9646 9.63669 0
      vertex -36.6677 6.4655 0
    endloop
  endfacet
  facet normal 0 0 -1
    outer loop
      vertex -34.9879 12.7345 0
      vertex -37.0552 13.487 0
      vertex -35.7387 16.6652 0
    endloop
  endfacet
  facet normal 0 0 -1
    outer loop
      vertex -38.8342 6.84752 0
      vertex -36.6677 6.4655 0
      vertex -37.0916 3.24509 0
    endloop
  endfacet
  facet normal 0 0 -1
    outer loop
      vertex -39.2833 3.43683 0
      vertex -37.0916 3.24509 0
      vertex -37.2333 0 0
    endloop
  endfacet
  facet normal 0 0 -1
    outer loop
      vertex -39.2833 -3.43683 0
      vertex -37.0916 -3.24509 0
      vertex -38.8342 -6.84752 0
    endloop
  endfacet
  facet normal 0 0 -1
    outer loop
      vertex -35.9646 9.63669 0
      vertex -38.0897 10.2061 0
      vertex -37.0552 13.487 0
    endloop
  endfacet
  facet normal -0 0 -1
    outer loop
      vertex -37.0916 -3.24509 0
      vertex -39.2833 -3.43683 0
      vertex -37.2333 0 0
    endloop
  endfacet
  facet normal 0 0 -1
    outer loop
      vertex -36.6677 6.4655 0
      vertex -38.8342 6.84752 0
      vertex -38.0897 10.2061 0
    endloop
  endfacet
  facet normal 0 0 -1
    outer loop
      vertex -39.4333 0 0
      vertex -37.2333 0 0
      vertex -39.2833 -3.43683 0
    endloop
  endfacet
  facet normal 0 0 -1
    outer loop
      vertex -37.0916 3.24509 0
      vertex -39.2833 3.43683 0
      vertex -38.8342 6.84752 0
    endloop
  endfacet
  facet normal 0 0 -1
    outer loop
      vertex -37.2333 0 0
      vertex -39.4333 0 0
      vertex -39.2833 3.43683 0
    endloop
  endfacet
  facet normal -0 0 -1
    outer loop
      vertex -33.7449 -15.7355 0
      vertex -35.7387 -16.6652 0
      vertex -34.9879 -12.7345 0
    endloop
  endfacet
  facet normal 0 0 -1
    outer loop
      vertex -37.0552 -13.487 0
      vertex -34.9879 -12.7345 0
      vertex -35.7387 -16.6652 0
    endloop
  endfacet
  facet normal -0 0 -1
    outer loop
      vertex -34.9879 -12.7345 0
      vertex -37.0552 -13.487 0
      vertex -35.9646 -9.63669 0
    endloop
  endfacet
  facet normal 0 0 -1
    outer loop
      vertex -38.0897 -10.2061 0
      vertex -35.9646 -9.63669 0
      vertex -37.0552 -13.487 0
    endloop
  endfacet
  facet normal -0 0 -1
    outer loop
      vertex -35.9646 -9.63669 0
      vertex -38.0897 -10.2061 0
      vertex -36.6677 -6.4655 0
    endloop
  endfacet
  facet normal 0 0 -1
    outer loop
      vertex -38.8342 -6.84752 0
      vertex -36.6677 -6.4655 0
      vertex -38.0897 -10.2061 0
    endloop
  endfacet
  facet normal -0 0 -1
    outer loop
      vertex -36.6677 -6.4655 0
      vertex -38.8342 -6.84752 0
      vertex -37.0916 -3.24509 0
    endloop
  endfacet
  facet normal 0 0 -1
    outer loop
      vertex -25.1705 2.20213 0
      vertex -22.9789 2.01039 0
      vertex -23.0667 0 0
    endloop
  endfacet
  facet normal -0 0 -1
    outer loop
      vertex -22.7162 -4.00548 0
      vertex -24.8828 -4.3875 0
      vertex -22.9789 -2.01039 0
    endloop
  endfacet
  facet normal 0 0 -1
    outer loop
      vertex -22.9789 2.01039 0
      vertex -23.7429 8.64171 0
      vertex -23.0143 10.4006 0
    endloop
  endfacet
  facet normal 0 0 -1
    outer loop
      vertex -25.1705 -2.20213 0
      vertex -22.9789 -2.01039 0
      vertex -24.8828 -4.3875 0
    endloop
  endfacet
  facet normal 0 0 -1
    outer loop
      vertex -22.9789 2.01039 0
      vertex -24.4057 6.53949 0
      vertex -23.7429 8.64171 0
    endloop
  endfacet
  facet normal -0 0 -1
    outer loop
      vertex -22.9789 -2.01039 0
      vertex -25.1705 -2.20213 0
      vertex -23.0667 0 0
    endloop
  endfacet
  facet normal 0 0 -1
    outer loop
      vertex -22.9789 2.01039 0
      vertex -24.8828 4.3875 0
      vertex -24.4057 6.53949 0
    endloop
  endfacet
  facet normal 0 0 -1
    outer loop
      vertex -25.2667 0 0
      vertex -23.0667 0 0
      vertex -25.1705 -2.20213 0
    endloop
  endfacet
  facet normal 0 0 -1
    outer loop
      vertex -22.9789 2.01039 0
      vertex -25.1705 2.20213 0
      vertex -24.8828 4.3875 0
    endloop
  endfacet
  facet normal 0 0 -1
    outer loop
      vertex -23.0667 0 0
      vertex -25.2667 0 0
      vertex -25.1705 2.20213 0
    endloop
  endfacet
  facet normal -0 0 -1
    outer loop
      vertex -22.2807 -5.97008 0
      vertex -24.4057 -6.53949 0
      vertex -22.7162 -4.00548 0
    endloop
  endfacet
  facet normal 0 0 -1
    outer loop
      vertex -24.8828 -4.3875 0
      vertex -22.7162 -4.00548 0
      vertex -24.4057 -6.53949 0
    endloop
  endfacet
  facet normal 0 0 -1
    outer loop
      vertex -9.84807 -1.73648 0
      vertex -4.34667 -1.16469 0
      vertex -9.65926 -2.58818 0
    endloop
  endfacet
  facet normal 0 0 -1
    outer loop
      vertex -9.96194 -0.871552 0
      vertex -4.34667 -1.16469 0
      vertex -9.84807 -1.73648 0
    endloop
  endfacet
  facet normal 0 -0 -1
    outer loop
      vertex -9.65926 2.58818 0
      vertex -4.34667 -1.16469 0
      vertex -9.84807 1.73648 0
    endloop
  endfacet
  facet normal 0 0 -1
    outer loop
      vertex -4.34667 -1.16469 0
      vertex -9.65926 2.58818 0
      vertex -9.63208 2.67435 0
    endloop
  endfacet
  facet normal 0 0 -1
    outer loop
      vertex -10 0 0
      vertex -4.34667 -1.16469 0
      vertex -9.96194 -0.871552 0
    endloop
  endfacet
  facet normal 0 0 -1
    outer loop
      vertex -4.34667 -1.16469 0
      vertex -9.96194 0.871552 0
      vertex -9.84807 1.73648 0
    endloop
  endfacet
  facet normal 0 0 -1
    outer loop
      vertex -4.34667 -1.16469 0
      vertex -10 0 0
      vertex -9.96194 0.871552 0
    endloop
  endfacet
  facet normal 0 0 -1
    outer loop
      vertex -1.76362 1.01822 0
      vertex -9.63208 2.67435 0
      vertex -7.13208 7.00446 0
    endloop
  endfacet
  facet normal 0 0 -1
    outer loop
      vertex -9.63208 2.67435 0
      vertex -18.5945 13.6223 0
      vertex -7.13208 7.00446 0
    endloop
  endfacet
  facet normal 0 0 -1
    outer loop
      vertex -18.5945 13.6223 0
      vertex -20.5143 14.7307 0
      vertex -19.3554 16.2411 0
    endloop
  endfacet
  facet normal 0 0 -1
    outer loop
      vertex -21.0945 9.29214 0
      vertex -18.5945 13.6223 0
      vertex -9.63208 2.67435 0
    endloop
  endfacet
  facet normal -0 0 -1
    outer loop
      vertex -18.5945 13.6223 0
      vertex -21.0945 9.29214 0
      vertex -20.5143 14.7307 0
    endloop
  endfacet
  facet normal 0 0 -1
    outer loop
      vertex -23.0143 10.4006 0
      vertex -21.0945 9.29214 0
      vertex -21.6756 7.88925 0
    endloop
  endfacet
  facet normal 0 0 -1
    outer loop
      vertex -23.0143 10.4006 0
      vertex -21.6756 7.88925 0
      vertex -22.2807 5.97008 0
    endloop
  endfacet
  facet normal 0 0 -1
    outer loop
      vertex -23.0143 10.4006 0
      vertex -22.2807 5.97008 0
      vertex -22.7162 4.00548 0
    endloop
  endfacet
  facet normal 0 0 -1
    outer loop
      vertex -23.0143 10.4006 0
      vertex -22.7162 4.00548 0
      vertex -22.9789 2.01039 0
    endloop
  endfacet
  facet normal 0 0 -1
    outer loop
      vertex -21.0945 9.29214 0
      vertex -23.0143 10.4006 0
      vertex -20.5143 14.7307 0
    endloop
  endfacet
  facet normal 0 0 -1
    outer loop
      vertex -23.0143 10.4006 0
      vertex -30.9005 20.7271 0
      vertex -20.5143 14.7307 0
    endloop
  endfacet
  facet normal 0 0 -1
    outer loop
      vertex -30.9005 20.7271 0
      vertex -32.8057 21.8271 0
      vertex -32.3019 22.618 0
    endloop
  endfacet
  facet normal 0 0 -1
    outer loop
      vertex -33.4005 16.397 0
      vertex -30.9005 20.7271 0
      vertex -23.0143 10.4006 0
    endloop
  endfacet
  facet normal -0 0 -1
    outer loop
      vertex -30.9005 20.7271 0
      vertex -33.4005 16.397 0
      vertex -32.8057 21.8271 0
    endloop
  endfacet
  facet normal 0 0 -1
    outer loop
      vertex -35.3057 17.497 0
      vertex -33.4005 16.397 0
      vertex -33.7449 15.7355 0
    endloop
  endfacet
  facet normal 0 0 -1
    outer loop
      vertex -35.7387 16.6652 0
      vertex -33.7449 15.7355 0
      vertex -34.9879 12.7345 0
    endloop
  endfacet
  facet normal 0 0 -1
    outer loop
      vertex -33.4005 16.397 0
      vertex -35.3057 17.497 0
      vertex -32.8057 21.8271 0
    endloop
  endfacet
  facet normal 0 0 -1
    outer loop
      vertex -35.3057 17.497 0
      vertex -36.7606 24.1105 0
      vertex -32.8057 21.8271 0
    endloop
  endfacet
  facet normal 0 0 -1
    outer loop
      vertex -39.2606 19.7803 0
      vertex -36.7606 24.1105 0
      vertex -35.3057 17.497 0
    endloop
  endfacet
  facet normal 0 0 -1
    outer loop
      vertex -41.5692 24 0
      vertex -36.7606 24.1105 0
      vertex -39.2606 19.7803 0
    endloop
  endfacet
  facet normal 0 0 -1
    outer loop
      vertex -36.7606 24.1105 0
      vertex -39.3193 27.5317 0
      vertex -36.7701 30.8538 0
    endloop
  endfacet
  facet normal 0 0 -1
    outer loop
      vertex -43.5028 20.2857 0
      vertex -39.2606 19.7803 0
      vertex -39.8775 18.5952 0
    endloop
  endfacet
  facet normal 0 0 -1
    outer loop
      vertex -43.5028 20.2857 0
      vertex -39.8775 18.5952 0
      vertex -41.3465 15.0489 0
    endloop
  endfacet
  facet normal -0 0 -1
    outer loop
      vertex -36.7606 24.1105 0
      vertex -41.5692 24 0
      vertex -39.3193 27.5317 0
    endloop
  endfacet
  facet normal 0 0 -1
    outer loop
      vertex -45.1052 16.417 0
      vertex -41.3465 15.0489 0
      vertex -42.5007 11.388 0
    endloop
  endfacet
  facet normal 0 0 -1
    outer loop
      vertex -46.3644 12.4233 0
      vertex -42.5007 11.388 0
      vertex -43.3315 7.64052 0
    endloop
  endfacet
  facet normal 0 0 -1
    outer loop
      vertex -39.2606 19.7803 0
      vertex -43.5028 20.2857 0
      vertex -41.5692 24 0
    endloop
  endfacet
  facet normal 0 0 -1
    outer loop
      vertex -47.2708 8.3351 0
      vertex -43.3315 7.64052 0
      vertex -43.8326 3.83484 0
    endloop
  endfacet
  facet normal 0 0 -1
    outer loop
      vertex -47.8173 4.18347 0
      vertex -43.8326 3.83484 0
      vertex -44 0 0
    endloop
  endfacet
  facet normal -0 0 -1
    outer loop
      vertex -43.3315 -7.64052 0
      vertex -47.2708 -8.3351 0
      vertex -43.8326 -3.83484 0
    endloop
  endfacet
  facet normal 0 0 -1
    outer loop
      vertex -41.3465 15.0489 0
      vertex -45.1052 16.417 0
      vertex -43.5028 20.2857 0
    endloop
  endfacet
  facet normal 0 0 -1
    outer loop
      vertex -47.8173 -4.18347 0
      vertex -43.8326 -3.83484 0
      vertex -47.2708 -8.3351 0
    endloop
  endfacet
  facet normal 0 0 -1
    outer loop
      vertex -42.5007 11.388 0
      vertex -46.3644 12.4233 0
      vertex -45.1052 16.417 0
    endloop
  endfacet
  facet normal -0 0 -1
    outer loop
      vertex -43.8326 -3.83484 0
      vertex -47.8173 -4.18347 0
      vertex -44 0 0
    endloop
  endfacet
  facet normal 0 0 -1
    outer loop
      vertex -43.3315 7.64052 0
      vertex -47.2708 8.3351 0
      vertex -46.3644 12.4233 0
    endloop
  endfacet
  facet normal 0 0 -1
    outer loop
      vertex -48 0 0
      vertex -44 0 0
      vertex -47.8173 -4.18347 0
    endloop
  endfacet
  facet normal 0 0 -1
    outer loop
      vertex -43.8326 3.83484 0
      vertex -47.8173 4.18347 0
      vertex -47.2708 8.3351 0
    endloop
  endfacet
  facet normal 0 0 -1
    outer loop
      vertex -44 0 0
      vertex -48 0 0
      vertex -47.8173 4.18347 0
    endloop
  endfacet
  facet normal 0 0 -1
    outer loop
      vertex -3.24509 37.0916 0
      vertex -2.5 39.3242 0
      vertex -2.5 37.1242 0
    endloop
  endfacet
  facet normal 0 0 -1
    outer loop
      vertex -3.24509 37.0916 0
      vertex -3.43683 39.2833 0
      vertex -2.5 39.3242 0
    endloop
  endfacet
  facet normal 0 0 -1
    outer loop
      vertex -6.4655 36.6677 0
      vertex -3.43683 39.2833 0
      vertex -3.24509 37.0916 0
    endloop
  endfacet
  facet normal 0 0 -1
    outer loop
      vertex -6.4655 36.6677 0
      vertex -6.84752 38.8342 0
      vertex -3.43683 39.2833 0
    endloop
  endfacet
  facet normal 0 0 -1
    outer loop
      vertex -9.63669 35.9646 0
      vertex -6.84752 38.8342 0
      vertex -6.4655 36.6677 0
    endloop
  endfacet
  facet normal 0 0 -1
    outer loop
      vertex -9.63669 35.9646 0
      vertex -10.2061 38.0897 0
      vertex -6.84752 38.8342 0
    endloop
  endfacet
  facet normal 0 0 -1
    outer loop
      vertex -12.7345 34.9879 0
      vertex -10.2061 38.0897 0
      vertex -9.63669 35.9646 0
    endloop
  endfacet
  facet normal 0 0 -1
    outer loop
      vertex -12.7345 34.9879 0
      vertex -13.487 37.0552 0
      vertex -10.2061 38.0897 0
    endloop
  endfacet
  facet normal 0 0 -1
    outer loop
      vertex -15.7355 33.7449 0
      vertex -13.487 37.0552 0
      vertex -12.7345 34.9879 0
    endloop
  endfacet
  facet normal 0 0 -1
    outer loop
      vertex -15.7355 33.7449 0
      vertex -16.6652 35.7387 0
      vertex -13.487 37.0552 0
    endloop
  endfacet
  facet normal 0 0 -1
    outer loop
      vertex -18.6167 32.245 0
      vertex -16.6652 35.7387 0
      vertex -15.7355 33.7449 0
    endloop
  endfacet
  facet normal 0 0 -1
    outer loop
      vertex -18.6167 32.245 0
      vertex -19.7167 34.1503 0
      vertex -16.6652 35.7387 0
    endloop
  endfacet
  facet normal 0 0 -1
    outer loop
      vertex -21.3562 30.4998 0
      vertex -19.7167 34.1503 0
      vertex -18.6167 32.245 0
    endloop
  endfacet
  facet normal 0 0 -1
    outer loop
      vertex -21.3562 30.4998 0
      vertex -22.618 32.3019 0
      vertex -19.7167 34.1503 0
    endloop
  endfacet
  facet normal 0 0 -1
    outer loop
      vertex -23.9331 28.5224 0
      vertex -22.618 32.3019 0
      vertex -21.3562 30.4998 0
    endloop
  endfacet
  facet normal 0 0 -1
    outer loop
      vertex -23.9331 28.5224 0
      vertex -25.3472 30.2077 0
      vertex -22.618 32.3019 0
    endloop
  endfacet
  facet normal 0 0 -1
    outer loop
      vertex -26.3279 26.3279 0
      vertex -25.3472 30.2077 0
      vertex -23.9331 28.5224 0
    endloop
  endfacet
  facet normal 0 0 -1
    outer loop
      vertex -26.3279 26.3279 0
      vertex -27.8836 27.8836 0
      vertex -25.3472 30.2077 0
    endloop
  endfacet
  facet normal 0 0 -1
    outer loop
      vertex -28.5224 23.9331 0
      vertex -27.8836 27.8836 0
      vertex -26.3279 26.3279 0
    endloop
  endfacet
  facet normal 0 0 -1
    outer loop
      vertex -28.5224 23.9331 0
      vertex -30.2077 25.3472 0
      vertex -27.8836 27.8836 0
    endloop
  endfacet
  facet normal 0 0 -1
    outer loop
      vertex -30.4998 21.3562 0
      vertex -30.2077 25.3472 0
      vertex -28.5224 23.9331 0
    endloop
  endfacet
  facet normal 0 0 -1
    outer loop
      vertex -32.3019 22.618 0
      vertex -30.4998 21.3562 0
      vertex -30.9005 20.7271 0
    endloop
  endfacet
  facet normal 0 0 -1
    outer loop
      vertex -30.4998 21.3562 0
      vertex -32.3019 22.618 0
      vertex -30.2077 25.3472 0
    endloop
  endfacet
  facet normal 0 0 -1
    outer loop
      vertex -4.3875 24.8828 0
      vertex -2.5 22.9144 0
      vertex -4.00548 22.7162 0
    endloop
  endfacet
  facet normal 0 0 -1
    outer loop
      vertex -2.5 22.9144 0
      vertex -4.3875 24.8828 0
      vertex -2.5 25.1313 0
    endloop
  endfacet
  facet normal 0 0 -1
    outer loop
      vertex -5.97008 22.2807 0
      vertex -4.3875 24.8828 0
      vertex -4.00548 22.7162 0
    endloop
  endfacet
  facet normal 0 0 -1
    outer loop
      vertex -5.97008 22.2807 0
      vertex -6.53949 24.4057 0
      vertex -4.3875 24.8828 0
    endloop
  endfacet
  facet normal 0 0 -1
    outer loop
      vertex -7.88925 21.6756 0
      vertex -6.53949 24.4057 0
      vertex -5.97008 22.2807 0
    endloop
  endfacet
  facet normal 0 0 -1
    outer loop
      vertex -7.88925 21.6756 0
      vertex -8.64171 23.7429 0
      vertex -6.53949 24.4057 0
    endloop
  endfacet
  facet normal 0 0 -1
    outer loop
      vertex -9.74838 20.9055 0
      vertex -8.64171 23.7429 0
      vertex -7.88925 21.6756 0
    endloop
  endfacet
  facet normal 0 0 -1
    outer loop
      vertex -9.74838 20.9055 0
      vertex -10.6781 22.8994 0
      vertex -8.64171 23.7429 0
    endloop
  endfacet
  facet normal 0 0 -1
    outer loop
      vertex -11.5333 19.9763 0
      vertex -10.6781 22.8994 0
      vertex -9.74838 20.9055 0
    endloop
  endfacet
  facet normal 0 0 -1
    outer loop
      vertex -11.5333 19.9763 0
      vertex -12.6333 21.8816 0
      vertex -10.6781 22.8994 0
    endloop
  endfacet
  facet normal 0 0 -1
    outer loop
      vertex -13.2305 18.8951 0
      vertex -12.6333 21.8816 0
      vertex -11.5333 19.9763 0
    endloop
  endfacet
  facet normal 0 0 -1
    outer loop
      vertex -13.2305 18.8951 0
      vertex -14.4924 20.6972 0
      vertex -12.6333 21.8816 0
    endloop
  endfacet
  facet normal 0 0 -1
    outer loop
      vertex -14.827 17.6701 0
      vertex -14.4924 20.6972 0
      vertex -13.2305 18.8951 0
    endloop
  endfacet
  facet normal 0 0 -1
    outer loop
      vertex -14.827 17.6701 0
      vertex -16.2411 19.3554 0
      vertex -14.4924 20.6972 0
    endloop
  endfacet
  facet normal 0 0 -1
    outer loop
      vertex -16.3106 16.3106 0
      vertex -16.2411 19.3554 0
      vertex -14.827 17.6701 0
    endloop
  endfacet
  facet normal 0 0 -1
    outer loop
      vertex -17.8662 17.8662 0
      vertex -16.3106 16.3106 0
      vertex -17.6701 14.827 0
    endloop
  endfacet
  facet normal 0 0 -1
    outer loop
      vertex -16.3106 16.3106 0
      vertex -17.8662 17.8662 0
      vertex -16.2411 19.3554 0
    endloop
  endfacet
  facet normal 0 0 -1
    outer loop
      vertex -19.3554 16.2411 0
      vertex -17.6701 14.827 0
      vertex -18.5945 13.6223 0
    endloop
  endfacet
  facet normal 0 0 -1
    outer loop
      vertex -17.6701 14.827 0
      vertex -19.3554 16.2411 0
      vertex -17.8662 17.8662 0
    endloop
  endfacet
  facet normal 0 0 -1
    outer loop
      vertex -1.16469 4.34667 0
      vertex -2.58818 9.65926 0
      vertex -2.5 9.6788 0
    endloop
  endfacet
  facet normal 0 0 -1
    outer loop
      vertex -1.16469 4.34667 0
      vertex -3.4202 9.39691 0
      vertex -2.58818 9.65926 0
    endloop
  endfacet
  facet normal 0 0 -1
    outer loop
      vertex -1.16469 4.34667 0
      vertex -4.22618 9.06306 0
      vertex -3.4202 9.39691 0
    endloop
  endfacet
  facet normal 0 0 -1
    outer loop
      vertex -9.63208 2.67435 0
      vertex -1.76362 1.01822 0
      vertex -4.34667 -1.16469 0
    endloop
  endfacet
  facet normal -0 0 -1
    outer loop
      vertex -1.01822 -1.76362 0
      vertex -5.73576 -8.19151 0
      vertex -4.34667 -1.16469 0
    endloop
  endfacet
  facet normal 0 0 -1
    outer loop
      vertex -1.16469 4.34667 0
      vertex -5 8.66025 0
      vertex -4.22618 9.06306 0
    endloop
  endfacet
  facet normal 0 0 -1
    outer loop
      vertex -6.42787 -7.66043 0
      vertex -4.34667 -1.16469 0
      vertex -5.73576 -8.19151 0
    endloop
  endfacet
  facet normal 0 0 -1
    outer loop
      vertex -1.16469 4.34667 0
      vertex -5.73576 8.19151 0
      vertex -5 8.66025 0
    endloop
  endfacet
  facet normal 0 0 -1
    outer loop
      vertex -7.07106 -7.07106 0
      vertex -4.34667 -1.16469 0
      vertex -6.42787 -7.66043 0
    endloop
  endfacet
  facet normal 0 0 -1
    outer loop
      vertex -1.16469 4.34667 0
      vertex -6.42787 7.66043 0
      vertex -5.73576 8.19151 0
    endloop
  endfacet
  facet normal 0 0 -1
    outer loop
      vertex -4.34667 -1.16469 0
      vertex -7.07106 -7.07106 0
      vertex -7.13208 -7.00446 0
    endloop
  endfacet
  facet normal 0 0 -1
    outer loop
      vertex -9.63208 -2.67435 0
      vertex -4.34667 -1.16469 0
      vertex -7.13208 -7.00446 0
    endloop
  endfacet
  facet normal 0 0 -1
    outer loop
      vertex -1.16469 4.34667 0
      vertex -7.13208 7.00446 0
      vertex -7.07106 7.07106 0
    endloop
  endfacet
  facet normal 0 0 -1
    outer loop
      vertex -1.16469 4.34667 0
      vertex -7.07106 7.07106 0
      vertex -6.42787 7.66043 0
    endloop
  endfacet
  facet normal 0 0 -1
    outer loop
      vertex -9.65926 -2.58818 0
      vertex -4.34667 -1.16469 0
      vertex -9.63208 -2.67435 0
    endloop
  endfacet
  facet normal 0 0 -1
    outer loop
      vertex -18.5945 -13.6223 0
      vertex -9.63208 -2.67435 0
      vertex -7.13208 -7.00446 0
    endloop
  endfacet
  facet normal 0 0 -1
    outer loop
      vertex -20.5143 -14.7307 0
      vertex -18.5945 -13.6223 0
      vertex -19.3554 -16.2411 0
    endloop
  endfacet
  facet normal 0 0 -1
    outer loop
      vertex -21.0945 -9.29214 0
      vertex -18.5945 -13.6223 0
      vertex -20.5143 -14.7307 0
    endloop
  endfacet
  facet normal 0 0 -1
    outer loop
      vertex -18.5945 -13.6223 0
      vertex -21.0945 -9.29214 0
      vertex -9.63208 -2.67435 0
    endloop
  endfacet
  facet normal 0 0 -1
    outer loop
      vertex -23.0143 -10.4006 0
      vertex -21.0945 -9.29214 0
      vertex -20.5143 -14.7307 0
    endloop
  endfacet
  facet normal 0 0 -1
    outer loop
      vertex -23.7429 -8.64171 0
      vertex -21.0945 -9.29214 0
      vertex -23.0143 -10.4006 0
    endloop
  endfacet
  facet normal 0 0 -1
    outer loop
      vertex -21.0945 -9.29214 0
      vertex -23.7429 -8.64171 0
      vertex -21.6756 -7.88925 0
    endloop
  endfacet
  facet normal 0 0 -1
    outer loop
      vertex -24.4057 -6.53949 0
      vertex -22.2807 -5.97008 0
      vertex -23.7429 -8.64171 0
    endloop
  endfacet
  facet normal -0 0 -1
    outer loop
      vertex -21.6756 -7.88925 0
      vertex -23.7429 -8.64171 0
      vertex -22.2807 -5.97008 0
    endloop
  endfacet
  facet normal 0 0 -1
    outer loop
      vertex -30.9005 -20.7271 0
      vertex -23.0143 -10.4006 0
      vertex -20.5143 -14.7307 0
    endloop
  endfacet
  facet normal 0 0 -1
    outer loop
      vertex -32.8057 -21.8271 0
      vertex -30.9005 -20.7271 0
      vertex -32.3019 -22.618 0
    endloop
  endfacet
  facet normal 0 0 -1
    outer loop
      vertex -33.4005 -16.397 0
      vertex -30.9005 -20.7271 0
      vertex -32.8057 -21.8271 0
    endloop
  endfacet
  facet normal 0 0 -1
    outer loop
      vertex -30.9005 -20.7271 0
      vertex -33.4005 -16.397 0
      vertex -23.0143 -10.4006 0
    endloop
  endfacet
  facet normal 0 0 -1
    outer loop
      vertex -35.3057 -17.497 0
      vertex -33.4005 -16.397 0
      vertex -32.8057 -21.8271 0
    endloop
  endfacet
  facet normal -0 0 -1
    outer loop
      vertex -33.4005 -16.397 0
      vertex -35.3057 -17.497 0
      vertex -33.7449 -15.7355 0
    endloop
  endfacet
  facet normal 0 0 -1
    outer loop
      vertex -35.7387 -16.6652 0
      vertex -33.7449 -15.7355 0
      vertex -35.3057 -17.497 0
    endloop
  endfacet
  facet normal 0 0 -1
    outer loop
      vertex -36.7606 -24.1105 0
      vertex -35.3057 -17.497 0
      vertex -32.8057 -21.8271 0
    endloop
  endfacet
  facet normal 0 0 -1
    outer loop
      vertex -36.7606 -24.1105 0
      vertex -39.2606 -19.7803 0
      vertex -35.3057 -17.497 0
    endloop
  endfacet
  facet normal -0 0 -1
    outer loop
      vertex -36.0427 -25.2374 0
      vertex -39.3193 -27.5317 0
      vertex -36.7606 -24.1105 0
    endloop
  endfacet
  facet normal 0 0 -1
    outer loop
      vertex -41.5692 -24 0
      vertex -36.7606 -24.1105 0
      vertex -39.3193 -27.5317 0
    endloop
  endfacet
  facet normal 0 0 -1
    outer loop
      vertex -36.7606 -24.1105 0
      vertex -41.5692 -24 0
      vertex -39.2606 -19.7803 0
    endloop
  endfacet
  facet normal 0 0 -1
    outer loop
      vertex -43.5028 -20.2857 0
      vertex -39.2606 -19.7803 0
      vertex -41.5692 -24 0
    endloop
  endfacet
  facet normal -0 0 -1
    outer loop
      vertex -39.2606 -19.7803 0
      vertex -43.5028 -20.2857 0
      vertex -39.8775 -18.5952 0
    endloop
  endfacet
  facet normal -0 0 -1
    outer loop
      vertex -39.8775 -18.5952 0
      vertex -43.5028 -20.2857 0
      vertex -41.3465 -15.0489 0
    endloop
  endfacet
  facet normal 0 0 -1
    outer loop
      vertex -45.1052 -16.417 0
      vertex -41.3465 -15.0489 0
      vertex -43.5028 -20.2857 0
    endloop
  endfacet
  facet normal -0 0 -1
    outer loop
      vertex -41.3465 -15.0489 0
      vertex -45.1052 -16.417 0
      vertex -42.5007 -11.388 0
    endloop
  endfacet
  facet normal 0 0 -1
    outer loop
      vertex -46.3644 -12.4233 0
      vertex -42.5007 -11.388 0
      vertex -45.1052 -16.417 0
    endloop
  endfacet
  facet normal -0 0 -1
    outer loop
      vertex -42.5007 -11.388 0
      vertex -46.3644 -12.4233 0
      vertex -43.3315 -7.64052 0
    endloop
  endfacet
  facet normal 0 0 -1
    outer loop
      vertex -47.2708 -8.3351 0
      vertex -43.3315 -7.64052 0
      vertex -46.3644 -12.4233 0
    endloop
  endfacet
  facet normal 0 0 -1
    outer loop
      vertex -4.3875 -24.8828 0
      vertex -2.5 -22.9144 0
      vertex -2.5 -25.1313 0
    endloop
  endfacet
  facet normal -0 0 -1
    outer loop
      vertex -2.5 -22.9144 0
      vertex -4.3875 -24.8828 0
      vertex -4.00548 -22.7162 0
    endloop
  endfacet
  facet normal 0 0 -1
    outer loop
      vertex -4.3875 -24.8828 0
      vertex -5.97008 -22.2807 0
      vertex -4.00548 -22.7162 0
    endloop
  endfacet
  facet normal 0 0 -1
    outer loop
      vertex -6.53949 -24.4057 0
      vertex -5.97008 -22.2807 0
      vertex -4.3875 -24.8828 0
    endloop
  endfacet
  facet normal 0 0 -1
    outer loop
      vertex -6.53949 -24.4057 0
      vertex -7.88925 -21.6756 0
      vertex -5.97008 -22.2807 0
    endloop
  endfacet
  facet normal 0 0 -1
    outer loop
      vertex -8.64171 -23.7429 0
      vertex -7.88925 -21.6756 0
      vertex -6.53949 -24.4057 0
    endloop
  endfacet
  facet normal 0 0 -1
    outer loop
      vertex -8.64171 -23.7429 0
      vertex -9.74838 -20.9055 0
      vertex -7.88925 -21.6756 0
    endloop
  endfacet
  facet normal 0 0 -1
    outer loop
      vertex -10.6781 -22.8994 0
      vertex -9.74838 -20.9055 0
      vertex -8.64171 -23.7429 0
    endloop
  endfacet
  facet normal 0 0 -1
    outer loop
      vertex -10.6781 -22.8994 0
      vertex -11.5333 -19.9763 0
      vertex -9.74838 -20.9055 0
    endloop
  endfacet
  facet normal 0 0 -1
    outer loop
      vertex -12.6333 -21.8816 0
      vertex -11.5333 -19.9763 0
      vertex -10.6781 -22.8994 0
    endloop
  endfacet
  facet normal 0 0 -1
    outer loop
      vertex -12.6333 -21.8816 0
      vertex -13.2305 -18.8951 0
      vertex -11.5333 -19.9763 0
    endloop
  endfacet
  facet normal 0 0 -1
    outer loop
      vertex -14.4924 -20.6972 0
      vertex -13.2305 -18.8951 0
      vertex -12.6333 -21.8816 0
    endloop
  endfacet
  facet normal 0 0 -1
    outer loop
      vertex -14.4924 -20.6972 0
      vertex -14.827 -17.6701 0
      vertex -13.2305 -18.8951 0
    endloop
  endfacet
  facet normal 0 0 -1
    outer loop
      vertex -16.2411 -19.3554 0
      vertex -14.827 -17.6701 0
      vertex -14.4924 -20.6972 0
    endloop
  endfacet
  facet normal 0 0 -1
    outer loop
      vertex -16.2411 -19.3554 0
      vertex -16.3106 -16.3106 0
      vertex -14.827 -17.6701 0
    endloop
  endfacet
  facet normal 0 0 -1
    outer loop
      vertex -17.8662 -17.8662 0
      vertex -16.3106 -16.3106 0
      vertex -16.2411 -19.3554 0
    endloop
  endfacet
  facet normal -0 0 -1
    outer loop
      vertex -16.3106 -16.3106 0
      vertex -17.8662 -17.8662 0
      vertex -17.6701 -14.827 0
    endloop
  endfacet
  facet normal 0 0 -1
    outer loop
      vertex -19.3554 -16.2411 0
      vertex -17.6701 -14.827 0
      vertex -17.8662 -17.8662 0
    endloop
  endfacet
  facet normal -0 0 -1
    outer loop
      vertex -17.6701 -14.827 0
      vertex -19.3554 -16.2411 0
      vertex -18.5945 -13.6223 0
    endloop
  endfacet
  facet normal 0 0 -1
    outer loop
      vertex -2.5 -39.3242 0
      vertex -3.24509 -37.0916 0
      vertex -2.5 -37.1242 0
    endloop
  endfacet
  facet normal 0 0 -1
    outer loop
      vertex -3.43683 -39.2833 0
      vertex -3.24509 -37.0916 0
      vertex -2.5 -39.3242 0
    endloop
  endfacet
  facet normal 0 0 -1
    outer loop
      vertex -3.43683 -39.2833 0
      vertex -6.4655 -36.6677 0
      vertex -3.24509 -37.0916 0
    endloop
  endfacet
  facet normal 0 0 -1
    outer loop
      vertex -6.84752 -38.8342 0
      vertex -6.4655 -36.6677 0
      vertex -3.43683 -39.2833 0
    endloop
  endfacet
  facet normal 0 0 -1
    outer loop
      vertex -6.84752 -38.8342 0
      vertex -9.63669 -35.9646 0
      vertex -6.4655 -36.6677 0
    endloop
  endfacet
  facet normal 0 0 -1
    outer loop
      vertex -10.2061 -38.0897 0
      vertex -9.63669 -35.9646 0
      vertex -6.84752 -38.8342 0
    endloop
  endfacet
  facet normal 0 0 -1
    outer loop
      vertex -10.2061 -38.0897 0
      vertex -12.7345 -34.9879 0
      vertex -9.63669 -35.9646 0
    endloop
  endfacet
  facet normal 0 0 -1
    outer loop
      vertex -13.487 -37.0552 0
      vertex -12.7345 -34.9879 0
      vertex -10.2061 -38.0897 0
    endloop
  endfacet
  facet normal 0 0 -1
    outer loop
      vertex -13.487 -37.0552 0
      vertex -15.7355 -33.7449 0
      vertex -12.7345 -34.9879 0
    endloop
  endfacet
  facet normal 0 0 -1
    outer loop
      vertex -16.6652 -35.7387 0
      vertex -15.7355 -33.7449 0
      vertex -13.487 -37.0552 0
    endloop
  endfacet
  facet normal 0 0 -1
    outer loop
      vertex -16.6652 -35.7387 0
      vertex -18.6167 -32.245 0
      vertex -15.7355 -33.7449 0
    endloop
  endfacet
  facet normal 0 0 -1
    outer loop
      vertex -19.7167 -34.1503 0
      vertex -18.6167 -32.245 0
      vertex -16.6652 -35.7387 0
    endloop
  endfacet
  facet normal 0 0 -1
    outer loop
      vertex -19.7167 -34.1503 0
      vertex -21.3562 -30.4998 0
      vertex -18.6167 -32.245 0
    endloop
  endfacet
  facet normal 0 0 -1
    outer loop
      vertex -22.618 -32.3019 0
      vertex -21.3562 -30.4998 0
      vertex -19.7167 -34.1503 0
    endloop
  endfacet
  facet normal 0 0 -1
    outer loop
      vertex -22.618 -32.3019 0
      vertex -23.9331 -28.5224 0
      vertex -21.3562 -30.4998 0
    endloop
  endfacet
  facet normal 0 0 -1
    outer loop
      vertex -25.3472 -30.2077 0
      vertex -23.9331 -28.5224 0
      vertex -22.618 -32.3019 0
    endloop
  endfacet
  facet normal 0 0 -1
    outer loop
      vertex -25.3472 -30.2077 0
      vertex -26.3279 -26.3279 0
      vertex -23.9331 -28.5224 0
    endloop
  endfacet
  facet normal 0 0 -1
    outer loop
      vertex -27.8836 -27.8836 0
      vertex -26.3279 -26.3279 0
      vertex -25.3472 -30.2077 0
    endloop
  endfacet
  facet normal 0 0 -1
    outer loop
      vertex -27.8836 -27.8836 0
      vertex -28.5224 -23.9331 0
      vertex -26.3279 -26.3279 0
    endloop
  endfacet
  facet normal 0 0 -1
    outer loop
      vertex -30.2077 -25.3472 0
      vertex -28.5224 -23.9331 0
      vertex -27.8836 -27.8836 0
    endloop
  endfacet
  facet normal 0 0 -1
    outer loop
      vertex -30.2077 -25.3472 0
      vertex -30.4998 -21.3562 0
      vertex -28.5224 -23.9331 0
    endloop
  endfacet
  facet normal 0 0 -1
    outer loop
      vertex -32.3019 -22.618 0
      vertex -30.4998 -21.3562 0
      vertex -30.2077 -25.3472 0
    endloop
  endfacet
  facet normal -0 0 -1
    outer loop
      vertex -30.4998 -21.3562 0
      vertex -32.3019 -22.618 0
      vertex -30.9005 -20.7271 0
    endloop
  endfacet
  facet normal 0 0 -1
    outer loop
      vertex -2.5 -39.3242 0
      vertex 2.5 -39.3242 0
      vertex 2.5 -43 0
    endloop
  endfacet
  facet normal 0 0 -1
    outer loop
      vertex 2.5 -39.3242 0
      vertex -2.5 -39.3242 0
      vertex 2.5 -37.1242 0
    endloop
  endfacet
  facet normal 0 0 -1
    outer loop
      vertex 2.5 -37.1242 0
      vertex -2.5 -37.1242 0
      vertex 2.5 -25.1313 0
    endloop
  endfacet
  facet normal 0 0 -1
    outer loop
      vertex -2.5 -25.1313 0
      vertex 2.5 -25.1313 0
      vertex -2.5 -37.1242 0
    endloop
  endfacet
  facet normal 0 0 -1
    outer loop
      vertex -2.5 -22.9144 0
      vertex 2.5 -22.9144 0
      vertex -2.5 -25.1313 0
    endloop
  endfacet
  facet normal 0 0 -1
    outer loop
      vertex 2.5 -9.6788 0
      vertex 1.16469 -4.34667 0
      vertex 1.76362 -1.01822 0
    endloop
  endfacet
  facet normal 0 0 -1
    outer loop
      vertex -2.5 -9.6788 0
      vertex 2.5 -9.6788 0
      vertex -2.5 -22.9144 0
    endloop
  endfacet
  facet normal 0 0 -1
    outer loop
      vertex -2.5 -39.3242 0
      vertex 2.5 -43 0
      vertex -2.5 -43 0
    endloop
  endfacet
  facet normal -0 0 -1
    outer loop
      vertex 2.5 -37.1242 0
      vertex -2.5 -39.3242 0
      vertex -2.5 -37.1242 0
    endloop
  endfacet
  facet normal 0 0 -1
    outer loop
      vertex 2.5 -25.1313 0
      vertex -2.5 -25.1313 0
      vertex 2.5 -22.9144 0
    endloop
  endfacet
  facet normal 0 0 -1
    outer loop
      vertex 2.5 -22.9144 0
      vertex -2.5 -22.9144 0
      vertex 2.5 -9.6788 0
    endloop
  endfacet
  facet normal 0 0 -1
    outer loop
      vertex 2.5 -9.6788 0
      vertex -2.5 -9.6788 0
      vertex 1.16469 -4.34667 0
    endloop
  endfacet
  facet normal 0 0 -1
    outer loop
      vertex -2.58818 -9.65926 0
      vertex 1.16469 -4.34667 0
      vertex -2.5 -9.6788 0
    endloop
  endfacet
  facet normal 0 0 -1
    outer loop
      vertex -3.4202 -9.39691 0
      vertex 1.16469 -4.34667 0
      vertex -2.58818 -9.65926 0
    endloop
  endfacet
  facet normal 0 0 -1
    outer loop
      vertex -4.22618 -9.06306 0
      vertex 1.16469 -4.34667 0
      vertex -3.4202 -9.39691 0
    endloop
  endfacet
  facet normal -0 0 -1
    outer loop
      vertex 1.16469 -4.34667 0
      vertex -4.22618 -9.06306 0
      vertex -1.01822 -1.76362 0
    endloop
  endfacet
  facet normal 0 0 -1
    outer loop
      vertex -5 -8.66025 0
      vertex -1.01822 -1.76362 0
      vertex -4.22618 -9.06306 0
    endloop
  endfacet
  facet normal 0 0 -1
    outer loop
      vertex -5.73576 -8.19151 0
      vertex -1.01822 -1.76362 0
      vertex -5 -8.66025 0
    endloop
  endfacet
  facet normal 0 0 -1
    outer loop
      vertex 3 -58 0
      vertex 10 -46.9017 0
      vertex 10 -58 0
    endloop
  endfacet
  facet normal 0 0 -1
    outer loop
      vertex 10 -46.9017 0
      vertex 6.36087 -43.5 0
      vertex 7.64052 -43.3315 0
    endloop
  endfacet
  facet normal 0 0 -1
    outer loop
      vertex 3 -43.5 0
      vertex 10 -46.9017 0
      vertex 3 -58 0
    endloop
  endfacet
  facet normal 0 0 -1
    outer loop
      vertex 10 -46.9017 0
      vertex 3 -43.5 0
      vertex 6.36087 -43.5 0
    endloop
  endfacet
  facet normal 0 0 -1
    outer loop
      vertex 17.6701 -14.827 0
      vertex 19.3554 -16.2411 0
      vertex 17.8662 -17.8662 0
    endloop
  endfacet
  facet normal 0 0 -1
    outer loop
      vertex 19.3554 -16.2411 0
      vertex 17.6701 -14.827 0
      vertex 18.5945 -13.6223 0
    endloop
  endfacet
  facet normal 0 0 -1
    outer loop
      vertex 17.8662 -17.8662 0
      vertex 16.3106 -16.3106 0
      vertex 17.6701 -14.827 0
    endloop
  endfacet
  facet normal 0 0 -1
    outer loop
      vertex 16.2411 -19.3554 0
      vertex 16.3106 -16.3106 0
      vertex 17.8662 -17.8662 0
    endloop
  endfacet
  facet normal 0 0 -1
    outer loop
      vertex 16.2411 -19.3554 0
      vertex 14.827 -17.6701 0
      vertex 16.3106 -16.3106 0
    endloop
  endfacet
  facet normal 0 0 -1
    outer loop
      vertex 14.4924 -20.6972 0
      vertex 14.827 -17.6701 0
      vertex 16.2411 -19.3554 0
    endloop
  endfacet
  facet normal 0 0 -1
    outer loop
      vertex 14.4924 -20.6972 0
      vertex 13.2305 -18.8951 0
      vertex 14.827 -17.6701 0
    endloop
  endfacet
  facet normal 0 0 -1
    outer loop
      vertex 12.6333 -21.8816 0
      vertex 13.2305 -18.8951 0
      vertex 14.4924 -20.6972 0
    endloop
  endfacet
  facet normal 0 0 -1
    outer loop
      vertex 12.6333 -21.8816 0
      vertex 11.5333 -19.9763 0
      vertex 13.2305 -18.8951 0
    endloop
  endfacet
  facet normal 0 0 -1
    outer loop
      vertex 10.6781 -22.8994 0
      vertex 11.5333 -19.9763 0
      vertex 12.6333 -21.8816 0
    endloop
  endfacet
  facet normal 0 0 -1
    outer loop
      vertex 10.6781 -22.8994 0
      vertex 9.74838 -20.9055 0
      vertex 11.5333 -19.9763 0
    endloop
  endfacet
  facet normal 0 0 -1
    outer loop
      vertex 8.64171 -23.7429 0
      vertex 9.74838 -20.9055 0
      vertex 10.6781 -22.8994 0
    endloop
  endfacet
  facet normal 0 0 -1
    outer loop
      vertex 8.64171 -23.7429 0
      vertex 7.88925 -21.6756 0
      vertex 9.74838 -20.9055 0
    endloop
  endfacet
  facet normal 0 0 -1
    outer loop
      vertex 6.53949 -24.4057 0
      vertex 7.88925 -21.6756 0
      vertex 8.64171 -23.7429 0
    endloop
  endfacet
  facet normal 0 0 -1
    outer loop
      vertex 6.53949 -24.4057 0
      vertex 5.97008 -22.2807 0
      vertex 7.88925 -21.6756 0
    endloop
  endfacet
  facet normal 0 0 -1
    outer loop
      vertex 4.3875 -24.8828 0
      vertex 5.97008 -22.2807 0
      vertex 6.53949 -24.4057 0
    endloop
  endfacet
  facet normal 0 0 -1
    outer loop
      vertex 4.3875 -24.8828 0
      vertex 4.00548 -22.7162 0
      vertex 5.97008 -22.2807 0
    endloop
  endfacet
  facet normal 0 0 -1
    outer loop
      vertex 2.5 -22.9144 0
      vertex 4.3875 -24.8828 0
      vertex 2.5 -25.1313 0
    endloop
  endfacet
  facet normal 0 0 -1
    outer loop
      vertex 4.3875 -24.8828 0
      vertex 2.5 -22.9144 0
      vertex 4.00548 -22.7162 0
    endloop
  endfacet
  facet normal 0 0 -1
    outer loop
      vertex 17.6701 14.827 0
      vertex 19.3554 16.2411 0
      vertex 18.5945 13.6223 0
    endloop
  endfacet
  facet normal -0 0 -1
    outer loop
      vertex 19.3554 16.2411 0
      vertex 17.6701 14.827 0
      vertex 17.8662 17.8662 0
    endloop
  endfacet
  facet normal 0 0 -1
    outer loop
      vertex 16.3106 16.3106 0
      vertex 17.8662 17.8662 0
      vertex 17.6701 14.827 0
    endloop
  endfacet
  facet normal 0 0 -1
    outer loop
      vertex 16.3106 16.3106 0
      vertex 16.2411 19.3554 0
      vertex 17.8662 17.8662 0
    endloop
  endfacet
  facet normal 0 0 -1
    outer loop
      vertex 14.827 17.6701 0
      vertex 16.2411 19.3554 0
      vertex 16.3106 16.3106 0
    endloop
  endfacet
  facet normal 0 0 -1
    outer loop
      vertex 14.827 17.6701 0
      vertex 14.4924 20.6972 0
      vertex 16.2411 19.3554 0
    endloop
  endfacet
  facet normal 0 0 -1
    outer loop
      vertex 13.2305 18.8951 0
      vertex 14.4924 20.6972 0
      vertex 14.827 17.6701 0
    endloop
  endfacet
  facet normal 0 0 -1
    outer loop
      vertex 13.2305 18.8951 0
      vertex 12.6333 21.8816 0
      vertex 14.4924 20.6972 0
    endloop
  endfacet
  facet normal 0 0 -1
    outer loop
      vertex 11.5333 19.9763 0
      vertex 12.6333 21.8816 0
      vertex 13.2305 18.8951 0
    endloop
  endfacet
  facet normal 0 0 -1
    outer loop
      vertex 11.5333 19.9763 0
      vertex 10.6781 22.8994 0
      vertex 12.6333 21.8816 0
    endloop
  endfacet
  facet normal 0 0 -1
    outer loop
      vertex 9.74838 20.9055 0
      vertex 10.6781 22.8994 0
      vertex 11.5333 19.9763 0
    endloop
  endfacet
  facet normal 0 0 -1
    outer loop
      vertex 9.74838 20.9055 0
      vertex 8.64171 23.7429 0
      vertex 10.6781 22.8994 0
    endloop
  endfacet
  facet normal 0 0 -1
    outer loop
      vertex 7.88925 21.6756 0
      vertex 8.64171 23.7429 0
      vertex 9.74838 20.9055 0
    endloop
  endfacet
  facet normal 0 0 -1
    outer loop
      vertex 7.88925 21.6756 0
      vertex 6.53949 24.4057 0
      vertex 8.64171 23.7429 0
    endloop
  endfacet
  facet normal 0 0 -1
    outer loop
      vertex 5.97008 22.2807 0
      vertex 6.53949 24.4057 0
      vertex 7.88925 21.6756 0
    endloop
  endfacet
  facet normal 0 0 -1
    outer loop
      vertex 5.97008 22.2807 0
      vertex 4.3875 24.8828 0
      vertex 6.53949 24.4057 0
    endloop
  endfacet
  facet normal 0 0 -1
    outer loop
      vertex 4.00548 22.7162 0
      vertex 4.3875 24.8828 0
      vertex 5.97008 22.2807 0
    endloop
  endfacet
  facet normal 0 0 -1
    outer loop
      vertex 2.5 22.9144 0
      vertex 4.3875 24.8828 0
      vertex 4.00548 22.7162 0
    endloop
  endfacet
  facet normal -0 0 -1
    outer loop
      vertex 4.3875 24.8828 0
      vertex 2.5 22.9144 0
      vertex 2.5 25.1313 0
    endloop
  endfacet
  facet normal 0 0 -1
    outer loop
      vertex 4.34667 1.16469 0
      vertex 10 0 0
      vertex 9.96194 -0.871552 0
    endloop
  endfacet
  facet normal 0 0 -1
    outer loop
      vertex 4.34667 1.16469 0
      vertex 9.96194 -0.871552 0
      vertex 9.84807 -1.73648 0
    endloop
  endfacet
  facet normal 0 0 -1
    outer loop
      vertex 10 0 0
      vertex 4.34667 1.16469 0
      vertex 9.96194 0.871552 0
    endloop
  endfacet
  facet normal 0 0 -1
    outer loop
      vertex 4.34667 1.16469 0
      vertex 9.84807 -1.73648 0
      vertex 9.65926 -2.58818 0
    endloop
  endfacet
  facet normal 0 0 -1
    outer loop
      vertex 9.96194 0.871552 0
      vertex 4.34667 1.16469 0
      vertex 9.84807 1.73648 0
    endloop
  endfacet
  facet normal 0 0 -1
    outer loop
      vertex 4.34667 1.16469 0
      vertex 9.65926 -2.58818 0
      vertex 9.63208 -2.67435 0
    endloop
  endfacet
  facet normal -0 0 -1
    outer loop
      vertex 9.84807 1.73648 0
      vertex 4.34667 1.16469 0
      vertex 9.65926 2.58818 0
    endloop
  endfacet
  facet normal 0 0 -1
    outer loop
      vertex 32.3019 -22.618 0
      vertex 30.4998 -21.3562 0
      vertex 30.9005 -20.7271 0
    endloop
  endfacet
  facet normal 0 0 -1
    outer loop
      vertex 30.2077 -25.3472 0
      vertex 30.4998 -21.3562 0
      vertex 32.3019 -22.618 0
    endloop
  endfacet
  facet normal 0 0 -1
    outer loop
      vertex 30.2077 -25.3472 0
      vertex 28.5224 -23.9331 0
      vertex 30.4998 -21.3562 0
    endloop
  endfacet
  facet normal 0 0 -1
    outer loop
      vertex 27.8836 -27.8836 0
      vertex 28.5224 -23.9331 0
      vertex 30.2077 -25.3472 0
    endloop
  endfacet
  facet normal 0 0 -1
    outer loop
      vertex 27.8836 -27.8836 0
      vertex 26.3279 -26.3279 0
      vertex 28.5224 -23.9331 0
    endloop
  endfacet
  facet normal 0 0 -1
    outer loop
      vertex 25.3472 -30.2077 0
      vertex 26.3279 -26.3279 0
      vertex 27.8836 -27.8836 0
    endloop
  endfacet
  facet normal 0 0 -1
    outer loop
      vertex 25.3472 -30.2077 0
      vertex 23.9331 -28.5224 0
      vertex 26.3279 -26.3279 0
    endloop
  endfacet
  facet normal 0 0 -1
    outer loop
      vertex 22.618 -32.3019 0
      vertex 23.9331 -28.5224 0
      vertex 25.3472 -30.2077 0
    endloop
  endfacet
  facet normal 0 0 -1
    outer loop
      vertex 22.618 -32.3019 0
      vertex 21.3562 -30.4998 0
      vertex 23.9331 -28.5224 0
    endloop
  endfacet
  facet normal 0 0 -1
    outer loop
      vertex 19.7167 -34.1503 0
      vertex 21.3562 -30.4998 0
      vertex 22.618 -32.3019 0
    endloop
  endfacet
  facet normal 0 0 -1
    outer loop
      vertex 19.7167 -34.1503 0
      vertex 18.6167 -32.245 0
      vertex 21.3562 -30.4998 0
    endloop
  endfacet
  facet normal 0 0 -1
    outer loop
      vertex 16.6652 -35.7387 0
      vertex 18.6167 -32.245 0
      vertex 19.7167 -34.1503 0
    endloop
  endfacet
  facet normal 0 0 -1
    outer loop
      vertex 16.6652 -35.7387 0
      vertex 15.7355 -33.7449 0
      vertex 18.6167 -32.245 0
    endloop
  endfacet
  facet normal 0 0 -1
    outer loop
      vertex 13.487 -37.0552 0
      vertex 15.7355 -33.7449 0
      vertex 16.6652 -35.7387 0
    endloop
  endfacet
  facet normal 0 0 -1
    outer loop
      vertex 13.487 -37.0552 0
      vertex 12.7345 -34.9879 0
      vertex 15.7355 -33.7449 0
    endloop
  endfacet
  facet normal 0 0 -1
    outer loop
      vertex 10.2061 -38.0897 0
      vertex 12.7345 -34.9879 0
      vertex 13.487 -37.0552 0
    endloop
  endfacet
  facet normal 0 0 -1
    outer loop
      vertex 10.2061 -38.0897 0
      vertex 9.63669 -35.9646 0
      vertex 12.7345 -34.9879 0
    endloop
  endfacet
  facet normal 0 0 -1
    outer loop
      vertex 6.84752 -38.8342 0
      vertex 9.63669 -35.9646 0
      vertex 10.2061 -38.0897 0
    endloop
  endfacet
  facet normal 0 0 -1
    outer loop
      vertex 6.84752 -38.8342 0
      vertex 6.4655 -36.6677 0
      vertex 9.63669 -35.9646 0
    endloop
  endfacet
  facet normal 0 0 -1
    outer loop
      vertex 3.43683 -39.2833 0
      vertex 6.4655 -36.6677 0
      vertex 6.84752 -38.8342 0
    endloop
  endfacet
  facet normal 0 0 -1
    outer loop
      vertex 3.43683 -39.2833 0
      vertex 3.24509 -37.0916 0
      vertex 6.4655 -36.6677 0
    endloop
  endfacet
  facet normal 0 0 -1
    outer loop
      vertex 2.5 -39.3242 0
      vertex 3.24509 -37.0916 0
      vertex 3.43683 -39.2833 0
    endloop
  endfacet
  facet normal 0 0 -1
    outer loop
      vertex 3.24509 -37.0916 0
      vertex 2.5 -39.3242 0
      vertex 2.5 -37.1242 0
    endloop
  endfacet
  facet normal 0 0 -1
    outer loop
      vertex 30.4998 21.3562 0
      vertex 32.3019 22.618 0
      vertex 30.9005 20.7271 0
    endloop
  endfacet
  facet normal 0 0 -1
    outer loop
      vertex 30.4998 21.3562 0
      vertex 30.2077 25.3472 0
      vertex 32.3019 22.618 0
    endloop
  endfacet
  facet normal 0 0 -1
    outer loop
      vertex 28.5224 23.9331 0
      vertex 30.2077 25.3472 0
      vertex 30.4998 21.3562 0
    endloop
  endfacet
  facet normal 0 0 -1
    outer loop
      vertex 28.5224 23.9331 0
      vertex 27.8836 27.8836 0
      vertex 30.2077 25.3472 0
    endloop
  endfacet
  facet normal 0 0 -1
    outer loop
      vertex 26.3279 26.3279 0
      vertex 27.8836 27.8836 0
      vertex 28.5224 23.9331 0
    endloop
  endfacet
  facet normal 0 0 -1
    outer loop
      vertex 26.3279 26.3279 0
      vertex 25.3472 30.2077 0
      vertex 27.8836 27.8836 0
    endloop
  endfacet
  facet normal 0 0 -1
    outer loop
      vertex 23.9331 28.5224 0
      vertex 25.3472 30.2077 0
      vertex 26.3279 26.3279 0
    endloop
  endfacet
  facet normal 0 0 -1
    outer loop
      vertex 23.9331 28.5224 0
      vertex 22.618 32.3019 0
      vertex 25.3472 30.2077 0
    endloop
  endfacet
  facet normal 0 0 -1
    outer loop
      vertex 21.3562 30.4998 0
      vertex 22.618 32.3019 0
      vertex 23.9331 28.5224 0
    endloop
  endfacet
  facet normal 0 0 -1
    outer loop
      vertex 21.3562 30.4998 0
      vertex 19.7167 34.1503 0
      vertex 22.618 32.3019 0
    endloop
  endfacet
  facet normal 0 0 -1
    outer loop
      vertex 18.6167 32.245 0
      vertex 19.7167 34.1503 0
      vertex 21.3562 30.4998 0
    endloop
  endfacet
  facet normal 0 0 -1
    outer loop
      vertex 18.6167 32.245 0
      vertex 16.6652 35.7387 0
      vertex 19.7167 34.1503 0
    endloop
  endfacet
  facet normal 0 0 -1
    outer loop
      vertex 15.7355 33.7449 0
      vertex 16.6652 35.7387 0
      vertex 18.6167 32.245 0
    endloop
  endfacet
  facet normal 0 0 -1
    outer loop
      vertex 15.7355 33.7449 0
      vertex 13.487 37.0552 0
      vertex 16.6652 35.7387 0
    endloop
  endfacet
  facet normal 0 0 -1
    outer loop
      vertex 12.7345 34.9879 0
      vertex 13.487 37.0552 0
      vertex 15.7355 33.7449 0
    endloop
  endfacet
  facet normal 0 0 -1
    outer loop
      vertex 12.7345 34.9879 0
      vertex 10.2061 38.0897 0
      vertex 13.487 37.0552 0
    endloop
  endfacet
  facet normal 0 0 -1
    outer loop
      vertex 9.63669 35.9646 0
      vertex 10.2061 38.0897 0
      vertex 12.7345 34.9879 0
    endloop
  endfacet
  facet normal 0 0 -1
    outer loop
      vertex 9.63669 35.9646 0
      vertex 6.84752 38.8342 0
      vertex 10.2061 38.0897 0
    endloop
  endfacet
  facet normal 0 0 -1
    outer loop
      vertex 6.4655 36.6677 0
      vertex 6.84752 38.8342 0
      vertex 9.63669 35.9646 0
    endloop
  endfacet
  facet normal 0 0 -1
    outer loop
      vertex 6.4655 36.6677 0
      vertex 3.43683 39.2833 0
      vertex 6.84752 38.8342 0
    endloop
  endfacet
  facet normal 0 0 -1
    outer loop
      vertex 3.24509 37.0916 0
      vertex 3.43683 39.2833 0
      vertex 6.4655 36.6677 0
    endloop
  endfacet
  facet normal 0 0 -1
    outer loop
      vertex 2.5 37.1242 0
      vertex 3.43683 39.2833 0
      vertex 3.24509 37.0916 0
    endloop
  endfacet
  facet normal -0 0 -1
    outer loop
      vertex 3.43683 39.2833 0
      vertex 2.5 37.1242 0
      vertex 2.5 39.3242 0
    endloop
  endfacet
  facet normal 0 0 -1
    outer loop
      vertex 23.0667 0 0
      vertex 25.2667 0 0
      vertex 25.1705 -2.20213 0
    endloop
  endfacet
  facet normal 0 0 -1
    outer loop
      vertex 22.9789 -2.01039 0
      vertex 25.1705 -2.20213 0
      vertex 24.8828 -4.3875 0
    endloop
  endfacet
  facet normal 0 0 -1
    outer loop
      vertex 25.2667 0 0
      vertex 23.0667 0 0
      vertex 25.1705 2.20213 0
    endloop
  endfacet
  facet normal 0 0 -1
    outer loop
      vertex 22.7162 -4.00548 0
      vertex 24.8828 -4.3875 0
      vertex 24.4057 -6.53949 0
    endloop
  endfacet
  facet normal 0 0 -1
    outer loop
      vertex 22.9789 2.01039 0
      vertex 25.1705 2.20213 0
      vertex 23.0667 0 0
    endloop
  endfacet
  facet normal 0 0 -1
    outer loop
      vertex 22.2807 -5.97008 0
      vertex 24.4057 -6.53949 0
      vertex 23.7429 -8.64171 0
    endloop
  endfacet
  facet normal -0 0 -1
    outer loop
      vertex 25.1705 2.20213 0
      vertex 22.9789 2.01039 0
      vertex 24.8828 4.3875 0
    endloop
  endfacet
  facet normal 0 0 -1
    outer loop
      vertex 22.7162 4.00548 0
      vertex 24.8828 4.3875 0
      vertex 22.9789 2.01039 0
    endloop
  endfacet
  facet normal 0 0 -1
    outer loop
      vertex 21.0945 -9.29214 0
      vertex 23.7429 -8.64171 0
      vertex 23.0143 -10.4006 0
    endloop
  endfacet
  facet normal 0 0 -1
    outer loop
      vertex 25.1705 -2.20213 0
      vertex 22.9789 -2.01039 0
      vertex 23.0667 0 0
    endloop
  endfacet
  facet normal -0 0 -1
    outer loop
      vertex 24.8828 4.3875 0
      vertex 22.7162 4.00548 0
      vertex 24.4057 6.53949 0
    endloop
  endfacet
  facet normal 0 0 -1
    outer loop
      vertex 22.2807 5.97008 0
      vertex 24.4057 6.53949 0
      vertex 22.7162 4.00548 0
    endloop
  endfacet
  facet normal 0 0 -1
    outer loop
      vertex 39.3193 -27.5317 0
      vertex 36.0427 -25.2374 0
      vertex 36.7606 -24.1105 0
    endloop
  endfacet
  facet normal 0 0 -1
    outer loop
      vertex 33.7059 -28.2827 0
      vertex 36.7701 -30.8538 0
      vertex 33.9411 -33.9411 0
    endloop
  endfacet
  facet normal 0 0 -1
    outer loop
      vertex 36.7701 -30.8538 0
      vertex 33.7059 -28.2827 0
      vertex 36.0427 -25.2374 0
    endloop
  endfacet
  facet normal 0 0 -1
    outer loop
      vertex 33.9411 -33.9411 0
      vertex 31.1127 -31.1127 0
      vertex 33.7059 -28.2827 0
    endloop
  endfacet
  facet normal 0 0 -1
    outer loop
      vertex 30.8538 -36.7701 0
      vertex 31.1127 -31.1127 0
      vertex 33.9411 -33.9411 0
    endloop
  endfacet
  facet normal 0 0 -1
    outer loop
      vertex 30.8538 -36.7701 0
      vertex 28.2827 -33.7059 0
      vertex 31.1127 -31.1127 0
    endloop
  endfacet
  facet normal 0 0 -1
    outer loop
      vertex 27.5317 -39.3193 0
      vertex 28.2827 -33.7059 0
      vertex 30.8538 -36.7701 0
    endloop
  endfacet
  facet normal 0 0 -1
    outer loop
      vertex 27.5317 -39.3193 0
      vertex 25.2374 -36.0427 0
      vertex 28.2827 -33.7059 0
    endloop
  endfacet
  facet normal 0 0 -1
    outer loop
      vertex 24 -41.5692 0
      vertex 25.2374 -36.0427 0
      vertex 27.5317 -39.3193 0
    endloop
  endfacet
  facet normal 0 0 -1
    outer loop
      vertex 24 -41.5692 0
      vertex 22 -38.1051 0
      vertex 25.2374 -36.0427 0
    endloop
  endfacet
  facet normal 0 0 -1
    outer loop
      vertex 20.2857 -43.5028 0
      vertex 22 -38.1051 0
      vertex 24 -41.5692 0
    endloop
  endfacet
  facet normal 0 0 -1
    outer loop
      vertex 20.2857 -43.5028 0
      vertex 18.5952 -39.8775 0
      vertex 22 -38.1051 0
    endloop
  endfacet
  facet normal 0 0 -1
    outer loop
      vertex 16.417 -45.1052 0
      vertex 18.5952 -39.8775 0
      vertex 20.2857 -43.5028 0
    endloop
  endfacet
  facet normal 0 0 -1
    outer loop
      vertex 16.417 -45.1052 0
      vertex 15.0489 -41.3465 0
      vertex 18.5952 -39.8775 0
    endloop
  endfacet
  facet normal 0 0 -1
    outer loop
      vertex 12.4233 -46.3644 0
      vertex 15.0489 -41.3465 0
      vertex 16.417 -45.1052 0
    endloop
  endfacet
  facet normal 0 0 -1
    outer loop
      vertex 12.4233 -46.3644 0
      vertex 11.388 -42.5007 0
      vertex 15.0489 -41.3465 0
    endloop
  endfacet
  facet normal 0 0 -1
    outer loop
      vertex 10 -46.9017 0
      vertex 11.388 -42.5007 0
      vertex 12.4233 -46.3644 0
    endloop
  endfacet
  facet normal 0 0 -1
    outer loop
      vertex 11.388 -42.5007 0
      vertex 10 -46.9017 0
      vertex 7.64052 -43.3315 0
    endloop
  endfacet
  facet normal 0 0 -1
    outer loop
      vertex 44 0 0
      vertex 48 0 0
      vertex 47.8173 -4.18347 0
    endloop
  endfacet
  facet normal 0 0 -1
    outer loop
      vertex 43.8326 -3.83484 0
      vertex 47.8173 -4.18347 0
      vertex 47.2708 -8.3351 0
    endloop
  endfacet
  facet normal 0 0 -1
    outer loop
      vertex 48 0 0
      vertex 44 0 0
      vertex 47.8173 4.18347 0
    endloop
  endfacet
  facet normal 0 0 -1
    outer loop
      vertex 43.3315 -7.64052 0
      vertex 47.2708 -8.3351 0
      vertex 46.3644 -12.4233 0
    endloop
  endfacet
  facet normal 0 0 -1
    outer loop
      vertex 43.8326 3.83484 0
      vertex 47.8173 4.18347 0
      vertex 44 0 0
    endloop
  endfacet
  facet normal 0 0 -1
    outer loop
      vertex 42.5007 -11.388 0
      vertex 46.3644 -12.4233 0
      vertex 45.1052 -16.417 0
    endloop
  endfacet
  facet normal -0 0 -1
    outer loop
      vertex 47.8173 4.18347 0
      vertex 43.8326 3.83484 0
      vertex 47.2708 8.3351 0
    endloop
  endfacet
  facet normal 0 0 -1
    outer loop
      vertex 43.3315 7.64052 0
      vertex 47.2708 8.3351 0
      vertex 43.8326 3.83484 0
    endloop
  endfacet
  facet normal 0 0 -1
    outer loop
      vertex 47.8173 -4.18347 0
      vertex 43.8326 -3.83484 0
      vertex 44 0 0
    endloop
  endfacet
  facet normal 0 0 -1
    outer loop
      vertex 41.3465 -15.0489 0
      vertex 45.1052 -16.417 0
      vertex 43.5028 -20.2857 0
    endloop
  endfacet
  facet normal 0 0 -1
    outer loop
      vertex 47.2708 -8.3351 0
      vertex 43.3315 -7.64052 0
      vertex 43.8326 -3.83484 0
    endloop
  endfacet
  facet normal 0 0 -1
    outer loop
      vertex 46.3644 -12.4233 0
      vertex 42.5007 -11.388 0
      vertex 43.3315 -7.64052 0
    endloop
  endfacet
  facet normal 0 0 -1
    outer loop
      vertex 39.2606 -19.7803 0
      vertex 43.5028 -20.2857 0
      vertex 41.5692 -24 0
    endloop
  endfacet
  facet normal 0 0 -1
    outer loop
      vertex 45.1052 -16.417 0
      vertex 41.3465 -15.0489 0
      vertex 42.5007 -11.388 0
    endloop
  endfacet
  facet normal 0 0 -1
    outer loop
      vertex 43.5028 -20.2857 0
      vertex 39.8775 -18.5952 0
      vertex 41.3465 -15.0489 0
    endloop
  endfacet
  facet normal 0 0 -1
    outer loop
      vertex 36.7606 -24.1105 0
      vertex 41.5692 -24 0
      vertex 39.3193 -27.5317 0
    endloop
  endfacet
  facet normal 0 0 -1
    outer loop
      vertex 43.5028 -20.2857 0
      vertex 39.2606 -19.7803 0
      vertex 39.8775 -18.5952 0
    endloop
  endfacet
  facet normal 0 0 -1
    outer loop
      vertex 36.0427 -25.2374 0
      vertex 39.3193 -27.5317 0
      vertex 36.7701 -30.8538 0
    endloop
  endfacet
  facet normal -0 0 -1
    outer loop
      vertex 41.5692 -24 0
      vertex 36.7606 -24.1105 0
      vertex 39.2606 -19.7803 0
    endloop
  endfacet
  facet normal 0 0 -1
    outer loop
      vertex 36.7606 -24.1105 0
      vertex 35.3057 -17.497 0
      vertex 39.2606 -19.7803 0
    endloop
  endfacet
  facet normal 0 0 -1
    outer loop
      vertex 35.7387 -16.6652 0
      vertex 33.7449 -15.7355 0
      vertex 34.9879 -12.7345 0
    endloop
  endfacet
  facet normal 0 0 -1
    outer loop
      vertex 32.8057 -21.8271 0
      vertex 35.3057 -17.497 0
      vertex 36.7606 -24.1105 0
    endloop
  endfacet
  facet normal 0 0 -1
    outer loop
      vertex 35.3057 -17.497 0
      vertex 33.4005 -16.397 0
      vertex 33.7449 -15.7355 0
    endloop
  endfacet
  facet normal -0 0 -1
    outer loop
      vertex 35.3057 -17.497 0
      vertex 32.8057 -21.8271 0
      vertex 33.4005 -16.397 0
    endloop
  endfacet
  facet normal 0 0 -1
    outer loop
      vertex 30.9005 -20.7271 0
      vertex 32.8057 -21.8271 0
      vertex 32.3019 -22.618 0
    endloop
  endfacet
  facet normal 0 0 -1
    outer loop
      vertex 32.8057 -21.8271 0
      vertex 30.9005 -20.7271 0
      vertex 33.4005 -16.397 0
    endloop
  endfacet
  facet normal 0 0 -1
    outer loop
      vertex 30.9005 -20.7271 0
      vertex 23.0143 -10.4006 0
      vertex 33.4005 -16.397 0
    endloop
  endfacet
  facet normal 0 0 -1
    outer loop
      vertex 24.8828 -4.3875 0
      vertex 22.7162 -4.00548 0
      vertex 22.9789 -2.01039 0
    endloop
  endfacet
  facet normal 0 0 -1
    outer loop
      vertex 24.4057 -6.53949 0
      vertex 22.2807 -5.97008 0
      vertex 22.7162 -4.00548 0
    endloop
  endfacet
  facet normal 0 0 -1
    outer loop
      vertex 23.7429 -8.64171 0
      vertex 21.6756 -7.88925 0
      vertex 22.2807 -5.97008 0
    endloop
  endfacet
  facet normal -0 0 -1
    outer loop
      vertex 23.7429 -8.64171 0
      vertex 21.0945 -9.29214 0
      vertex 21.6756 -7.88925 0
    endloop
  endfacet
  facet normal 0 0 -1
    outer loop
      vertex 20.5143 -14.7307 0
      vertex 23.0143 -10.4006 0
      vertex 30.9005 -20.7271 0
    endloop
  endfacet
  facet normal -0 0 -1
    outer loop
      vertex 23.0143 -10.4006 0
      vertex 20.5143 -14.7307 0
      vertex 21.0945 -9.29214 0
    endloop
  endfacet
  facet normal 0 0 -1
    outer loop
      vertex 18.5945 -13.6223 0
      vertex 20.5143 -14.7307 0
      vertex 19.3554 -16.2411 0
    endloop
  endfacet
  facet normal 0 0 -1
    outer loop
      vertex 20.5143 -14.7307 0
      vertex 18.5945 -13.6223 0
      vertex 21.0945 -9.29214 0
    endloop
  endfacet
  facet normal 0 0 -1
    outer loop
      vertex 18.5945 -13.6223 0
      vertex 9.63208 -2.67435 0
      vertex 21.0945 -9.29214 0
    endloop
  endfacet
  facet normal 0 0 -1
    outer loop
      vertex 1.76362 -1.01822 0
      vertex 9.63208 -2.67435 0
      vertex 7.13208 -7.00446 0
    endloop
  endfacet
  facet normal 0 0 -1
    outer loop
      vertex 7.13208 -7.00446 0
      vertex 9.63208 -2.67435 0
      vertex 18.5945 -13.6223 0
    endloop
  endfacet
  facet normal -0 0 -1
    outer loop
      vertex 47.2708 8.3351 0
      vertex 43.3315 7.64052 0
      vertex 46.3644 12.4233 0
    endloop
  endfacet
  facet normal 0 0 -1
    outer loop
      vertex 42.5007 11.388 0
      vertex 46.3644 12.4233 0
      vertex 43.3315 7.64052 0
    endloop
  endfacet
  facet normal -0 0 -1
    outer loop
      vertex 46.3644 12.4233 0
      vertex 42.5007 11.388 0
      vertex 45.1052 16.417 0
    endloop
  endfacet
  facet normal 0 0 -1
    outer loop
      vertex 41.3465 15.0489 0
      vertex 45.1052 16.417 0
      vertex 42.5007 11.388 0
    endloop
  endfacet
  facet normal -0 0 -1
    outer loop
      vertex 45.1052 16.417 0
      vertex 41.3465 15.0489 0
      vertex 43.5028 20.2857 0
    endloop
  endfacet
  facet normal 0 0 -1
    outer loop
      vertex 39.8775 18.5952 0
      vertex 43.5028 20.2857 0
      vertex 41.3465 15.0489 0
    endloop
  endfacet
  facet normal 0 0 -1
    outer loop
      vertex 39.2606 19.7803 0
      vertex 43.5028 20.2857 0
      vertex 39.8775 18.5952 0
    endloop
  endfacet
  facet normal -0 0 -1
    outer loop
      vertex 43.5028 20.2857 0
      vertex 39.2606 19.7803 0
      vertex 41.5692 24 0
    endloop
  endfacet
  facet normal 0 0 -1
    outer loop
      vertex 36.7606 24.1105 0
      vertex 41.5692 24 0
      vertex 39.2606 19.7803 0
    endloop
  endfacet
  facet normal 0 0 -1
    outer loop
      vertex 41.5692 24 0
      vertex 36.7606 24.1105 0
      vertex 39.3193 27.5317 0
    endloop
  endfacet
  facet normal 0 0 -1
    outer loop
      vertex 36.0427 25.2374 0
      vertex 39.3193 27.5317 0
      vertex 36.7606 24.1105 0
    endloop
  endfacet
  facet normal 0 0 -1
    outer loop
      vertex 35.3057 17.497 0
      vertex 36.7606 24.1105 0
      vertex 39.2606 19.7803 0
    endloop
  endfacet
  facet normal -0 0 -1
    outer loop
      vertex 35.7387 16.6652 0
      vertex 33.7449 15.7355 0
      vertex 35.3057 17.497 0
    endloop
  endfacet
  facet normal 0 0 -1
    outer loop
      vertex 33.4005 16.397 0
      vertex 35.3057 17.497 0
      vertex 33.7449 15.7355 0
    endloop
  endfacet
  facet normal 0 0 -1
    outer loop
      vertex 32.8057 21.8271 0
      vertex 35.3057 17.497 0
      vertex 33.4005 16.397 0
    endloop
  endfacet
  facet normal 0 0 -1
    outer loop
      vertex 35.3057 17.497 0
      vertex 32.8057 21.8271 0
      vertex 36.7606 24.1105 0
    endloop
  endfacet
  facet normal 0 0 -1
    outer loop
      vertex 30.9005 20.7271 0
      vertex 32.8057 21.8271 0
      vertex 33.4005 16.397 0
    endloop
  endfacet
  facet normal -0 0 -1
    outer loop
      vertex 32.8057 21.8271 0
      vertex 30.9005 20.7271 0
      vertex 32.3019 22.618 0
    endloop
  endfacet
  facet normal 0 0 -1
    outer loop
      vertex 23.0143 10.4006 0
      vertex 30.9005 20.7271 0
      vertex 33.4005 16.397 0
    endloop
  endfacet
  facet normal -0 0 -1
    outer loop
      vertex 24.4057 6.53949 0
      vertex 22.2807 5.97008 0
      vertex 23.7429 8.64171 0
    endloop
  endfacet
  facet normal 0 0 -1
    outer loop
      vertex 21.6756 7.88925 0
      vertex 23.7429 8.64171 0
      vertex 22.2807 5.97008 0
    endloop
  endfacet
  facet normal 0 0 -1
    outer loop
      vertex 21.0945 9.29214 0
      vertex 23.7429 8.64171 0
      vertex 21.6756 7.88925 0
    endloop
  endfacet
  facet normal 0 0 -1
    outer loop
      vertex 23.7429 8.64171 0
      vertex 21.0945 9.29214 0
      vertex 23.0143 10.4006 0
    endloop
  endfacet
  facet normal 0 0 -1
    outer loop
      vertex 20.5143 14.7307 0
      vertex 23.0143 10.4006 0
      vertex 21.0945 9.29214 0
    endloop
  endfacet
  facet normal 0 0 -1
    outer loop
      vertex 23.0143 10.4006 0
      vertex 20.5143 14.7307 0
      vertex 30.9005 20.7271 0
    endloop
  endfacet
  facet normal 0 0 -1
    outer loop
      vertex 18.5945 13.6223 0
      vertex 20.5143 14.7307 0
      vertex 21.0945 9.29214 0
    endloop
  endfacet
  facet normal -0 0 -1
    outer loop
      vertex 20.5143 14.7307 0
      vertex 18.5945 13.6223 0
      vertex 19.3554 16.2411 0
    endloop
  endfacet
  facet normal 0 0 -1
    outer loop
      vertex 9.63208 2.67435 0
      vertex 18.5945 13.6223 0
      vertex 21.0945 9.29214 0
    endloop
  endfacet
  facet normal 0 0 -1
    outer loop
      vertex 9.63208 2.67435 0
      vertex 7.13208 7.00446 0
      vertex 18.5945 13.6223 0
    endloop
  endfacet
  facet normal -0 0 -1
    outer loop
      vertex 9.65926 2.58818 0
      vertex 4.34667 1.16469 0
      vertex 9.63208 2.67435 0
    endloop
  endfacet
  facet normal 0 0 -1
    outer loop
      vertex 1.76362 -1.01822 0
      vertex 7.13208 -7.00446 0
      vertex 7.07106 -7.07106 0
    endloop
  endfacet
  facet normal -0 0 -1
    outer loop
      vertex 9.63208 2.67435 0
      vertex 4.34667 1.16469 0
      vertex 7.13208 7.00446 0
    endloop
  endfacet
  facet normal 0 0 -1
    outer loop
      vertex 1.76362 -1.01822 0
      vertex 7.07106 -7.07106 0
      vertex 6.42787 -7.66043 0
    endloop
  endfacet
  facet normal -0 0 -1
    outer loop
      vertex 7.13208 7.00446 0
      vertex 4.34667 1.16469 0
      vertex 7.07106 7.07106 0
    endloop
  endfacet
  facet normal 0 0 -1
    outer loop
      vertex 1.76362 -1.01822 0
      vertex 6.42787 -7.66043 0
      vertex 5.73576 -8.19151 0
    endloop
  endfacet
  facet normal -0 0 -1
    outer loop
      vertex 7.07106 7.07106 0
      vertex 4.34667 1.16469 0
      vertex 6.42787 7.66043 0
    endloop
  endfacet
  facet normal 0 0 -1
    outer loop
      vertex 1.76362 -1.01822 0
      vertex 5.73576 -8.19151 0
      vertex 5 -8.66025 0
    endloop
  endfacet
  facet normal -0 0 -1
    outer loop
      vertex 6.42787 7.66043 0
      vertex 4.34667 1.16469 0
      vertex 5.73576 8.19151 0
    endloop
  endfacet
  facet normal 0 0 -1
    outer loop
      vertex 1.01822 1.76362 0
      vertex 5.73576 8.19151 0
      vertex 4.34667 1.16469 0
    endloop
  endfacet
  facet normal 0 0 -1
    outer loop
      vertex 1.76362 -1.01822 0
      vertex 5 -8.66025 0
      vertex 4.22618 -9.06306 0
    endloop
  endfacet
  facet normal 0 0 -1
    outer loop
      vertex 1.76362 -1.01822 0
      vertex 4.22618 -9.06306 0
      vertex 3.4202 -9.39691 0
    endloop
  endfacet
  facet normal 0 0 -1
    outer loop
      vertex 1.76362 -1.01822 0
      vertex 3.4202 -9.39691 0
      vertex 2.58818 -9.65926 0
    endloop
  endfacet
  facet normal 0 0 -1
    outer loop
      vertex 1.76362 -1.01822 0
      vertex 2.58818 -9.65926 0
      vertex 2.5 -9.6788 0
    endloop
  endfacet
  facet normal 0 0 -1
    outer loop
      vertex 9.63208 -2.67435 0
      vertex 1.76362 -1.01822 0
      vertex 4.34667 1.16469 0
    endloop
  endfacet
  facet normal -0 0 -1
    outer loop
      vertex 39.3193 27.5317 0
      vertex 36.0427 25.2374 0
      vertex 36.7701 30.8538 0
    endloop
  endfacet
  facet normal 0 0 -1
    outer loop
      vertex 33.7059 28.2827 0
      vertex 36.7701 30.8538 0
      vertex 36.0427 25.2374 0
    endloop
  endfacet
  facet normal -0 0 -1
    outer loop
      vertex 36.7701 30.8538 0
      vertex 33.7059 28.2827 0
      vertex 33.9411 33.9411 0
    endloop
  endfacet
  facet normal 0 0 -1
    outer loop
      vertex 31.1127 31.1127 0
      vertex 33.9411 33.9411 0
      vertex 33.7059 28.2827 0
    endloop
  endfacet
  facet normal 0 0 -1
    outer loop
      vertex 31.1127 31.1127 0
      vertex 30.8538 36.7701 0
      vertex 33.9411 33.9411 0
    endloop
  endfacet
  facet normal 0 0 -1
    outer loop
      vertex 28.2827 33.7059 0
      vertex 30.8538 36.7701 0
      vertex 31.1127 31.1127 0
    endloop
  endfacet
  facet normal 0 0 -1
    outer loop
      vertex 28.2827 33.7059 0
      vertex 27.5317 39.3193 0
      vertex 30.8538 36.7701 0
    endloop
  endfacet
  facet normal 0 0 -1
    outer loop
      vertex 25.2374 36.0427 0
      vertex 27.5317 39.3193 0
      vertex 28.2827 33.7059 0
    endloop
  endfacet
  facet normal 0 0 -1
    outer loop
      vertex 25.2374 36.0427 0
      vertex 24 41.5692 0
      vertex 27.5317 39.3193 0
    endloop
  endfacet
  facet normal 0 0 -1
    outer loop
      vertex 22 38.1051 0
      vertex 24 41.5692 0
      vertex 25.2374 36.0427 0
    endloop
  endfacet
  facet normal 0 0 -1
    outer loop
      vertex 22 38.1051 0
      vertex 20.2857 43.5028 0
      vertex 24 41.5692 0
    endloop
  endfacet
  facet normal 0 0 -1
    outer loop
      vertex 18.5952 39.8775 0
      vertex 20.2857 43.5028 0
      vertex 22 38.1051 0
    endloop
  endfacet
  facet normal 0 0 -1
    outer loop
      vertex 18.5952 39.8775 0
      vertex 16.417 45.1052 0
      vertex 20.2857 43.5028 0
    endloop
  endfacet
  facet normal 0 0 -1
    outer loop
      vertex 15.0489 41.3465 0
      vertex 16.417 45.1052 0
      vertex 18.5952 39.8775 0
    endloop
  endfacet
  facet normal 0 0 -1
    outer loop
      vertex 15.0489 41.3465 0
      vertex 12.4233 46.3644 0
      vertex 16.417 45.1052 0
    endloop
  endfacet
  facet normal 0 0 -1
    outer loop
      vertex 11.388 42.5007 0
      vertex 12.4233 46.3644 0
      vertex 15.0489 41.3465 0
    endloop
  endfacet
  facet normal 0 0 -1
    outer loop
      vertex 11.388 42.5007 0
      vertex 8.3351 47.2708 0
      vertex 12.4233 46.3644 0
    endloop
  endfacet
  facet normal 0 0 -1
    outer loop
      vertex 7.64052 43.3315 0
      vertex 8.3351 47.2708 0
      vertex 11.388 42.5007 0
    endloop
  endfacet
  facet normal 0 0 -1
    outer loop
      vertex 7.64052 43.3315 0
      vertex 4.18347 47.8173 0
      vertex 8.3351 47.2708 0
    endloop
  endfacet
  facet normal 0 0 -1
    outer loop
      vertex 3.83484 43.8326 0
      vertex 4.18347 47.8173 0
      vertex 7.64052 43.3315 0
    endloop
  endfacet
  facet normal 0 0 -1
    outer loop
      vertex 2.5 43.8909 0
      vertex 4.18347 47.8173 0
      vertex 3.83484 43.8326 0
    endloop
  endfacet
  facet normal 0 0 -1
    outer loop
      vertex 2.5 43.8909 0
      vertex 0 48 0
      vertex 4.18347 47.8173 0
    endloop
  endfacet
  facet normal 0 0 -1
    outer loop
      vertex 2.5 25.1313 0
      vertex -2.5 25.1313 0
      vertex 2.5 37.1242 0
    endloop
  endfacet
  facet normal -0 0 -1
    outer loop
      vertex 2.5 9.6788 0
      vertex -1.16469 4.34667 0
      vertex -2.5 9.6788 0
    endloop
  endfacet
  facet normal 0 0 -1
    outer loop
      vertex -7.13208 7.00446 0
      vertex -1.16469 4.34667 0
      vertex -1.76362 1.01822 0
    endloop
  endfacet
  facet normal 0 0 -1
    outer loop
      vertex 2.5 9.6788 0
      vertex -2.5 9.6788 0
      vertex -2.5 22.9144 0
    endloop
  endfacet
  facet normal 0 0 -1
    outer loop
      vertex 2.5 37.1242 0
      vertex -2.5 37.1242 0
      vertex 2.5 39.3242 0
    endloop
  endfacet
  facet normal 0 0 -1
    outer loop
      vertex -2.5 39.3242 0
      vertex 2.5 39.3242 0
      vertex -2.5 37.1242 0
    endloop
  endfacet
  facet normal 0 0 -1
    outer loop
      vertex 2.5 39.3242 0
      vertex -2.5 39.3242 0
      vertex 2.5 43.8909 0
    endloop
  endfacet
  facet normal 0 0 -1
    outer loop
      vertex -2.5 43.8909 0
      vertex 2.5 43.8909 0
      vertex -2.5 39.3242 0
    endloop
  endfacet
  facet normal 0 0 -1
    outer loop
      vertex 2.5 43.8909 0
      vertex -2.5 43.8909 0
      vertex 0 48 0
    endloop
  endfacet
  facet normal 0 0 -1
    outer loop
      vertex -4.18347 47.8173 0
      vertex -2.5 43.8909 0
      vertex -3.83484 43.8326 0
    endloop
  endfacet
  facet normal 0 0 -1
    outer loop
      vertex -2.5 43.8909 0
      vertex -4.18347 47.8173 0
      vertex 0 48 0
    endloop
  endfacet
  facet normal 0 0 -1
    outer loop
      vertex -7.64052 43.3315 0
      vertex -4.18347 47.8173 0
      vertex -3.83484 43.8326 0
    endloop
  endfacet
  facet normal 0 0 -1
    outer loop
      vertex -7.64052 43.3315 0
      vertex -8.3351 47.2708 0
      vertex -4.18347 47.8173 0
    endloop
  endfacet
  facet normal 0 0 -1
    outer loop
      vertex -11.388 42.5007 0
      vertex -8.3351 47.2708 0
      vertex -7.64052 43.3315 0
    endloop
  endfacet
  facet normal 0 0 -1
    outer loop
      vertex -11.388 42.5007 0
      vertex -12.4233 46.3644 0
      vertex -8.3351 47.2708 0
    endloop
  endfacet
  facet normal 0 0 -1
    outer loop
      vertex -15.0489 41.3465 0
      vertex -12.4233 46.3644 0
      vertex -11.388 42.5007 0
    endloop
  endfacet
  facet normal 0 0 -1
    outer loop
      vertex -15.0489 41.3465 0
      vertex -16.417 45.1052 0
      vertex -12.4233 46.3644 0
    endloop
  endfacet
  facet normal 0 0 -1
    outer loop
      vertex -18.5952 39.8775 0
      vertex -16.417 45.1052 0
      vertex -15.0489 41.3465 0
    endloop
  endfacet
  facet normal 0 0 -1
    outer loop
      vertex -18.5952 39.8775 0
      vertex -20.2857 43.5028 0
      vertex -16.417 45.1052 0
    endloop
  endfacet
  facet normal 0 0 -1
    outer loop
      vertex -22 38.1051 0
      vertex -20.2857 43.5028 0
      vertex -18.5952 39.8775 0
    endloop
  endfacet
  facet normal 0 0 -1
    outer loop
      vertex -22 38.1051 0
      vertex -24 41.5692 0
      vertex -20.2857 43.5028 0
    endloop
  endfacet
  facet normal 0 0 -1
    outer loop
      vertex -25.2374 36.0427 0
      vertex -24 41.5692 0
      vertex -22 38.1051 0
    endloop
  endfacet
  facet normal 0 0 -1
    outer loop
      vertex -25.2374 36.0427 0
      vertex -27.5317 39.3193 0
      vertex -24 41.5692 0
    endloop
  endfacet
  facet normal 0 0 -1
    outer loop
      vertex -28.2827 33.7059 0
      vertex -27.5317 39.3193 0
      vertex -25.2374 36.0427 0
    endloop
  endfacet
  facet normal 0 0 -1
    outer loop
      vertex -28.2827 33.7059 0
      vertex -30.8538 36.7701 0
      vertex -27.5317 39.3193 0
    endloop
  endfacet
  facet normal 0 0 -1
    outer loop
      vertex -31.1127 31.1127 0
      vertex -30.8538 36.7701 0
      vertex -28.2827 33.7059 0
    endloop
  endfacet
  facet normal 0 0 -1
    outer loop
      vertex -33.9411 33.9411 0
      vertex -31.1127 31.1127 0
      vertex -33.7059 28.2827 0
    endloop
  endfacet
  facet normal 0 0 -1
    outer loop
      vertex -31.1127 31.1127 0
      vertex -33.9411 33.9411 0
      vertex -30.8538 36.7701 0
    endloop
  endfacet
  facet normal 0 0 -1
    outer loop
      vertex -36.7701 30.8538 0
      vertex -33.7059 28.2827 0
      vertex -36.0427 25.2374 0
    endloop
  endfacet
  facet normal 0 0 -1
    outer loop
      vertex -36.7701 30.8538 0
      vertex -36.0427 25.2374 0
      vertex -36.7606 24.1105 0
    endloop
  endfacet
  facet normal 0 0 -1
    outer loop
      vertex -33.7059 28.2827 0
      vertex -36.7701 30.8538 0
      vertex -33.9411 33.9411 0
    endloop
  endfacet
  facet normal 0 0 -1
    outer loop
      vertex 37.2333 0 0
      vertex 39.4333 0 0
      vertex 39.2833 -3.43683 0
    endloop
  endfacet
  facet normal 0 0 -1
    outer loop
      vertex 37.0916 -3.24509 0
      vertex 39.2833 -3.43683 0
      vertex 38.8342 -6.84752 0
    endloop
  endfacet
  facet normal 0 0 -1
    outer loop
      vertex 39.4333 0 0
      vertex 37.2333 0 0
      vertex 39.2833 3.43683 0
    endloop
  endfacet
  facet normal 0 0 -1
    outer loop
      vertex 36.6677 -6.4655 0
      vertex 38.8342 -6.84752 0
      vertex 38.0897 -10.2061 0
    endloop
  endfacet
  facet normal 0 0 -1
    outer loop
      vertex 37.0916 3.24509 0
      vertex 39.2833 3.43683 0
      vertex 37.2333 0 0
    endloop
  endfacet
  facet normal -0 0 -1
    outer loop
      vertex 39.2833 3.43683 0
      vertex 37.0916 3.24509 0
      vertex 38.8342 6.84752 0
    endloop
  endfacet
  facet normal 0 0 -1
    outer loop
      vertex 39.2833 -3.43683 0
      vertex 37.0916 -3.24509 0
      vertex 37.2333 0 0
    endloop
  endfacet
  facet normal 0 0 -1
    outer loop
      vertex 35.9646 -9.63669 0
      vertex 38.0897 -10.2061 0
      vertex 37.0552 -13.487 0
    endloop
  endfacet
  facet normal 0 0 -1
    outer loop
      vertex 38.8342 -6.84752 0
      vertex 36.6677 -6.4655 0
      vertex 37.0916 -3.24509 0
    endloop
  endfacet
  facet normal 0 0 -1
    outer loop
      vertex 38.0897 -10.2061 0
      vertex 35.9646 -9.63669 0
      vertex 36.6677 -6.4655 0
    endloop
  endfacet
  facet normal 0 0 -1
    outer loop
      vertex 34.9879 -12.7345 0
      vertex 37.0552 -13.487 0
      vertex 35.7387 -16.6652 0
    endloop
  endfacet
  facet normal 0 0 -1
    outer loop
      vertex 33.7449 -15.7355 0
      vertex 35.7387 -16.6652 0
      vertex 35.3057 -17.497 0
    endloop
  endfacet
  facet normal 0 0 -1
    outer loop
      vertex 37.0552 -13.487 0
      vertex 34.9879 -12.7345 0
      vertex 35.9646 -9.63669 0
    endloop
  endfacet
  facet normal 0 0 -1
    outer loop
      vertex 36.6677 6.4655 0
      vertex 38.8342 6.84752 0
      vertex 37.0916 3.24509 0
    endloop
  endfacet
  facet normal -0 0 -1
    outer loop
      vertex 38.8342 6.84752 0
      vertex 36.6677 6.4655 0
      vertex 38.0897 10.2061 0
    endloop
  endfacet
  facet normal 0 0 -1
    outer loop
      vertex 35.9646 9.63669 0
      vertex 38.0897 10.2061 0
      vertex 36.6677 6.4655 0
    endloop
  endfacet
  facet normal -0 0 -1
    outer loop
      vertex 38.0897 10.2061 0
      vertex 35.9646 9.63669 0
      vertex 37.0552 13.487 0
    endloop
  endfacet
  facet normal 0 0 -1
    outer loop
      vertex 34.9879 12.7345 0
      vertex 37.0552 13.487 0
      vertex 35.9646 9.63669 0
    endloop
  endfacet
  facet normal -0 0 -1
    outer loop
      vertex 37.0552 13.487 0
      vertex 34.9879 12.7345 0
      vertex 35.7387 16.6652 0
    endloop
  endfacet
  facet normal 0 0 -1
    outer loop
      vertex 33.7449 15.7355 0
      vertex 35.7387 16.6652 0
      vertex 34.9879 12.7345 0
    endloop
  endfacet
  facet normal 0 0 1
    outer loop
      vertex -7.64052 -43.3315 2.4
      vertex -10 -43.5 2.4
      vertex -6.36087 -43.5 2.4
    endloop
  endfacet
  facet normal 0 0 1
    outer loop
      vertex -11.388 -42.5007 2.4
      vertex -10 -43.5 2.4
      vertex -7.64052 -43.3315 2.4
    endloop
  endfacet
  facet normal -0 0 1
    outer loop
      vertex -11.6469 -43.4667 2.4
      vertex -10 -43.5 2.4
      vertex -11.388 -42.5007 2.4
    endloop
  endfacet
  facet normal 0 0 1
    outer loop
      vertex -10 -43.5 2.4
      vertex -11.6469 -43.4667 2.4
      vertex -10 -43.8318 2.4
    endloop
  endfacet
  facet normal 0 0 1
    outer loop
      vertex -15.0489 -41.3465 2.4
      vertex -11.6469 -43.4667 2.4
      vertex -11.388 -42.5007 2.4
    endloop
  endfacet
  facet normal 0 0 1
    outer loop
      vertex -15.0489 -41.3465 2.4
      vertex -15.3909 -42.2862 2.4
      vertex -11.6469 -43.4667 2.4
    endloop
  endfacet
  facet normal 0 0 1
    outer loop
      vertex -18.5952 -39.8775 2.4
      vertex -15.3909 -42.2862 2.4
      vertex -15.0489 -41.3465 2.4
    endloop
  endfacet
  facet normal 0 0 1
    outer loop
      vertex -18.5952 -39.8775 2.4
      vertex -19.0178 -40.7838 2.4
      vertex -15.3909 -42.2862 2.4
    endloop
  endfacet
  facet normal 0 0 1
    outer loop
      vertex -22 -38.1051 2.4
      vertex -19.0178 -40.7838 2.4
      vertex -18.5952 -39.8775 2.4
    endloop
  endfacet
  facet normal 0 0 1
    outer loop
      vertex -22 -38.1051 2.4
      vertex -22.5 -38.9711 2.4
      vertex -19.0178 -40.7838 2.4
    endloop
  endfacet
  facet normal 0 0 1
    outer loop
      vertex -25.2374 -36.0427 2.4
      vertex -22.5 -38.9711 2.4
      vertex -22 -38.1051 2.4
    endloop
  endfacet
  facet normal 0 0 1
    outer loop
      vertex -25.2374 -36.0427 2.4
      vertex -25.8109 -36.8618 2.4
      vertex -22.5 -38.9711 2.4
    endloop
  endfacet
  facet normal 0 0 1
    outer loop
      vertex -28.2827 -33.7059 2.4
      vertex -25.8109 -36.8618 2.4
      vertex -25.2374 -36.0427 2.4
    endloop
  endfacet
  facet normal 0 0 1
    outer loop
      vertex -28.2827 -33.7059 2.4
      vertex -28.9254 -34.472 2.4
      vertex -25.8109 -36.8618 2.4
    endloop
  endfacet
  facet normal 0 0 1
    outer loop
      vertex -31.1127 -31.1127 2.4
      vertex -28.9254 -34.472 2.4
      vertex -28.2827 -33.7059 2.4
    endloop
  endfacet
  facet normal 0 0 1
    outer loop
      vertex -31.1127 -31.1127 2.4
      vertex -31.8198 -31.8198 2.4
      vertex -28.9254 -34.472 2.4
    endloop
  endfacet
  facet normal 0 0 1
    outer loop
      vertex -33.7059 -28.2827 2.4
      vertex -31.8198 -31.8198 2.4
      vertex -31.1127 -31.1127 2.4
    endloop
  endfacet
  facet normal 0 0 1
    outer loop
      vertex -33.7059 -28.2827 2.4
      vertex -34.472 -28.9254 2.4
      vertex -31.8198 -31.8198 2.4
    endloop
  endfacet
  facet normal 0 0 1
    outer loop
      vertex -36.0427 -25.2374 2.4
      vertex -34.472 -28.9254 2.4
      vertex -33.7059 -28.2827 2.4
    endloop
  endfacet
  facet normal 0 0 1
    outer loop
      vertex -36.8618 -25.8109 2.4
      vertex -36.0427 -25.2374 2.4
      vertex -36.7606 -24.1105 2.4
    endloop
  endfacet
  facet normal 0 0 1
    outer loop
      vertex -36.0427 -25.2374 2.4
      vertex -36.8618 -25.8109 2.4
      vertex -34.472 -28.9254 2.4
    endloop
  endfacet
  facet normal 0 0 1
    outer loop
      vertex -33.7449 -15.7355 2.4
      vertex -35.7387 -16.6652 2.4
      vertex -35.3057 -17.497 2.4
    endloop
  endfacet
  facet normal 0 0 1
    outer loop
      vertex -37.0552 -13.487 2.4
      vertex -34.9879 -12.7345 2.4
      vertex -35.9646 -9.63669 2.4
    endloop
  endfacet
  facet normal 0 0 1
    outer loop
      vertex -38.0897 -10.2061 2.4
      vertex -35.9646 -9.63669 2.4
      vertex -36.6677 -6.4655 2.4
    endloop
  endfacet
  facet normal 0 0 1
    outer loop
      vertex -34.9879 -12.7345 2.4
      vertex -37.0552 -13.487 2.4
      vertex -35.7387 -16.6652 2.4
    endloop
  endfacet
  facet normal 0 0 1
    outer loop
      vertex -38.8342 -6.84752 2.4
      vertex -36.6677 -6.4655 2.4
      vertex -37.0916 -3.24509 2.4
    endloop
  endfacet
  facet normal 0 0 1
    outer loop
      vertex -39.2833 -3.43683 2.4
      vertex -37.0916 -3.24509 2.4
      vertex -37.2333 0 2.4
    endloop
  endfacet
  facet normal -0 0 1
    outer loop
      vertex -39.2833 3.43683 2.4
      vertex -37.0916 3.24509 2.4
      vertex -38.8342 6.84752 2.4
    endloop
  endfacet
  facet normal 0 0 1
    outer loop
      vertex -35.9646 -9.63669 2.4
      vertex -38.0897 -10.2061 2.4
      vertex -37.0552 -13.487 2.4
    endloop
  endfacet
  facet normal 0 0 1
    outer loop
      vertex -37.0916 3.24509 2.4
      vertex -39.2833 3.43683 2.4
      vertex -37.2333 0 2.4
    endloop
  endfacet
  facet normal 0 0 1
    outer loop
      vertex -36.6677 -6.4655 2.4
      vertex -38.8342 -6.84752 2.4
      vertex -38.0897 -10.2061 2.4
    endloop
  endfacet
  facet normal 0 0 1
    outer loop
      vertex -39.4333 0 2.4
      vertex -37.2333 0 2.4
      vertex -39.2833 3.43683 2.4
    endloop
  endfacet
  facet normal 0 0 1
    outer loop
      vertex -37.0916 -3.24509 2.4
      vertex -39.2833 -3.43683 2.4
      vertex -38.8342 -6.84752 2.4
    endloop
  endfacet
  facet normal 0 0 1
    outer loop
      vertex -37.2333 0 2.4
      vertex -39.4333 0 2.4
      vertex -39.2833 -3.43683 2.4
    endloop
  endfacet
  facet normal 0 0 1
    outer loop
      vertex -33.7449 15.7355 2.4
      vertex -35.7387 16.6652 2.4
      vertex -34.9879 12.7345 2.4
    endloop
  endfacet
  facet normal -0 0 1
    outer loop
      vertex -37.0552 13.487 2.4
      vertex -34.9879 12.7345 2.4
      vertex -35.7387 16.6652 2.4
    endloop
  endfacet
  facet normal 0 0 1
    outer loop
      vertex -34.9879 12.7345 2.4
      vertex -37.0552 13.487 2.4
      vertex -35.9646 9.63669 2.4
    endloop
  endfacet
  facet normal -0 0 1
    outer loop
      vertex -38.0897 10.2061 2.4
      vertex -35.9646 9.63669 2.4
      vertex -37.0552 13.487 2.4
    endloop
  endfacet
  facet normal 0 0 1
    outer loop
      vertex -35.9646 9.63669 2.4
      vertex -38.0897 10.2061 2.4
      vertex -36.6677 6.4655 2.4
    endloop
  endfacet
  facet normal -0 0 1
    outer loop
      vertex -38.8342 6.84752 2.4
      vertex -36.6677 6.4655 2.4
      vertex -38.0897 10.2061 2.4
    endloop
  endfacet
  facet normal 0 0 1
    outer loop
      vertex -36.6677 6.4655 2.4
      vertex -38.8342 6.84752 2.4
      vertex -37.0916 3.24509 2.4
    endloop
  endfacet
  facet normal 0 0 1
    outer loop
      vertex -19.4874 16.069 2.4
      vertex -20.5143 14.7307 2.4
      vertex -19.4874 15.7032 2.4
    endloop
  endfacet
  facet normal 0 0 1
    outer loop
      vertex -18.5788 13.6426 2.4
      vertex -18.8998 14.0401 2.4
      vertex -18.5945 13.6223 2.4
    endloop
  endfacet
  facet normal 0 0 1
    outer loop
      vertex -9.84807 1.73648 2.4
      vertex -9.63208 2.67435 2.4
      vertex -9.65926 2.58818 2.4
    endloop
  endfacet
  facet normal 0 0 1
    outer loop
      vertex -9.63208 2.67435 2.4
      vertex -9.84807 1.73648 2.4
      vertex -9.63208 -2.67435 2.4
    endloop
  endfacet
  facet normal -0 0 1
    outer loop
      vertex -9.84807 -1.73648 2.4
      vertex -9.63208 -2.67435 2.4
      vertex -9.84807 1.73648 2.4
    endloop
  endfacet
  facet normal 0 0 1
    outer loop
      vertex -9.63208 -2.67435 2.4
      vertex -9.84807 -1.73648 2.4
      vertex -9.65926 -2.58818 2.4
    endloop
  endfacet
  facet normal -0 0 1
    outer loop
      vertex -9.96194 0.871552 2.4
      vertex -9.84807 -1.73648 2.4
      vertex -9.84807 1.73648 2.4
    endloop
  endfacet
  facet normal 0 0 1
    outer loop
      vertex -9.96194 0.871552 2.4
      vertex -9.96194 -0.871552 2.4
      vertex -9.84807 -1.73648 2.4
    endloop
  endfacet
  facet normal 0 -0 1
    outer loop
      vertex -9.96194 -0.871552 2.4
      vertex -9.96194 0.871552 2.4
      vertex -10 0 2.4
    endloop
  endfacet
  facet normal 0 0 1
    outer loop
      vertex -3.24509 -37.0916 2.4
      vertex -2.5 -39.3242 2.4
      vertex -2.5 -37.1242 2.4
    endloop
  endfacet
  facet normal 0 0 1
    outer loop
      vertex -3.24509 -37.0916 2.4
      vertex -3.43683 -39.2833 2.4
      vertex -2.5 -39.3242 2.4
    endloop
  endfacet
  facet normal 0 0 1
    outer loop
      vertex -6.4655 -36.6677 2.4
      vertex -3.43683 -39.2833 2.4
      vertex -3.24509 -37.0916 2.4
    endloop
  endfacet
  facet normal 0 0 1
    outer loop
      vertex -6.4655 -36.6677 2.4
      vertex -6.84752 -38.8342 2.4
      vertex -3.43683 -39.2833 2.4
    endloop
  endfacet
  facet normal 0 0 1
    outer loop
      vertex -9.63669 -35.9646 2.4
      vertex -6.84752 -38.8342 2.4
      vertex -6.4655 -36.6677 2.4
    endloop
  endfacet
  facet normal 0 0 1
    outer loop
      vertex -9.63669 -35.9646 2.4
      vertex -10.2061 -38.0897 2.4
      vertex -6.84752 -38.8342 2.4
    endloop
  endfacet
  facet normal 0 0 1
    outer loop
      vertex -12.7345 -34.9879 2.4
      vertex -10.2061 -38.0897 2.4
      vertex -9.63669 -35.9646 2.4
    endloop
  endfacet
  facet normal 0 0 1
    outer loop
      vertex -12.7345 -34.9879 2.4
      vertex -13.487 -37.0552 2.4
      vertex -10.2061 -38.0897 2.4
    endloop
  endfacet
  facet normal 0 0 1
    outer loop
      vertex -15.7355 -33.7449 2.4
      vertex -13.487 -37.0552 2.4
      vertex -12.7345 -34.9879 2.4
    endloop
  endfacet
  facet normal 0 0 1
    outer loop
      vertex -15.7355 -33.7449 2.4
      vertex -16.6652 -35.7387 2.4
      vertex -13.487 -37.0552 2.4
    endloop
  endfacet
  facet normal 0 0 1
    outer loop
      vertex -18.6167 -32.245 2.4
      vertex -16.6652 -35.7387 2.4
      vertex -15.7355 -33.7449 2.4
    endloop
  endfacet
  facet normal 0 0 1
    outer loop
      vertex -18.6167 -32.245 2.4
      vertex -19.7167 -34.1503 2.4
      vertex -16.6652 -35.7387 2.4
    endloop
  endfacet
  facet normal 0 0 1
    outer loop
      vertex -21.3562 -30.4998 2.4
      vertex -19.7167 -34.1503 2.4
      vertex -18.6167 -32.245 2.4
    endloop
  endfacet
  facet normal 0 0 1
    outer loop
      vertex -21.3562 -30.4998 2.4
      vertex -22.618 -32.3019 2.4
      vertex -19.7167 -34.1503 2.4
    endloop
  endfacet
  facet normal 0 0 1
    outer loop
      vertex -23.9331 -28.5224 2.4
      vertex -22.618 -32.3019 2.4
      vertex -21.3562 -30.4998 2.4
    endloop
  endfacet
  facet normal 0 0 1
    outer loop
      vertex -23.9331 -28.5224 2.4
      vertex -25.3472 -30.2077 2.4
      vertex -22.618 -32.3019 2.4
    endloop
  endfacet
  facet normal 0 0 1
    outer loop
      vertex -26.3279 -26.3279 2.4
      vertex -25.3472 -30.2077 2.4
      vertex -23.9331 -28.5224 2.4
    endloop
  endfacet
  facet normal 0 0 1
    outer loop
      vertex -26.3279 -26.3279 2.4
      vertex -27.8836 -27.8836 2.4
      vertex -25.3472 -30.2077 2.4
    endloop
  endfacet
  facet normal 0 0 1
    outer loop
      vertex -28.5224 -23.9331 2.4
      vertex -27.8836 -27.8836 2.4
      vertex -26.3279 -26.3279 2.4
    endloop
  endfacet
  facet normal 0 0 1
    outer loop
      vertex -28.5224 -23.9331 2.4
      vertex -30.2077 -25.3472 2.4
      vertex -27.8836 -27.8836 2.4
    endloop
  endfacet
  facet normal 0 0 1
    outer loop
      vertex -30.4998 -21.3562 2.4
      vertex -30.2077 -25.3472 2.4
      vertex -28.5224 -23.9331 2.4
    endloop
  endfacet
  facet normal 0 0 1
    outer loop
      vertex -32.3019 -22.618 2.4
      vertex -30.4998 -21.3562 2.4
      vertex -30.9005 -20.7271 2.4
    endloop
  endfacet
  facet normal 0 0 1
    outer loop
      vertex -30.4998 -21.3562 2.4
      vertex -32.3019 -22.618 2.4
      vertex -30.2077 -25.3472 2.4
    endloop
  endfacet
  facet normal 0 0 1
    outer loop
      vertex -4.3875 -24.8828 2.4
      vertex -2.5 -22.9144 2.4
      vertex -4.00548 -22.7162 2.4
    endloop
  endfacet
  facet normal 0 0 1
    outer loop
      vertex -2.5 -22.9144 2.4
      vertex -4.3875 -24.8828 2.4
      vertex -2.5 -25.1313 2.4
    endloop
  endfacet
  facet normal 0 0 1
    outer loop
      vertex -5.97008 -22.2807 2.4
      vertex -4.3875 -24.8828 2.4
      vertex -4.00548 -22.7162 2.4
    endloop
  endfacet
  facet normal 0 0 1
    outer loop
      vertex -5.97008 -22.2807 2.4
      vertex -6.53949 -24.4057 2.4
      vertex -4.3875 -24.8828 2.4
    endloop
  endfacet
  facet normal 0 0 1
    outer loop
      vertex -7.88925 -21.6756 2.4
      vertex -6.53949 -24.4057 2.4
      vertex -5.97008 -22.2807 2.4
    endloop
  endfacet
  facet normal 0 0 1
    outer loop
      vertex -7.88925 -21.6756 2.4
      vertex -8.64171 -23.7429 2.4
      vertex -6.53949 -24.4057 2.4
    endloop
  endfacet
  facet normal 0 0 1
    outer loop
      vertex -9.74838 -20.9055 2.4
      vertex -8.64171 -23.7429 2.4
      vertex -7.88925 -21.6756 2.4
    endloop
  endfacet
  facet normal 0 0 1
    outer loop
      vertex -9.74838 -20.9055 2.4
      vertex -10.6781 -22.8994 2.4
      vertex -8.64171 -23.7429 2.4
    endloop
  endfacet
  facet normal 0 0 1
    outer loop
      vertex -11.5333 -19.9763 2.4
      vertex -10.6781 -22.8994 2.4
      vertex -9.74838 -20.9055 2.4
    endloop
  endfacet
  facet normal 0 0 1
    outer loop
      vertex -11.5333 -19.9763 2.4
      vertex -12.6333 -21.8816 2.4
      vertex -10.6781 -22.8994 2.4
    endloop
  endfacet
  facet normal 0 0 1
    outer loop
      vertex -13.2305 -18.8951 2.4
      vertex -12.6333 -21.8816 2.4
      vertex -11.5333 -19.9763 2.4
    endloop
  endfacet
  facet normal -0 0 1
    outer loop
      vertex -13.6876 -18.6274 2.4
      vertex -13.2305 -18.8951 2.4
      vertex -13.6418 -18.5795 2.4
    endloop
  endfacet
  facet normal 0 0 1
    outer loop
      vertex -14.1649 -18.9804 2.4
      vertex -13.2305 -18.8951 2.4
      vertex -13.6876 -18.6274 2.4
    endloop
  endfacet
  facet normal 0 0 1
    outer loop
      vertex -13.2305 -18.8951 2.4
      vertex -14.1649 -18.9804 2.4
      vertex -14.4924 -20.6972 2.4
    endloop
  endfacet
  facet normal 0 0 1
    outer loop
      vertex -13.2305 -18.8951 2.4
      vertex -14.4924 -20.6972 2.4
      vertex -12.6333 -21.8816 2.4
    endloop
  endfacet
  facet normal -0 0 1
    outer loop
      vertex -14.695 -19.2476 2.4
      vertex -14.4924 -20.6972 2.4
      vertex -14.1649 -18.9804 2.4
    endloop
  endfacet
  facet normal -0 0 1
    outer loop
      vertex -15.2626 -19.4214 2.4
      vertex -14.4924 -20.6972 2.4
      vertex -14.695 -19.2476 2.4
    endloop
  endfacet
  facet normal -0 0 1
    outer loop
      vertex -15.8515 -19.4968 2.4
      vertex -14.4924 -20.6972 2.4
      vertex -15.2626 -19.4214 2.4
    endloop
  endfacet
  facet normal 0 0 1
    outer loop
      vertex -14.4924 -20.6972 2.4
      vertex -15.8515 -19.4968 2.4
      vertex -16.0688 -19.4876 2.4
    endloop
  endfacet
  facet normal 0 0 1
    outer loop
      vertex -3.4202 9.39691 2.4
      vertex -2.5 9.6788 2.4
      vertex -2.58818 9.65926 2.4
    endloop
  endfacet
  facet normal 0 0 1
    outer loop
      vertex -2.5 9.6788 2.4
      vertex -3.4202 9.39691 2.4
      vertex -2.5 -9.6788 2.4
    endloop
  endfacet
  facet normal -0 0 1
    outer loop
      vertex -3.4202 -9.39691 2.4
      vertex -2.5 -9.6788 2.4
      vertex -3.4202 9.39691 2.4
    endloop
  endfacet
  facet normal 0 0 1
    outer loop
      vertex -2.5 -9.6788 2.4
      vertex -3.4202 -9.39691 2.4
      vertex -2.58818 -9.65926 2.4
    endloop
  endfacet
  facet normal -0 0 1
    outer loop
      vertex -4.22618 9.06306 2.4
      vertex -3.4202 -9.39691 2.4
      vertex -3.4202 9.39691 2.4
    endloop
  endfacet
  facet normal 0 0 1
    outer loop
      vertex -4.22618 9.06306 2.4
      vertex -4.22618 -9.06306 2.4
      vertex -3.4202 -9.39691 2.4
    endloop
  endfacet
  facet normal -0 0 1
    outer loop
      vertex -5 8.66025 2.4
      vertex -4.22618 -9.06306 2.4
      vertex -4.22618 9.06306 2.4
    endloop
  endfacet
  facet normal 0 0 1
    outer loop
      vertex -5 8.66025 2.4
      vertex -5 -8.66025 2.4
      vertex -4.22618 -9.06306 2.4
    endloop
  endfacet
  facet normal -0 0 1
    outer loop
      vertex -5.73576 8.19151 2.4
      vertex -5 -8.66025 2.4
      vertex -5 8.66025 2.4
    endloop
  endfacet
  facet normal 0 0 1
    outer loop
      vertex -5.73576 8.19151 2.4
      vertex -5.73576 -8.19151 2.4
      vertex -5 -8.66025 2.4
    endloop
  endfacet
  facet normal -0 0 1
    outer loop
      vertex -6.42787 7.66043 2.4
      vertex -5.73576 -8.19151 2.4
      vertex -5.73576 8.19151 2.4
    endloop
  endfacet
  facet normal 0 0 1
    outer loop
      vertex -6.42787 7.66043 2.4
      vertex -6.42787 -7.66043 2.4
      vertex -5.73576 -8.19151 2.4
    endloop
  endfacet
  facet normal 0 0 1
    outer loop
      vertex -7.13208 7.00446 2.4
      vertex -6.42787 7.66043 2.4
      vertex -7.07106 7.07106 2.4
    endloop
  endfacet
  facet normal 0 0 1
    outer loop
      vertex -6.42787 7.66043 2.4
      vertex -7.13208 7.00446 2.4
      vertex -6.42787 -7.66043 2.4
    endloop
  endfacet
  facet normal -0 0 1
    outer loop
      vertex -7.13208 -7.00446 2.4
      vertex -6.42787 -7.66043 2.4
      vertex -7.13208 7.00446 2.4
    endloop
  endfacet
  facet normal 0 0 1
    outer loop
      vertex -6.42787 -7.66043 2.4
      vertex -7.13208 -7.00446 2.4
      vertex -7.07106 -7.07106 2.4
    endloop
  endfacet
  facet normal 0 0 1
    outer loop
      vertex -7.13208 7.00446 2.4
      vertex -9.63208 2.67435 2.4
      vertex -7.13208 -7.00446 2.4
    endloop
  endfacet
  facet normal 0 0 1
    outer loop
      vertex -16.8517 12.6161 2.4
      vertex -9.63208 2.67435 2.4
      vertex -7.13208 7.00446 2.4
    endloop
  endfacet
  facet normal 0 0 1
    outer loop
      vertex -21.0945 9.29214 2.4
      vertex -16.8517 12.6161 2.4
      vertex -17.0249 12.6534 2.4
    endloop
  endfacet
  facet normal 0 0 1
    outer loop
      vertex -21.0945 9.29214 2.4
      vertex -17.0249 12.6534 2.4
      vertex -17.5757 12.8748 2.4
    endloop
  endfacet
  facet normal 0 0 1
    outer loop
      vertex -21.0945 9.29214 2.4
      vertex -17.5757 12.8748 2.4
      vertex -18.0812 13.186 2.4
    endloop
  endfacet
  facet normal 0 0 1
    outer loop
      vertex -21.0945 9.29214 2.4
      vertex -18.0812 13.186 2.4
      vertex -18.5268 13.5782 2.4
    endloop
  endfacet
  facet normal 0 0 1
    outer loop
      vertex -18.5945 13.6223 2.4
      vertex -18.5268 13.5782 2.4
      vertex -18.5344 13.5876 2.4
    endloop
  endfacet
  facet normal 0 0 1
    outer loop
      vertex -21.0945 9.29214 2.4
      vertex -18.5268 13.5782 2.4
      vertex -18.5945 13.6223 2.4
    endloop
  endfacet
  facet normal 0 0 1
    outer loop
      vertex -20.5143 14.7307 2.4
      vertex -19.3871 15.1181 2.4
      vertex -19.4874 15.7032 2.4
    endloop
  endfacet
  facet normal -0 0 1
    outer loop
      vertex -20.5143 14.7307 2.4
      vertex -19.1893 14.5583 2.4
      vertex -19.3871 15.1181 2.4
    endloop
  endfacet
  facet normal 0 0 1
    outer loop
      vertex -20.5143 14.7307 2.4
      vertex -18.8998 14.0401 2.4
      vertex -19.1893 14.5583 2.4
    endloop
  endfacet
  facet normal 0 0 1
    outer loop
      vertex -20.5143 14.7307 2.4
      vertex -18.5945 13.6223 2.4
      vertex -18.8998 14.0401 2.4
    endloop
  endfacet
  facet normal 0 0 1
    outer loop
      vertex -21.0945 9.29214 2.4
      vertex -18.5945 13.6223 2.4
      vertex -20.5143 14.7307 2.4
    endloop
  endfacet
  facet normal 0 0 1
    outer loop
      vertex -16.8517 12.6161 2.4
      vertex -21.0945 9.29214 2.4
      vertex -9.63208 2.67435 2.4
    endloop
  endfacet
  facet normal -0 0 1
    outer loop
      vertex -23.0143 10.4006 2.4
      vertex -21.0945 9.29214 2.4
      vertex -20.5143 14.7307 2.4
    endloop
  endfacet
  facet normal 0 0 1
    outer loop
      vertex -23.7429 8.64171 2.4
      vertex -21.0945 9.29214 2.4
      vertex -23.0143 10.4006 2.4
    endloop
  endfacet
  facet normal 0 0 1
    outer loop
      vertex -21.0945 9.29214 2.4
      vertex -23.7429 8.64171 2.4
      vertex -21.6756 7.88925 2.4
    endloop
  endfacet
  facet normal -0 0 1
    outer loop
      vertex -24.4057 6.53949 2.4
      vertex -22.2807 5.97008 2.4
      vertex -23.7429 8.64171 2.4
    endloop
  endfacet
  facet normal 0 0 1
    outer loop
      vertex -21.6756 7.88925 2.4
      vertex -23.7429 8.64171 2.4
      vertex -22.2807 5.97008 2.4
    endloop
  endfacet
  facet normal 0 0 1
    outer loop
      vertex -30.9005 20.7271 2.4
      vertex -23.0143 10.4006 2.4
      vertex -20.5143 14.7307 2.4
    endloop
  endfacet
  facet normal -0 0 1
    outer loop
      vertex -32.8057 21.8271 2.4
      vertex -30.9005 20.7271 2.4
      vertex -32.3019 22.618 2.4
    endloop
  endfacet
  facet normal 0 0 1
    outer loop
      vertex -33.4005 16.397 2.4
      vertex -30.9005 20.7271 2.4
      vertex -32.8057 21.8271 2.4
    endloop
  endfacet
  facet normal 0 0 1
    outer loop
      vertex -30.9005 20.7271 2.4
      vertex -33.4005 16.397 2.4
      vertex -23.0143 10.4006 2.4
    endloop
  endfacet
  facet normal -0 0 1
    outer loop
      vertex -35.3057 17.497 2.4
      vertex -33.4005 16.397 2.4
      vertex -32.8057 21.8271 2.4
    endloop
  endfacet
  facet normal 0 0 1
    outer loop
      vertex -33.4005 16.397 2.4
      vertex -35.3057 17.497 2.4
      vertex -33.7449 15.7355 2.4
    endloop
  endfacet
  facet normal -0 0 1
    outer loop
      vertex -35.7387 16.6652 2.4
      vertex -33.7449 15.7355 2.4
      vertex -35.3057 17.497 2.4
    endloop
  endfacet
  facet normal 0 0 1
    outer loop
      vertex -36.7606 24.1105 2.4
      vertex -35.3057 17.497 2.4
      vertex -32.8057 21.8271 2.4
    endloop
  endfacet
  facet normal 0 0 1
    outer loop
      vertex -38.9711 22.5 2.4
      vertex -36.7606 24.1105 2.4
      vertex -36.8618 25.8109 2.4
    endloop
  endfacet
  facet normal -0 0 1
    outer loop
      vertex -38.9711 22.5 2.4
      vertex -35.3057 17.497 2.4
      vertex -36.7606 24.1105 2.4
    endloop
  endfacet
  facet normal 0 0 1
    outer loop
      vertex -38.9711 22.5 2.4
      vertex -39.2606 19.7803 2.4
      vertex -35.3057 17.497 2.4
    endloop
  endfacet
  facet normal 0 0 1
    outer loop
      vertex -40.7838 19.0178 2.4
      vertex -39.2606 19.7803 2.4
      vertex -38.9711 22.5 2.4
    endloop
  endfacet
  facet normal 0 0 1
    outer loop
      vertex -39.2606 19.7803 2.4
      vertex -40.7838 19.0178 2.4
      vertex -39.8775 18.5952 2.4
    endloop
  endfacet
  facet normal 0 0 1
    outer loop
      vertex -40.7838 19.0178 2.4
      vertex -41.3465 15.0489 2.4
      vertex -39.8775 18.5952 2.4
    endloop
  endfacet
  facet normal -0 0 1
    outer loop
      vertex -42.2862 15.3909 2.4
      vertex -41.3465 15.0489 2.4
      vertex -40.7838 19.0178 2.4
    endloop
  endfacet
  facet normal 0 0 1
    outer loop
      vertex -42.2862 15.3909 2.4
      vertex -42.5007 11.388 2.4
      vertex -41.3465 15.0489 2.4
    endloop
  endfacet
  facet normal -0 0 1
    outer loop
      vertex -43.4667 11.6469 2.4
      vertex -42.5007 11.388 2.4
      vertex -42.2862 15.3909 2.4
    endloop
  endfacet
  facet normal 0 0 1
    outer loop
      vertex -42.5007 11.388 2.4
      vertex -43.4667 11.6469 2.4
      vertex -43.3315 7.64052 2.4
    endloop
  endfacet
  facet normal -0 0 1
    outer loop
      vertex -44.3163 7.81416 2.4
      vertex -43.3315 7.64052 2.4
      vertex -43.4667 11.6469 2.4
    endloop
  endfacet
  facet normal -0 0 1
    outer loop
      vertex -44.8288 3.922 2.4
      vertex -43.8326 3.83484 2.4
      vertex -44.3163 7.81416 2.4
    endloop
  endfacet
  facet normal 0 0 1
    outer loop
      vertex -43.3315 7.64052 2.4
      vertex -44.3163 7.81416 2.4
      vertex -43.8326 3.83484 2.4
    endloop
  endfacet
  facet normal -0 0 1
    outer loop
      vertex -4.3875 24.8828 2.4
      vertex -2.5 22.9144 2.4
      vertex -2.5 25.1313 2.4
    endloop
  endfacet
  facet normal 0 0 1
    outer loop
      vertex -2.5 22.9144 2.4
      vertex -4.3875 24.8828 2.4
      vertex -4.00548 22.7162 2.4
    endloop
  endfacet
  facet normal 0 0 1
    outer loop
      vertex -4.3875 24.8828 2.4
      vertex -5.97008 22.2807 2.4
      vertex -4.00548 22.7162 2.4
    endloop
  endfacet
  facet normal -0 0 1
    outer loop
      vertex -6.53949 24.4057 2.4
      vertex -5.97008 22.2807 2.4
      vertex -4.3875 24.8828 2.4
    endloop
  endfacet
  facet normal 0 0 1
    outer loop
      vertex -6.53949 24.4057 2.4
      vertex -7.88925 21.6756 2.4
      vertex -5.97008 22.2807 2.4
    endloop
  endfacet
  facet normal -0 0 1
    outer loop
      vertex -8.64171 23.7429 2.4
      vertex -7.88925 21.6756 2.4
      vertex -6.53949 24.4057 2.4
    endloop
  endfacet
  facet normal 0 0 1
    outer loop
      vertex -8.64171 23.7429 2.4
      vertex -9.74838 20.9055 2.4
      vertex -7.88925 21.6756 2.4
    endloop
  endfacet
  facet normal -0 0 1
    outer loop
      vertex -10.6781 22.8994 2.4
      vertex -9.74838 20.9055 2.4
      vertex -8.64171 23.7429 2.4
    endloop
  endfacet
  facet normal 0 0 1
    outer loop
      vertex -10.6781 22.8994 2.4
      vertex -11.5333 19.9763 2.4
      vertex -9.74838 20.9055 2.4
    endloop
  endfacet
  facet normal -0 0 1
    outer loop
      vertex -12.6333 21.8816 2.4
      vertex -11.5333 19.9763 2.4
      vertex -10.6781 22.8994 2.4
    endloop
  endfacet
  facet normal 0 0 1
    outer loop
      vertex -12.6333 21.8816 2.4
      vertex -13.2305 18.8951 2.4
      vertex -11.5333 19.9763 2.4
    endloop
  endfacet
  facet normal -0 0 1
    outer loop
      vertex -14.4924 20.6972 2.4
      vertex -13.2305 18.8951 2.4
      vertex -12.6333 21.8816 2.4
    endloop
  endfacet
  facet normal 0 0 1
    outer loop
      vertex -13.2305 18.8951 2.4
      vertex -13.6876 18.6274 2.4
      vertex -13.6418 18.5795 2.4
    endloop
  endfacet
  facet normal -0 -0 1
    outer loop
      vertex -14.1649 18.9804 2.4
      vertex -13.2305 18.8951 2.4
      vertex -14.4924 20.6972 2.4
    endloop
  endfacet
  facet normal 0 0 1
    outer loop
      vertex -13.2305 18.8951 2.4
      vertex -14.1649 18.9804 2.4
      vertex -13.6876 18.6274 2.4
    endloop
  endfacet
  facet normal 0 0 1
    outer loop
      vertex -14.4924 20.6972 2.4
      vertex -14.695 19.2476 2.4
      vertex -14.1649 18.9804 2.4
    endloop
  endfacet
  facet normal 0 0 1
    outer loop
      vertex -14.4924 20.6972 2.4
      vertex -15.2626 19.4214 2.4
      vertex -14.695 19.2476 2.4
    endloop
  endfacet
  facet normal 0 0 1
    outer loop
      vertex -14.4924 20.6972 2.4
      vertex -15.8515 19.4968 2.4
      vertex -15.2626 19.4214 2.4
    endloop
  endfacet
  facet normal 0 -0 1
    outer loop
      vertex -15.8515 19.4968 2.4
      vertex -14.4924 20.6972 2.4
      vertex -16.0688 19.4876 2.4
    endloop
  endfacet
  facet normal 0 0 1
    outer loop
      vertex -2.5 39.3242 2.4
      vertex -3.24509 37.0916 2.4
      vertex -2.5 37.1242 2.4
    endloop
  endfacet
  facet normal -0 0 1
    outer loop
      vertex -3.43683 39.2833 2.4
      vertex -3.24509 37.0916 2.4
      vertex -2.5 39.3242 2.4
    endloop
  endfacet
  facet normal 0 0 1
    outer loop
      vertex -3.43683 39.2833 2.4
      vertex -6.4655 36.6677 2.4
      vertex -3.24509 37.0916 2.4
    endloop
  endfacet
  facet normal -0 0 1
    outer loop
      vertex -6.84752 38.8342 2.4
      vertex -6.4655 36.6677 2.4
      vertex -3.43683 39.2833 2.4
    endloop
  endfacet
  facet normal 0 0 1
    outer loop
      vertex -6.84752 38.8342 2.4
      vertex -9.63669 35.9646 2.4
      vertex -6.4655 36.6677 2.4
    endloop
  endfacet
  facet normal -0 0 1
    outer loop
      vertex -10.2061 38.0897 2.4
      vertex -9.63669 35.9646 2.4
      vertex -6.84752 38.8342 2.4
    endloop
  endfacet
  facet normal 0 0 1
    outer loop
      vertex -10.2061 38.0897 2.4
      vertex -12.7345 34.9879 2.4
      vertex -9.63669 35.9646 2.4
    endloop
  endfacet
  facet normal -0 0 1
    outer loop
      vertex -13.487 37.0552 2.4
      vertex -12.7345 34.9879 2.4
      vertex -10.2061 38.0897 2.4
    endloop
  endfacet
  facet normal 0 0 1
    outer loop
      vertex -13.487 37.0552 2.4
      vertex -15.7355 33.7449 2.4
      vertex -12.7345 34.9879 2.4
    endloop
  endfacet
  facet normal -0 0 1
    outer loop
      vertex -16.6652 35.7387 2.4
      vertex -15.7355 33.7449 2.4
      vertex -13.487 37.0552 2.4
    endloop
  endfacet
  facet normal 0 0 1
    outer loop
      vertex -16.6652 35.7387 2.4
      vertex -18.6167 32.245 2.4
      vertex -15.7355 33.7449 2.4
    endloop
  endfacet
  facet normal -0 0 1
    outer loop
      vertex -19.7167 34.1503 2.4
      vertex -18.6167 32.245 2.4
      vertex -16.6652 35.7387 2.4
    endloop
  endfacet
  facet normal 0 0 1
    outer loop
      vertex -19.7167 34.1503 2.4
      vertex -21.3562 30.4998 2.4
      vertex -18.6167 32.245 2.4
    endloop
  endfacet
  facet normal -0 0 1
    outer loop
      vertex -22.618 32.3019 2.4
      vertex -21.3562 30.4998 2.4
      vertex -19.7167 34.1503 2.4
    endloop
  endfacet
  facet normal 0 0 1
    outer loop
      vertex -22.618 32.3019 2.4
      vertex -23.9331 28.5224 2.4
      vertex -21.3562 30.4998 2.4
    endloop
  endfacet
  facet normal -0 0 1
    outer loop
      vertex -25.3472 30.2077 2.4
      vertex -23.9331 28.5224 2.4
      vertex -22.618 32.3019 2.4
    endloop
  endfacet
  facet normal 0 0 1
    outer loop
      vertex -25.3472 30.2077 2.4
      vertex -26.3279 26.3279 2.4
      vertex -23.9331 28.5224 2.4
    endloop
  endfacet
  facet normal -0 0 1
    outer loop
      vertex -27.8836 27.8836 2.4
      vertex -26.3279 26.3279 2.4
      vertex -25.3472 30.2077 2.4
    endloop
  endfacet
  facet normal 0 0 1
    outer loop
      vertex -27.8836 27.8836 2.4
      vertex -28.5224 23.9331 2.4
      vertex -26.3279 26.3279 2.4
    endloop
  endfacet
  facet normal -0 0 1
    outer loop
      vertex -30.2077 25.3472 2.4
      vertex -28.5224 23.9331 2.4
      vertex -27.8836 27.8836 2.4
    endloop
  endfacet
  facet normal 0 0 1
    outer loop
      vertex -30.2077 25.3472 2.4
      vertex -30.4998 21.3562 2.4
      vertex -28.5224 23.9331 2.4
    endloop
  endfacet
  facet normal -0 0 1
    outer loop
      vertex -32.3019 22.618 2.4
      vertex -30.4998 21.3562 2.4
      vertex -30.2077 25.3472 2.4
    endloop
  endfacet
  facet normal 0 0 1
    outer loop
      vertex -30.4998 21.3562 2.4
      vertex -32.3019 22.618 2.4
      vertex -30.9005 20.7271 2.4
    endloop
  endfacet
  facet normal -0 0 1
    outer loop
      vertex -3.922 44.8288 2.4
      vertex -2.5 43.8909 2.4
      vertex 0 45 2.4
    endloop
  endfacet
  facet normal 0 0 1
    outer loop
      vertex -2.5 43.8909 2.4
      vertex -3.922 44.8288 2.4
      vertex -3.83484 43.8326 2.4
    endloop
  endfacet
  facet normal 0 0 1
    outer loop
      vertex -3.922 44.8288 2.4
      vertex -7.64052 43.3315 2.4
      vertex -3.83484 43.8326 2.4
    endloop
  endfacet
  facet normal -0 0 1
    outer loop
      vertex -7.81416 44.3163 2.4
      vertex -7.64052 43.3315 2.4
      vertex -3.922 44.8288 2.4
    endloop
  endfacet
  facet normal 0 0 1
    outer loop
      vertex -7.81416 44.3163 2.4
      vertex -11.388 42.5007 2.4
      vertex -7.64052 43.3315 2.4
    endloop
  endfacet
  facet normal -0 0 1
    outer loop
      vertex -11.6469 43.4667 2.4
      vertex -11.388 42.5007 2.4
      vertex -7.81416 44.3163 2.4
    endloop
  endfacet
  facet normal 0 0 1
    outer loop
      vertex -11.6469 43.4667 2.4
      vertex -15.0489 41.3465 2.4
      vertex -11.388 42.5007 2.4
    endloop
  endfacet
  facet normal -0 0 1
    outer loop
      vertex -15.3909 42.2862 2.4
      vertex -15.0489 41.3465 2.4
      vertex -11.6469 43.4667 2.4
    endloop
  endfacet
  facet normal 0 0 1
    outer loop
      vertex -15.3909 42.2862 2.4
      vertex -18.5952 39.8775 2.4
      vertex -15.0489 41.3465 2.4
    endloop
  endfacet
  facet normal -0 0 1
    outer loop
      vertex -19.0178 40.7838 2.4
      vertex -18.5952 39.8775 2.4
      vertex -15.3909 42.2862 2.4
    endloop
  endfacet
  facet normal 0 0 1
    outer loop
      vertex -19.0178 40.7838 2.4
      vertex -22 38.1051 2.4
      vertex -18.5952 39.8775 2.4
    endloop
  endfacet
  facet normal -0 0 1
    outer loop
      vertex -22.5 38.9711 2.4
      vertex -22 38.1051 2.4
      vertex -19.0178 40.7838 2.4
    endloop
  endfacet
  facet normal 0 0 1
    outer loop
      vertex -22.5 38.9711 2.4
      vertex -25.2374 36.0427 2.4
      vertex -22 38.1051 2.4
    endloop
  endfacet
  facet normal -0 0 1
    outer loop
      vertex -25.8109 36.8618 2.4
      vertex -25.2374 36.0427 2.4
      vertex -22.5 38.9711 2.4
    endloop
  endfacet
  facet normal 0 0 1
    outer loop
      vertex -25.8109 36.8618 2.4
      vertex -28.2827 33.7059 2.4
      vertex -25.2374 36.0427 2.4
    endloop
  endfacet
  facet normal -0 0 1
    outer loop
      vertex -28.9254 34.472 2.4
      vertex -28.2827 33.7059 2.4
      vertex -25.8109 36.8618 2.4
    endloop
  endfacet
  facet normal 0 0 1
    outer loop
      vertex -28.9254 34.472 2.4
      vertex -31.1127 31.1127 2.4
      vertex -28.2827 33.7059 2.4
    endloop
  endfacet
  facet normal -0 0 1
    outer loop
      vertex -31.8198 31.8198 2.4
      vertex -31.1127 31.1127 2.4
      vertex -28.9254 34.472 2.4
    endloop
  endfacet
  facet normal 0 0 1
    outer loop
      vertex -31.8198 31.8198 2.4
      vertex -33.7059 28.2827 2.4
      vertex -31.1127 31.1127 2.4
    endloop
  endfacet
  facet normal -0 0 1
    outer loop
      vertex -34.472 28.9254 2.4
      vertex -33.7059 28.2827 2.4
      vertex -31.8198 31.8198 2.4
    endloop
  endfacet
  facet normal 0 0 1
    outer loop
      vertex -34.472 28.9254 2.4
      vertex -36.0427 25.2374 2.4
      vertex -33.7059 28.2827 2.4
    endloop
  endfacet
  facet normal -0 0 1
    outer loop
      vertex -36.8618 25.8109 2.4
      vertex -36.0427 25.2374 2.4
      vertex -34.472 28.9254 2.4
    endloop
  endfacet
  facet normal 0 0 1
    outer loop
      vertex -36.0427 25.2374 2.4
      vertex -36.8618 25.8109 2.4
      vertex -36.7606 24.1105 2.4
    endloop
  endfacet
  facet normal 0 0 1
    outer loop
      vertex 14.4924 20.6972 2.4
      vertex 15.5554 19.4717 2.4
      vertex 16.0615 19.4932 2.4
    endloop
  endfacet
  facet normal 0 0 1
    outer loop
      vertex 14.4924 20.6972 2.4
      vertex 14.9751 19.3466 2.4
      vertex 15.5554 19.4717 2.4
    endloop
  endfacet
  facet normal 0 0 1
    outer loop
      vertex 14.4924 20.6972 2.4
      vertex 14.4243 19.1252 2.4
      vertex 14.9751 19.3466 2.4
    endloop
  endfacet
  facet normal 0 0 1
    outer loop
      vertex 13.2305 18.8951 2.4
      vertex 14.4243 19.1252 2.4
      vertex 14.4924 20.6972 2.4
    endloop
  endfacet
  facet normal 0 0 1
    outer loop
      vertex 14.4243 19.1252 2.4
      vertex 13.2305 18.8951 2.4
      vertex 13.9188 18.814 2.4
    endloop
  endfacet
  facet normal 0 0 1
    outer loop
      vertex 13.9188 18.814 2.4
      vertex 13.2305 18.8951 2.4
      vertex 13.6474 18.5752 2.4
    endloop
  endfacet
  facet normal 0 0 1
    outer loop
      vertex 12.6333 21.8816 2.4
      vertex 13.2305 18.8951 2.4
      vertex 14.4924 20.6972 2.4
    endloop
  endfacet
  facet normal 0 0 1
    outer loop
      vertex 12.6333 21.8816 2.4
      vertex 11.5333 19.9763 2.4
      vertex 13.2305 18.8951 2.4
    endloop
  endfacet
  facet normal 0 0 1
    outer loop
      vertex 10.6781 22.8994 2.4
      vertex 11.5333 19.9763 2.4
      vertex 12.6333 21.8816 2.4
    endloop
  endfacet
  facet normal 0 0 1
    outer loop
      vertex 10.6781 22.8994 2.4
      vertex 9.74838 20.9055 2.4
      vertex 11.5333 19.9763 2.4
    endloop
  endfacet
  facet normal 0 0 1
    outer loop
      vertex 8.64171 23.7429 2.4
      vertex 9.74838 20.9055 2.4
      vertex 10.6781 22.8994 2.4
    endloop
  endfacet
  facet normal 0 0 1
    outer loop
      vertex 8.64171 23.7429 2.4
      vertex 7.88925 21.6756 2.4
      vertex 9.74838 20.9055 2.4
    endloop
  endfacet
  facet normal 0 0 1
    outer loop
      vertex 6.53949 24.4057 2.4
      vertex 7.88925 21.6756 2.4
      vertex 8.64171 23.7429 2.4
    endloop
  endfacet
  facet normal 0 0 1
    outer loop
      vertex 6.53949 24.4057 2.4
      vertex 5.97008 22.2807 2.4
      vertex 7.88925 21.6756 2.4
    endloop
  endfacet
  facet normal 0 0 1
    outer loop
      vertex 4.3875 24.8828 2.4
      vertex 5.97008 22.2807 2.4
      vertex 6.53949 24.4057 2.4
    endloop
  endfacet
  facet normal 0 0 1
    outer loop
      vertex 4.3875 24.8828 2.4
      vertex 4.00548 22.7162 2.4
      vertex 5.97008 22.2807 2.4
    endloop
  endfacet
  facet normal 0 0 1
    outer loop
      vertex 2.5 22.9144 2.4
      vertex 4.3875 24.8828 2.4
      vertex 2.5 25.1313 2.4
    endloop
  endfacet
  facet normal 0 0 1
    outer loop
      vertex 4.3875 24.8828 2.4
      vertex 2.5 22.9144 2.4
      vertex 4.00548 22.7162 2.4
    endloop
  endfacet
  facet normal 0 0 1
    outer loop
      vertex 15.5554 -19.4717 2.4
      vertex 14.4924 -20.6972 2.4
      vertex 16.0615 -19.4932 2.4
    endloop
  endfacet
  facet normal 0 0 1
    outer loop
      vertex 14.9751 -19.3466 2.4
      vertex 14.4924 -20.6972 2.4
      vertex 15.5554 -19.4717 2.4
    endloop
  endfacet
  facet normal 0 0 1
    outer loop
      vertex 14.4243 -19.1252 2.4
      vertex 14.4924 -20.6972 2.4
      vertex 14.9751 -19.3466 2.4
    endloop
  endfacet
  facet normal -0 0 1
    outer loop
      vertex 13.2305 -18.8951 2.4
      vertex 14.4243 -19.1252 2.4
      vertex 13.9188 -18.814 2.4
    endloop
  endfacet
  facet normal 0 0 1
    outer loop
      vertex 13.2305 -18.8951 2.4
      vertex 13.9188 -18.814 2.4
      vertex 13.6474 -18.5752 2.4
    endloop
  endfacet
  facet normal 0 0 1
    outer loop
      vertex 14.4243 -19.1252 2.4
      vertex 13.2305 -18.8951 2.4
      vertex 14.4924 -20.6972 2.4
    endloop
  endfacet
  facet normal 0 0 1
    outer loop
      vertex 13.2305 -18.8951 2.4
      vertex 12.6333 -21.8816 2.4
      vertex 14.4924 -20.6972 2.4
    endloop
  endfacet
  facet normal -0 0 1
    outer loop
      vertex 11.5333 -19.9763 2.4
      vertex 12.6333 -21.8816 2.4
      vertex 13.2305 -18.8951 2.4
    endloop
  endfacet
  facet normal 0 0 1
    outer loop
      vertex 11.5333 -19.9763 2.4
      vertex 10.6781 -22.8994 2.4
      vertex 12.6333 -21.8816 2.4
    endloop
  endfacet
  facet normal -0 0 1
    outer loop
      vertex 9.74838 -20.9055 2.4
      vertex 10.6781 -22.8994 2.4
      vertex 11.5333 -19.9763 2.4
    endloop
  endfacet
  facet normal 0 0 1
    outer loop
      vertex 9.74838 -20.9055 2.4
      vertex 8.64171 -23.7429 2.4
      vertex 10.6781 -22.8994 2.4
    endloop
  endfacet
  facet normal -0 0 1
    outer loop
      vertex 7.88925 -21.6756 2.4
      vertex 8.64171 -23.7429 2.4
      vertex 9.74838 -20.9055 2.4
    endloop
  endfacet
  facet normal 0 0 1
    outer loop
      vertex 7.88925 -21.6756 2.4
      vertex 6.53949 -24.4057 2.4
      vertex 8.64171 -23.7429 2.4
    endloop
  endfacet
  facet normal -0 0 1
    outer loop
      vertex 5.97008 -22.2807 2.4
      vertex 6.53949 -24.4057 2.4
      vertex 7.88925 -21.6756 2.4
    endloop
  endfacet
  facet normal 0 0 1
    outer loop
      vertex 5.97008 -22.2807 2.4
      vertex 4.3875 -24.8828 2.4
      vertex 6.53949 -24.4057 2.4
    endloop
  endfacet
  facet normal -0 0 1
    outer loop
      vertex 4.00548 -22.7162 2.4
      vertex 4.3875 -24.8828 2.4
      vertex 5.97008 -22.2807 2.4
    endloop
  endfacet
  facet normal -0 0 1
    outer loop
      vertex 2.5 -22.9144 2.4
      vertex 4.3875 -24.8828 2.4
      vertex 4.00548 -22.7162 2.4
    endloop
  endfacet
  facet normal 0 0 1
    outer loop
      vertex 4.3875 -24.8828 2.4
      vertex 2.5 -22.9144 2.4
      vertex 2.5 -25.1313 2.4
    endloop
  endfacet
  facet normal -0 0 1
    outer loop
      vertex -9.63208 -2.67435 2.4
      vertex -7.13208 -7.00446 2.4
      vertex -9.63208 2.67435 2.4
    endloop
  endfacet
  facet normal 0 0 1
    outer loop
      vertex -9.63208 -2.67435 2.4
      vertex -16.8517 -12.6161 2.4
      vertex -7.13208 -7.00446 2.4
    endloop
  endfacet
  facet normal -0 0 1
    outer loop
      vertex -21.0945 -9.29214 2.4
      vertex -16.8517 -12.6161 2.4
      vertex -9.63208 -2.67435 2.4
    endloop
  endfacet
  facet normal 0 0 1
    outer loop
      vertex -16.8517 -12.6161 2.4
      vertex -21.0945 -9.29214 2.4
      vertex -17.0249 -12.6534 2.4
    endloop
  endfacet
  facet normal 0 0 1
    outer loop
      vertex -17.0249 -12.6534 2.4
      vertex -21.0945 -9.29214 2.4
      vertex -17.5757 -12.8748 2.4
    endloop
  endfacet
  facet normal 0 0 1
    outer loop
      vertex -17.5757 -12.8748 2.4
      vertex -21.0945 -9.29214 2.4
      vertex -18.0812 -13.186 2.4
    endloop
  endfacet
  facet normal 0 0 1
    outer loop
      vertex -18.5268 -13.5782 2.4
      vertex -18.5945 -13.6223 2.4
      vertex -18.5344 -13.5876 2.4
    endloop
  endfacet
  facet normal 0 0 1
    outer loop
      vertex -18.0812 -13.186 2.4
      vertex -21.0945 -9.29214 2.4
      vertex -18.5268 -13.5782 2.4
    endloop
  endfacet
  facet normal 0 0 1
    outer loop
      vertex -19.4874 -15.7032 2.4
      vertex -20.5143 -14.7307 2.4
      vertex -19.4874 -16.069 2.4
    endloop
  endfacet
  facet normal 0 0 1
    outer loop
      vertex -19.3871 -15.1181 2.4
      vertex -20.5143 -14.7307 2.4
      vertex -19.4874 -15.7032 2.4
    endloop
  endfacet
  facet normal 0 0 1
    outer loop
      vertex -19.1893 -14.5583 2.4
      vertex -20.5143 -14.7307 2.4
      vertex -19.3871 -15.1181 2.4
    endloop
  endfacet
  facet normal 0 0 1
    outer loop
      vertex -18.8998 -14.0401 2.4
      vertex -20.5143 -14.7307 2.4
      vertex -19.1893 -14.5583 2.4
    endloop
  endfacet
  facet normal 0 0 1
    outer loop
      vertex -18.5945 -13.6223 2.4
      vertex -20.5143 -14.7307 2.4
      vertex -18.8998 -14.0401 2.4
    endloop
  endfacet
  facet normal 0 0 1
    outer loop
      vertex -18.5268 -13.5782 2.4
      vertex -21.0945 -9.29214 2.4
      vertex -18.5945 -13.6223 2.4
    endloop
  endfacet
  facet normal 0 0 1
    outer loop
      vertex -18.5945 -13.6223 2.4
      vertex -21.0945 -9.29214 2.4
      vertex -20.5143 -14.7307 2.4
    endloop
  endfacet
  facet normal -0 0 1
    outer loop
      vertex -23.7429 -8.64171 2.4
      vertex -21.0945 -9.29214 2.4
      vertex -21.6756 -7.88925 2.4
    endloop
  endfacet
  facet normal 0 0 1
    outer loop
      vertex -23.7429 -8.64171 2.4
      vertex -21.6756 -7.88925 2.4
      vertex -22.2807 -5.97008 2.4
    endloop
  endfacet
  facet normal 0 0 1
    outer loop
      vertex -24.4057 -6.53949 2.4
      vertex -22.2807 -5.97008 2.4
      vertex -22.7162 -4.00548 2.4
    endloop
  endfacet
  facet normal 0 0 1
    outer loop
      vertex -24.8828 -4.3875 2.4
      vertex -22.7162 -4.00548 2.4
      vertex -22.9789 -2.01039 2.4
    endloop
  endfacet
  facet normal 0 0 1
    outer loop
      vertex -21.0945 -9.29214 2.4
      vertex -23.0143 -10.4006 2.4
      vertex -20.5143 -14.7307 2.4
    endloop
  endfacet
  facet normal 0 0 1
    outer loop
      vertex -23.0143 -10.4006 2.4
      vertex -30.9005 -20.7271 2.4
      vertex -20.5143 -14.7307 2.4
    endloop
  endfacet
  facet normal 0 0 1
    outer loop
      vertex -30.9005 -20.7271 2.4
      vertex -32.8057 -21.8271 2.4
      vertex -32.3019 -22.618 2.4
    endloop
  endfacet
  facet normal -0 0 1
    outer loop
      vertex -33.4005 -16.397 2.4
      vertex -30.9005 -20.7271 2.4
      vertex -23.0143 -10.4006 2.4
    endloop
  endfacet
  facet normal 0 0 1
    outer loop
      vertex -30.9005 -20.7271 2.4
      vertex -33.4005 -16.397 2.4
      vertex -32.8057 -21.8271 2.4
    endloop
  endfacet
  facet normal 0 0 1
    outer loop
      vertex -35.3057 -17.497 2.4
      vertex -33.4005 -16.397 2.4
      vertex -33.7449 -15.7355 2.4
    endloop
  endfacet
  facet normal 0 0 1
    outer loop
      vertex -35.7387 -16.6652 2.4
      vertex -33.7449 -15.7355 2.4
      vertex -34.9879 -12.7345 2.4
    endloop
  endfacet
  facet normal 0 0 1
    outer loop
      vertex -33.4005 -16.397 2.4
      vertex -35.3057 -17.497 2.4
      vertex -32.8057 -21.8271 2.4
    endloop
  endfacet
  facet normal 0 0 1
    outer loop
      vertex -35.3057 -17.497 2.4
      vertex -36.7606 -24.1105 2.4
      vertex -32.8057 -21.8271 2.4
    endloop
  endfacet
  facet normal 0 0 1
    outer loop
      vertex -36.7606 -24.1105 2.4
      vertex -38.9711 -22.5 2.4
      vertex -36.8618 -25.8109 2.4
    endloop
  endfacet
  facet normal 0 0 1
    outer loop
      vertex -35.3057 -17.497 2.4
      vertex -38.9711 -22.5 2.4
      vertex -36.7606 -24.1105 2.4
    endloop
  endfacet
  facet normal -0 0 1
    outer loop
      vertex -39.2606 -19.7803 2.4
      vertex -38.9711 -22.5 2.4
      vertex -35.3057 -17.497 2.4
    endloop
  endfacet
  facet normal -0 0 1
    outer loop
      vertex -40.7838 -19.0178 2.4
      vertex -39.2606 -19.7803 2.4
      vertex -39.8775 -18.5952 2.4
    endloop
  endfacet
  facet normal 0 0 1
    outer loop
      vertex -39.2606 -19.7803 2.4
      vertex -40.7838 -19.0178 2.4
      vertex -38.9711 -22.5 2.4
    endloop
  endfacet
  facet normal 0 0 1
    outer loop
      vertex -41.3465 -15.0489 2.4
      vertex -40.7838 -19.0178 2.4
      vertex -39.8775 -18.5952 2.4
    endloop
  endfacet
  facet normal 0 0 1
    outer loop
      vertex -41.3465 -15.0489 2.4
      vertex -42.2862 -15.3909 2.4
      vertex -40.7838 -19.0178 2.4
    endloop
  endfacet
  facet normal 0 0 1
    outer loop
      vertex -42.5007 -11.388 2.4
      vertex -42.2862 -15.3909 2.4
      vertex -41.3465 -15.0489 2.4
    endloop
  endfacet
  facet normal 0 0 1
    outer loop
      vertex -43.4667 -11.6469 2.4
      vertex -42.5007 -11.388 2.4
      vertex -43.3315 -7.64052 2.4
    endloop
  endfacet
  facet normal 0 0 1
    outer loop
      vertex -42.5007 -11.388 2.4
      vertex -43.4667 -11.6469 2.4
      vertex -42.2862 -15.3909 2.4
    endloop
  endfacet
  facet normal 0 0 1
    outer loop
      vertex -44.3163 -7.81416 2.4
      vertex -43.3315 -7.64052 2.4
      vertex -43.8326 -3.83484 2.4
    endloop
  endfacet
  facet normal 0 0 1
    outer loop
      vertex -43.3315 -7.64052 2.4
      vertex -44.3163 -7.81416 2.4
      vertex -43.4667 -11.6469 2.4
    endloop
  endfacet
  facet normal 0 0 1
    outer loop
      vertex -44.8288 -3.922 2.4
      vertex -43.8326 -3.83484 2.4
      vertex -44 0 2.4
    endloop
  endfacet
  facet normal 0 0 1
    outer loop
      vertex -43.8326 3.83484 2.4
      vertex -44.8288 3.922 2.4
      vertex -44 0 2.4
    endloop
  endfacet
  facet normal 0 0 1
    outer loop
      vertex -45 0 2.4
      vertex -44 0 2.4
      vertex -44.8288 3.922 2.4
    endloop
  endfacet
  facet normal 0 0 1
    outer loop
      vertex -43.8326 -3.83484 2.4
      vertex -44.8288 -3.922 2.4
      vertex -44.3163 -7.81416 2.4
    endloop
  endfacet
  facet normal 0 0 1
    outer loop
      vertex -44 0 2.4
      vertex -45 0 2.4
      vertex -44.8288 -3.922 2.4
    endloop
  endfacet
  facet normal 0 0 1
    outer loop
      vertex -18.5788 -13.6426 2.4
      vertex -18.5945 -13.6223 2.4
      vertex -18.8998 -14.0401 2.4
    endloop
  endfacet
  facet normal 0 0 1
    outer loop
      vertex -25.1705 -2.20213 2.4
      vertex -22.9789 -2.01039 2.4
      vertex -23.0667 0 2.4
    endloop
  endfacet
  facet normal 0 0 1
    outer loop
      vertex -22.7162 4.00548 2.4
      vertex -24.8828 4.3875 2.4
      vertex -22.9789 2.01039 2.4
    endloop
  endfacet
  facet normal 0 0 1
    outer loop
      vertex -21.0945 -9.29214 2.4
      vertex -23.7429 -8.64171 2.4
      vertex -23.0143 -10.4006 2.4
    endloop
  endfacet
  facet normal -0 0 1
    outer loop
      vertex -25.1705 2.20213 2.4
      vertex -22.9789 2.01039 2.4
      vertex -24.8828 4.3875 2.4
    endloop
  endfacet
  facet normal 0 0 1
    outer loop
      vertex -22.2807 -5.97008 2.4
      vertex -24.4057 -6.53949 2.4
      vertex -23.7429 -8.64171 2.4
    endloop
  endfacet
  facet normal 0 0 1
    outer loop
      vertex -22.9789 2.01039 2.4
      vertex -25.1705 2.20213 2.4
      vertex -23.0667 0 2.4
    endloop
  endfacet
  facet normal 0 0 1
    outer loop
      vertex -22.7162 -4.00548 2.4
      vertex -24.8828 -4.3875 2.4
      vertex -24.4057 -6.53949 2.4
    endloop
  endfacet
  facet normal 0 0 1
    outer loop
      vertex -25.2667 0 2.4
      vertex -23.0667 0 2.4
      vertex -25.1705 2.20213 2.4
    endloop
  endfacet
  facet normal 0 0 1
    outer loop
      vertex -22.9789 -2.01039 2.4
      vertex -25.1705 -2.20213 2.4
      vertex -24.8828 -4.3875 2.4
    endloop
  endfacet
  facet normal 0 0 1
    outer loop
      vertex -23.0667 0 2.4
      vertex -25.2667 0 2.4
      vertex -25.1705 -2.20213 2.4
    endloop
  endfacet
  facet normal 0 0 1
    outer loop
      vertex -22.2807 5.97008 2.4
      vertex -24.4057 6.53949 2.4
      vertex -22.7162 4.00548 2.4
    endloop
  endfacet
  facet normal -0 0 1
    outer loop
      vertex -24.8828 4.3875 2.4
      vertex -22.7162 4.00548 2.4
      vertex -24.4057 6.53949 2.4
    endloop
  endfacet
  facet normal -0 0 1
    outer loop
      vertex 7.64052 -43.3315 2.4
      vertex 10 -43.5 2.4
      vertex 11.388 -42.5007 2.4
    endloop
  endfacet
  facet normal 0 0 1
    outer loop
      vertex 10 -43.5 2.4
      vertex 7.64052 -43.3315 2.4
      vertex 6.36087 -43.5 2.4
    endloop
  endfacet
  facet normal 0 0 1
    outer loop
      vertex 18.7231 13.8012 2.4
      vertex 18.5754 13.6471 2.4
      vertex 18.5945 13.6223 2.4
    endloop
  endfacet
  facet normal 0 0 1
    outer loop
      vertex 20.5143 14.7307 2.4
      vertex 19.495 16.0592 2.4
      vertex 19.5 16 2.4
    endloop
  endfacet
  facet normal 0 0 1
    outer loop
      vertex 20.5143 -14.7307 2.4
      vertex 19.5 -16 2.4
      vertex 19.495 -16.0592 2.4
    endloop
  endfacet
  facet normal 0 0 1
    outer loop
      vertex 18.7231 -13.8012 2.4
      vertex 18.5945 -13.6223 2.4
      vertex 18.5754 -13.6471 2.4
    endloop
  endfacet
  facet normal 0 0 1
    outer loop
      vertex 9.96194 0.871552 2.4
      vertex 9.96194 -0.871552 2.4
      vertex 10 0 2.4
    endloop
  endfacet
  facet normal 0 0 1
    outer loop
      vertex 9.84807 1.73648 2.4
      vertex 9.96194 -0.871552 2.4
      vertex 9.96194 0.871552 2.4
    endloop
  endfacet
  facet normal 0 0 1
    outer loop
      vertex 9.84807 1.73648 2.4
      vertex 9.84807 -1.73648 2.4
      vertex 9.96194 -0.871552 2.4
    endloop
  endfacet
  facet normal 0 0 1
    outer loop
      vertex 9.63208 2.67435 2.4
      vertex 9.84807 1.73648 2.4
      vertex 9.65926 2.58818 2.4
    endloop
  endfacet
  facet normal 0 0 1
    outer loop
      vertex 9.84807 1.73648 2.4
      vertex 9.63208 2.67435 2.4
      vertex 9.84807 -1.73648 2.4
    endloop
  endfacet
  facet normal 0 0 1
    outer loop
      vertex 9.63208 -2.67435 2.4
      vertex 9.84807 -1.73648 2.4
      vertex 9.63208 2.67435 2.4
    endloop
  endfacet
  facet normal 0 0 1
    outer loop
      vertex 9.84807 -1.73648 2.4
      vertex 9.63208 -2.67435 2.4
      vertex 9.65926 -2.58818 2.4
    endloop
  endfacet
  facet normal 0 0 1
    outer loop
      vertex 32.3019 22.618 2.4
      vertex 30.4998 21.3562 2.4
      vertex 30.9005 20.7271 2.4
    endloop
  endfacet
  facet normal 0 0 1
    outer loop
      vertex 30.2077 25.3472 2.4
      vertex 30.4998 21.3562 2.4
      vertex 32.3019 22.618 2.4
    endloop
  endfacet
  facet normal 0 0 1
    outer loop
      vertex 30.2077 25.3472 2.4
      vertex 28.5224 23.9331 2.4
      vertex 30.4998 21.3562 2.4
    endloop
  endfacet
  facet normal 0 0 1
    outer loop
      vertex 27.8836 27.8836 2.4
      vertex 28.5224 23.9331 2.4
      vertex 30.2077 25.3472 2.4
    endloop
  endfacet
  facet normal 0 0 1
    outer loop
      vertex 27.8836 27.8836 2.4
      vertex 26.3279 26.3279 2.4
      vertex 28.5224 23.9331 2.4
    endloop
  endfacet
  facet normal 0 0 1
    outer loop
      vertex 25.3472 30.2077 2.4
      vertex 26.3279 26.3279 2.4
      vertex 27.8836 27.8836 2.4
    endloop
  endfacet
  facet normal 0 0 1
    outer loop
      vertex 25.3472 30.2077 2.4
      vertex 23.9331 28.5224 2.4
      vertex 26.3279 26.3279 2.4
    endloop
  endfacet
  facet normal 0 0 1
    outer loop
      vertex 22.618 32.3019 2.4
      vertex 23.9331 28.5224 2.4
      vertex 25.3472 30.2077 2.4
    endloop
  endfacet
  facet normal 0 0 1
    outer loop
      vertex 22.618 32.3019 2.4
      vertex 21.3562 30.4998 2.4
      vertex 23.9331 28.5224 2.4
    endloop
  endfacet
  facet normal 0 0 1
    outer loop
      vertex 19.7167 34.1503 2.4
      vertex 21.3562 30.4998 2.4
      vertex 22.618 32.3019 2.4
    endloop
  endfacet
  facet normal 0 0 1
    outer loop
      vertex 19.7167 34.1503 2.4
      vertex 18.6167 32.245 2.4
      vertex 21.3562 30.4998 2.4
    endloop
  endfacet
  facet normal 0 0 1
    outer loop
      vertex 16.6652 35.7387 2.4
      vertex 18.6167 32.245 2.4
      vertex 19.7167 34.1503 2.4
    endloop
  endfacet
  facet normal 0 0 1
    outer loop
      vertex 16.6652 35.7387 2.4
      vertex 15.7355 33.7449 2.4
      vertex 18.6167 32.245 2.4
    endloop
  endfacet
  facet normal 0 0 1
    outer loop
      vertex 13.487 37.0552 2.4
      vertex 15.7355 33.7449 2.4
      vertex 16.6652 35.7387 2.4
    endloop
  endfacet
  facet normal 0 0 1
    outer loop
      vertex 13.487 37.0552 2.4
      vertex 12.7345 34.9879 2.4
      vertex 15.7355 33.7449 2.4
    endloop
  endfacet
  facet normal 0 0 1
    outer loop
      vertex 10.2061 38.0897 2.4
      vertex 12.7345 34.9879 2.4
      vertex 13.487 37.0552 2.4
    endloop
  endfacet
  facet normal 0 0 1
    outer loop
      vertex 10.2061 38.0897 2.4
      vertex 9.63669 35.9646 2.4
      vertex 12.7345 34.9879 2.4
    endloop
  endfacet
  facet normal 0 0 1
    outer loop
      vertex 6.84752 38.8342 2.4
      vertex 9.63669 35.9646 2.4
      vertex 10.2061 38.0897 2.4
    endloop
  endfacet
  facet normal 0 0 1
    outer loop
      vertex 6.84752 38.8342 2.4
      vertex 6.4655 36.6677 2.4
      vertex 9.63669 35.9646 2.4
    endloop
  endfacet
  facet normal 0 0 1
    outer loop
      vertex 3.43683 39.2833 2.4
      vertex 6.4655 36.6677 2.4
      vertex 6.84752 38.8342 2.4
    endloop
  endfacet
  facet normal 0 0 1
    outer loop
      vertex 3.43683 39.2833 2.4
      vertex 3.24509 37.0916 2.4
      vertex 6.4655 36.6677 2.4
    endloop
  endfacet
  facet normal 0 0 1
    outer loop
      vertex 2.5 39.3242 2.4
      vertex 3.24509 37.0916 2.4
      vertex 3.43683 39.2833 2.4
    endloop
  endfacet
  facet normal 0 0 1
    outer loop
      vertex 3.24509 37.0916 2.4
      vertex 2.5 39.3242 2.4
      vertex 2.5 37.1242 2.4
    endloop
  endfacet
  facet normal -0 0 1
    outer loop
      vertex 30.4998 -21.3562 2.4
      vertex 32.3019 -22.618 2.4
      vertex 30.9005 -20.7271 2.4
    endloop
  endfacet
  facet normal 0 0 1
    outer loop
      vertex 30.4998 -21.3562 2.4
      vertex 30.2077 -25.3472 2.4
      vertex 32.3019 -22.618 2.4
    endloop
  endfacet
  facet normal -0 0 1
    outer loop
      vertex 28.5224 -23.9331 2.4
      vertex 30.2077 -25.3472 2.4
      vertex 30.4998 -21.3562 2.4
    endloop
  endfacet
  facet normal 0 0 1
    outer loop
      vertex 28.5224 -23.9331 2.4
      vertex 27.8836 -27.8836 2.4
      vertex 30.2077 -25.3472 2.4
    endloop
  endfacet
  facet normal -0 0 1
    outer loop
      vertex 26.3279 -26.3279 2.4
      vertex 27.8836 -27.8836 2.4
      vertex 28.5224 -23.9331 2.4
    endloop
  endfacet
  facet normal 0 0 1
    outer loop
      vertex 26.3279 -26.3279 2.4
      vertex 25.3472 -30.2077 2.4
      vertex 27.8836 -27.8836 2.4
    endloop
  endfacet
  facet normal -0 0 1
    outer loop
      vertex 23.9331 -28.5224 2.4
      vertex 25.3472 -30.2077 2.4
      vertex 26.3279 -26.3279 2.4
    endloop
  endfacet
  facet normal 0 0 1
    outer loop
      vertex 23.9331 -28.5224 2.4
      vertex 22.618 -32.3019 2.4
      vertex 25.3472 -30.2077 2.4
    endloop
  endfacet
  facet normal -0 0 1
    outer loop
      vertex 21.3562 -30.4998 2.4
      vertex 22.618 -32.3019 2.4
      vertex 23.9331 -28.5224 2.4
    endloop
  endfacet
  facet normal 0 0 1
    outer loop
      vertex 21.3562 -30.4998 2.4
      vertex 19.7167 -34.1503 2.4
      vertex 22.618 -32.3019 2.4
    endloop
  endfacet
  facet normal -0 0 1
    outer loop
      vertex 18.6167 -32.245 2.4
      vertex 19.7167 -34.1503 2.4
      vertex 21.3562 -30.4998 2.4
    endloop
  endfacet
  facet normal 0 0 1
    outer loop
      vertex 18.6167 -32.245 2.4
      vertex 16.6652 -35.7387 2.4
      vertex 19.7167 -34.1503 2.4
    endloop
  endfacet
  facet normal -0 0 1
    outer loop
      vertex 15.7355 -33.7449 2.4
      vertex 16.6652 -35.7387 2.4
      vertex 18.6167 -32.245 2.4
    endloop
  endfacet
  facet normal 0 0 1
    outer loop
      vertex 15.7355 -33.7449 2.4
      vertex 13.487 -37.0552 2.4
      vertex 16.6652 -35.7387 2.4
    endloop
  endfacet
  facet normal -0 0 1
    outer loop
      vertex 12.7345 -34.9879 2.4
      vertex 13.487 -37.0552 2.4
      vertex 15.7355 -33.7449 2.4
    endloop
  endfacet
  facet normal 0 0 1
    outer loop
      vertex 12.7345 -34.9879 2.4
      vertex 10.2061 -38.0897 2.4
      vertex 13.487 -37.0552 2.4
    endloop
  endfacet
  facet normal -0 0 1
    outer loop
      vertex 9.63669 -35.9646 2.4
      vertex 10.2061 -38.0897 2.4
      vertex 12.7345 -34.9879 2.4
    endloop
  endfacet
  facet normal 0 0 1
    outer loop
      vertex 9.63669 -35.9646 2.4
      vertex 6.84752 -38.8342 2.4
      vertex 10.2061 -38.0897 2.4
    endloop
  endfacet
  facet normal -0 0 1
    outer loop
      vertex 6.4655 -36.6677 2.4
      vertex 6.84752 -38.8342 2.4
      vertex 9.63669 -35.9646 2.4
    endloop
  endfacet
  facet normal 0 0 1
    outer loop
      vertex 6.4655 -36.6677 2.4
      vertex 3.43683 -39.2833 2.4
      vertex 6.84752 -38.8342 2.4
    endloop
  endfacet
  facet normal -0 0 1
    outer loop
      vertex 3.24509 -37.0916 2.4
      vertex 3.43683 -39.2833 2.4
      vertex 6.4655 -36.6677 2.4
    endloop
  endfacet
  facet normal -0 0 1
    outer loop
      vertex 2.5 -37.1242 2.4
      vertex 3.43683 -39.2833 2.4
      vertex 3.24509 -37.0916 2.4
    endloop
  endfacet
  facet normal 0 0 1
    outer loop
      vertex 3.43683 -39.2833 2.4
      vertex 2.5 -37.1242 2.4
      vertex 2.5 -39.3242 2.4
    endloop
  endfacet
  facet normal 0 0 1
    outer loop
      vertex 23.0667 0 2.4
      vertex 25.2667 0 2.4
      vertex 25.1705 2.20213 2.4
    endloop
  endfacet
  facet normal 0 0 1
    outer loop
      vertex 22.9789 2.01039 2.4
      vertex 25.1705 2.20213 2.4
      vertex 24.8828 4.3875 2.4
    endloop
  endfacet
  facet normal 0 0 1
    outer loop
      vertex 25.2667 0 2.4
      vertex 23.0667 0 2.4
      vertex 25.1705 -2.20213 2.4
    endloop
  endfacet
  facet normal 0 0 1
    outer loop
      vertex 22.7162 4.00548 2.4
      vertex 24.8828 4.3875 2.4
      vertex 24.4057 6.53949 2.4
    endloop
  endfacet
  facet normal -0 0 1
    outer loop
      vertex 22.9789 -2.01039 2.4
      vertex 25.1705 -2.20213 2.4
      vertex 23.0667 0 2.4
    endloop
  endfacet
  facet normal 0 0 1
    outer loop
      vertex 22.2807 5.97008 2.4
      vertex 24.4057 6.53949 2.4
      vertex 23.7429 8.64171 2.4
    endloop
  endfacet
  facet normal 0 0 1
    outer loop
      vertex 25.1705 -2.20213 2.4
      vertex 22.9789 -2.01039 2.4
      vertex 24.8828 -4.3875 2.4
    endloop
  endfacet
  facet normal -0 0 1
    outer loop
      vertex 22.7162 -4.00548 2.4
      vertex 24.8828 -4.3875 2.4
      vertex 22.9789 -2.01039 2.4
    endloop
  endfacet
  facet normal -0 0 1
    outer loop
      vertex 21.0945 9.29214 2.4
      vertex 23.7429 8.64171 2.4
      vertex 23.0143 10.4006 2.4
    endloop
  endfacet
  facet normal 0 0 1
    outer loop
      vertex 25.1705 2.20213 2.4
      vertex 22.9789 2.01039 2.4
      vertex 23.0667 0 2.4
    endloop
  endfacet
  facet normal 0 0 1
    outer loop
      vertex 24.8828 -4.3875 2.4
      vertex 22.7162 -4.00548 2.4
      vertex 24.4057 -6.53949 2.4
    endloop
  endfacet
  facet normal -0 0 1
    outer loop
      vertex 22.2807 -5.97008 2.4
      vertex 24.4057 -6.53949 2.4
      vertex 22.7162 -4.00548 2.4
    endloop
  endfacet
  facet normal 0 0 1
    outer loop
      vertex 36.8618 25.8109 2.4
      vertex 36.0427 25.2374 2.4
      vertex 36.7606 24.1105 2.4
    endloop
  endfacet
  facet normal 0 0 1
    outer loop
      vertex 34.472 28.9254 2.4
      vertex 36.0427 25.2374 2.4
      vertex 36.8618 25.8109 2.4
    endloop
  endfacet
  facet normal 0 0 1
    outer loop
      vertex 34.472 28.9254 2.4
      vertex 33.7059 28.2827 2.4
      vertex 36.0427 25.2374 2.4
    endloop
  endfacet
  facet normal 0 0 1
    outer loop
      vertex 31.8198 31.8198 2.4
      vertex 33.7059 28.2827 2.4
      vertex 34.472 28.9254 2.4
    endloop
  endfacet
  facet normal 0 0 1
    outer loop
      vertex 31.8198 31.8198 2.4
      vertex 31.1127 31.1127 2.4
      vertex 33.7059 28.2827 2.4
    endloop
  endfacet
  facet normal 0 0 1
    outer loop
      vertex 28.9254 34.472 2.4
      vertex 31.1127 31.1127 2.4
      vertex 31.8198 31.8198 2.4
    endloop
  endfacet
  facet normal 0 0 1
    outer loop
      vertex 28.9254 34.472 2.4
      vertex 28.2827 33.7059 2.4
      vertex 31.1127 31.1127 2.4
    endloop
  endfacet
  facet normal 0 0 1
    outer loop
      vertex 25.8109 36.8618 2.4
      vertex 28.2827 33.7059 2.4
      vertex 28.9254 34.472 2.4
    endloop
  endfacet
  facet normal 0 0 1
    outer loop
      vertex 25.8109 36.8618 2.4
      vertex 25.2374 36.0427 2.4
      vertex 28.2827 33.7059 2.4
    endloop
  endfacet
  facet normal 0 0 1
    outer loop
      vertex 22.5 38.9711 2.4
      vertex 25.2374 36.0427 2.4
      vertex 25.8109 36.8618 2.4
    endloop
  endfacet
  facet normal 0 0 1
    outer loop
      vertex 22.5 38.9711 2.4
      vertex 22 38.1051 2.4
      vertex 25.2374 36.0427 2.4
    endloop
  endfacet
  facet normal 0 0 1
    outer loop
      vertex 19.0178 40.7838 2.4
      vertex 22 38.1051 2.4
      vertex 22.5 38.9711 2.4
    endloop
  endfacet
  facet normal 0 0 1
    outer loop
      vertex 19.0178 40.7838 2.4
      vertex 18.5952 39.8775 2.4
      vertex 22 38.1051 2.4
    endloop
  endfacet
  facet normal 0 0 1
    outer loop
      vertex 15.3909 42.2862 2.4
      vertex 18.5952 39.8775 2.4
      vertex 19.0178 40.7838 2.4
    endloop
  endfacet
  facet normal 0 0 1
    outer loop
      vertex 15.3909 42.2862 2.4
      vertex 15.0489 41.3465 2.4
      vertex 18.5952 39.8775 2.4
    endloop
  endfacet
  facet normal 0 0 1
    outer loop
      vertex 11.6469 43.4667 2.4
      vertex 15.0489 41.3465 2.4
      vertex 15.3909 42.2862 2.4
    endloop
  endfacet
  facet normal 0 0 1
    outer loop
      vertex 11.6469 43.4667 2.4
      vertex 11.388 42.5007 2.4
      vertex 15.0489 41.3465 2.4
    endloop
  endfacet
  facet normal 0 0 1
    outer loop
      vertex 7.81416 44.3163 2.4
      vertex 11.388 42.5007 2.4
      vertex 11.6469 43.4667 2.4
    endloop
  endfacet
  facet normal 0 0 1
    outer loop
      vertex 7.81416 44.3163 2.4
      vertex 7.64052 43.3315 2.4
      vertex 11.388 42.5007 2.4
    endloop
  endfacet
  facet normal 0 0 1
    outer loop
      vertex 3.922 44.8288 2.4
      vertex 7.64052 43.3315 2.4
      vertex 7.81416 44.3163 2.4
    endloop
  endfacet
  facet normal 0 0 1
    outer loop
      vertex 3.922 44.8288 2.4
      vertex 3.83484 43.8326 2.4
      vertex 7.64052 43.3315 2.4
    endloop
  endfacet
  facet normal 0 0 1
    outer loop
      vertex 3.922 44.8288 2.4
      vertex 2.5 43.8909 2.4
      vertex 3.83484 43.8326 2.4
    endloop
  endfacet
  facet normal 0 0 1
    outer loop
      vertex -2.5 39.3242 2.4
      vertex 2.5 39.3242 2.4
      vertex 2.5 43.8909 2.4
    endloop
  endfacet
  facet normal 0 0 1
    outer loop
      vertex 2.5 39.3242 2.4
      vertex -2.5 39.3242 2.4
      vertex 2.5 37.1242 2.4
    endloop
  endfacet
  facet normal 0 0 1
    outer loop
      vertex 2.5 37.1242 2.4
      vertex -2.5 37.1242 2.4
      vertex 2.5 25.1313 2.4
    endloop
  endfacet
  facet normal 0 0 1
    outer loop
      vertex -2.5 25.1313 2.4
      vertex 2.5 25.1313 2.4
      vertex -2.5 37.1242 2.4
    endloop
  endfacet
  facet normal 0 0 1
    outer loop
      vertex -2.5 22.9144 2.4
      vertex 2.5 22.9144 2.4
      vertex -2.5 25.1313 2.4
    endloop
  endfacet
  facet normal 0 0 1
    outer loop
      vertex -2.5 9.6788 2.4
      vertex 2.5 9.6788 2.4
      vertex -2.5 22.9144 2.4
    endloop
  endfacet
  facet normal 0 0 1
    outer loop
      vertex -2.5 -9.6788 2.4
      vertex 2.5 -9.6788 2.4
      vertex -2.5 9.6788 2.4
    endloop
  endfacet
  facet normal 0 0 1
    outer loop
      vertex 2.5 -9.6788 2.4
      vertex -2.5 -9.6788 2.4
      vertex 2.5 -22.9144 2.4
    endloop
  endfacet
  facet normal 0 0 1
    outer loop
      vertex -2.5 -22.9144 2.4
      vertex 2.5 -22.9144 2.4
      vertex -2.5 -9.6788 2.4
    endloop
  endfacet
  facet normal 0 0 1
    outer loop
      vertex 2.5 -22.9144 2.4
      vertex -2.5 -22.9144 2.4
      vertex 2.5 -25.1313 2.4
    endloop
  endfacet
  facet normal 0 0 1
    outer loop
      vertex 0 45 2.4
      vertex 2.5 43.8909 2.4
      vertex 3.922 44.8288 2.4
    endloop
  endfacet
  facet normal 0 0 1
    outer loop
      vertex -2.5 39.3242 2.4
      vertex 2.5 43.8909 2.4
      vertex 0 45 2.4
    endloop
  endfacet
  facet normal 0 0 1
    outer loop
      vertex -2.5 39.3242 2.4
      vertex 0 45 2.4
      vertex -2.5 43.8909 2.4
    endloop
  endfacet
  facet normal 0 0 1
    outer loop
      vertex 2.5 37.1242 2.4
      vertex -2.5 39.3242 2.4
      vertex -2.5 37.1242 2.4
    endloop
  endfacet
  facet normal 0 0 1
    outer loop
      vertex 2.5 25.1313 2.4
      vertex -2.5 25.1313 2.4
      vertex 2.5 22.9144 2.4
    endloop
  endfacet
  facet normal 0 0 1
    outer loop
      vertex 2.5 22.9144 2.4
      vertex -2.5 22.9144 2.4
      vertex 2.5 9.6788 2.4
    endloop
  endfacet
  facet normal 0 0 1
    outer loop
      vertex 2.5 9.6788 2.4
      vertex -2.5 9.6788 2.4
      vertex 2.5 -9.6788 2.4
    endloop
  endfacet
  facet normal 0 0 1
    outer loop
      vertex -2.5 -25.1313 2.4
      vertex 2.5 -25.1313 2.4
      vertex -2.5 -22.9144 2.4
    endloop
  endfacet
  facet normal 0 0 1
    outer loop
      vertex 2.5 -25.1313 2.4
      vertex -2.5 -25.1313 2.4
      vertex 2.5 -37.1242 2.4
    endloop
  endfacet
  facet normal 0 0 1
    outer loop
      vertex -2.5 -37.1242 2.4
      vertex 2.5 -37.1242 2.4
      vertex -2.5 -25.1313 2.4
    endloop
  endfacet
  facet normal 0 0 1
    outer loop
      vertex 2.5 -37.1242 2.4
      vertex -2.5 -37.1242 2.4
      vertex 2.5 -39.3242 2.4
    endloop
  endfacet
  facet normal 0 0 1
    outer loop
      vertex -2.5 -39.3242 2.4
      vertex 2.5 -39.3242 2.4
      vertex -2.5 -37.1242 2.4
    endloop
  endfacet
  facet normal 0 0 1
    outer loop
      vertex 2.5 -39.3242 2.4
      vertex -2.5 -39.3242 2.4
      vertex 2.5 -43 2.4
    endloop
  endfacet
  facet normal 0 0 1
    outer loop
      vertex 2.5 -43 2.4
      vertex -2.5 -39.3242 2.4
      vertex -2.5 -43 2.4
    endloop
  endfacet
  facet normal 0 0 1
    outer loop
      vertex 44 0 2.4
      vertex 45 0 2.4
      vertex 44.8288 3.922 2.4
    endloop
  endfacet
  facet normal 0 0 1
    outer loop
      vertex 43.8326 3.83484 2.4
      vertex 44.8288 3.922 2.4
      vertex 44.3163 7.81416 2.4
    endloop
  endfacet
  facet normal 0 0 1
    outer loop
      vertex 45 0 2.4
      vertex 44 0 2.4
      vertex 44.8288 -3.922 2.4
    endloop
  endfacet
  facet normal -0 0 1
    outer loop
      vertex 43.8326 -3.83484 2.4
      vertex 44.8288 -3.922 2.4
      vertex 44 0 2.4
    endloop
  endfacet
  facet normal 0 0 1
    outer loop
      vertex 44.8288 3.922 2.4
      vertex 43.8326 3.83484 2.4
      vertex 44 0 2.4
    endloop
  endfacet
  facet normal 0 0 1
    outer loop
      vertex 43.3315 7.64052 2.4
      vertex 44.3163 7.81416 2.4
      vertex 43.4667 11.6469 2.4
    endloop
  endfacet
  facet normal 0 0 1
    outer loop
      vertex 44.3163 7.81416 2.4
      vertex 43.3315 7.64052 2.4
      vertex 43.8326 3.83484 2.4
    endloop
  endfacet
  facet normal 0 0 1
    outer loop
      vertex 43.4667 11.6469 2.4
      vertex 42.5007 11.388 2.4
      vertex 43.3315 7.64052 2.4
    endloop
  endfacet
  facet normal 0 0 1
    outer loop
      vertex 42.2862 15.3909 2.4
      vertex 42.5007 11.388 2.4
      vertex 43.4667 11.6469 2.4
    endloop
  endfacet
  facet normal 0 0 1
    outer loop
      vertex 42.2862 15.3909 2.4
      vertex 41.3465 15.0489 2.4
      vertex 42.5007 11.388 2.4
    endloop
  endfacet
  facet normal 0 0 1
    outer loop
      vertex 40.7838 19.0178 2.4
      vertex 41.3465 15.0489 2.4
      vertex 42.2862 15.3909 2.4
    endloop
  endfacet
  facet normal 0 0 1
    outer loop
      vertex 40.7838 19.0178 2.4
      vertex 39.8775 18.5952 2.4
      vertex 41.3465 15.0489 2.4
    endloop
  endfacet
  facet normal 0 0 1
    outer loop
      vertex 40.7838 19.0178 2.4
      vertex 39.2606 19.7803 2.4
      vertex 39.8775 18.5952 2.4
    endloop
  endfacet
  facet normal 0 0 1
    outer loop
      vertex 38.9711 22.5 2.4
      vertex 39.2606 19.7803 2.4
      vertex 40.7838 19.0178 2.4
    endloop
  endfacet
  facet normal -0 0 1
    outer loop
      vertex 36.7606 24.1105 2.4
      vertex 38.9711 22.5 2.4
      vertex 36.8618 25.8109 2.4
    endloop
  endfacet
  facet normal 0 0 1
    outer loop
      vertex 38.9711 22.5 2.4
      vertex 36.7606 24.1105 2.4
      vertex 39.2606 19.7803 2.4
    endloop
  endfacet
  facet normal 0 0 1
    outer loop
      vertex 36.7606 24.1105 2.4
      vertex 35.3057 17.497 2.4
      vertex 39.2606 19.7803 2.4
    endloop
  endfacet
  facet normal 0 0 1
    outer loop
      vertex 35.7387 16.6652 2.4
      vertex 33.7449 15.7355 2.4
      vertex 34.9879 12.7345 2.4
    endloop
  endfacet
  facet normal -0 0 1
    outer loop
      vertex 32.8057 21.8271 2.4
      vertex 35.3057 17.497 2.4
      vertex 36.7606 24.1105 2.4
    endloop
  endfacet
  facet normal 0 0 1
    outer loop
      vertex 35.3057 17.497 2.4
      vertex 33.4005 16.397 2.4
      vertex 33.7449 15.7355 2.4
    endloop
  endfacet
  facet normal 0 0 1
    outer loop
      vertex 35.3057 17.497 2.4
      vertex 32.8057 21.8271 2.4
      vertex 33.4005 16.397 2.4
    endloop
  endfacet
  facet normal 0 0 1
    outer loop
      vertex 30.9005 20.7271 2.4
      vertex 32.8057 21.8271 2.4
      vertex 32.3019 22.618 2.4
    endloop
  endfacet
  facet normal 0 0 1
    outer loop
      vertex 32.8057 21.8271 2.4
      vertex 30.9005 20.7271 2.4
      vertex 33.4005 16.397 2.4
    endloop
  endfacet
  facet normal 0 0 1
    outer loop
      vertex 30.9005 20.7271 2.4
      vertex 23.0143 10.4006 2.4
      vertex 33.4005 16.397 2.4
    endloop
  endfacet
  facet normal 0 0 1
    outer loop
      vertex 24.8828 4.3875 2.4
      vertex 22.7162 4.00548 2.4
      vertex 22.9789 2.01039 2.4
    endloop
  endfacet
  facet normal 0 0 1
    outer loop
      vertex 24.4057 6.53949 2.4
      vertex 22.2807 5.97008 2.4
      vertex 22.7162 4.00548 2.4
    endloop
  endfacet
  facet normal 0 0 1
    outer loop
      vertex 23.7429 8.64171 2.4
      vertex 21.6756 7.88925 2.4
      vertex 22.2807 5.97008 2.4
    endloop
  endfacet
  facet normal 0 0 1
    outer loop
      vertex 23.7429 8.64171 2.4
      vertex 21.0945 9.29214 2.4
      vertex 21.6756 7.88925 2.4
    endloop
  endfacet
  facet normal -0 0 1
    outer loop
      vertex 20.5143 14.7307 2.4
      vertex 23.0143 10.4006 2.4
      vertex 30.9005 20.7271 2.4
    endloop
  endfacet
  facet normal 0 0 1
    outer loop
      vertex 23.0143 10.4006 2.4
      vertex 20.5143 14.7307 2.4
      vertex 21.0945 9.29214 2.4
    endloop
  endfacet
  facet normal -0 0 1
    outer loop
      vertex 19.4497 15.4085 2.4
      vertex 20.5143 14.7307 2.4
      vertex 19.5 16 2.4
    endloop
  endfacet
  facet normal -0 0 1
    outer loop
      vertex 19.3001 14.834 2.4
      vertex 20.5143 14.7307 2.4
      vertex 19.4497 15.4085 2.4
    endloop
  endfacet
  facet normal 0 0 1
    outer loop
      vertex 19.0555 14.2931 2.4
      vertex 20.5143 14.7307 2.4
      vertex 19.3001 14.834 2.4
    endloop
  endfacet
  facet normal 0 0 1
    outer loop
      vertex 18.7231 13.8012 2.4
      vertex 20.5143 14.7307 2.4
      vertex 19.0555 14.2931 2.4
    endloop
  endfacet
  facet normal 0 0 1
    outer loop
      vertex 18.5945 13.6223 2.4
      vertex 20.5143 14.7307 2.4
      vertex 18.7231 13.8012 2.4
    endloop
  endfacet
  facet normal 0 0 1
    outer loop
      vertex 20.5143 14.7307 2.4
      vertex 18.5945 13.6223 2.4
      vertex 21.0945 9.29214 2.4
    endloop
  endfacet
  facet normal 0 0 1
    outer loop
      vertex 18.3124 13.3726 2.4
      vertex 18.5945 13.6223 2.4
      vertex 18.4985 13.5669 2.4
    endloop
  endfacet
  facet normal 0 0 1
    outer loop
      vertex 18.5945 13.6223 2.4
      vertex 18.3124 13.3726 2.4
      vertex 21.0945 9.29214 2.4
    endloop
  endfacet
  facet normal -0 0 1
    outer loop
      vertex 17.8351 13.0196 2.4
      vertex 21.0945 9.29214 2.4
      vertex 18.3124 13.3726 2.4
    endloop
  endfacet
  facet normal -0 0 1
    outer loop
      vertex 17.305 12.7524 2.4
      vertex 21.0945 9.29214 2.4
      vertex 17.8351 13.0196 2.4
    endloop
  endfacet
  facet normal -0 0 1
    outer loop
      vertex 16.8424 12.6107 2.4
      vertex 21.0945 9.29214 2.4
      vertex 17.305 12.7524 2.4
    endloop
  endfacet
  facet normal 0 0 1
    outer loop
      vertex 16.8424 12.6107 2.4
      vertex 9.63208 2.67435 2.4
      vertex 21.0945 9.29214 2.4
    endloop
  endfacet
  facet normal 0 0 1
    outer loop
      vertex 9.63208 2.67435 2.4
      vertex 7.13208 7.00446 2.4
      vertex 9.63208 -2.67435 2.4
    endloop
  endfacet
  facet normal -0 0 1
    outer loop
      vertex 7.13208 7.00446 2.4
      vertex 9.63208 2.67435 2.4
      vertex 16.8424 12.6107 2.4
    endloop
  endfacet
  facet normal 0 0 1
    outer loop
      vertex 44.8288 -3.922 2.4
      vertex 43.8326 -3.83484 2.4
      vertex 44.3163 -7.81416 2.4
    endloop
  endfacet
  facet normal -0 0 1
    outer loop
      vertex 43.3315 -7.64052 2.4
      vertex 44.3163 -7.81416 2.4
      vertex 43.8326 -3.83484 2.4
    endloop
  endfacet
  facet normal 0 0 1
    outer loop
      vertex 44.3163 -7.81416 2.4
      vertex 43.3315 -7.64052 2.4
      vertex 43.4667 -11.6469 2.4
    endloop
  endfacet
  facet normal -0 0 1
    outer loop
      vertex 42.5007 -11.388 2.4
      vertex 43.4667 -11.6469 2.4
      vertex 43.3315 -7.64052 2.4
    endloop
  endfacet
  facet normal 0 0 1
    outer loop
      vertex 42.5007 -11.388 2.4
      vertex 42.2862 -15.3909 2.4
      vertex 43.4667 -11.6469 2.4
    endloop
  endfacet
  facet normal -0 0 1
    outer loop
      vertex 41.3465 -15.0489 2.4
      vertex 42.2862 -15.3909 2.4
      vertex 42.5007 -11.388 2.4
    endloop
  endfacet
  facet normal 0 0 1
    outer loop
      vertex 41.3465 -15.0489 2.4
      vertex 40.7838 -19.0178 2.4
      vertex 42.2862 -15.3909 2.4
    endloop
  endfacet
  facet normal -0 0 1
    outer loop
      vertex 39.8775 -18.5952 2.4
      vertex 40.7838 -19.0178 2.4
      vertex 41.3465 -15.0489 2.4
    endloop
  endfacet
  facet normal 0 0 1
    outer loop
      vertex 39.2606 -19.7803 2.4
      vertex 40.7838 -19.0178 2.4
      vertex 39.8775 -18.5952 2.4
    endloop
  endfacet
  facet normal -0 0 1
    outer loop
      vertex 39.2606 -19.7803 2.4
      vertex 38.9711 -22.5 2.4
      vertex 40.7838 -19.0178 2.4
    endloop
  endfacet
  facet normal 0 0 1
    outer loop
      vertex 36.7606 -24.1105 2.4
      vertex 38.9711 -22.5 2.4
      vertex 39.2606 -19.7803 2.4
    endloop
  endfacet
  facet normal 0 0 1
    outer loop
      vertex 38.9711 -22.5 2.4
      vertex 36.7606 -24.1105 2.4
      vertex 36.8618 -25.8109 2.4
    endloop
  endfacet
  facet normal 0 0 1
    outer loop
      vertex 35.3057 -17.497 2.4
      vertex 36.7606 -24.1105 2.4
      vertex 39.2606 -19.7803 2.4
    endloop
  endfacet
  facet normal 0 0 1
    outer loop
      vertex 35.7387 -16.6652 2.4
      vertex 33.7449 -15.7355 2.4
      vertex 35.3057 -17.497 2.4
    endloop
  endfacet
  facet normal -0 0 1
    outer loop
      vertex 33.4005 -16.397 2.4
      vertex 35.3057 -17.497 2.4
      vertex 33.7449 -15.7355 2.4
    endloop
  endfacet
  facet normal 0 0 1
    outer loop
      vertex 32.8057 -21.8271 2.4
      vertex 35.3057 -17.497 2.4
      vertex 33.4005 -16.397 2.4
    endloop
  endfacet
  facet normal 0 0 1
    outer loop
      vertex 35.3057 -17.497 2.4
      vertex 32.8057 -21.8271 2.4
      vertex 36.7606 -24.1105 2.4
    endloop
  endfacet
  facet normal -0 0 1
    outer loop
      vertex 30.9005 -20.7271 2.4
      vertex 32.8057 -21.8271 2.4
      vertex 33.4005 -16.397 2.4
    endloop
  endfacet
  facet normal 0 0 1
    outer loop
      vertex 32.8057 -21.8271 2.4
      vertex 30.9005 -20.7271 2.4
      vertex 32.3019 -22.618 2.4
    endloop
  endfacet
  facet normal 0 0 1
    outer loop
      vertex 23.0143 -10.4006 2.4
      vertex 30.9005 -20.7271 2.4
      vertex 33.4005 -16.397 2.4
    endloop
  endfacet
  facet normal 0 0 1
    outer loop
      vertex 24.4057 -6.53949 2.4
      vertex 22.2807 -5.97008 2.4
      vertex 23.7429 -8.64171 2.4
    endloop
  endfacet
  facet normal -0 0 1
    outer loop
      vertex 21.6756 -7.88925 2.4
      vertex 23.7429 -8.64171 2.4
      vertex 22.2807 -5.97008 2.4
    endloop
  endfacet
  facet normal 0 0 1
    outer loop
      vertex 21.0945 -9.29214 2.4
      vertex 23.7429 -8.64171 2.4
      vertex 21.6756 -7.88925 2.4
    endloop
  endfacet
  facet normal 0 0 1
    outer loop
      vertex 23.7429 -8.64171 2.4
      vertex 21.0945 -9.29214 2.4
      vertex 23.0143 -10.4006 2.4
    endloop
  endfacet
  facet normal 0 0 1
    outer loop
      vertex 20.5143 -14.7307 2.4
      vertex 23.0143 -10.4006 2.4
      vertex 21.0945 -9.29214 2.4
    endloop
  endfacet
  facet normal 0 0 1
    outer loop
      vertex 23.0143 -10.4006 2.4
      vertex 20.5143 -14.7307 2.4
      vertex 30.9005 -20.7271 2.4
    endloop
  endfacet
  facet normal -0 0 1
    outer loop
      vertex 18.5945 -13.6223 2.4
      vertex 20.5143 -14.7307 2.4
      vertex 21.0945 -9.29214 2.4
    endloop
  endfacet
  facet normal 0 0 1
    outer loop
      vertex 20.5143 -14.7307 2.4
      vertex 19.4497 -15.4085 2.4
      vertex 19.5 -16 2.4
    endloop
  endfacet
  facet normal 0 0 1
    outer loop
      vertex 20.5143 -14.7307 2.4
      vertex 19.3001 -14.834 2.4
      vertex 19.4497 -15.4085 2.4
    endloop
  endfacet
  facet normal 0 0 1
    outer loop
      vertex 20.5143 -14.7307 2.4
      vertex 19.0555 -14.2931 2.4
      vertex 19.3001 -14.834 2.4
    endloop
  endfacet
  facet normal 0 0 1
    outer loop
      vertex 20.5143 -14.7307 2.4
      vertex 18.7231 -13.8012 2.4
      vertex 19.0555 -14.2931 2.4
    endloop
  endfacet
  facet normal 0 0 1
    outer loop
      vertex 20.5143 -14.7307 2.4
      vertex 18.5945 -13.6223 2.4
      vertex 18.7231 -13.8012 2.4
    endloop
  endfacet
  facet normal -0 0 1
    outer loop
      vertex 18.3124 -13.3726 2.4
      vertex 18.5945 -13.6223 2.4
      vertex 21.0945 -9.29214 2.4
    endloop
  endfacet
  facet normal 0 0 1
    outer loop
      vertex 18.5945 -13.6223 2.4
      vertex 18.3124 -13.3726 2.4
      vertex 18.4985 -13.5669 2.4
    endloop
  endfacet
  facet normal 0 0 1
    outer loop
      vertex 21.0945 -9.29214 2.4
      vertex 17.8351 -13.0196 2.4
      vertex 18.3124 -13.3726 2.4
    endloop
  endfacet
  facet normal 0 0 1
    outer loop
      vertex 21.0945 -9.29214 2.4
      vertex 17.305 -12.7524 2.4
      vertex 17.8351 -13.0196 2.4
    endloop
  endfacet
  facet normal 0 0 1
    outer loop
      vertex 21.0945 -9.29214 2.4
      vertex 16.8424 -12.6107 2.4
      vertex 17.305 -12.7524 2.4
    endloop
  endfacet
  facet normal 0 0 1
    outer loop
      vertex 9.63208 -2.67435 2.4
      vertex 16.8424 -12.6107 2.4
      vertex 21.0945 -9.29214 2.4
    endloop
  endfacet
  facet normal 0 0 1
    outer loop
      vertex 9.63208 -2.67435 2.4
      vertex 7.13208 -7.00446 2.4
      vertex 16.8424 -12.6107 2.4
    endloop
  endfacet
  facet normal 0 0 1
    outer loop
      vertex 7.13208 7.00446 2.4
      vertex 7.13208 -7.00446 2.4
      vertex 9.63208 -2.67435 2.4
    endloop
  endfacet
  facet normal 0 0 1
    outer loop
      vertex 6.42787 7.66043 2.4
      vertex 7.13208 7.00446 2.4
      vertex 7.07106 7.07106 2.4
    endloop
  endfacet
  facet normal 0 0 1
    outer loop
      vertex 7.13208 7.00446 2.4
      vertex 6.42787 7.66043 2.4
      vertex 7.13208 -7.00446 2.4
    endloop
  endfacet
  facet normal 0 0 1
    outer loop
      vertex 6.42787 -7.66043 2.4
      vertex 7.13208 -7.00446 2.4
      vertex 6.42787 7.66043 2.4
    endloop
  endfacet
  facet normal 0 0 1
    outer loop
      vertex 7.13208 -7.00446 2.4
      vertex 6.42787 -7.66043 2.4
      vertex 7.07106 -7.07106 2.4
    endloop
  endfacet
  facet normal 0 0 1
    outer loop
      vertex 5.73576 8.19151 2.4
      vertex 6.42787 -7.66043 2.4
      vertex 6.42787 7.66043 2.4
    endloop
  endfacet
  facet normal 0 0 1
    outer loop
      vertex 5.73576 8.19151 2.4
      vertex 5.73576 -8.19151 2.4
      vertex 6.42787 -7.66043 2.4
    endloop
  endfacet
  facet normal 0 0 1
    outer loop
      vertex 5 8.66025 2.4
      vertex 5.73576 -8.19151 2.4
      vertex 5.73576 8.19151 2.4
    endloop
  endfacet
  facet normal 0 0 1
    outer loop
      vertex 5 8.66025 2.4
      vertex 5 -8.66025 2.4
      vertex 5.73576 -8.19151 2.4
    endloop
  endfacet
  facet normal 0 0 1
    outer loop
      vertex 4.22618 9.06306 2.4
      vertex 5 -8.66025 2.4
      vertex 5 8.66025 2.4
    endloop
  endfacet
  facet normal 0 0 1
    outer loop
      vertex 4.22618 9.06306 2.4
      vertex 4.22618 -9.06306 2.4
      vertex 5 -8.66025 2.4
    endloop
  endfacet
  facet normal 0 0 1
    outer loop
      vertex 3.4202 9.39691 2.4
      vertex 4.22618 -9.06306 2.4
      vertex 4.22618 9.06306 2.4
    endloop
  endfacet
  facet normal 0 0 1
    outer loop
      vertex 3.4202 9.39691 2.4
      vertex 3.4202 -9.39691 2.4
      vertex 4.22618 -9.06306 2.4
    endloop
  endfacet
  facet normal 0 0 1
    outer loop
      vertex 2.5 9.6788 2.4
      vertex 3.4202 9.39691 2.4
      vertex 2.58818 9.65926 2.4
    endloop
  endfacet
  facet normal 0 0 1
    outer loop
      vertex 3.4202 9.39691 2.4
      vertex 2.5 9.6788 2.4
      vertex 3.4202 -9.39691 2.4
    endloop
  endfacet
  facet normal 0 0 1
    outer loop
      vertex 2.5 -9.6788 2.4
      vertex 3.4202 -9.39691 2.4
      vertex 2.5 9.6788 2.4
    endloop
  endfacet
  facet normal 0 0 1
    outer loop
      vertex 3.4202 -9.39691 2.4
      vertex 2.5 -9.6788 2.4
      vertex 2.58818 -9.65926 2.4
    endloop
  endfacet
  facet normal -0 0 1
    outer loop
      vertex 36.0427 -25.2374 2.4
      vertex 36.8618 -25.8109 2.4
      vertex 36.7606 -24.1105 2.4
    endloop
  endfacet
  facet normal 0 0 1
    outer loop
      vertex 36.0427 -25.2374 2.4
      vertex 34.472 -28.9254 2.4
      vertex 36.8618 -25.8109 2.4
    endloop
  endfacet
  facet normal -0 0 1
    outer loop
      vertex 33.7059 -28.2827 2.4
      vertex 34.472 -28.9254 2.4
      vertex 36.0427 -25.2374 2.4
    endloop
  endfacet
  facet normal 0 0 1
    outer loop
      vertex 33.7059 -28.2827 2.4
      vertex 31.8198 -31.8198 2.4
      vertex 34.472 -28.9254 2.4
    endloop
  endfacet
  facet normal -0 0 1
    outer loop
      vertex 31.1127 -31.1127 2.4
      vertex 31.8198 -31.8198 2.4
      vertex 33.7059 -28.2827 2.4
    endloop
  endfacet
  facet normal 0 0 1
    outer loop
      vertex 31.1127 -31.1127 2.4
      vertex 28.9254 -34.472 2.4
      vertex 31.8198 -31.8198 2.4
    endloop
  endfacet
  facet normal -0 0 1
    outer loop
      vertex 28.2827 -33.7059 2.4
      vertex 28.9254 -34.472 2.4
      vertex 31.1127 -31.1127 2.4
    endloop
  endfacet
  facet normal 0 0 1
    outer loop
      vertex 28.2827 -33.7059 2.4
      vertex 25.8109 -36.8618 2.4
      vertex 28.9254 -34.472 2.4
    endloop
  endfacet
  facet normal -0 0 1
    outer loop
      vertex 25.2374 -36.0427 2.4
      vertex 25.8109 -36.8618 2.4
      vertex 28.2827 -33.7059 2.4
    endloop
  endfacet
  facet normal 0 0 1
    outer loop
      vertex 25.2374 -36.0427 2.4
      vertex 22.5 -38.9711 2.4
      vertex 25.8109 -36.8618 2.4
    endloop
  endfacet
  facet normal -0 0 1
    outer loop
      vertex 22 -38.1051 2.4
      vertex 22.5 -38.9711 2.4
      vertex 25.2374 -36.0427 2.4
    endloop
  endfacet
  facet normal 0 0 1
    outer loop
      vertex 22 -38.1051 2.4
      vertex 19.0178 -40.7838 2.4
      vertex 22.5 -38.9711 2.4
    endloop
  endfacet
  facet normal -0 0 1
    outer loop
      vertex 18.5952 -39.8775 2.4
      vertex 19.0178 -40.7838 2.4
      vertex 22 -38.1051 2.4
    endloop
  endfacet
  facet normal 0 0 1
    outer loop
      vertex 18.5952 -39.8775 2.4
      vertex 15.3909 -42.2862 2.4
      vertex 19.0178 -40.7838 2.4
    endloop
  endfacet
  facet normal -0 0 1
    outer loop
      vertex 15.0489 -41.3465 2.4
      vertex 15.3909 -42.2862 2.4
      vertex 18.5952 -39.8775 2.4
    endloop
  endfacet
  facet normal 0 0 1
    outer loop
      vertex 15.0489 -41.3465 2.4
      vertex 11.6469 -43.4667 2.4
      vertex 15.3909 -42.2862 2.4
    endloop
  endfacet
  facet normal -0 0 1
    outer loop
      vertex 11.388 -42.5007 2.4
      vertex 11.6469 -43.4667 2.4
      vertex 15.0489 -41.3465 2.4
    endloop
  endfacet
  facet normal 0 0 1
    outer loop
      vertex 10 -43.5 2.4
      vertex 11.6469 -43.4667 2.4
      vertex 11.388 -42.5007 2.4
    endloop
  endfacet
  facet normal 0 0 1
    outer loop
      vertex 11.6469 -43.4667 2.4
      vertex 10 -43.5 2.4
      vertex 10 -43.8318 2.4
    endloop
  endfacet
  facet normal 0 0 1
    outer loop
      vertex 37.2333 0 2.4
      vertex 39.4333 0 2.4
      vertex 39.2833 3.43683 2.4
    endloop
  endfacet
  facet normal 0 0 1
    outer loop
      vertex 37.0916 3.24509 2.4
      vertex 39.2833 3.43683 2.4
      vertex 38.8342 6.84752 2.4
    endloop
  endfacet
  facet normal 0 0 1
    outer loop
      vertex 39.4333 0 2.4
      vertex 37.2333 0 2.4
      vertex 39.2833 -3.43683 2.4
    endloop
  endfacet
  facet normal 0 0 1
    outer loop
      vertex 36.6677 6.4655 2.4
      vertex 38.8342 6.84752 2.4
      vertex 38.0897 10.2061 2.4
    endloop
  endfacet
  facet normal -0 0 1
    outer loop
      vertex 37.0916 -3.24509 2.4
      vertex 39.2833 -3.43683 2.4
      vertex 37.2333 0 2.4
    endloop
  endfacet
  facet normal 0 0 1
    outer loop
      vertex 39.2833 -3.43683 2.4
      vertex 37.0916 -3.24509 2.4
      vertex 38.8342 -6.84752 2.4
    endloop
  endfacet
  facet normal 0 0 1
    outer loop
      vertex 39.2833 3.43683 2.4
      vertex 37.0916 3.24509 2.4
      vertex 37.2333 0 2.4
    endloop
  endfacet
  facet normal 0 0 1
    outer loop
      vertex 35.9646 9.63669 2.4
      vertex 38.0897 10.2061 2.4
      vertex 37.0552 13.487 2.4
    endloop
  endfacet
  facet normal 0 0 1
    outer loop
      vertex 38.8342 6.84752 2.4
      vertex 36.6677 6.4655 2.4
      vertex 37.0916 3.24509 2.4
    endloop
  endfacet
  facet normal 0 0 1
    outer loop
      vertex 38.0897 10.2061 2.4
      vertex 35.9646 9.63669 2.4
      vertex 36.6677 6.4655 2.4
    endloop
  endfacet
  facet normal 0 0 1
    outer loop
      vertex 34.9879 12.7345 2.4
      vertex 37.0552 13.487 2.4
      vertex 35.7387 16.6652 2.4
    endloop
  endfacet
  facet normal 0 0 1
    outer loop
      vertex 33.7449 15.7355 2.4
      vertex 35.7387 16.6652 2.4
      vertex 35.3057 17.497 2.4
    endloop
  endfacet
  facet normal 0 0 1
    outer loop
      vertex 37.0552 13.487 2.4
      vertex 34.9879 12.7345 2.4
      vertex 35.9646 9.63669 2.4
    endloop
  endfacet
  facet normal -0 0 1
    outer loop
      vertex 36.6677 -6.4655 2.4
      vertex 38.8342 -6.84752 2.4
      vertex 37.0916 -3.24509 2.4
    endloop
  endfacet
  facet normal 0 0 1
    outer loop
      vertex 38.8342 -6.84752 2.4
      vertex 36.6677 -6.4655 2.4
      vertex 38.0897 -10.2061 2.4
    endloop
  endfacet
  facet normal -0 0 1
    outer loop
      vertex 35.9646 -9.63669 2.4
      vertex 38.0897 -10.2061 2.4
      vertex 36.6677 -6.4655 2.4
    endloop
  endfacet
  facet normal 0 0 1
    outer loop
      vertex 38.0897 -10.2061 2.4
      vertex 35.9646 -9.63669 2.4
      vertex 37.0552 -13.487 2.4
    endloop
  endfacet
  facet normal -0 0 1
    outer loop
      vertex 34.9879 -12.7345 2.4
      vertex 37.0552 -13.487 2.4
      vertex 35.9646 -9.63669 2.4
    endloop
  endfacet
  facet normal 0 0 1
    outer loop
      vertex 37.0552 -13.487 2.4
      vertex 34.9879 -12.7345 2.4
      vertex 35.7387 -16.6652 2.4
    endloop
  endfacet
  facet normal -0 0 1
    outer loop
      vertex 33.7449 -15.7355 2.4
      vertex 35.7387 -16.6652 2.4
      vertex 34.9879 -12.7345 2.4
    endloop
  endfacet
  facet normal 0 0 1
    outer loop
      vertex 16.3106 -16.3106 2.4
      vertex 17.35 -16 2.4
      vertex 17.2333 -15.4509 2.4
    endloop
  endfacet
  facet normal 0 0 1
    outer loop
      vertex 16.3106 -16.3106 2.4
      vertex 17.2333 -15.4509 2.4
      vertex 17.1736 -15.3688 2.4
    endloop
  endfacet
  facet normal 0 0 1
    outer loop
      vertex 17.35 -16 2.4
      vertex 16.3106 -16.3106 2.4
      vertex 17.2333 -16.5491 2.4
    endloop
  endfacet
  facet normal 0 0 1
    outer loop
      vertex 17.2333 -16.5491 2.4
      vertex 16.3106 -16.3106 2.4
      vertex 16.9033 -17.0032 2.4
    endloop
  endfacet
  facet normal 0 0 1
    outer loop
      vertex 16.9033 -17.0032 2.4
      vertex 16.3106 -16.3106 2.4
      vertex 16.4172 -17.2839 2.4
    endloop
  endfacet
  facet normal 0 0 1
    outer loop
      vertex 16.3106 -16.3106 2.4
      vertex 15.8589 -17.3426 2.4
      vertex 16.4172 -17.2839 2.4
    endloop
  endfacet
  facet normal 0 -0 1
    outer loop
      vertex 15.8589 -17.3426 2.4
      vertex 16.3106 -16.3106 2.4
      vertex 15.3609 -17.1808 2.4
    endloop
  endfacet
  facet normal 0 0 1
    outer loop
      vertex -16.3106 16.3106 2.4
      vertex -15.5828 17.2839 2.4
      vertex -16.1411 17.3426 2.4
    endloop
  endfacet
  facet normal 0 0 1
    outer loop
      vertex -15.5828 17.2839 2.4
      vertex -16.3106 16.3106 2.4
      vertex -15.3777 17.1655 2.4
    endloop
  endfacet
  facet normal -0 0 1
    outer loop
      vertex -16.675 17.1691 2.4
      vertex -16.3106 16.3106 2.4
      vertex -16.1411 17.3426 2.4
    endloop
  endfacet
  facet normal -0 0 1
    outer loop
      vertex -17.0922 16.7935 2.4
      vertex -16.3106 16.3106 2.4
      vertex -16.675 17.1691 2.4
    endloop
  endfacet
  facet normal 0 0 1
    outer loop
      vertex -17.3205 16.2807 2.4
      vertex -16.3106 16.3106 2.4
      vertex -17.0922 16.7935 2.4
    endloop
  endfacet
  facet normal 0 0 1
    outer loop
      vertex -17.3205 15.7193 2.4
      vertex -16.3106 16.3106 2.4
      vertex -17.3205 16.2807 2.4
    endloop
  endfacet
  facet normal 0 0 1
    outer loop
      vertex -16.3106 16.3106 2.4
      vertex -17.3205 15.7193 2.4
      vertex -17.1674 15.3755 2.4
    endloop
  endfacet
  facet normal -0 0 1
    outer loop
      vertex 16.3106 16.3106 2.4
      vertex 17.35 16 2.4
      vertex 17.2333 16.5491 2.4
    endloop
  endfacet
  facet normal 0 0 1
    outer loop
      vertex 17.35 16 2.4
      vertex 16.3106 16.3106 2.4
      vertex 17.2333 15.4509 2.4
    endloop
  endfacet
  facet normal 0 0 1
    outer loop
      vertex 16.3106 16.3106 2.4
      vertex 17.2333 16.5491 2.4
      vertex 16.9033 17.0032 2.4
    endloop
  endfacet
  facet normal 0 0 1
    outer loop
      vertex 16.3106 16.3106 2.4
      vertex 16.9033 17.0032 2.4
      vertex 16.4172 17.2839 2.4
    endloop
  endfacet
  facet normal 0 0 1
    outer loop
      vertex 17.2333 15.4509 2.4
      vertex 16.3106 16.3106 2.4
      vertex 17.1736 15.3688 2.4
    endloop
  endfacet
  facet normal 0 0 1
    outer loop
      vertex 15.8589 17.3426 2.4
      vertex 16.3106 16.3106 2.4
      vertex 16.4172 17.2839 2.4
    endloop
  endfacet
  facet normal 0 0 1
    outer loop
      vertex 16.3106 16.3106 2.4
      vertex 15.8589 17.3426 2.4
      vertex 15.3609 17.1808 2.4
    endloop
  endfacet
  facet normal 0 0 1
    outer loop
      vertex -16.3106 -16.3106 2.4
      vertex -15.5828 -17.2839 2.4
      vertex -15.3777 -17.1655 2.4
    endloop
  endfacet
  facet normal 0 0 1
    outer loop
      vertex -15.5828 -17.2839 2.4
      vertex -16.3106 -16.3106 2.4
      vertex -16.1411 -17.3426 2.4
    endloop
  endfacet
  facet normal 0 0 1
    outer loop
      vertex -16.3106 -16.3106 2.4
      vertex -16.675 -17.1691 2.4
      vertex -16.1411 -17.3426 2.4
    endloop
  endfacet
  facet normal 0 0 1
    outer loop
      vertex -16.3106 -16.3106 2.4
      vertex -17.0922 -16.7935 2.4
      vertex -16.675 -17.1691 2.4
    endloop
  endfacet
  facet normal -0 0 1
    outer loop
      vertex -17.3205 -15.7193 2.4
      vertex -16.3106 -16.3106 2.4
      vertex -17.1674 -15.3755 2.4
    endloop
  endfacet
  facet normal 0 0 1
    outer loop
      vertex -16.3106 -16.3106 2.4
      vertex -17.3205 -15.7193 2.4
      vertex -17.3205 -16.2807 2.4
    endloop
  endfacet
  facet normal 0 0 1
    outer loop
      vertex -16.3106 -16.3106 2.4
      vertex -17.3205 -16.2807 2.4
      vertex -17.0922 -16.7935 2.4
    endloop
  endfacet
  facet normal 0.216465 -0.97629 0
    outer loop
      vertex 10 -46.9017 0
      vertex 12.4233 -46.3644 26
      vertex 10 -46.9017 26
    endloop
  endfacet
  facet normal 0.216465 -0.97629 0
    outer loop
      vertex 12.4233 -46.3644 26
      vertex 10 -46.9017 0
      vertex 12.4233 -46.3644 0
    endloop
  endfacet
  facet normal 0.300704 -0.953718 0
    outer loop
      vertex 12.4233 -46.3644 0
      vertex 16.417 -45.1052 26
      vertex 12.4233 -46.3644 26
    endloop
  endfacet
  facet normal 0.300704 -0.953718 0
    outer loop
      vertex 16.417 -45.1052 26
      vertex 12.4233 -46.3644 0
      vertex 16.417 -45.1052 0
    endloop
  endfacet
  facet normal 0.38267 -0.923885 0
    outer loop
      vertex 16.417 -45.1052 0
      vertex 20.2857 -43.5028 26
      vertex 16.417 -45.1052 26
    endloop
  endfacet
  facet normal 0.38267 -0.923885 0
    outer loop
      vertex 20.2857 -43.5028 26
      vertex 16.417 -45.1052 0
      vertex 20.2857 -43.5028 0
    endloop
  endfacet
  facet normal 0.461759 -0.887005 0
    outer loop
      vertex 20.2857 -43.5028 0
      vertex 24 -41.5692 26
      vertex 20.2857 -43.5028 26
    endloop
  endfacet
  facet normal 0.461759 -0.887005 0
    outer loop
      vertex 24 -41.5692 26
      vertex 20.2857 -43.5028 0
      vertex 24 -41.5692 0
    endloop
  endfacet
  facet normal 0.537293 -0.843396 0
    outer loop
      vertex 24 -41.5692 0
      vertex 27.5317 -39.3193 26
      vertex 24 -41.5692 26
    endloop
  endfacet
  facet normal 0.537293 -0.843396 0
    outer loop
      vertex 27.5317 -39.3193 26
      vertex 24 -41.5692 0
      vertex 27.5317 -39.3193 0
    endloop
  endfacet
  facet normal 0.608771 -0.793346 0
    outer loop
      vertex 27.5317 -39.3193 0
      vertex 30.8538 -36.7701 26
      vertex 27.5317 -39.3193 26
    endloop
  endfacet
  facet normal 0.608771 -0.793346 0
    outer loop
      vertex 30.8538 -36.7701 26
      vertex 27.5317 -39.3193 0
      vertex 30.8538 -36.7701 0
    endloop
  endfacet
  facet normal 0.675592 -0.737276 0
    outer loop
      vertex 30.8538 -36.7701 0
      vertex 33.9411 -33.9411 26
      vertex 30.8538 -36.7701 26
    endloop
  endfacet
  facet normal 0.675592 -0.737276 0
    outer loop
      vertex 33.9411 -33.9411 26
      vertex 30.8538 -36.7701 0
      vertex 33.9411 -33.9411 0
    endloop
  endfacet
  facet normal 0.737276 -0.675592 0
    outer loop
      vertex 33.9411 -33.9411 26
      vertex 36.7701 -30.8538 0
      vertex 36.7701 -30.8538 26
    endloop
  endfacet
  facet normal 0.737276 -0.675592 0
    outer loop
      vertex 36.7701 -30.8538 0
      vertex 33.9411 -33.9411 26
      vertex 33.9411 -33.9411 0
    endloop
  endfacet
  facet normal 0.793346 -0.608771 0
    outer loop
      vertex 36.7701 -30.8538 26
      vertex 39.3193 -27.5317 0
      vertex 39.3193 -27.5317 26
    endloop
  endfacet
  facet normal 0.793346 -0.608771 0
    outer loop
      vertex 39.3193 -27.5317 0
      vertex 36.7701 -30.8538 26
      vertex 36.7701 -30.8538 0
    endloop
  endfacet
  facet normal 0.843396 -0.537293 0
    outer loop
      vertex 39.3193 -27.5317 26
      vertex 41.5692 -24 0
      vertex 41.5692 -24 26
    endloop
  endfacet
  facet normal 0.843396 -0.537293 0
    outer loop
      vertex 41.5692 -24 0
      vertex 39.3193 -27.5317 26
      vertex 39.3193 -27.5317 0
    endloop
  endfacet
  facet normal 0.887005 -0.461759 0
    outer loop
      vertex 41.5692 -24 26
      vertex 43.5028 -20.2857 0
      vertex 43.5028 -20.2857 26
    endloop
  endfacet
  facet normal 0.887005 -0.461759 0
    outer loop
      vertex 43.5028 -20.2857 0
      vertex 41.5692 -24 26
      vertex 41.5692 -24 0
    endloop
  endfacet
  facet normal 0.923885 -0.38267 0
    outer loop
      vertex 43.5028 -20.2857 26
      vertex 45.1052 -16.417 0
      vertex 45.1052 -16.417 26
    endloop
  endfacet
  facet normal 0.923885 -0.38267 0
    outer loop
      vertex 45.1052 -16.417 0
      vertex 43.5028 -20.2857 26
      vertex 43.5028 -20.2857 0
    endloop
  endfacet
  facet normal 0.953718 -0.300704 0
    outer loop
      vertex 45.1052 -16.417 26
      vertex 46.3644 -12.4233 0
      vertex 46.3644 -12.4233 26
    endloop
  endfacet
  facet normal 0.953718 -0.300704 0
    outer loop
      vertex 46.3644 -12.4233 0
      vertex 45.1052 -16.417 26
      vertex 45.1052 -16.417 0
    endloop
  endfacet
  facet normal 0.976293 -0.216455 0
    outer loop
      vertex 46.3644 -12.4233 26
      vertex 47.2708 -8.3351 0
      vertex 47.2708 -8.3351 26
    endloop
  endfacet
  facet normal 0.976293 -0.216455 0
    outer loop
      vertex 47.2708 -8.3351 0
      vertex 46.3644 -12.4233 26
      vertex 46.3644 -12.4233 0
    endloop
  endfacet
  facet normal 0.991447 -0.130509 0
    outer loop
      vertex 47.2708 -8.3351 26
      vertex 47.8173 -4.18347 0
      vertex 47.8173 -4.18347 26
    endloop
  endfacet
  facet normal 0.991447 -0.130509 0
    outer loop
      vertex 47.8173 -4.18347 0
      vertex 47.2708 -8.3351 26
      vertex 47.2708 -8.3351 0
    endloop
  endfacet
  facet normal 0.999048 -0.0436303 0
    outer loop
      vertex 47.8173 -4.18347 26
      vertex 48 0 0
      vertex 48 0 26
    endloop
  endfacet
  facet normal 0.999048 -0.0436303 0
    outer loop
      vertex 48 0 0
      vertex 47.8173 -4.18347 26
      vertex 47.8173 -4.18347 0
    endloop
  endfacet
  facet normal 0.999048 0.0436303 0
    outer loop
      vertex 48 0 26
      vertex 47.8173 4.18347 0
      vertex 47.8173 4.18347 26
    endloop
  endfacet
  facet normal 0.999048 0.0436303 0
    outer loop
      vertex 47.8173 4.18347 0
      vertex 48 0 26
      vertex 48 0 0
    endloop
  endfacet
  facet normal 0.991447 0.130509 0
    outer loop
      vertex 47.8173 4.18347 26
      vertex 47.2708 8.3351 0
      vertex 47.2708 8.3351 26
    endloop
  endfacet
  facet normal 0.991447 0.130509 0
    outer loop
      vertex 47.2708 8.3351 0
      vertex 47.8173 4.18347 26
      vertex 47.8173 4.18347 0
    endloop
  endfacet
  facet normal 0.976293 0.216455 0
    outer loop
      vertex 47.2708 8.3351 26
      vertex 46.3644 12.4233 0
      vertex 46.3644 12.4233 26
    endloop
  endfacet
  facet normal 0.976293 0.216455 0
    outer loop
      vertex 46.3644 12.4233 0
      vertex 47.2708 8.3351 26
      vertex 47.2708 8.3351 0
    endloop
  endfacet
  facet normal 0.953718 0.300704 0
    outer loop
      vertex 46.3644 12.4233 26
      vertex 45.1052 16.417 0
      vertex 45.1052 16.417 26
    endloop
  endfacet
  facet normal 0.953718 0.300704 0
    outer loop
      vertex 45.1052 16.417 0
      vertex 46.3644 12.4233 26
      vertex 46.3644 12.4233 0
    endloop
  endfacet
  facet normal 0.923885 0.38267 0
    outer loop
      vertex 45.1052 16.417 26
      vertex 43.5028 20.2857 0
      vertex 43.5028 20.2857 26
    endloop
  endfacet
  facet normal 0.923885 0.38267 0
    outer loop
      vertex 43.5028 20.2857 0
      vertex 45.1052 16.417 26
      vertex 45.1052 16.417 0
    endloop
  endfacet
  facet normal 0.887005 0.461759 0
    outer loop
      vertex 43.5028 20.2857 26
      vertex 41.5692 24 0
      vertex 41.5692 24 26
    endloop
  endfacet
  facet normal 0.887005 0.461759 0
    outer loop
      vertex 41.5692 24 0
      vertex 43.5028 20.2857 26
      vertex 43.5028 20.2857 0
    endloop
  endfacet
  facet normal 0.843396 0.537293 0
    outer loop
      vertex 41.5692 24 26
      vertex 39.3193 27.5317 0
      vertex 39.3193 27.5317 26
    endloop
  endfacet
  facet normal 0.843396 0.537293 0
    outer loop
      vertex 39.3193 27.5317 0
      vertex 41.5692 24 26
      vertex 41.5692 24 0
    endloop
  endfacet
  facet normal 0.793346 0.608771 0
    outer loop
      vertex 39.3193 27.5317 26
      vertex 36.7701 30.8538 0
      vertex 36.7701 30.8538 26
    endloop
  endfacet
  facet normal 0.793346 0.608771 0
    outer loop
      vertex 36.7701 30.8538 0
      vertex 39.3193 27.5317 26
      vertex 39.3193 27.5317 0
    endloop
  endfacet
  facet normal 0.737276 0.675592 0
    outer loop
      vertex 36.7701 30.8538 26
      vertex 33.9411 33.9411 0
      vertex 33.9411 33.9411 26
    endloop
  endfacet
  facet normal 0.737276 0.675592 0
    outer loop
      vertex 33.9411 33.9411 0
      vertex 36.7701 30.8538 26
      vertex 36.7701 30.8538 0
    endloop
  endfacet
  facet normal 0.675592 0.737276 -0
    outer loop
      vertex 33.9411 33.9411 0
      vertex 30.8538 36.7701 26
      vertex 33.9411 33.9411 26
    endloop
  endfacet
  facet normal 0.675592 0.737276 0
    outer loop
      vertex 30.8538 36.7701 26
      vertex 33.9411 33.9411 0
      vertex 30.8538 36.7701 0
    endloop
  endfacet
  facet normal 0.608771 0.793346 -0
    outer loop
      vertex 30.8538 36.7701 0
      vertex 27.5317 39.3193 26
      vertex 30.8538 36.7701 26
    endloop
  endfacet
  facet normal 0.608771 0.793346 0
    outer loop
      vertex 27.5317 39.3193 26
      vertex 30.8538 36.7701 0
      vertex 27.5317 39.3193 0
    endloop
  endfacet
  facet normal 0.537293 0.843396 -0
    outer loop
      vertex 27.5317 39.3193 0
      vertex 24 41.5692 26
      vertex 27.5317 39.3193 26
    endloop
  endfacet
  facet normal 0.537293 0.843396 0
    outer loop
      vertex 24 41.5692 26
      vertex 27.5317 39.3193 0
      vertex 24 41.5692 0
    endloop
  endfacet
  facet normal 0.461759 0.887005 -0
    outer loop
      vertex 24 41.5692 0
      vertex 20.2857 43.5028 26
      vertex 24 41.5692 26
    endloop
  endfacet
  facet normal 0.461759 0.887005 0
    outer loop
      vertex 20.2857 43.5028 26
      vertex 24 41.5692 0
      vertex 20.2857 43.5028 0
    endloop
  endfacet
  facet normal 0.38267 0.923885 -0
    outer loop
      vertex 20.2857 43.5028 0
      vertex 16.417 45.1052 26
      vertex 20.2857 43.5028 26
    endloop
  endfacet
  facet normal 0.38267 0.923885 0
    outer loop
      vertex 16.417 45.1052 26
      vertex 20.2857 43.5028 0
      vertex 16.417 45.1052 0
    endloop
  endfacet
  facet normal 0.300704 0.953718 -0
    outer loop
      vertex 16.417 45.1052 0
      vertex 12.4233 46.3644 26
      vertex 16.417 45.1052 26
    endloop
  endfacet
  facet normal 0.300704 0.953718 0
    outer loop
      vertex 12.4233 46.3644 26
      vertex 16.417 45.1052 0
      vertex 12.4233 46.3644 0
    endloop
  endfacet
  facet normal 0.216455 0.976293 -0
    outer loop
      vertex 12.4233 46.3644 0
      vertex 8.3351 47.2708 26
      vertex 12.4233 46.3644 26
    endloop
  endfacet
  facet normal 0.216455 0.976293 0
    outer loop
      vertex 8.3351 47.2708 26
      vertex 12.4233 46.3644 0
      vertex 8.3351 47.2708 0
    endloop
  endfacet
  facet normal 0.130509 0.991447 -0
    outer loop
      vertex 8.3351 47.2708 0
      vertex 4.18347 47.8173 26
      vertex 8.3351 47.2708 26
    endloop
  endfacet
  facet normal 0.130509 0.991447 0
    outer loop
      vertex 4.18347 47.8173 26
      vertex 8.3351 47.2708 0
      vertex 4.18347 47.8173 0
    endloop
  endfacet
  facet normal 0.0436303 0.999048 -0
    outer loop
      vertex 4.18347 47.8173 0
      vertex 0 48 26
      vertex 4.18347 47.8173 26
    endloop
  endfacet
  facet normal 0.0436303 0.999048 0
    outer loop
      vertex 0 48 26
      vertex 4.18347 47.8173 0
      vertex 0 48 0
    endloop
  endfacet
  facet normal -0.0436303 0.999048 0
    outer loop
      vertex 0 48 0
      vertex -4.18347 47.8173 26
      vertex 0 48 26
    endloop
  endfacet
  facet normal -0.0436303 0.999048 0
    outer loop
      vertex -4.18347 47.8173 26
      vertex 0 48 0
      vertex -4.18347 47.8173 0
    endloop
  endfacet
  facet normal -0.130509 0.991447 0
    outer loop
      vertex -4.18347 47.8173 0
      vertex -8.3351 47.2708 26
      vertex -4.18347 47.8173 26
    endloop
  endfacet
  facet normal -0.130509 0.991447 0
    outer loop
      vertex -8.3351 47.2708 26
      vertex -4.18347 47.8173 0
      vertex -8.3351 47.2708 0
    endloop
  endfacet
  facet normal -0.216455 0.976293 0
    outer loop
      vertex -8.3351 47.2708 0
      vertex -12.4233 46.3644 26
      vertex -8.3351 47.2708 26
    endloop
  endfacet
  facet normal -0.216455 0.976293 0
    outer loop
      vertex -12.4233 46.3644 26
      vertex -8.3351 47.2708 0
      vertex -12.4233 46.3644 0
    endloop
  endfacet
  facet normal -0.300704 0.953718 0
    outer loop
      vertex -12.4233 46.3644 0
      vertex -16.417 45.1052 26
      vertex -12.4233 46.3644 26
    endloop
  endfacet
  facet normal -0.300704 0.953718 0
    outer loop
      vertex -16.417 45.1052 26
      vertex -12.4233 46.3644 0
      vertex -16.417 45.1052 0
    endloop
  endfacet
  facet normal -0.38267 0.923885 0
    outer loop
      vertex -16.417 45.1052 0
      vertex -20.2857 43.5028 26
      vertex -16.417 45.1052 26
    endloop
  endfacet
  facet normal -0.38267 0.923885 0
    outer loop
      vertex -20.2857 43.5028 26
      vertex -16.417 45.1052 0
      vertex -20.2857 43.5028 0
    endloop
  endfacet
  facet normal -0.461759 0.887005 0
    outer loop
      vertex -20.2857 43.5028 0
      vertex -24 41.5692 26
      vertex -20.2857 43.5028 26
    endloop
  endfacet
  facet normal -0.461759 0.887005 0
    outer loop
      vertex -24 41.5692 26
      vertex -20.2857 43.5028 0
      vertex -24 41.5692 0
    endloop
  endfacet
  facet normal -0.537293 0.843396 0
    outer loop
      vertex -24 41.5692 0
      vertex -27.5317 39.3193 26
      vertex -24 41.5692 26
    endloop
  endfacet
  facet normal -0.537293 0.843396 0
    outer loop
      vertex -27.5317 39.3193 26
      vertex -24 41.5692 0
      vertex -27.5317 39.3193 0
    endloop
  endfacet
  facet normal -0.608771 0.793346 0
    outer loop
      vertex -27.5317 39.3193 0
      vertex -30.8538 36.7701 26
      vertex -27.5317 39.3193 26
    endloop
  endfacet
  facet normal -0.608771 0.793346 0
    outer loop
      vertex -30.8538 36.7701 26
      vertex -27.5317 39.3193 0
      vertex -30.8538 36.7701 0
    endloop
  endfacet
  facet normal -0.675592 0.737276 0
    outer loop
      vertex -30.8538 36.7701 0
      vertex -33.9411 33.9411 26
      vertex -30.8538 36.7701 26
    endloop
  endfacet
  facet normal -0.675592 0.737276 0
    outer loop
      vertex -33.9411 33.9411 26
      vertex -30.8538 36.7701 0
      vertex -33.9411 33.9411 0
    endloop
  endfacet
  facet normal -0.737276 0.675592 0
    outer loop
      vertex -36.7701 30.8538 0
      vertex -33.9411 33.9411 26
      vertex -33.9411 33.9411 0
    endloop
  endfacet
  facet normal -0.737276 0.675592 0
    outer loop
      vertex -33.9411 33.9411 26
      vertex -36.7701 30.8538 0
      vertex -36.7701 30.8538 26
    endloop
  endfacet
  facet normal -0.793346 0.608771 0
    outer loop
      vertex -39.3193 27.5317 0
      vertex -36.7701 30.8538 26
      vertex -36.7701 30.8538 0
    endloop
  endfacet
  facet normal -0.793346 0.608771 0
    outer loop
      vertex -36.7701 30.8538 26
      vertex -39.3193 27.5317 0
      vertex -39.3193 27.5317 26
    endloop
  endfacet
  facet normal -0.843396 0.537293 0
    outer loop
      vertex -41.5692 24 0
      vertex -39.3193 27.5317 26
      vertex -39.3193 27.5317 0
    endloop
  endfacet
  facet normal -0.843396 0.537293 0
    outer loop
      vertex -39.3193 27.5317 26
      vertex -41.5692 24 0
      vertex -41.5692 24 26
    endloop
  endfacet
  facet normal -0.887005 0.461759 0
    outer loop
      vertex -43.5028 20.2857 0
      vertex -41.5692 24 26
      vertex -41.5692 24 0
    endloop
  endfacet
  facet normal -0.887005 0.461759 0
    outer loop
      vertex -41.5692 24 26
      vertex -43.5028 20.2857 0
      vertex -43.5028 20.2857 26
    endloop
  endfacet
  facet normal -0.923885 0.38267 0
    outer loop
      vertex -45.1052 16.417 0
      vertex -43.5028 20.2857 26
      vertex -43.5028 20.2857 0
    endloop
  endfacet
  facet normal -0.923885 0.38267 0
    outer loop
      vertex -43.5028 20.2857 26
      vertex -45.1052 16.417 0
      vertex -45.1052 16.417 26
    endloop
  endfacet
  facet normal -0.953718 0.300704 0
    outer loop
      vertex -46.3644 12.4233 0
      vertex -45.1052 16.417 26
      vertex -45.1052 16.417 0
    endloop
  endfacet
  facet normal -0.953718 0.300704 0
    outer loop
      vertex -45.1052 16.417 26
      vertex -46.3644 12.4233 0
      vertex -46.3644 12.4233 26
    endloop
  endfacet
  facet normal -0.976293 0.216455 0
    outer loop
      vertex -47.2708 8.3351 0
      vertex -46.3644 12.4233 26
      vertex -46.3644 12.4233 0
    endloop
  endfacet
  facet normal -0.976293 0.216455 0
    outer loop
      vertex -46.3644 12.4233 26
      vertex -47.2708 8.3351 0
      vertex -47.2708 8.3351 26
    endloop
  endfacet
  facet normal -0.991447 0.130509 0
    outer loop
      vertex -47.8173 4.18347 0
      vertex -47.2708 8.3351 26
      vertex -47.2708 8.3351 0
    endloop
  endfacet
  facet normal -0.991447 0.130509 0
    outer loop
      vertex -47.2708 8.3351 26
      vertex -47.8173 4.18347 0
      vertex -47.8173 4.18347 26
    endloop
  endfacet
  facet normal -0.999048 0.0436303 0
    outer loop
      vertex -48 0 0
      vertex -47.8173 4.18347 26
      vertex -47.8173 4.18347 0
    endloop
  endfacet
  facet normal -0.999048 0.0436303 0
    outer loop
      vertex -47.8173 4.18347 26
      vertex -48 0 0
      vertex -48 0 26
    endloop
  endfacet
  facet normal -0.999048 -0.0436303 0
    outer loop
      vertex -47.8173 -4.18347 0
      vertex -48 0 26
      vertex -48 0 0
    endloop
  endfacet
  facet normal -0.999048 -0.0436303 0
    outer loop
      vertex -48 0 26
      vertex -47.8173 -4.18347 0
      vertex -47.8173 -4.18347 26
    endloop
  endfacet
  facet normal -0.991447 -0.130509 0
    outer loop
      vertex -47.2708 -8.3351 0
      vertex -47.8173 -4.18347 26
      vertex -47.8173 -4.18347 0
    endloop
  endfacet
  facet normal -0.991447 -0.130509 0
    outer loop
      vertex -47.8173 -4.18347 26
      vertex -47.2708 -8.3351 0
      vertex -47.2708 -8.3351 26
    endloop
  endfacet
  facet normal -0.976293 -0.216455 0
    outer loop
      vertex -46.3644 -12.4233 0
      vertex -47.2708 -8.3351 26
      vertex -47.2708 -8.3351 0
    endloop
  endfacet
  facet normal -0.976293 -0.216455 0
    outer loop
      vertex -47.2708 -8.3351 26
      vertex -46.3644 -12.4233 0
      vertex -46.3644 -12.4233 26
    endloop
  endfacet
  facet normal -0.953718 -0.300704 0
    outer loop
      vertex -45.1052 -16.417 0
      vertex -46.3644 -12.4233 26
      vertex -46.3644 -12.4233 0
    endloop
  endfacet
  facet normal -0.953718 -0.300704 0
    outer loop
      vertex -46.3644 -12.4233 26
      vertex -45.1052 -16.417 0
      vertex -45.1052 -16.417 26
    endloop
  endfacet
  facet normal -0.923885 -0.38267 0
    outer loop
      vertex -43.5028 -20.2857 0
      vertex -45.1052 -16.417 26
      vertex -45.1052 -16.417 0
    endloop
  endfacet
  facet normal -0.923885 -0.38267 0
    outer loop
      vertex -45.1052 -16.417 26
      vertex -43.5028 -20.2857 0
      vertex -43.5028 -20.2857 26
    endloop
  endfacet
  facet normal -0.887005 -0.461759 0
    outer loop
      vertex -41.5692 -24 0
      vertex -43.5028 -20.2857 26
      vertex -43.5028 -20.2857 0
    endloop
  endfacet
  facet normal -0.887005 -0.461759 0
    outer loop
      vertex -43.5028 -20.2857 26
      vertex -41.5692 -24 0
      vertex -41.5692 -24 26
    endloop
  endfacet
  facet normal -0.843396 -0.537293 0
    outer loop
      vertex -39.3193 -27.5317 0
      vertex -41.5692 -24 26
      vertex -41.5692 -24 0
    endloop
  endfacet
  facet normal -0.843396 -0.537293 0
    outer loop
      vertex -41.5692 -24 26
      vertex -39.3193 -27.5317 0
      vertex -39.3193 -27.5317 26
    endloop
  endfacet
  facet normal -0.793346 -0.608771 0
    outer loop
      vertex -36.7701 -30.8538 0
      vertex -39.3193 -27.5317 26
      vertex -39.3193 -27.5317 0
    endloop
  endfacet
  facet normal -0.793346 -0.608771 0
    outer loop
      vertex -39.3193 -27.5317 26
      vertex -36.7701 -30.8538 0
      vertex -36.7701 -30.8538 26
    endloop
  endfacet
  facet normal -0.737276 -0.675592 0
    outer loop
      vertex -33.9411 -33.9411 0
      vertex -36.7701 -30.8538 26
      vertex -36.7701 -30.8538 0
    endloop
  endfacet
  facet normal -0.737276 -0.675592 0
    outer loop
      vertex -36.7701 -30.8538 26
      vertex -33.9411 -33.9411 0
      vertex -33.9411 -33.9411 26
    endloop
  endfacet
  facet normal -0.675592 -0.737276 0
    outer loop
      vertex -33.9411 -33.9411 0
      vertex -30.8538 -36.7701 26
      vertex -33.9411 -33.9411 26
    endloop
  endfacet
  facet normal -0.675592 -0.737276 -0
    outer loop
      vertex -30.8538 -36.7701 26
      vertex -33.9411 -33.9411 0
      vertex -30.8538 -36.7701 0
    endloop
  endfacet
  facet normal -0.608771 -0.793346 0
    outer loop
      vertex -30.8538 -36.7701 0
      vertex -27.5317 -39.3193 26
      vertex -30.8538 -36.7701 26
    endloop
  endfacet
  facet normal -0.608771 -0.793346 -0
    outer loop
      vertex -27.5317 -39.3193 26
      vertex -30.8538 -36.7701 0
      vertex -27.5317 -39.3193 0
    endloop
  endfacet
  facet normal -0.537293 -0.843396 0
    outer loop
      vertex -27.5317 -39.3193 0
      vertex -24 -41.5692 26
      vertex -27.5317 -39.3193 26
    endloop
  endfacet
  facet normal -0.537293 -0.843396 -0
    outer loop
      vertex -24 -41.5692 26
      vertex -27.5317 -39.3193 0
      vertex -24 -41.5692 0
    endloop
  endfacet
  facet normal -0.461759 -0.887005 0
    outer loop
      vertex -24 -41.5692 0
      vertex -20.2857 -43.5028 26
      vertex -24 -41.5692 26
    endloop
  endfacet
  facet normal -0.461759 -0.887005 -0
    outer loop
      vertex -20.2857 -43.5028 26
      vertex -24 -41.5692 0
      vertex -20.2857 -43.5028 0
    endloop
  endfacet
  facet normal -0.38267 -0.923885 0
    outer loop
      vertex -20.2857 -43.5028 0
      vertex -16.417 -45.1052 26
      vertex -20.2857 -43.5028 26
    endloop
  endfacet
  facet normal -0.38267 -0.923885 -0
    outer loop
      vertex -16.417 -45.1052 26
      vertex -20.2857 -43.5028 0
      vertex -16.417 -45.1052 0
    endloop
  endfacet
  facet normal -0.300704 -0.953718 0
    outer loop
      vertex -16.417 -45.1052 0
      vertex -12.4233 -46.3644 26
      vertex -16.417 -45.1052 26
    endloop
  endfacet
  facet normal -0.300704 -0.953718 -0
    outer loop
      vertex -12.4233 -46.3644 26
      vertex -16.417 -45.1052 0
      vertex -12.4233 -46.3644 0
    endloop
  endfacet
  facet normal -0.216465 -0.97629 0
    outer loop
      vertex -12.4233 -46.3644 0
      vertex -10 -46.9017 26
      vertex -12.4233 -46.3644 26
    endloop
  endfacet
  facet normal -0.216465 -0.97629 -0
    outer loop
      vertex -10 -46.9017 26
      vertex -12.4233 -46.3644 0
      vertex -10 -46.9017 0
    endloop
  endfacet
  facet normal 0.843396 -0.537292 0
    outer loop
      vertex -36.7606 24.1105 2.4
      vertex -36.0427 25.2374 0
      vertex -36.0427 25.2374 2.4
    endloop
  endfacet
  facet normal 0.843396 -0.537292 0
    outer loop
      vertex -36.0427 25.2374 0
      vertex -36.7606 24.1105 2.4
      vertex -36.7606 24.1105 0
    endloop
  endfacet
  facet normal 0.793346 -0.608771 0
    outer loop
      vertex -36.0427 25.2374 2.4
      vertex -33.7059 28.2827 0
      vertex -33.7059 28.2827 2.4
    endloop
  endfacet
  facet normal 0.793346 -0.608771 0
    outer loop
      vertex -33.7059 28.2827 0
      vertex -36.0427 25.2374 2.4
      vertex -36.0427 25.2374 0
    endloop
  endfacet
  facet normal 0.73728 -0.675588 0
    outer loop
      vertex -33.7059 28.2827 2.4
      vertex -31.1127 31.1127 0
      vertex -31.1127 31.1127 2.4
    endloop
  endfacet
  facet normal 0.73728 -0.675588 0
    outer loop
      vertex -31.1127 31.1127 0
      vertex -33.7059 28.2827 2.4
      vertex -33.7059 28.2827 0
    endloop
  endfacet
  facet normal 0.675588 -0.73728 0
    outer loop
      vertex -31.1127 31.1127 0
      vertex -28.2827 33.7059 2.4
      vertex -31.1127 31.1127 2.4
    endloop
  endfacet
  facet normal 0.675588 -0.73728 0
    outer loop
      vertex -28.2827 33.7059 2.4
      vertex -31.1127 31.1127 0
      vertex -28.2827 33.7059 0
    endloop
  endfacet
  facet normal 0.608771 -0.793346 0
    outer loop
      vertex -28.2827 33.7059 0
      vertex -25.2374 36.0427 2.4
      vertex -28.2827 33.7059 2.4
    endloop
  endfacet
  facet normal 0.608771 -0.793346 0
    outer loop
      vertex -25.2374 36.0427 2.4
      vertex -28.2827 33.7059 0
      vertex -25.2374 36.0427 0
    endloop
  endfacet
  facet normal 0.53729 -0.843397 0
    outer loop
      vertex -25.2374 36.0427 0
      vertex -22 38.1051 2.4
      vertex -25.2374 36.0427 2.4
    endloop
  endfacet
  facet normal 0.53729 -0.843397 0
    outer loop
      vertex -22 38.1051 2.4
      vertex -25.2374 36.0427 0
      vertex -22 38.1051 0
    endloop
  endfacet
  facet normal 0.461743 -0.887014 0
    outer loop
      vertex -22 38.1051 0
      vertex -18.5952 39.8775 2.4
      vertex -22 38.1051 2.4
    endloop
  endfacet
  facet normal 0.461743 -0.887014 0
    outer loop
      vertex -18.5952 39.8775 2.4
      vertex -22 38.1051 0
      vertex -18.5952 39.8775 0
    endloop
  endfacet
  facet normal 0.3827 -0.923873 0
    outer loop
      vertex -18.5952 39.8775 0
      vertex -15.0489 41.3465 2.4
      vertex -18.5952 39.8775 2.4
    endloop
  endfacet
  facet normal 0.3827 -0.923873 0
    outer loop
      vertex -15.0489 41.3465 2.4
      vertex -18.5952 39.8775 0
      vertex -15.0489 41.3465 0
    endloop
  endfacet
  facet normal 0.300687 -0.953723 0
    outer loop
      vertex -15.0489 41.3465 0
      vertex -11.388 42.5007 2.4
      vertex -15.0489 41.3465 2.4
    endloop
  endfacet
  facet normal 0.300687 -0.953723 0
    outer loop
      vertex -11.388 42.5007 2.4
      vertex -15.0489 41.3465 0
      vertex -11.388 42.5007 0
    endloop
  endfacet
  facet normal 0.216441 -0.976296 0
    outer loop
      vertex -11.388 42.5007 0
      vertex -7.64052 43.3315 2.4
      vertex -11.388 42.5007 2.4
    endloop
  endfacet
  facet normal 0.216441 -0.976296 0
    outer loop
      vertex -7.64052 43.3315 2.4
      vertex -11.388 42.5007 0
      vertex -7.64052 43.3315 0
    endloop
  endfacet
  facet normal 0.130545 -0.991442 0
    outer loop
      vertex -7.64052 43.3315 0
      vertex -3.83484 43.8326 2.4
      vertex -7.64052 43.3315 2.4
    endloop
  endfacet
  facet normal 0.130545 -0.991442 0
    outer loop
      vertex -3.83484 43.8326 2.4
      vertex -7.64052 43.3315 0
      vertex -3.83484 43.8326 0
    endloop
  endfacet
  facet normal 0.043634 -0.999048 0
    outer loop
      vertex -3.83484 43.8326 0
      vertex -2.5 43.8909 2.4
      vertex -3.83484 43.8326 2.4
    endloop
  endfacet
  facet normal 0.043634 -0.999048 0
    outer loop
      vertex -2.5 43.8909 2.4
      vertex -3.83484 43.8326 0
      vertex -2.5 43.8909 0
    endloop
  endfacet
  facet normal -1 0 0
    outer loop
      vertex -2.5 39.3242 0
      vertex -2.5 43.8909 2.4
      vertex -2.5 43.8909 0
    endloop
  endfacet
  facet normal -1 -0 0
    outer loop
      vertex -2.5 43.8909 2.4
      vertex -2.5 39.3242 0
      vertex -2.5 39.3242 2.4
    endloop
  endfacet
  facet normal -0.0436163 0.999048 0
    outer loop
      vertex -2.5 39.3242 0
      vertex -3.43683 39.2833 2.4
      vertex -2.5 39.3242 2.4
    endloop
  endfacet
  facet normal -0.0436163 0.999048 0
    outer loop
      vertex -3.43683 39.2833 2.4
      vertex -2.5 39.3242 0
      vertex -3.43683 39.2833 0
    endloop
  endfacet
  facet normal -0.130547 0.991442 0
    outer loop
      vertex -3.43683 39.2833 0
      vertex -6.84752 38.8342 2.4
      vertex -3.43683 39.2833 2.4
    endloop
  endfacet
  facet normal -0.130547 0.991442 0
    outer loop
      vertex -6.84752 38.8342 2.4
      vertex -3.43683 39.2833 0
      vertex -6.84752 38.8342 0
    endloop
  endfacet
  facet normal -0.216418 0.976301 0
    outer loop
      vertex -6.84752 38.8342 0
      vertex -10.2061 38.0897 2.4
      vertex -6.84752 38.8342 2.4
    endloop
  endfacet
  facet normal -0.216418 0.976301 0
    outer loop
      vertex -10.2061 38.0897 2.4
      vertex -6.84752 38.8342 0
      vertex -10.2061 38.0897 0
    endloop
  endfacet
  facet normal -0.300715 0.953714 0
    outer loop
      vertex -10.2061 38.0897 0
      vertex -13.487 37.0552 2.4
      vertex -10.2061 38.0897 2.4
    endloop
  endfacet
  facet normal -0.300715 0.953714 0
    outer loop
      vertex -13.487 37.0552 2.4
      vertex -10.2061 38.0897 0
      vertex -13.487 37.0552 0
    endloop
  endfacet
  facet normal -0.382695 0.923875 0
    outer loop
      vertex -13.487 37.0552 0
      vertex -16.6652 35.7387 2.4
      vertex -13.487 37.0552 2.4
    endloop
  endfacet
  facet normal -0.382695 0.923875 0
    outer loop
      vertex -16.6652 35.7387 2.4
      vertex -13.487 37.0552 0
      vertex -16.6652 35.7387 0
    endloop
  endfacet
  facet normal -0.461723 0.887024 0
    outer loop
      vertex -16.6652 35.7387 0
      vertex -19.7167 34.1503 2.4
      vertex -16.6652 35.7387 2.4
    endloop
  endfacet
  facet normal -0.461723 0.887024 0
    outer loop
      vertex -19.7167 34.1503 2.4
      vertex -16.6652 35.7387 0
      vertex -19.7167 34.1503 0
    endloop
  endfacet
  facet normal -0.537314 0.843382 0
    outer loop
      vertex -19.7167 34.1503 0
      vertex -22.618 32.3019 2.4
      vertex -19.7167 34.1503 2.4
    endloop
  endfacet
  facet normal -0.537314 0.843382 0
    outer loop
      vertex -22.618 32.3019 2.4
      vertex -19.7167 34.1503 0
      vertex -22.618 32.3019 0
    endloop
  endfacet
  facet normal -0.608763 0.793352 0
    outer loop
      vertex -22.618 32.3019 0
      vertex -25.3472 30.2077 2.4
      vertex -22.618 32.3019 2.4
    endloop
  endfacet
  facet normal -0.608763 0.793352 0
    outer loop
      vertex -25.3472 30.2077 2.4
      vertex -22.618 32.3019 0
      vertex -25.3472 30.2077 0
    endloop
  endfacet
  facet normal -0.675577 0.737289 0
    outer loop
      vertex -25.3472 30.2077 0
      vertex -27.8836 27.8836 2.4
      vertex -25.3472 30.2077 2.4
    endloop
  endfacet
  facet normal -0.675577 0.737289 0
    outer loop
      vertex -27.8836 27.8836 2.4
      vertex -25.3472 30.2077 0
      vertex -27.8836 27.8836 0
    endloop
  endfacet
  facet normal -0.737289 0.675577 0
    outer loop
      vertex -30.2077 25.3472 0
      vertex -27.8836 27.8836 2.4
      vertex -27.8836 27.8836 0
    endloop
  endfacet
  facet normal -0.737289 0.675577 0
    outer loop
      vertex -27.8836 27.8836 2.4
      vertex -30.2077 25.3472 0
      vertex -30.2077 25.3472 2.4
    endloop
  endfacet
  facet normal -0.793352 0.608763 0
    outer loop
      vertex -32.3019 22.618 0
      vertex -30.2077 25.3472 2.4
      vertex -30.2077 25.3472 0
    endloop
  endfacet
  facet normal -0.793352 0.608763 0
    outer loop
      vertex -30.2077 25.3472 2.4
      vertex -32.3019 22.618 0
      vertex -32.3019 22.618 2.4
    endloop
  endfacet
  facet normal -0.84342 0.537255 0
    outer loop
      vertex -32.8057 21.8271 0
      vertex -32.3019 22.618 2.4
      vertex -32.3019 22.618 0
    endloop
  endfacet
  facet normal -0.84342 0.537255 0
    outer loop
      vertex -32.3019 22.618 2.4
      vertex -32.8057 21.8271 0
      vertex -32.8057 21.8271 2.4
    endloop
  endfacet
  facet normal 0.500006 0.866022 -0
    outer loop
      vertex -32.8057 21.8271 0
      vertex -36.7606 24.1105 2.4
      vertex -32.8057 21.8271 2.4
    endloop
  endfacet
  facet normal 0.500006 0.866022 0
    outer loop
      vertex -36.7606 24.1105 2.4
      vertex -32.8057 21.8271 0
      vertex -36.7606 24.1105 0
    endloop
  endfacet
  facet normal 0.793352 0.608763 0
    outer loop
      vertex 32.3019 22.618 2.4
      vertex 30.2077 25.3472 0
      vertex 30.2077 25.3472 2.4
    endloop
  endfacet
  facet normal 0.793352 0.608763 0
    outer loop
      vertex 30.2077 25.3472 0
      vertex 32.3019 22.618 2.4
      vertex 32.3019 22.618 0
    endloop
  endfacet
  facet normal 0.737289 0.675577 0
    outer loop
      vertex 30.2077 25.3472 2.4
      vertex 27.8836 27.8836 0
      vertex 27.8836 27.8836 2.4
    endloop
  endfacet
  facet normal 0.737289 0.675577 0
    outer loop
      vertex 27.8836 27.8836 0
      vertex 30.2077 25.3472 2.4
      vertex 30.2077 25.3472 0
    endloop
  endfacet
  facet normal 0.675577 0.737289 -0
    outer loop
      vertex 27.8836 27.8836 0
      vertex 25.3472 30.2077 2.4
      vertex 27.8836 27.8836 2.4
    endloop
  endfacet
  facet normal 0.675577 0.737289 0
    outer loop
      vertex 25.3472 30.2077 2.4
      vertex 27.8836 27.8836 0
      vertex 25.3472 30.2077 0
    endloop
  endfacet
  facet normal 0.608763 0.793352 -0
    outer loop
      vertex 25.3472 30.2077 0
      vertex 22.618 32.3019 2.4
      vertex 25.3472 30.2077 2.4
    endloop
  endfacet
  facet normal 0.608763 0.793352 0
    outer loop
      vertex 22.618 32.3019 2.4
      vertex 25.3472 30.2077 0
      vertex 22.618 32.3019 0
    endloop
  endfacet
  facet normal 0.537314 0.843382 -0
    outer loop
      vertex 22.618 32.3019 0
      vertex 19.7167 34.1503 2.4
      vertex 22.618 32.3019 2.4
    endloop
  endfacet
  facet normal 0.537314 0.843382 0
    outer loop
      vertex 19.7167 34.1503 2.4
      vertex 22.618 32.3019 0
      vertex 19.7167 34.1503 0
    endloop
  endfacet
  facet normal 0.461723 0.887024 -0
    outer loop
      vertex 19.7167 34.1503 0
      vertex 16.6652 35.7387 2.4
      vertex 19.7167 34.1503 2.4
    endloop
  endfacet
  facet normal 0.461723 0.887024 0
    outer loop
      vertex 16.6652 35.7387 2.4
      vertex 19.7167 34.1503 0
      vertex 16.6652 35.7387 0
    endloop
  endfacet
  facet normal 0.382695 0.923875 -0
    outer loop
      vertex 16.6652 35.7387 0
      vertex 13.487 37.0552 2.4
      vertex 16.6652 35.7387 2.4
    endloop
  endfacet
  facet normal 0.382695 0.923875 0
    outer loop
      vertex 13.487 37.0552 2.4
      vertex 16.6652 35.7387 0
      vertex 13.487 37.0552 0
    endloop
  endfacet
  facet normal 0.300715 0.953714 -0
    outer loop
      vertex 13.487 37.0552 0
      vertex 10.2061 38.0897 2.4
      vertex 13.487 37.0552 2.4
    endloop
  endfacet
  facet normal 0.300715 0.953714 0
    outer loop
      vertex 10.2061 38.0897 2.4
      vertex 13.487 37.0552 0
      vertex 10.2061 38.0897 0
    endloop
  endfacet
  facet normal 0.216418 0.976301 -0
    outer loop
      vertex 10.2061 38.0897 0
      vertex 6.84752 38.8342 2.4
      vertex 10.2061 38.0897 2.4
    endloop
  endfacet
  facet normal 0.216418 0.976301 0
    outer loop
      vertex 6.84752 38.8342 2.4
      vertex 10.2061 38.0897 0
      vertex 6.84752 38.8342 0
    endloop
  endfacet
  facet normal 0.130547 0.991442 -0
    outer loop
      vertex 6.84752 38.8342 0
      vertex 3.43683 39.2833 2.4
      vertex 6.84752 38.8342 2.4
    endloop
  endfacet
  facet normal 0.130547 0.991442 0
    outer loop
      vertex 3.43683 39.2833 2.4
      vertex 6.84752 38.8342 0
      vertex 3.43683 39.2833 0
    endloop
  endfacet
  facet normal 0.0436163 0.999048 -0
    outer loop
      vertex 3.43683 39.2833 0
      vertex 2.5 39.3242 2.4
      vertex 3.43683 39.2833 2.4
    endloop
  endfacet
  facet normal 0.0436163 0.999048 0
    outer loop
      vertex 2.5 39.3242 2.4
      vertex 3.43683 39.2833 0
      vertex 2.5 39.3242 0
    endloop
  endfacet
  facet normal 1 -0 0
    outer loop
      vertex 2.5 39.3242 2.4
      vertex 2.5 43.8909 0
      vertex 2.5 43.8909 2.4
    endloop
  endfacet
  facet normal 1 0 0
    outer loop
      vertex 2.5 43.8909 0
      vertex 2.5 39.3242 2.4
      vertex 2.5 39.3242 0
    endloop
  endfacet
  facet normal -0.043634 -0.999048 0
    outer loop
      vertex 2.5 43.8909 0
      vertex 3.83484 43.8326 2.4
      vertex 2.5 43.8909 2.4
    endloop
  endfacet
  facet normal -0.043634 -0.999048 -0
    outer loop
      vertex 3.83484 43.8326 2.4
      vertex 2.5 43.8909 0
      vertex 3.83484 43.8326 0
    endloop
  endfacet
  facet normal -0.130545 -0.991442 0
    outer loop
      vertex 3.83484 43.8326 0
      vertex 7.64052 43.3315 2.4
      vertex 3.83484 43.8326 2.4
    endloop
  endfacet
  facet normal -0.130545 -0.991442 -0
    outer loop
      vertex 7.64052 43.3315 2.4
      vertex 3.83484 43.8326 0
      vertex 7.64052 43.3315 0
    endloop
  endfacet
  facet normal -0.216441 -0.976296 0
    outer loop
      vertex 7.64052 43.3315 0
      vertex 11.388 42.5007 2.4
      vertex 7.64052 43.3315 2.4
    endloop
  endfacet
  facet normal -0.216441 -0.976296 -0
    outer loop
      vertex 11.388 42.5007 2.4
      vertex 7.64052 43.3315 0
      vertex 11.388 42.5007 0
    endloop
  endfacet
  facet normal -0.300687 -0.953723 0
    outer loop
      vertex 11.388 42.5007 0
      vertex 15.0489 41.3465 2.4
      vertex 11.388 42.5007 2.4
    endloop
  endfacet
  facet normal -0.300687 -0.953723 -0
    outer loop
      vertex 15.0489 41.3465 2.4
      vertex 11.388 42.5007 0
      vertex 15.0489 41.3465 0
    endloop
  endfacet
  facet normal -0.3827 -0.923873 0
    outer loop
      vertex 15.0489 41.3465 0
      vertex 18.5952 39.8775 2.4
      vertex 15.0489 41.3465 2.4
    endloop
  endfacet
  facet normal -0.3827 -0.923873 -0
    outer loop
      vertex 18.5952 39.8775 2.4
      vertex 15.0489 41.3465 0
      vertex 18.5952 39.8775 0
    endloop
  endfacet
  facet normal -0.461743 -0.887014 0
    outer loop
      vertex 18.5952 39.8775 0
      vertex 22 38.1051 2.4
      vertex 18.5952 39.8775 2.4
    endloop
  endfacet
  facet normal -0.461743 -0.887014 -0
    outer loop
      vertex 22 38.1051 2.4
      vertex 18.5952 39.8775 0
      vertex 22 38.1051 0
    endloop
  endfacet
  facet normal -0.53729 -0.843397 0
    outer loop
      vertex 22 38.1051 0
      vertex 25.2374 36.0427 2.4
      vertex 22 38.1051 2.4
    endloop
  endfacet
  facet normal -0.53729 -0.843397 -0
    outer loop
      vertex 25.2374 36.0427 2.4
      vertex 22 38.1051 0
      vertex 25.2374 36.0427 0
    endloop
  endfacet
  facet normal -0.608771 -0.793346 0
    outer loop
      vertex 25.2374 36.0427 0
      vertex 28.2827 33.7059 2.4
      vertex 25.2374 36.0427 2.4
    endloop
  endfacet
  facet normal -0.608771 -0.793346 -0
    outer loop
      vertex 28.2827 33.7059 2.4
      vertex 25.2374 36.0427 0
      vertex 28.2827 33.7059 0
    endloop
  endfacet
  facet normal -0.675588 -0.73728 0
    outer loop
      vertex 28.2827 33.7059 0
      vertex 31.1127 31.1127 2.4
      vertex 28.2827 33.7059 2.4
    endloop
  endfacet
  facet normal -0.675588 -0.73728 -0
    outer loop
      vertex 31.1127 31.1127 2.4
      vertex 28.2827 33.7059 0
      vertex 31.1127 31.1127 0
    endloop
  endfacet
  facet normal -0.73728 -0.675588 0
    outer loop
      vertex 33.7059 28.2827 0
      vertex 31.1127 31.1127 2.4
      vertex 31.1127 31.1127 0
    endloop
  endfacet
  facet normal -0.73728 -0.675588 0
    outer loop
      vertex 31.1127 31.1127 2.4
      vertex 33.7059 28.2827 0
      vertex 33.7059 28.2827 2.4
    endloop
  endfacet
  facet normal -0.793346 -0.608771 0
    outer loop
      vertex 36.0427 25.2374 0
      vertex 33.7059 28.2827 2.4
      vertex 33.7059 28.2827 0
    endloop
  endfacet
  facet normal -0.793346 -0.608771 0
    outer loop
      vertex 33.7059 28.2827 2.4
      vertex 36.0427 25.2374 0
      vertex 36.0427 25.2374 2.4
    endloop
  endfacet
  facet normal -0.843396 -0.537292 0
    outer loop
      vertex 36.7606 24.1105 0
      vertex 36.0427 25.2374 2.4
      vertex 36.0427 25.2374 0
    endloop
  endfacet
  facet normal -0.843396 -0.537292 0
    outer loop
      vertex 36.0427 25.2374 2.4
      vertex 36.7606 24.1105 0
      vertex 36.7606 24.1105 2.4
    endloop
  endfacet
  facet normal -0.500006 0.866022 0
    outer loop
      vertex 36.7606 24.1105 0
      vertex 32.8057 21.8271 2.4
      vertex 36.7606 24.1105 2.4
    endloop
  endfacet
  facet normal -0.500006 0.866022 0
    outer loop
      vertex 32.8057 21.8271 2.4
      vertex 36.7606 24.1105 0
      vertex 32.8057 21.8271 0
    endloop
  endfacet
  facet normal 0.84342 0.537255 0
    outer loop
      vertex 32.8057 21.8271 2.4
      vertex 32.3019 22.618 0
      vertex 32.3019 22.618 2.4
    endloop
  endfacet
  facet normal 0.84342 0.537255 0
    outer loop
      vertex 32.3019 22.618 0
      vertex 32.8057 21.8271 2.4
      vertex 32.8057 21.8271 0
    endloop
  endfacet
  facet normal 0.843441 -0.537222 0
    outer loop
      vertex -30.9005 20.7271 2.4
      vertex -30.4998 21.3562 0
      vertex -30.4998 21.3562 2.4
    endloop
  endfacet
  facet normal 0.843441 -0.537222 0
    outer loop
      vertex -30.4998 21.3562 0
      vertex -30.9005 20.7271 2.4
      vertex -30.9005 20.7271 0
    endloop
  endfacet
  facet normal 0.793342 -0.608776 0
    outer loop
      vertex -30.4998 21.3562 2.4
      vertex -28.5224 23.9331 0
      vertex -28.5224 23.9331 2.4
    endloop
  endfacet
  facet normal 0.793342 -0.608776 0
    outer loop
      vertex -28.5224 23.9331 0
      vertex -30.4998 21.3562 2.4
      vertex -30.4998 21.3562 0
    endloop
  endfacet
  facet normal 0.737267 -0.675602 0
    outer loop
      vertex -28.5224 23.9331 2.4
      vertex -26.3279 26.3279 0
      vertex -26.3279 26.3279 2.4
    endloop
  endfacet
  facet normal 0.737267 -0.675602 0
    outer loop
      vertex -26.3279 26.3279 0
      vertex -28.5224 23.9331 2.4
      vertex -28.5224 23.9331 0
    endloop
  endfacet
  facet normal 0.675602 -0.737267 0
    outer loop
      vertex -26.3279 26.3279 0
      vertex -23.9331 28.5224 2.4
      vertex -26.3279 26.3279 2.4
    endloop
  endfacet
  facet normal 0.675602 -0.737267 0
    outer loop
      vertex -23.9331 28.5224 2.4
      vertex -26.3279 26.3279 0
      vertex -23.9331 28.5224 0
    endloop
  endfacet
  facet normal 0.608776 -0.793342 0
    outer loop
      vertex -23.9331 28.5224 0
      vertex -21.3562 30.4998 2.4
      vertex -23.9331 28.5224 2.4
    endloop
  endfacet
  facet normal 0.608776 -0.793342 0
    outer loop
      vertex -21.3562 30.4998 2.4
      vertex -23.9331 28.5224 0
      vertex -21.3562 30.4998 0
    endloop
  endfacet
  facet normal 0.537288 -0.843399 0
    outer loop
      vertex -21.3562 30.4998 0
      vertex -18.6167 32.245 2.4
      vertex -21.3562 30.4998 2.4
    endloop
  endfacet
  facet normal 0.537288 -0.843399 0
    outer loop
      vertex -18.6167 32.245 2.4
      vertex -21.3562 30.4998 0
      vertex -18.6167 32.245 0
    endloop
  endfacet
  facet normal 0.461759 -0.887006 0
    outer loop
      vertex -18.6167 32.245 0
      vertex -15.7355 33.7449 2.4
      vertex -18.6167 32.245 2.4
    endloop
  endfacet
  facet normal 0.461759 -0.887006 0
    outer loop
      vertex -15.7355 33.7449 2.4
      vertex -18.6167 32.245 0
      vertex -15.7355 33.7449 0
    endloop
  endfacet
  facet normal 0.382669 -0.923886 0
    outer loop
      vertex -15.7355 33.7449 0
      vertex -12.7345 34.9879 2.4
      vertex -15.7355 33.7449 2.4
    endloop
  endfacet
  facet normal 0.382669 -0.923886 0
    outer loop
      vertex -12.7345 34.9879 2.4
      vertex -15.7355 33.7449 0
      vertex -12.7345 34.9879 0
    endloop
  endfacet
  facet normal 0.300696 -0.95372 0
    outer loop
      vertex -12.7345 34.9879 0
      vertex -9.63669 35.9646 2.4
      vertex -12.7345 34.9879 2.4
    endloop
  endfacet
  facet normal 0.300696 -0.95372 0
    outer loop
      vertex -9.63669 35.9646 2.4
      vertex -12.7345 34.9879 0
      vertex -9.63669 35.9646 0
    endloop
  endfacet
  facet normal 0.216458 -0.976292 0
    outer loop
      vertex -9.63669 35.9646 0
      vertex -6.4655 36.6677 2.4
      vertex -9.63669 35.9646 2.4
    endloop
  endfacet
  facet normal 0.216458 -0.976292 0
    outer loop
      vertex -6.4655 36.6677 2.4
      vertex -9.63669 35.9646 0
      vertex -6.4655 36.6677 0
    endloop
  endfacet
  facet normal 0.130503 -0.991448 0
    outer loop
      vertex -6.4655 36.6677 0
      vertex -3.24509 37.0916 2.4
      vertex -6.4655 36.6677 2.4
    endloop
  endfacet
  facet normal 0.130503 -0.991448 0
    outer loop
      vertex -3.24509 37.0916 2.4
      vertex -6.4655 36.6677 0
      vertex -3.24509 37.0916 0
    endloop
  endfacet
  facet normal 0.0437113 -0.999044 0
    outer loop
      vertex -3.24509 37.0916 0
      vertex -2.5 37.1242 2.4
      vertex -3.24509 37.0916 2.4
    endloop
  endfacet
  facet normal 0.0437113 -0.999044 0
    outer loop
      vertex -2.5 37.1242 2.4
      vertex -3.24509 37.0916 0
      vertex -2.5 37.1242 0
    endloop
  endfacet
  facet normal -1 0 0
    outer loop
      vertex -2.5 25.1313 0
      vertex -2.5 37.1242 2.4
      vertex -2.5 37.1242 0
    endloop
  endfacet
  facet normal -1 -0 0
    outer loop
      vertex -2.5 37.1242 2.4
      vertex -2.5 25.1313 0
      vertex -2.5 25.1313 2.4
    endloop
  endfacet
  facet normal -0.130529 0.991444 0
    outer loop
      vertex -2.5 25.1313 0
      vertex -4.3875 24.8828 2.4
      vertex -2.5 25.1313 2.4
    endloop
  endfacet
  facet normal -0.130529 0.991444 0
    outer loop
      vertex -4.3875 24.8828 2.4
      vertex -2.5 25.1313 0
      vertex -4.3875 24.8828 0
    endloop
  endfacet
  facet normal -0.216446 0.976295 0
    outer loop
      vertex -4.3875 24.8828 0
      vertex -6.53949 24.4057 2.4
      vertex -4.3875 24.8828 2.4
    endloop
  endfacet
  facet normal -0.216446 0.976295 0
    outer loop
      vertex -6.53949 24.4057 2.4
      vertex -4.3875 24.8828 0
      vertex -6.53949 24.4057 0
    endloop
  endfacet
  facet normal -0.300694 0.953721 0
    outer loop
      vertex -6.53949 24.4057 0
      vertex -8.64171 23.7429 2.4
      vertex -6.53949 24.4057 2.4
    endloop
  endfacet
  facet normal -0.300694 0.953721 0
    outer loop
      vertex -8.64171 23.7429 2.4
      vertex -6.53949 24.4057 0
      vertex -8.64171 23.7429 0
    endloop
  endfacet
  facet normal -0.382683 0.92388 0
    outer loop
      vertex -8.64171 23.7429 0
      vertex -10.6781 22.8994 2.4
      vertex -8.64171 23.7429 2.4
    endloop
  endfacet
  facet normal -0.382683 0.92388 0
    outer loop
      vertex -10.6781 22.8994 2.4
      vertex -8.64171 23.7429 0
      vertex -10.6781 22.8994 0
    endloop
  endfacet
  facet normal -0.461744 0.887013 0
    outer loop
      vertex -10.6781 22.8994 0
      vertex -12.6333 21.8816 2.4
      vertex -10.6781 22.8994 2.4
    endloop
  endfacet
  facet normal -0.461744 0.887013 0
    outer loop
      vertex -12.6333 21.8816 2.4
      vertex -10.6781 22.8994 0
      vertex -12.6333 21.8816 0
    endloop
  endfacet
  facet normal -0.537307 0.843387 0
    outer loop
      vertex -12.6333 21.8816 0
      vertex -14.4924 20.6972 2.4
      vertex -12.6333 21.8816 2.4
    endloop
  endfacet
  facet normal -0.537307 0.843387 0
    outer loop
      vertex -14.4924 20.6972 2.4
      vertex -12.6333 21.8816 0
      vertex -14.4924 20.6972 0
    endloop
  endfacet
  facet normal -0.608757 0.793357 0
    outer loop
      vertex -14.4924 20.6972 2.4
      vertex -16.0688 19.4876 2.3
      vertex -16.0688 19.4876 2.4
    endloop
  endfacet
  facet normal -0.608757 0.793357 0
    outer loop
      vertex -14.4924 20.6972 0
      vertex -16.0688 19.4876 2.3
      vertex -14.4924 20.6972 2.4
    endloop
  endfacet
  facet normal -0.608754 0.793359 2.76156e-06
    outer loop
      vertex -16.2411 19.3554 0
      vertex -16.0688 19.4876 2.3
      vertex -14.4924 20.6972 0
    endloop
  endfacet
  facet normal -0.608731 0.793377 0
    outer loop
      vertex -16.0688 19.4876 2.3
      vertex -16.2411 19.3554 0
      vertex -16.2411 19.3554 2.3
    endloop
  endfacet
  facet normal -0.675608 0.737261 0
    outer loop
      vertex -16.2411 19.3554 0
      vertex -17.8662 17.8662 2.3
      vertex -16.2411 19.3554 2.3
    endloop
  endfacet
  facet normal -0.675608 0.737261 0
    outer loop
      vertex -17.8662 17.8662 2.3
      vertex -16.2411 19.3554 0
      vertex -17.8662 17.8662 0
    endloop
  endfacet
  facet normal -0.737261 0.675608 0
    outer loop
      vertex -19.3554 16.2411 0
      vertex -17.8662 17.8662 2.3
      vertex -17.8662 17.8662 0
    endloop
  endfacet
  facet normal -0.737261 0.675608 0
    outer loop
      vertex -17.8662 17.8662 2.3
      vertex -19.3554 16.2411 0
      vertex -19.3554 16.2411 2.3
    endloop
  endfacet
  facet normal -0.79348 0.608596 0
    outer loop
      vertex -19.3554 16.2411 0
      vertex -19.4874 16.069 2.3
      vertex -19.3554 16.2411 2.3
    endloop
  endfacet
  facet normal -0.793371 0.608738 1.68749e-05
    outer loop
      vertex -20.5143 14.7307 0
      vertex -19.4874 16.069 2.3
      vertex -19.3554 16.2411 0
    endloop
  endfacet
  facet normal -0.793357 0.608756 0
    outer loop
      vertex -20.5143 14.7307 2.4
      vertex -19.4874 16.069 2.3
      vertex -20.5143 14.7307 0
    endloop
  endfacet
  facet normal -0.793357 0.608756 0
    outer loop
      vertex -19.4874 16.069 2.3
      vertex -20.5143 14.7307 2.4
      vertex -19.4874 16.069 2.4
    endloop
  endfacet
  facet normal 0.499995 0.866028 -0
    outer loop
      vertex -20.5143 14.7307 0
      vertex -30.9005 20.7271 2.4
      vertex -20.5143 14.7307 2.4
    endloop
  endfacet
  facet normal 0.499995 0.866028 0
    outer loop
      vertex -30.9005 20.7271 2.4
      vertex -20.5143 14.7307 0
      vertex -30.9005 20.7271 0
    endloop
  endfacet
  facet normal 0.737261 0.675608 0
    outer loop
      vertex 19.3554 16.2411 2.3
      vertex 17.8662 17.8662 0
      vertex 17.8662 17.8662 2.3
    endloop
  endfacet
  facet normal 0.737261 0.675608 0
    outer loop
      vertex 17.8662 17.8662 0
      vertex 19.3554 16.2411 2.3
      vertex 19.3554 16.2411 0
    endloop
  endfacet
  facet normal 0.675608 0.737261 -0
    outer loop
      vertex 17.8662 17.8662 0
      vertex 16.2411 19.3554 2.3
      vertex 17.8662 17.8662 2.3
    endloop
  endfacet
  facet normal 0.675608 0.737261 0
    outer loop
      vertex 16.2411 19.3554 2.3
      vertex 17.8662 17.8662 0
      vertex 16.2411 19.3554 0
    endloop
  endfacet
  facet normal 0.608728 0.793379 0
    outer loop
      vertex 16.2411 19.3554 2.3
      vertex 16.2411 19.3554 0
      vertex 16.0615 19.4932 2.3
    endloop
  endfacet
  facet normal 0.608757 0.793356 -0
    outer loop
      vertex 16.0615 19.4932 2.3
      vertex 14.4924 20.6972 2.4
      vertex 16.0615 19.4932 2.4
    endloop
  endfacet
  facet normal 0.608754 0.793359 3.23892e-06
    outer loop
      vertex 14.4924 20.6972 0
      vertex 16.0615 19.4932 2.3
      vertex 16.2411 19.3554 0
    endloop
  endfacet
  facet normal 0.608757 0.793356 0
    outer loop
      vertex 16.0615 19.4932 2.3
      vertex 14.4924 20.6972 0
      vertex 14.4924 20.6972 2.4
    endloop
  endfacet
  facet normal 0.537307 0.843387 -0
    outer loop
      vertex 14.4924 20.6972 0
      vertex 12.6333 21.8816 2.4
      vertex 14.4924 20.6972 2.4
    endloop
  endfacet
  facet normal 0.537307 0.843387 0
    outer loop
      vertex 12.6333 21.8816 2.4
      vertex 14.4924 20.6972 0
      vertex 12.6333 21.8816 0
    endloop
  endfacet
  facet normal 0.461744 0.887013 -0
    outer loop
      vertex 12.6333 21.8816 0
      vertex 10.6781 22.8994 2.4
      vertex 12.6333 21.8816 2.4
    endloop
  endfacet
  facet normal 0.461744 0.887013 0
    outer loop
      vertex 10.6781 22.8994 2.4
      vertex 12.6333 21.8816 0
      vertex 10.6781 22.8994 0
    endloop
  endfacet
  facet normal 0.382683 0.92388 -0
    outer loop
      vertex 10.6781 22.8994 0
      vertex 8.64171 23.7429 2.4
      vertex 10.6781 22.8994 2.4
    endloop
  endfacet
  facet normal 0.382683 0.92388 0
    outer loop
      vertex 8.64171 23.7429 2.4
      vertex 10.6781 22.8994 0
      vertex 8.64171 23.7429 0
    endloop
  endfacet
  facet normal 0.300694 0.953721 -0
    outer loop
      vertex 8.64171 23.7429 0
      vertex 6.53949 24.4057 2.4
      vertex 8.64171 23.7429 2.4
    endloop
  endfacet
  facet normal 0.300694 0.953721 0
    outer loop
      vertex 6.53949 24.4057 2.4
      vertex 8.64171 23.7429 0
      vertex 6.53949 24.4057 0
    endloop
  endfacet
  facet normal 0.216446 0.976295 -0
    outer loop
      vertex 6.53949 24.4057 0
      vertex 4.3875 24.8828 2.4
      vertex 6.53949 24.4057 2.4
    endloop
  endfacet
  facet normal 0.216446 0.976295 0
    outer loop
      vertex 4.3875 24.8828 2.4
      vertex 6.53949 24.4057 0
      vertex 4.3875 24.8828 0
    endloop
  endfacet
  facet normal 0.130529 0.991444 -0
    outer loop
      vertex 4.3875 24.8828 0
      vertex 2.5 25.1313 2.4
      vertex 4.3875 24.8828 2.4
    endloop
  endfacet
  facet normal 0.130529 0.991444 0
    outer loop
      vertex 2.5 25.1313 2.4
      vertex 4.3875 24.8828 0
      vertex 2.5 25.1313 0
    endloop
  endfacet
  facet normal 1 -0 0
    outer loop
      vertex 2.5 25.1313 2.4
      vertex 2.5 37.1242 0
      vertex 2.5 37.1242 2.4
    endloop
  endfacet
  facet normal 1 0 0
    outer loop
      vertex 2.5 37.1242 0
      vertex 2.5 25.1313 2.4
      vertex 2.5 25.1313 0
    endloop
  endfacet
  facet normal -0.0437113 -0.999044 0
    outer loop
      vertex 2.5 37.1242 0
      vertex 3.24509 37.0916 2.4
      vertex 2.5 37.1242 2.4
    endloop
  endfacet
  facet normal -0.0437113 -0.999044 -0
    outer loop
      vertex 3.24509 37.0916 2.4
      vertex 2.5 37.1242 0
      vertex 3.24509 37.0916 0
    endloop
  endfacet
  facet normal -0.130503 -0.991448 0
    outer loop
      vertex 3.24509 37.0916 0
      vertex 6.4655 36.6677 2.4
      vertex 3.24509 37.0916 2.4
    endloop
  endfacet
  facet normal -0.130503 -0.991448 -0
    outer loop
      vertex 6.4655 36.6677 2.4
      vertex 3.24509 37.0916 0
      vertex 6.4655 36.6677 0
    endloop
  endfacet
  facet normal -0.216458 -0.976292 0
    outer loop
      vertex 6.4655 36.6677 0
      vertex 9.63669 35.9646 2.4
      vertex 6.4655 36.6677 2.4
    endloop
  endfacet
  facet normal -0.216458 -0.976292 -0
    outer loop
      vertex 9.63669 35.9646 2.4
      vertex 6.4655 36.6677 0
      vertex 9.63669 35.9646 0
    endloop
  endfacet
  facet normal -0.300696 -0.95372 0
    outer loop
      vertex 9.63669 35.9646 0
      vertex 12.7345 34.9879 2.4
      vertex 9.63669 35.9646 2.4
    endloop
  endfacet
  facet normal -0.300696 -0.95372 -0
    outer loop
      vertex 12.7345 34.9879 2.4
      vertex 9.63669 35.9646 0
      vertex 12.7345 34.9879 0
    endloop
  endfacet
  facet normal -0.382669 -0.923886 0
    outer loop
      vertex 12.7345 34.9879 0
      vertex 15.7355 33.7449 2.4
      vertex 12.7345 34.9879 2.4
    endloop
  endfacet
  facet normal -0.382669 -0.923886 -0
    outer loop
      vertex 15.7355 33.7449 2.4
      vertex 12.7345 34.9879 0
      vertex 15.7355 33.7449 0
    endloop
  endfacet
  facet normal -0.461759 -0.887006 0
    outer loop
      vertex 15.7355 33.7449 0
      vertex 18.6167 32.245 2.4
      vertex 15.7355 33.7449 2.4
    endloop
  endfacet
  facet normal -0.461759 -0.887006 -0
    outer loop
      vertex 18.6167 32.245 2.4
      vertex 15.7355 33.7449 0
      vertex 18.6167 32.245 0
    endloop
  endfacet
  facet normal -0.537288 -0.843399 0
    outer loop
      vertex 18.6167 32.245 0
      vertex 21.3562 30.4998 2.4
      vertex 18.6167 32.245 2.4
    endloop
  endfacet
  facet normal -0.537288 -0.843399 -0
    outer loop
      vertex 21.3562 30.4998 2.4
      vertex 18.6167 32.245 0
      vertex 21.3562 30.4998 0
    endloop
  endfacet
  facet normal -0.608776 -0.793342 0
    outer loop
      vertex 21.3562 30.4998 0
      vertex 23.9331 28.5224 2.4
      vertex 21.3562 30.4998 2.4
    endloop
  endfacet
  facet normal -0.608776 -0.793342 -0
    outer loop
      vertex 23.9331 28.5224 2.4
      vertex 21.3562 30.4998 0
      vertex 23.9331 28.5224 0
    endloop
  endfacet
  facet normal -0.675602 -0.737267 0
    outer loop
      vertex 23.9331 28.5224 0
      vertex 26.3279 26.3279 2.4
      vertex 23.9331 28.5224 2.4
    endloop
  endfacet
  facet normal -0.675602 -0.737267 -0
    outer loop
      vertex 26.3279 26.3279 2.4
      vertex 23.9331 28.5224 0
      vertex 26.3279 26.3279 0
    endloop
  endfacet
  facet normal -0.737267 -0.675602 0
    outer loop
      vertex 28.5224 23.9331 0
      vertex 26.3279 26.3279 2.4
      vertex 26.3279 26.3279 0
    endloop
  endfacet
  facet normal -0.737267 -0.675602 0
    outer loop
      vertex 26.3279 26.3279 2.4
      vertex 28.5224 23.9331 0
      vertex 28.5224 23.9331 2.4
    endloop
  endfacet
  facet normal -0.793342 -0.608776 0
    outer loop
      vertex 30.4998 21.3562 0
      vertex 28.5224 23.9331 2.4
      vertex 28.5224 23.9331 0
    endloop
  endfacet
  facet normal -0.793342 -0.608776 0
    outer loop
      vertex 28.5224 23.9331 2.4
      vertex 30.4998 21.3562 0
      vertex 30.4998 21.3562 2.4
    endloop
  endfacet
  facet normal -0.843441 -0.537222 0
    outer loop
      vertex 30.9005 20.7271 0
      vertex 30.4998 21.3562 2.4
      vertex 30.4998 21.3562 0
    endloop
  endfacet
  facet normal -0.843441 -0.537222 0
    outer loop
      vertex 30.4998 21.3562 2.4
      vertex 30.9005 20.7271 0
      vertex 30.9005 20.7271 2.4
    endloop
  endfacet
  facet normal -0.499995 0.866028 0
    outer loop
      vertex 30.9005 20.7271 0
      vertex 20.5143 14.7307 2.4
      vertex 30.9005 20.7271 2.4
    endloop
  endfacet
  facet normal -0.499995 0.866028 0
    outer loop
      vertex 20.5143 14.7307 2.4
      vertex 30.9005 20.7271 0
      vertex 20.5143 14.7307 0
    endloop
  endfacet
  facet normal 0.79338 0.608726 0
    outer loop
      vertex 19.495 16.0592 2.4
      vertex 20.5143 14.7307 2.4
      vertex 19.495 16.0592 2.3
    endloop
  endfacet
  facet normal 0.793304 0.608825 0
    outer loop
      vertex 19.495 16.0592 2.3
      vertex 19.3554 16.2411 0
      vertex 19.3554 16.2411 2.3
    endloop
  endfacet
  facet normal 0.79338 0.608726 -0
    outer loop
      vertex 20.5143 14.7307 0
      vertex 19.495 16.0592 2.3
      vertex 20.5143 14.7307 2.4
    endloop
  endfacet
  facet normal 0.793371 0.608738 -1.09462e-05
    outer loop
      vertex 19.495 16.0592 2.3
      vertex 20.5143 14.7307 0
      vertex 19.3554 16.2411 0
    endloop
  endfacet
  facet normal 0.791028 -0.61178 0
    outer loop
      vertex -18.5788 13.6426 2.4
      vertex -18.5945 13.6223 2.4
      vertex -18.5788 13.6426 2.3
    endloop
  endfacet
  facet normal 0.793393 -0.60871 0
    outer loop
      vertex -18.5788 13.6426 2.3
      vertex -17.6701 14.827 0
      vertex -17.6701 14.827 2.3
    endloop
  endfacet
  facet normal 0.793353 -0.608762 -4.25107e-05
    outer loop
      vertex -18.5788 13.6426 2.3
      vertex -18.5945 13.6223 0
      vertex -17.6701 14.827 0
    endloop
  endfacet
  facet normal 0.791028 -0.61178 0
    outer loop
      vertex -18.5945 13.6223 0
      vertex -18.5788 13.6426 2.3
      vertex -18.5945 13.6223 2.4
    endloop
  endfacet
  facet normal 0.737301 -0.675564 0
    outer loop
      vertex -17.1674 15.3755 2.3
      vertex -16.3106 16.3106 2.4
      vertex -17.1674 15.3755 2.4
    endloop
  endfacet
  facet normal 0.737301 -0.675564 0
    outer loop
      vertex -16.3106 16.3106 2.4
      vertex -17.1674 15.3755 2.3
      vertex -16.3106 16.3106 0
    endloop
  endfacet
  facet normal 0.737216 -0.675658 0
    outer loop
      vertex -17.6701 14.827 0
      vertex -17.1674 15.3755 2.3
      vertex -17.6701 14.827 2.3
    endloop
  endfacet
  facet normal 0.73727 -0.675599 -2.59212e-05
    outer loop
      vertex -17.1674 15.3755 2.3
      vertex -17.6701 14.827 0
      vertex -16.3106 16.3106 0
    endloop
  endfacet
  facet normal 0.675614 -0.737256 0
    outer loop
      vertex -16.3106 16.3106 2.4
      vertex -15.3777 17.1655 2.3
      vertex -15.3777 17.1655 2.4
    endloop
  endfacet
  facet normal 0.675614 -0.737256 0
    outer loop
      vertex -16.3106 16.3106 0
      vertex -15.3777 17.1655 2.3
      vertex -16.3106 16.3106 2.4
    endloop
  endfacet
  facet normal 0.675599 -0.73727 1.12548e-05
    outer loop
      vertex -14.827 17.6701 0
      vertex -15.3777 17.1655 2.3
      vertex -16.3106 16.3106 0
    endloop
  endfacet
  facet normal 0.675573 -0.737293 0
    outer loop
      vertex -15.3777 17.1655 2.3
      vertex -14.827 17.6701 0
      vertex -14.827 17.6701 2.3
    endloop
  endfacet
  facet normal 0.608746 -0.793365 0
    outer loop
      vertex -14.827 17.6701 2.3
      vertex -14.827 17.6701 0
      vertex -13.6418 18.5795 2.3
    endloop
  endfacet
  facet normal 0.608759 -0.793355 0
    outer loop
      vertex -13.6418 18.5795 2.3
      vertex -13.2305 18.8951 2.4
      vertex -13.6418 18.5795 2.4
    endloop
  endfacet
  facet normal 0.60875 -0.793362 -2.78718e-06
    outer loop
      vertex -13.2305 18.8951 0
      vertex -13.6418 18.5795 2.3
      vertex -14.827 17.6701 0
    endloop
  endfacet
  facet normal 0.608759 -0.793355 0
    outer loop
      vertex -13.6418 18.5795 2.3
      vertex -13.2305 18.8951 0
      vertex -13.2305 18.8951 2.4
    endloop
  endfacet
  facet normal 0.537287 -0.843399 0
    outer loop
      vertex -13.2305 18.8951 0
      vertex -11.5333 19.9763 2.4
      vertex -13.2305 18.8951 2.4
    endloop
  endfacet
  facet normal 0.537287 -0.843399 0
    outer loop
      vertex -11.5333 19.9763 2.4
      vertex -13.2305 18.8951 0
      vertex -11.5333 19.9763 0
    endloop
  endfacet
  facet normal 0.46176 -0.887005 0
    outer loop
      vertex -11.5333 19.9763 0
      vertex -9.74838 20.9055 2.4
      vertex -11.5333 19.9763 2.4
    endloop
  endfacet
  facet normal 0.46176 -0.887005 0
    outer loop
      vertex -9.74838 20.9055 2.4
      vertex -11.5333 19.9763 0
      vertex -9.74838 20.9055 0
    endloop
  endfacet
  facet normal 0.382693 -0.923875 0
    outer loop
      vertex -9.74838 20.9055 0
      vertex -7.88925 21.6756 2.4
      vertex -9.74838 20.9055 2.4
    endloop
  endfacet
  facet normal 0.382693 -0.923875 0
    outer loop
      vertex -7.88925 21.6756 2.4
      vertex -9.74838 20.9055 0
      vertex -7.88925 21.6756 0
    endloop
  endfacet
  facet normal 0.3007 -0.953719 0
    outer loop
      vertex -7.88925 21.6756 0
      vertex -5.97008 22.2807 2.4
      vertex -7.88925 21.6756 2.4
    endloop
  endfacet
  facet normal 0.3007 -0.953719 0
    outer loop
      vertex -5.97008 22.2807 2.4
      vertex -7.88925 21.6756 0
      vertex -5.97008 22.2807 0
    endloop
  endfacet
  facet normal 0.21642 -0.9763 0
    outer loop
      vertex -5.97008 22.2807 0
      vertex -4.00548 22.7162 2.4
      vertex -5.97008 22.2807 2.4
    endloop
  endfacet
  facet normal 0.21642 -0.9763 0
    outer loop
      vertex -4.00548 22.7162 2.4
      vertex -5.97008 22.2807 0
      vertex -4.00548 22.7162 0
    endloop
  endfacet
  facet normal 0.130526 -0.991445 0
    outer loop
      vertex -4.00548 22.7162 0
      vertex -2.5 22.9144 2.4
      vertex -4.00548 22.7162 2.4
    endloop
  endfacet
  facet normal 0.130526 -0.991445 0
    outer loop
      vertex -2.5 22.9144 2.4
      vertex -4.00548 22.7162 0
      vertex -2.5 22.9144 0
    endloop
  endfacet
  facet normal -1 0 0
    outer loop
      vertex -2.5 9.6788 0
      vertex -2.5 22.9144 2.4
      vertex -2.5 22.9144 0
    endloop
  endfacet
  facet normal -1 -0 0
    outer loop
      vertex -2.5 22.9144 2.4
      vertex -2.5 9.6788 0
      vertex -2.5 9.6788 2.4
    endloop
  endfacet
  facet normal -0.216344 0.976317 0
    outer loop
      vertex -2.5 9.6788 0
      vertex -2.58818 9.65926 2.4
      vertex -2.5 9.6788 2.4
    endloop
  endfacet
  facet normal -0.216344 0.976317 0
    outer loop
      vertex -2.58818 9.65926 2.4
      vertex -2.5 9.6788 0
      vertex -2.58818 9.65926 0
    endloop
  endfacet
  facet normal -0.300722 0.953712 0
    outer loop
      vertex -2.58818 9.65926 0
      vertex -3.4202 9.39691 2.4
      vertex -2.58818 9.65926 2.4
    endloop
  endfacet
  facet normal -0.300722 0.953712 0
    outer loop
      vertex -3.4202 9.39691 2.4
      vertex -2.58818 9.65926 0
      vertex -3.4202 9.39691 0
    endloop
  endfacet
  facet normal -0.382686 0.923879 0
    outer loop
      vertex -3.4202 9.39691 0
      vertex -4.22618 9.06306 2.4
      vertex -3.4202 9.39691 2.4
    endloop
  endfacet
  facet normal -0.382686 0.923879 0
    outer loop
      vertex -4.22618 9.06306 2.4
      vertex -3.4202 9.39691 0
      vertex -4.22618 9.06306 0
    endloop
  endfacet
  facet normal -0.461735 0.887018 0
    outer loop
      vertex -4.22618 9.06306 0
      vertex -5 8.66025 2.4
      vertex -4.22618 9.06306 2.4
    endloop
  endfacet
  facet normal -0.461735 0.887018 0
    outer loop
      vertex -5 8.66025 2.4
      vertex -4.22618 9.06306 0
      vertex -5 8.66025 0
    endloop
  endfacet
  facet normal -0.537307 0.843387 0
    outer loop
      vertex -5 8.66025 0
      vertex -5.73576 8.19151 2.4
      vertex -5 8.66025 2.4
    endloop
  endfacet
  facet normal -0.537307 0.843387 0
    outer loop
      vertex -5.73576 8.19151 2.4
      vertex -5 8.66025 0
      vertex -5.73576 8.19151 0
    endloop
  endfacet
  facet normal -0.608765 0.79335 0
    outer loop
      vertex -5.73576 8.19151 0
      vertex -6.42787 7.66043 2.4
      vertex -5.73576 8.19151 2.4
    endloop
  endfacet
  facet normal -0.608765 0.79335 0
    outer loop
      vertex -6.42787 7.66043 2.4
      vertex -5.73576 8.19151 0
      vertex -6.42787 7.66043 0
    endloop
  endfacet
  facet normal -0.675587 0.73728 0
    outer loop
      vertex -6.42787 7.66043 0
      vertex -7.07106 7.07106 2.4
      vertex -6.42787 7.66043 2.4
    endloop
  endfacet
  facet normal -0.675587 0.73728 0
    outer loop
      vertex -7.07106 7.07106 2.4
      vertex -6.42787 7.66043 0
      vertex -7.07106 7.07106 0
    endloop
  endfacet
  facet normal -0.73732 0.675544 0
    outer loop
      vertex -7.13208 7.00446 0
      vertex -7.07106 7.07106 2.4
      vertex -7.07106 7.07106 0
    endloop
  endfacet
  facet normal -0.73732 0.675544 0
    outer loop
      vertex -7.07106 7.07106 2.4
      vertex -7.13208 7.00446 0
      vertex -7.13208 7.00446 2.4
    endloop
  endfacet
  facet normal 0.500001 0.866025 0
    outer loop
      vertex -7.13208 7.00446 2.4
      vertex -16.8517 12.6161 2.3
      vertex -16.8517 12.6161 2.4
    endloop
  endfacet
  facet normal 0.5 0.866025 -2.77734e-06
    outer loop
      vertex -18.5945 13.6223 0
      vertex -16.8517 12.6161 2.3
      vertex -7.13208 7.00446 0
    endloop
  endfacet
  facet normal 0.500001 0.866025 -0
    outer loop
      vertex -7.13208 7.00446 0
      vertex -16.8517 12.6161 2.3
      vertex -7.13208 7.00446 2.4
    endloop
  endfacet
  facet normal 0.500013 0.866018 -0
    outer loop
      vertex -18.5344 13.5876 2.3
      vertex -18.5945 13.6223 2.4
      vertex -18.5344 13.5876 2.4
    endloop
  endfacet
  facet normal 0.500013 0.866018 0
    outer loop
      vertex -18.5344 13.5876 2.3
      vertex -18.5945 13.6223 0
      vertex -18.5945 13.6223 2.4
    endloop
  endfacet
  facet normal 0.499997 0.866027 5.68369e-07
    outer loop
      vertex -16.8517 12.6161 2.3
      vertex -18.5945 13.6223 0
      vertex -18.5344 13.5876 2.3
    endloop
  endfacet
  facet normal 0.675587 0.73728 -0
    outer loop
      vertex 7.07106 7.07106 0
      vertex 6.42787 7.66043 2.4
      vertex 7.07106 7.07106 2.4
    endloop
  endfacet
  facet normal 0.675587 0.73728 0
    outer loop
      vertex 6.42787 7.66043 2.4
      vertex 7.07106 7.07106 0
      vertex 6.42787 7.66043 0
    endloop
  endfacet
  facet normal 0.608765 0.79335 -0
    outer loop
      vertex 6.42787 7.66043 0
      vertex 5.73576 8.19151 2.4
      vertex 6.42787 7.66043 2.4
    endloop
  endfacet
  facet normal 0.608765 0.79335 0
    outer loop
      vertex 5.73576 8.19151 2.4
      vertex 6.42787 7.66043 0
      vertex 5.73576 8.19151 0
    endloop
  endfacet
  facet normal 0.537307 0.843387 -0
    outer loop
      vertex 5.73576 8.19151 0
      vertex 5 8.66025 2.4
      vertex 5.73576 8.19151 2.4
    endloop
  endfacet
  facet normal 0.537307 0.843387 0
    outer loop
      vertex 5 8.66025 2.4
      vertex 5.73576 8.19151 0
      vertex 5 8.66025 0
    endloop
  endfacet
  facet normal 0.461735 0.887018 -0
    outer loop
      vertex 5 8.66025 0
      vertex 4.22618 9.06306 2.4
      vertex 5 8.66025 2.4
    endloop
  endfacet
  facet normal 0.461735 0.887018 0
    outer loop
      vertex 4.22618 9.06306 2.4
      vertex 5 8.66025 0
      vertex 4.22618 9.06306 0
    endloop
  endfacet
  facet normal 0.382686 0.923879 -0
    outer loop
      vertex 4.22618 9.06306 0
      vertex 3.4202 9.39691 2.4
      vertex 4.22618 9.06306 2.4
    endloop
  endfacet
  facet normal 0.382686 0.923879 0
    outer loop
      vertex 3.4202 9.39691 2.4
      vertex 4.22618 9.06306 0
      vertex 3.4202 9.39691 0
    endloop
  endfacet
  facet normal 0.300722 0.953712 -0
    outer loop
      vertex 3.4202 9.39691 0
      vertex 2.58818 9.65926 2.4
      vertex 3.4202 9.39691 2.4
    endloop
  endfacet
  facet normal 0.300722 0.953712 0
    outer loop
      vertex 2.58818 9.65926 2.4
      vertex 3.4202 9.39691 0
      vertex 2.58818 9.65926 0
    endloop
  endfacet
  facet normal 0.216344 0.976317 -0
    outer loop
      vertex 2.58818 9.65926 0
      vertex 2.5 9.6788 2.4
      vertex 2.58818 9.65926 2.4
    endloop
  endfacet
  facet normal 0.216344 0.976317 0
    outer loop
      vertex 2.5 9.6788 2.4
      vertex 2.58818 9.65926 0
      vertex 2.5 9.6788 0
    endloop
  endfacet
  facet normal 1 -0 0
    outer loop
      vertex 2.5 9.6788 2.4
      vertex 2.5 22.9144 0
      vertex 2.5 22.9144 2.4
    endloop
  endfacet
  facet normal 1 0 0
    outer loop
      vertex 2.5 22.9144 0
      vertex 2.5 9.6788 2.4
      vertex 2.5 9.6788 0
    endloop
  endfacet
  facet normal -0.130526 -0.991445 0
    outer loop
      vertex 2.5 22.9144 0
      vertex 4.00548 22.7162 2.4
      vertex 2.5 22.9144 2.4
    endloop
  endfacet
  facet normal -0.130526 -0.991445 -0
    outer loop
      vertex 4.00548 22.7162 2.4
      vertex 2.5 22.9144 0
      vertex 4.00548 22.7162 0
    endloop
  endfacet
  facet normal -0.21642 -0.9763 0
    outer loop
      vertex 4.00548 22.7162 0
      vertex 5.97008 22.2807 2.4
      vertex 4.00548 22.7162 2.4
    endloop
  endfacet
  facet normal -0.21642 -0.9763 -0
    outer loop
      vertex 5.97008 22.2807 2.4
      vertex 4.00548 22.7162 0
      vertex 5.97008 22.2807 0
    endloop
  endfacet
  facet normal -0.3007 -0.953719 0
    outer loop
      vertex 5.97008 22.2807 0
      vertex 7.88925 21.6756 2.4
      vertex 5.97008 22.2807 2.4
    endloop
  endfacet
  facet normal -0.3007 -0.953719 -0
    outer loop
      vertex 7.88925 21.6756 2.4
      vertex 5.97008 22.2807 0
      vertex 7.88925 21.6756 0
    endloop
  endfacet
  facet normal -0.382693 -0.923875 0
    outer loop
      vertex 7.88925 21.6756 0
      vertex 9.74838 20.9055 2.4
      vertex 7.88925 21.6756 2.4
    endloop
  endfacet
  facet normal -0.382693 -0.923875 -0
    outer loop
      vertex 9.74838 20.9055 2.4
      vertex 7.88925 21.6756 0
      vertex 9.74838 20.9055 0
    endloop
  endfacet
  facet normal -0.46176 -0.887005 0
    outer loop
      vertex 9.74838 20.9055 0
      vertex 11.5333 19.9763 2.4
      vertex 9.74838 20.9055 2.4
    endloop
  endfacet
  facet normal -0.46176 -0.887005 -0
    outer loop
      vertex 11.5333 19.9763 2.4
      vertex 9.74838 20.9055 0
      vertex 11.5333 19.9763 0
    endloop
  endfacet
  facet normal -0.537287 -0.843399 0
    outer loop
      vertex 11.5333 19.9763 0
      vertex 13.2305 18.8951 2.4
      vertex 11.5333 19.9763 2.4
    endloop
  endfacet
  facet normal -0.537287 -0.843399 -0
    outer loop
      vertex 13.2305 18.8951 2.4
      vertex 11.5333 19.9763 0
      vertex 13.2305 18.8951 0
    endloop
  endfacet
  facet normal -0.608763 -0.793352 0
    outer loop
      vertex 13.2305 18.8951 2.4
      vertex 13.6474 18.5752 2.3
      vertex 13.6474 18.5752 2.4
    endloop
  endfacet
  facet normal -0.608763 -0.793352 0
    outer loop
      vertex 13.2305 18.8951 0
      vertex 13.6474 18.5752 2.3
      vertex 13.2305 18.8951 2.4
    endloop
  endfacet
  facet normal -0.60875 -0.793362 -3.85668e-06
    outer loop
      vertex 14.827 17.6701 0
      vertex 13.6474 18.5752 2.3
      vertex 13.2305 18.8951 0
    endloop
  endfacet
  facet normal -0.608745 -0.793366 0
    outer loop
      vertex 13.6474 18.5752 2.3
      vertex 14.827 17.6701 0
      vertex 14.827 17.6701 2.3
    endloop
  endfacet
  facet normal -0.675643 -0.737229 -0
    outer loop
      vertex 14.827 17.6701 2.3
      vertex 14.827 17.6701 0
      vertex 15.3609 17.1808 2.3
    endloop
  endfacet
  facet normal -0.675573 -0.737293 0
    outer loop
      vertex 15.3609 17.1808 2.3
      vertex 16.3106 16.3106 2.4
      vertex 15.3609 17.1808 2.4
    endloop
  endfacet
  facet normal -0.675599 -0.73727 -1.91065e-05
    outer loop
      vertex 16.3106 16.3106 0
      vertex 15.3609 17.1808 2.3
      vertex 14.827 17.6701 0
    endloop
  endfacet
  facet normal -0.675573 -0.737293 0
    outer loop
      vertex 15.3609 17.1808 2.3
      vertex 16.3106 16.3106 0
      vertex 16.3106 16.3106 2.4
    endloop
  endfacet
  facet normal -0.737278 -0.67559 0
    outer loop
      vertex 16.3106 16.3106 0
      vertex 17.1736 15.3688 2.3
      vertex 16.3106 16.3106 2.4
    endloop
  endfacet
  facet normal -0.73727 -0.675599 -6.54673e-06
    outer loop
      vertex 17.6701 14.827 0
      vertex 17.1736 15.3688 2.3
      vertex 16.3106 16.3106 0
    endloop
  endfacet
  facet normal -0.737256 -0.675614 0
    outer loop
      vertex 17.1736 15.3688 2.3
      vertex 17.6701 14.827 0
      vertex 17.6701 14.827 2.3
    endloop
  endfacet
  facet normal -0.737278 -0.67559 0
    outer loop
      vertex 16.3106 16.3106 2.4
      vertex 17.1736 15.3688 2.3
      vertex 17.1736 15.3688 2.4
    endloop
  endfacet
  facet normal -0.793376 -0.608732 0
    outer loop
      vertex 17.6701 14.827 0
      vertex 18.5754 13.6471 2.3
      vertex 17.6701 14.827 2.3
    endloop
  endfacet
  facet normal -0.793353 -0.608762 -2.42374e-05
    outer loop
      vertex 18.5945 13.6223 0
      vertex 18.5754 13.6471 2.3
      vertex 17.6701 14.827 0
    endloop
  endfacet
  facet normal -0.792268 -0.610174 -0
    outer loop
      vertex 18.5945 13.6223 2.4
      vertex 18.5754 13.6471 2.3
      vertex 18.5945 13.6223 0
    endloop
  endfacet
  facet normal -0.792268 -0.610174 0
    outer loop
      vertex 18.5754 13.6471 2.3
      vertex 18.5945 13.6223 2.4
      vertex 18.5754 13.6471 2.4
    endloop
  endfacet
  facet normal -0.499827 0.866125 0
    outer loop
      vertex 18.5945 13.6223 2.4
      vertex 18.4985 13.5669 2.3
      vertex 18.4985 13.5669 2.4
    endloop
  endfacet
  facet normal -0.50002 0.866014 -1.07449e-05
    outer loop
      vertex 18.4985 13.5669 2.3
      vertex 18.5945 13.6223 0
      vertex 16.8424 12.6107 2.3
    endloop
  endfacet
  facet normal -0.499827 0.866125 0
    outer loop
      vertex 18.5945 13.6223 0
      vertex 18.4985 13.5669 2.3
      vertex 18.5945 13.6223 2.4
    endloop
  endfacet
  facet normal -0.499999 0.866026 0
    outer loop
      vertex 16.8424 12.6107 2.3
      vertex 7.13208 7.00446 2.4
      vertex 16.8424 12.6107 2.4
    endloop
  endfacet
  facet normal -0.5 0.866025 8.75789e-06
    outer loop
      vertex 7.13208 7.00446 0
      vertex 16.8424 12.6107 2.3
      vertex 18.5945 13.6223 0
    endloop
  endfacet
  facet normal -0.499999 0.866026 0
    outer loop
      vertex 16.8424 12.6107 2.3
      vertex 7.13208 7.00446 0
      vertex 7.13208 7.00446 2.4
    endloop
  endfacet
  facet normal 0.73732 0.675544 0
    outer loop
      vertex 7.13208 7.00446 2.4
      vertex 7.07106 7.07106 0
      vertex 7.07106 7.07106 2.4
    endloop
  endfacet
  facet normal 0.73732 0.675544 0
    outer loop
      vertex 7.07106 7.07106 0
      vertex 7.13208 7.00446 2.4
      vertex 7.13208 7.00446 0
    endloop
  endfacet
  facet normal 0.887014 -0.461742 0
    outer loop
      vertex 35.3057 -17.497 2.4
      vertex 35.7387 -16.6652 0
      vertex 35.7387 -16.6652 2.4
    endloop
  endfacet
  facet normal 0.887014 -0.461742 0
    outer loop
      vertex 35.7387 -16.6652 0
      vertex 35.3057 -17.497 2.4
      vertex 35.3057 -17.497 0
    endloop
  endfacet
  facet normal 0.923875 -0.382695 0
    outer loop
      vertex 35.7387 -16.6652 2.4
      vertex 37.0552 -13.487 0
      vertex 37.0552 -13.487 2.4
    endloop
  endfacet
  facet normal 0.923875 -0.382695 0
    outer loop
      vertex 37.0552 -13.487 0
      vertex 35.7387 -16.6652 2.4
      vertex 35.7387 -16.6652 0
    endloop
  endfacet
  facet normal 0.953714 -0.300715 0
    outer loop
      vertex 37.0552 -13.487 2.4
      vertex 38.0897 -10.2061 0
      vertex 38.0897 -10.2061 2.4
    endloop
  endfacet
  facet normal 0.953714 -0.300715 0
    outer loop
      vertex 38.0897 -10.2061 0
      vertex 37.0552 -13.487 2.4
      vertex 37.0552 -13.487 0
    endloop
  endfacet
  facet normal 0.976301 -0.216418 0
    outer loop
      vertex 38.0897 -10.2061 2.4
      vertex 38.8342 -6.84752 0
      vertex 38.8342 -6.84752 2.4
    endloop
  endfacet
  facet normal 0.976301 -0.216418 0
    outer loop
      vertex 38.8342 -6.84752 0
      vertex 38.0897 -10.2061 2.4
      vertex 38.0897 -10.2061 0
    endloop
  endfacet
  facet normal 0.991442 -0.130547 0
    outer loop
      vertex 38.8342 -6.84752 2.4
      vertex 39.2833 -3.43683 0
      vertex 39.2833 -3.43683 2.4
    endloop
  endfacet
  facet normal 0.991442 -0.130547 0
    outer loop
      vertex 39.2833 -3.43683 0
      vertex 38.8342 -6.84752 2.4
      vertex 38.8342 -6.84752 0
    endloop
  endfacet
  facet normal 0.999049 -0.0436034 0
    outer loop
      vertex 39.2833 -3.43683 2.4
      vertex 39.4333 0 0
      vertex 39.4333 0 2.4
    endloop
  endfacet
  facet normal 0.999049 -0.0436034 0
    outer loop
      vertex 39.4333 0 0
      vertex 39.2833 -3.43683 2.4
      vertex 39.2833 -3.43683 0
    endloop
  endfacet
  facet normal 0.999049 0.0436034 0
    outer loop
      vertex 39.4333 0 2.4
      vertex 39.2833 3.43683 0
      vertex 39.2833 3.43683 2.4
    endloop
  endfacet
  facet normal 0.999049 0.0436034 0
    outer loop
      vertex 39.2833 3.43683 0
      vertex 39.4333 0 2.4
      vertex 39.4333 0 0
    endloop
  endfacet
  facet normal 0.991442 0.130547 0
    outer loop
      vertex 39.2833 3.43683 2.4
      vertex 38.8342 6.84752 0
      vertex 38.8342 6.84752 2.4
    endloop
  endfacet
  facet normal 0.991442 0.130547 0
    outer loop
      vertex 38.8342 6.84752 0
      vertex 39.2833 3.43683 2.4
      vertex 39.2833 3.43683 0
    endloop
  endfacet
  facet normal 0.976301 0.216418 0
    outer loop
      vertex 38.8342 6.84752 2.4
      vertex 38.0897 10.2061 0
      vertex 38.0897 10.2061 2.4
    endloop
  endfacet
  facet normal 0.976301 0.216418 0
    outer loop
      vertex 38.0897 10.2061 0
      vertex 38.8342 6.84752 2.4
      vertex 38.8342 6.84752 0
    endloop
  endfacet
  facet normal 0.953714 0.300715 0
    outer loop
      vertex 38.0897 10.2061 2.4
      vertex 37.0552 13.487 0
      vertex 37.0552 13.487 2.4
    endloop
  endfacet
  facet normal 0.953714 0.300715 0
    outer loop
      vertex 37.0552 13.487 0
      vertex 38.0897 10.2061 2.4
      vertex 38.0897 10.2061 0
    endloop
  endfacet
  facet normal 0.923875 0.382695 0
    outer loop
      vertex 37.0552 13.487 2.4
      vertex 35.7387 16.6652 0
      vertex 35.7387 16.6652 2.4
    endloop
  endfacet
  facet normal 0.923875 0.382695 0
    outer loop
      vertex 35.7387 16.6652 0
      vertex 37.0552 13.487 2.4
      vertex 37.0552 13.487 0
    endloop
  endfacet
  facet normal 0.887014 0.461742 0
    outer loop
      vertex 35.7387 16.6652 2.4
      vertex 35.3057 17.497 0
      vertex 35.3057 17.497 2.4
    endloop
  endfacet
  facet normal 0.887014 0.461742 0
    outer loop
      vertex 35.3057 17.497 0
      vertex 35.7387 16.6652 2.4
      vertex 35.7387 16.6652 0
    endloop
  endfacet
  facet normal 0.49999 -0.866031 0
    outer loop
      vertex 35.3057 17.497 0
      vertex 39.2606 19.7803 2.4
      vertex 35.3057 17.497 2.4
    endloop
  endfacet
  facet normal 0.49999 -0.866031 0
    outer loop
      vertex 39.2606 19.7803 2.4
      vertex 35.3057 17.497 0
      vertex 39.2606 19.7803 0
    endloop
  endfacet
  facet normal -0.887018 -0.461734 0
    outer loop
      vertex 39.8775 18.5952 0
      vertex 39.2606 19.7803 2.4
      vertex 39.2606 19.7803 0
    endloop
  endfacet
  facet normal -0.887018 -0.461734 0
    outer loop
      vertex 39.2606 19.7803 2.4
      vertex 39.8775 18.5952 0
      vertex 39.8775 18.5952 2.4
    endloop
  endfacet
  facet normal -0.923873 -0.3827 0
    outer loop
      vertex 41.3465 15.0489 0
      vertex 39.8775 18.5952 2.4
      vertex 39.8775 18.5952 0
    endloop
  endfacet
  facet normal -0.923873 -0.3827 0
    outer loop
      vertex 39.8775 18.5952 2.4
      vertex 41.3465 15.0489 0
      vertex 41.3465 15.0489 2.4
    endloop
  endfacet
  facet normal -0.953723 -0.300687 0
    outer loop
      vertex 42.5007 11.388 0
      vertex 41.3465 15.0489 2.4
      vertex 41.3465 15.0489 0
    endloop
  endfacet
  facet normal -0.953723 -0.300687 0
    outer loop
      vertex 41.3465 15.0489 2.4
      vertex 42.5007 11.388 0
      vertex 42.5007 11.388 2.4
    endloop
  endfacet
  facet normal -0.976296 -0.216441 0
    outer loop
      vertex 43.3315 7.64052 0
      vertex 42.5007 11.388 2.4
      vertex 42.5007 11.388 0
    endloop
  endfacet
  facet normal -0.976296 -0.216441 0
    outer loop
      vertex 42.5007 11.388 2.4
      vertex 43.3315 7.64052 0
      vertex 43.3315 7.64052 2.4
    endloop
  endfacet
  facet normal -0.991442 -0.130545 0
    outer loop
      vertex 43.8326 3.83484 0
      vertex 43.3315 7.64052 2.4
      vertex 43.3315 7.64052 0
    endloop
  endfacet
  facet normal -0.991442 -0.130545 0
    outer loop
      vertex 43.3315 7.64052 2.4
      vertex 43.8326 3.83484 0
      vertex 43.8326 3.83484 2.4
    endloop
  endfacet
  facet normal -0.999049 -0.0436109 0
    outer loop
      vertex 44 0 0
      vertex 43.8326 3.83484 2.4
      vertex 43.8326 3.83484 0
    endloop
  endfacet
  facet normal -0.999049 -0.0436109 0
    outer loop
      vertex 43.8326 3.83484 2.4
      vertex 44 0 0
      vertex 44 0 2.4
    endloop
  endfacet
  facet normal -0.999049 0.0436109 0
    outer loop
      vertex 43.8326 -3.83484 0
      vertex 44 0 2.4
      vertex 44 0 0
    endloop
  endfacet
  facet normal -0.999049 0.0436109 0
    outer loop
      vertex 44 0 2.4
      vertex 43.8326 -3.83484 0
      vertex 43.8326 -3.83484 2.4
    endloop
  endfacet
  facet normal -0.991442 0.130545 0
    outer loop
      vertex 43.3315 -7.64052 0
      vertex 43.8326 -3.83484 2.4
      vertex 43.8326 -3.83484 0
    endloop
  endfacet
  facet normal -0.991442 0.130545 0
    outer loop
      vertex 43.8326 -3.83484 2.4
      vertex 43.3315 -7.64052 0
      vertex 43.3315 -7.64052 2.4
    endloop
  endfacet
  facet normal -0.976296 0.216441 0
    outer loop
      vertex 42.5007 -11.388 0
      vertex 43.3315 -7.64052 2.4
      vertex 43.3315 -7.64052 0
    endloop
  endfacet
  facet normal -0.976296 0.216441 0
    outer loop
      vertex 43.3315 -7.64052 2.4
      vertex 42.5007 -11.388 0
      vertex 42.5007 -11.388 2.4
    endloop
  endfacet
  facet normal -0.953723 0.300687 0
    outer loop
      vertex 41.3465 -15.0489 0
      vertex 42.5007 -11.388 2.4
      vertex 42.5007 -11.388 0
    endloop
  endfacet
  facet normal -0.953723 0.300687 0
    outer loop
      vertex 42.5007 -11.388 2.4
      vertex 41.3465 -15.0489 0
      vertex 41.3465 -15.0489 2.4
    endloop
  endfacet
  facet normal -0.923873 0.3827 0
    outer loop
      vertex 39.8775 -18.5952 0
      vertex 41.3465 -15.0489 2.4
      vertex 41.3465 -15.0489 0
    endloop
  endfacet
  facet normal -0.923873 0.3827 0
    outer loop
      vertex 41.3465 -15.0489 2.4
      vertex 39.8775 -18.5952 0
      vertex 39.8775 -18.5952 2.4
    endloop
  endfacet
  facet normal -0.887018 0.461734 0
    outer loop
      vertex 39.2606 -19.7803 0
      vertex 39.8775 -18.5952 2.4
      vertex 39.8775 -18.5952 0
    endloop
  endfacet
  facet normal -0.887018 0.461734 0
    outer loop
      vertex 39.8775 -18.5952 2.4
      vertex 39.2606 -19.7803 0
      vertex 39.2606 -19.7803 2.4
    endloop
  endfacet
  facet normal 0.49999 0.866031 -0
    outer loop
      vertex 39.2606 -19.7803 0
      vertex 35.3057 -17.497 2.4
      vertex 39.2606 -19.7803 2.4
    endloop
  endfacet
  facet normal 0.49999 0.866031 0
    outer loop
      vertex 35.3057 -17.497 2.4
      vertex 39.2606 -19.7803 0
      vertex 35.3057 -17.497 0
    endloop
  endfacet
  facet normal 0.923873 0.3827 0
    outer loop
      vertex -39.8775 -18.5952 2.4
      vertex -41.3465 -15.0489 0
      vertex -41.3465 -15.0489 2.4
    endloop
  endfacet
  facet normal 0.923873 0.3827 0
    outer loop
      vertex -41.3465 -15.0489 0
      vertex -39.8775 -18.5952 2.4
      vertex -39.8775 -18.5952 0
    endloop
  endfacet
  facet normal 0.953723 0.300687 0
    outer loop
      vertex -41.3465 -15.0489 2.4
      vertex -42.5007 -11.388 0
      vertex -42.5007 -11.388 2.4
    endloop
  endfacet
  facet normal 0.953723 0.300687 0
    outer loop
      vertex -42.5007 -11.388 0
      vertex -41.3465 -15.0489 2.4
      vertex -41.3465 -15.0489 0
    endloop
  endfacet
  facet normal 0.976296 0.216441 0
    outer loop
      vertex -42.5007 -11.388 2.4
      vertex -43.3315 -7.64052 0
      vertex -43.3315 -7.64052 2.4
    endloop
  endfacet
  facet normal 0.976296 0.216441 0
    outer loop
      vertex -43.3315 -7.64052 0
      vertex -42.5007 -11.388 2.4
      vertex -42.5007 -11.388 0
    endloop
  endfacet
  facet normal 0.991442 0.130545 0
    outer loop
      vertex -43.3315 -7.64052 2.4
      vertex -43.8326 -3.83484 0
      vertex -43.8326 -3.83484 2.4
    endloop
  endfacet
  facet normal 0.991442 0.130545 0
    outer loop
      vertex -43.8326 -3.83484 0
      vertex -43.3315 -7.64052 2.4
      vertex -43.3315 -7.64052 0
    endloop
  endfacet
  facet normal 0.999049 0.0436109 0
    outer loop
      vertex -43.8326 -3.83484 2.4
      vertex -44 0 0
      vertex -44 0 2.4
    endloop
  endfacet
  facet normal 0.999049 0.0436109 0
    outer loop
      vertex -44 0 0
      vertex -43.8326 -3.83484 2.4
      vertex -43.8326 -3.83484 0
    endloop
  endfacet
  facet normal 0.999049 -0.0436109 0
    outer loop
      vertex -44 0 2.4
      vertex -43.8326 3.83484 0
      vertex -43.8326 3.83484 2.4
    endloop
  endfacet
  facet normal 0.999049 -0.0436109 0
    outer loop
      vertex -43.8326 3.83484 0
      vertex -44 0 2.4
      vertex -44 0 0
    endloop
  endfacet
  facet normal 0.991442 -0.130545 0
    outer loop
      vertex -43.8326 3.83484 2.4
      vertex -43.3315 7.64052 0
      vertex -43.3315 7.64052 2.4
    endloop
  endfacet
  facet normal 0.991442 -0.130545 0
    outer loop
      vertex -43.3315 7.64052 0
      vertex -43.8326 3.83484 2.4
      vertex -43.8326 3.83484 0
    endloop
  endfacet
  facet normal 0.976296 -0.216441 0
    outer loop
      vertex -43.3315 7.64052 2.4
      vertex -42.5007 11.388 0
      vertex -42.5007 11.388 2.4
    endloop
  endfacet
  facet normal 0.976296 -0.216441 0
    outer loop
      vertex -42.5007 11.388 0
      vertex -43.3315 7.64052 2.4
      vertex -43.3315 7.64052 0
    endloop
  endfacet
  facet normal 0.953723 -0.300687 0
    outer loop
      vertex -42.5007 11.388 2.4
      vertex -41.3465 15.0489 0
      vertex -41.3465 15.0489 2.4
    endloop
  endfacet
  facet normal 0.953723 -0.300687 0
    outer loop
      vertex -41.3465 15.0489 0
      vertex -42.5007 11.388 2.4
      vertex -42.5007 11.388 0
    endloop
  endfacet
  facet normal 0.923873 -0.3827 0
    outer loop
      vertex -41.3465 15.0489 2.4
      vertex -39.8775 18.5952 0
      vertex -39.8775 18.5952 2.4
    endloop
  endfacet
  facet normal 0.923873 -0.3827 0
    outer loop
      vertex -39.8775 18.5952 0
      vertex -41.3465 15.0489 2.4
      vertex -41.3465 15.0489 0
    endloop
  endfacet
  facet normal 0.887018 -0.461734 0
    outer loop
      vertex -39.8775 18.5952 2.4
      vertex -39.2606 19.7803 0
      vertex -39.2606 19.7803 2.4
    endloop
  endfacet
  facet normal 0.887018 -0.461734 0
    outer loop
      vertex -39.2606 19.7803 0
      vertex -39.8775 18.5952 2.4
      vertex -39.8775 18.5952 0
    endloop
  endfacet
  facet normal -0.49999 -0.866031 0
    outer loop
      vertex -39.2606 19.7803 0
      vertex -35.3057 17.497 2.4
      vertex -39.2606 19.7803 2.4
    endloop
  endfacet
  facet normal -0.49999 -0.866031 -0
    outer loop
      vertex -35.3057 17.497 2.4
      vertex -39.2606 19.7803 0
      vertex -35.3057 17.497 0
    endloop
  endfacet
  facet normal -0.887014 0.461742 0
    outer loop
      vertex -35.7387 16.6652 0
      vertex -35.3057 17.497 2.4
      vertex -35.3057 17.497 0
    endloop
  endfacet
  facet normal -0.887014 0.461742 0
    outer loop
      vertex -35.3057 17.497 2.4
      vertex -35.7387 16.6652 0
      vertex -35.7387 16.6652 2.4
    endloop
  endfacet
  facet normal -0.923875 0.382695 0
    outer loop
      vertex -37.0552 13.487 0
      vertex -35.7387 16.6652 2.4
      vertex -35.7387 16.6652 0
    endloop
  endfacet
  facet normal -0.923875 0.382695 0
    outer loop
      vertex -35.7387 16.6652 2.4
      vertex -37.0552 13.487 0
      vertex -37.0552 13.487 2.4
    endloop
  endfacet
  facet normal -0.953714 0.300715 0
    outer loop
      vertex -38.0897 10.2061 0
      vertex -37.0552 13.487 2.4
      vertex -37.0552 13.487 0
    endloop
  endfacet
  facet normal -0.953714 0.300715 0
    outer loop
      vertex -37.0552 13.487 2.4
      vertex -38.0897 10.2061 0
      vertex -38.0897 10.2061 2.4
    endloop
  endfacet
  facet normal -0.976301 0.216418 0
    outer loop
      vertex -38.8342 6.84752 0
      vertex -38.0897 10.2061 2.4
      vertex -38.0897 10.2061 0
    endloop
  endfacet
  facet normal -0.976301 0.216418 0
    outer loop
      vertex -38.0897 10.2061 2.4
      vertex -38.8342 6.84752 0
      vertex -38.8342 6.84752 2.4
    endloop
  endfacet
  facet normal -0.991442 0.130547 0
    outer loop
      vertex -39.2833 3.43683 0
      vertex -38.8342 6.84752 2.4
      vertex -38.8342 6.84752 0
    endloop
  endfacet
  facet normal -0.991442 0.130547 0
    outer loop
      vertex -38.8342 6.84752 2.4
      vertex -39.2833 3.43683 0
      vertex -39.2833 3.43683 2.4
    endloop
  endfacet
  facet normal -0.999049 0.0436034 0
    outer loop
      vertex -39.4333 0 0
      vertex -39.2833 3.43683 2.4
      vertex -39.2833 3.43683 0
    endloop
  endfacet
  facet normal -0.999049 0.0436034 0
    outer loop
      vertex -39.2833 3.43683 2.4
      vertex -39.4333 0 0
      vertex -39.4333 0 2.4
    endloop
  endfacet
  facet normal -0.999049 -0.0436034 0
    outer loop
      vertex -39.2833 -3.43683 0
      vertex -39.4333 0 2.4
      vertex -39.4333 0 0
    endloop
  endfacet
  facet normal -0.999049 -0.0436034 0
    outer loop
      vertex -39.4333 0 2.4
      vertex -39.2833 -3.43683 0
      vertex -39.2833 -3.43683 2.4
    endloop
  endfacet
  facet normal -0.991442 -0.130547 0
    outer loop
      vertex -38.8342 -6.84752 0
      vertex -39.2833 -3.43683 2.4
      vertex -39.2833 -3.43683 0
    endloop
  endfacet
  facet normal -0.991442 -0.130547 0
    outer loop
      vertex -39.2833 -3.43683 2.4
      vertex -38.8342 -6.84752 0
      vertex -38.8342 -6.84752 2.4
    endloop
  endfacet
  facet normal -0.976301 -0.216418 0
    outer loop
      vertex -38.0897 -10.2061 0
      vertex -38.8342 -6.84752 2.4
      vertex -38.8342 -6.84752 0
    endloop
  endfacet
  facet normal -0.976301 -0.216418 0
    outer loop
      vertex -38.8342 -6.84752 2.4
      vertex -38.0897 -10.2061 0
      vertex -38.0897 -10.2061 2.4
    endloop
  endfacet
  facet normal -0.953714 -0.300715 0
    outer loop
      vertex -37.0552 -13.487 0
      vertex -38.0897 -10.2061 2.4
      vertex -38.0897 -10.2061 0
    endloop
  endfacet
  facet normal -0.953714 -0.300715 0
    outer loop
      vertex -38.0897 -10.2061 2.4
      vertex -37.0552 -13.487 0
      vertex -37.0552 -13.487 2.4
    endloop
  endfacet
  facet normal -0.923875 -0.382695 0
    outer loop
      vertex -35.7387 -16.6652 0
      vertex -37.0552 -13.487 2.4
      vertex -37.0552 -13.487 0
    endloop
  endfacet
  facet normal -0.923875 -0.382695 0
    outer loop
      vertex -37.0552 -13.487 2.4
      vertex -35.7387 -16.6652 0
      vertex -35.7387 -16.6652 2.4
    endloop
  endfacet
  facet normal -0.887014 -0.461742 0
    outer loop
      vertex -35.3057 -17.497 0
      vertex -35.7387 -16.6652 2.4
      vertex -35.7387 -16.6652 0
    endloop
  endfacet
  facet normal -0.887014 -0.461742 0
    outer loop
      vertex -35.7387 -16.6652 2.4
      vertex -35.3057 -17.497 0
      vertex -35.3057 -17.497 2.4
    endloop
  endfacet
  facet normal -0.49999 0.866031 0
    outer loop
      vertex -35.3057 -17.497 0
      vertex -39.2606 -19.7803 2.4
      vertex -35.3057 -17.497 2.4
    endloop
  endfacet
  facet normal -0.49999 0.866031 0
    outer loop
      vertex -39.2606 -19.7803 2.4
      vertex -35.3057 -17.497 0
      vertex -39.2606 -19.7803 0
    endloop
  endfacet
  facet normal 0.887018 0.461734 0
    outer loop
      vertex -39.2606 -19.7803 2.4
      vertex -39.8775 -18.5952 0
      vertex -39.8775 -18.5952 2.4
    endloop
  endfacet
  facet normal 0.887018 0.461734 0
    outer loop
      vertex -39.8775 -18.5952 0
      vertex -39.2606 -19.7803 2.4
      vertex -39.2606 -19.7803 0
    endloop
  endfacet
  facet normal 0.923886 0.382669 0
    outer loop
      vertex -33.7449 -15.7355 2.4
      vertex -34.9879 -12.7345 0
      vertex -34.9879 -12.7345 2.4
    endloop
  endfacet
  facet normal 0.923886 0.382669 0
    outer loop
      vertex -34.9879 -12.7345 0
      vertex -33.7449 -15.7355 2.4
      vertex -33.7449 -15.7355 0
    endloop
  endfacet
  facet normal 0.95372 0.300696 0
    outer loop
      vertex -34.9879 -12.7345 2.4
      vertex -35.9646 -9.63669 0
      vertex -35.9646 -9.63669 2.4
    endloop
  endfacet
  facet normal 0.95372 0.300696 0
    outer loop
      vertex -35.9646 -9.63669 0
      vertex -34.9879 -12.7345 2.4
      vertex -34.9879 -12.7345 0
    endloop
  endfacet
  facet normal 0.976292 0.216458 0
    outer loop
      vertex -35.9646 -9.63669 2.4
      vertex -36.6677 -6.4655 0
      vertex -36.6677 -6.4655 2.4
    endloop
  endfacet
  facet normal 0.976292 0.216458 0
    outer loop
      vertex -36.6677 -6.4655 0
      vertex -35.9646 -9.63669 2.4
      vertex -35.9646 -9.63669 0
    endloop
  endfacet
  facet normal 0.991448 0.130503 0
    outer loop
      vertex -36.6677 -6.4655 2.4
      vertex -37.0916 -3.24509 0
      vertex -37.0916 -3.24509 2.4
    endloop
  endfacet
  facet normal 0.991448 0.130503 0
    outer loop
      vertex -37.0916 -3.24509 0
      vertex -36.6677 -6.4655 2.4
      vertex -36.6677 -6.4655 0
    endloop
  endfacet
  facet normal 0.999048 0.0436244 0
    outer loop
      vertex -37.0916 -3.24509 2.4
      vertex -37.2333 0 0
      vertex -37.2333 0 2.4
    endloop
  endfacet
  facet normal 0.999048 0.0436244 0
    outer loop
      vertex -37.2333 0 0
      vertex -37.0916 -3.24509 2.4
      vertex -37.0916 -3.24509 0
    endloop
  endfacet
  facet normal 0.999048 -0.0436244 0
    outer loop
      vertex -37.2333 0 2.4
      vertex -37.0916 3.24509 0
      vertex -37.0916 3.24509 2.4
    endloop
  endfacet
  facet normal 0.999048 -0.0436244 0
    outer loop
      vertex -37.0916 3.24509 0
      vertex -37.2333 0 2.4
      vertex -37.2333 0 0
    endloop
  endfacet
  facet normal 0.991448 -0.130503 0
    outer loop
      vertex -37.0916 3.24509 2.4
      vertex -36.6677 6.4655 0
      vertex -36.6677 6.4655 2.4
    endloop
  endfacet
  facet normal 0.991448 -0.130503 0
    outer loop
      vertex -36.6677 6.4655 0
      vertex -37.0916 3.24509 2.4
      vertex -37.0916 3.24509 0
    endloop
  endfacet
  facet normal 0.976292 -0.216458 0
    outer loop
      vertex -36.6677 6.4655 2.4
      vertex -35.9646 9.63669 0
      vertex -35.9646 9.63669 2.4
    endloop
  endfacet
  facet normal 0.976292 -0.216458 0
    outer loop
      vertex -35.9646 9.63669 0
      vertex -36.6677 6.4655 2.4
      vertex -36.6677 6.4655 0
    endloop
  endfacet
  facet normal 0.95372 -0.300696 0
    outer loop
      vertex -35.9646 9.63669 2.4
      vertex -34.9879 12.7345 0
      vertex -34.9879 12.7345 2.4
    endloop
  endfacet
  facet normal 0.95372 -0.300696 0
    outer loop
      vertex -34.9879 12.7345 0
      vertex -35.9646 9.63669 2.4
      vertex -35.9646 9.63669 0
    endloop
  endfacet
  facet normal 0.923886 -0.382669 0
    outer loop
      vertex -34.9879 12.7345 2.4
      vertex -33.7449 15.7355 0
      vertex -33.7449 15.7355 2.4
    endloop
  endfacet
  facet normal 0.923886 -0.382669 0
    outer loop
      vertex -33.7449 15.7355 0
      vertex -34.9879 12.7345 2.4
      vertex -34.9879 12.7345 0
    endloop
  endfacet
  facet normal 0.886986 -0.461796 0
    outer loop
      vertex -33.7449 15.7355 2.4
      vertex -33.4005 16.397 0
      vertex -33.4005 16.397 2.4
    endloop
  endfacet
  facet normal 0.886986 -0.461796 0
    outer loop
      vertex -33.4005 16.397 0
      vertex -33.7449 15.7355 2.4
      vertex -33.7449 15.7355 0
    endloop
  endfacet
  facet normal -0.499995 -0.866028 0
    outer loop
      vertex -33.4005 16.397 0
      vertex -23.0143 10.4006 2.4
      vertex -33.4005 16.397 2.4
    endloop
  endfacet
  facet normal -0.499995 -0.866028 -0
    outer loop
      vertex -23.0143 10.4006 2.4
      vertex -33.4005 16.397 0
      vertex -23.0143 10.4006 0
    endloop
  endfacet
  facet normal -0.923871 0.382703 0
    outer loop
      vertex -23.7429 8.64171 0
      vertex -23.0143 10.4006 2.4
      vertex -23.0143 10.4006 0
    endloop
  endfacet
  facet normal -0.923871 0.382703 0
    outer loop
      vertex -23.0143 10.4006 2.4
      vertex -23.7429 8.64171 0
      vertex -23.7429 8.64171 2.4
    endloop
  endfacet
  facet normal -0.953721 0.300694 0
    outer loop
      vertex -24.4057 6.53949 0
      vertex -23.7429 8.64171 2.4
      vertex -23.7429 8.64171 0
    endloop
  endfacet
  facet normal -0.953721 0.300694 0
    outer loop
      vertex -23.7429 8.64171 2.4
      vertex -24.4057 6.53949 0
      vertex -24.4057 6.53949 2.4
    endloop
  endfacet
  facet normal -0.976295 0.216446 0
    outer loop
      vertex -24.8828 4.3875 0
      vertex -24.4057 6.53949 2.4
      vertex -24.4057 6.53949 0
    endloop
  endfacet
  facet normal -0.976295 0.216446 0
    outer loop
      vertex -24.4057 6.53949 2.4
      vertex -24.8828 4.3875 0
      vertex -24.8828 4.3875 2.4
    endloop
  endfacet
  facet normal -0.991445 0.130522 0
    outer loop
      vertex -25.1705 2.20213 0
      vertex -24.8828 4.3875 2.4
      vertex -24.8828 4.3875 0
    endloop
  endfacet
  facet normal -0.991445 0.130522 0
    outer loop
      vertex -24.8828 4.3875 2.4
      vertex -25.1705 2.20213 0
      vertex -25.1705 2.20213 2.4
    endloop
  endfacet
  facet normal -0.999047 0.0436434 0
    outer loop
      vertex -25.2667 0 0
      vertex -25.1705 2.20213 2.4
      vertex -25.1705 2.20213 0
    endloop
  endfacet
  facet normal -0.999047 0.0436434 0
    outer loop
      vertex -25.1705 2.20213 2.4
      vertex -25.2667 0 0
      vertex -25.2667 0 2.4
    endloop
  endfacet
  facet normal -0.999047 -0.0436434 0
    outer loop
      vertex -25.1705 -2.20213 0
      vertex -25.2667 0 2.4
      vertex -25.2667 0 0
    endloop
  endfacet
  facet normal -0.999047 -0.0436434 0
    outer loop
      vertex -25.2667 0 2.4
      vertex -25.1705 -2.20213 0
      vertex -25.1705 -2.20213 2.4
    endloop
  endfacet
  facet normal -0.991445 -0.130522 0
    outer loop
      vertex -24.8828 -4.3875 0
      vertex -25.1705 -2.20213 2.4
      vertex -25.1705 -2.20213 0
    endloop
  endfacet
  facet normal -0.991445 -0.130522 0
    outer loop
      vertex -25.1705 -2.20213 2.4
      vertex -24.8828 -4.3875 0
      vertex -24.8828 -4.3875 2.4
    endloop
  endfacet
  facet normal -0.976295 -0.216446 0
    outer loop
      vertex -24.4057 -6.53949 0
      vertex -24.8828 -4.3875 2.4
      vertex -24.8828 -4.3875 0
    endloop
  endfacet
  facet normal -0.976295 -0.216446 0
    outer loop
      vertex -24.8828 -4.3875 2.4
      vertex -24.4057 -6.53949 0
      vertex -24.4057 -6.53949 2.4
    endloop
  endfacet
  facet normal -0.953721 -0.300694 0
    outer loop
      vertex -23.7429 -8.64171 0
      vertex -24.4057 -6.53949 2.4
      vertex -24.4057 -6.53949 0
    endloop
  endfacet
  facet normal -0.953721 -0.300694 0
    outer loop
      vertex -24.4057 -6.53949 2.4
      vertex -23.7429 -8.64171 0
      vertex -23.7429 -8.64171 2.4
    endloop
  endfacet
  facet normal -0.923871 -0.382703 0
    outer loop
      vertex -23.0143 -10.4006 0
      vertex -23.7429 -8.64171 2.4
      vertex -23.7429 -8.64171 0
    endloop
  endfacet
  facet normal -0.923871 -0.382703 0
    outer loop
      vertex -23.7429 -8.64171 2.4
      vertex -23.0143 -10.4006 0
      vertex -23.0143 -10.4006 2.4
    endloop
  endfacet
  facet normal -0.499995 0.866028 0
    outer loop
      vertex -23.0143 -10.4006 0
      vertex -33.4005 -16.397 2.4
      vertex -23.0143 -10.4006 2.4
    endloop
  endfacet
  facet normal -0.499995 0.866028 0
    outer loop
      vertex -33.4005 -16.397 2.4
      vertex -23.0143 -10.4006 0
      vertex -33.4005 -16.397 0
    endloop
  endfacet
  facet normal 0.886986 0.461796 0
    outer loop
      vertex -33.4005 -16.397 2.4
      vertex -33.7449 -15.7355 0
      vertex -33.7449 -15.7355 2.4
    endloop
  endfacet
  facet normal 0.886986 0.461796 0
    outer loop
      vertex -33.7449 -15.7355 0
      vertex -33.4005 -16.397 2.4
      vertex -33.4005 -16.397 0
    endloop
  endfacet
  facet normal 0.923871 -0.382703 0
    outer loop
      vertex 23.0143 -10.4006 2.4
      vertex 23.7429 -8.64171 0
      vertex 23.7429 -8.64171 2.4
    endloop
  endfacet
  facet normal 0.923871 -0.382703 0
    outer loop
      vertex 23.7429 -8.64171 0
      vertex 23.0143 -10.4006 2.4
      vertex 23.0143 -10.4006 0
    endloop
  endfacet
  facet normal 0.953721 -0.300694 0
    outer loop
      vertex 23.7429 -8.64171 2.4
      vertex 24.4057 -6.53949 0
      vertex 24.4057 -6.53949 2.4
    endloop
  endfacet
  facet normal 0.953721 -0.300694 0
    outer loop
      vertex 24.4057 -6.53949 0
      vertex 23.7429 -8.64171 2.4
      vertex 23.7429 -8.64171 0
    endloop
  endfacet
  facet normal 0.976295 -0.216446 0
    outer loop
      vertex 24.4057 -6.53949 2.4
      vertex 24.8828 -4.3875 0
      vertex 24.8828 -4.3875 2.4
    endloop
  endfacet
  facet normal 0.976295 -0.216446 0
    outer loop
      vertex 24.8828 -4.3875 0
      vertex 24.4057 -6.53949 2.4
      vertex 24.4057 -6.53949 0
    endloop
  endfacet
  facet normal 0.991445 -0.130522 0
    outer loop
      vertex 24.8828 -4.3875 2.4
      vertex 25.1705 -2.20213 0
      vertex 25.1705 -2.20213 2.4
    endloop
  endfacet
  facet normal 0.991445 -0.130522 0
    outer loop
      vertex 25.1705 -2.20213 0
      vertex 24.8828 -4.3875 2.4
      vertex 24.8828 -4.3875 0
    endloop
  endfacet
  facet normal 0.999047 -0.0436434 0
    outer loop
      vertex 25.1705 -2.20213 2.4
      vertex 25.2667 0 0
      vertex 25.2667 0 2.4
    endloop
  endfacet
  facet normal 0.999047 -0.0436434 0
    outer loop
      vertex 25.2667 0 0
      vertex 25.1705 -2.20213 2.4
      vertex 25.1705 -2.20213 0
    endloop
  endfacet
  facet normal 0.999047 0.0436434 0
    outer loop
      vertex 25.2667 0 2.4
      vertex 25.1705 2.20213 0
      vertex 25.1705 2.20213 2.4
    endloop
  endfacet
  facet normal 0.999047 0.0436434 0
    outer loop
      vertex 25.1705 2.20213 0
      vertex 25.2667 0 2.4
      vertex 25.2667 0 0
    endloop
  endfacet
  facet normal 0.991445 0.130522 0
    outer loop
      vertex 25.1705 2.20213 2.4
      vertex 24.8828 4.3875 0
      vertex 24.8828 4.3875 2.4
    endloop
  endfacet
  facet normal 0.991445 0.130522 0
    outer loop
      vertex 24.8828 4.3875 0
      vertex 25.1705 2.20213 2.4
      vertex 25.1705 2.20213 0
    endloop
  endfacet
  facet normal 0.976295 0.216446 0
    outer loop
      vertex 24.8828 4.3875 2.4
      vertex 24.4057 6.53949 0
      vertex 24.4057 6.53949 2.4
    endloop
  endfacet
  facet normal 0.976295 0.216446 0
    outer loop
      vertex 24.4057 6.53949 0
      vertex 24.8828 4.3875 2.4
      vertex 24.8828 4.3875 0
    endloop
  endfacet
  facet normal 0.953721 0.300694 0
    outer loop
      vertex 24.4057 6.53949 2.4
      vertex 23.7429 8.64171 0
      vertex 23.7429 8.64171 2.4
    endloop
  endfacet
  facet normal 0.953721 0.300694 0
    outer loop
      vertex 23.7429 8.64171 0
      vertex 24.4057 6.53949 2.4
      vertex 24.4057 6.53949 0
    endloop
  endfacet
  facet normal 0.923871 0.382703 0
    outer loop
      vertex 23.7429 8.64171 2.4
      vertex 23.0143 10.4006 0
      vertex 23.0143 10.4006 2.4
    endloop
  endfacet
  facet normal 0.923871 0.382703 0
    outer loop
      vertex 23.0143 10.4006 0
      vertex 23.7429 8.64171 2.4
      vertex 23.7429 8.64171 0
    endloop
  endfacet
  facet normal 0.499995 -0.866028 0
    outer loop
      vertex 23.0143 10.4006 0
      vertex 33.4005 16.397 2.4
      vertex 23.0143 10.4006 2.4
    endloop
  endfacet
  facet normal 0.499995 -0.866028 0
    outer loop
      vertex 33.4005 16.397 2.4
      vertex 23.0143 10.4006 0
      vertex 33.4005 16.397 0
    endloop
  endfacet
  facet normal -0.886986 -0.461796 0
    outer loop
      vertex 33.7449 15.7355 0
      vertex 33.4005 16.397 2.4
      vertex 33.4005 16.397 0
    endloop
  endfacet
  facet normal -0.886986 -0.461796 0
    outer loop
      vertex 33.4005 16.397 2.4
      vertex 33.7449 15.7355 0
      vertex 33.7449 15.7355 2.4
    endloop
  endfacet
  facet normal -0.923886 -0.382669 0
    outer loop
      vertex 34.9879 12.7345 0
      vertex 33.7449 15.7355 2.4
      vertex 33.7449 15.7355 0
    endloop
  endfacet
  facet normal -0.923886 -0.382669 0
    outer loop
      vertex 33.7449 15.7355 2.4
      vertex 34.9879 12.7345 0
      vertex 34.9879 12.7345 2.4
    endloop
  endfacet
  facet normal -0.95372 -0.300696 0
    outer loop
      vertex 35.9646 9.63669 0
      vertex 34.9879 12.7345 2.4
      vertex 34.9879 12.7345 0
    endloop
  endfacet
  facet normal -0.95372 -0.300696 0
    outer loop
      vertex 34.9879 12.7345 2.4
      vertex 35.9646 9.63669 0
      vertex 35.9646 9.63669 2.4
    endloop
  endfacet
  facet normal -0.976292 -0.216458 0
    outer loop
      vertex 36.6677 6.4655 0
      vertex 35.9646 9.63669 2.4
      vertex 35.9646 9.63669 0
    endloop
  endfacet
  facet normal -0.976292 -0.216458 0
    outer loop
      vertex 35.9646 9.63669 2.4
      vertex 36.6677 6.4655 0
      vertex 36.6677 6.4655 2.4
    endloop
  endfacet
  facet normal -0.991448 -0.130503 0
    outer loop
      vertex 37.0916 3.24509 0
      vertex 36.6677 6.4655 2.4
      vertex 36.6677 6.4655 0
    endloop
  endfacet
  facet normal -0.991448 -0.130503 0
    outer loop
      vertex 36.6677 6.4655 2.4
      vertex 37.0916 3.24509 0
      vertex 37.0916 3.24509 2.4
    endloop
  endfacet
  facet normal -0.999048 -0.0436244 0
    outer loop
      vertex 37.2333 0 0
      vertex 37.0916 3.24509 2.4
      vertex 37.0916 3.24509 0
    endloop
  endfacet
  facet normal -0.999048 -0.0436244 0
    outer loop
      vertex 37.0916 3.24509 2.4
      vertex 37.2333 0 0
      vertex 37.2333 0 2.4
    endloop
  endfacet
  facet normal -0.999048 0.0436244 0
    outer loop
      vertex 37.0916 -3.24509 0
      vertex 37.2333 0 2.4
      vertex 37.2333 0 0
    endloop
  endfacet
  facet normal -0.999048 0.0436244 0
    outer loop
      vertex 37.2333 0 2.4
      vertex 37.0916 -3.24509 0
      vertex 37.0916 -3.24509 2.4
    endloop
  endfacet
  facet normal -0.991448 0.130503 0
    outer loop
      vertex 36.6677 -6.4655 0
      vertex 37.0916 -3.24509 2.4
      vertex 37.0916 -3.24509 0
    endloop
  endfacet
  facet normal -0.991448 0.130503 0
    outer loop
      vertex 37.0916 -3.24509 2.4
      vertex 36.6677 -6.4655 0
      vertex 36.6677 -6.4655 2.4
    endloop
  endfacet
  facet normal -0.976292 0.216458 0
    outer loop
      vertex 35.9646 -9.63669 0
      vertex 36.6677 -6.4655 2.4
      vertex 36.6677 -6.4655 0
    endloop
  endfacet
  facet normal -0.976292 0.216458 0
    outer loop
      vertex 36.6677 -6.4655 2.4
      vertex 35.9646 -9.63669 0
      vertex 35.9646 -9.63669 2.4
    endloop
  endfacet
  facet normal -0.95372 0.300696 0
    outer loop
      vertex 34.9879 -12.7345 0
      vertex 35.9646 -9.63669 2.4
      vertex 35.9646 -9.63669 0
    endloop
  endfacet
  facet normal -0.95372 0.300696 0
    outer loop
      vertex 35.9646 -9.63669 2.4
      vertex 34.9879 -12.7345 0
      vertex 34.9879 -12.7345 2.4
    endloop
  endfacet
  facet normal -0.923886 0.382669 0
    outer loop
      vertex 33.7449 -15.7355 0
      vertex 34.9879 -12.7345 2.4
      vertex 34.9879 -12.7345 0
    endloop
  endfacet
  facet normal -0.923886 0.382669 0
    outer loop
      vertex 34.9879 -12.7345 2.4
      vertex 33.7449 -15.7355 0
      vertex 33.7449 -15.7355 2.4
    endloop
  endfacet
  facet normal -0.886986 0.461796 0
    outer loop
      vertex 33.4005 -16.397 0
      vertex 33.7449 -15.7355 2.4
      vertex 33.7449 -15.7355 0
    endloop
  endfacet
  facet normal -0.886986 0.461796 0
    outer loop
      vertex 33.7449 -15.7355 2.4
      vertex 33.4005 -16.397 0
      vertex 33.4005 -16.397 2.4
    endloop
  endfacet
  facet normal 0.499995 0.866028 -0
    outer loop
      vertex 33.4005 -16.397 0
      vertex 23.0143 -10.4006 2.4
      vertex 33.4005 -16.397 2.4
    endloop
  endfacet
  facet normal 0.499995 0.866028 0
    outer loop
      vertex 23.0143 -10.4006 2.4
      vertex 33.4005 -16.397 0
      vertex 23.0143 -10.4006 0
    endloop
  endfacet
  facet normal 0.953719 0.3007 0
    outer loop
      vertex -21.6756 -7.88925 2.4
      vertex -22.2807 -5.97008 0
      vertex -22.2807 -5.97008 2.4
    endloop
  endfacet
  facet normal 0.953719 0.3007 0
    outer loop
      vertex -22.2807 -5.97008 0
      vertex -21.6756 -7.88925 2.4
      vertex -21.6756 -7.88925 0
    endloop
  endfacet
  facet normal 0.9763 0.21642 0
    outer loop
      vertex -22.2807 -5.97008 2.4
      vertex -22.7162 -4.00548 0
      vertex -22.7162 -4.00548 2.4
    endloop
  endfacet
  facet normal 0.9763 0.21642 0
    outer loop
      vertex -22.7162 -4.00548 0
      vertex -22.2807 -5.97008 2.4
      vertex -22.2807 -5.97008 0
    endloop
  endfacet
  facet normal 0.991442 0.130546 0
    outer loop
      vertex -22.7162 -4.00548 2.4
      vertex -22.9789 -2.01039 0
      vertex -22.9789 -2.01039 2.4
    endloop
  endfacet
  facet normal 0.991442 0.130546 0
    outer loop
      vertex -22.9789 -2.01039 0
      vertex -22.7162 -4.00548 2.4
      vertex -22.7162 -4.00548 0
    endloop
  endfacet
  facet normal 0.999048 0.0436315 0
    outer loop
      vertex -22.9789 -2.01039 2.4
      vertex -23.0667 0 0
      vertex -23.0667 0 2.4
    endloop
  endfacet
  facet normal 0.999048 0.0436315 0
    outer loop
      vertex -23.0667 0 0
      vertex -22.9789 -2.01039 2.4
      vertex -22.9789 -2.01039 0
    endloop
  endfacet
  facet normal 0.999048 -0.0436315 0
    outer loop
      vertex -23.0667 0 2.4
      vertex -22.9789 2.01039 0
      vertex -22.9789 2.01039 2.4
    endloop
  endfacet
  facet normal 0.999048 -0.0436315 0
    outer loop
      vertex -22.9789 2.01039 0
      vertex -23.0667 0 2.4
      vertex -23.0667 0 0
    endloop
  endfacet
  facet normal 0.991442 -0.130546 0
    outer loop
      vertex -22.9789 2.01039 2.4
      vertex -22.7162 4.00548 0
      vertex -22.7162 4.00548 2.4
    endloop
  endfacet
  facet normal 0.991442 -0.130546 0
    outer loop
      vertex -22.7162 4.00548 0
      vertex -22.9789 2.01039 2.4
      vertex -22.9789 2.01039 0
    endloop
  endfacet
  facet normal 0.9763 -0.21642 0
    outer loop
      vertex -22.7162 4.00548 2.4
      vertex -22.2807 5.97008 0
      vertex -22.2807 5.97008 2.4
    endloop
  endfacet
  facet normal 0.9763 -0.21642 0
    outer loop
      vertex -22.2807 5.97008 0
      vertex -22.7162 4.00548 2.4
      vertex -22.7162 4.00548 0
    endloop
  endfacet
  facet normal 0.953719 -0.3007 0
    outer loop
      vertex -22.2807 5.97008 2.4
      vertex -21.6756 7.88925 0
      vertex -21.6756 7.88925 2.4
    endloop
  endfacet
  facet normal 0.953719 -0.3007 0
    outer loop
      vertex -21.6756 7.88925 0
      vertex -22.2807 5.97008 2.4
      vertex -22.2807 5.97008 0
    endloop
  endfacet
  facet normal 0.923879 -0.382686 0
    outer loop
      vertex -21.6756 7.88925 2.4
      vertex -21.0945 9.29214 0
      vertex -21.0945 9.29214 2.4
    endloop
  endfacet
  facet normal 0.923879 -0.382686 0
    outer loop
      vertex -21.0945 9.29214 0
      vertex -21.6756 7.88925 2.4
      vertex -21.6756 7.88925 0
    endloop
  endfacet
  facet normal -0.499998 -0.866027 0
    outer loop
      vertex -21.0945 9.29214 0
      vertex -9.63208 2.67435 2.4
      vertex -21.0945 9.29214 2.4
    endloop
  endfacet
  facet normal -0.499998 -0.866027 -0
    outer loop
      vertex -9.63208 2.67435 2.4
      vertex -21.0945 9.29214 0
      vertex -9.63208 2.67435 0
    endloop
  endfacet
  facet normal -0.953683 0.300814 0
    outer loop
      vertex -9.65926 2.58818 0
      vertex -9.63208 2.67435 2.4
      vertex -9.63208 2.67435 0
    endloop
  endfacet
  facet normal -0.953683 0.300814 0
    outer loop
      vertex -9.63208 2.67435 2.4
      vertex -9.65926 2.58818 0
      vertex -9.65926 2.58818 2.4
    endloop
  endfacet
  facet normal -0.976298 0.216432 0
    outer loop
      vertex -9.84807 1.73648 0
      vertex -9.65926 2.58818 2.4
      vertex -9.65926 2.58818 0
    endloop
  endfacet
  facet normal -0.976298 0.216432 0
    outer loop
      vertex -9.65926 2.58818 2.4
      vertex -9.84807 1.73648 0
      vertex -9.84807 1.73648 2.4
    endloop
  endfacet
  facet normal -0.991445 0.130526 0
    outer loop
      vertex -9.96194 0.871552 0
      vertex -9.84807 1.73648 2.4
      vertex -9.84807 1.73648 0
    endloop
  endfacet
  facet normal -0.991445 0.130526 0
    outer loop
      vertex -9.84807 1.73648 2.4
      vertex -9.96194 0.871552 0
      vertex -9.96194 0.871552 2.4
    endloop
  endfacet
  facet normal -0.999048 0.0436276 0
    outer loop
      vertex -10 0 0
      vertex -9.96194 0.871552 2.4
      vertex -9.96194 0.871552 0
    endloop
  endfacet
  facet normal -0.999048 0.0436276 0
    outer loop
      vertex -9.96194 0.871552 2.4
      vertex -10 0 0
      vertex -10 0 2.4
    endloop
  endfacet
  facet normal -0.999048 -0.0436276 0
    outer loop
      vertex -9.96194 -0.871552 0
      vertex -10 0 2.4
      vertex -10 0 0
    endloop
  endfacet
  facet normal -0.999048 -0.0436276 0
    outer loop
      vertex -10 0 2.4
      vertex -9.96194 -0.871552 0
      vertex -9.96194 -0.871552 2.4
    endloop
  endfacet
  facet normal -0.991445 -0.130526 0
    outer loop
      vertex -9.84807 -1.73648 0
      vertex -9.96194 -0.871552 2.4
      vertex -9.96194 -0.871552 0
    endloop
  endfacet
  facet normal -0.991445 -0.130526 0
    outer loop
      vertex -9.96194 -0.871552 2.4
      vertex -9.84807 -1.73648 0
      vertex -9.84807 -1.73648 2.4
    endloop
  endfacet
  facet normal -0.976298 -0.216432 0
    outer loop
      vertex -9.65926 -2.58818 0
      vertex -9.84807 -1.73648 2.4
      vertex -9.84807 -1.73648 0
    endloop
  endfacet
  facet normal -0.976298 -0.216432 0
    outer loop
      vertex -9.84807 -1.73648 2.4
      vertex -9.65926 -2.58818 0
      vertex -9.65926 -2.58818 2.4
    endloop
  endfacet
  facet normal -0.953683 -0.300814 0
    outer loop
      vertex -9.63208 -2.67435 0
      vertex -9.65926 -2.58818 2.4
      vertex -9.65926 -2.58818 0
    endloop
  endfacet
  facet normal -0.953683 -0.300814 0
    outer loop
      vertex -9.65926 -2.58818 2.4
      vertex -9.63208 -2.67435 0
      vertex -9.63208 -2.67435 2.4
    endloop
  endfacet
  facet normal -0.499998 0.866027 0
    outer loop
      vertex -9.63208 -2.67435 0
      vertex -21.0945 -9.29214 2.4
      vertex -9.63208 -2.67435 2.4
    endloop
  endfacet
  facet normal -0.499998 0.866027 0
    outer loop
      vertex -21.0945 -9.29214 2.4
      vertex -9.63208 -2.67435 0
      vertex -21.0945 -9.29214 0
    endloop
  endfacet
  facet normal 0.923879 0.382686 0
    outer loop
      vertex -21.0945 -9.29214 2.4
      vertex -21.6756 -7.88925 0
      vertex -21.6756 -7.88925 2.4
    endloop
  endfacet
  facet normal 0.923879 0.382686 0
    outer loop
      vertex -21.6756 -7.88925 0
      vertex -21.0945 -9.29214 2.4
      vertex -21.0945 -9.29214 0
    endloop
  endfacet
  facet normal 0.953683 -0.300814 0
    outer loop
      vertex 9.63208 -2.67435 2.4
      vertex 9.65926 -2.58818 0
      vertex 9.65926 -2.58818 2.4
    endloop
  endfacet
  facet normal 0.953683 -0.300814 0
    outer loop
      vertex 9.65926 -2.58818 0
      vertex 9.63208 -2.67435 2.4
      vertex 9.63208 -2.67435 0
    endloop
  endfacet
  facet normal 0.976298 -0.216432 0
    outer loop
      vertex 9.65926 -2.58818 2.4
      vertex 9.84807 -1.73648 0
      vertex 9.84807 -1.73648 2.4
    endloop
  endfacet
  facet normal 0.976298 -0.216432 0
    outer loop
      vertex 9.84807 -1.73648 0
      vertex 9.65926 -2.58818 2.4
      vertex 9.65926 -2.58818 0
    endloop
  endfacet
  facet normal 0.991445 -0.130526 0
    outer loop
      vertex 9.84807 -1.73648 2.4
      vertex 9.96194 -0.871552 0
      vertex 9.96194 -0.871552 2.4
    endloop
  endfacet
  facet normal 0.991445 -0.130526 0
    outer loop
      vertex 9.96194 -0.871552 0
      vertex 9.84807 -1.73648 2.4
      vertex 9.84807 -1.73648 0
    endloop
  endfacet
  facet normal 0.999048 -0.0436276 0
    outer loop
      vertex 9.96194 -0.871552 2.4
      vertex 10 0 0
      vertex 10 0 2.4
    endloop
  endfacet
  facet normal 0.999048 -0.0436276 0
    outer loop
      vertex 10 0 0
      vertex 9.96194 -0.871552 2.4
      vertex 9.96194 -0.871552 0
    endloop
  endfacet
  facet normal 0.999048 0.0436276 0
    outer loop
      vertex 10 0 2.4
      vertex 9.96194 0.871552 0
      vertex 9.96194 0.871552 2.4
    endloop
  endfacet
  facet normal 0.999048 0.0436276 0
    outer loop
      vertex 9.96194 0.871552 0
      vertex 10 0 2.4
      vertex 10 0 0
    endloop
  endfacet
  facet normal 0.991445 0.130526 0
    outer loop
      vertex 9.96194 0.871552 2.4
      vertex 9.84807 1.73648 0
      vertex 9.84807 1.73648 2.4
    endloop
  endfacet
  facet normal 0.991445 0.130526 0
    outer loop
      vertex 9.84807 1.73648 0
      vertex 9.96194 0.871552 2.4
      vertex 9.96194 0.871552 0
    endloop
  endfacet
  facet normal 0.976298 0.216432 0
    outer loop
      vertex 9.84807 1.73648 2.4
      vertex 9.65926 2.58818 0
      vertex 9.65926 2.58818 2.4
    endloop
  endfacet
  facet normal 0.976298 0.216432 0
    outer loop
      vertex 9.65926 2.58818 0
      vertex 9.84807 1.73648 2.4
      vertex 9.84807 1.73648 0
    endloop
  endfacet
  facet normal 0.953683 0.300814 0
    outer loop
      vertex 9.65926 2.58818 2.4
      vertex 9.63208 2.67435 0
      vertex 9.63208 2.67435 2.4
    endloop
  endfacet
  facet normal 0.953683 0.300814 0
    outer loop
      vertex 9.63208 2.67435 0
      vertex 9.65926 2.58818 2.4
      vertex 9.65926 2.58818 0
    endloop
  endfacet
  facet normal 0.499998 -0.866027 0
    outer loop
      vertex 9.63208 2.67435 0
      vertex 21.0945 9.29214 2.4
      vertex 9.63208 2.67435 2.4
    endloop
  endfacet
  facet normal 0.499998 -0.866027 0
    outer loop
      vertex 21.0945 9.29214 2.4
      vertex 9.63208 2.67435 0
      vertex 21.0945 9.29214 0
    endloop
  endfacet
  facet normal -0.923879 -0.382686 0
    outer loop
      vertex 21.6756 7.88925 0
      vertex 21.0945 9.29214 2.4
      vertex 21.0945 9.29214 0
    endloop
  endfacet
  facet normal -0.923879 -0.382686 0
    outer loop
      vertex 21.0945 9.29214 2.4
      vertex 21.6756 7.88925 0
      vertex 21.6756 7.88925 2.4
    endloop
  endfacet
  facet normal -0.953719 -0.3007 0
    outer loop
      vertex 22.2807 5.97008 0
      vertex 21.6756 7.88925 2.4
      vertex 21.6756 7.88925 0
    endloop
  endfacet
  facet normal -0.953719 -0.3007 0
    outer loop
      vertex 21.6756 7.88925 2.4
      vertex 22.2807 5.97008 0
      vertex 22.2807 5.97008 2.4
    endloop
  endfacet
  facet normal -0.9763 -0.21642 0
    outer loop
      vertex 22.7162 4.00548 0
      vertex 22.2807 5.97008 2.4
      vertex 22.2807 5.97008 0
    endloop
  endfacet
  facet normal -0.9763 -0.21642 0
    outer loop
      vertex 22.2807 5.97008 2.4
      vertex 22.7162 4.00548 0
      vertex 22.7162 4.00548 2.4
    endloop
  endfacet
  facet normal -0.991442 -0.130546 0
    outer loop
      vertex 22.9789 2.01039 0
      vertex 22.7162 4.00548 2.4
      vertex 22.7162 4.00548 0
    endloop
  endfacet
  facet normal -0.991442 -0.130546 0
    outer loop
      vertex 22.7162 4.00548 2.4
      vertex 22.9789 2.01039 0
      vertex 22.9789 2.01039 2.4
    endloop
  endfacet
  facet normal -0.999048 -0.0436315 0
    outer loop
      vertex 23.0667 0 0
      vertex 22.9789 2.01039 2.4
      vertex 22.9789 2.01039 0
    endloop
  endfacet
  facet normal -0.999048 -0.0436315 0
    outer loop
      vertex 22.9789 2.01039 2.4
      vertex 23.0667 0 0
      vertex 23.0667 0 2.4
    endloop
  endfacet
  facet normal -0.999048 0.0436315 0
    outer loop
      vertex 22.9789 -2.01039 0
      vertex 23.0667 0 2.4
      vertex 23.0667 0 0
    endloop
  endfacet
  facet normal -0.999048 0.0436315 0
    outer loop
      vertex 23.0667 0 2.4
      vertex 22.9789 -2.01039 0
      vertex 22.9789 -2.01039 2.4
    endloop
  endfacet
  facet normal -0.991442 0.130546 0
    outer loop
      vertex 22.7162 -4.00548 0
      vertex 22.9789 -2.01039 2.4
      vertex 22.9789 -2.01039 0
    endloop
  endfacet
  facet normal -0.991442 0.130546 0
    outer loop
      vertex 22.9789 -2.01039 2.4
      vertex 22.7162 -4.00548 0
      vertex 22.7162 -4.00548 2.4
    endloop
  endfacet
  facet normal -0.9763 0.21642 0
    outer loop
      vertex 22.2807 -5.97008 0
      vertex 22.7162 -4.00548 2.4
      vertex 22.7162 -4.00548 0
    endloop
  endfacet
  facet normal -0.9763 0.21642 0
    outer loop
      vertex 22.7162 -4.00548 2.4
      vertex 22.2807 -5.97008 0
      vertex 22.2807 -5.97008 2.4
    endloop
  endfacet
  facet normal -0.953719 0.3007 0
    outer loop
      vertex 21.6756 -7.88925 0
      vertex 22.2807 -5.97008 2.4
      vertex 22.2807 -5.97008 0
    endloop
  endfacet
  facet normal -0.953719 0.3007 0
    outer loop
      vertex 22.2807 -5.97008 2.4
      vertex 21.6756 -7.88925 0
      vertex 21.6756 -7.88925 2.4
    endloop
  endfacet
  facet normal -0.923879 0.382686 0
    outer loop
      vertex 21.0945 -9.29214 0
      vertex 21.6756 -7.88925 2.4
      vertex 21.6756 -7.88925 0
    endloop
  endfacet
  facet normal -0.923879 0.382686 0
    outer loop
      vertex 21.6756 -7.88925 2.4
      vertex 21.0945 -9.29214 0
      vertex 21.0945 -9.29214 2.4
    endloop
  endfacet
  facet normal 0.499998 0.866027 -0
    outer loop
      vertex 21.0945 -9.29214 0
      vertex 9.63208 -2.67435 2.4
      vertex 21.0945 -9.29214 2.4
    endloop
  endfacet
  facet normal 0.499998 0.866027 0
    outer loop
      vertex 9.63208 -2.67435 2.4
      vertex 21.0945 -9.29214 0
      vertex 9.63208 -2.67435 0
    endloop
  endfacet
  facet normal 0.21642 0.9763 -0
    outer loop
      vertex -4.00548 -22.7162 0
      vertex -5.97008 -22.2807 2.4
      vertex -4.00548 -22.7162 2.4
    endloop
  endfacet
  facet normal 0.21642 0.9763 0
    outer loop
      vertex -5.97008 -22.2807 2.4
      vertex -4.00548 -22.7162 0
      vertex -5.97008 -22.2807 0
    endloop
  endfacet
  facet normal 0.3007 0.953719 -0
    outer loop
      vertex -5.97008 -22.2807 0
      vertex -7.88925 -21.6756 2.4
      vertex -5.97008 -22.2807 2.4
    endloop
  endfacet
  facet normal 0.3007 0.953719 0
    outer loop
      vertex -7.88925 -21.6756 2.4
      vertex -5.97008 -22.2807 0
      vertex -7.88925 -21.6756 0
    endloop
  endfacet
  facet normal 0.382693 0.923875 -0
    outer loop
      vertex -7.88925 -21.6756 0
      vertex -9.74838 -20.9055 2.4
      vertex -7.88925 -21.6756 2.4
    endloop
  endfacet
  facet normal 0.382693 0.923875 0
    outer loop
      vertex -9.74838 -20.9055 2.4
      vertex -7.88925 -21.6756 0
      vertex -9.74838 -20.9055 0
    endloop
  endfacet
  facet normal 0.46176 0.887005 -0
    outer loop
      vertex -9.74838 -20.9055 0
      vertex -11.5333 -19.9763 2.4
      vertex -9.74838 -20.9055 2.4
    endloop
  endfacet
  facet normal 0.46176 0.887005 0
    outer loop
      vertex -11.5333 -19.9763 2.4
      vertex -9.74838 -20.9055 0
      vertex -11.5333 -19.9763 0
    endloop
  endfacet
  facet normal 0.537287 0.843399 -0
    outer loop
      vertex -11.5333 -19.9763 0
      vertex -13.2305 -18.8951 2.4
      vertex -11.5333 -19.9763 2.4
    endloop
  endfacet
  facet normal 0.537287 0.843399 0
    outer loop
      vertex -13.2305 -18.8951 2.4
      vertex -11.5333 -19.9763 0
      vertex -13.2305 -18.8951 0
    endloop
  endfacet
  facet normal 0.608759 0.793355 0
    outer loop
      vertex -13.2305 -18.8951 2.4
      vertex -13.6418 -18.5795 2.3
      vertex -13.6418 -18.5795 2.4
    endloop
  endfacet
  facet normal 0.608759 0.793355 -0
    outer loop
      vertex -13.2305 -18.8951 0
      vertex -13.6418 -18.5795 2.3
      vertex -13.2305 -18.8951 2.4
    endloop
  endfacet
  facet normal 0.60875 0.793362 -2.78718e-06
    outer loop
      vertex -14.827 -17.6701 0
      vertex -13.6418 -18.5795 2.3
      vertex -13.2305 -18.8951 0
    endloop
  endfacet
  facet normal 0.608746 0.793365 0
    outer loop
      vertex -13.6418 -18.5795 2.3
      vertex -14.827 -17.6701 0
      vertex -14.827 -17.6701 2.3
    endloop
  endfacet
  facet normal 0.675573 0.737293 0
    outer loop
      vertex -14.827 -17.6701 2.3
      vertex -14.827 -17.6701 0
      vertex -15.3777 -17.1655 2.3
    endloop
  endfacet
  facet normal 0.675614 0.737256 -0
    outer loop
      vertex -15.3777 -17.1655 2.3
      vertex -16.3106 -16.3106 2.4
      vertex -15.3777 -17.1655 2.4
    endloop
  endfacet
  facet normal 0.675599 0.73727 1.12548e-05
    outer loop
      vertex -16.3106 -16.3106 0
      vertex -15.3777 -17.1655 2.3
      vertex -14.827 -17.6701 0
    endloop
  endfacet
  facet normal 0.675614 0.737256 0
    outer loop
      vertex -15.3777 -17.1655 2.3
      vertex -16.3106 -16.3106 0
      vertex -16.3106 -16.3106 2.4
    endloop
  endfacet
  facet normal 0.737301 0.675564 0
    outer loop
      vertex -17.1674 -15.3755 2.4
      vertex -16.3106 -16.3106 2.4
      vertex -17.1674 -15.3755 2.3
    endloop
  endfacet
  facet normal 0.737216 0.675658 0
    outer loop
      vertex -17.1674 -15.3755 2.3
      vertex -17.6701 -14.827 0
      vertex -17.6701 -14.827 2.3
    endloop
  endfacet
  facet normal 0.737301 0.675564 -0
    outer loop
      vertex -16.3106 -16.3106 0
      vertex -17.1674 -15.3755 2.3
      vertex -16.3106 -16.3106 2.4
    endloop
  endfacet
  facet normal 0.73727 0.675599 -2.59212e-05
    outer loop
      vertex -17.1674 -15.3755 2.3
      vertex -16.3106 -16.3106 0
      vertex -17.6701 -14.827 0
    endloop
  endfacet
  facet normal 0.791028 0.61178 -0
    outer loop
      vertex -18.5788 -13.6426 2.3
      vertex -18.5945 -13.6223 2.4
      vertex -18.5788 -13.6426 2.4
    endloop
  endfacet
  facet normal 0.791028 0.61178 0
    outer loop
      vertex -18.5945 -13.6223 2.4
      vertex -18.5788 -13.6426 2.3
      vertex -18.5945 -13.6223 0
    endloop
  endfacet
  facet normal 0.793393 0.60871 -4.32415e-05
    outer loop
      vertex -17.6701 -14.827 2.3
      vertex -18.5945 -13.6223 0
      vertex -18.5788 -13.6426 2.3
    endloop
  endfacet
  facet normal 0.793353 0.608762 0
    outer loop
      vertex -18.5945 -13.6223 0
      vertex -17.6701 -14.827 2.3
      vertex -17.6701 -14.827 0
    endloop
  endfacet
  facet normal 0.500013 -0.866018 0
    outer loop
      vertex -18.5945 -13.6223 2.4
      vertex -18.5344 -13.5876 2.3
      vertex -18.5344 -13.5876 2.4
    endloop
  endfacet
  facet normal 0.499997 -0.866027 5.68369e-07
    outer loop
      vertex -18.5344 -13.5876 2.3
      vertex -18.5945 -13.6223 0
      vertex -16.8517 -12.6161 2.3
    endloop
  endfacet
  facet normal 0.500013 -0.866018 0
    outer loop
      vertex -18.5945 -13.6223 0
      vertex -18.5344 -13.5876 2.3
      vertex -18.5945 -13.6223 2.4
    endloop
  endfacet
  facet normal 0.500001 -0.866025 0
    outer loop
      vertex -16.8517 -12.6161 2.3
      vertex -7.13208 -7.00446 2.4
      vertex -16.8517 -12.6161 2.4
    endloop
  endfacet
  facet normal 0.5 -0.866025 -2.77734e-06
    outer loop
      vertex -7.13208 -7.00446 0
      vertex -16.8517 -12.6161 2.3
      vertex -18.5945 -13.6223 0
    endloop
  endfacet
  facet normal 0.500001 -0.866025 0
    outer loop
      vertex -16.8517 -12.6161 2.3
      vertex -7.13208 -7.00446 0
      vertex -7.13208 -7.00446 2.4
    endloop
  endfacet
  facet normal -0.73732 -0.675544 0
    outer loop
      vertex -7.07106 -7.07106 0
      vertex -7.13208 -7.00446 2.4
      vertex -7.13208 -7.00446 0
    endloop
  endfacet
  facet normal -0.73732 -0.675544 0
    outer loop
      vertex -7.13208 -7.00446 2.4
      vertex -7.07106 -7.07106 0
      vertex -7.07106 -7.07106 2.4
    endloop
  endfacet
  facet normal -0.675587 -0.73728 0
    outer loop
      vertex -7.07106 -7.07106 0
      vertex -6.42787 -7.66043 2.4
      vertex -7.07106 -7.07106 2.4
    endloop
  endfacet
  facet normal -0.675587 -0.73728 -0
    outer loop
      vertex -6.42787 -7.66043 2.4
      vertex -7.07106 -7.07106 0
      vertex -6.42787 -7.66043 0
    endloop
  endfacet
  facet normal -0.608765 -0.79335 0
    outer loop
      vertex -6.42787 -7.66043 0
      vertex -5.73576 -8.19151 2.4
      vertex -6.42787 -7.66043 2.4
    endloop
  endfacet
  facet normal -0.608765 -0.79335 -0
    outer loop
      vertex -5.73576 -8.19151 2.4
      vertex -6.42787 -7.66043 0
      vertex -5.73576 -8.19151 0
    endloop
  endfacet
  facet normal -0.537307 -0.843387 0
    outer loop
      vertex -5.73576 -8.19151 0
      vertex -5 -8.66025 2.4
      vertex -5.73576 -8.19151 2.4
    endloop
  endfacet
  facet normal -0.537307 -0.843387 -0
    outer loop
      vertex -5 -8.66025 2.4
      vertex -5.73576 -8.19151 0
      vertex -5 -8.66025 0
    endloop
  endfacet
  facet normal -0.461735 -0.887018 0
    outer loop
      vertex -5 -8.66025 0
      vertex -4.22618 -9.06306 2.4
      vertex -5 -8.66025 2.4
    endloop
  endfacet
  facet normal -0.461735 -0.887018 -0
    outer loop
      vertex -4.22618 -9.06306 2.4
      vertex -5 -8.66025 0
      vertex -4.22618 -9.06306 0
    endloop
  endfacet
  facet normal -0.382686 -0.923879 0
    outer loop
      vertex -4.22618 -9.06306 0
      vertex -3.4202 -9.39691 2.4
      vertex -4.22618 -9.06306 2.4
    endloop
  endfacet
  facet normal -0.382686 -0.923879 -0
    outer loop
      vertex -3.4202 -9.39691 2.4
      vertex -4.22618 -9.06306 0
      vertex -3.4202 -9.39691 0
    endloop
  endfacet
  facet normal -0.300722 -0.953712 0
    outer loop
      vertex -3.4202 -9.39691 0
      vertex -2.58818 -9.65926 2.4
      vertex -3.4202 -9.39691 2.4
    endloop
  endfacet
  facet normal -0.300722 -0.953712 -0
    outer loop
      vertex -2.58818 -9.65926 2.4
      vertex -3.4202 -9.39691 0
      vertex -2.58818 -9.65926 0
    endloop
  endfacet
  facet normal -0.216344 -0.976317 0
    outer loop
      vertex -2.58818 -9.65926 0
      vertex -2.5 -9.6788 2.4
      vertex -2.58818 -9.65926 2.4
    endloop
  endfacet
  facet normal -0.216344 -0.976317 -0
    outer loop
      vertex -2.5 -9.6788 2.4
      vertex -2.58818 -9.65926 0
      vertex -2.5 -9.6788 0
    endloop
  endfacet
  facet normal -1 0 0
    outer loop
      vertex -2.5 -22.9144 0
      vertex -2.5 -9.6788 2.4
      vertex -2.5 -9.6788 0
    endloop
  endfacet
  facet normal -1 -0 0
    outer loop
      vertex -2.5 -9.6788 2.4
      vertex -2.5 -22.9144 0
      vertex -2.5 -22.9144 2.4
    endloop
  endfacet
  facet normal 0.130526 0.991445 -0
    outer loop
      vertex -2.5 -22.9144 0
      vertex -4.00548 -22.7162 2.4
      vertex -2.5 -22.9144 2.4
    endloop
  endfacet
  facet normal 0.130526 0.991445 0
    outer loop
      vertex -4.00548 -22.7162 2.4
      vertex -2.5 -22.9144 0
      vertex -4.00548 -22.7162 0
    endloop
  endfacet
  facet normal 0.216344 -0.976317 0
    outer loop
      vertex 2.5 -9.6788 0
      vertex 2.58818 -9.65926 2.4
      vertex 2.5 -9.6788 2.4
    endloop
  endfacet
  facet normal 0.216344 -0.976317 0
    outer loop
      vertex 2.58818 -9.65926 2.4
      vertex 2.5 -9.6788 0
      vertex 2.58818 -9.65926 0
    endloop
  endfacet
  facet normal 0.300722 -0.953712 0
    outer loop
      vertex 2.58818 -9.65926 0
      vertex 3.4202 -9.39691 2.4
      vertex 2.58818 -9.65926 2.4
    endloop
  endfacet
  facet normal 0.300722 -0.953712 0
    outer loop
      vertex 3.4202 -9.39691 2.4
      vertex 2.58818 -9.65926 0
      vertex 3.4202 -9.39691 0
    endloop
  endfacet
  facet normal 0.382686 -0.923879 0
    outer loop
      vertex 3.4202 -9.39691 0
      vertex 4.22618 -9.06306 2.4
      vertex 3.4202 -9.39691 2.4
    endloop
  endfacet
  facet normal 0.382686 -0.923879 0
    outer loop
      vertex 4.22618 -9.06306 2.4
      vertex 3.4202 -9.39691 0
      vertex 4.22618 -9.06306 0
    endloop
  endfacet
  facet normal 0.461735 -0.887018 0
    outer loop
      vertex 4.22618 -9.06306 0
      vertex 5 -8.66025 2.4
      vertex 4.22618 -9.06306 2.4
    endloop
  endfacet
  facet normal 0.461735 -0.887018 0
    outer loop
      vertex 5 -8.66025 2.4
      vertex 4.22618 -9.06306 0
      vertex 5 -8.66025 0
    endloop
  endfacet
  facet normal 0.537307 -0.843387 0
    outer loop
      vertex 5 -8.66025 0
      vertex 5.73576 -8.19151 2.4
      vertex 5 -8.66025 2.4
    endloop
  endfacet
  facet normal 0.537307 -0.843387 0
    outer loop
      vertex 5.73576 -8.19151 2.4
      vertex 5 -8.66025 0
      vertex 5.73576 -8.19151 0
    endloop
  endfacet
  facet normal 0.608765 -0.79335 0
    outer loop
      vertex 5.73576 -8.19151 0
      vertex 6.42787 -7.66043 2.4
      vertex 5.73576 -8.19151 2.4
    endloop
  endfacet
  facet normal 0.608765 -0.79335 0
    outer loop
      vertex 6.42787 -7.66043 2.4
      vertex 5.73576 -8.19151 0
      vertex 6.42787 -7.66043 0
    endloop
  endfacet
  facet normal 0.675587 -0.73728 0
    outer loop
      vertex 6.42787 -7.66043 0
      vertex 7.07106 -7.07106 2.4
      vertex 6.42787 -7.66043 2.4
    endloop
  endfacet
  facet normal 0.675587 -0.73728 0
    outer loop
      vertex 7.07106 -7.07106 2.4
      vertex 6.42787 -7.66043 0
      vertex 7.07106 -7.07106 0
    endloop
  endfacet
  facet normal 0.73732 -0.675544 0
    outer loop
      vertex 7.07106 -7.07106 2.4
      vertex 7.13208 -7.00446 0
      vertex 7.13208 -7.00446 2.4
    endloop
  endfacet
  facet normal 0.73732 -0.675544 0
    outer loop
      vertex 7.13208 -7.00446 0
      vertex 7.07106 -7.07106 2.4
      vertex 7.07106 -7.07106 0
    endloop
  endfacet
  facet normal -0.499999 -0.866026 0
    outer loop
      vertex 7.13208 -7.00446 2.4
      vertex 16.8424 -12.6107 2.3
      vertex 16.8424 -12.6107 2.4
    endloop
  endfacet
  facet normal -0.5 -0.866025 8.75789e-06
    outer loop
      vertex 18.5945 -13.6223 0
      vertex 16.8424 -12.6107 2.3
      vertex 7.13208 -7.00446 0
    endloop
  endfacet
  facet normal -0.499999 -0.866026 0
    outer loop
      vertex 7.13208 -7.00446 0
      vertex 16.8424 -12.6107 2.3
      vertex 7.13208 -7.00446 2.4
    endloop
  endfacet
  facet normal -0.499827 -0.866125 0
    outer loop
      vertex 18.4985 -13.5669 2.3
      vertex 18.5945 -13.6223 2.4
      vertex 18.4985 -13.5669 2.4
    endloop
  endfacet
  facet normal -0.499827 -0.866125 0
    outer loop
      vertex 18.4985 -13.5669 2.3
      vertex 18.5945 -13.6223 0
      vertex 18.5945 -13.6223 2.4
    endloop
  endfacet
  facet normal -0.50002 -0.866014 -1.07449e-05
    outer loop
      vertex 16.8424 -12.6107 2.3
      vertex 18.5945 -13.6223 0
      vertex 18.4985 -13.5669 2.3
    endloop
  endfacet
  facet normal -0.792268 0.610174 0
    outer loop
      vertex 18.5945 -13.6223 0
      vertex 18.5754 -13.6471 2.3
      vertex 18.5945 -13.6223 2.4
    endloop
  endfacet
  facet normal -0.793353 0.608762 -2.42374e-05
    outer loop
      vertex 17.6701 -14.827 0
      vertex 18.5754 -13.6471 2.3
      vertex 18.5945 -13.6223 0
    endloop
  endfacet
  facet normal -0.793376 0.608732 0
    outer loop
      vertex 18.5754 -13.6471 2.3
      vertex 17.6701 -14.827 0
      vertex 17.6701 -14.827 2.3
    endloop
  endfacet
  facet normal -0.792268 0.610174 0
    outer loop
      vertex 18.5945 -13.6223 2.4
      vertex 18.5754 -13.6471 2.3
      vertex 18.5754 -13.6471 2.4
    endloop
  endfacet
  facet normal -0.737256 0.675614 0
    outer loop
      vertex 17.6701 -14.827 0
      vertex 17.1736 -15.3688 2.3
      vertex 17.6701 -14.827 2.3
    endloop
  endfacet
  facet normal -0.73727 0.675599 -6.54673e-06
    outer loop
      vertex 16.3106 -16.3106 0
      vertex 17.1736 -15.3688 2.3
      vertex 17.6701 -14.827 0
    endloop
  endfacet
  facet normal -0.737278 0.67559 0
    outer loop
      vertex 16.3106 -16.3106 2.4
      vertex 17.1736 -15.3688 2.3
      vertex 16.3106 -16.3106 0
    endloop
  endfacet
  facet normal -0.737278 0.67559 0
    outer loop
      vertex 17.1736 -15.3688 2.3
      vertex 16.3106 -16.3106 2.4
      vertex 17.1736 -15.3688 2.4
    endloop
  endfacet
  facet normal -0.675573 0.737293 0
    outer loop
      vertex 16.3106 -16.3106 2.4
      vertex 15.3609 -17.1808 2.3
      vertex 15.3609 -17.1808 2.4
    endloop
  endfacet
  facet normal -0.675573 0.737293 0
    outer loop
      vertex 16.3106 -16.3106 0
      vertex 15.3609 -17.1808 2.3
      vertex 16.3106 -16.3106 2.4
    endloop
  endfacet
  facet normal -0.675599 0.73727 -1.91065e-05
    outer loop
      vertex 14.827 -17.6701 0
      vertex 15.3609 -17.1808 2.3
      vertex 16.3106 -16.3106 0
    endloop
  endfacet
  facet normal -0.675643 0.737229 0
    outer loop
      vertex 15.3609 -17.1808 2.3
      vertex 14.827 -17.6701 0
      vertex 14.827 -17.6701 2.3
    endloop
  endfacet
  facet normal -0.608745 0.793366 0
    outer loop
      vertex 14.827 -17.6701 2.3
      vertex 14.827 -17.6701 0
      vertex 13.6474 -18.5752 2.3
    endloop
  endfacet
  facet normal -0.608763 0.793352 0
    outer loop
      vertex 13.6474 -18.5752 2.3
      vertex 13.2305 -18.8951 2.4
      vertex 13.6474 -18.5752 2.4
    endloop
  endfacet
  facet normal -0.60875 0.793362 -3.85668e-06
    outer loop
      vertex 13.2305 -18.8951 0
      vertex 13.6474 -18.5752 2.3
      vertex 14.827 -17.6701 0
    endloop
  endfacet
  facet normal -0.608763 0.793352 0
    outer loop
      vertex 13.6474 -18.5752 2.3
      vertex 13.2305 -18.8951 0
      vertex 13.2305 -18.8951 2.4
    endloop
  endfacet
  facet normal -0.537287 0.843399 0
    outer loop
      vertex 13.2305 -18.8951 0
      vertex 11.5333 -19.9763 2.4
      vertex 13.2305 -18.8951 2.4
    endloop
  endfacet
  facet normal -0.537287 0.843399 0
    outer loop
      vertex 11.5333 -19.9763 2.4
      vertex 13.2305 -18.8951 0
      vertex 11.5333 -19.9763 0
    endloop
  endfacet
  facet normal -0.46176 0.887005 0
    outer loop
      vertex 11.5333 -19.9763 0
      vertex 9.74838 -20.9055 2.4
      vertex 11.5333 -19.9763 2.4
    endloop
  endfacet
  facet normal -0.46176 0.887005 0
    outer loop
      vertex 9.74838 -20.9055 2.4
      vertex 11.5333 -19.9763 0
      vertex 9.74838 -20.9055 0
    endloop
  endfacet
  facet normal -0.382693 0.923875 0
    outer loop
      vertex 9.74838 -20.9055 0
      vertex 7.88925 -21.6756 2.4
      vertex 9.74838 -20.9055 2.4
    endloop
  endfacet
  facet normal -0.382693 0.923875 0
    outer loop
      vertex 7.88925 -21.6756 2.4
      vertex 9.74838 -20.9055 0
      vertex 7.88925 -21.6756 0
    endloop
  endfacet
  facet normal -0.3007 0.953719 0
    outer loop
      vertex 7.88925 -21.6756 0
      vertex 5.97008 -22.2807 2.4
      vertex 7.88925 -21.6756 2.4
    endloop
  endfacet
  facet normal -0.3007 0.953719 0
    outer loop
      vertex 5.97008 -22.2807 2.4
      vertex 7.88925 -21.6756 0
      vertex 5.97008 -22.2807 0
    endloop
  endfacet
  facet normal -0.21642 0.9763 0
    outer loop
      vertex 5.97008 -22.2807 0
      vertex 4.00548 -22.7162 2.4
      vertex 5.97008 -22.2807 2.4
    endloop
  endfacet
  facet normal -0.21642 0.9763 0
    outer loop
      vertex 4.00548 -22.7162 2.4
      vertex 5.97008 -22.2807 0
      vertex 4.00548 -22.7162 0
    endloop
  endfacet
  facet normal -0.130526 0.991445 0
    outer loop
      vertex 4.00548 -22.7162 0
      vertex 2.5 -22.9144 2.4
      vertex 4.00548 -22.7162 2.4
    endloop
  endfacet
  facet normal -0.130526 0.991445 0
    outer loop
      vertex 2.5 -22.9144 2.4
      vertex 4.00548 -22.7162 0
      vertex 2.5 -22.9144 0
    endloop
  endfacet
  facet normal 1 -0 0
    outer loop
      vertex 2.5 -22.9144 2.4
      vertex 2.5 -9.6788 0
      vertex 2.5 -9.6788 2.4
    endloop
  endfacet
  facet normal 1 0 0
    outer loop
      vertex 2.5 -9.6788 0
      vertex 2.5 -22.9144 2.4
      vertex 2.5 -22.9144 0
    endloop
  endfacet
  facet normal 0.130503 0.991448 -0
    outer loop
      vertex -3.24509 -37.0916 0
      vertex -6.4655 -36.6677 2.4
      vertex -3.24509 -37.0916 2.4
    endloop
  endfacet
  facet normal 0.130503 0.991448 0
    outer loop
      vertex -6.4655 -36.6677 2.4
      vertex -3.24509 -37.0916 0
      vertex -6.4655 -36.6677 0
    endloop
  endfacet
  facet normal 0.216458 0.976292 -0
    outer loop
      vertex -6.4655 -36.6677 0
      vertex -9.63669 -35.9646 2.4
      vertex -6.4655 -36.6677 2.4
    endloop
  endfacet
  facet normal 0.216458 0.976292 0
    outer loop
      vertex -9.63669 -35.9646 2.4
      vertex -6.4655 -36.6677 0
      vertex -9.63669 -35.9646 0
    endloop
  endfacet
  facet normal 0.300696 0.95372 -0
    outer loop
      vertex -9.63669 -35.9646 0
      vertex -12.7345 -34.9879 2.4
      vertex -9.63669 -35.9646 2.4
    endloop
  endfacet
  facet normal 0.300696 0.95372 0
    outer loop
      vertex -12.7345 -34.9879 2.4
      vertex -9.63669 -35.9646 0
      vertex -12.7345 -34.9879 0
    endloop
  endfacet
  facet normal 0.382669 0.923886 -0
    outer loop
      vertex -12.7345 -34.9879 0
      vertex -15.7355 -33.7449 2.4
      vertex -12.7345 -34.9879 2.4
    endloop
  endfacet
  facet normal 0.382669 0.923886 0
    outer loop
      vertex -15.7355 -33.7449 2.4
      vertex -12.7345 -34.9879 0
      vertex -15.7355 -33.7449 0
    endloop
  endfacet
  facet normal 0.461759 0.887006 -0
    outer loop
      vertex -15.7355 -33.7449 0
      vertex -18.6167 -32.245 2.4
      vertex -15.7355 -33.7449 2.4
    endloop
  endfacet
  facet normal 0.461759 0.887006 0
    outer loop
      vertex -18.6167 -32.245 2.4
      vertex -15.7355 -33.7449 0
      vertex -18.6167 -32.245 0
    endloop
  endfacet
  facet normal 0.537288 0.843399 -0
    outer loop
      vertex -18.6167 -32.245 0
      vertex -21.3562 -30.4998 2.4
      vertex -18.6167 -32.245 2.4
    endloop
  endfacet
  facet normal 0.537288 0.843399 0
    outer loop
      vertex -21.3562 -30.4998 2.4
      vertex -18.6167 -32.245 0
      vertex -21.3562 -30.4998 0
    endloop
  endfacet
  facet normal 0.608776 0.793342 -0
    outer loop
      vertex -21.3562 -30.4998 0
      vertex -23.9331 -28.5224 2.4
      vertex -21.3562 -30.4998 2.4
    endloop
  endfacet
  facet normal 0.608776 0.793342 0
    outer loop
      vertex -23.9331 -28.5224 2.4
      vertex -21.3562 -30.4998 0
      vertex -23.9331 -28.5224 0
    endloop
  endfacet
  facet normal 0.675602 0.737267 -0
    outer loop
      vertex -23.9331 -28.5224 0
      vertex -26.3279 -26.3279 2.4
      vertex -23.9331 -28.5224 2.4
    endloop
  endfacet
  facet normal 0.675602 0.737267 0
    outer loop
      vertex -26.3279 -26.3279 2.4
      vertex -23.9331 -28.5224 0
      vertex -26.3279 -26.3279 0
    endloop
  endfacet
  facet normal 0.737267 0.675602 0
    outer loop
      vertex -26.3279 -26.3279 2.4
      vertex -28.5224 -23.9331 0
      vertex -28.5224 -23.9331 2.4
    endloop
  endfacet
  facet normal 0.737267 0.675602 0
    outer loop
      vertex -28.5224 -23.9331 0
      vertex -26.3279 -26.3279 2.4
      vertex -26.3279 -26.3279 0
    endloop
  endfacet
  facet normal 0.793342 0.608776 0
    outer loop
      vertex -28.5224 -23.9331 2.4
      vertex -30.4998 -21.3562 0
      vertex -30.4998 -21.3562 2.4
    endloop
  endfacet
  facet normal 0.793342 0.608776 0
    outer loop
      vertex -30.4998 -21.3562 0
      vertex -28.5224 -23.9331 2.4
      vertex -28.5224 -23.9331 0
    endloop
  endfacet
  facet normal 0.843441 0.537222 0
    outer loop
      vertex -30.4998 -21.3562 2.4
      vertex -30.9005 -20.7271 0
      vertex -30.9005 -20.7271 2.4
    endloop
  endfacet
  facet normal 0.843441 0.537222 0
    outer loop
      vertex -30.9005 -20.7271 0
      vertex -30.4998 -21.3562 2.4
      vertex -30.4998 -21.3562 0
    endloop
  endfacet
  facet normal 0.499995 -0.866028 0
    outer loop
      vertex -30.9005 -20.7271 0
      vertex -20.5143 -14.7307 2.4
      vertex -30.9005 -20.7271 2.4
    endloop
  endfacet
  facet normal 0.499995 -0.866028 0
    outer loop
      vertex -20.5143 -14.7307 2.4
      vertex -30.9005 -20.7271 0
      vertex -20.5143 -14.7307 0
    endloop
  endfacet
  facet normal -0.793357 -0.608756 0
    outer loop
      vertex -20.5143 -14.7307 0
      vertex -19.4874 -16.069 2.3
      vertex -20.5143 -14.7307 2.4
    endloop
  endfacet
  facet normal -0.793371 -0.608738 1.68749e-05
    outer loop
      vertex -19.3554 -16.2411 0
      vertex -19.4874 -16.069 2.3
      vertex -20.5143 -14.7307 0
    endloop
  endfacet
  facet normal -0.79348 -0.608596 0
    outer loop
      vertex -19.4874 -16.069 2.3
      vertex -19.3554 -16.2411 0
      vertex -19.3554 -16.2411 2.3
    endloop
  endfacet
  facet normal -0.793357 -0.608756 0
    outer loop
      vertex -20.5143 -14.7307 2.4
      vertex -19.4874 -16.069 2.3
      vertex -19.4874 -16.069 2.4
    endloop
  endfacet
  facet normal -0.737261 -0.675608 0
    outer loop
      vertex -17.8662 -17.8662 0
      vertex -19.3554 -16.2411 2.3
      vertex -19.3554 -16.2411 0
    endloop
  endfacet
  facet normal -0.737261 -0.675608 0
    outer loop
      vertex -19.3554 -16.2411 2.3
      vertex -17.8662 -17.8662 0
      vertex -17.8662 -17.8662 2.3
    endloop
  endfacet
  facet normal -0.675608 -0.737261 0
    outer loop
      vertex -17.8662 -17.8662 0
      vertex -16.2411 -19.3554 2.3
      vertex -17.8662 -17.8662 2.3
    endloop
  endfacet
  facet normal -0.675608 -0.737261 -0
    outer loop
      vertex -16.2411 -19.3554 2.3
      vertex -17.8662 -17.8662 0
      vertex -16.2411 -19.3554 0
    endloop
  endfacet
  facet normal -0.608731 -0.793377 -0
    outer loop
      vertex -16.2411 -19.3554 2.3
      vertex -16.2411 -19.3554 0
      vertex -16.0688 -19.4876 2.3
    endloop
  endfacet
  facet normal -0.608757 -0.793357 0
    outer loop
      vertex -16.0688 -19.4876 2.3
      vertex -14.4924 -20.6972 2.4
      vertex -16.0688 -19.4876 2.4
    endloop
  endfacet
  facet normal -0.608754 -0.793359 2.76156e-06
    outer loop
      vertex -14.4924 -20.6972 0
      vertex -16.0688 -19.4876 2.3
      vertex -16.2411 -19.3554 0
    endloop
  endfacet
  facet normal -0.608757 -0.793357 0
    outer loop
      vertex -16.0688 -19.4876 2.3
      vertex -14.4924 -20.6972 0
      vertex -14.4924 -20.6972 2.4
    endloop
  endfacet
  facet normal -0.537307 -0.843387 0
    outer loop
      vertex -14.4924 -20.6972 0
      vertex -12.6333 -21.8816 2.4
      vertex -14.4924 -20.6972 2.4
    endloop
  endfacet
  facet normal -0.537307 -0.843387 -0
    outer loop
      vertex -12.6333 -21.8816 2.4
      vertex -14.4924 -20.6972 0
      vertex -12.6333 -21.8816 0
    endloop
  endfacet
  facet normal -0.461744 -0.887013 0
    outer loop
      vertex -12.6333 -21.8816 0
      vertex -10.6781 -22.8994 2.4
      vertex -12.6333 -21.8816 2.4
    endloop
  endfacet
  facet normal -0.461744 -0.887013 -0
    outer loop
      vertex -10.6781 -22.8994 2.4
      vertex -12.6333 -21.8816 0
      vertex -10.6781 -22.8994 0
    endloop
  endfacet
  facet normal -0.382683 -0.92388 0
    outer loop
      vertex -10.6781 -22.8994 0
      vertex -8.64171 -23.7429 2.4
      vertex -10.6781 -22.8994 2.4
    endloop
  endfacet
  facet normal -0.382683 -0.92388 -0
    outer loop
      vertex -8.64171 -23.7429 2.4
      vertex -10.6781 -22.8994 0
      vertex -8.64171 -23.7429 0
    endloop
  endfacet
  facet normal -0.300694 -0.953721 0
    outer loop
      vertex -8.64171 -23.7429 0
      vertex -6.53949 -24.4057 2.4
      vertex -8.64171 -23.7429 2.4
    endloop
  endfacet
  facet normal -0.300694 -0.953721 -0
    outer loop
      vertex -6.53949 -24.4057 2.4
      vertex -8.64171 -23.7429 0
      vertex -6.53949 -24.4057 0
    endloop
  endfacet
  facet normal -0.216446 -0.976295 0
    outer loop
      vertex -6.53949 -24.4057 0
      vertex -4.3875 -24.8828 2.4
      vertex -6.53949 -24.4057 2.4
    endloop
  endfacet
  facet normal -0.216446 -0.976295 -0
    outer loop
      vertex -4.3875 -24.8828 2.4
      vertex -6.53949 -24.4057 0
      vertex -4.3875 -24.8828 0
    endloop
  endfacet
  facet normal -0.130529 -0.991444 0
    outer loop
      vertex -4.3875 -24.8828 0
      vertex -2.5 -25.1313 2.4
      vertex -4.3875 -24.8828 2.4
    endloop
  endfacet
  facet normal -0.130529 -0.991444 -0
    outer loop
      vertex -2.5 -25.1313 2.4
      vertex -4.3875 -24.8828 0
      vertex -2.5 -25.1313 0
    endloop
  endfacet
  facet normal -1 0 0
    outer loop
      vertex -2.5 -37.1242 0
      vertex -2.5 -25.1313 2.4
      vertex -2.5 -25.1313 0
    endloop
  endfacet
  facet normal -1 -0 0
    outer loop
      vertex -2.5 -25.1313 2.4
      vertex -2.5 -37.1242 0
      vertex -2.5 -37.1242 2.4
    endloop
  endfacet
  facet normal 0.0437113 0.999044 -0
    outer loop
      vertex -2.5 -37.1242 0
      vertex -3.24509 -37.0916 2.4
      vertex -2.5 -37.1242 2.4
    endloop
  endfacet
  facet normal 0.0437113 0.999044 0
    outer loop
      vertex -3.24509 -37.0916 2.4
      vertex -2.5 -37.1242 0
      vertex -3.24509 -37.0916 0
    endloop
  endfacet
  facet normal 0.130529 -0.991444 0
    outer loop
      vertex 2.5 -25.1313 0
      vertex 4.3875 -24.8828 2.4
      vertex 2.5 -25.1313 2.4
    endloop
  endfacet
  facet normal 0.130529 -0.991444 0
    outer loop
      vertex 4.3875 -24.8828 2.4
      vertex 2.5 -25.1313 0
      vertex 4.3875 -24.8828 0
    endloop
  endfacet
  facet normal 0.216446 -0.976295 0
    outer loop
      vertex 4.3875 -24.8828 0
      vertex 6.53949 -24.4057 2.4
      vertex 4.3875 -24.8828 2.4
    endloop
  endfacet
  facet normal 0.216446 -0.976295 0
    outer loop
      vertex 6.53949 -24.4057 2.4
      vertex 4.3875 -24.8828 0
      vertex 6.53949 -24.4057 0
    endloop
  endfacet
  facet normal 0.300694 -0.953721 0
    outer loop
      vertex 6.53949 -24.4057 0
      vertex 8.64171 -23.7429 2.4
      vertex 6.53949 -24.4057 2.4
    endloop
  endfacet
  facet normal 0.300694 -0.953721 0
    outer loop
      vertex 8.64171 -23.7429 2.4
      vertex 6.53949 -24.4057 0
      vertex 8.64171 -23.7429 0
    endloop
  endfacet
  facet normal 0.382683 -0.92388 0
    outer loop
      vertex 8.64171 -23.7429 0
      vertex 10.6781 -22.8994 2.4
      vertex 8.64171 -23.7429 2.4
    endloop
  endfacet
  facet normal 0.382683 -0.92388 0
    outer loop
      vertex 10.6781 -22.8994 2.4
      vertex 8.64171 -23.7429 0
      vertex 10.6781 -22.8994 0
    endloop
  endfacet
  facet normal 0.461744 -0.887013 0
    outer loop
      vertex 10.6781 -22.8994 0
      vertex 12.6333 -21.8816 2.4
      vertex 10.6781 -22.8994 2.4
    endloop
  endfacet
  facet normal 0.461744 -0.887013 0
    outer loop
      vertex 12.6333 -21.8816 2.4
      vertex 10.6781 -22.8994 0
      vertex 12.6333 -21.8816 0
    endloop
  endfacet
  facet normal 0.537307 -0.843387 0
    outer loop
      vertex 12.6333 -21.8816 0
      vertex 14.4924 -20.6972 2.4
      vertex 12.6333 -21.8816 2.4
    endloop
  endfacet
  facet normal 0.537307 -0.843387 0
    outer loop
      vertex 14.4924 -20.6972 2.4
      vertex 12.6333 -21.8816 0
      vertex 14.4924 -20.6972 0
    endloop
  endfacet
  facet normal 0.608757 -0.793356 0
    outer loop
      vertex 14.4924 -20.6972 2.4
      vertex 16.0615 -19.4932 2.3
      vertex 16.0615 -19.4932 2.4
    endloop
  endfacet
  facet normal 0.608757 -0.793356 0
    outer loop
      vertex 14.4924 -20.6972 0
      vertex 16.0615 -19.4932 2.3
      vertex 14.4924 -20.6972 2.4
    endloop
  endfacet
  facet normal 0.608754 -0.793359 3.23892e-06
    outer loop
      vertex 16.2411 -19.3554 0
      vertex 16.0615 -19.4932 2.3
      vertex 14.4924 -20.6972 0
    endloop
  endfacet
  facet normal 0.608728 -0.793379 0
    outer loop
      vertex 16.0615 -19.4932 2.3
      vertex 16.2411 -19.3554 0
      vertex 16.2411 -19.3554 2.3
    endloop
  endfacet
  facet normal 0.675608 -0.737261 0
    outer loop
      vertex 16.2411 -19.3554 0
      vertex 17.8662 -17.8662 2.3
      vertex 16.2411 -19.3554 2.3
    endloop
  endfacet
  facet normal 0.675608 -0.737261 0
    outer loop
      vertex 17.8662 -17.8662 2.3
      vertex 16.2411 -19.3554 0
      vertex 17.8662 -17.8662 0
    endloop
  endfacet
  facet normal 0.737261 -0.675608 0
    outer loop
      vertex 17.8662 -17.8662 2.3
      vertex 19.3554 -16.2411 0
      vertex 19.3554 -16.2411 2.3
    endloop
  endfacet
  facet normal 0.737261 -0.675608 0
    outer loop
      vertex 19.3554 -16.2411 0
      vertex 17.8662 -17.8662 2.3
      vertex 17.8662 -17.8662 0
    endloop
  endfacet
  facet normal 0.79338 -0.608726 0
    outer loop
      vertex 19.495 -16.0592 2.3
      vertex 20.5143 -14.7307 2.4
      vertex 19.495 -16.0592 2.4
    endloop
  endfacet
  facet normal 0.79338 -0.608726 0
    outer loop
      vertex 20.5143 -14.7307 2.4
      vertex 19.495 -16.0592 2.3
      vertex 20.5143 -14.7307 0
    endloop
  endfacet
  facet normal 0.793304 -0.608825 0
    outer loop
      vertex 19.3554 -16.2411 0
      vertex 19.495 -16.0592 2.3
      vertex 19.3554 -16.2411 2.3
    endloop
  endfacet
  facet normal 0.793371 -0.608738 -1.09462e-05
    outer loop
      vertex 19.495 -16.0592 2.3
      vertex 19.3554 -16.2411 0
      vertex 20.5143 -14.7307 0
    endloop
  endfacet
  facet normal -0.499995 -0.866028 0
    outer loop
      vertex 20.5143 -14.7307 0
      vertex 30.9005 -20.7271 2.4
      vertex 20.5143 -14.7307 2.4
    endloop
  endfacet
  facet normal -0.499995 -0.866028 -0
    outer loop
      vertex 30.9005 -20.7271 2.4
      vertex 20.5143 -14.7307 0
      vertex 30.9005 -20.7271 0
    endloop
  endfacet
  facet normal -0.843441 0.537222 0
    outer loop
      vertex 30.4998 -21.3562 0
      vertex 30.9005 -20.7271 2.4
      vertex 30.9005 -20.7271 0
    endloop
  endfacet
  facet normal -0.843441 0.537222 0
    outer loop
      vertex 30.9005 -20.7271 2.4
      vertex 30.4998 -21.3562 0
      vertex 30.4998 -21.3562 2.4
    endloop
  endfacet
  facet normal -0.793342 0.608776 0
    outer loop
      vertex 28.5224 -23.9331 0
      vertex 30.4998 -21.3562 2.4
      vertex 30.4998 -21.3562 0
    endloop
  endfacet
  facet normal -0.793342 0.608776 0
    outer loop
      vertex 30.4998 -21.3562 2.4
      vertex 28.5224 -23.9331 0
      vertex 28.5224 -23.9331 2.4
    endloop
  endfacet
  facet normal -0.737267 0.675602 0
    outer loop
      vertex 26.3279 -26.3279 0
      vertex 28.5224 -23.9331 2.4
      vertex 28.5224 -23.9331 0
    endloop
  endfacet
  facet normal -0.737267 0.675602 0
    outer loop
      vertex 28.5224 -23.9331 2.4
      vertex 26.3279 -26.3279 0
      vertex 26.3279 -26.3279 2.4
    endloop
  endfacet
  facet normal -0.675602 0.737267 0
    outer loop
      vertex 26.3279 -26.3279 0
      vertex 23.9331 -28.5224 2.4
      vertex 26.3279 -26.3279 2.4
    endloop
  endfacet
  facet normal -0.675602 0.737267 0
    outer loop
      vertex 23.9331 -28.5224 2.4
      vertex 26.3279 -26.3279 0
      vertex 23.9331 -28.5224 0
    endloop
  endfacet
  facet normal -0.608776 0.793342 0
    outer loop
      vertex 23.9331 -28.5224 0
      vertex 21.3562 -30.4998 2.4
      vertex 23.9331 -28.5224 2.4
    endloop
  endfacet
  facet normal -0.608776 0.793342 0
    outer loop
      vertex 21.3562 -30.4998 2.4
      vertex 23.9331 -28.5224 0
      vertex 21.3562 -30.4998 0
    endloop
  endfacet
  facet normal -0.537288 0.843399 0
    outer loop
      vertex 21.3562 -30.4998 0
      vertex 18.6167 -32.245 2.4
      vertex 21.3562 -30.4998 2.4
    endloop
  endfacet
  facet normal -0.537288 0.843399 0
    outer loop
      vertex 18.6167 -32.245 2.4
      vertex 21.3562 -30.4998 0
      vertex 18.6167 -32.245 0
    endloop
  endfacet
  facet normal -0.461759 0.887006 0
    outer loop
      vertex 18.6167 -32.245 0
      vertex 15.7355 -33.7449 2.4
      vertex 18.6167 -32.245 2.4
    endloop
  endfacet
  facet normal -0.461759 0.887006 0
    outer loop
      vertex 15.7355 -33.7449 2.4
      vertex 18.6167 -32.245 0
      vertex 15.7355 -33.7449 0
    endloop
  endfacet
  facet normal -0.382669 0.923886 0
    outer loop
      vertex 15.7355 -33.7449 0
      vertex 12.7345 -34.9879 2.4
      vertex 15.7355 -33.7449 2.4
    endloop
  endfacet
  facet normal -0.382669 0.923886 0
    outer loop
      vertex 12.7345 -34.9879 2.4
      vertex 15.7355 -33.7449 0
      vertex 12.7345 -34.9879 0
    endloop
  endfacet
  facet normal -0.300696 0.95372 0
    outer loop
      vertex 12.7345 -34.9879 0
      vertex 9.63669 -35.9646 2.4
      vertex 12.7345 -34.9879 2.4
    endloop
  endfacet
  facet normal -0.300696 0.95372 0
    outer loop
      vertex 9.63669 -35.9646 2.4
      vertex 12.7345 -34.9879 0
      vertex 9.63669 -35.9646 0
    endloop
  endfacet
  facet normal -0.216458 0.976292 0
    outer loop
      vertex 9.63669 -35.9646 0
      vertex 6.4655 -36.6677 2.4
      vertex 9.63669 -35.9646 2.4
    endloop
  endfacet
  facet normal -0.216458 0.976292 0
    outer loop
      vertex 6.4655 -36.6677 2.4
      vertex 9.63669 -35.9646 0
      vertex 6.4655 -36.6677 0
    endloop
  endfacet
  facet normal -0.130503 0.991448 0
    outer loop
      vertex 6.4655 -36.6677 0
      vertex 3.24509 -37.0916 2.4
      vertex 6.4655 -36.6677 2.4
    endloop
  endfacet
  facet normal -0.130503 0.991448 0
    outer loop
      vertex 3.24509 -37.0916 2.4
      vertex 6.4655 -36.6677 0
      vertex 3.24509 -37.0916 0
    endloop
  endfacet
  facet normal -0.0437113 0.999044 0
    outer loop
      vertex 3.24509 -37.0916 0
      vertex 2.5 -37.1242 2.4
      vertex 3.24509 -37.0916 2.4
    endloop
  endfacet
  facet normal -0.0437113 0.999044 0
    outer loop
      vertex 2.5 -37.1242 2.4
      vertex 3.24509 -37.0916 0
      vertex 2.5 -37.1242 0
    endloop
  endfacet
  facet normal 1 -0 0
    outer loop
      vertex 2.5 -37.1242 2.4
      vertex 2.5 -25.1313 0
      vertex 2.5 -25.1313 2.4
    endloop
  endfacet
  facet normal 1 0 0
    outer loop
      vertex 2.5 -25.1313 0
      vertex 2.5 -37.1242 2.4
      vertex 2.5 -37.1242 0
    endloop
  endfacet
  facet normal 0.13055 0.991442 -0
    outer loop
      vertex -6.36087 -43.5 0
      vertex -7.64052 -43.3315 2.4
      vertex -6.36087 -43.5 2.4
    endloop
  endfacet
  facet normal 0.13055 0.991442 0
    outer loop
      vertex -7.64052 -43.3315 2.4
      vertex -6.36087 -43.5 0
      vertex -7.64052 -43.3315 0
    endloop
  endfacet
  facet normal 0.216441 0.976296 -0
    outer loop
      vertex -7.64052 -43.3315 0
      vertex -11.388 -42.5007 2.4
      vertex -7.64052 -43.3315 2.4
    endloop
  endfacet
  facet normal 0.216441 0.976296 0
    outer loop
      vertex -11.388 -42.5007 2.4
      vertex -7.64052 -43.3315 0
      vertex -11.388 -42.5007 0
    endloop
  endfacet
  facet normal 0.300687 0.953723 -0
    outer loop
      vertex -11.388 -42.5007 0
      vertex -15.0489 -41.3465 2.4
      vertex -11.388 -42.5007 2.4
    endloop
  endfacet
  facet normal 0.300687 0.953723 0
    outer loop
      vertex -15.0489 -41.3465 2.4
      vertex -11.388 -42.5007 0
      vertex -15.0489 -41.3465 0
    endloop
  endfacet
  facet normal 0.3827 0.923873 -0
    outer loop
      vertex -15.0489 -41.3465 0
      vertex -18.5952 -39.8775 2.4
      vertex -15.0489 -41.3465 2.4
    endloop
  endfacet
  facet normal 0.3827 0.923873 0
    outer loop
      vertex -18.5952 -39.8775 2.4
      vertex -15.0489 -41.3465 0
      vertex -18.5952 -39.8775 0
    endloop
  endfacet
  facet normal 0.461743 0.887014 -0
    outer loop
      vertex -18.5952 -39.8775 0
      vertex -22 -38.1051 2.4
      vertex -18.5952 -39.8775 2.4
    endloop
  endfacet
  facet normal 0.461743 0.887014 0
    outer loop
      vertex -22 -38.1051 2.4
      vertex -18.5952 -39.8775 0
      vertex -22 -38.1051 0
    endloop
  endfacet
  facet normal 0.53729 0.843397 -0
    outer loop
      vertex -22 -38.1051 0
      vertex -25.2374 -36.0427 2.4
      vertex -22 -38.1051 2.4
    endloop
  endfacet
  facet normal 0.53729 0.843397 0
    outer loop
      vertex -25.2374 -36.0427 2.4
      vertex -22 -38.1051 0
      vertex -25.2374 -36.0427 0
    endloop
  endfacet
  facet normal 0.608771 0.793346 -0
    outer loop
      vertex -25.2374 -36.0427 0
      vertex -28.2827 -33.7059 2.4
      vertex -25.2374 -36.0427 2.4
    endloop
  endfacet
  facet normal 0.608771 0.793346 0
    outer loop
      vertex -28.2827 -33.7059 2.4
      vertex -25.2374 -36.0427 0
      vertex -28.2827 -33.7059 0
    endloop
  endfacet
  facet normal 0.675588 0.73728 -0
    outer loop
      vertex -28.2827 -33.7059 0
      vertex -31.1127 -31.1127 2.4
      vertex -28.2827 -33.7059 2.4
    endloop
  endfacet
  facet normal 0.675588 0.73728 0
    outer loop
      vertex -31.1127 -31.1127 2.4
      vertex -28.2827 -33.7059 0
      vertex -31.1127 -31.1127 0
    endloop
  endfacet
  facet normal 0.73728 0.675588 0
    outer loop
      vertex -31.1127 -31.1127 2.4
      vertex -33.7059 -28.2827 0
      vertex -33.7059 -28.2827 2.4
    endloop
  endfacet
  facet normal 0.73728 0.675588 0
    outer loop
      vertex -33.7059 -28.2827 0
      vertex -31.1127 -31.1127 2.4
      vertex -31.1127 -31.1127 0
    endloop
  endfacet
  facet normal 0.793346 0.608771 0
    outer loop
      vertex -33.7059 -28.2827 2.4
      vertex -36.0427 -25.2374 0
      vertex -36.0427 -25.2374 2.4
    endloop
  endfacet
  facet normal 0.793346 0.608771 0
    outer loop
      vertex -36.0427 -25.2374 0
      vertex -33.7059 -28.2827 2.4
      vertex -33.7059 -28.2827 0
    endloop
  endfacet
  facet normal 0.843396 0.537292 0
    outer loop
      vertex -36.0427 -25.2374 2.4
      vertex -36.7606 -24.1105 0
      vertex -36.7606 -24.1105 2.4
    endloop
  endfacet
  facet normal 0.843396 0.537292 0
    outer loop
      vertex -36.7606 -24.1105 0
      vertex -36.0427 -25.2374 2.4
      vertex -36.0427 -25.2374 0
    endloop
  endfacet
  facet normal 0.500006 -0.866022 0
    outer loop
      vertex -36.7606 -24.1105 0
      vertex -32.8057 -21.8271 2.4
      vertex -36.7606 -24.1105 2.4
    endloop
  endfacet
  facet normal 0.500006 -0.866022 0
    outer loop
      vertex -32.8057 -21.8271 2.4
      vertex -36.7606 -24.1105 0
      vertex -32.8057 -21.8271 0
    endloop
  endfacet
  facet normal -0.84342 -0.537255 0
    outer loop
      vertex -32.3019 -22.618 0
      vertex -32.8057 -21.8271 2.4
      vertex -32.8057 -21.8271 0
    endloop
  endfacet
  facet normal -0.84342 -0.537255 0
    outer loop
      vertex -32.8057 -21.8271 2.4
      vertex -32.3019 -22.618 0
      vertex -32.3019 -22.618 2.4
    endloop
  endfacet
  facet normal -0.793352 -0.608763 0
    outer loop
      vertex -30.2077 -25.3472 0
      vertex -32.3019 -22.618 2.4
      vertex -32.3019 -22.618 0
    endloop
  endfacet
  facet normal -0.793352 -0.608763 0
    outer loop
      vertex -32.3019 -22.618 2.4
      vertex -30.2077 -25.3472 0
      vertex -30.2077 -25.3472 2.4
    endloop
  endfacet
  facet normal -0.737289 -0.675577 0
    outer loop
      vertex -27.8836 -27.8836 0
      vertex -30.2077 -25.3472 2.4
      vertex -30.2077 -25.3472 0
    endloop
  endfacet
  facet normal -0.737289 -0.675577 0
    outer loop
      vertex -30.2077 -25.3472 2.4
      vertex -27.8836 -27.8836 0
      vertex -27.8836 -27.8836 2.4
    endloop
  endfacet
  facet normal -0.675577 -0.737289 0
    outer loop
      vertex -27.8836 -27.8836 0
      vertex -25.3472 -30.2077 2.4
      vertex -27.8836 -27.8836 2.4
    endloop
  endfacet
  facet normal -0.675577 -0.737289 -0
    outer loop
      vertex -25.3472 -30.2077 2.4
      vertex -27.8836 -27.8836 0
      vertex -25.3472 -30.2077 0
    endloop
  endfacet
  facet normal -0.608763 -0.793352 0
    outer loop
      vertex -25.3472 -30.2077 0
      vertex -22.618 -32.3019 2.4
      vertex -25.3472 -30.2077 2.4
    endloop
  endfacet
  facet normal -0.608763 -0.793352 -0
    outer loop
      vertex -22.618 -32.3019 2.4
      vertex -25.3472 -30.2077 0
      vertex -22.618 -32.3019 0
    endloop
  endfacet
  facet normal -0.537314 -0.843382 0
    outer loop
      vertex -22.618 -32.3019 0
      vertex -19.7167 -34.1503 2.4
      vertex -22.618 -32.3019 2.4
    endloop
  endfacet
  facet normal -0.537314 -0.843382 -0
    outer loop
      vertex -19.7167 -34.1503 2.4
      vertex -22.618 -32.3019 0
      vertex -19.7167 -34.1503 0
    endloop
  endfacet
  facet normal -0.461723 -0.887024 0
    outer loop
      vertex -19.7167 -34.1503 0
      vertex -16.6652 -35.7387 2.4
      vertex -19.7167 -34.1503 2.4
    endloop
  endfacet
  facet normal -0.461723 -0.887024 -0
    outer loop
      vertex -16.6652 -35.7387 2.4
      vertex -19.7167 -34.1503 0
      vertex -16.6652 -35.7387 0
    endloop
  endfacet
  facet normal -0.382695 -0.923875 0
    outer loop
      vertex -16.6652 -35.7387 0
      vertex -13.487 -37.0552 2.4
      vertex -16.6652 -35.7387 2.4
    endloop
  endfacet
  facet normal -0.382695 -0.923875 -0
    outer loop
      vertex -13.487 -37.0552 2.4
      vertex -16.6652 -35.7387 0
      vertex -13.487 -37.0552 0
    endloop
  endfacet
  facet normal -0.300715 -0.953714 0
    outer loop
      vertex -13.487 -37.0552 0
      vertex -10.2061 -38.0897 2.4
      vertex -13.487 -37.0552 2.4
    endloop
  endfacet
  facet normal -0.300715 -0.953714 -0
    outer loop
      vertex -10.2061 -38.0897 2.4
      vertex -13.487 -37.0552 0
      vertex -10.2061 -38.0897 0
    endloop
  endfacet
  facet normal -0.216418 -0.976301 0
    outer loop
      vertex -10.2061 -38.0897 0
      vertex -6.84752 -38.8342 2.4
      vertex -10.2061 -38.0897 2.4
    endloop
  endfacet
  facet normal -0.216418 -0.976301 -0
    outer loop
      vertex -6.84752 -38.8342 2.4
      vertex -10.2061 -38.0897 0
      vertex -6.84752 -38.8342 0
    endloop
  endfacet
  facet normal -0.130547 -0.991442 0
    outer loop
      vertex -6.84752 -38.8342 0
      vertex -3.43683 -39.2833 2.4
      vertex -6.84752 -38.8342 2.4
    endloop
  endfacet
  facet normal -0.130547 -0.991442 -0
    outer loop
      vertex -3.43683 -39.2833 2.4
      vertex -6.84752 -38.8342 0
      vertex -3.43683 -39.2833 0
    endloop
  endfacet
  facet normal -0.0436163 -0.999048 0
    outer loop
      vertex -3.43683 -39.2833 0
      vertex -2.5 -39.3242 2.4
      vertex -3.43683 -39.2833 2.4
    endloop
  endfacet
  facet normal -0.0436163 -0.999048 -0
    outer loop
      vertex -2.5 -39.3242 2.4
      vertex -3.43683 -39.2833 0
      vertex -2.5 -39.3242 0
    endloop
  endfacet
  facet normal -1 0 0
    outer loop
      vertex -2.5 -43 0
      vertex -2.5 -39.3242 2.4
      vertex -2.5 -39.3242 0
    endloop
  endfacet
  facet normal -1 -0 0
    outer loop
      vertex -2.5 -39.3242 2.4
      vertex -2.5 -43 0
      vertex -2.5 -43 2.4
    endloop
  endfacet
  facet normal 0.0436163 -0.999048 0
    outer loop
      vertex 2.5 -39.3242 0
      vertex 3.43683 -39.2833 2.4
      vertex 2.5 -39.3242 2.4
    endloop
  endfacet
  facet normal 0.0436163 -0.999048 0
    outer loop
      vertex 3.43683 -39.2833 2.4
      vertex 2.5 -39.3242 0
      vertex 3.43683 -39.2833 0
    endloop
  endfacet
  facet normal 0.130547 -0.991442 0
    outer loop
      vertex 3.43683 -39.2833 0
      vertex 6.84752 -38.8342 2.4
      vertex 3.43683 -39.2833 2.4
    endloop
  endfacet
  facet normal 0.130547 -0.991442 0
    outer loop
      vertex 6.84752 -38.8342 2.4
      vertex 3.43683 -39.2833 0
      vertex 6.84752 -38.8342 0
    endloop
  endfacet
  facet normal 0.216418 -0.976301 0
    outer loop
      vertex 6.84752 -38.8342 0
      vertex 10.2061 -38.0897 2.4
      vertex 6.84752 -38.8342 2.4
    endloop
  endfacet
  facet normal 0.216418 -0.976301 0
    outer loop
      vertex 10.2061 -38.0897 2.4
      vertex 6.84752 -38.8342 0
      vertex 10.2061 -38.0897 0
    endloop
  endfacet
  facet normal 0.300715 -0.953714 0
    outer loop
      vertex 10.2061 -38.0897 0
      vertex 13.487 -37.0552 2.4
      vertex 10.2061 -38.0897 2.4
    endloop
  endfacet
  facet normal 0.300715 -0.953714 0
    outer loop
      vertex 13.487 -37.0552 2.4
      vertex 10.2061 -38.0897 0
      vertex 13.487 -37.0552 0
    endloop
  endfacet
  facet normal 0.382695 -0.923875 0
    outer loop
      vertex 13.487 -37.0552 0
      vertex 16.6652 -35.7387 2.4
      vertex 13.487 -37.0552 2.4
    endloop
  endfacet
  facet normal 0.382695 -0.923875 0
    outer loop
      vertex 16.6652 -35.7387 2.4
      vertex 13.487 -37.0552 0
      vertex 16.6652 -35.7387 0
    endloop
  endfacet
  facet normal 0.461723 -0.887024 0
    outer loop
      vertex 16.6652 -35.7387 0
      vertex 19.7167 -34.1503 2.4
      vertex 16.6652 -35.7387 2.4
    endloop
  endfacet
  facet normal 0.461723 -0.887024 0
    outer loop
      vertex 19.7167 -34.1503 2.4
      vertex 16.6652 -35.7387 0
      vertex 19.7167 -34.1503 0
    endloop
  endfacet
  facet normal 0.537314 -0.843382 0
    outer loop
      vertex 19.7167 -34.1503 0
      vertex 22.618 -32.3019 2.4
      vertex 19.7167 -34.1503 2.4
    endloop
  endfacet
  facet normal 0.537314 -0.843382 0
    outer loop
      vertex 22.618 -32.3019 2.4
      vertex 19.7167 -34.1503 0
      vertex 22.618 -32.3019 0
    endloop
  endfacet
  facet normal 0.608763 -0.793352 0
    outer loop
      vertex 22.618 -32.3019 0
      vertex 25.3472 -30.2077 2.4
      vertex 22.618 -32.3019 2.4
    endloop
  endfacet
  facet normal 0.608763 -0.793352 0
    outer loop
      vertex 25.3472 -30.2077 2.4
      vertex 22.618 -32.3019 0
      vertex 25.3472 -30.2077 0
    endloop
  endfacet
  facet normal 0.675577 -0.737289 0
    outer loop
      vertex 25.3472 -30.2077 0
      vertex 27.8836 -27.8836 2.4
      vertex 25.3472 -30.2077 2.4
    endloop
  endfacet
  facet normal 0.675577 -0.737289 0
    outer loop
      vertex 27.8836 -27.8836 2.4
      vertex 25.3472 -30.2077 0
      vertex 27.8836 -27.8836 0
    endloop
  endfacet
  facet normal 0.737289 -0.675577 0
    outer loop
      vertex 27.8836 -27.8836 2.4
      vertex 30.2077 -25.3472 0
      vertex 30.2077 -25.3472 2.4
    endloop
  endfacet
  facet normal 0.737289 -0.675577 0
    outer loop
      vertex 30.2077 -25.3472 0
      vertex 27.8836 -27.8836 2.4
      vertex 27.8836 -27.8836 0
    endloop
  endfacet
  facet normal 0.793352 -0.608763 0
    outer loop
      vertex 30.2077 -25.3472 2.4
      vertex 32.3019 -22.618 0
      vertex 32.3019 -22.618 2.4
    endloop
  endfacet
  facet normal 0.793352 -0.608763 0
    outer loop
      vertex 32.3019 -22.618 0
      vertex 30.2077 -25.3472 2.4
      vertex 30.2077 -25.3472 0
    endloop
  endfacet
  facet normal 0.84342 -0.537255 0
    outer loop
      vertex 32.3019 -22.618 2.4
      vertex 32.8057 -21.8271 0
      vertex 32.8057 -21.8271 2.4
    endloop
  endfacet
  facet normal 0.84342 -0.537255 0
    outer loop
      vertex 32.8057 -21.8271 0
      vertex 32.3019 -22.618 2.4
      vertex 32.3019 -22.618 0
    endloop
  endfacet
  facet normal -0.500006 -0.866022 0
    outer loop
      vertex 32.8057 -21.8271 0
      vertex 36.7606 -24.1105 2.4
      vertex 32.8057 -21.8271 2.4
    endloop
  endfacet
  facet normal -0.500006 -0.866022 -0
    outer loop
      vertex 36.7606 -24.1105 2.4
      vertex 32.8057 -21.8271 0
      vertex 36.7606 -24.1105 0
    endloop
  endfacet
  facet normal -0.843396 0.537292 0
    outer loop
      vertex 36.0427 -25.2374 0
      vertex 36.7606 -24.1105 2.4
      vertex 36.7606 -24.1105 0
    endloop
  endfacet
  facet normal -0.843396 0.537292 0
    outer loop
      vertex 36.7606 -24.1105 2.4
      vertex 36.0427 -25.2374 0
      vertex 36.0427 -25.2374 2.4
    endloop
  endfacet
  facet normal -0.793346 0.608771 0
    outer loop
      vertex 33.7059 -28.2827 0
      vertex 36.0427 -25.2374 2.4
      vertex 36.0427 -25.2374 0
    endloop
  endfacet
  facet normal -0.793346 0.608771 0
    outer loop
      vertex 36.0427 -25.2374 2.4
      vertex 33.7059 -28.2827 0
      vertex 33.7059 -28.2827 2.4
    endloop
  endfacet
  facet normal -0.73728 0.675588 0
    outer loop
      vertex 31.1127 -31.1127 0
      vertex 33.7059 -28.2827 2.4
      vertex 33.7059 -28.2827 0
    endloop
  endfacet
  facet normal -0.73728 0.675588 0
    outer loop
      vertex 33.7059 -28.2827 2.4
      vertex 31.1127 -31.1127 0
      vertex 31.1127 -31.1127 2.4
    endloop
  endfacet
  facet normal -0.675588 0.73728 0
    outer loop
      vertex 31.1127 -31.1127 0
      vertex 28.2827 -33.7059 2.4
      vertex 31.1127 -31.1127 2.4
    endloop
  endfacet
  facet normal -0.675588 0.73728 0
    outer loop
      vertex 28.2827 -33.7059 2.4
      vertex 31.1127 -31.1127 0
      vertex 28.2827 -33.7059 0
    endloop
  endfacet
  facet normal -0.608771 0.793346 0
    outer loop
      vertex 28.2827 -33.7059 0
      vertex 25.2374 -36.0427 2.4
      vertex 28.2827 -33.7059 2.4
    endloop
  endfacet
  facet normal -0.608771 0.793346 0
    outer loop
      vertex 25.2374 -36.0427 2.4
      vertex 28.2827 -33.7059 0
      vertex 25.2374 -36.0427 0
    endloop
  endfacet
  facet normal -0.53729 0.843397 0
    outer loop
      vertex 25.2374 -36.0427 0
      vertex 22 -38.1051 2.4
      vertex 25.2374 -36.0427 2.4
    endloop
  endfacet
  facet normal -0.53729 0.843397 0
    outer loop
      vertex 22 -38.1051 2.4
      vertex 25.2374 -36.0427 0
      vertex 22 -38.1051 0
    endloop
  endfacet
  facet normal -0.461743 0.887014 0
    outer loop
      vertex 22 -38.1051 0
      vertex 18.5952 -39.8775 2.4
      vertex 22 -38.1051 2.4
    endloop
  endfacet
  facet normal -0.461743 0.887014 0
    outer loop
      vertex 18.5952 -39.8775 2.4
      vertex 22 -38.1051 0
      vertex 18.5952 -39.8775 0
    endloop
  endfacet
  facet normal -0.3827 0.923873 0
    outer loop
      vertex 18.5952 -39.8775 0
      vertex 15.0489 -41.3465 2.4
      vertex 18.5952 -39.8775 2.4
    endloop
  endfacet
  facet normal -0.3827 0.923873 0
    outer loop
      vertex 15.0489 -41.3465 2.4
      vertex 18.5952 -39.8775 0
      vertex 15.0489 -41.3465 0
    endloop
  endfacet
  facet normal -0.300687 0.953723 0
    outer loop
      vertex 15.0489 -41.3465 0
      vertex 11.388 -42.5007 2.4
      vertex 15.0489 -41.3465 2.4
    endloop
  endfacet
  facet normal -0.300687 0.953723 0
    outer loop
      vertex 11.388 -42.5007 2.4
      vertex 15.0489 -41.3465 0
      vertex 11.388 -42.5007 0
    endloop
  endfacet
  facet normal -0.216441 0.976296 0
    outer loop
      vertex 11.388 -42.5007 0
      vertex 7.64052 -43.3315 2.4
      vertex 11.388 -42.5007 2.4
    endloop
  endfacet
  facet normal -0.216441 0.976296 0
    outer loop
      vertex 7.64052 -43.3315 2.4
      vertex 11.388 -42.5007 0
      vertex 7.64052 -43.3315 0
    endloop
  endfacet
  facet normal -0.13055 0.991442 0
    outer loop
      vertex 7.64052 -43.3315 0
      vertex 6.36087 -43.5 2.4
      vertex 7.64052 -43.3315 2.4
    endloop
  endfacet
  facet normal -0.13055 0.991442 0
    outer loop
      vertex 6.36087 -43.5 2.4
      vertex 7.64052 -43.3315 0
      vertex 6.36087 -43.5 0
    endloop
  endfacet
  facet normal 1 -0 0
    outer loop
      vertex 2.5 -43 2.4
      vertex 2.5 -39.3242 0
      vertex 2.5 -39.3242 2.4
    endloop
  endfacet
  facet normal 1 0 0
    outer loop
      vertex 2.5 -39.3242 0
      vertex 2.5 -43 2.4
      vertex 2.5 -43 0
    endloop
  endfacet
  facet normal 0 0 1
    outer loop
      vertex 22.1964 -36.1027 26
      vertex 24.8888 -35.9009 26
      vertex 24.7997 -35.3098 26
    endloop
  endfacet
  facet normal 0 0 1
    outer loop
      vertex 24.8888 -35.9009 26
      vertex 22.1964 -36.1027 26
      vertex 24.8888 -36.4988 26
    endloop
  endfacet
  facet normal 0 0 1
    outer loop
      vertex 24.8888 -36.4988 26
      vertex 22.1964 -36.1027 26
      vertex 24.7997 -37.0899 26
    endloop
  endfacet
  facet normal 0 0 1
    outer loop
      vertex 22.1964 -36.1027 26
      vertex 24.7997 -35.3098 26
      vertex 24.6235 -34.7385 26
    endloop
  endfacet
  facet normal 0 0 1
    outer loop
      vertex 45 0 26
      vertex 48 0 26
      vertex 47.8173 4.18347 26
    endloop
  endfacet
  facet normal 0 0 1
    outer loop
      vertex 44.8288 3.922 26
      vertex 47.8173 4.18347 26
      vertex 47.2708 8.3351 26
    endloop
  endfacet
  facet normal 0 0 1
    outer loop
      vertex 48 0 26
      vertex 45 0 26
      vertex 47.8173 -4.18347 26
    endloop
  endfacet
  facet normal 0 0 1
    outer loop
      vertex 44.3163 7.81416 26
      vertex 47.2708 8.3351 26
      vertex 46.3644 12.4233 26
    endloop
  endfacet
  facet normal -0 0 1
    outer loop
      vertex 44.8288 -3.922 26
      vertex 47.8173 -4.18347 26
      vertex 45 0 26
    endloop
  endfacet
  facet normal 0 0 1
    outer loop
      vertex 43.4667 11.6469 26
      vertex 46.3644 12.4233 26
      vertex 45.1052 16.417 26
    endloop
  endfacet
  facet normal 0 0 1
    outer loop
      vertex 47.8173 -4.18347 26
      vertex 44.8288 -3.922 26
      vertex 47.2708 -8.3351 26
    endloop
  endfacet
  facet normal -0 0 1
    outer loop
      vertex 44.3163 -7.81416 26
      vertex 47.2708 -8.3351 26
      vertex 44.8288 -3.922 26
    endloop
  endfacet
  facet normal 0 0 1
    outer loop
      vertex 47.8173 4.18347 26
      vertex 44.8288 3.922 26
      vertex 45 0 26
    endloop
  endfacet
  facet normal 0 0 1
    outer loop
      vertex 47.2708 8.3351 26
      vertex 44.3163 7.81416 26
      vertex 44.8288 3.922 26
    endloop
  endfacet
  facet normal 0 0 1
    outer loop
      vertex 42.2862 15.3909 26
      vertex 45.1052 16.417 26
      vertex 43.5028 20.2857 26
    endloop
  endfacet
  facet normal 0 0 1
    outer loop
      vertex 46.3644 12.4233 26
      vertex 43.4667 11.6469 26
      vertex 44.3163 7.81416 26
    endloop
  endfacet
  facet normal 0 0 1
    outer loop
      vertex 45.1052 16.417 26
      vertex 42.2862 15.3909 26
      vertex 43.4667 11.6469 26
    endloop
  endfacet
  facet normal 0 0 1
    outer loop
      vertex 40.7838 19.0178 26
      vertex 43.5028 20.2857 26
      vertex 41.5692 24 26
    endloop
  endfacet
  facet normal 0 0 1
    outer loop
      vertex 43.5028 20.2857 26
      vertex 40.7838 19.0178 26
      vertex 42.2862 15.3909 26
    endloop
  endfacet
  facet normal 0 0 1
    outer loop
      vertex 38.9711 22.5 26
      vertex 41.5692 24 26
      vertex 39.3193 27.5317 26
    endloop
  endfacet
  facet normal 0 0 1
    outer loop
      vertex 41.5692 24 26
      vertex 38.9711 22.5 26
      vertex 40.7838 19.0178 26
    endloop
  endfacet
  facet normal 0 0 1
    outer loop
      vertex 39.3193 27.5317 26
      vertex 36.8618 25.8109 26
      vertex 38.9711 22.5 26
    endloop
  endfacet
  facet normal 0 0 1
    outer loop
      vertex 36.7701 30.8538 26
      vertex 36.8618 25.8109 26
      vertex 39.3193 27.5317 26
    endloop
  endfacet
  facet normal 0 0 1
    outer loop
      vertex 36.7701 30.8538 26
      vertex 34.472 28.9254 26
      vertex 36.8618 25.8109 26
    endloop
  endfacet
  facet normal 0 0 1
    outer loop
      vertex 33.9411 33.9411 26
      vertex 34.472 28.9254 26
      vertex 36.7701 30.8538 26
    endloop
  endfacet
  facet normal 0 0 1
    outer loop
      vertex 33.9411 33.9411 26
      vertex 31.8198 31.8198 26
      vertex 34.472 28.9254 26
    endloop
  endfacet
  facet normal 0 0 1
    outer loop
      vertex 30.8538 36.7701 26
      vertex 31.8198 31.8198 26
      vertex 33.9411 33.9411 26
    endloop
  endfacet
  facet normal 0 0 1
    outer loop
      vertex 30.8538 36.7701 26
      vertex 28.9254 34.472 26
      vertex 31.8198 31.8198 26
    endloop
  endfacet
  facet normal 0 0 1
    outer loop
      vertex 27.5317 39.3193 26
      vertex 28.9254 34.472 26
      vertex 30.8538 36.7701 26
    endloop
  endfacet
  facet normal 0 0 1
    outer loop
      vertex 27.5317 39.3193 26
      vertex 25.8109 36.8618 26
      vertex 28.9254 34.472 26
    endloop
  endfacet
  facet normal 0 0 1
    outer loop
      vertex 27.5317 39.3193 26
      vertex 24.64 37.6078 26
      vertex 25.8109 36.8618 26
    endloop
  endfacet
  facet normal 0 0 1
    outer loop
      vertex 24.7997 35.3098 26
      vertex 22.1964 36.1027 26
      vertex 24.6235 34.7385 26
    endloop
  endfacet
  facet normal -0 0 1
    outer loop
      vertex 22.0258 35.5499 26
      vertex 24.6235 34.7385 26
      vertex 22.1964 36.1027 26
    endloop
  endfacet
  facet normal 0 0 1
    outer loop
      vertex 24 41.5692 26
      vertex 24.64 37.6078 26
      vertex 27.5317 39.3193 26
    endloop
  endfacet
  facet normal 0 0 1
    outer loop
      vertex 21.7842 37.1528 26
      vertex 24.64 37.6078 26
      vertex 24 41.5692 26
    endloop
  endfacet
  facet normal 0 -0 1
    outer loop
      vertex 22.1964 36.1027 26
      vertex 24.64 37.6078 26
      vertex 22.1101 36.6748 26
    endloop
  endfacet
  facet normal 0 0 1
    outer loop
      vertex 24.3641 34.1999 26
      vertex 22.0258 35.5499 26
      vertex 24.0273 33.7059 26
    endloop
  endfacet
  facet normal 0 0 1
    outer loop
      vertex 24.0273 33.7059 26
      vertex 22.0258 35.5499 26
      vertex 23.6207 33.2677 26
    endloop
  endfacet
  facet normal -0 0 1
    outer loop
      vertex 21.6323 35.1258 26
      vertex 23.6207 33.2677 26
      vertex 22.0258 35.5499 26
    endloop
  endfacet
  facet normal 0 0 1
    outer loop
      vertex 24.6235 34.7385 26
      vertex 22.0258 35.5499 26
      vertex 24.3641 34.1999 26
    endloop
  endfacet
  facet normal 0 0 1
    outer loop
      vertex 24.64 37.6078 26
      vertex 21.7842 37.1528 26
      vertex 22.1101 36.6748 26
    endloop
  endfacet
  facet normal 0 0 1
    outer loop
      vertex 24 41.5692 26
      vertex 21.2832 37.4421 26
      vertex 21.7842 37.1528 26
    endloop
  endfacet
  facet normal -0 0 1
    outer loop
      vertex 20.2493 40.1427 26
      vertex 21.2832 37.4421 26
      vertex 24 41.5692 26
    endloop
  endfacet
  facet normal 0 0 1
    outer loop
      vertex 20.2493 40.1427 26
      vertex 24 41.5692 26
      vertex 20.2857 43.5028 26
    endloop
  endfacet
  facet normal 0 0 1
    outer loop
      vertex 21.2832 37.4421 26
      vertex 20.2493 40.1427 26
      vertex 20.7062 37.4853 26
    endloop
  endfacet
  facet normal -0 0 1
    outer loop
      vertex 19.721 40.0222 26
      vertex 20.7062 37.4853 26
      vertex 20.2493 40.1427 26
    endloop
  endfacet
  facet normal 0 0 1
    outer loop
      vertex 20.7062 37.4853 26
      vertex 19.721 40.0222 26
      vertex 20.1677 37.274 26
    endloop
  endfacet
  facet normal -0 0 1
    outer loop
      vertex 19.1645 39.8037 26
      vertex 20.1677 37.274 26
      vertex 19.721 40.0222 26
    endloop
  endfacet
  facet normal -0 0 1
    outer loop
      vertex 18.6467 39.5048 26
      vertex 20.1677 37.274 26
      vertex 19.1645 39.8037 26
    endloop
  endfacet
  facet normal -0 0 1
    outer loop
      vertex 18.1793 39.1321 26
      vertex 20.1677 37.274 26
      vertex 18.6467 39.5048 26
    endloop
  endfacet
  facet normal 0 0 1
    outer loop
      vertex 47.2708 -8.3351 26
      vertex 44.3163 -7.81416 26
      vertex 46.3644 -12.4233 26
    endloop
  endfacet
  facet normal -0 0 1
    outer loop
      vertex 43.4667 -11.6469 26
      vertex 46.3644 -12.4233 26
      vertex 44.3163 -7.81416 26
    endloop
  endfacet
  facet normal 0 0 1
    outer loop
      vertex 46.3644 -12.4233 26
      vertex 43.4667 -11.6469 26
      vertex 45.1052 -16.417 26
    endloop
  endfacet
  facet normal -0 0 1
    outer loop
      vertex 42.2862 -15.3909 26
      vertex 45.1052 -16.417 26
      vertex 43.4667 -11.6469 26
    endloop
  endfacet
  facet normal 0 0 1
    outer loop
      vertex 45.1052 -16.417 26
      vertex 42.2862 -15.3909 26
      vertex 43.5028 -20.2857 26
    endloop
  endfacet
  facet normal -0 0 1
    outer loop
      vertex 40.7838 -19.0178 26
      vertex 43.5028 -20.2857 26
      vertex 42.2862 -15.3909 26
    endloop
  endfacet
  facet normal 0 0 1
    outer loop
      vertex 43.5028 -20.2857 26
      vertex 40.7838 -19.0178 26
      vertex 41.5692 -24 26
    endloop
  endfacet
  facet normal -0 0 1
    outer loop
      vertex 38.9711 -22.5 26
      vertex 41.5692 -24 26
      vertex 40.7838 -19.0178 26
    endloop
  endfacet
  facet normal 0 0 1
    outer loop
      vertex 41.5692 -24 26
      vertex 38.9711 -22.5 26
      vertex 39.3193 -27.5317 26
    endloop
  endfacet
  facet normal -0 0 1
    outer loop
      vertex 36.8618 -25.8109 26
      vertex 39.3193 -27.5317 26
      vertex 38.9711 -22.5 26
    endloop
  endfacet
  facet normal 0 0 1
    outer loop
      vertex 36.8618 -25.8109 26
      vertex 36.7701 -30.8538 26
      vertex 39.3193 -27.5317 26
    endloop
  endfacet
  facet normal -0 0 1
    outer loop
      vertex 34.472 -28.9254 26
      vertex 36.7701 -30.8538 26
      vertex 36.8618 -25.8109 26
    endloop
  endfacet
  facet normal 0 0 1
    outer loop
      vertex 34.472 -28.9254 26
      vertex 33.9411 -33.9411 26
      vertex 36.7701 -30.8538 26
    endloop
  endfacet
  facet normal -0 0 1
    outer loop
      vertex 31.8198 -31.8198 26
      vertex 33.9411 -33.9411 26
      vertex 34.472 -28.9254 26
    endloop
  endfacet
  facet normal 0 0 1
    outer loop
      vertex 31.8198 -31.8198 26
      vertex 30.8538 -36.7701 26
      vertex 33.9411 -33.9411 26
    endloop
  endfacet
  facet normal -0 0 1
    outer loop
      vertex 28.9254 -34.472 26
      vertex 30.8538 -36.7701 26
      vertex 31.8198 -31.8198 26
    endloop
  endfacet
  facet normal 0 0 1
    outer loop
      vertex 28.9254 -34.472 26
      vertex 27.5317 -39.3193 26
      vertex 30.8538 -36.7701 26
    endloop
  endfacet
  facet normal -0 0 1
    outer loop
      vertex 25.8109 -36.8618 26
      vertex 27.5317 -39.3193 26
      vertex 28.9254 -34.472 26
    endloop
  endfacet
  facet normal -0 0 1
    outer loop
      vertex 24.64 -37.6078 26
      vertex 27.5317 -39.3193 26
      vertex 25.8109 -36.8618 26
    endloop
  endfacet
  facet normal 0 0 1
    outer loop
      vertex 22.0258 -35.5499 26
      vertex 24.6235 -34.7385 26
      vertex 24.3641 -34.1999 26
    endloop
  endfacet
  facet normal 0 0 1
    outer loop
      vertex 22.0258 -35.5499 26
      vertex 24.3641 -34.1999 26
      vertex 24.0273 -33.7059 26
    endloop
  endfacet
  facet normal 0 0 1
    outer loop
      vertex 24.64 -37.6078 26
      vertex 24 -41.5692 26
      vertex 27.5317 -39.3193 26
    endloop
  endfacet
  facet normal -0 0 1
    outer loop
      vertex 22.1101 -36.6748 26
      vertex 24.7997 -37.0899 26
      vertex 22.1964 -36.1027 26
    endloop
  endfacet
  facet normal 0 0 1
    outer loop
      vertex 22.0258 -35.5499 26
      vertex 24.0273 -33.7059 26
      vertex 23.6207 -33.2677 26
    endloop
  endfacet
  facet normal 0 0 1
    outer loop
      vertex 21.6323 -35.1258 26
      vertex 23.6207 -33.2677 26
      vertex 23.1533 -32.8949 26
    endloop
  endfacet
  facet normal 0 0 1
    outer loop
      vertex 21.6323 -35.1258 26
      vertex 23.1533 -32.8949 26
      vertex 22.6355 -32.596 26
    endloop
  endfacet
  facet normal 0 0 1
    outer loop
      vertex 24.7997 -37.0899 26
      vertex 22.1101 -36.6748 26
      vertex 24.64 -37.6078 26
    endloop
  endfacet
  facet normal -0 0 1
    outer loop
      vertex 21.7842 -37.1528 26
      vertex 24.64 -37.6078 26
      vertex 22.1101 -36.6748 26
    endloop
  endfacet
  facet normal 0 0 1
    outer loop
      vertex 24.64 -37.6078 26
      vertex 21.7842 -37.1528 26
      vertex 24 -41.5692 26
    endloop
  endfacet
  facet normal -0 0 1
    outer loop
      vertex 21.2832 -37.4421 26
      vertex 24 -41.5692 26
      vertex 21.7842 -37.1528 26
    endloop
  endfacet
  facet normal 0 0 1
    outer loop
      vertex 20.2493 -40.1427 26
      vertex 21.2832 -37.4421 26
      vertex 20.7062 -37.4853 26
    endloop
  endfacet
  facet normal 0 0 1
    outer loop
      vertex 21.2832 -37.4421 26
      vertex 20.2493 -40.1427 26
      vertex 24 -41.5692 26
    endloop
  endfacet
  facet normal 0 0 1
    outer loop
      vertex 24 -41.5692 26
      vertex 20.2493 -40.1427 26
      vertex 20.2857 -43.5028 26
    endloop
  endfacet
  facet normal 0 0 1
    outer loop
      vertex 19.721 -40.0222 26
      vertex 20.7062 -37.4853 26
      vertex 20.1677 -37.274 26
    endloop
  endfacet
  facet normal 0 0 1
    outer loop
      vertex 18.1793 -39.1321 26
      vertex 20.1677 -37.274 26
      vertex 19.7742 -36.8499 26
    endloop
  endfacet
  facet normal 0 0 1
    outer loop
      vertex 20.7062 -37.4853 26
      vertex 19.721 -40.0222 26
      vertex 20.2493 -40.1427 26
    endloop
  endfacet
  facet normal 0 0 1
    outer loop
      vertex 17.1765 -37.6612 26
      vertex 19.7742 -36.8499 26
      vertex 19.6036 -36.297 26
    endloop
  endfacet
  facet normal -0 0 1
    outer loop
      vertex 17.7727 -33.7059 26
      vertex 20.0158 -35.2469 26
      vertex 18.1793 -33.2677 26
    endloop
  endfacet
  facet normal 0 0 1
    outer loop
      vertex 20.1677 -37.274 26
      vertex 19.1645 -39.8037 26
      vertex 19.721 -40.0222 26
    endloop
  endfacet
  facet normal 0 0 1
    outer loop
      vertex 20.0158 -35.2469 26
      vertex 17.7727 -33.7059 26
      vertex 19.6899 -35.7249 26
    endloop
  endfacet
  facet normal 0 0 1
    outer loop
      vertex 20.1677 -37.274 26
      vertex 18.6467 -39.5048 26
      vertex 19.1645 -39.8037 26
    endloop
  endfacet
  facet normal -0 0 1
    outer loop
      vertex 17.4359 -34.1999 26
      vertex 19.6899 -35.7249 26
      vertex 17.7727 -33.7059 26
    endloop
  endfacet
  facet normal 0 0 1
    outer loop
      vertex 20.1677 -37.274 26
      vertex 18.1793 -39.1321 26
      vertex 18.6467 -39.5048 26
    endloop
  endfacet
  facet normal -0 0 1
    outer loop
      vertex 17.1765 -34.7385 26
      vertex 19.6899 -35.7249 26
      vertex 17.4359 -34.1999 26
    endloop
  endfacet
  facet normal 0 0 1
    outer loop
      vertex 19.7742 -36.8499 26
      vertex 17.7727 -38.6938 26
      vertex 18.1793 -39.1321 26
    endloop
  endfacet
  facet normal -0 0 1
    outer loop
      vertex 17.0003 -35.3098 26
      vertex 19.6899 -35.7249 26
      vertex 17.1765 -34.7385 26
    endloop
  endfacet
  facet normal 0 0 1
    outer loop
      vertex 19.7742 -36.8499 26
      vertex 17.4359 -38.1999 26
      vertex 17.7727 -38.6938 26
    endloop
  endfacet
  facet normal 0 0 1
    outer loop
      vertex 19.6899 -35.7249 26
      vertex 17.0003 -35.3098 26
      vertex 19.6036 -36.297 26
    endloop
  endfacet
  facet normal 0 0 1
    outer loop
      vertex 19.7742 -36.8499 26
      vertex 17.1765 -37.6612 26
      vertex 17.4359 -38.1999 26
    endloop
  endfacet
  facet normal 0 0 1
    outer loop
      vertex 19.6036 -36.297 26
      vertex 17.0003 -37.0899 26
      vertex 17.1765 -37.6612 26
    endloop
  endfacet
  facet normal -0 0 1
    outer loop
      vertex 16.9112 -35.9009 26
      vertex 19.6036 -36.297 26
      vertex 17.0003 -35.3098 26
    endloop
  endfacet
  facet normal 0 0 1
    outer loop
      vertex 16.9112 -36.4988 26
      vertex 19.6036 -36.297 26
      vertex 16.9112 -35.9009 26
    endloop
  endfacet
  facet normal 0 0 1
    outer loop
      vertex 19.6036 -36.297 26
      vertex 16.9112 -36.4988 26
      vertex 17.0003 -37.0899 26
    endloop
  endfacet
  facet normal 0 0 1
    outer loop
      vertex 22.1964 36.1027 26
      vertex 24.8888 36.4988 26
      vertex 24.7997 37.0899 26
    endloop
  endfacet
  facet normal 0 0 1
    outer loop
      vertex 24.8888 36.4988 26
      vertex 22.1964 36.1027 26
      vertex 24.8888 35.9009 26
    endloop
  endfacet
  facet normal 0 0 1
    outer loop
      vertex 22.1964 36.1027 26
      vertex 24.7997 37.0899 26
      vertex 24.64 37.6078 26
    endloop
  endfacet
  facet normal 0 0 1
    outer loop
      vertex 24.8888 35.9009 26
      vertex 22.1964 36.1027 26
      vertex 24.7997 35.3098 26
    endloop
  endfacet
  facet normal 0 0 1
    outer loop
      vertex -12.4233 -46.3644 26
      vertex -10 -43.8318 26
      vertex -11.6469 -43.4667 26
    endloop
  endfacet
  facet normal 0 0 1
    outer loop
      vertex -10 -43.8318 26
      vertex -12.4233 -46.3644 26
      vertex -10 -46.9017 26
    endloop
  endfacet
  facet normal 0 0 1
    outer loop
      vertex -15.3909 -42.2862 26
      vertex -12.4233 -46.3644 26
      vertex -11.6469 -43.4667 26
    endloop
  endfacet
  facet normal 0 0 1
    outer loop
      vertex -15.3909 -42.2862 26
      vertex -16.417 -45.1052 26
      vertex -12.4233 -46.3644 26
    endloop
  endfacet
  facet normal 0 0 1
    outer loop
      vertex -19.0178 -40.7838 26
      vertex -16.417 -45.1052 26
      vertex -15.3909 -42.2862 26
    endloop
  endfacet
  facet normal 0 0 1
    outer loop
      vertex -19.0178 -40.7838 26
      vertex -20.2857 -43.5028 26
      vertex -16.417 -45.1052 26
    endloop
  endfacet
  facet normal 0 0 1
    outer loop
      vertex -22.5 -38.9711 26
      vertex -20.2857 -43.5028 26
      vertex -19.0178 -40.7838 26
    endloop
  endfacet
  facet normal 0 0 1
    outer loop
      vertex -22.5 -38.9711 26
      vertex -24 -41.5692 26
      vertex -20.2857 -43.5028 26
    endloop
  endfacet
  facet normal 0 0 1
    outer loop
      vertex -25.8109 -36.8618 26
      vertex -24 -41.5692 26
      vertex -22.5 -38.9711 26
    endloop
  endfacet
  facet normal 0 0 1
    outer loop
      vertex -25.8109 -36.8618 26
      vertex -27.5317 -39.3193 26
      vertex -24 -41.5692 26
    endloop
  endfacet
  facet normal 0 0 1
    outer loop
      vertex -28.9254 -34.472 26
      vertex -27.5317 -39.3193 26
      vertex -25.8109 -36.8618 26
    endloop
  endfacet
  facet normal 0 0 1
    outer loop
      vertex -28.9254 -34.472 26
      vertex -30.8538 -36.7701 26
      vertex -27.5317 -39.3193 26
    endloop
  endfacet
  facet normal 0 0 1
    outer loop
      vertex -31.8198 -31.8198 26
      vertex -30.8538 -36.7701 26
      vertex -28.9254 -34.472 26
    endloop
  endfacet
  facet normal 0 0 1
    outer loop
      vertex -31.8198 -31.8198 26
      vertex -33.9411 -33.9411 26
      vertex -30.8538 -36.7701 26
    endloop
  endfacet
  facet normal 0 0 1
    outer loop
      vertex -34.472 -28.9254 26
      vertex -33.9411 -33.9411 26
      vertex -31.8198 -31.8198 26
    endloop
  endfacet
  facet normal 0 0 1
    outer loop
      vertex -34.472 -28.9254 26
      vertex -36.7701 -30.8538 26
      vertex -33.9411 -33.9411 26
    endloop
  endfacet
  facet normal 0 0 1
    outer loop
      vertex -36.8618 -25.8109 26
      vertex -36.7701 -30.8538 26
      vertex -34.472 -28.9254 26
    endloop
  endfacet
  facet normal 0 0 1
    outer loop
      vertex -39.3193 -27.5317 26
      vertex -36.8618 -25.8109 26
      vertex -38.9711 -22.5 26
    endloop
  endfacet
  facet normal 0 0 1
    outer loop
      vertex -36.8618 -25.8109 26
      vertex -39.3193 -27.5317 26
      vertex -36.7701 -30.8538 26
    endloop
  endfacet
  facet normal 0 0 1
    outer loop
      vertex -41.5692 -24 26
      vertex -38.9711 -22.5 26
      vertex -40.7838 -19.0178 26
    endloop
  endfacet
  facet normal 0 0 1
    outer loop
      vertex -38.9711 -22.5 26
      vertex -41.5692 -24 26
      vertex -39.3193 -27.5317 26
    endloop
  endfacet
  facet normal 0 0 1
    outer loop
      vertex -43.5028 -20.2857 26
      vertex -40.7838 -19.0178 26
      vertex -42.2862 -15.3909 26
    endloop
  endfacet
  facet normal 0 0 1
    outer loop
      vertex -45.1052 -16.417 26
      vertex -42.2862 -15.3909 26
      vertex -43.4667 -11.6469 26
    endloop
  endfacet
  facet normal 0 0 1
    outer loop
      vertex -40.7838 -19.0178 26
      vertex -43.5028 -20.2857 26
      vertex -41.5692 -24 26
    endloop
  endfacet
  facet normal 0 0 1
    outer loop
      vertex -46.3644 -12.4233 26
      vertex -43.4667 -11.6469 26
      vertex -44.3163 -7.81416 26
    endloop
  endfacet
  facet normal 0 0 1
    outer loop
      vertex -47.2708 -8.3351 26
      vertex -44.3163 -7.81416 26
      vertex -44.8288 -3.922 26
    endloop
  endfacet
  facet normal 0 0 1
    outer loop
      vertex -42.2862 -15.3909 26
      vertex -45.1052 -16.417 26
      vertex -43.5028 -20.2857 26
    endloop
  endfacet
  facet normal 0 0 1
    outer loop
      vertex -47.8173 -4.18347 26
      vertex -44.8288 -3.922 26
      vertex -44.8893 -2.53492 26
    endloop
  endfacet
  facet normal -0 0 1
    outer loop
      vertex -47.8173 4.18347 26
      vertex -44.8288 3.922 26
      vertex -47.2708 8.3351 26
    endloop
  endfacet
  facet normal 0 0 1
    outer loop
      vertex -44.8288 3.922 26
      vertex -47.8173 4.18347 26
      vertex -44.8893 2.53492 26
    endloop
  endfacet
  facet normal 0 0 1
    outer loop
      vertex -43.4667 -11.6469 26
      vertex -46.3644 -12.4233 26
      vertex -45.1052 -16.417 26
    endloop
  endfacet
  facet normal 0 0 1
    outer loop
      vertex -48 0 26
      vertex -44.8893 2.53492 26
      vertex -47.8173 4.18347 26
    endloop
  endfacet
  facet normal 0 0 1
    outer loop
      vertex -44.3163 -7.81416 26
      vertex -47.2708 -8.3351 26
      vertex -46.3644 -12.4233 26
    endloop
  endfacet
  facet normal 0 0 1
    outer loop
      vertex -44.8893 2.53492 26
      vertex -48 0 26
      vertex -44.8893 -2.53492 26
    endloop
  endfacet
  facet normal 0 0 1
    outer loop
      vertex -44.8288 -3.922 26
      vertex -47.8173 -4.18347 26
      vertex -47.2708 -8.3351 26
    endloop
  endfacet
  facet normal 0 0 1
    outer loop
      vertex -44.8893 -2.53492 26
      vertex -48 0 26
      vertex -47.8173 -4.18347 26
    endloop
  endfacet
  facet normal 0 0 1
    outer loop
      vertex -10 -43.8318 26
      vertex 10 -43.8318 26
      vertex 10 -43.5 26
    endloop
  endfacet
  facet normal 0 0 1
    outer loop
      vertex 10 -43.8318 26
      vertex -10 -43.8318 26
      vertex 10 -46.9017 26
    endloop
  endfacet
  facet normal 0 0 1
    outer loop
      vertex -10 -43.8318 26
      vertex 10 -43.5 26
      vertex -10 -43.5 26
    endloop
  endfacet
  facet normal 0 0 1
    outer loop
      vertex 10 -46.9017 26
      vertex -10 -43.8318 26
      vertex -10 -46.9017 26
    endloop
  endfacet
  facet normal 0 0 1
    outer loop
      vertex 10 -46.9017 26
      vertex -10 -46.9017 26
      vertex 10 -58 26
    endloop
  endfacet
  facet normal 0 0 1
    outer loop
      vertex 10 -58 26
      vertex -10 -46.9017 26
      vertex -10 -58 26
    endloop
  endfacet
  facet normal 0 0 1
    outer loop
      vertex -40.5326 0.289277 26
      vertex -37.8112 0.29892 26
      vertex -37.9003 0.890083 26
    endloop
  endfacet
  facet normal 0 0 1
    outer loop
      vertex -37.8112 0.29892 26
      vertex -40.5326 0.289277 26
      vertex -37.8112 -0.29892 26
    endloop
  endfacet
  facet normal 0 0 1
    outer loop
      vertex -40.5326 0.289277 26
      vertex -37.9003 0.890083 26
      vertex -38.0765 1.46136 26
    endloop
  endfacet
  facet normal -0 0 1
    outer loop
      vertex -40.5326 -0.289277 26
      vertex -37.8112 -0.29892 26
      vertex -40.5326 0.289277 26
    endloop
  endfacet
  facet normal 0 0 1
    outer loop
      vertex -40.5326 0.289277 26
      vertex -38.0765 1.46136 26
      vertex -38.3359 2 26
    endloop
  endfacet
  facet normal 0 0 1
    outer loop
      vertex -37.8112 -0.29892 26
      vertex -40.5326 -0.289277 26
      vertex -37.9003 -0.890083 26
    endloop
  endfacet
  facet normal 0 0 1
    outer loop
      vertex -40.7836 0.810536 26
      vertex -38.3359 2 26
      vertex -38.6727 2.49396 26
    endloop
  endfacet
  facet normal 0 0 1
    outer loop
      vertex -37.9003 -0.890083 26
      vertex -40.5326 -0.289277 26
      vertex -38.0765 -1.46136 26
    endloop
  endfacet
  facet normal 0 0 1
    outer loop
      vertex -40.7836 0.810536 26
      vertex -38.6727 2.49396 26
      vertex -39.0793 2.93221 26
    endloop
  endfacet
  facet normal 0 0 1
    outer loop
      vertex -38.0765 -1.46136 26
      vertex -40.5326 -0.289277 26
      vertex -38.3359 -2 26
    endloop
  endfacet
  facet normal 0 0 1
    outer loop
      vertex -40.7836 0.810536 26
      vertex -39.0793 2.93221 26
      vertex -39.5467 3.30495 26
    endloop
  endfacet
  facet normal -0 0 1
    outer loop
      vertex -40.7836 -0.810536 26
      vertex -38.3359 -2 26
      vertex -40.5326 -0.289277 26
    endloop
  endfacet
  facet normal 0 0 1
    outer loop
      vertex -41.236 1.17126 26
      vertex -39.5467 3.30495 26
      vertex -40.0645 3.60388 26
    endloop
  endfacet
  facet normal 0 0 1
    outer loop
      vertex -38.3359 -2 26
      vertex -40.7836 -0.810536 26
      vertex -38.6727 -2.49396 26
    endloop
  endfacet
  facet normal 0 0 1
    outer loop
      vertex -38.6727 -2.49396 26
      vertex -40.7836 -0.810536 26
      vertex -39.0793 -2.93221 26
    endloop
  endfacet
  facet normal 0 0 1
    outer loop
      vertex -41.236 1.17126 26
      vertex -40.0645 3.60388 26
      vertex -40.621 3.82229 26
    endloop
  endfacet
  facet normal 0 0 1
    outer loop
      vertex -38.3359 2 26
      vertex -40.7836 0.810536 26
      vertex -40.5326 0.289277 26
    endloop
  endfacet
  facet normal 0 0 1
    outer loop
      vertex -41.236 1.17126 26
      vertex -40.621 3.82229 26
      vertex -41.2038 3.95532 26
    endloop
  endfacet
  facet normal 0 0 1
    outer loop
      vertex -39.5467 3.30495 26
      vertex -41.236 1.17126 26
      vertex -40.7836 0.810536 26
    endloop
  endfacet
  facet normal 0 0 1
    outer loop
      vertex -41.8 1.3 26
      vertex -41.2038 3.95532 26
      vertex -41.8 4 26
    endloop
  endfacet
  facet normal 0 0 1
    outer loop
      vertex -41.2038 3.95532 26
      vertex -41.8 1.3 26
      vertex -41.236 1.17126 26
    endloop
  endfacet
  facet normal -0 0 1
    outer loop
      vertex -42.3962 3.95532 26
      vertex -41.8 1.3 26
      vertex -41.8 4 26
    endloop
  endfacet
  facet normal 0 0 1
    outer loop
      vertex -41.8 1.3 26
      vertex -42.3962 3.95532 26
      vertex -42.364 1.17126 26
    endloop
  endfacet
  facet normal -0 0 1
    outer loop
      vertex -42.979 3.82229 26
      vertex -42.364 1.17126 26
      vertex -42.3962 3.95532 26
    endloop
  endfacet
  facet normal -0 0 1
    outer loop
      vertex -43.5355 3.60388 26
      vertex -42.364 1.17126 26
      vertex -42.979 3.82229 26
    endloop
  endfacet
  facet normal -0 0 1
    outer loop
      vertex -44.0533 3.30495 26
      vertex -42.364 1.17126 26
      vertex -43.5355 3.60388 26
    endloop
  endfacet
  facet normal -0 0 1
    outer loop
      vertex -44.5207 2.93221 26
      vertex -42.8164 0.810536 26
      vertex -44.0533 3.30495 26
    endloop
  endfacet
  facet normal 0 0 1
    outer loop
      vertex -42.364 1.17126 26
      vertex -44.0533 3.30495 26
      vertex -42.8164 0.810536 26
    endloop
  endfacet
  facet normal 0 0 1
    outer loop
      vertex -39.0793 -2.93221 26
      vertex -40.7836 -0.810536 26
      vertex -39.5467 -3.30495 26
    endloop
  endfacet
  facet normal -0 0 1
    outer loop
      vertex -41.236 -1.17126 26
      vertex -39.5467 -3.30495 26
      vertex -40.7836 -0.810536 26
    endloop
  endfacet
  facet normal 0 0 1
    outer loop
      vertex -39.5467 -3.30495 26
      vertex -41.236 -1.17126 26
      vertex -40.0645 -3.60388 26
    endloop
  endfacet
  facet normal 0 0 1
    outer loop
      vertex -40.0645 -3.60388 26
      vertex -41.236 -1.17126 26
      vertex -40.621 -3.82229 26
    endloop
  endfacet
  facet normal 0 0 1
    outer loop
      vertex -40.621 -3.82229 26
      vertex -41.236 -1.17126 26
      vertex -41.2038 -3.95532 26
    endloop
  endfacet
  facet normal -0 0 1
    outer loop
      vertex -41.8 -1.3 26
      vertex -41.2038 -3.95532 26
      vertex -41.236 -1.17126 26
    endloop
  endfacet
  facet normal 0 0 1
    outer loop
      vertex -41.8 -1.3 26
      vertex -41.8 -4 26
      vertex -41.2038 -3.95532 26
    endloop
  endfacet
  facet normal 0 0 1
    outer loop
      vertex -42.3962 -3.95532 26
      vertex -41.8 -1.3 26
      vertex -42.364 -1.17126 26
    endloop
  endfacet
  facet normal 0 0 1
    outer loop
      vertex -41.8 -1.3 26
      vertex -42.3962 -3.95532 26
      vertex -41.8 -4 26
    endloop
  endfacet
  facet normal 0 0 1
    outer loop
      vertex -44.0533 -3.30495 26
      vertex -42.364 -1.17126 26
      vertex -42.8164 -0.810536 26
    endloop
  endfacet
  facet normal 0 0 1
    outer loop
      vertex -42.364 -1.17126 26
      vertex -42.979 -3.82229 26
      vertex -42.3962 -3.95532 26
    endloop
  endfacet
  facet normal 0 0 1
    outer loop
      vertex -44.8893 -2.53492 26
      vertex -42.8164 -0.810536 26
      vertex -43.0674 -0.289277 26
    endloop
  endfacet
  facet normal -0 0 1
    outer loop
      vertex -44.8893 2.53492 26
      vertex -42.8164 0.810536 26
      vertex -44.5207 2.93221 26
    endloop
  endfacet
  facet normal 0 0 1
    outer loop
      vertex -42.364 -1.17126 26
      vertex -43.5355 -3.60388 26
      vertex -42.979 -3.82229 26
    endloop
  endfacet
  facet normal 0 0 1
    outer loop
      vertex -42.8164 0.810536 26
      vertex -44.8893 2.53492 26
      vertex -43.0674 0.289277 26
    endloop
  endfacet
  facet normal 0 0 1
    outer loop
      vertex -42.364 -1.17126 26
      vertex -44.0533 -3.30495 26
      vertex -43.5355 -3.60388 26
    endloop
  endfacet
  facet normal 0 0 1
    outer loop
      vertex -43.0674 0.289277 26
      vertex -44.8893 2.53492 26
      vertex -43.0674 -0.289277 26
    endloop
  endfacet
  facet normal 0 0 1
    outer loop
      vertex -42.8164 -0.810536 26
      vertex -44.5207 -2.93221 26
      vertex -44.0533 -3.30495 26
    endloop
  endfacet
  facet normal 0 0 1
    outer loop
      vertex -44.8893 -2.53492 26
      vertex -43.0674 -0.289277 26
      vertex -44.8893 2.53492 26
    endloop
  endfacet
  facet normal 0 0 1
    outer loop
      vertex -42.8164 -0.810536 26
      vertex -44.8893 -2.53492 26
      vertex -44.5207 -2.93221 26
    endloop
  endfacet
  facet normal 0 0 1
    outer loop
      vertex 20.2857 43.5028 26
      vertex 19.0178 40.7838 26
      vertex 20.2493 40.1427 26
    endloop
  endfacet
  facet normal 0 0 1
    outer loop
      vertex 16.417 45.1052 26
      vertex 19.0178 40.7838 26
      vertex 20.2857 43.5028 26
    endloop
  endfacet
  facet normal 0 0 1
    outer loop
      vertex 16.417 45.1052 26
      vertex 15.3909 42.2862 26
      vertex 19.0178 40.7838 26
    endloop
  endfacet
  facet normal 0 0 1
    outer loop
      vertex 12.4233 46.3644 26
      vertex 15.3909 42.2862 26
      vertex 16.417 45.1052 26
    endloop
  endfacet
  facet normal 0 0 1
    outer loop
      vertex 12.4233 46.3644 26
      vertex 11.6469 43.4667 26
      vertex 15.3909 42.2862 26
    endloop
  endfacet
  facet normal 0 0 1
    outer loop
      vertex 8.3351 47.2708 26
      vertex 11.6469 43.4667 26
      vertex 12.4233 46.3644 26
    endloop
  endfacet
  facet normal 0 0 1
    outer loop
      vertex 8.3351 47.2708 26
      vertex 7.81416 44.3163 26
      vertex 11.6469 43.4667 26
    endloop
  endfacet
  facet normal 0 0 1
    outer loop
      vertex 4.18347 47.8173 26
      vertex 7.81416 44.3163 26
      vertex 8.3351 47.2708 26
    endloop
  endfacet
  facet normal 0 0 1
    outer loop
      vertex 4.18347 47.8173 26
      vertex 3.922 44.8288 26
      vertex 7.81416 44.3163 26
    endloop
  endfacet
  facet normal 0 0 1
    outer loop
      vertex 0 48 26
      vertex 3.922 44.8288 26
      vertex 4.18347 47.8173 26
    endloop
  endfacet
  facet normal 0 0 1
    outer loop
      vertex 0 48 26
      vertex 0 45 26
      vertex 3.922 44.8288 26
    endloop
  endfacet
  facet normal 0 0 1
    outer loop
      vertex 0 48 26
      vertex -3.922 44.8288 26
      vertex 0 45 26
    endloop
  endfacet
  facet normal -0 0 1
    outer loop
      vertex -4.18347 47.8173 26
      vertex -3.922 44.8288 26
      vertex 0 48 26
    endloop
  endfacet
  facet normal 0 0 1
    outer loop
      vertex -4.18347 47.8173 26
      vertex -7.81416 44.3163 26
      vertex -3.922 44.8288 26
    endloop
  endfacet
  facet normal -0 0 1
    outer loop
      vertex -8.3351 47.2708 26
      vertex -7.81416 44.3163 26
      vertex -4.18347 47.8173 26
    endloop
  endfacet
  facet normal 0 0 1
    outer loop
      vertex -8.3351 47.2708 26
      vertex -11.6469 43.4667 26
      vertex -7.81416 44.3163 26
    endloop
  endfacet
  facet normal -0 0 1
    outer loop
      vertex -12.4233 46.3644 26
      vertex -11.6469 43.4667 26
      vertex -8.3351 47.2708 26
    endloop
  endfacet
  facet normal 0 0 1
    outer loop
      vertex -12.4233 46.3644 26
      vertex -15.3909 42.2862 26
      vertex -11.6469 43.4667 26
    endloop
  endfacet
  facet normal -0 0 1
    outer loop
      vertex -16.417 45.1052 26
      vertex -15.3909 42.2862 26
      vertex -12.4233 46.3644 26
    endloop
  endfacet
  facet normal 0 0 1
    outer loop
      vertex -16.417 45.1052 26
      vertex -19.0178 40.7838 26
      vertex -15.3909 42.2862 26
    endloop
  endfacet
  facet normal -0 0 1
    outer loop
      vertex -20.2857 43.5028 26
      vertex -19.0178 40.7838 26
      vertex -16.417 45.1052 26
    endloop
  endfacet
  facet normal 0 0 1
    outer loop
      vertex -20.2857 43.5028 26
      vertex -22.5 38.9711 26
      vertex -19.0178 40.7838 26
    endloop
  endfacet
  facet normal -0 0 1
    outer loop
      vertex -24 41.5692 26
      vertex -22.5 38.9711 26
      vertex -20.2857 43.5028 26
    endloop
  endfacet
  facet normal 0 0 1
    outer loop
      vertex -24 41.5692 26
      vertex -25.8109 36.8618 26
      vertex -22.5 38.9711 26
    endloop
  endfacet
  facet normal -0 0 1
    outer loop
      vertex -27.5317 39.3193 26
      vertex -25.8109 36.8618 26
      vertex -24 41.5692 26
    endloop
  endfacet
  facet normal 0 0 1
    outer loop
      vertex -27.5317 39.3193 26
      vertex -28.9254 34.472 26
      vertex -25.8109 36.8618 26
    endloop
  endfacet
  facet normal -0 0 1
    outer loop
      vertex -30.8538 36.7701 26
      vertex -28.9254 34.472 26
      vertex -27.5317 39.3193 26
    endloop
  endfacet
  facet normal 0 0 1
    outer loop
      vertex -30.8538 36.7701 26
      vertex -31.8198 31.8198 26
      vertex -28.9254 34.472 26
    endloop
  endfacet
  facet normal -0 0 1
    outer loop
      vertex -33.9411 33.9411 26
      vertex -31.8198 31.8198 26
      vertex -30.8538 36.7701 26
    endloop
  endfacet
  facet normal 0 0 1
    outer loop
      vertex -33.9411 33.9411 26
      vertex -34.472 28.9254 26
      vertex -31.8198 31.8198 26
    endloop
  endfacet
  facet normal -0 0 1
    outer loop
      vertex -36.7701 30.8538 26
      vertex -34.472 28.9254 26
      vertex -33.9411 33.9411 26
    endloop
  endfacet
  facet normal 0 0 1
    outer loop
      vertex -36.7701 30.8538 26
      vertex -36.8618 25.8109 26
      vertex -34.472 28.9254 26
    endloop
  endfacet
  facet normal -0 0 1
    outer loop
      vertex -39.3193 27.5317 26
      vertex -36.8618 25.8109 26
      vertex -36.7701 30.8538 26
    endloop
  endfacet
  facet normal 0 0 1
    outer loop
      vertex -36.8618 25.8109 26
      vertex -39.3193 27.5317 26
      vertex -38.9711 22.5 26
    endloop
  endfacet
  facet normal -0 0 1
    outer loop
      vertex -41.5692 24 26
      vertex -38.9711 22.5 26
      vertex -39.3193 27.5317 26
    endloop
  endfacet
  facet normal 0 0 1
    outer loop
      vertex -38.9711 22.5 26
      vertex -41.5692 24 26
      vertex -40.7838 19.0178 26
    endloop
  endfacet
  facet normal -0 0 1
    outer loop
      vertex -43.5028 20.2857 26
      vertex -40.7838 19.0178 26
      vertex -41.5692 24 26
    endloop
  endfacet
  facet normal 0 0 1
    outer loop
      vertex -40.7838 19.0178 26
      vertex -43.5028 20.2857 26
      vertex -42.2862 15.3909 26
    endloop
  endfacet
  facet normal -0 0 1
    outer loop
      vertex -45.1052 16.417 26
      vertex -42.2862 15.3909 26
      vertex -43.5028 20.2857 26
    endloop
  endfacet
  facet normal 0 0 1
    outer loop
      vertex -42.2862 15.3909 26
      vertex -45.1052 16.417 26
      vertex -43.4667 11.6469 26
    endloop
  endfacet
  facet normal -0 0 1
    outer loop
      vertex -46.3644 12.4233 26
      vertex -43.4667 11.6469 26
      vertex -45.1052 16.417 26
    endloop
  endfacet
  facet normal 0 0 1
    outer loop
      vertex -44.3163 7.81416 26
      vertex -47.2708 8.3351 26
      vertex -44.8288 3.922 26
    endloop
  endfacet
  facet normal -0 0 1
    outer loop
      vertex -47.2708 8.3351 26
      vertex -44.3163 7.81416 26
      vertex -46.3644 12.4233 26
    endloop
  endfacet
  facet normal 0 0 1
    outer loop
      vertex -43.4667 11.6469 26
      vertex -46.3644 12.4233 26
      vertex -44.3163 7.81416 26
    endloop
  endfacet
  facet normal 0 0 1
    outer loop
      vertex 21.6323 -35.1258 26
      vertex 22.6355 -32.596 26
      vertex 22.079 -32.3776 26
    endloop
  endfacet
  facet normal 0 0 1
    outer loop
      vertex 24.6235 -34.7385 26
      vertex 22.0258 -35.5499 26
      vertex 22.1964 -36.1027 26
    endloop
  endfacet
  facet normal 0 0 1
    outer loop
      vertex 23.6207 -33.2677 26
      vertex 21.6323 -35.1258 26
      vertex 22.0258 -35.5499 26
    endloop
  endfacet
  facet normal 0 0 1
    outer loop
      vertex 21.0938 -34.9144 26
      vertex 22.079 -32.3776 26
      vertex 21.4962 -32.2445 26
    endloop
  endfacet
  facet normal 0 0 1
    outer loop
      vertex 22.079 -32.3776 26
      vertex 21.0938 -34.9144 26
      vertex 21.6323 -35.1258 26
    endloop
  endfacet
  facet normal 0 0 1
    outer loop
      vertex 20.9 -32.1999 26
      vertex 21.0938 -34.9144 26
      vertex 21.4962 -32.2445 26
    endloop
  endfacet
  facet normal 0 0 1
    outer loop
      vertex 20.9 -32.1999 26
      vertex 20.5168 -34.9576 26
      vertex 21.0938 -34.9144 26
    endloop
  endfacet
  facet normal -0 0 1
    outer loop
      vertex 20.3038 -32.2445 26
      vertex 20.5168 -34.9576 26
      vertex 20.9 -32.1999 26
    endloop
  endfacet
  facet normal -0 0 1
    outer loop
      vertex 19.721 -32.3776 26
      vertex 20.5168 -34.9576 26
      vertex 20.3038 -32.2445 26
    endloop
  endfacet
  facet normal -0 0 1
    outer loop
      vertex 19.1645 -32.596 26
      vertex 20.5168 -34.9576 26
      vertex 19.721 -32.3776 26
    endloop
  endfacet
  facet normal 0 0 1
    outer loop
      vertex 20.5168 -34.9576 26
      vertex 19.1645 -32.596 26
      vertex 20.0158 -35.2469 26
    endloop
  endfacet
  facet normal -0 0 1
    outer loop
      vertex 18.6467 -32.8949 26
      vertex 20.0158 -35.2469 26
      vertex 19.1645 -32.596 26
    endloop
  endfacet
  facet normal -0 0 1
    outer loop
      vertex 18.1793 -33.2677 26
      vertex 20.0158 -35.2469 26
      vertex 18.6467 -32.8949 26
    endloop
  endfacet
  facet normal 0 0 1
    outer loop
      vertex 23.6207 33.2677 26
      vertex 21.6323 35.1258 26
      vertex 23.1533 32.8949 26
    endloop
  endfacet
  facet normal 0 0 1
    outer loop
      vertex 23.1533 32.8949 26
      vertex 21.6323 35.1258 26
      vertex 22.6355 32.596 26
    endloop
  endfacet
  facet normal 0 0 1
    outer loop
      vertex 22.6355 32.596 26
      vertex 21.6323 35.1258 26
      vertex 22.079 32.3776 26
    endloop
  endfacet
  facet normal -0 0 1
    outer loop
      vertex 21.0938 34.9144 26
      vertex 22.079 32.3776 26
      vertex 21.6323 35.1258 26
    endloop
  endfacet
  facet normal 0 0 1
    outer loop
      vertex 22.079 32.3776 26
      vertex 21.0938 34.9144 26
      vertex 21.4962 32.2445 26
    endloop
  endfacet
  facet normal 0 0 1
    outer loop
      vertex 21.0938 34.9144 26
      vertex 20.9 32.1999 26
      vertex 21.4962 32.2445 26
    endloop
  endfacet
  facet normal 0 0 1
    outer loop
      vertex 20.5168 34.9576 26
      vertex 20.9 32.1999 26
      vertex 21.0938 34.9144 26
    endloop
  endfacet
  facet normal 0 0 1
    outer loop
      vertex 20.5168 34.9576 26
      vertex 20.3038 32.2445 26
      vertex 20.9 32.1999 26
    endloop
  endfacet
  facet normal 0 0 1
    outer loop
      vertex 19.1645 32.596 26
      vertex 20.5168 34.9576 26
      vertex 20.0158 35.2469 26
    endloop
  endfacet
  facet normal 0 0 1
    outer loop
      vertex 20.5168 34.9576 26
      vertex 19.721 32.3776 26
      vertex 20.3038 32.2445 26
    endloop
  endfacet
  facet normal 0 0 1
    outer loop
      vertex 17.7727 33.7059 26
      vertex 20.0158 35.2469 26
      vertex 19.6899 35.7249 26
    endloop
  endfacet
  facet normal 0 0 1
    outer loop
      vertex 17.0003 35.3098 26
      vertex 19.6899 35.7249 26
      vertex 19.6036 36.297 26
    endloop
  endfacet
  facet normal 0 0 1
    outer loop
      vertex 20.1677 37.274 26
      vertex 18.1793 39.1321 26
      vertex 19.7742 36.8499 26
    endloop
  endfacet
  facet normal 0 0 1
    outer loop
      vertex 20.5168 34.9576 26
      vertex 19.1645 32.596 26
      vertex 19.721 32.3776 26
    endloop
  endfacet
  facet normal 0 0 1
    outer loop
      vertex 20.0158 35.2469 26
      vertex 18.6467 32.8949 26
      vertex 19.1645 32.596 26
    endloop
  endfacet
  facet normal -0 0 1
    outer loop
      vertex 17.7727 38.6938 26
      vertex 19.7742 36.8499 26
      vertex 18.1793 39.1321 26
    endloop
  endfacet
  facet normal -0 0 1
    outer loop
      vertex 17.4359 38.1999 26
      vertex 19.7742 36.8499 26
      vertex 17.7727 38.6938 26
    endloop
  endfacet
  facet normal 0 0 1
    outer loop
      vertex 20.0158 35.2469 26
      vertex 18.1793 33.2677 26
      vertex 18.6467 32.8949 26
    endloop
  endfacet
  facet normal -0 0 1
    outer loop
      vertex 17.1765 37.6612 26
      vertex 19.7742 36.8499 26
      vertex 17.4359 38.1999 26
    endloop
  endfacet
  facet normal 0 0 1
    outer loop
      vertex 20.0158 35.2469 26
      vertex 17.7727 33.7059 26
      vertex 18.1793 33.2677 26
    endloop
  endfacet
  facet normal 0 0 1
    outer loop
      vertex 19.7742 36.8499 26
      vertex 17.1765 37.6612 26
      vertex 19.6036 36.297 26
    endloop
  endfacet
  facet normal 0 0 1
    outer loop
      vertex 19.6899 35.7249 26
      vertex 17.4359 34.1999 26
      vertex 17.7727 33.7059 26
    endloop
  endfacet
  facet normal -0 0 1
    outer loop
      vertex 17.0003 37.0899 26
      vertex 19.6036 36.297 26
      vertex 17.1765 37.6612 26
    endloop
  endfacet
  facet normal 0 0 1
    outer loop
      vertex 19.6899 35.7249 26
      vertex 17.1765 34.7385 26
      vertex 17.4359 34.1999 26
    endloop
  endfacet
  facet normal -0 0 1
    outer loop
      vertex 16.9112 36.4988 26
      vertex 19.6036 36.297 26
      vertex 17.0003 37.0899 26
    endloop
  endfacet
  facet normal 0 0 1
    outer loop
      vertex 19.6899 35.7249 26
      vertex 17.0003 35.3098 26
      vertex 17.1765 34.7385 26
    endloop
  endfacet
  facet normal 0 0 1
    outer loop
      vertex 19.6036 36.297 26
      vertex 16.9112 35.9009 26
      vertex 17.0003 35.3098 26
    endloop
  endfacet
  facet normal 0 0 1
    outer loop
      vertex 19.6036 36.297 26
      vertex 16.9112 36.4988 26
      vertex 16.9112 35.9009 26
    endloop
  endfacet
  facet normal -0 0 1
    outer loop
      vertex 19.0178 -40.7838 26
      vertex 20.2857 -43.5028 26
      vertex 20.2493 -40.1427 26
    endloop
  endfacet
  facet normal 0 0 1
    outer loop
      vertex 19.0178 -40.7838 26
      vertex 16.417 -45.1052 26
      vertex 20.2857 -43.5028 26
    endloop
  endfacet
  facet normal -0 0 1
    outer loop
      vertex 15.3909 -42.2862 26
      vertex 16.417 -45.1052 26
      vertex 19.0178 -40.7838 26
    endloop
  endfacet
  facet normal 0 0 1
    outer loop
      vertex 15.3909 -42.2862 26
      vertex 12.4233 -46.3644 26
      vertex 16.417 -45.1052 26
    endloop
  endfacet
  facet normal -0 0 1
    outer loop
      vertex 11.6469 -43.4667 26
      vertex 12.4233 -46.3644 26
      vertex 15.3909 -42.2862 26
    endloop
  endfacet
  facet normal -0 0 1
    outer loop
      vertex 10 -43.8318 26
      vertex 12.4233 -46.3644 26
      vertex 11.6469 -43.4667 26
    endloop
  endfacet
  facet normal 0 0 1
    outer loop
      vertex 12.4233 -46.3644 26
      vertex 10 -43.8318 26
      vertex 10 -46.9017 26
    endloop
  endfacet
  facet normal 0.216435 0.976297 -0
    outer loop
      vertex -10 -43.8318 2.4
      vertex -11.6469 -43.4667 26
      vertex -10 -43.8318 26
    endloop
  endfacet
  facet normal 0.216435 0.976297 0
    outer loop
      vertex -11.6469 -43.4667 26
      vertex -10 -43.8318 2.4
      vertex -11.6469 -43.4667 2.4
    endloop
  endfacet
  facet normal 0.300711 0.953715 -0
    outer loop
      vertex -11.6469 -43.4667 2.4
      vertex -15.3909 -42.2862 26
      vertex -11.6469 -43.4667 26
    endloop
  endfacet
  facet normal 0.300711 0.953715 0
    outer loop
      vertex -15.3909 -42.2862 26
      vertex -11.6469 -43.4667 2.4
      vertex -15.3909 -42.2862 2.4
    endloop
  endfacet
  facet normal 0.382703 0.923872 -0
    outer loop
      vertex -15.3909 -42.2862 2.4
      vertex -19.0178 -40.7838 26
      vertex -15.3909 -42.2862 26
    endloop
  endfacet
  facet normal 0.382703 0.923872 0
    outer loop
      vertex -19.0178 -40.7838 26
      vertex -15.3909 -42.2862 2.4
      vertex -19.0178 -40.7838 2.4
    endloop
  endfacet
  facet normal 0.461745 0.887013 -0
    outer loop
      vertex -19.0178 -40.7838 2.4
      vertex -22.5 -38.9711 26
      vertex -19.0178 -40.7838 26
    endloop
  endfacet
  facet normal 0.461745 0.887013 0
    outer loop
      vertex -22.5 -38.9711 26
      vertex -19.0178 -40.7838 2.4
      vertex -22.5 -38.9711 2.4
    endloop
  endfacet
  facet normal 0.537304 0.843389 -0
    outer loop
      vertex -22.5 -38.9711 2.4
      vertex -25.8109 -36.8618 26
      vertex -22.5 -38.9711 26
    endloop
  endfacet
  facet normal 0.537304 0.843389 0
    outer loop
      vertex -25.8109 -36.8618 26
      vertex -22.5 -38.9711 2.4
      vertex -25.8109 -36.8618 2.4
    endloop
  endfacet
  facet normal 0.608755 0.793358 -0
    outer loop
      vertex -25.8109 -36.8618 2.4
      vertex -28.9254 -34.472 26
      vertex -25.8109 -36.8618 26
    endloop
  endfacet
  facet normal 0.608755 0.793358 0
    outer loop
      vertex -28.9254 -34.472 26
      vertex -25.8109 -36.8618 2.4
      vertex -28.9254 -34.472 2.4
    endloop
  endfacet
  facet normal 0.675586 0.737281 -0
    outer loop
      vertex -28.9254 -34.472 2.4
      vertex -31.8198 -31.8198 26
      vertex -28.9254 -34.472 26
    endloop
  endfacet
  facet normal 0.675586 0.737281 0
    outer loop
      vertex -31.8198 -31.8198 26
      vertex -28.9254 -34.472 2.4
      vertex -31.8198 -31.8198 2.4
    endloop
  endfacet
  facet normal 0.737281 0.675586 0
    outer loop
      vertex -31.8198 -31.8198 26
      vertex -34.472 -28.9254 2.4
      vertex -34.472 -28.9254 26
    endloop
  endfacet
  facet normal 0.737281 0.675586 0
    outer loop
      vertex -34.472 -28.9254 2.4
      vertex -31.8198 -31.8198 26
      vertex -31.8198 -31.8198 2.4
    endloop
  endfacet
  facet normal 0.793358 0.608755 0
    outer loop
      vertex -34.472 -28.9254 26
      vertex -36.8618 -25.8109 2.4
      vertex -36.8618 -25.8109 26
    endloop
  endfacet
  facet normal 0.793358 0.608755 0
    outer loop
      vertex -36.8618 -25.8109 2.4
      vertex -34.472 -28.9254 26
      vertex -34.472 -28.9254 2.4
    endloop
  endfacet
  facet normal 0.843389 0.537304 0
    outer loop
      vertex -36.8618 -25.8109 26
      vertex -38.9711 -22.5 2.4
      vertex -38.9711 -22.5 26
    endloop
  endfacet
  facet normal 0.843389 0.537304 0
    outer loop
      vertex -38.9711 -22.5 2.4
      vertex -36.8618 -25.8109 26
      vertex -36.8618 -25.8109 2.4
    endloop
  endfacet
  facet normal 0.887013 0.461745 0
    outer loop
      vertex -38.9711 -22.5 26
      vertex -40.7838 -19.0178 2.4
      vertex -40.7838 -19.0178 26
    endloop
  endfacet
  facet normal 0.887013 0.461745 0
    outer loop
      vertex -40.7838 -19.0178 2.4
      vertex -38.9711 -22.5 26
      vertex -38.9711 -22.5 2.4
    endloop
  endfacet
  facet normal 0.923872 0.382703 0
    outer loop
      vertex -40.7838 -19.0178 26
      vertex -42.2862 -15.3909 2.4
      vertex -42.2862 -15.3909 26
    endloop
  endfacet
  facet normal 0.923872 0.382703 0
    outer loop
      vertex -42.2862 -15.3909 2.4
      vertex -40.7838 -19.0178 26
      vertex -40.7838 -19.0178 2.4
    endloop
  endfacet
  facet normal 0.953715 0.300711 0
    outer loop
      vertex -42.2862 -15.3909 26
      vertex -43.4667 -11.6469 2.4
      vertex -43.4667 -11.6469 26
    endloop
  endfacet
  facet normal 0.953715 0.300711 0
    outer loop
      vertex -43.4667 -11.6469 2.4
      vertex -42.2862 -15.3909 26
      vertex -42.2862 -15.3909 2.4
    endloop
  endfacet
  facet normal 0.976301 0.216416 0
    outer loop
      vertex -43.4667 -11.6469 26
      vertex -44.3163 -7.81416 2.4
      vertex -44.3163 -7.81416 26
    endloop
  endfacet
  facet normal 0.976301 0.216416 0
    outer loop
      vertex -44.3163 -7.81416 2.4
      vertex -43.4667 -11.6469 26
      vertex -43.4667 -11.6469 2.4
    endloop
  endfacet
  facet normal 0.991442 0.130548 0
    outer loop
      vertex -44.3163 -7.81416 26
      vertex -44.8288 -3.922 2.4
      vertex -44.8288 -3.922 26
    endloop
  endfacet
  facet normal 0.991442 0.130548 0
    outer loop
      vertex -44.8288 -3.922 2.4
      vertex -44.3163 -7.81416 26
      vertex -44.3163 -7.81416 2.4
    endloop
  endfacet
  facet normal 0.99905 0.0435754 0
    outer loop
      vertex -44.8893 -2.53492 26
      vertex -44.8288 -3.922 26
      vertex -44.8893 -2.53492 8
    endloop
  endfacet
  facet normal 0.999048 0.0436284 0
    outer loop
      vertex -44.8893 -2.53492 8
      vertex -45 0 2.4
      vertex -45 0 8
    endloop
  endfacet
  facet normal 0.999049 0.0436097 -8.51051e-06
    outer loop
      vertex -44.8893 -2.53492 8
      vertex -44.8288 -3.922 2.4
      vertex -45 0 2.4
    endloop
  endfacet
  facet normal 0.99905 0.0435754 -0
    outer loop
      vertex -44.8288 -3.922 2.4
      vertex -44.8893 -2.53492 8
      vertex -44.8288 -3.922 26
    endloop
  endfacet
  facet normal 0.99905 -0.0435754 0
    outer loop
      vertex -44.8893 2.53492 8
      vertex -44.8288 3.922 26
      vertex -44.8893 2.53492 26
    endloop
  endfacet
  facet normal 0.99905 -0.0435754 0
    outer loop
      vertex -44.8288 3.922 26
      vertex -44.8893 2.53492 8
      vertex -44.8288 3.922 2.4
    endloop
  endfacet
  facet normal 0.999048 -0.0436284 0
    outer loop
      vertex -45 0 2.4
      vertex -44.8893 2.53492 8
      vertex -45 0 8
    endloop
  endfacet
  facet normal 0.999049 -0.0436097 -8.51051e-06
    outer loop
      vertex -44.8893 2.53492 8
      vertex -45 0 2.4
      vertex -44.8288 3.922 2.4
    endloop
  endfacet
  facet normal 0.991442 -0.130548 0
    outer loop
      vertex -44.8288 3.922 26
      vertex -44.3163 7.81416 2.4
      vertex -44.3163 7.81416 26
    endloop
  endfacet
  facet normal 0.991442 -0.130548 0
    outer loop
      vertex -44.3163 7.81416 2.4
      vertex -44.8288 3.922 26
      vertex -44.8288 3.922 2.4
    endloop
  endfacet
  facet normal 0.976301 -0.216416 0
    outer loop
      vertex -44.3163 7.81416 26
      vertex -43.4667 11.6469 2.4
      vertex -43.4667 11.6469 26
    endloop
  endfacet
  facet normal 0.976301 -0.216416 0
    outer loop
      vertex -43.4667 11.6469 2.4
      vertex -44.3163 7.81416 26
      vertex -44.3163 7.81416 2.4
    endloop
  endfacet
  facet normal 0.953715 -0.300711 0
    outer loop
      vertex -43.4667 11.6469 26
      vertex -42.2862 15.3909 2.4
      vertex -42.2862 15.3909 26
    endloop
  endfacet
  facet normal 0.953715 -0.300711 0
    outer loop
      vertex -42.2862 15.3909 2.4
      vertex -43.4667 11.6469 26
      vertex -43.4667 11.6469 2.4
    endloop
  endfacet
  facet normal 0.923872 -0.382703 0
    outer loop
      vertex -42.2862 15.3909 26
      vertex -40.7838 19.0178 2.4
      vertex -40.7838 19.0178 26
    endloop
  endfacet
  facet normal 0.923872 -0.382703 0
    outer loop
      vertex -40.7838 19.0178 2.4
      vertex -42.2862 15.3909 26
      vertex -42.2862 15.3909 2.4
    endloop
  endfacet
  facet normal 0.887013 -0.461745 0
    outer loop
      vertex -40.7838 19.0178 26
      vertex -38.9711 22.5 2.4
      vertex -38.9711 22.5 26
    endloop
  endfacet
  facet normal 0.887013 -0.461745 0
    outer loop
      vertex -38.9711 22.5 2.4
      vertex -40.7838 19.0178 26
      vertex -40.7838 19.0178 2.4
    endloop
  endfacet
  facet normal 0.843389 -0.537304 0
    outer loop
      vertex -38.9711 22.5 26
      vertex -36.8618 25.8109 2.4
      vertex -36.8618 25.8109 26
    endloop
  endfacet
  facet normal 0.843389 -0.537304 0
    outer loop
      vertex -36.8618 25.8109 2.4
      vertex -38.9711 22.5 26
      vertex -38.9711 22.5 2.4
    endloop
  endfacet
  facet normal 0.793358 -0.608755 0
    outer loop
      vertex -36.8618 25.8109 26
      vertex -34.472 28.9254 2.4
      vertex -34.472 28.9254 26
    endloop
  endfacet
  facet normal 0.793358 -0.608755 0
    outer loop
      vertex -34.472 28.9254 2.4
      vertex -36.8618 25.8109 26
      vertex -36.8618 25.8109 2.4
    endloop
  endfacet
  facet normal 0.737281 -0.675586 0
    outer loop
      vertex -34.472 28.9254 26
      vertex -31.8198 31.8198 2.4
      vertex -31.8198 31.8198 26
    endloop
  endfacet
  facet normal 0.737281 -0.675586 0
    outer loop
      vertex -31.8198 31.8198 2.4
      vertex -34.472 28.9254 26
      vertex -34.472 28.9254 2.4
    endloop
  endfacet
  facet normal 0.675586 -0.737281 0
    outer loop
      vertex -31.8198 31.8198 2.4
      vertex -28.9254 34.472 26
      vertex -31.8198 31.8198 26
    endloop
  endfacet
  facet normal 0.675586 -0.737281 0
    outer loop
      vertex -28.9254 34.472 26
      vertex -31.8198 31.8198 2.4
      vertex -28.9254 34.472 2.4
    endloop
  endfacet
  facet normal 0.608755 -0.793358 0
    outer loop
      vertex -28.9254 34.472 2.4
      vertex -25.8109 36.8618 26
      vertex -28.9254 34.472 26
    endloop
  endfacet
  facet normal 0.608755 -0.793358 0
    outer loop
      vertex -25.8109 36.8618 26
      vertex -28.9254 34.472 2.4
      vertex -25.8109 36.8618 2.4
    endloop
  endfacet
  facet normal 0.537304 -0.843389 0
    outer loop
      vertex -25.8109 36.8618 2.4
      vertex -22.5 38.9711 26
      vertex -25.8109 36.8618 26
    endloop
  endfacet
  facet normal 0.537304 -0.843389 0
    outer loop
      vertex -22.5 38.9711 26
      vertex -25.8109 36.8618 2.4
      vertex -22.5 38.9711 2.4
    endloop
  endfacet
  facet normal 0.461745 -0.887013 0
    outer loop
      vertex -22.5 38.9711 2.4
      vertex -19.0178 40.7838 26
      vertex -22.5 38.9711 26
    endloop
  endfacet
  facet normal 0.461745 -0.887013 0
    outer loop
      vertex -19.0178 40.7838 26
      vertex -22.5 38.9711 2.4
      vertex -19.0178 40.7838 2.4
    endloop
  endfacet
  facet normal 0.382703 -0.923872 0
    outer loop
      vertex -19.0178 40.7838 2.4
      vertex -15.3909 42.2862 26
      vertex -19.0178 40.7838 26
    endloop
  endfacet
  facet normal 0.382703 -0.923872 0
    outer loop
      vertex -15.3909 42.2862 26
      vertex -19.0178 40.7838 2.4
      vertex -15.3909 42.2862 2.4
    endloop
  endfacet
  facet normal 0.300711 -0.953715 0
    outer loop
      vertex -15.3909 42.2862 2.4
      vertex -11.6469 43.4667 26
      vertex -15.3909 42.2862 26
    endloop
  endfacet
  facet normal 0.300711 -0.953715 0
    outer loop
      vertex -11.6469 43.4667 26
      vertex -15.3909 42.2862 2.4
      vertex -11.6469 43.4667 2.4
    endloop
  endfacet
  facet normal 0.216416 -0.976301 0
    outer loop
      vertex -11.6469 43.4667 2.4
      vertex -7.81416 44.3163 26
      vertex -11.6469 43.4667 26
    endloop
  endfacet
  facet normal 0.216416 -0.976301 0
    outer loop
      vertex -7.81416 44.3163 26
      vertex -11.6469 43.4667 2.4
      vertex -7.81416 44.3163 2.4
    endloop
  endfacet
  facet normal 0.130548 -0.991442 0
    outer loop
      vertex -7.81416 44.3163 2.4
      vertex -3.922 44.8288 26
      vertex -7.81416 44.3163 26
    endloop
  endfacet
  facet normal 0.130548 -0.991442 0
    outer loop
      vertex -3.922 44.8288 26
      vertex -7.81416 44.3163 2.4
      vertex -3.922 44.8288 2.4
    endloop
  endfacet
  facet normal 0.0436097 -0.999049 0
    outer loop
      vertex -3.922 44.8288 2.4
      vertex 0 45 26
      vertex -3.922 44.8288 26
    endloop
  endfacet
  facet normal 0.0436097 -0.999049 0
    outer loop
      vertex 0 45 26
      vertex -3.922 44.8288 2.4
      vertex 0 45 2.4
    endloop
  endfacet
  facet normal -0.0436097 -0.999049 0
    outer loop
      vertex 0 45 2.4
      vertex 3.922 44.8288 26
      vertex 0 45 26
    endloop
  endfacet
  facet normal -0.0436097 -0.999049 -0
    outer loop
      vertex 3.922 44.8288 26
      vertex 0 45 2.4
      vertex 3.922 44.8288 2.4
    endloop
  endfacet
  facet normal -0.130548 -0.991442 0
    outer loop
      vertex 3.922 44.8288 2.4
      vertex 7.81416 44.3163 26
      vertex 3.922 44.8288 26
    endloop
  endfacet
  facet normal -0.130548 -0.991442 -0
    outer loop
      vertex 7.81416 44.3163 26
      vertex 3.922 44.8288 2.4
      vertex 7.81416 44.3163 2.4
    endloop
  endfacet
  facet normal -0.216416 -0.976301 0
    outer loop
      vertex 7.81416 44.3163 2.4
      vertex 11.6469 43.4667 26
      vertex 7.81416 44.3163 26
    endloop
  endfacet
  facet normal -0.216416 -0.976301 -0
    outer loop
      vertex 11.6469 43.4667 26
      vertex 7.81416 44.3163 2.4
      vertex 11.6469 43.4667 2.4
    endloop
  endfacet
  facet normal -0.300711 -0.953715 0
    outer loop
      vertex 11.6469 43.4667 2.4
      vertex 15.3909 42.2862 26
      vertex 11.6469 43.4667 26
    endloop
  endfacet
  facet normal -0.300711 -0.953715 -0
    outer loop
      vertex 15.3909 42.2862 26
      vertex 11.6469 43.4667 2.4
      vertex 15.3909 42.2862 2.4
    endloop
  endfacet
  facet normal -0.382703 -0.923872 0
    outer loop
      vertex 15.3909 42.2862 2.4
      vertex 19.0178 40.7838 26
      vertex 15.3909 42.2862 26
    endloop
  endfacet
  facet normal -0.382703 -0.923872 -0
    outer loop
      vertex 19.0178 40.7838 26
      vertex 15.3909 42.2862 2.4
      vertex 19.0178 40.7838 2.4
    endloop
  endfacet
  facet normal -0.461761 -0.887004 0
    outer loop
      vertex 19.0178 40.7838 26
      vertex 20.2493 40.1427 8
      vertex 20.2493 40.1427 26
    endloop
  endfacet
  facet normal -0.461761 -0.887004 0
    outer loop
      vertex 19.0178 40.7838 2.4
      vertex 20.2493 40.1427 8
      vertex 19.0178 40.7838 26
    endloop
  endfacet
  facet normal -0.461745 -0.887013 -4.47456e-06
    outer loop
      vertex 22.5 38.9711 2.4
      vertex 20.2493 40.1427 8
      vertex 19.0178 40.7838 2.4
    endloop
  endfacet
  facet normal -0.461736 -0.887017 0
    outer loop
      vertex 20.2493 40.1427 8
      vertex 22.5 38.9711 2.4
      vertex 22.5 38.9711 8
    endloop
  endfacet
  facet normal -0.537291 -0.843397 -0
    outer loop
      vertex 22.5 38.9711 8
      vertex 22.5 38.9711 2.4
      vertex 24.64 37.6078 8
    endloop
  endfacet
  facet normal -0.537327 -0.843374 0
    outer loop
      vertex 24.64 37.6078 8
      vertex 25.8109 36.8618 26
      vertex 24.64 37.6078 26
    endloop
  endfacet
  facet normal -0.537327 -0.843374 0
    outer loop
      vertex 24.64 37.6078 8
      vertex 25.8109 36.8618 2.4
      vertex 25.8109 36.8618 26
    endloop
  endfacet
  facet normal -0.537304 -0.843389 6.91549e-06
    outer loop
      vertex 25.8109 36.8618 2.4
      vertex 24.64 37.6078 8
      vertex 22.5 38.9711 2.4
    endloop
  endfacet
  facet normal -0.608755 -0.793358 0
    outer loop
      vertex 25.8109 36.8618 2.4
      vertex 28.9254 34.472 26
      vertex 25.8109 36.8618 26
    endloop
  endfacet
  facet normal -0.608755 -0.793358 -0
    outer loop
      vertex 28.9254 34.472 26
      vertex 25.8109 36.8618 2.4
      vertex 28.9254 34.472 2.4
    endloop
  endfacet
  facet normal -0.675586 -0.737281 0
    outer loop
      vertex 28.9254 34.472 2.4
      vertex 31.8198 31.8198 26
      vertex 28.9254 34.472 26
    endloop
  endfacet
  facet normal -0.675586 -0.737281 -0
    outer loop
      vertex 31.8198 31.8198 26
      vertex 28.9254 34.472 2.4
      vertex 31.8198 31.8198 2.4
    endloop
  endfacet
  facet normal -0.737281 -0.675586 0
    outer loop
      vertex 34.472 28.9254 2.4
      vertex 31.8198 31.8198 26
      vertex 31.8198 31.8198 2.4
    endloop
  endfacet
  facet normal -0.737281 -0.675586 0
    outer loop
      vertex 31.8198 31.8198 26
      vertex 34.472 28.9254 2.4
      vertex 34.472 28.9254 26
    endloop
  endfacet
  facet normal -0.793358 -0.608755 0
    outer loop
      vertex 36.8618 25.8109 2.4
      vertex 34.472 28.9254 26
      vertex 34.472 28.9254 2.4
    endloop
  endfacet
  facet normal -0.793358 -0.608755 0
    outer loop
      vertex 34.472 28.9254 26
      vertex 36.8618 25.8109 2.4
      vertex 36.8618 25.8109 26
    endloop
  endfacet
  facet normal -0.843389 -0.537304 0
    outer loop
      vertex 38.9711 22.5 2.4
      vertex 36.8618 25.8109 26
      vertex 36.8618 25.8109 2.4
    endloop
  endfacet
  facet normal -0.843389 -0.537304 0
    outer loop
      vertex 36.8618 25.8109 26
      vertex 38.9711 22.5 2.4
      vertex 38.9711 22.5 26
    endloop
  endfacet
  facet normal -0.887013 -0.461745 0
    outer loop
      vertex 40.7838 19.0178 2.4
      vertex 38.9711 22.5 26
      vertex 38.9711 22.5 2.4
    endloop
  endfacet
  facet normal -0.887013 -0.461745 0
    outer loop
      vertex 38.9711 22.5 26
      vertex 40.7838 19.0178 2.4
      vertex 40.7838 19.0178 26
    endloop
  endfacet
  facet normal -0.923872 -0.382703 0
    outer loop
      vertex 42.2862 15.3909 2.4
      vertex 40.7838 19.0178 26
      vertex 40.7838 19.0178 2.4
    endloop
  endfacet
  facet normal -0.923872 -0.382703 0
    outer loop
      vertex 40.7838 19.0178 26
      vertex 42.2862 15.3909 2.4
      vertex 42.2862 15.3909 26
    endloop
  endfacet
  facet normal -0.953715 -0.300711 0
    outer loop
      vertex 43.4667 11.6469 2.4
      vertex 42.2862 15.3909 26
      vertex 42.2862 15.3909 2.4
    endloop
  endfacet
  facet normal -0.953715 -0.300711 0
    outer loop
      vertex 42.2862 15.3909 26
      vertex 43.4667 11.6469 2.4
      vertex 43.4667 11.6469 26
    endloop
  endfacet
  facet normal -0.976301 -0.216416 0
    outer loop
      vertex 44.3163 7.81416 2.4
      vertex 43.4667 11.6469 26
      vertex 43.4667 11.6469 2.4
    endloop
  endfacet
  facet normal -0.976301 -0.216416 0
    outer loop
      vertex 43.4667 11.6469 26
      vertex 44.3163 7.81416 2.4
      vertex 44.3163 7.81416 26
    endloop
  endfacet
  facet normal -0.991442 -0.130548 0
    outer loop
      vertex 44.8288 3.922 2.4
      vertex 44.3163 7.81416 26
      vertex 44.3163 7.81416 2.4
    endloop
  endfacet
  facet normal -0.991442 -0.130548 0
    outer loop
      vertex 44.3163 7.81416 26
      vertex 44.8288 3.922 2.4
      vertex 44.8288 3.922 26
    endloop
  endfacet
  facet normal -0.999049 -0.0436097 0
    outer loop
      vertex 45 0 2.4
      vertex 44.8288 3.922 26
      vertex 44.8288 3.922 2.4
    endloop
  endfacet
  facet normal -0.999049 -0.0436097 0
    outer loop
      vertex 44.8288 3.922 26
      vertex 45 0 2.4
      vertex 45 0 26
    endloop
  endfacet
  facet normal -0.999049 0.0436097 0
    outer loop
      vertex 44.8288 -3.922 2.4
      vertex 45 0 26
      vertex 45 0 2.4
    endloop
  endfacet
  facet normal -0.999049 0.0436097 0
    outer loop
      vertex 45 0 26
      vertex 44.8288 -3.922 2.4
      vertex 44.8288 -3.922 26
    endloop
  endfacet
  facet normal -0.991442 0.130548 0
    outer loop
      vertex 44.3163 -7.81416 2.4
      vertex 44.8288 -3.922 26
      vertex 44.8288 -3.922 2.4
    endloop
  endfacet
  facet normal -0.991442 0.130548 0
    outer loop
      vertex 44.8288 -3.922 26
      vertex 44.3163 -7.81416 2.4
      vertex 44.3163 -7.81416 26
    endloop
  endfacet
  facet normal -0.976301 0.216416 0
    outer loop
      vertex 43.4667 -11.6469 2.4
      vertex 44.3163 -7.81416 26
      vertex 44.3163 -7.81416 2.4
    endloop
  endfacet
  facet normal -0.976301 0.216416 0
    outer loop
      vertex 44.3163 -7.81416 26
      vertex 43.4667 -11.6469 2.4
      vertex 43.4667 -11.6469 26
    endloop
  endfacet
  facet normal -0.953715 0.300711 0
    outer loop
      vertex 42.2862 -15.3909 2.4
      vertex 43.4667 -11.6469 26
      vertex 43.4667 -11.6469 2.4
    endloop
  endfacet
  facet normal -0.953715 0.300711 0
    outer loop
      vertex 43.4667 -11.6469 26
      vertex 42.2862 -15.3909 2.4
      vertex 42.2862 -15.3909 26
    endloop
  endfacet
  facet normal -0.923872 0.382703 0
    outer loop
      vertex 40.7838 -19.0178 2.4
      vertex 42.2862 -15.3909 26
      vertex 42.2862 -15.3909 2.4
    endloop
  endfacet
  facet normal -0.923872 0.382703 0
    outer loop
      vertex 42.2862 -15.3909 26
      vertex 40.7838 -19.0178 2.4
      vertex 40.7838 -19.0178 26
    endloop
  endfacet
  facet normal -0.887013 0.461745 0
    outer loop
      vertex 38.9711 -22.5 2.4
      vertex 40.7838 -19.0178 26
      vertex 40.7838 -19.0178 2.4
    endloop
  endfacet
  facet normal -0.887013 0.461745 0
    outer loop
      vertex 40.7838 -19.0178 26
      vertex 38.9711 -22.5 2.4
      vertex 38.9711 -22.5 26
    endloop
  endfacet
  facet normal -0.843389 0.537304 0
    outer loop
      vertex 36.8618 -25.8109 2.4
      vertex 38.9711 -22.5 26
      vertex 38.9711 -22.5 2.4
    endloop
  endfacet
  facet normal -0.843389 0.537304 0
    outer loop
      vertex 38.9711 -22.5 26
      vertex 36.8618 -25.8109 2.4
      vertex 36.8618 -25.8109 26
    endloop
  endfacet
  facet normal -0.793358 0.608755 0
    outer loop
      vertex 34.472 -28.9254 2.4
      vertex 36.8618 -25.8109 26
      vertex 36.8618 -25.8109 2.4
    endloop
  endfacet
  facet normal -0.793358 0.608755 0
    outer loop
      vertex 36.8618 -25.8109 26
      vertex 34.472 -28.9254 2.4
      vertex 34.472 -28.9254 26
    endloop
  endfacet
  facet normal -0.737281 0.675586 0
    outer loop
      vertex 31.8198 -31.8198 2.4
      vertex 34.472 -28.9254 26
      vertex 34.472 -28.9254 2.4
    endloop
  endfacet
  facet normal -0.737281 0.675586 0
    outer loop
      vertex 34.472 -28.9254 26
      vertex 31.8198 -31.8198 2.4
      vertex 31.8198 -31.8198 26
    endloop
  endfacet
  facet normal -0.675586 0.737281 0
    outer loop
      vertex 31.8198 -31.8198 2.4
      vertex 28.9254 -34.472 26
      vertex 31.8198 -31.8198 26
    endloop
  endfacet
  facet normal -0.675586 0.737281 0
    outer loop
      vertex 28.9254 -34.472 26
      vertex 31.8198 -31.8198 2.4
      vertex 28.9254 -34.472 2.4
    endloop
  endfacet
  facet normal -0.608755 0.793358 0
    outer loop
      vertex 28.9254 -34.472 2.4
      vertex 25.8109 -36.8618 26
      vertex 28.9254 -34.472 26
    endloop
  endfacet
  facet normal -0.608755 0.793358 0
    outer loop
      vertex 25.8109 -36.8618 26
      vertex 28.9254 -34.472 2.4
      vertex 25.8109 -36.8618 2.4
    endloop
  endfacet
  facet normal -0.537327 0.843374 0
    outer loop
      vertex 25.8109 -36.8618 26
      vertex 24.64 -37.6078 8
      vertex 24.64 -37.6078 26
    endloop
  endfacet
  facet normal -0.537327 0.843374 0
    outer loop
      vertex 25.8109 -36.8618 2.4
      vertex 24.64 -37.6078 8
      vertex 25.8109 -36.8618 26
    endloop
  endfacet
  facet normal -0.537304 0.843389 6.91549e-06
    outer loop
      vertex 22.5 -38.9711 2.4
      vertex 24.64 -37.6078 8
      vertex 25.8109 -36.8618 2.4
    endloop
  endfacet
  facet normal -0.537291 0.843397 0
    outer loop
      vertex 24.64 -37.6078 8
      vertex 22.5 -38.9711 2.4
      vertex 22.5 -38.9711 8
    endloop
  endfacet
  facet normal -0.461736 0.887017 0
    outer loop
      vertex 22.5 -38.9711 8
      vertex 22.5 -38.9711 2.4
      vertex 20.2493 -40.1427 8
    endloop
  endfacet
  facet normal -0.461761 0.887004 0
    outer loop
      vertex 20.2493 -40.1427 8
      vertex 19.0178 -40.7838 26
      vertex 20.2493 -40.1427 26
    endloop
  endfacet
  facet normal -0.461761 0.887004 0
    outer loop
      vertex 20.2493 -40.1427 8
      vertex 19.0178 -40.7838 2.4
      vertex 19.0178 -40.7838 26
    endloop
  endfacet
  facet normal -0.461745 0.887013 -4.47456e-06
    outer loop
      vertex 19.0178 -40.7838 2.4
      vertex 20.2493 -40.1427 8
      vertex 22.5 -38.9711 2.4
    endloop
  endfacet
  facet normal -0.382703 0.923872 0
    outer loop
      vertex 19.0178 -40.7838 2.4
      vertex 15.3909 -42.2862 26
      vertex 19.0178 -40.7838 26
    endloop
  endfacet
  facet normal -0.382703 0.923872 0
    outer loop
      vertex 15.3909 -42.2862 26
      vertex 19.0178 -40.7838 2.4
      vertex 15.3909 -42.2862 2.4
    endloop
  endfacet
  facet normal -0.300711 0.953715 0
    outer loop
      vertex 15.3909 -42.2862 2.4
      vertex 11.6469 -43.4667 26
      vertex 15.3909 -42.2862 26
    endloop
  endfacet
  facet normal -0.300711 0.953715 0
    outer loop
      vertex 11.6469 -43.4667 26
      vertex 15.3909 -42.2862 2.4
      vertex 11.6469 -43.4667 2.4
    endloop
  endfacet
  facet normal -0.216435 0.976297 0
    outer loop
      vertex 11.6469 -43.4667 2.4
      vertex 10 -43.8318 26
      vertex 11.6469 -43.4667 26
    endloop
  endfacet
  facet normal -0.216435 0.976297 0
    outer loop
      vertex 10 -43.8318 26
      vertex 11.6469 -43.4667 2.4
      vertex 10 -43.8318 2.4
    endloop
  endfacet
  facet normal 1 -0 0
    outer loop
      vertex 10 -43.8318 26
      vertex 10 -43.5 2.4
      vertex 10 -43.5 26
    endloop
  endfacet
  facet normal 1 0 0
    outer loop
      vertex 10 -43.5 2.4
      vertex 10 -43.8318 26
      vertex 10 -43.8318 2.4
    endloop
  endfacet
  facet normal 1 -0 0
    outer loop
      vertex 10 -58 26
      vertex 10 -46.9017 0
      vertex 10 -46.9017 26
    endloop
  endfacet
  facet normal 1 0 0
    outer loop
      vertex 10 -46.9017 0
      vertex 10 -58 26
      vertex 10 -58 0
    endloop
  endfacet
  facet normal -1 0 0
    outer loop
      vertex -10 -43.8318 2.4
      vertex -10 -43.5 26
      vertex -10 -43.5 2.4
    endloop
  endfacet
  facet normal -1 -0 0
    outer loop
      vertex -10 -43.5 26
      vertex -10 -43.8318 2.4
      vertex -10 -43.8318 26
    endloop
  endfacet
  facet normal -1 0 0
    outer loop
      vertex -10 -58 0
      vertex -10 -46.9017 26
      vertex -10 -46.9017 0
    endloop
  endfacet
  facet normal -1 -0 0
    outer loop
      vertex -10 -46.9017 26
      vertex -10 -58 0
      vertex -10 -58 26
    endloop
  endfacet
  facet normal 0 1 -0
    outer loop
      vertex -3 -43.5 0
      vertex -6.36087 -43.5 2.4
      vertex -3 -43.5 3.4
    endloop
  endfacet
  facet normal 0 1 0
    outer loop
      vertex -6.36087 -43.5 2.4
      vertex -3 -43.5 0
      vertex -6.36087 -43.5 0
    endloop
  endfacet
  facet normal 0 1 0
    outer loop
      vertex 10 -43.5 26
      vertex 5.15 -43.5 18.15
      vertex -10 -43.5 26
    endloop
  endfacet
  facet normal 0 1 -0
    outer loop
      vertex 10 -43.5 2.4
      vertex 5.15 -43.5 18.15
      vertex 10 -43.5 26
    endloop
  endfacet
  facet normal 0 1 0
    outer loop
      vertex 5.15 -43.5 7.85
      vertex 3 -43.5 3.4
      vertex -5.15 -43.5 7.85
    endloop
  endfacet
  facet normal 0 1 0
    outer loop
      vertex 5.15 -43.5 18.15
      vertex 10 -43.5 2.4
      vertex 5.15 -43.5 7.85
    endloop
  endfacet
  facet normal 0 1 -0
    outer loop
      vertex 6.36087 -43.5 2.4
      vertex 5.15 -43.5 7.85
      vertex 10 -43.5 2.4
    endloop
  endfacet
  facet normal 0 1 0
    outer loop
      vertex 5.15 -43.5 7.85
      vertex 6.36087 -43.5 2.4
      vertex 3 -43.5 3.4
    endloop
  endfacet
  facet normal 0 1 0
    outer loop
      vertex 3 -43.5 0
      vertex 6.36087 -43.5 2.4
      vertex 6.36087 -43.5 0
    endloop
  endfacet
  facet normal 0 1 0
    outer loop
      vertex 6.36087 -43.5 2.4
      vertex 3 -43.5 0
      vertex 3 -43.5 3.4
    endloop
  endfacet
  facet normal 0 1 -0
    outer loop
      vertex -5.15 -43.5 18.15
      vertex -10 -43.5 26
      vertex 5.15 -43.5 18.15
    endloop
  endfacet
  facet normal 0 1 0
    outer loop
      vertex -10 -43.5 2.4
      vertex -5.15 -43.5 18.15
      vertex -5.15 -43.5 7.85
    endloop
  endfacet
  facet normal 0 1 -0
    outer loop
      vertex -3 -43.5 3.4
      vertex -5.15 -43.5 7.85
      vertex 3 -43.5 3.4
    endloop
  endfacet
  facet normal 0 1 0
    outer loop
      vertex -6.36087 -43.5 2.4
      vertex -5.15 -43.5 7.85
      vertex -3 -43.5 3.4
    endloop
  endfacet
  facet normal 0 1 0
    outer loop
      vertex -10 -43.5 2.4
      vertex -5.15 -43.5 7.85
      vertex -6.36087 -43.5 2.4
    endloop
  endfacet
  facet normal 0 1 0
    outer loop
      vertex -5.15 -43.5 18.15
      vertex -10 -43.5 2.4
      vertex -10 -43.5 26
    endloop
  endfacet
  facet normal 0 -1 0
    outer loop
      vertex -10 -58 26
      vertex -5.15 -58 18.15
      vertex 10 -58 26
    endloop
  endfacet
  facet normal 0 -1 0
    outer loop
      vertex -10 -58 26
      vertex -5.15 -58 7.85
      vertex -5.15 -58 18.15
    endloop
  endfacet
  facet normal 0 -1 0
    outer loop
      vertex -5.15 -58 7.85
      vertex -3 -58 3.4
      vertex 5.15 -58 7.85
    endloop
  endfacet
  facet normal 0 -1 0
    outer loop
      vertex -10 -58 0
      vertex -5.15 -58 7.85
      vertex -10 -58 26
    endloop
  endfacet
  facet normal 0 -1 0
    outer loop
      vertex -10 -58 0
      vertex -3 -58 3.4
      vertex -5.15 -58 7.85
    endloop
  endfacet
  facet normal 0 -1 -0
    outer loop
      vertex -3 -58 3.4
      vertex -10 -58 0
      vertex -3 -58 0
    endloop
  endfacet
  facet normal 0 -1 0
    outer loop
      vertex 5.15 -58 18.15
      vertex 10 -58 26
      vertex -5.15 -58 18.15
    endloop
  endfacet
  facet normal 0 -1 0
    outer loop
      vertex 5.15 -58 7.85
      vertex 10 -58 26
      vertex 5.15 -58 18.15
    endloop
  endfacet
  facet normal 0 -1 0
    outer loop
      vertex 3 -58 3.4
      vertex 5.15 -58 7.85
      vertex -3 -58 3.4
    endloop
  endfacet
  facet normal 0 -1 0
    outer loop
      vertex 10 -58 0
      vertex 3 -58 3.4
      vertex 3 -58 0
    endloop
  endfacet
  facet normal 0 -1 0
    outer loop
      vertex 5.15 -58 7.85
      vertex 10 -58 0
      vertex 10 -58 26
    endloop
  endfacet
  facet normal 0 -1 0
    outer loop
      vertex 3 -58 3.4
      vertex 10 -58 0
      vertex 5.15 -58 7.85
    endloop
  endfacet
  facet normal 0 0 -1
    outer loop
      vertex 1.76362 -1.01822 0.599999
      vertex 1.01822 1.76362 0.599999
      vertex 4.34667 1.16469 0.599999
    endloop
  endfacet
  facet normal 0 0 -1
    outer loop
      vertex -1.01822 -1.76362 0.599999
      vertex 1.76362 -1.01822 0.599999
      vertex 1.16469 -4.34667 0.599999
    endloop
  endfacet
  facet normal -0 0 -1
    outer loop
      vertex 1.76362 -1.01822 0.599999
      vertex -1.01822 -1.76362 0.599999
      vertex 1.01822 1.76362 0.599999
    endloop
  endfacet
  facet normal 0 0 -1
    outer loop
      vertex -1.76362 1.01822 0.599999
      vertex 1.01822 1.76362 0.599999
      vertex -1.01822 -1.76362 0.599999
    endloop
  endfacet
  facet normal -0 0 -1
    outer loop
      vertex 1.01822 1.76362 0.599999
      vertex -1.76362 1.01822 0.599999
      vertex -1.16469 4.34667 0.599999
    endloop
  endfacet
  facet normal 0 -0 -1
    outer loop
      vertex -1.76362 1.01822 0.599999
      vertex -1.01822 -1.76362 0.599999
      vertex -4.34667 -1.16469 0.599999
    endloop
  endfacet
  facet normal -0.645469 0.763787 0
    outer loop
      vertex 4.34667 1.16469 0
      vertex 1.76362 -1.01822 0.599999
      vertex 4.34667 1.16469 0.599999
    endloop
  endfacet
  facet normal -0.645469 0.763787 0
    outer loop
      vertex 1.76362 -1.01822 0.599999
      vertex 4.34667 1.16469 0
      vertex 1.76362 -1.01822 0
    endloop
  endfacet
  facet normal -0.177098 -0.984193 0
    outer loop
      vertex 1.01822 1.76362 0
      vertex 4.34667 1.16469 0.599999
      vertex 1.01822 1.76362 0.599999
    endloop
  endfacet
  facet normal -0.177098 -0.984193 -0
    outer loop
      vertex 4.34667 1.16469 0.599999
      vertex 1.01822 1.76362 0
      vertex 4.34667 1.16469 0
    endloop
  endfacet
  facet normal -0.763787 -0.645469 0
    outer loop
      vertex 1.01822 1.76362 0
      vertex -1.16469 4.34667 0.599999
      vertex -1.16469 4.34667 0
    endloop
  endfacet
  facet normal -0.763787 -0.645469 0
    outer loop
      vertex -1.16469 4.34667 0.599999
      vertex 1.01822 1.76362 0
      vertex 1.01822 1.76362 0.599999
    endloop
  endfacet
  facet normal 0.984193 -0.177098 0
    outer loop
      vertex -1.76362 1.01822 0.599999
      vertex -1.16469 4.34667 0
      vertex -1.16469 4.34667 0.599999
    endloop
  endfacet
  facet normal 0.984193 -0.177098 0
    outer loop
      vertex -1.16469 4.34667 0
      vertex -1.76362 1.01822 0.599999
      vertex -1.76362 1.01822 0
    endloop
  endfacet
  facet normal 0.645469 -0.763787 0
    outer loop
      vertex -4.34667 -1.16469 0
      vertex -1.76362 1.01822 0.599999
      vertex -4.34667 -1.16469 0.599999
    endloop
  endfacet
  facet normal 0.645469 -0.763787 0
    outer loop
      vertex -1.76362 1.01822 0.599999
      vertex -4.34667 -1.16469 0
      vertex -1.76362 1.01822 0
    endloop
  endfacet
  facet normal 0.177098 0.984193 -0
    outer loop
      vertex -1.01822 -1.76362 0
      vertex -4.34667 -1.16469 0.599999
      vertex -1.01822 -1.76362 0.599999
    endloop
  endfacet
  facet normal 0.177098 0.984193 0
    outer loop
      vertex -4.34667 -1.16469 0.599999
      vertex -1.01822 -1.76362 0
      vertex -4.34667 -1.16469 0
    endloop
  endfacet
  facet normal 0.763787 0.645469 0
    outer loop
      vertex 1.16469 -4.34667 0.599999
      vertex -1.01822 -1.76362 0
      vertex -1.01822 -1.76362 0.599999
    endloop
  endfacet
  facet normal 0.763787 0.645469 0
    outer loop
      vertex -1.01822 -1.76362 0
      vertex 1.16469 -4.34667 0.599999
      vertex 1.16469 -4.34667 0
    endloop
  endfacet
  facet normal -0.984193 0.177098 0
    outer loop
      vertex 1.16469 -4.34667 0
      vertex 1.76362 -1.01822 0.599999
      vertex 1.76362 -1.01822 0
    endloop
  endfacet
  facet normal -0.984193 0.177098 0
    outer loop
      vertex 1.76362 -1.01822 0.599999
      vertex 1.16469 -4.34667 0
      vertex 1.16469 -4.34667 0.599999
    endloop
  endfacet
  facet normal -1 0 0
    outer loop
      vertex 5.15 -58 7.85
      vertex 5.15 -43.5 18.15
      vertex 5.15 -43.5 7.85
    endloop
  endfacet
  facet normal -1 -0 0
    outer loop
      vertex 5.15 -43.5 18.15
      vertex 5.15 -58 7.85
      vertex 5.15 -58 18.15
    endloop
  endfacet
  facet normal 0 0 -1
    outer loop
      vertex -5.15 -58 18.15
      vertex 5.15 -43.5 18.15
      vertex 5.15 -58 18.15
    endloop
  endfacet
  facet normal -0 0 -1
    outer loop
      vertex 5.15 -43.5 18.15
      vertex -5.15 -58 18.15
      vertex -5.15 -43.5 18.15
    endloop
  endfacet
  facet normal 0 0 1
    outer loop
      vertex 5.15 -43.5 7.85
      vertex 1.4 -51 7.85
      vertex 5.15 -58 7.85
    endloop
  endfacet
  facet normal 0 0 1
    outer loop
      vertex 5.15 -43.5 7.85
      vertex 1.27896 -50.4306 7.85
      vertex 1.4 -51 7.85
    endloop
  endfacet
  facet normal 0 0 1
    outer loop
      vertex 5.15 -43.5 7.85
      vertex 0.936783 -49.9596 7.85
      vertex 1.27896 -50.4306 7.85
    endloop
  endfacet
  facet normal 0 0 1
    outer loop
      vertex 5.15 -43.5 7.85
      vertex 0.432623 -49.6685 7.85
      vertex 0.936783 -49.9596 7.85
    endloop
  endfacet
  facet normal 0 0 1
    outer loop
      vertex 5.15 -43.5 7.85
      vertex -0.146339 -49.6077 7.85
      vertex 0.432623 -49.6685 7.85
    endloop
  endfacet
  facet normal -0 0 1
    outer loop
      vertex -5.15 -43.5 7.85
      vertex -0.146339 -49.6077 7.85
      vertex 5.15 -43.5 7.85
    endloop
  endfacet
  facet normal 0 0 1
    outer loop
      vertex -0.146339 -49.6077 7.85
      vertex -5.15 -43.5 7.85
      vertex -0.7 -49.7876 7.85
    endloop
  endfacet
  facet normal 0 0 1
    outer loop
      vertex -5.15 -58 7.85
      vertex -1.36941 -50.7089 7.85
      vertex -5.15 -43.5 7.85
    endloop
  endfacet
  facet normal 0 0 1
    outer loop
      vertex -1.13262 -50.1771 7.85
      vertex -5.15 -43.5 7.85
      vertex -1.36941 -50.7089 7.85
    endloop
  endfacet
  facet normal 0 0 1
    outer loop
      vertex -0.7 -49.7876 7.85
      vertex -5.15 -43.5 7.85
      vertex -1.13262 -50.1771 7.85
    endloop
  endfacet
  facet normal -0 0 1
    outer loop
      vertex 1.27896 -51.5694 7.85
      vertex 5.15 -58 7.85
      vertex 1.4 -51 7.85
    endloop
  endfacet
  facet normal -0 0 1
    outer loop
      vertex 0.936783 -52.0404 7.85
      vertex 5.15 -58 7.85
      vertex 1.27896 -51.5694 7.85
    endloop
  endfacet
  facet normal -0 0 1
    outer loop
      vertex 0.432623 -52.3315 7.85
      vertex 5.15 -58 7.85
      vertex 0.936783 -52.0404 7.85
    endloop
  endfacet
  facet normal -0 0 1
    outer loop
      vertex -0.146339 -52.3923 7.85
      vertex 5.15 -58 7.85
      vertex 0.432623 -52.3315 7.85
    endloop
  endfacet
  facet normal 0 0 1
    outer loop
      vertex -5.15 -58 7.85
      vertex -0.146339 -52.3923 7.85
      vertex -0.7 -52.2124 7.85
    endloop
  endfacet
  facet normal 0 0 1
    outer loop
      vertex -5.15 -58 7.85
      vertex -0.7 -52.2124 7.85
      vertex -1.13262 -51.8229 7.85
    endloop
  endfacet
  facet normal 0 0 1
    outer loop
      vertex -1.36941 -50.7089 7.85
      vertex -5.15 -58 7.85
      vertex -1.36941 -51.2911 7.85
    endloop
  endfacet
  facet normal 0 0 1
    outer loop
      vertex -0.146339 -52.3923 7.85
      vertex -5.15 -58 7.85
      vertex 5.15 -58 7.85
    endloop
  endfacet
  facet normal 0 0 1
    outer loop
      vertex -1.36941 -51.2911 7.85
      vertex -5.15 -58 7.85
      vertex -1.13262 -51.8229 7.85
    endloop
  endfacet
  facet normal 1 -0 0
    outer loop
      vertex -5.15 -58 18.15
      vertex -5.15 -43.5 7.85
      vertex -5.15 -43.5 18.15
    endloop
  endfacet
  facet normal 1 0 0
    outer loop
      vertex -5.15 -43.5 7.85
      vertex -5.15 -58 18.15
      vertex -5.15 -58 7.85
    endloop
  endfacet
  facet normal 1 -0 0
    outer loop
      vertex -1.36941 -51.2911 7.85
      vertex -1.36941 -50.7089 3.4
      vertex -1.36941 -50.7089 7.85
    endloop
  endfacet
  facet normal 1 0 0
    outer loop
      vertex -1.36941 -50.7089 3.4
      vertex -1.36941 -51.2911 7.85
      vertex -1.36941 -51.2911 3.4
    endloop
  endfacet
  facet normal -0.809037 -0.587758 0
    outer loop
      vertex 1.27896 -50.4306 3.4
      vertex 0.936783 -49.9596 7.85
      vertex 0.936783 -49.9596 3.4
    endloop
  endfacet
  facet normal -0.809037 -0.587758 0
    outer loop
      vertex 0.936783 -49.9596 7.85
      vertex 1.27896 -50.4306 3.4
      vertex 1.27896 -50.4306 7.85
    endloop
  endfacet
  facet normal -0.978144 -0.207929 0
    outer loop
      vertex 1.4 -51 3.4
      vertex 1.27896 -50.4306 7.85
      vertex 1.27896 -50.4306 3.4
    endloop
  endfacet
  facet normal -0.978144 -0.207929 0
    outer loop
      vertex 1.27896 -50.4306 7.85
      vertex 1.4 -51 3.4
      vertex 1.4 -51 7.85
    endloop
  endfacet
  facet normal -0.978144 0.207929 0
    outer loop
      vertex 1.27896 -51.5694 3.4
      vertex 1.4 -51 7.85
      vertex 1.4 -51 3.4
    endloop
  endfacet
  facet normal -0.978144 0.207929 0
    outer loop
      vertex 1.4 -51 7.85
      vertex 1.27896 -51.5694 3.4
      vertex 1.27896 -51.5694 7.85
    endloop
  endfacet
  facet normal -0.104441 -0.994531 0
    outer loop
      vertex -0.146339 -49.6077 3.4
      vertex 0.432623 -49.6685 7.85
      vertex -0.146339 -49.6077 7.85
    endloop
  endfacet
  facet normal -0.104441 -0.994531 -0
    outer loop
      vertex 0.432623 -49.6685 7.85
      vertex -0.146339 -49.6077 3.4
      vertex 0.432623 -49.6685 3.4
    endloop
  endfacet
  facet normal -0.104441 0.994531 0
    outer loop
      vertex 0.432623 -52.3315 3.4
      vertex -0.146339 -52.3923 7.85
      vertex 0.432623 -52.3315 7.85
    endloop
  endfacet
  facet normal -0.104441 0.994531 0
    outer loop
      vertex -0.146339 -52.3923 7.85
      vertex 0.432623 -52.3315 3.4
      vertex -0.146339 -52.3923 3.4
    endloop
  endfacet
  facet normal -0.809037 0.587758 0
    outer loop
      vertex 0.936783 -52.0404 3.4
      vertex 1.27896 -51.5694 7.85
      vertex 1.27896 -51.5694 3.4
    endloop
  endfacet
  facet normal -0.809037 0.587758 0
    outer loop
      vertex 1.27896 -51.5694 7.85
      vertex 0.936783 -52.0404 3.4
      vertex 0.936783 -52.0404 7.85
    endloop
  endfacet
  facet normal 0.669099 -0.743173 0
    outer loop
      vertex -1.13262 -50.1771 3.4
      vertex -0.7 -49.7876 7.85
      vertex -1.13262 -50.1771 7.85
    endloop
  endfacet
  facet normal 0.669099 -0.743173 0
    outer loop
      vertex -0.7 -49.7876 7.85
      vertex -1.13262 -50.1771 3.4
      vertex -0.7 -49.7876 3.4
    endloop
  endfacet
  facet normal -0.50003 0.866008 0
    outer loop
      vertex 0.936783 -52.0404 3.4
      vertex 0.432623 -52.3315 7.85
      vertex 0.936783 -52.0404 7.85
    endloop
  endfacet
  facet normal -0.50003 0.866008 0
    outer loop
      vertex 0.432623 -52.3315 7.85
      vertex 0.936783 -52.0404 3.4
      vertex 0.432623 -52.3315 3.4
    endloop
  endfacet
  facet normal 0.309024 -0.951054 0
    outer loop
      vertex -0.7 -49.7876 3.4
      vertex -0.146339 -49.6077 7.85
      vertex -0.7 -49.7876 7.85
    endloop
  endfacet
  facet normal 0.309024 -0.951054 0
    outer loop
      vertex -0.146339 -49.6077 7.85
      vertex -0.7 -49.7876 3.4
      vertex -0.146339 -49.6077 3.4
    endloop
  endfacet
  facet normal 0.913534 -0.406762 0
    outer loop
      vertex -1.36941 -50.7089 7.85
      vertex -1.13262 -50.1771 3.4
      vertex -1.13262 -50.1771 7.85
    endloop
  endfacet
  facet normal 0.913534 -0.406762 0
    outer loop
      vertex -1.13262 -50.1771 3.4
      vertex -1.36941 -50.7089 7.85
      vertex -1.36941 -50.7089 3.4
    endloop
  endfacet
  facet normal -0.50003 -0.866008 0
    outer loop
      vertex 0.432623 -49.6685 3.4
      vertex 0.936783 -49.9596 7.85
      vertex 0.432623 -49.6685 7.85
    endloop
  endfacet
  facet normal -0.50003 -0.866008 -0
    outer loop
      vertex 0.936783 -49.9596 7.85
      vertex 0.432623 -49.6685 3.4
      vertex 0.936783 -49.9596 3.4
    endloop
  endfacet
  facet normal 0.669099 0.743173 -0
    outer loop
      vertex -0.7 -52.2124 3.4
      vertex -1.13262 -51.8229 7.85
      vertex -0.7 -52.2124 7.85
    endloop
  endfacet
  facet normal 0.669099 0.743173 0
    outer loop
      vertex -1.13262 -51.8229 7.85
      vertex -0.7 -52.2124 3.4
      vertex -1.13262 -51.8229 3.4
    endloop
  endfacet
  facet normal 0.913534 0.406762 0
    outer loop
      vertex -1.13262 -51.8229 7.85
      vertex -1.36941 -51.2911 3.4
      vertex -1.36941 -51.2911 7.85
    endloop
  endfacet
  facet normal 0.913534 0.406762 0
    outer loop
      vertex -1.36941 -51.2911 3.4
      vertex -1.13262 -51.8229 7.85
      vertex -1.13262 -51.8229 3.4
    endloop
  endfacet
  facet normal 0.309024 0.951054 -0
    outer loop
      vertex -0.146339 -52.3923 3.4
      vertex -0.7 -52.2124 7.85
      vertex -0.146339 -52.3923 7.85
    endloop
  endfacet
  facet normal 0.309024 0.951054 0
    outer loop
      vertex -0.7 -52.2124 7.85
      vertex -0.146339 -52.3923 3.4
      vertex -0.7 -52.2124 3.4
    endloop
  endfacet
  facet normal -1 0 0
    outer loop
      vertex 3 -58 0
      vertex 3 -43.5 3.4
      vertex 3 -43.5 0
    endloop
  endfacet
  facet normal -1 -0 0
    outer loop
      vertex 3 -43.5 3.4
      vertex 3 -58 0
      vertex 3 -58 3.4
    endloop
  endfacet
  facet normal 0 0 -1
    outer loop
      vertex 3 -58 3.4
      vertex 1.4 -51 3.4
      vertex 3 -43.5 3.4
    endloop
  endfacet
  facet normal 0 0 -1
    outer loop
      vertex 3 -58 3.4
      vertex 1.27896 -51.5694 3.4
      vertex 1.4 -51 3.4
    endloop
  endfacet
  facet normal 0 0 -1
    outer loop
      vertex 3 -58 3.4
      vertex 0.936783 -52.0404 3.4
      vertex 1.27896 -51.5694 3.4
    endloop
  endfacet
  facet normal 0 0 -1
    outer loop
      vertex 3 -58 3.4
      vertex 0.432623 -52.3315 3.4
      vertex 0.936783 -52.0404 3.4
    endloop
  endfacet
  facet normal 0 0 -1
    outer loop
      vertex 3 -58 3.4
      vertex -0.146339 -52.3923 3.4
      vertex 0.432623 -52.3315 3.4
    endloop
  endfacet
  facet normal 0 0 -1
    outer loop
      vertex -3 -58 3.4
      vertex -0.146339 -52.3923 3.4
      vertex 3 -58 3.4
    endloop
  endfacet
  facet normal -0 0 -1
    outer loop
      vertex -0.146339 -52.3923 3.4
      vertex -3 -58 3.4
      vertex -0.7 -52.2124 3.4
    endloop
  endfacet
  facet normal -0 0 -1
    outer loop
      vertex -1.36941 -51.2911 3.4
      vertex -3 -58 3.4
      vertex -1.36941 -50.7089 3.4
    endloop
  endfacet
  facet normal -0 0 -1
    outer loop
      vertex -1.13262 -51.8229 3.4
      vertex -3 -58 3.4
      vertex -1.36941 -51.2911 3.4
    endloop
  endfacet
  facet normal -0 0 -1
    outer loop
      vertex -0.7 -52.2124 3.4
      vertex -3 -58 3.4
      vertex -1.13262 -51.8229 3.4
    endloop
  endfacet
  facet normal 0 0 -1
    outer loop
      vertex 1.27896 -50.4306 3.4
      vertex 3 -43.5 3.4
      vertex 1.4 -51 3.4
    endloop
  endfacet
  facet normal 0 0 -1
    outer loop
      vertex 0.936783 -49.9596 3.4
      vertex 3 -43.5 3.4
      vertex 1.27896 -50.4306 3.4
    endloop
  endfacet
  facet normal 0 0 -1
    outer loop
      vertex 0.432623 -49.6685 3.4
      vertex 3 -43.5 3.4
      vertex 0.936783 -49.9596 3.4
    endloop
  endfacet
  facet normal 0 0 -1
    outer loop
      vertex -0.146339 -49.6077 3.4
      vertex 3 -43.5 3.4
      vertex 0.432623 -49.6685 3.4
    endloop
  endfacet
  facet normal 0 0 -1
    outer loop
      vertex -3 -43.5 3.4
      vertex -0.146339 -49.6077 3.4
      vertex -0.7 -49.7876 3.4
    endloop
  endfacet
  facet normal 0 0 -1
    outer loop
      vertex -3 -43.5 3.4
      vertex -0.7 -49.7876 3.4
      vertex -1.13262 -50.1771 3.4
    endloop
  endfacet
  facet normal 0 0 -1
    outer loop
      vertex -0.146339 -49.6077 3.4
      vertex -3 -43.5 3.4
      vertex 3 -43.5 3.4
    endloop
  endfacet
  facet normal 0 0 -1
    outer loop
      vertex -1.36941 -50.7089 3.4
      vertex -3 -43.5 3.4
      vertex -1.13262 -50.1771 3.4
    endloop
  endfacet
  facet normal 0 0 -1
    outer loop
      vertex -3 -43.5 3.4
      vertex -1.36941 -50.7089 3.4
      vertex -3 -58 3.4
    endloop
  endfacet
  facet normal 1 -0 0
    outer loop
      vertex -3 -58 3.4
      vertex -3 -43.5 0
      vertex -3 -43.5 3.4
    endloop
  endfacet
  facet normal 1 0 0
    outer loop
      vertex -3 -43.5 0
      vertex -3 -58 3.4
      vertex -3 -58 0
    endloop
  endfacet
  facet normal 0 -1 0
    outer loop
      vertex -2.5 -43 0
      vertex 2.5 -43 2.4
      vertex -2.5 -43 2.4
    endloop
  endfacet
  facet normal 0 -1 -0
    outer loop
      vertex 2.5 -43 2.4
      vertex -2.5 -43 0
      vertex 2.5 -43 0
    endloop
  endfacet
  facet normal -0.372959 -0.927848 0
    outer loop
      vertex -17.5757 -19.1252 2.3
      vertex -17.0249 -19.3466 8.4
      vertex -17.5757 -19.1252 8.4
    endloop
  endfacet
  facet normal -0.372959 -0.927848 -0
    outer loop
      vertex -17.0249 -19.3466 8.4
      vertex -17.5757 -19.1252 2.3
      vertex -17.0249 -19.3466 2.3
    endloop
  endfacet
  facet normal 0.126999 -0.991903 0
    outer loop
      vertex -15.8515 -19.4968 2.4
      vertex -15.2626 -19.4214 8.4
      vertex -15.8515 -19.4968 8.4
    endloop
  endfacet
  facet normal 0.126999 -0.991903 0
    outer loop
      vertex -15.2626 -19.4214 8.4
      vertex -15.8515 -19.4968 2.4
      vertex -15.2626 -19.4214 2.4
    endloop
  endfacet
  facet normal 0.967728 0.251997 0
    outer loop
      vertex -12.5503 -15.4085 8.4
      vertex -12.6999 -14.834 2.3
      vertex -12.6999 -14.834 8.4
    endloop
  endfacet
  facet normal 0.967728 0.251997 0
    outer loop
      vertex -12.6999 -14.834 2.3
      vertex -12.5503 -15.4085 8.4
      vertex -12.5503 -15.4085 2.3
    endloop
  endfacet
  facet normal 0.996404 0.0847322 0
    outer loop
      vertex -12.5 -16 8.4
      vertex -12.5503 -15.4085 2.3
      vertex -12.5503 -15.4085 8.4
    endloop
  endfacet
  facet normal 0.996404 0.0847322 0
    outer loop
      vertex -12.5503 -15.4085 2.3
      vertex -12.5 -16 8.4
      vertex -12.5 -16 2.3
    endloop
  endfacet
  facet normal 0.911167 0.412038 0
    outer loop
      vertex -12.6999 -14.834 8.4
      vertex -12.9445 -14.2931 2.3
      vertex -12.9445 -14.2931 8.4
    endloop
  endfacet
  facet normal 0.911167 0.412038 0
    outer loop
      vertex -12.9445 -14.2931 2.3
      vertex -12.6999 -14.834 8.4
      vertex -12.6999 -14.834 2.3
    endloop
  endfacet
  facet normal 0 0 1
    outer loop
      vertex -14.65 -16 8.4
      vertex -12.5 -16 8.4
      vertex -12.5503 -15.4085 8.4
    endloop
  endfacet
  facet normal 0 0 1
    outer loop
      vertex -14.7667 -15.4509 8.4
      vertex -12.5503 -15.4085 8.4
      vertex -12.6999 -14.834 8.4
    endloop
  endfacet
  facet normal 0 0 1
    outer loop
      vertex -12.5 -16 8.4
      vertex -14.65 -16 8.4
      vertex -12.5503 -16.5915 8.4
    endloop
  endfacet
  facet normal 0 0 1
    outer loop
      vertex -14.7667 -15.4509 8.4
      vertex -12.6999 -14.834 8.4
      vertex -12.9445 -14.2931 8.4
    endloop
  endfacet
  facet normal -0 0 1
    outer loop
      vertex -14.7667 -16.5491 8.4
      vertex -12.5503 -16.5915 8.4
      vertex -14.65 -16 8.4
    endloop
  endfacet
  facet normal 0 0 1
    outer loop
      vertex -14.7667 -15.4509 8.4
      vertex -12.9445 -14.2931 8.4
      vertex -13.2769 -13.8012 8.4
    endloop
  endfacet
  facet normal 0 0 1
    outer loop
      vertex -12.5503 -16.5915 8.4
      vertex -14.7667 -16.5491 8.4
      vertex -12.6999 -17.166 8.4
    endloop
  endfacet
  facet normal 0 0 1
    outer loop
      vertex -15.0967 -14.9968 8.4
      vertex -13.2769 -13.8012 8.4
      vertex -13.6876 -13.3726 8.4
    endloop
  endfacet
  facet normal 0 0 1
    outer loop
      vertex -12.6999 -17.166 8.4
      vertex -14.7667 -16.5491 8.4
      vertex -12.9445 -17.7069 8.4
    endloop
  endfacet
  facet normal 0 0 1
    outer loop
      vertex -15.0967 -14.9968 8.4
      vertex -13.6876 -13.3726 8.4
      vertex -14.1649 -13.0196 8.4
    endloop
  endfacet
  facet normal 0 0 1
    outer loop
      vertex -12.9445 -17.7069 8.4
      vertex -14.7667 -16.5491 8.4
      vertex -13.2769 -18.1988 8.4
    endloop
  endfacet
  facet normal -0 0 1
    outer loop
      vertex -15.0967 -17.0032 8.4
      vertex -13.2769 -18.1988 8.4
      vertex -14.7667 -16.5491 8.4
    endloop
  endfacet
  facet normal 0 0 1
    outer loop
      vertex -15.5828 -14.7161 8.4
      vertex -14.1649 -13.0196 8.4
      vertex -14.695 -12.7524 8.4
    endloop
  endfacet
  facet normal 0 0 1
    outer loop
      vertex -12.5503 -15.4085 8.4
      vertex -14.7667 -15.4509 8.4
      vertex -14.65 -16 8.4
    endloop
  endfacet
  facet normal 0 0 1
    outer loop
      vertex -13.2769 -13.8012 8.4
      vertex -15.0967 -14.9968 8.4
      vertex -14.7667 -15.4509 8.4
    endloop
  endfacet
  facet normal 0 0 1
    outer loop
      vertex -15.5828 -14.7161 8.4
      vertex -14.695 -12.7524 8.4
      vertex -15.2626 -12.5786 8.4
    endloop
  endfacet
  facet normal 0 0 1
    outer loop
      vertex -14.1649 -13.0196 8.4
      vertex -15.5828 -14.7161 8.4
      vertex -15.0967 -14.9968 8.4
    endloop
  endfacet
  facet normal 0 0 1
    outer loop
      vertex -15.8515 -12.5032 8.4
      vertex -15.5828 -14.7161 8.4
      vertex -15.2626 -12.5786 8.4
    endloop
  endfacet
  facet normal 0 0 1
    outer loop
      vertex -15.8515 -12.5032 8.4
      vertex -16.1411 -14.6574 8.4
      vertex -15.5828 -14.7161 8.4
    endloop
  endfacet
  facet normal -0 0 1
    outer loop
      vertex -16.4446 -12.5283 8.4
      vertex -16.1411 -14.6574 8.4
      vertex -15.8515 -12.5032 8.4
    endloop
  endfacet
  facet normal -0 0 1
    outer loop
      vertex -17.0249 -12.6534 8.4
      vertex -16.1411 -14.6574 8.4
      vertex -16.4446 -12.5283 8.4
    endloop
  endfacet
  facet normal 0 0 1
    outer loop
      vertex -16.1411 -14.6574 8.4
      vertex -17.0249 -12.6534 8.4
      vertex -16.675 -14.8309 8.4
    endloop
  endfacet
  facet normal -0 0 1
    outer loop
      vertex -17.5757 -12.8748 8.4
      vertex -16.675 -14.8309 8.4
      vertex -17.0249 -12.6534 8.4
    endloop
  endfacet
  facet normal -0 0 1
    outer loop
      vertex -18.0812 -13.186 8.4
      vertex -16.675 -14.8309 8.4
      vertex -17.5757 -12.8748 8.4
    endloop
  endfacet
  facet normal 0 0 1
    outer loop
      vertex -16.675 -14.8309 8.4
      vertex -18.5268 -13.5782 8.4
      vertex -17.0922 -15.2065 8.4
    endloop
  endfacet
  facet normal -0 0 1
    outer loop
      vertex -18.5268 -13.5782 8.4
      vertex -16.675 -14.8309 8.4
      vertex -18.0812 -13.186 8.4
    endloop
  endfacet
  facet normal 0 0 1
    outer loop
      vertex -13.2769 -18.1988 8.4
      vertex -15.0967 -17.0032 8.4
      vertex -13.6876 -18.6274 8.4
    endloop
  endfacet
  facet normal 0 0 1
    outer loop
      vertex -13.6876 -18.6274 8.4
      vertex -15.0967 -17.0032 8.4
      vertex -14.1649 -18.9804 8.4
    endloop
  endfacet
  facet normal -0 0 1
    outer loop
      vertex -15.5828 -17.2839 8.4
      vertex -14.1649 -18.9804 8.4
      vertex -15.0967 -17.0032 8.4
    endloop
  endfacet
  facet normal 0 0 1
    outer loop
      vertex -14.1649 -18.9804 8.4
      vertex -15.5828 -17.2839 8.4
      vertex -14.695 -19.2476 8.4
    endloop
  endfacet
  facet normal 0 0 1
    outer loop
      vertex -14.695 -19.2476 8.4
      vertex -15.5828 -17.2839 8.4
      vertex -15.2626 -19.4214 8.4
    endloop
  endfacet
  facet normal 0 0 1
    outer loop
      vertex -15.5828 -17.2839 8.4
      vertex -15.8515 -19.4968 8.4
      vertex -15.2626 -19.4214 8.4
    endloop
  endfacet
  facet normal -0 0 1
    outer loop
      vertex -16.1411 -17.3426 8.4
      vertex -15.8515 -19.4968 8.4
      vertex -15.5828 -17.2839 8.4
    endloop
  endfacet
  facet normal 0 0 1
    outer loop
      vertex -16.1411 -17.3426 8.4
      vertex -16.4446 -19.4717 8.4
      vertex -15.8515 -19.4968 8.4
    endloop
  endfacet
  facet normal 0 0 1
    outer loop
      vertex -17.0249 -19.3466 8.4
      vertex -16.1411 -17.3426 8.4
      vertex -16.675 -17.1691 8.4
    endloop
  endfacet
  facet normal 0 0 1
    outer loop
      vertex -16.1411 -17.3426 8.4
      vertex -17.0249 -19.3466 8.4
      vertex -16.4446 -19.4717 8.4
    endloop
  endfacet
  facet normal 0 0 1
    outer loop
      vertex -18.5268 -18.4218 8.4
      vertex -16.675 -17.1691 8.4
      vertex -17.0922 -16.7935 8.4
    endloop
  endfacet
  facet normal 0 0 1
    outer loop
      vertex -19.1893 -17.4417 8.4
      vertex -17.0922 -16.7935 8.4
      vertex -17.3205 -16.2807 8.4
    endloop
  endfacet
  facet normal 0 0 1
    outer loop
      vertex -16.675 -17.1691 8.4
      vertex -17.5757 -19.1252 8.4
      vertex -17.0249 -19.3466 8.4
    endloop
  endfacet
  facet normal -0 0 1
    outer loop
      vertex -18.8998 -14.0401 8.4
      vertex -17.0922 -15.2065 8.4
      vertex -18.5268 -13.5782 8.4
    endloop
  endfacet
  facet normal -0 0 1
    outer loop
      vertex -19.1893 -14.5583 8.4
      vertex -17.0922 -15.2065 8.4
      vertex -18.8998 -14.0401 8.4
    endloop
  endfacet
  facet normal 0 0 1
    outer loop
      vertex -16.675 -17.1691 8.4
      vertex -18.0812 -18.814 8.4
      vertex -17.5757 -19.1252 8.4
    endloop
  endfacet
  facet normal 0 0 1
    outer loop
      vertex -17.0922 -15.2065 8.4
      vertex -19.1893 -14.5583 8.4
      vertex -17.3205 -15.7193 8.4
    endloop
  endfacet
  facet normal 0 0 1
    outer loop
      vertex -16.675 -17.1691 8.4
      vertex -18.5268 -18.4218 8.4
      vertex -18.0812 -18.814 8.4
    endloop
  endfacet
  facet normal -0 0 1
    outer loop
      vertex -19.3871 -15.1181 8.4
      vertex -17.3205 -15.7193 8.4
      vertex -19.1893 -14.5583 8.4
    endloop
  endfacet
  facet normal 0 0 1
    outer loop
      vertex -17.0922 -16.7935 8.4
      vertex -18.8998 -17.9599 8.4
      vertex -18.5268 -18.4218 8.4
    endloop
  endfacet
  facet normal -0 0 1
    outer loop
      vertex -19.4874 -15.7032 8.4
      vertex -17.3205 -15.7193 8.4
      vertex -19.3871 -15.1181 8.4
    endloop
  endfacet
  facet normal 0 0 1
    outer loop
      vertex -17.0922 -16.7935 8.4
      vertex -19.1893 -17.4417 8.4
      vertex -18.8998 -17.9599 8.4
    endloop
  endfacet
  facet normal 0 0 1
    outer loop
      vertex -17.3205 -15.7193 8.4
      vertex -19.4874 -15.7032 8.4
      vertex -17.3205 -16.2807 8.4
    endloop
  endfacet
  facet normal 0 0 1
    outer loop
      vertex -17.3205 -16.2807 8.4
      vertex -19.3871 -16.8819 8.4
      vertex -19.1893 -17.4417 8.4
    endloop
  endfacet
  facet normal 0 0 1
    outer loop
      vertex -19.4874 -16.2968 8.4
      vertex -17.3205 -16.2807 8.4
      vertex -19.4874 -15.7032 8.4
    endloop
  endfacet
  facet normal 0 0 1
    outer loop
      vertex -17.3205 -16.2807 8.4
      vertex -19.4874 -16.2968 8.4
      vertex -19.3871 -16.8819 8.4
    endloop
  endfacet
  facet normal 0.828562 0.559898 0
    outer loop
      vertex -12.9445 -14.2931 8.4
      vertex -13.2769 -13.8012 2.3
      vertex -13.2769 -13.8012 8.4
    endloop
  endfacet
  facet normal 0.828562 0.559898 0
    outer loop
      vertex -13.2769 -13.8012 2.3
      vertex -12.9445 -14.2931 8.4
      vertex -12.9445 -14.2931 2.3
    endloop
  endfacet
  facet normal 0.996404 -0.0847322 0
    outer loop
      vertex -12.5503 -16.5915 8.4
      vertex -12.5 -16 2.3
      vertex -12.5 -16 8.4
    endloop
  endfacet
  facet normal 0.996404 -0.0847322 0
    outer loop
      vertex -12.5 -16 2.3
      vertex -12.5503 -16.5915 8.4
      vertex -12.5503 -16.5915 2.3
    endloop
  endfacet
  facet normal -0.524248 0.851566 0
    outer loop
      vertex -17.5757 -12.8748 2.4
      vertex -18.0812 -13.186 8.4
      vertex -17.5757 -12.8748 8.4
    endloop
  endfacet
  facet normal -0.524248 0.851566 0
    outer loop
      vertex -18.0812 -13.186 8.4
      vertex -17.5757 -12.8748 2.4
      vertex -18.0812 -13.186 2.4
    endloop
  endfacet
  facet normal -0.942872 0.333155 0
    outer loop
      vertex -19.3871 -15.1181 2.4
      vertex -19.1893 -14.5583 8.4
      vertex -19.1893 -14.5583 2.4
    endloop
  endfacet
  facet normal -0.942872 0.333155 0
    outer loop
      vertex -19.1893 -14.5583 8.4
      vertex -19.3871 -15.1181 2.4
      vertex -19.3871 -15.1181 8.4
    endloop
  endfacet
  facet normal -0.210737 0.977543 -6.21317e-06
    outer loop
      vertex -16.4446 -12.5283 8.4
      vertex -16.8517 -12.6161 2.4
      vertex -17.0249 -12.6534 8.4
    endloop
  endfacet
  facet normal -0.210824 0.977524 0
    outer loop
      vertex -16.4446 -12.5283 2.3
      vertex -16.8517 -12.6161 2.4
      vertex -16.4446 -12.5283 8.4
    endloop
  endfacet
  facet normal -0.210824 0.977524 0
    outer loop
      vertex -16.8517 -12.6161 2.4
      vertex -16.4446 -12.5283 2.3
      vertex -16.8517 -12.6161 2.3
    endloop
  endfacet
  facet normal -0.210531 0.977587 0
    outer loop
      vertex -17.0249 -12.6534 8.4
      vertex -16.8517 -12.6161 2.4
      vertex -17.0249 -12.6534 2.4
    endloop
  endfacet
  facet normal -0.778101 0.62814 0
    outer loop
      vertex -18.5344 -13.5876 2.3
      vertex -18.5788 -13.6426 2.3
      vertex -18.5344 -13.5876 2.4
    endloop
  endfacet
  facet normal -0.77763 0.628722 0
    outer loop
      vertex -18.5344 -13.5876 2.4
      vertex -18.5268 -13.5782 8.4
      vertex -18.5268 -13.5782 2.4
    endloop
  endfacet
  facet normal -0.778101 0.62814 0
    outer loop
      vertex -18.5788 -13.6426 2.4
      vertex -18.5344 -13.5876 2.4
      vertex -18.5788 -13.6426 2.3
    endloop
  endfacet
  facet normal -0.778101 0.62814 1.50904e-06
    outer loop
      vertex -18.5344 -13.5876 2.4
      vertex -18.5788 -13.6426 2.4
      vertex -18.5268 -13.5782 8.4
    endloop
  endfacet
  facet normal -0.777996 0.628269 0
    outer loop
      vertex -18.8998 -14.0401 8.4
      vertex -18.5788 -13.6426 2.4
      vertex -18.8998 -14.0401 2.4
    endloop
  endfacet
  facet normal -0.778001 0.628263 -6.7374e-07
    outer loop
      vertex -18.5788 -13.6426 2.4
      vertex -18.8998 -14.0401 8.4
      vertex -18.5268 -13.5782 8.4
    endloop
  endfacet
  facet normal -0.985623 -0.168959 0
    outer loop
      vertex -19.3871 -16.8819 2.3
      vertex -19.4874 -16.2968 8.4
      vertex -19.4874 -16.2968 2.3
    endloop
  endfacet
  facet normal -0.985623 -0.168959 0
    outer loop
      vertex -19.4874 -16.2968 8.4
      vertex -19.3871 -16.8819 2.3
      vertex -19.3871 -16.8819 8.4
    endloop
  endfacet
  facet normal 0.828562 -0.559898 0
    outer loop
      vertex -13.2769 -18.1988 8.4
      vertex -12.9445 -17.7069 2.3
      vertex -12.9445 -17.7069 8.4
    endloop
  endfacet
  facet normal 0.828562 -0.559898 0
    outer loop
      vertex -12.9445 -17.7069 2.3
      vertex -13.2769 -18.1988 8.4
      vertex -13.2769 -18.1988 2.3
    endloop
  endfacet
  facet normal 0.450109 -0.892974 0
    outer loop
      vertex -14.695 -19.2476 2.4
      vertex -14.1649 -18.9804 8.4
      vertex -14.695 -19.2476 8.4
    endloop
  endfacet
  facet normal 0.450109 -0.892974 0
    outer loop
      vertex -14.1649 -18.9804 8.4
      vertex -14.695 -19.2476 2.4
      vertex -14.1649 -18.9804 2.4
    endloop
  endfacet
  facet normal -0.778001 -0.628263 0
    outer loop
      vertex -18.5268 -18.4218 2.3
      vertex -18.8998 -17.9599 8.4
      vertex -18.8998 -17.9599 2.3
    endloop
  endfacet
  facet normal -0.778001 -0.628263 0
    outer loop
      vertex -18.8998 -17.9599 8.4
      vertex -18.5268 -18.4218 2.3
      vertex -18.5268 -18.4218 8.4
    endloop
  endfacet
  facet normal 0.911167 -0.412038 0
    outer loop
      vertex -12.9445 -17.7069 8.4
      vertex -12.6999 -17.166 2.3
      vertex -12.6999 -17.166 8.4
    endloop
  endfacet
  facet normal 0.911167 -0.412038 0
    outer loop
      vertex -12.6999 -17.166 2.3
      vertex -12.9445 -17.7069 8.4
      vertex -12.9445 -17.7069 2.3
    endloop
  endfacet
  facet normal 0.292783 0.956179 -0
    outer loop
      vertex -14.695 -12.7524 2.3
      vertex -15.2626 -12.5786 8.4
      vertex -14.695 -12.7524 8.4
    endloop
  endfacet
  facet normal 0.292783 0.956179 0
    outer loop
      vertex -15.2626 -12.5786 8.4
      vertex -14.695 -12.7524 2.3
      vertex -15.2626 -12.5786 2.3
    endloop
  endfacet
  facet normal -0.942872 -0.333155 0
    outer loop
      vertex -19.1893 -17.4417 2.3
      vertex -19.3871 -16.8819 8.4
      vertex -19.3871 -16.8819 2.3
    endloop
  endfacet
  facet normal -0.942872 -0.333155 0
    outer loop
      vertex -19.3871 -16.8819 8.4
      vertex -19.1893 -17.4417 2.3
      vertex -19.1893 -17.4417 8.4
    endloop
  endfacet
  facet normal 0.722023 0.691869 0
    outer loop
      vertex -13.2769 -13.8012 8.4
      vertex -13.6876 -13.3726 2.3
      vertex -13.6876 -13.3726 8.4
    endloop
  endfacet
  facet normal 0.722023 0.691869 0
    outer loop
      vertex -13.6876 -13.3726 2.3
      vertex -13.2769 -13.8012 8.4
      vertex -13.2769 -13.8012 2.3
    endloop
  endfacet
  facet normal 0.292783 -0.956179 0
    outer loop
      vertex -15.2626 -19.4214 2.4
      vertex -14.695 -19.2476 8.4
      vertex -15.2626 -19.4214 8.4
    endloop
  endfacet
  facet normal 0.292783 -0.956179 0
    outer loop
      vertex -14.695 -19.2476 8.4
      vertex -15.2626 -19.4214 2.4
      vertex -14.695 -19.2476 2.4
    endloop
  endfacet
  facet normal 0 0 -1
    outer loop
      vertex -14.65 -16 2.3
      vertex -12.5 -16 2.3
      vertex -12.5503 -16.5915 2.3
    endloop
  endfacet
  facet normal 0 0 -1
    outer loop
      vertex -14.7667 -16.5491 2.3
      vertex -12.5503 -16.5915 2.3
      vertex -12.6999 -17.166 2.3
    endloop
  endfacet
  facet normal 0 0 -1
    outer loop
      vertex -12.5 -16 2.3
      vertex -14.65 -16 2.3
      vertex -12.5503 -15.4085 2.3
    endloop
  endfacet
  facet normal 0 0 -1
    outer loop
      vertex -14.7667 -16.5491 2.3
      vertex -12.6999 -17.166 2.3
      vertex -12.9445 -17.7069 2.3
    endloop
  endfacet
  facet normal 0 0 -1
    outer loop
      vertex -14.7667 -15.4509 2.3
      vertex -12.5503 -15.4085 2.3
      vertex -14.65 -16 2.3
    endloop
  endfacet
  facet normal 0 0 -1
    outer loop
      vertex -14.827 -17.6701 2.3
      vertex -12.9445 -17.7069 2.3
      vertex -13.2769 -18.1988 2.3
    endloop
  endfacet
  facet normal -0 0 -1
    outer loop
      vertex -12.5503 -15.4085 2.3
      vertex -14.7667 -15.4509 2.3
      vertex -12.6999 -14.834 2.3
    endloop
  endfacet
  facet normal 0 0 -1
    outer loop
      vertex -14.827 -17.6701 2.3
      vertex -13.2769 -18.1988 2.3
      vertex -13.6418 -18.5795 2.3
    endloop
  endfacet
  facet normal -0 0 -1
    outer loop
      vertex -12.6999 -14.834 2.3
      vertex -14.7667 -15.4509 2.3
      vertex -12.9445 -14.2931 2.3
    endloop
  endfacet
  facet normal -0 0 -1
    outer loop
      vertex -12.9445 -14.2931 2.3
      vertex -14.7667 -15.4509 2.3
      vertex -13.2769 -13.8012 2.3
    endloop
  endfacet
  facet normal 0 0 -1
    outer loop
      vertex -15.0967 -14.9968 2.3
      vertex -13.2769 -13.8012 2.3
      vertex -14.7667 -15.4509 2.3
    endloop
  endfacet
  facet normal 0 0 -1
    outer loop
      vertex -12.5503 -16.5915 2.3
      vertex -14.7667 -16.5491 2.3
      vertex -14.65 -16 2.3
    endloop
  endfacet
  facet normal 0 0 -1
    outer loop
      vertex -12.9445 -17.7069 2.3
      vertex -14.827 -17.6701 2.3
      vertex -14.7667 -16.5491 2.3
    endloop
  endfacet
  facet normal 0 0 -1
    outer loop
      vertex -14.827 -17.6701 2.3
      vertex -15.0967 -17.0032 2.3
      vertex -14.7667 -16.5491 2.3
    endloop
  endfacet
  facet normal 0 -0 -1
    outer loop
      vertex -15.0967 -17.0032 2.3
      vertex -14.827 -17.6701 2.3
      vertex -15.3777 -17.1655 2.3
    endloop
  endfacet
  facet normal -0 0 -1
    outer loop
      vertex -13.2769 -13.8012 2.3
      vertex -15.0967 -14.9968 2.3
      vertex -13.6876 -13.3726 2.3
    endloop
  endfacet
  facet normal -0 0 -1
    outer loop
      vertex -13.6876 -13.3726 2.3
      vertex -15.0967 -14.9968 2.3
      vertex -14.1649 -13.0196 2.3
    endloop
  endfacet
  facet normal 0 0 -1
    outer loop
      vertex -15.5828 -14.7161 2.3
      vertex -14.1649 -13.0196 2.3
      vertex -15.0967 -14.9968 2.3
    endloop
  endfacet
  facet normal -0 0 -1
    outer loop
      vertex -14.1649 -13.0196 2.3
      vertex -15.5828 -14.7161 2.3
      vertex -14.695 -12.7524 2.3
    endloop
  endfacet
  facet normal -0 0 -1
    outer loop
      vertex -14.695 -12.7524 2.3
      vertex -15.5828 -14.7161 2.3
      vertex -15.2626 -12.5786 2.3
    endloop
  endfacet
  facet normal 0 0 -1
    outer loop
      vertex -15.5828 -14.7161 2.3
      vertex -15.8515 -12.5032 2.3
      vertex -15.2626 -12.5786 2.3
    endloop
  endfacet
  facet normal 0 0 -1
    outer loop
      vertex -16.1411 -14.6574 2.3
      vertex -15.8515 -12.5032 2.3
      vertex -15.5828 -14.7161 2.3
    endloop
  endfacet
  facet normal 0 0 -1
    outer loop
      vertex -16.1411 -14.6574 2.3
      vertex -16.4446 -12.5283 2.3
      vertex -15.8515 -12.5032 2.3
    endloop
  endfacet
  facet normal 0 0 -1
    outer loop
      vertex -16.8517 -12.6161 2.3
      vertex -16.1411 -14.6574 2.3
      vertex -16.675 -14.8309 2.3
    endloop
  endfacet
  facet normal 0 0 -1
    outer loop
      vertex -16.1411 -14.6574 2.3
      vertex -16.8517 -12.6161 2.3
      vertex -16.4446 -12.5283 2.3
    endloop
  endfacet
  facet normal 0 0 -1
    outer loop
      vertex -17.6701 -14.827 2.3
      vertex -16.675 -14.8309 2.3
      vertex -17.0922 -15.2065 2.3
    endloop
  endfacet
  facet normal 0 0 -1
    outer loop
      vertex -17.6701 -14.827 2.3
      vertex -17.0922 -15.2065 2.3
      vertex -17.1674 -15.3755 2.3
    endloop
  endfacet
  facet normal 0 0 -1
    outer loop
      vertex -16.675 -14.8309 2.3
      vertex -17.6701 -14.827 2.3
      vertex -16.8517 -12.6161 2.3
    endloop
  endfacet
  facet normal 0 0 -1
    outer loop
      vertex -17.6701 -14.827 2.3
      vertex -18.5344 -13.5876 2.3
      vertex -16.8517 -12.6161 2.3
    endloop
  endfacet
  facet normal 0 -0 -1
    outer loop
      vertex -18.5344 -13.5876 2.3
      vertex -17.6701 -14.827 2.3
      vertex -18.5788 -13.6426 2.3
    endloop
  endfacet
  facet normal 0 0 -1
    outer loop
      vertex -16.4446 -19.4717 2.3
      vertex -16.2411 -19.3554 2.3
      vertex -16.0688 -19.4876 2.3
    endloop
  endfacet
  facet normal 0 0 -1
    outer loop
      vertex -17.0249 -19.3466 2.3
      vertex -16.2411 -19.3554 2.3
      vertex -16.4446 -19.4717 2.3
    endloop
  endfacet
  facet normal 0 0 -1
    outer loop
      vertex -17.8662 -17.8662 2.3
      vertex -17.0249 -19.3466 2.3
      vertex -17.5757 -19.1252 2.3
    endloop
  endfacet
  facet normal 0 0 -1
    outer loop
      vertex -17.0249 -19.3466 2.3
      vertex -17.8662 -17.8662 2.3
      vertex -16.2411 -19.3554 2.3
    endloop
  endfacet
  facet normal 0 0 -1
    outer loop
      vertex -18.0812 -18.814 2.3
      vertex -17.8662 -17.8662 2.3
      vertex -17.5757 -19.1252 2.3
    endloop
  endfacet
  facet normal 0 0 -1
    outer loop
      vertex -18.5268 -18.4218 2.3
      vertex -17.8662 -17.8662 2.3
      vertex -18.0812 -18.814 2.3
    endloop
  endfacet
  facet normal 0 0 -1
    outer loop
      vertex -18.8998 -17.9599 2.3
      vertex -17.8662 -17.8662 2.3
      vertex -18.5268 -18.4218 2.3
    endloop
  endfacet
  facet normal 0 0 -1
    outer loop
      vertex -19.1893 -17.4417 2.3
      vertex -17.8662 -17.8662 2.3
      vertex -18.8998 -17.9599 2.3
    endloop
  endfacet
  facet normal 0 0 -1
    outer loop
      vertex -19.3871 -16.8819 2.3
      vertex -17.8662 -17.8662 2.3
      vertex -19.1893 -17.4417 2.3
    endloop
  endfacet
  facet normal 0 0 -1
    outer loop
      vertex -17.8662 -17.8662 2.3
      vertex -19.3871 -16.8819 2.3
      vertex -19.3554 -16.2411 2.3
    endloop
  endfacet
  facet normal 0 0 -1
    outer loop
      vertex -19.4874 -16.2968 2.3
      vertex -19.3554 -16.2411 2.3
      vertex -19.3871 -16.8819 2.3
    endloop
  endfacet
  facet normal -0 0 -1
    outer loop
      vertex -19.3554 -16.2411 2.3
      vertex -19.4874 -16.2968 2.3
      vertex -19.4874 -16.069 2.3
    endloop
  endfacet
  facet normal 0.594623 0.804005 -0
    outer loop
      vertex -13.6876 -13.3726 2.3
      vertex -14.1649 -13.0196 8.4
      vertex -13.6876 -13.3726 8.4
    endloop
  endfacet
  facet normal 0.594623 0.804005 0
    outer loop
      vertex -14.1649 -13.0196 8.4
      vertex -13.6876 -13.3726 2.3
      vertex -14.1649 -13.0196 2.3
    endloop
  endfacet
  facet normal -0.660696 0.750653 0
    outer loop
      vertex -18.0812 -13.186 2.4
      vertex -18.5268 -13.5782 8.4
      vertex -18.0812 -13.186 8.4
    endloop
  endfacet
  facet normal -0.660696 0.750653 0
    outer loop
      vertex -18.5268 -13.5782 8.4
      vertex -18.0812 -13.186 2.4
      vertex -18.5268 -13.5782 2.4
    endloop
  endfacet
  facet normal 0.967728 -0.251997 0
    outer loop
      vertex -12.6999 -17.166 8.4
      vertex -12.5503 -16.5915 2.3
      vertex -12.5503 -16.5915 8.4
    endloop
  endfacet
  facet normal 0.967728 -0.251997 0
    outer loop
      vertex -12.5503 -16.5915 2.3
      vertex -12.6999 -17.166 8.4
      vertex -12.6999 -17.166 2.3
    endloop
  endfacet
  facet normal 0.450109 0.892974 -0
    outer loop
      vertex -14.1649 -13.0196 2.3
      vertex -14.695 -12.7524 8.4
      vertex -14.1649 -13.0196 8.4
    endloop
  endfacet
  facet normal 0.450109 0.892974 0
    outer loop
      vertex -14.695 -12.7524 8.4
      vertex -14.1649 -13.0196 2.3
      vertex -14.695 -12.7524 2.3
    endloop
  endfacet
  facet normal -1 0 0
    outer loop
      vertex -19.4874 -16.069 2.3
      vertex -19.4874 -16.2968 2.3
      vertex -19.4874 -16.069 2.4
    endloop
  endfacet
  facet normal -1 0 0
    outer loop
      vertex -19.4874 -16.069 2.4
      vertex -19.4874 -15.7032 8.4
      vertex -19.4874 -15.7032 2.4
    endloop
  endfacet
  facet normal -1 0 0
    outer loop
      vertex -19.4874 -16.2968 8.4
      vertex -19.4874 -16.069 2.4
      vertex -19.4874 -16.2968 2.3
    endloop
  endfacet
  facet normal -1 0 0
    outer loop
      vertex -19.4874 -16.069 2.4
      vertex -19.4874 -16.2968 8.4
      vertex -19.4874 -15.7032 8.4
    endloop
  endfacet
  facet normal -0.372959 0.927848 0
    outer loop
      vertex -17.0249 -12.6534 2.4
      vertex -17.5757 -12.8748 8.4
      vertex -17.0249 -12.6534 8.4
    endloop
  endfacet
  facet normal -0.372959 0.927848 0
    outer loop
      vertex -17.5757 -12.8748 8.4
      vertex -17.0249 -12.6534 2.4
      vertex -17.5757 -12.8748 2.4
    endloop
  endfacet
  facet normal -0.873003 0.487716 0
    outer loop
      vertex -19.1893 -14.5583 2.4
      vertex -18.8998 -14.0401 8.4
      vertex -18.8998 -14.0401 2.4
    endloop
  endfacet
  facet normal -0.873003 0.487716 0
    outer loop
      vertex -18.8998 -14.0401 8.4
      vertex -19.1893 -14.5583 2.4
      vertex -19.1893 -14.5583 8.4
    endloop
  endfacet
  facet normal -0.0422822 0.999106 0
    outer loop
      vertex -15.8515 -12.5032 2.3
      vertex -16.4446 -12.5283 8.4
      vertex -15.8515 -12.5032 8.4
    endloop
  endfacet
  facet normal -0.0422822 0.999106 0
    outer loop
      vertex -16.4446 -12.5283 8.4
      vertex -15.8515 -12.5032 2.3
      vertex -16.4446 -12.5283 2.3
    endloop
  endfacet
  facet normal -0.660696 -0.750653 0
    outer loop
      vertex -18.5268 -18.4218 2.3
      vertex -18.0812 -18.814 8.4
      vertex -18.5268 -18.4218 8.4
    endloop
  endfacet
  facet normal -0.660696 -0.750653 -0
    outer loop
      vertex -18.0812 -18.814 8.4
      vertex -18.5268 -18.4218 2.3
      vertex -18.0812 -18.814 2.3
    endloop
  endfacet
  facet normal 0.721929 -0.691967 0
    outer loop
      vertex -13.2769 -18.1988 8.4
      vertex -13.6418 -18.5795 2.4
      vertex -13.2769 -18.1988 2.3
    endloop
  endfacet
  facet normal 0.722023 -0.691869 -1.19748e-05
    outer loop
      vertex -13.6876 -18.6274 8.4
      vertex -13.6418 -18.5795 2.4
      vertex -13.2769 -18.1988 8.4
    endloop
  endfacet
  facet normal 0.722773 -0.691086 0
    outer loop
      vertex -13.6418 -18.5795 2.4
      vertex -13.6876 -18.6274 8.4
      vertex -13.6876 -18.6274 2.4
    endloop
  endfacet
  facet normal 0.721929 -0.691967 0
    outer loop
      vertex -13.2769 -18.1988 2.3
      vertex -13.6418 -18.5795 2.4
      vertex -13.6418 -18.5795 2.3
    endloop
  endfacet
  facet normal 0.594623 -0.804005 0
    outer loop
      vertex -14.1649 -18.9804 2.4
      vertex -13.6876 -18.6274 8.4
      vertex -14.1649 -18.9804 8.4
    endloop
  endfacet
  facet normal 0.594623 -0.804005 0
    outer loop
      vertex -13.6876 -18.6274 8.4
      vertex -14.1649 -18.9804 2.4
      vertex -13.6876 -18.6274 2.4
    endloop
  endfacet
  facet normal -0.524248 -0.851566 0
    outer loop
      vertex -18.0812 -18.814 2.3
      vertex -17.5757 -19.1252 8.4
      vertex -18.0812 -18.814 8.4
    endloop
  endfacet
  facet normal -0.524248 -0.851566 -0
    outer loop
      vertex -17.5757 -19.1252 8.4
      vertex -18.0812 -18.814 2.3
      vertex -17.5757 -19.1252 2.3
    endloop
  endfacet
  facet normal 0.126999 0.991903 -0
    outer loop
      vertex -15.2626 -12.5786 2.3
      vertex -15.8515 -12.5032 8.4
      vertex -15.2626 -12.5786 8.4
    endloop
  endfacet
  facet normal 0.126999 0.991903 0
    outer loop
      vertex -15.8515 -12.5032 8.4
      vertex -15.2626 -12.5786 2.3
      vertex -15.8515 -12.5032 2.3
    endloop
  endfacet
  facet normal -0.0422822 -0.999106 -6.42936e-07
    outer loop
      vertex -16.4446 -19.4717 8.4
      vertex -16.0688 -19.4876 2.4
      vertex -15.8515 -19.4968 8.4
    endloop
  endfacet
  facet normal -0.0422719 -0.999106 0
    outer loop
      vertex -16.4446 -19.4717 2.3
      vertex -16.0688 -19.4876 2.4
      vertex -16.4446 -19.4717 8.4
    endloop
  endfacet
  facet normal -0.0422719 -0.999106 -0
    outer loop
      vertex -16.0688 -19.4876 2.4
      vertex -16.4446 -19.4717 2.3
      vertex -16.0688 -19.4876 2.3
    endloop
  endfacet
  facet normal -0.0422999 -0.999105 -0
    outer loop
      vertex -15.8515 -19.4968 8.4
      vertex -16.0688 -19.4876 2.4
      vertex -15.8515 -19.4968 2.4
    endloop
  endfacet
  facet normal -0.210737 -0.977543 0
    outer loop
      vertex -17.0249 -19.3466 2.3
      vertex -16.4446 -19.4717 8.4
      vertex -17.0249 -19.3466 8.4
    endloop
  endfacet
  facet normal -0.210737 -0.977543 -0
    outer loop
      vertex -16.4446 -19.4717 8.4
      vertex -17.0249 -19.3466 2.3
      vertex -16.4446 -19.4717 2.3
    endloop
  endfacet
  facet normal -0.985623 0.168959 0
    outer loop
      vertex -19.4874 -15.7032 2.4
      vertex -19.3871 -15.1181 8.4
      vertex -19.3871 -15.1181 2.4
    endloop
  endfacet
  facet normal -0.985623 0.168959 0
    outer loop
      vertex -19.3871 -15.1181 8.4
      vertex -19.4874 -15.7032 2.4
      vertex -19.4874 -15.7032 8.4
    endloop
  endfacet
  facet normal -0.873003 -0.487716 0
    outer loop
      vertex -18.8998 -17.9599 2.3
      vertex -19.1893 -17.4417 8.4
      vertex -19.1893 -17.4417 2.3
    endloop
  endfacet
  facet normal -0.873003 -0.487716 0
    outer loop
      vertex -19.1893 -17.4417 8.4
      vertex -18.8998 -17.9599 2.3
      vertex -18.8998 -17.9599 8.4
    endloop
  endfacet
  facet normal 1 -0 0
    outer loop
      vertex -17.3205 -16.2807 8.4
      vertex -17.3205 -15.7193 2.4
      vertex -17.3205 -15.7193 8.4
    endloop
  endfacet
  facet normal 1 0 0
    outer loop
      vertex -17.3205 -15.7193 2.4
      vertex -17.3205 -16.2807 8.4
      vertex -17.3205 -16.2807 2.4
    endloop
  endfacet
  facet normal -0.808952 -0.587875 0
    outer loop
      vertex -14.7667 -15.4509 2.3
      vertex -15.0967 -14.9968 8.4
      vertex -15.0967 -14.9968 2.3
    endloop
  endfacet
  facet normal -0.808952 -0.587875 0
    outer loop
      vertex -15.0967 -14.9968 8.4
      vertex -14.7667 -15.4509 2.3
      vertex -14.7667 -15.4509 8.4
    endloop
  endfacet
  facet normal -0.978153 -0.207886 0
    outer loop
      vertex -14.65 -16 2.3
      vertex -14.7667 -15.4509 8.4
      vertex -14.7667 -15.4509 2.3
    endloop
  endfacet
  facet normal -0.978153 -0.207886 0
    outer loop
      vertex -14.7667 -15.4509 8.4
      vertex -14.65 -16 2.3
      vertex -14.65 -16 8.4
    endloop
  endfacet
  facet normal -0.500067 -0.865987 0
    outer loop
      vertex -15.5828 -14.7161 2.3
      vertex -15.0967 -14.9968 8.4
      vertex -15.5828 -14.7161 8.4
    endloop
  endfacet
  facet normal -0.500067 -0.865987 -0
    outer loop
      vertex -15.0967 -14.9968 8.4
      vertex -15.5828 -14.7161 2.3
      vertex -15.0967 -14.9968 2.3
    endloop
  endfacet
  facet normal 0.309058 -0.951043 0
    outer loop
      vertex -16.675 -14.8309 2.3
      vertex -16.1411 -14.6574 8.4
      vertex -16.675 -14.8309 8.4
    endloop
  endfacet
  facet normal 0.309058 -0.951043 0
    outer loop
      vertex -16.1411 -14.6574 8.4
      vertex -16.675 -14.8309 2.3
      vertex -16.1411 -14.6574 2.3
    endloop
  endfacet
  facet normal 0.669083 -0.743188 0
    outer loop
      vertex -17.0922 -15.2065 2.3
      vertex -16.675 -14.8309 8.4
      vertex -17.0922 -15.2065 8.4
    endloop
  endfacet
  facet normal 0.669083 -0.743188 0
    outer loop
      vertex -16.675 -14.8309 8.4
      vertex -17.0922 -15.2065 2.3
      vertex -16.675 -14.8309 2.3
    endloop
  endfacet
  facet normal -0.808952 0.587875 0
    outer loop
      vertex -15.0967 -17.0032 2.3
      vertex -14.7667 -16.5491 8.4
      vertex -14.7667 -16.5491 2.3
    endloop
  endfacet
  facet normal -0.808952 0.587875 0
    outer loop
      vertex -14.7667 -16.5491 8.4
      vertex -15.0967 -17.0032 2.3
      vertex -15.0967 -17.0032 8.4
    endloop
  endfacet
  facet normal -0.104564 -0.994518 0
    outer loop
      vertex -16.1411 -14.6574 2.3
      vertex -15.5828 -14.7161 8.4
      vertex -16.1411 -14.6574 8.4
    endloop
  endfacet
  facet normal -0.104564 -0.994518 -0
    outer loop
      vertex -15.5828 -14.7161 8.4
      vertex -16.1411 -14.6574 2.3
      vertex -15.5828 -14.7161 2.3
    endloop
  endfacet
  facet normal -0.500067 0.865987 -5.14556e-06
    outer loop
      vertex -15.0967 -17.0032 8.4
      vertex -15.3777 -17.1655 2.4
      vertex -15.5828 -17.2839 8.4
    endloop
  endfacet
  facet normal -0.500149 0.865939 0
    outer loop
      vertex -15.0967 -17.0032 2.3
      vertex -15.3777 -17.1655 2.4
      vertex -15.0967 -17.0032 8.4
    endloop
  endfacet
  facet normal -0.500149 0.865939 0
    outer loop
      vertex -15.3777 -17.1655 2.4
      vertex -15.0967 -17.0032 2.3
      vertex -15.3777 -17.1655 2.3
    endloop
  endfacet
  facet normal -0.499954 0.866052 0
    outer loop
      vertex -15.5828 -17.2839 8.4
      vertex -15.3777 -17.1655 2.4
      vertex -15.5828 -17.2839 2.4
    endloop
  endfacet
  facet normal -0.104564 0.994518 0
    outer loop
      vertex -15.5828 -17.2839 2.4
      vertex -16.1411 -17.3426 8.4
      vertex -15.5828 -17.2839 8.4
    endloop
  endfacet
  facet normal -0.104564 0.994518 0
    outer loop
      vertex -16.1411 -17.3426 8.4
      vertex -15.5828 -17.2839 2.4
      vertex -16.1411 -17.3426 2.4
    endloop
  endfacet
  facet normal -0.978153 0.207886 0
    outer loop
      vertex -14.7667 -16.5491 2.3
      vertex -14.65 -16 8.4
      vertex -14.65 -16 2.3
    endloop
  endfacet
  facet normal -0.978153 0.207886 0
    outer loop
      vertex -14.65 -16 8.4
      vertex -14.7667 -16.5491 2.3
      vertex -14.7667 -16.5491 8.4
    endloop
  endfacet
  facet normal 0.913633 -0.40654 0
    outer loop
      vertex -17.0922 -15.2065 8.4
      vertex -17.1674 -15.3755 2.4
      vertex -17.0922 -15.2065 2.3
    endloop
  endfacet
  facet normal 0.913554 -0.406717 5.97991e-06
    outer loop
      vertex -17.3205 -15.7193 8.4
      vertex -17.1674 -15.3755 2.4
      vertex -17.0922 -15.2065 8.4
    endloop
  endfacet
  facet normal 0.913515 -0.406804 0
    outer loop
      vertex -17.1674 -15.3755 2.4
      vertex -17.3205 -15.7193 8.4
      vertex -17.3205 -15.7193 2.4
    endloop
  endfacet
  facet normal 0.913633 -0.40654 0
    outer loop
      vertex -17.0922 -15.2065 2.3
      vertex -17.1674 -15.3755 2.4
      vertex -17.1674 -15.3755 2.3
    endloop
  endfacet
  facet normal 0.669083 0.743188 -0
    outer loop
      vertex -16.675 -17.1691 2.4
      vertex -17.0922 -16.7935 8.4
      vertex -16.675 -17.1691 8.4
    endloop
  endfacet
  facet normal 0.669083 0.743188 0
    outer loop
      vertex -17.0922 -16.7935 8.4
      vertex -16.675 -17.1691 2.4
      vertex -17.0922 -16.7935 2.4
    endloop
  endfacet
  facet normal 0.913554 0.406717 0
    outer loop
      vertex -17.0922 -16.7935 8.4
      vertex -17.3205 -16.2807 2.4
      vertex -17.3205 -16.2807 8.4
    endloop
  endfacet
  facet normal 0.913554 0.406717 0
    outer loop
      vertex -17.3205 -16.2807 2.4
      vertex -17.0922 -16.7935 8.4
      vertex -17.0922 -16.7935 2.4
    endloop
  endfacet
  facet normal 0.309058 0.951043 -0
    outer loop
      vertex -16.1411 -17.3426 2.4
      vertex -16.675 -17.1691 8.4
      vertex -16.1411 -17.3426 8.4
    endloop
  endfacet
  facet normal 0.309058 0.951043 0
    outer loop
      vertex -16.675 -17.1691 8.4
      vertex -16.1411 -17.3426 2.4
      vertex -16.675 -17.1691 2.4
    endloop
  endfacet
  facet normal -0.372959 -0.927848 0
    outer loop
      vertex -17.5757 12.8748 2.4
      vertex -17.0249 12.6534 8.4
      vertex -17.5757 12.8748 8.4
    endloop
  endfacet
  facet normal -0.372959 -0.927848 -0
    outer loop
      vertex -17.0249 12.6534 8.4
      vertex -17.5757 12.8748 2.4
      vertex -17.0249 12.6534 2.4
    endloop
  endfacet
  facet normal 0.126999 -0.991903 0
    outer loop
      vertex -15.8515 12.5032 2.3
      vertex -15.2626 12.5786 8.4
      vertex -15.8515 12.5032 8.4
    endloop
  endfacet
  facet normal 0.126999 -0.991903 0
    outer loop
      vertex -15.2626 12.5786 8.4
      vertex -15.8515 12.5032 2.3
      vertex -15.2626 12.5786 2.3
    endloop
  endfacet
  facet normal 0.967728 0.251997 0
    outer loop
      vertex -12.5503 16.5915 8.4
      vertex -12.6999 17.166 2.3
      vertex -12.6999 17.166 8.4
    endloop
  endfacet
  facet normal 0.967728 0.251997 0
    outer loop
      vertex -12.6999 17.166 2.3
      vertex -12.5503 16.5915 8.4
      vertex -12.5503 16.5915 2.3
    endloop
  endfacet
  facet normal 0.996404 0.0847322 0
    outer loop
      vertex -12.5 16 8.4
      vertex -12.5503 16.5915 2.3
      vertex -12.5503 16.5915 8.4
    endloop
  endfacet
  facet normal 0.996404 0.0847322 0
    outer loop
      vertex -12.5503 16.5915 2.3
      vertex -12.5 16 8.4
      vertex -12.5 16 2.3
    endloop
  endfacet
  facet normal 0.911167 0.412038 0
    outer loop
      vertex -12.6999 17.166 8.4
      vertex -12.9445 17.7069 2.3
      vertex -12.9445 17.7069 8.4
    endloop
  endfacet
  facet normal 0.911167 0.412038 0
    outer loop
      vertex -12.9445 17.7069 2.3
      vertex -12.6999 17.166 8.4
      vertex -12.6999 17.166 2.3
    endloop
  endfacet
  facet normal 0 0 1
    outer loop
      vertex -14.65 16 8.4
      vertex -12.5 16 8.4
      vertex -12.5503 16.5915 8.4
    endloop
  endfacet
  facet normal 0 0 1
    outer loop
      vertex -14.7667 16.5491 8.4
      vertex -12.5503 16.5915 8.4
      vertex -12.6999 17.166 8.4
    endloop
  endfacet
  facet normal 0 0 1
    outer loop
      vertex -12.5 16 8.4
      vertex -14.65 16 8.4
      vertex -12.5503 15.4085 8.4
    endloop
  endfacet
  facet normal 0 0 1
    outer loop
      vertex -14.7667 16.5491 8.4
      vertex -12.6999 17.166 8.4
      vertex -12.9445 17.7069 8.4
    endloop
  endfacet
  facet normal -0 0 1
    outer loop
      vertex -14.7667 15.4509 8.4
      vertex -12.5503 15.4085 8.4
      vertex -14.65 16 8.4
    endloop
  endfacet
  facet normal 0 0 1
    outer loop
      vertex -14.7667 16.5491 8.4
      vertex -12.9445 17.7069 8.4
      vertex -13.2769 18.1988 8.4
    endloop
  endfacet
  facet normal 0 0 1
    outer loop
      vertex -12.5503 15.4085 8.4
      vertex -14.7667 15.4509 8.4
      vertex -12.6999 14.834 8.4
    endloop
  endfacet
  facet normal 0 0 1
    outer loop
      vertex -15.0967 17.0032 8.4
      vertex -13.2769 18.1988 8.4
      vertex -13.6876 18.6274 8.4
    endloop
  endfacet
  facet normal 0 0 1
    outer loop
      vertex -12.6999 14.834 8.4
      vertex -14.7667 15.4509 8.4
      vertex -12.9445 14.2931 8.4
    endloop
  endfacet
  facet normal 0 0 1
    outer loop
      vertex -15.0967 17.0032 8.4
      vertex -13.6876 18.6274 8.4
      vertex -14.1649 18.9804 8.4
    endloop
  endfacet
  facet normal 0 0 1
    outer loop
      vertex -12.9445 14.2931 8.4
      vertex -14.7667 15.4509 8.4
      vertex -13.2769 13.8012 8.4
    endloop
  endfacet
  facet normal -0 0 1
    outer loop
      vertex -15.0967 14.9968 8.4
      vertex -13.2769 13.8012 8.4
      vertex -14.7667 15.4509 8.4
    endloop
  endfacet
  facet normal 0 0 1
    outer loop
      vertex -15.5828 17.2839 8.4
      vertex -14.1649 18.9804 8.4
      vertex -14.695 19.2476 8.4
    endloop
  endfacet
  facet normal 0 0 1
    outer loop
      vertex -12.5503 16.5915 8.4
      vertex -14.7667 16.5491 8.4
      vertex -14.65 16 8.4
    endloop
  endfacet
  facet normal 0 0 1
    outer loop
      vertex -13.2769 18.1988 8.4
      vertex -15.0967 17.0032 8.4
      vertex -14.7667 16.5491 8.4
    endloop
  endfacet
  facet normal 0 0 1
    outer loop
      vertex -15.5828 17.2839 8.4
      vertex -14.695 19.2476 8.4
      vertex -15.2626 19.4214 8.4
    endloop
  endfacet
  facet normal 0 0 1
    outer loop
      vertex -14.1649 18.9804 8.4
      vertex -15.5828 17.2839 8.4
      vertex -15.0967 17.0032 8.4
    endloop
  endfacet
  facet normal 0 0 1
    outer loop
      vertex -15.8515 19.4968 8.4
      vertex -15.5828 17.2839 8.4
      vertex -15.2626 19.4214 8.4
    endloop
  endfacet
  facet normal 0 0 1
    outer loop
      vertex -15.8515 19.4968 8.4
      vertex -16.1411 17.3426 8.4
      vertex -15.5828 17.2839 8.4
    endloop
  endfacet
  facet normal -0 0 1
    outer loop
      vertex -16.4446 19.4717 8.4
      vertex -16.1411 17.3426 8.4
      vertex -15.8515 19.4968 8.4
    endloop
  endfacet
  facet normal -0 0 1
    outer loop
      vertex -17.0249 19.3466 8.4
      vertex -16.1411 17.3426 8.4
      vertex -16.4446 19.4717 8.4
    endloop
  endfacet
  facet normal 0 0 1
    outer loop
      vertex -16.1411 17.3426 8.4
      vertex -17.0249 19.3466 8.4
      vertex -16.675 17.1691 8.4
    endloop
  endfacet
  facet normal -0 0 1
    outer loop
      vertex -17.5757 19.1252 8.4
      vertex -16.675 17.1691 8.4
      vertex -17.0249 19.3466 8.4
    endloop
  endfacet
  facet normal -0 0 1
    outer loop
      vertex -18.0812 18.814 8.4
      vertex -16.675 17.1691 8.4
      vertex -17.5757 19.1252 8.4
    endloop
  endfacet
  facet normal 0 0 1
    outer loop
      vertex -16.675 17.1691 8.4
      vertex -18.5268 18.4218 8.4
      vertex -17.0922 16.7935 8.4
    endloop
  endfacet
  facet normal -0 0 1
    outer loop
      vertex -18.5268 18.4218 8.4
      vertex -16.675 17.1691 8.4
      vertex -18.0812 18.814 8.4
    endloop
  endfacet
  facet normal 0 0 1
    outer loop
      vertex -13.2769 13.8012 8.4
      vertex -15.0967 14.9968 8.4
      vertex -13.6876 13.3726 8.4
    endloop
  endfacet
  facet normal 0 0 1
    outer loop
      vertex -13.6876 13.3726 8.4
      vertex -15.0967 14.9968 8.4
      vertex -14.1649 13.0196 8.4
    endloop
  endfacet
  facet normal -0 0 1
    outer loop
      vertex -15.5828 14.7161 8.4
      vertex -14.1649 13.0196 8.4
      vertex -15.0967 14.9968 8.4
    endloop
  endfacet
  facet normal 0 0 1
    outer loop
      vertex -14.1649 13.0196 8.4
      vertex -15.5828 14.7161 8.4
      vertex -14.695 12.7524 8.4
    endloop
  endfacet
  facet normal 0 0 1
    outer loop
      vertex -14.695 12.7524 8.4
      vertex -15.5828 14.7161 8.4
      vertex -15.2626 12.5786 8.4
    endloop
  endfacet
  facet normal 0 0 1
    outer loop
      vertex -15.5828 14.7161 8.4
      vertex -15.8515 12.5032 8.4
      vertex -15.2626 12.5786 8.4
    endloop
  endfacet
  facet normal -0 0 1
    outer loop
      vertex -16.1411 14.6574 8.4
      vertex -15.8515 12.5032 8.4
      vertex -15.5828 14.7161 8.4
    endloop
  endfacet
  facet normal 0 0 1
    outer loop
      vertex -16.1411 14.6574 8.4
      vertex -16.4446 12.5283 8.4
      vertex -15.8515 12.5032 8.4
    endloop
  endfacet
  facet normal 0 0 1
    outer loop
      vertex -17.0249 12.6534 8.4
      vertex -16.1411 14.6574 8.4
      vertex -16.675 14.8309 8.4
    endloop
  endfacet
  facet normal 0 0 1
    outer loop
      vertex -16.1411 14.6574 8.4
      vertex -17.0249 12.6534 8.4
      vertex -16.4446 12.5283 8.4
    endloop
  endfacet
  facet normal 0 0 1
    outer loop
      vertex -18.5268 13.5782 8.4
      vertex -16.675 14.8309 8.4
      vertex -17.0922 15.2065 8.4
    endloop
  endfacet
  facet normal 0 0 1
    outer loop
      vertex -19.1893 14.5583 8.4
      vertex -17.0922 15.2065 8.4
      vertex -17.3205 15.7193 8.4
    endloop
  endfacet
  facet normal 0 0 1
    outer loop
      vertex -16.675 14.8309 8.4
      vertex -17.5757 12.8748 8.4
      vertex -17.0249 12.6534 8.4
    endloop
  endfacet
  facet normal -0 0 1
    outer loop
      vertex -18.8998 17.9599 8.4
      vertex -17.0922 16.7935 8.4
      vertex -18.5268 18.4218 8.4
    endloop
  endfacet
  facet normal -0 0 1
    outer loop
      vertex -19.1893 17.4417 8.4
      vertex -17.0922 16.7935 8.4
      vertex -18.8998 17.9599 8.4
    endloop
  endfacet
  facet normal 0 0 1
    outer loop
      vertex -16.675 14.8309 8.4
      vertex -18.0812 13.186 8.4
      vertex -17.5757 12.8748 8.4
    endloop
  endfacet
  facet normal 0 0 1
    outer loop
      vertex -17.0922 16.7935 8.4
      vertex -19.1893 17.4417 8.4
      vertex -17.3205 16.2807 8.4
    endloop
  endfacet
  facet normal 0 0 1
    outer loop
      vertex -16.675 14.8309 8.4
      vertex -18.5268 13.5782 8.4
      vertex -18.0812 13.186 8.4
    endloop
  endfacet
  facet normal -0 0 1
    outer loop
      vertex -19.3871 16.8819 8.4
      vertex -17.3205 16.2807 8.4
      vertex -19.1893 17.4417 8.4
    endloop
  endfacet
  facet normal 0 0 1
    outer loop
      vertex -17.0922 15.2065 8.4
      vertex -18.8998 14.0401 8.4
      vertex -18.5268 13.5782 8.4
    endloop
  endfacet
  facet normal -0 0 1
    outer loop
      vertex -19.4874 16.2968 8.4
      vertex -17.3205 16.2807 8.4
      vertex -19.3871 16.8819 8.4
    endloop
  endfacet
  facet normal 0 0 1
    outer loop
      vertex -17.0922 15.2065 8.4
      vertex -19.1893 14.5583 8.4
      vertex -18.8998 14.0401 8.4
    endloop
  endfacet
  facet normal 0 0 1
    outer loop
      vertex -17.3205 16.2807 8.4
      vertex -19.4874 16.2968 8.4
      vertex -17.3205 15.7193 8.4
    endloop
  endfacet
  facet normal 0 0 1
    outer loop
      vertex -17.3205 15.7193 8.4
      vertex -19.3871 15.1181 8.4
      vertex -19.1893 14.5583 8.4
    endloop
  endfacet
  facet normal 0 0 1
    outer loop
      vertex -19.4874 15.7032 8.4
      vertex -17.3205 15.7193 8.4
      vertex -19.4874 16.2968 8.4
    endloop
  endfacet
  facet normal 0 0 1
    outer loop
      vertex -17.3205 15.7193 8.4
      vertex -19.4874 15.7032 8.4
      vertex -19.3871 15.1181 8.4
    endloop
  endfacet
  facet normal 0.828562 0.559898 0
    outer loop
      vertex -12.9445 17.7069 8.4
      vertex -13.2769 18.1988 2.3
      vertex -13.2769 18.1988 8.4
    endloop
  endfacet
  facet normal 0.828562 0.559898 0
    outer loop
      vertex -13.2769 18.1988 2.3
      vertex -12.9445 17.7069 8.4
      vertex -12.9445 17.7069 2.3
    endloop
  endfacet
  facet normal 0.996404 -0.0847322 0
    outer loop
      vertex -12.5503 15.4085 8.4
      vertex -12.5 16 2.3
      vertex -12.5 16 8.4
    endloop
  endfacet
  facet normal 0.996404 -0.0847322 0
    outer loop
      vertex -12.5 16 2.3
      vertex -12.5503 15.4085 8.4
      vertex -12.5503 15.4085 2.3
    endloop
  endfacet
  facet normal -0.524248 0.851566 0
    outer loop
      vertex -17.5757 19.1252 2.3
      vertex -18.0812 18.814 8.4
      vertex -17.5757 19.1252 8.4
    endloop
  endfacet
  facet normal -0.524248 0.851566 0
    outer loop
      vertex -18.0812 18.814 8.4
      vertex -17.5757 19.1252 2.3
      vertex -18.0812 18.814 2.3
    endloop
  endfacet
  facet normal -0.942872 0.333155 0
    outer loop
      vertex -19.3871 16.8819 2.3
      vertex -19.1893 17.4417 8.4
      vertex -19.1893 17.4417 2.3
    endloop
  endfacet
  facet normal -0.942872 0.333155 0
    outer loop
      vertex -19.1893 17.4417 8.4
      vertex -19.3871 16.8819 2.3
      vertex -19.3871 16.8819 8.4
    endloop
  endfacet
  facet normal -0.210737 0.977543 0
    outer loop
      vertex -16.4446 19.4717 2.3
      vertex -17.0249 19.3466 8.4
      vertex -16.4446 19.4717 8.4
    endloop
  endfacet
  facet normal -0.210737 0.977543 0
    outer loop
      vertex -17.0249 19.3466 8.4
      vertex -16.4446 19.4717 2.3
      vertex -17.0249 19.3466 2.3
    endloop
  endfacet
  facet normal -0.778001 0.628263 0
    outer loop
      vertex -18.8998 17.9599 2.3
      vertex -18.5268 18.4218 8.4
      vertex -18.5268 18.4218 2.3
    endloop
  endfacet
  facet normal -0.778001 0.628263 0
    outer loop
      vertex -18.5268 18.4218 8.4
      vertex -18.8998 17.9599 2.3
      vertex -18.8998 17.9599 8.4
    endloop
  endfacet
  facet normal -0.985623 -0.168959 0
    outer loop
      vertex -19.3871 15.1181 2.4
      vertex -19.4874 15.7032 8.4
      vertex -19.4874 15.7032 2.4
    endloop
  endfacet
  facet normal -0.985623 -0.168959 0
    outer loop
      vertex -19.4874 15.7032 8.4
      vertex -19.3871 15.1181 2.4
      vertex -19.3871 15.1181 8.4
    endloop
  endfacet
  facet normal 0.828562 -0.559898 0
    outer loop
      vertex -13.2769 13.8012 8.4
      vertex -12.9445 14.2931 2.3
      vertex -12.9445 14.2931 8.4
    endloop
  endfacet
  facet normal 0.828562 -0.559898 0
    outer loop
      vertex -12.9445 14.2931 2.3
      vertex -13.2769 13.8012 8.4
      vertex -13.2769 13.8012 2.3
    endloop
  endfacet
  facet normal 0.450109 -0.892974 0
    outer loop
      vertex -14.695 12.7524 2.3
      vertex -14.1649 13.0196 8.4
      vertex -14.695 12.7524 8.4
    endloop
  endfacet
  facet normal 0.450109 -0.892974 0
    outer loop
      vertex -14.1649 13.0196 8.4
      vertex -14.695 12.7524 2.3
      vertex -14.1649 13.0196 2.3
    endloop
  endfacet
  facet normal -0.778101 -0.62814 0
    outer loop
      vertex -18.5788 13.6426 2.3
      vertex -18.5344 13.5876 2.3
      vertex -18.5788 13.6426 2.4
    endloop
  endfacet
  facet normal -0.777996 -0.628269 0
    outer loop
      vertex -18.5788 13.6426 2.4
      vertex -18.8998 14.0401 8.4
      vertex -18.8998 14.0401 2.4
    endloop
  endfacet
  facet normal -0.778101 -0.62814 -0
    outer loop
      vertex -18.5344 13.5876 2.4
      vertex -18.5788 13.6426 2.4
      vertex -18.5344 13.5876 2.3
    endloop
  endfacet
  facet normal -0.778101 -0.62814 1.50904e-06
    outer loop
      vertex -18.5268 13.5782 8.4
      vertex -18.5788 13.6426 2.4
      vertex -18.5344 13.5876 2.4
    endloop
  endfacet
  facet normal -0.77763 -0.628722 -0
    outer loop
      vertex -18.5268 13.5782 8.4
      vertex -18.5344 13.5876 2.4
      vertex -18.5268 13.5782 2.4
    endloop
  endfacet
  facet normal -0.778001 -0.628263 -6.7374e-07
    outer loop
      vertex -18.5788 13.6426 2.4
      vertex -18.5268 13.5782 8.4
      vertex -18.8998 14.0401 8.4
    endloop
  endfacet
  facet normal 0.911167 -0.412038 0
    outer loop
      vertex -12.9445 14.2931 8.4
      vertex -12.6999 14.834 2.3
      vertex -12.6999 14.834 8.4
    endloop
  endfacet
  facet normal 0.911167 -0.412038 0
    outer loop
      vertex -12.6999 14.834 2.3
      vertex -12.9445 14.2931 8.4
      vertex -12.9445 14.2931 2.3
    endloop
  endfacet
  facet normal 0.292783 0.956179 -0
    outer loop
      vertex -14.695 19.2476 2.4
      vertex -15.2626 19.4214 8.4
      vertex -14.695 19.2476 8.4
    endloop
  endfacet
  facet normal 0.292783 0.956179 0
    outer loop
      vertex -15.2626 19.4214 8.4
      vertex -14.695 19.2476 2.4
      vertex -15.2626 19.4214 2.4
    endloop
  endfacet
  facet normal -0.942872 -0.333155 0
    outer loop
      vertex -19.1893 14.5583 2.4
      vertex -19.3871 15.1181 8.4
      vertex -19.3871 15.1181 2.4
    endloop
  endfacet
  facet normal -0.942872 -0.333155 0
    outer loop
      vertex -19.3871 15.1181 8.4
      vertex -19.1893 14.5583 2.4
      vertex -19.1893 14.5583 8.4
    endloop
  endfacet
  facet normal 0.722773 0.691086 0
    outer loop
      vertex -13.6876 18.6274 8.4
      vertex -13.6418 18.5795 2.4
      vertex -13.6876 18.6274 2.4
    endloop
  endfacet
  facet normal 0.722023 0.691869 -1.19748e-05
    outer loop
      vertex -13.2769 18.1988 8.4
      vertex -13.6418 18.5795 2.4
      vertex -13.6876 18.6274 8.4
    endloop
  endfacet
  facet normal 0.721929 0.691967 -0
    outer loop
      vertex -13.2769 18.1988 2.3
      vertex -13.6418 18.5795 2.4
      vertex -13.2769 18.1988 8.4
    endloop
  endfacet
  facet normal 0.721929 0.691967 0
    outer loop
      vertex -13.6418 18.5795 2.4
      vertex -13.2769 18.1988 2.3
      vertex -13.6418 18.5795 2.3
    endloop
  endfacet
  facet normal 0.292783 -0.956179 0
    outer loop
      vertex -15.2626 12.5786 2.3
      vertex -14.695 12.7524 8.4
      vertex -15.2626 12.5786 8.4
    endloop
  endfacet
  facet normal 0.292783 -0.956179 0
    outer loop
      vertex -14.695 12.7524 8.4
      vertex -15.2626 12.5786 2.3
      vertex -14.695 12.7524 2.3
    endloop
  endfacet
  facet normal 0 0 -1
    outer loop
      vertex -15.5828 14.7161 2.3
      vertex -14.1649 13.0196 2.3
      vertex -14.695 12.7524 2.3
    endloop
  endfacet
  facet normal 0 0 -1
    outer loop
      vertex -14.1649 13.0196 2.3
      vertex -14.7667 15.4509 2.3
      vertex -14.65 16 2.3
    endloop
  endfacet
  facet normal 0 0 -1
    outer loop
      vertex -14.1649 13.0196 2.3
      vertex -15.0967 14.9968 2.3
      vertex -14.7667 15.4509 2.3
    endloop
  endfacet
  facet normal 0 0 -1
    outer loop
      vertex -15.5828 14.7161 2.3
      vertex -14.695 12.7524 2.3
      vertex -15.2626 12.5786 2.3
    endloop
  endfacet
  facet normal 0 0 -1
    outer loop
      vertex -14.1649 13.0196 2.3
      vertex -15.5828 14.7161 2.3
      vertex -15.0967 14.9968 2.3
    endloop
  endfacet
  facet normal 0 0 -1
    outer loop
      vertex -15.8515 12.5032 2.3
      vertex -15.5828 14.7161 2.3
      vertex -15.2626 12.5786 2.3
    endloop
  endfacet
  facet normal 0 0 -1
    outer loop
      vertex -15.8515 12.5032 2.3
      vertex -16.1411 14.6574 2.3
      vertex -15.5828 14.7161 2.3
    endloop
  endfacet
  facet normal 0 0 -1
    outer loop
      vertex -16.4446 12.5283 2.3
      vertex -16.1411 14.6574 2.3
      vertex -15.8515 12.5032 2.3
    endloop
  endfacet
  facet normal 0 0 -1
    outer loop
      vertex -16.8517 12.6161 2.3
      vertex -16.1411 14.6574 2.3
      vertex -16.4446 12.5283 2.3
    endloop
  endfacet
  facet normal -0 0 -1
    outer loop
      vertex -16.1411 14.6574 2.3
      vertex -16.8517 12.6161 2.3
      vertex -16.675 14.8309 2.3
    endloop
  endfacet
  facet normal 0 0 -1
    outer loop
      vertex -17.6701 14.827 2.3
      vertex -16.675 14.8309 2.3
      vertex -16.8517 12.6161 2.3
    endloop
  endfacet
  facet normal -0 0 -1
    outer loop
      vertex -16.675 14.8309 2.3
      vertex -17.6701 14.827 2.3
      vertex -17.0922 15.2065 2.3
    endloop
  endfacet
  facet normal -0 0 -1
    outer loop
      vertex -17.0922 15.2065 2.3
      vertex -17.6701 14.827 2.3
      vertex -17.1674 15.3755 2.3
    endloop
  endfacet
  facet normal 0 0 -1
    outer loop
      vertex -18.5344 13.5876 2.3
      vertex -17.6701 14.827 2.3
      vertex -16.8517 12.6161 2.3
    endloop
  endfacet
  facet normal 0 0 -1
    outer loop
      vertex -17.6701 14.827 2.3
      vertex -18.5344 13.5876 2.3
      vertex -18.5788 13.6426 2.3
    endloop
  endfacet
  facet normal 0 0 -1
    outer loop
      vertex -14.65 16 2.3
      vertex -12.5 16 2.3
      vertex -12.5503 15.4085 2.3
    endloop
  endfacet
  facet normal 0 0 -1
    outer loop
      vertex -14.65 16 2.3
      vertex -12.5503 15.4085 2.3
      vertex -12.6999 14.834 2.3
    endloop
  endfacet
  facet normal 0 0 -1
    outer loop
      vertex -12.5 16 2.3
      vertex -14.65 16 2.3
      vertex -12.5503 16.5915 2.3
    endloop
  endfacet
  facet normal 0 0 -1
    outer loop
      vertex -14.65 16 2.3
      vertex -12.6999 14.834 2.3
      vertex -12.9445 14.2931 2.3
    endloop
  endfacet
  facet normal 0 0 -1
    outer loop
      vertex -14.7667 16.5491 2.3
      vertex -12.5503 16.5915 2.3
      vertex -14.65 16 2.3
    endloop
  endfacet
  facet normal 0 0 -1
    outer loop
      vertex -14.65 16 2.3
      vertex -12.9445 14.2931 2.3
      vertex -13.2769 13.8012 2.3
    endloop
  endfacet
  facet normal -0 0 -1
    outer loop
      vertex -12.5503 16.5915 2.3
      vertex -14.7667 16.5491 2.3
      vertex -12.6999 17.166 2.3
    endloop
  endfacet
  facet normal -0 0 -1
    outer loop
      vertex -12.6999 17.166 2.3
      vertex -14.7667 16.5491 2.3
      vertex -12.9445 17.7069 2.3
    endloop
  endfacet
  facet normal 0 0 -1
    outer loop
      vertex -14.65 16 2.3
      vertex -13.2769 13.8012 2.3
      vertex -13.6876 13.3726 2.3
    endloop
  endfacet
  facet normal 0 0 -1
    outer loop
      vertex -14.65 16 2.3
      vertex -13.6876 13.3726 2.3
      vertex -14.1649 13.0196 2.3
    endloop
  endfacet
  facet normal 0 0 -1
    outer loop
      vertex -14.827 17.6701 2.3
      vertex -12.9445 17.7069 2.3
      vertex -14.7667 16.5491 2.3
    endloop
  endfacet
  facet normal -0 0 -1
    outer loop
      vertex -12.9445 17.7069 2.3
      vertex -14.827 17.6701 2.3
      vertex -13.2769 18.1988 2.3
    endloop
  endfacet
  facet normal -0 0 -1
    outer loop
      vertex -13.2769 18.1988 2.3
      vertex -14.827 17.6701 2.3
      vertex -13.6418 18.5795 2.3
    endloop
  endfacet
  facet normal 0 0 -1
    outer loop
      vertex -15.0967 17.0032 2.3
      vertex -14.827 17.6701 2.3
      vertex -14.7667 16.5491 2.3
    endloop
  endfacet
  facet normal 0 0 -1
    outer loop
      vertex -14.827 17.6701 2.3
      vertex -15.0967 17.0032 2.3
      vertex -15.3777 17.1655 2.3
    endloop
  endfacet
  facet normal 0 0 -1
    outer loop
      vertex -16.2411 19.3554 2.3
      vertex -16.4446 19.4717 2.3
      vertex -16.0688 19.4876 2.3
    endloop
  endfacet
  facet normal -0 0 -1
    outer loop
      vertex -16.2411 19.3554 2.3
      vertex -17.0249 19.3466 2.3
      vertex -16.4446 19.4717 2.3
    endloop
  endfacet
  facet normal 0 0 -1
    outer loop
      vertex -17.8662 17.8662 2.3
      vertex -17.0249 19.3466 2.3
      vertex -16.2411 19.3554 2.3
    endloop
  endfacet
  facet normal 0 0 -1
    outer loop
      vertex -17.0249 19.3466 2.3
      vertex -17.8662 17.8662 2.3
      vertex -17.5757 19.1252 2.3
    endloop
  endfacet
  facet normal 0 0 -1
    outer loop
      vertex -17.8662 17.8662 2.3
      vertex -18.0812 18.814 2.3
      vertex -17.5757 19.1252 2.3
    endloop
  endfacet
  facet normal 0 0 -1
    outer loop
      vertex -17.8662 17.8662 2.3
      vertex -18.5268 18.4218 2.3
      vertex -18.0812 18.814 2.3
    endloop
  endfacet
  facet normal 0 0 -1
    outer loop
      vertex -17.8662 17.8662 2.3
      vertex -18.8998 17.9599 2.3
      vertex -18.5268 18.4218 2.3
    endloop
  endfacet
  facet normal -0 0 -1
    outer loop
      vertex -17.8662 17.8662 2.3
      vertex -19.1893 17.4417 2.3
      vertex -18.8998 17.9599 2.3
    endloop
  endfacet
  facet normal 0 0 -1
    outer loop
      vertex -19.3871 16.8819 2.3
      vertex -17.8662 17.8662 2.3
      vertex -19.3554 16.2411 2.3
    endloop
  endfacet
  facet normal 0 0 -1
    outer loop
      vertex -17.8662 17.8662 2.3
      vertex -19.3871 16.8819 2.3
      vertex -19.1893 17.4417 2.3
    endloop
  endfacet
  facet normal 0 0 -1
    outer loop
      vertex -19.4874 16.2968 2.3
      vertex -19.3554 16.2411 2.3
      vertex -19.4874 16.069 2.3
    endloop
  endfacet
  facet normal 0 0 -1
    outer loop
      vertex -19.3554 16.2411 2.3
      vertex -19.4874 16.2968 2.3
      vertex -19.3871 16.8819 2.3
    endloop
  endfacet
  facet normal 0.594623 0.804005 -0
    outer loop
      vertex -13.6876 18.6274 2.4
      vertex -14.1649 18.9804 8.4
      vertex -13.6876 18.6274 8.4
    endloop
  endfacet
  facet normal 0.594623 0.804005 0
    outer loop
      vertex -14.1649 18.9804 8.4
      vertex -13.6876 18.6274 2.4
      vertex -14.1649 18.9804 2.4
    endloop
  endfacet
  facet normal -0.660696 0.750653 0
    outer loop
      vertex -18.0812 18.814 2.3
      vertex -18.5268 18.4218 8.4
      vertex -18.0812 18.814 8.4
    endloop
  endfacet
  facet normal -0.660696 0.750653 0
    outer loop
      vertex -18.5268 18.4218 8.4
      vertex -18.0812 18.814 2.3
      vertex -18.5268 18.4218 2.3
    endloop
  endfacet
  facet normal 0.967728 -0.251997 0
    outer loop
      vertex -12.6999 14.834 8.4
      vertex -12.5503 15.4085 2.3
      vertex -12.5503 15.4085 8.4
    endloop
  endfacet
  facet normal 0.967728 -0.251997 0
    outer loop
      vertex -12.5503 15.4085 2.3
      vertex -12.6999 14.834 8.4
      vertex -12.6999 14.834 2.3
    endloop
  endfacet
  facet normal 0.450109 0.892974 -0
    outer loop
      vertex -14.1649 18.9804 2.4
      vertex -14.695 19.2476 8.4
      vertex -14.1649 18.9804 8.4
    endloop
  endfacet
  facet normal 0.450109 0.892974 0
    outer loop
      vertex -14.695 19.2476 8.4
      vertex -14.1649 18.9804 2.4
      vertex -14.695 19.2476 2.4
    endloop
  endfacet
  facet normal -1 0 0
    outer loop
      vertex -19.4874 16.069 2.4
      vertex -19.4874 16.2968 2.3
      vertex -19.4874 16.069 2.3
    endloop
  endfacet
  facet normal -1 0 0
    outer loop
      vertex -19.4874 16.2968 2.3
      vertex -19.4874 16.069 2.4
      vertex -19.4874 16.2968 8.4
    endloop
  endfacet
  facet normal -1 0 0
    outer loop
      vertex -19.4874 15.7032 8.4
      vertex -19.4874 16.069 2.4
      vertex -19.4874 15.7032 2.4
    endloop
  endfacet
  facet normal -1 0 0
    outer loop
      vertex -19.4874 16.069 2.4
      vertex -19.4874 15.7032 8.4
      vertex -19.4874 16.2968 8.4
    endloop
  endfacet
  facet normal -0.372959 0.927848 0
    outer loop
      vertex -17.0249 19.3466 2.3
      vertex -17.5757 19.1252 8.4
      vertex -17.0249 19.3466 8.4
    endloop
  endfacet
  facet normal -0.372959 0.927848 0
    outer loop
      vertex -17.5757 19.1252 8.4
      vertex -17.0249 19.3466 2.3
      vertex -17.5757 19.1252 2.3
    endloop
  endfacet
  facet normal -0.873003 0.487716 0
    outer loop
      vertex -19.1893 17.4417 2.3
      vertex -18.8998 17.9599 8.4
      vertex -18.8998 17.9599 2.3
    endloop
  endfacet
  facet normal -0.873003 0.487716 0
    outer loop
      vertex -18.8998 17.9599 8.4
      vertex -19.1893 17.4417 2.3
      vertex -19.1893 17.4417 8.4
    endloop
  endfacet
  facet normal -0.0422999 0.999105 0
    outer loop
      vertex -16.0688 19.4876 2.4
      vertex -15.8515 19.4968 8.4
      vertex -15.8515 19.4968 2.4
    endloop
  endfacet
  facet normal -0.0422822 0.999106 -6.42936e-07
    outer loop
      vertex -15.8515 19.4968 8.4
      vertex -16.0688 19.4876 2.4
      vertex -16.4446 19.4717 8.4
    endloop
  endfacet
  facet normal -0.0422719 0.999106 0
    outer loop
      vertex -16.4446 19.4717 2.3
      vertex -16.0688 19.4876 2.4
      vertex -16.0688 19.4876 2.3
    endloop
  endfacet
  facet normal -0.0422719 0.999106 0
    outer loop
      vertex -16.0688 19.4876 2.4
      vertex -16.4446 19.4717 2.3
      vertex -16.4446 19.4717 8.4
    endloop
  endfacet
  facet normal -0.660696 -0.750653 0
    outer loop
      vertex -18.5268 13.5782 2.4
      vertex -18.0812 13.186 8.4
      vertex -18.5268 13.5782 8.4
    endloop
  endfacet
  facet normal -0.660696 -0.750653 -0
    outer loop
      vertex -18.0812 13.186 8.4
      vertex -18.5268 13.5782 2.4
      vertex -18.0812 13.186 2.4
    endloop
  endfacet
  facet normal 0.722023 -0.691869 0
    outer loop
      vertex -13.6876 13.3726 8.4
      vertex -13.2769 13.8012 2.3
      vertex -13.2769 13.8012 8.4
    endloop
  endfacet
  facet normal 0.722023 -0.691869 0
    outer loop
      vertex -13.2769 13.8012 2.3
      vertex -13.6876 13.3726 8.4
      vertex -13.6876 13.3726 2.3
    endloop
  endfacet
  facet normal 0.594623 -0.804005 0
    outer loop
      vertex -14.1649 13.0196 2.3
      vertex -13.6876 13.3726 8.4
      vertex -14.1649 13.0196 8.4
    endloop
  endfacet
  facet normal 0.594623 -0.804005 0
    outer loop
      vertex -13.6876 13.3726 8.4
      vertex -14.1649 13.0196 2.3
      vertex -13.6876 13.3726 2.3
    endloop
  endfacet
  facet normal -0.524248 -0.851566 0
    outer loop
      vertex -18.0812 13.186 2.4
      vertex -17.5757 12.8748 8.4
      vertex -18.0812 13.186 8.4
    endloop
  endfacet
  facet normal -0.524248 -0.851566 -0
    outer loop
      vertex -17.5757 12.8748 8.4
      vertex -18.0812 13.186 2.4
      vertex -17.5757 12.8748 2.4
    endloop
  endfacet
  facet normal 0.126999 0.991903 -0
    outer loop
      vertex -15.2626 19.4214 2.4
      vertex -15.8515 19.4968 8.4
      vertex -15.2626 19.4214 8.4
    endloop
  endfacet
  facet normal 0.126999 0.991903 0
    outer loop
      vertex -15.8515 19.4968 8.4
      vertex -15.2626 19.4214 2.4
      vertex -15.8515 19.4968 2.4
    endloop
  endfacet
  facet normal -0.0422822 -0.999106 0
    outer loop
      vertex -16.4446 12.5283 2.3
      vertex -15.8515 12.5032 8.4
      vertex -16.4446 12.5283 8.4
    endloop
  endfacet
  facet normal -0.0422822 -0.999106 -0
    outer loop
      vertex -15.8515 12.5032 8.4
      vertex -16.4446 12.5283 2.3
      vertex -15.8515 12.5032 2.3
    endloop
  endfacet
  facet normal -0.210531 -0.977587 0
    outer loop
      vertex -16.8517 12.6161 2.4
      vertex -17.0249 12.6534 8.4
      vertex -17.0249 12.6534 2.4
    endloop
  endfacet
  facet normal -0.210737 -0.977543 -6.21317e-06
    outer loop
      vertex -17.0249 12.6534 8.4
      vertex -16.8517 12.6161 2.4
      vertex -16.4446 12.5283 8.4
    endloop
  endfacet
  facet normal -0.210824 -0.977524 0
    outer loop
      vertex -16.4446 12.5283 2.3
      vertex -16.8517 12.6161 2.4
      vertex -16.8517 12.6161 2.3
    endloop
  endfacet
  facet normal -0.210824 -0.977524 0
    outer loop
      vertex -16.8517 12.6161 2.4
      vertex -16.4446 12.5283 2.3
      vertex -16.4446 12.5283 8.4
    endloop
  endfacet
  facet normal -0.985623 0.168959 0
    outer loop
      vertex -19.4874 16.2968 2.3
      vertex -19.3871 16.8819 8.4
      vertex -19.3871 16.8819 2.3
    endloop
  endfacet
  facet normal -0.985623 0.168959 0
    outer loop
      vertex -19.3871 16.8819 8.4
      vertex -19.4874 16.2968 2.3
      vertex -19.4874 16.2968 8.4
    endloop
  endfacet
  facet normal -0.873003 -0.487716 0
    outer loop
      vertex -18.8998 14.0401 2.4
      vertex -19.1893 14.5583 8.4
      vertex -19.1893 14.5583 2.4
    endloop
  endfacet
  facet normal -0.873003 -0.487716 0
    outer loop
      vertex -19.1893 14.5583 8.4
      vertex -18.8998 14.0401 2.4
      vertex -18.8998 14.0401 8.4
    endloop
  endfacet
  facet normal 1 -0 0
    outer loop
      vertex -17.3205 15.7193 8.4
      vertex -17.3205 16.2807 2.4
      vertex -17.3205 16.2807 8.4
    endloop
  endfacet
  facet normal 1 0 0
    outer loop
      vertex -17.3205 16.2807 2.4
      vertex -17.3205 15.7193 8.4
      vertex -17.3205 15.7193 2.4
    endloop
  endfacet
  facet normal -0.808952 -0.587875 0
    outer loop
      vertex -14.7667 16.5491 2.3
      vertex -15.0967 17.0032 8.4
      vertex -15.0967 17.0032 2.3
    endloop
  endfacet
  facet normal -0.808952 -0.587875 0
    outer loop
      vertex -15.0967 17.0032 8.4
      vertex -14.7667 16.5491 2.3
      vertex -14.7667 16.5491 8.4
    endloop
  endfacet
  facet normal -0.978153 -0.207886 0
    outer loop
      vertex -14.65 16 2.3
      vertex -14.7667 16.5491 8.4
      vertex -14.7667 16.5491 2.3
    endloop
  endfacet
  facet normal -0.978153 -0.207886 0
    outer loop
      vertex -14.7667 16.5491 8.4
      vertex -14.65 16 2.3
      vertex -14.65 16 8.4
    endloop
  endfacet
  facet normal -0.499954 -0.866052 0
    outer loop
      vertex -15.3777 17.1655 2.4
      vertex -15.5828 17.2839 8.4
      vertex -15.5828 17.2839 2.4
    endloop
  endfacet
  facet normal -0.500067 -0.865987 -5.14556e-06
    outer loop
      vertex -15.5828 17.2839 8.4
      vertex -15.3777 17.1655 2.4
      vertex -15.0967 17.0032 8.4
    endloop
  endfacet
  facet normal -0.500149 -0.865939 0
    outer loop
      vertex -15.0967 17.0032 2.3
      vertex -15.3777 17.1655 2.4
      vertex -15.3777 17.1655 2.3
    endloop
  endfacet
  facet normal -0.500149 -0.865939 0
    outer loop
      vertex -15.3777 17.1655 2.4
      vertex -15.0967 17.0032 2.3
      vertex -15.0967 17.0032 8.4
    endloop
  endfacet
  facet normal 0.309058 -0.951043 0
    outer loop
      vertex -16.675 17.1691 2.4
      vertex -16.1411 17.3426 8.4
      vertex -16.675 17.1691 8.4
    endloop
  endfacet
  facet normal 0.309058 -0.951043 0
    outer loop
      vertex -16.1411 17.3426 8.4
      vertex -16.675 17.1691 2.4
      vertex -16.1411 17.3426 2.4
    endloop
  endfacet
  facet normal 0.669083 -0.743188 0
    outer loop
      vertex -17.0922 16.7935 2.4
      vertex -16.675 17.1691 8.4
      vertex -17.0922 16.7935 8.4
    endloop
  endfacet
  facet normal 0.669083 -0.743188 0
    outer loop
      vertex -16.675 17.1691 8.4
      vertex -17.0922 16.7935 2.4
      vertex -16.675 17.1691 2.4
    endloop
  endfacet
  facet normal -0.808952 0.587875 0
    outer loop
      vertex -15.0967 14.9968 2.3
      vertex -14.7667 15.4509 8.4
      vertex -14.7667 15.4509 2.3
    endloop
  endfacet
  facet normal -0.808952 0.587875 0
    outer loop
      vertex -14.7667 15.4509 8.4
      vertex -15.0967 14.9968 2.3
      vertex -15.0967 14.9968 8.4
    endloop
  endfacet
  facet normal -0.104564 -0.994518 0
    outer loop
      vertex -16.1411 17.3426 2.4
      vertex -15.5828 17.2839 8.4
      vertex -16.1411 17.3426 8.4
    endloop
  endfacet
  facet normal -0.104564 -0.994518 -0
    outer loop
      vertex -15.5828 17.2839 8.4
      vertex -16.1411 17.3426 2.4
      vertex -15.5828 17.2839 2.4
    endloop
  endfacet
  facet normal -0.500067 0.865987 0
    outer loop
      vertex -15.0967 14.9968 2.3
      vertex -15.5828 14.7161 8.4
      vertex -15.0967 14.9968 8.4
    endloop
  endfacet
  facet normal -0.500067 0.865987 0
    outer loop
      vertex -15.5828 14.7161 8.4
      vertex -15.0967 14.9968 2.3
      vertex -15.5828 14.7161 2.3
    endloop
  endfacet
  facet normal -0.104564 0.994518 0
    outer loop
      vertex -15.5828 14.7161 2.3
      vertex -16.1411 14.6574 8.4
      vertex -15.5828 14.7161 8.4
    endloop
  endfacet
  facet normal -0.104564 0.994518 0
    outer loop
      vertex -16.1411 14.6574 8.4
      vertex -15.5828 14.7161 2.3
      vertex -16.1411 14.6574 2.3
    endloop
  endfacet
  facet normal -0.978153 0.207886 0
    outer loop
      vertex -14.7667 15.4509 2.3
      vertex -14.65 16 8.4
      vertex -14.65 16 2.3
    endloop
  endfacet
  facet normal -0.978153 0.207886 0
    outer loop
      vertex -14.65 16 8.4
      vertex -14.7667 15.4509 2.3
      vertex -14.7667 15.4509 8.4
    endloop
  endfacet
  facet normal 0.913554 -0.406717 0
    outer loop
      vertex -17.3205 16.2807 8.4
      vertex -17.0922 16.7935 2.4
      vertex -17.0922 16.7935 8.4
    endloop
  endfacet
  facet normal 0.913554 -0.406717 0
    outer loop
      vertex -17.0922 16.7935 2.4
      vertex -17.3205 16.2807 8.4
      vertex -17.3205 16.2807 2.4
    endloop
  endfacet
  facet normal 0.669083 0.743188 -0
    outer loop
      vertex -16.675 14.8309 2.3
      vertex -17.0922 15.2065 8.4
      vertex -16.675 14.8309 8.4
    endloop
  endfacet
  facet normal 0.669083 0.743188 0
    outer loop
      vertex -17.0922 15.2065 8.4
      vertex -16.675 14.8309 2.3
      vertex -17.0922 15.2065 2.3
    endloop
  endfacet
  facet normal 0.913515 0.406804 0
    outer loop
      vertex -17.3205 15.7193 8.4
      vertex -17.1674 15.3755 2.4
      vertex -17.3205 15.7193 2.4
    endloop
  endfacet
  facet normal 0.913554 0.406717 5.97991e-06
    outer loop
      vertex -17.0922 15.2065 8.4
      vertex -17.1674 15.3755 2.4
      vertex -17.3205 15.7193 8.4
    endloop
  endfacet
  facet normal 0.913633 0.40654 -0
    outer loop
      vertex -17.0922 15.2065 2.3
      vertex -17.1674 15.3755 2.4
      vertex -17.0922 15.2065 8.4
    endloop
  endfacet
  facet normal 0.913633 0.40654 0
    outer loop
      vertex -17.1674 15.3755 2.4
      vertex -17.0922 15.2065 2.3
      vertex -17.1674 15.3755 2.3
    endloop
  endfacet
  facet normal 0.309058 0.951043 -0
    outer loop
      vertex -16.1411 14.6574 2.3
      vertex -16.675 14.8309 8.4
      vertex -16.1411 14.6574 8.4
    endloop
  endfacet
  facet normal 0.309058 0.951043 0
    outer loop
      vertex -16.675 14.8309 8.4
      vertex -16.1411 14.6574 2.3
      vertex -16.675 14.8309 2.3
    endloop
  endfacet
  facet normal -0.372959 -0.927848 0
    outer loop
      vertex 14.4243 -19.1252 2.4
      vertex 14.9751 -19.3466 8.4
      vertex 14.4243 -19.1252 8.4
    endloop
  endfacet
  facet normal -0.372959 -0.927848 -0
    outer loop
      vertex 14.9751 -19.3466 8.4
      vertex 14.4243 -19.1252 2.4
      vertex 14.9751 -19.3466 2.4
    endloop
  endfacet
  facet normal 0.126999 -0.991903 0
    outer loop
      vertex 16.1485 -19.4968 2.3
      vertex 16.7374 -19.4214 8.4
      vertex 16.1485 -19.4968 8.4
    endloop
  endfacet
  facet normal 0.126999 -0.991903 0
    outer loop
      vertex 16.7374 -19.4214 8.4
      vertex 16.1485 -19.4968 2.3
      vertex 16.7374 -19.4214 2.3
    endloop
  endfacet
  facet normal 0.967728 0.251997 0
    outer loop
      vertex 19.4497 -15.4085 8.4
      vertex 19.3001 -14.834 2.4
      vertex 19.3001 -14.834 8.4
    endloop
  endfacet
  facet normal 0.967728 0.251997 0
    outer loop
      vertex 19.3001 -14.834 2.4
      vertex 19.4497 -15.4085 8.4
      vertex 19.4497 -15.4085 2.4
    endloop
  endfacet
  facet normal 0.996404 0.0847322 0
    outer loop
      vertex 19.5 -16 8.4
      vertex 19.4497 -15.4085 2.4
      vertex 19.4497 -15.4085 8.4
    endloop
  endfacet
  facet normal 0.996404 0.0847322 0
    outer loop
      vertex 19.4497 -15.4085 2.4
      vertex 19.5 -16 8.4
      vertex 19.5 -16 2.4
    endloop
  endfacet
  facet normal 0.911167 0.412038 0
    outer loop
      vertex 19.3001 -14.834 8.4
      vertex 19.0555 -14.2931 2.4
      vertex 19.0555 -14.2931 8.4
    endloop
  endfacet
  facet normal 0.911167 0.412038 0
    outer loop
      vertex 19.0555 -14.2931 2.4
      vertex 19.3001 -14.834 8.4
      vertex 19.3001 -14.834 2.4
    endloop
  endfacet
  facet normal 0 0 1
    outer loop
      vertex 17.35 -16 8.4
      vertex 19.5 -16 8.4
      vertex 19.4497 -15.4085 8.4
    endloop
  endfacet
  facet normal 0 0 1
    outer loop
      vertex 17.2333 -15.4509 8.4
      vertex 19.4497 -15.4085 8.4
      vertex 19.3001 -14.834 8.4
    endloop
  endfacet
  facet normal 0 0 1
    outer loop
      vertex 19.5 -16 8.4
      vertex 17.35 -16 8.4
      vertex 19.4497 -16.5915 8.4
    endloop
  endfacet
  facet normal 0 0 1
    outer loop
      vertex 17.2333 -15.4509 8.4
      vertex 19.3001 -14.834 8.4
      vertex 19.0555 -14.2931 8.4
    endloop
  endfacet
  facet normal -0 0 1
    outer loop
      vertex 17.2333 -16.5491 8.4
      vertex 19.4497 -16.5915 8.4
      vertex 17.35 -16 8.4
    endloop
  endfacet
  facet normal 0 0 1
    outer loop
      vertex 17.2333 -15.4509 8.4
      vertex 19.0555 -14.2931 8.4
      vertex 18.7231 -13.8012 8.4
    endloop
  endfacet
  facet normal 0 0 1
    outer loop
      vertex 19.4497 -16.5915 8.4
      vertex 17.2333 -16.5491 8.4
      vertex 19.3001 -17.166 8.4
    endloop
  endfacet
  facet normal 0 0 1
    outer loop
      vertex 16.9033 -14.9968 8.4
      vertex 18.7231 -13.8012 8.4
      vertex 18.3124 -13.3726 8.4
    endloop
  endfacet
  facet normal 0 0 1
    outer loop
      vertex 19.3001 -17.166 8.4
      vertex 17.2333 -16.5491 8.4
      vertex 19.0555 -17.7069 8.4
    endloop
  endfacet
  facet normal 0 0 1
    outer loop
      vertex 16.9033 -14.9968 8.4
      vertex 18.3124 -13.3726 8.4
      vertex 17.8351 -13.0196 8.4
    endloop
  endfacet
  facet normal 0 0 1
    outer loop
      vertex 19.0555 -17.7069 8.4
      vertex 17.2333 -16.5491 8.4
      vertex 18.7231 -18.1988 8.4
    endloop
  endfacet
  facet normal -0 0 1
    outer loop
      vertex 16.9033 -17.0032 8.4
      vertex 18.7231 -18.1988 8.4
      vertex 17.2333 -16.5491 8.4
    endloop
  endfacet
  facet normal 0 0 1
    outer loop
      vertex 16.4172 -14.7161 8.4
      vertex 17.8351 -13.0196 8.4
      vertex 17.305 -12.7524 8.4
    endloop
  endfacet
  facet normal 0 0 1
    outer loop
      vertex 19.4497 -15.4085 8.4
      vertex 17.2333 -15.4509 8.4
      vertex 17.35 -16 8.4
    endloop
  endfacet
  facet normal 0 0 1
    outer loop
      vertex 18.7231 -13.8012 8.4
      vertex 16.9033 -14.9968 8.4
      vertex 17.2333 -15.4509 8.4
    endloop
  endfacet
  facet normal 0 0 1
    outer loop
      vertex 16.4172 -14.7161 8.4
      vertex 17.305 -12.7524 8.4
      vertex 16.7374 -12.5786 8.4
    endloop
  endfacet
  facet normal 0 0 1
    outer loop
      vertex 17.8351 -13.0196 8.4
      vertex 16.4172 -14.7161 8.4
      vertex 16.9033 -14.9968 8.4
    endloop
  endfacet
  facet normal 0 0 1
    outer loop
      vertex 16.1485 -12.5032 8.4
      vertex 16.4172 -14.7161 8.4
      vertex 16.7374 -12.5786 8.4
    endloop
  endfacet
  facet normal 0 0 1
    outer loop
      vertex 16.1485 -12.5032 8.4
      vertex 15.8589 -14.6574 8.4
      vertex 16.4172 -14.7161 8.4
    endloop
  endfacet
  facet normal -0 0 1
    outer loop
      vertex 15.5554 -12.5283 8.4
      vertex 15.8589 -14.6574 8.4
      vertex 16.1485 -12.5032 8.4
    endloop
  endfacet
  facet normal -0 0 1
    outer loop
      vertex 14.9751 -12.6534 8.4
      vertex 15.8589 -14.6574 8.4
      vertex 15.5554 -12.5283 8.4
    endloop
  endfacet
  facet normal 0 0 1
    outer loop
      vertex 15.8589 -14.6574 8.4
      vertex 14.9751 -12.6534 8.4
      vertex 15.325 -14.8309 8.4
    endloop
  endfacet
  facet normal -0 0 1
    outer loop
      vertex 14.4243 -12.8748 8.4
      vertex 15.325 -14.8309 8.4
      vertex 14.9751 -12.6534 8.4
    endloop
  endfacet
  facet normal -0 0 1
    outer loop
      vertex 13.9188 -13.186 8.4
      vertex 15.325 -14.8309 8.4
      vertex 14.4243 -12.8748 8.4
    endloop
  endfacet
  facet normal 0 0 1
    outer loop
      vertex 15.325 -14.8309 8.4
      vertex 13.4732 -13.5782 8.4
      vertex 14.9078 -15.2065 8.4
    endloop
  endfacet
  facet normal -0 0 1
    outer loop
      vertex 13.4732 -13.5782 8.4
      vertex 15.325 -14.8309 8.4
      vertex 13.9188 -13.186 8.4
    endloop
  endfacet
  facet normal 0 0 1
    outer loop
      vertex 18.7231 -18.1988 8.4
      vertex 16.9033 -17.0032 8.4
      vertex 18.3124 -18.6274 8.4
    endloop
  endfacet
  facet normal 0 0 1
    outer loop
      vertex 18.3124 -18.6274 8.4
      vertex 16.9033 -17.0032 8.4
      vertex 17.8351 -18.9804 8.4
    endloop
  endfacet
  facet normal -0 0 1
    outer loop
      vertex 16.4172 -17.2839 8.4
      vertex 17.8351 -18.9804 8.4
      vertex 16.9033 -17.0032 8.4
    endloop
  endfacet
  facet normal 0 0 1
    outer loop
      vertex 17.8351 -18.9804 8.4
      vertex 16.4172 -17.2839 8.4
      vertex 17.305 -19.2476 8.4
    endloop
  endfacet
  facet normal 0 0 1
    outer loop
      vertex 17.305 -19.2476 8.4
      vertex 16.4172 -17.2839 8.4
      vertex 16.7374 -19.4214 8.4
    endloop
  endfacet
  facet normal 0 0 1
    outer loop
      vertex 16.4172 -17.2839 8.4
      vertex 16.1485 -19.4968 8.4
      vertex 16.7374 -19.4214 8.4
    endloop
  endfacet
  facet normal -0 0 1
    outer loop
      vertex 15.8589 -17.3426 8.4
      vertex 16.1485 -19.4968 8.4
      vertex 16.4172 -17.2839 8.4
    endloop
  endfacet
  facet normal 0 0 1
    outer loop
      vertex 15.8589 -17.3426 8.4
      vertex 15.5554 -19.4717 8.4
      vertex 16.1485 -19.4968 8.4
    endloop
  endfacet
  facet normal 0 0 1
    outer loop
      vertex 14.9751 -19.3466 8.4
      vertex 15.8589 -17.3426 8.4
      vertex 15.325 -17.1691 8.4
    endloop
  endfacet
  facet normal 0 0 1
    outer loop
      vertex 15.8589 -17.3426 8.4
      vertex 14.9751 -19.3466 8.4
      vertex 15.5554 -19.4717 8.4
    endloop
  endfacet
  facet normal 0 0 1
    outer loop
      vertex 13.4732 -18.4218 8.4
      vertex 15.325 -17.1691 8.4
      vertex 14.9078 -16.7935 8.4
    endloop
  endfacet
  facet normal 0 0 1
    outer loop
      vertex 12.8107 -17.4417 8.4
      vertex 14.9078 -16.7935 8.4
      vertex 14.6795 -16.2807 8.4
    endloop
  endfacet
  facet normal 0 0 1
    outer loop
      vertex 15.325 -17.1691 8.4
      vertex 14.4243 -19.1252 8.4
      vertex 14.9751 -19.3466 8.4
    endloop
  endfacet
  facet normal -0 0 1
    outer loop
      vertex 13.1002 -14.0401 8.4
      vertex 14.9078 -15.2065 8.4
      vertex 13.4732 -13.5782 8.4
    endloop
  endfacet
  facet normal -0 0 1
    outer loop
      vertex 12.8107 -14.5583 8.4
      vertex 14.9078 -15.2065 8.4
      vertex 13.1002 -14.0401 8.4
    endloop
  endfacet
  facet normal 0 0 1
    outer loop
      vertex 15.325 -17.1691 8.4
      vertex 13.9188 -18.814 8.4
      vertex 14.4243 -19.1252 8.4
    endloop
  endfacet
  facet normal 0 0 1
    outer loop
      vertex 14.9078 -15.2065 8.4
      vertex 12.8107 -14.5583 8.4
      vertex 14.6795 -15.7193 8.4
    endloop
  endfacet
  facet normal 0 0 1
    outer loop
      vertex 15.325 -17.1691 8.4
      vertex 13.4732 -18.4218 8.4
      vertex 13.9188 -18.814 8.4
    endloop
  endfacet
  facet normal -0 0 1
    outer loop
      vertex 12.6129 -15.1181 8.4
      vertex 14.6795 -15.7193 8.4
      vertex 12.8107 -14.5583 8.4
    endloop
  endfacet
  facet normal 0 0 1
    outer loop
      vertex 14.9078 -16.7935 8.4
      vertex 13.1002 -17.9599 8.4
      vertex 13.4732 -18.4218 8.4
    endloop
  endfacet
  facet normal -0 0 1
    outer loop
      vertex 12.5126 -15.7032 8.4
      vertex 14.6795 -15.7193 8.4
      vertex 12.6129 -15.1181 8.4
    endloop
  endfacet
  facet normal 0 0 1
    outer loop
      vertex 14.9078 -16.7935 8.4
      vertex 12.8107 -17.4417 8.4
      vertex 13.1002 -17.9599 8.4
    endloop
  endfacet
  facet normal 0 0 1
    outer loop
      vertex 14.6795 -15.7193 8.4
      vertex 12.5126 -15.7032 8.4
      vertex 14.6795 -16.2807 8.4
    endloop
  endfacet
  facet normal 0 0 1
    outer loop
      vertex 14.6795 -16.2807 8.4
      vertex 12.6129 -16.8819 8.4
      vertex 12.8107 -17.4417 8.4
    endloop
  endfacet
  facet normal 0 0 1
    outer loop
      vertex 12.5126 -16.2968 8.4
      vertex 14.6795 -16.2807 8.4
      vertex 12.5126 -15.7032 8.4
    endloop
  endfacet
  facet normal 0 0 1
    outer loop
      vertex 14.6795 -16.2807 8.4
      vertex 12.5126 -16.2968 8.4
      vertex 12.6129 -16.8819 8.4
    endloop
  endfacet
  facet normal 0.828562 0.559898 0
    outer loop
      vertex 19.0555 -14.2931 8.4
      vertex 18.7231 -13.8012 2.4
      vertex 18.7231 -13.8012 8.4
    endloop
  endfacet
  facet normal 0.828562 0.559898 0
    outer loop
      vertex 18.7231 -13.8012 2.4
      vertex 19.0555 -14.2931 8.4
      vertex 19.0555 -14.2931 2.4
    endloop
  endfacet
  facet normal 0.996452 -0.0841598 0
    outer loop
      vertex 19.5 -16 8.4
      vertex 19.495 -16.0592 2.4
      vertex 19.5 -16 2.4
    endloop
  endfacet
  facet normal 0.996404 -0.0847322 5.68812e-06
    outer loop
      vertex 19.4497 -16.5915 8.4
      vertex 19.495 -16.0592 2.4
      vertex 19.5 -16 8.4
    endloop
  endfacet
  facet normal 0.996398 -0.0847959 0
    outer loop
      vertex 19.4497 -16.5915 2.3
      vertex 19.495 -16.0592 2.4
      vertex 19.4497 -16.5915 8.4
    endloop
  endfacet
  facet normal 0.996398 -0.0847959 0
    outer loop
      vertex 19.495 -16.0592 2.4
      vertex 19.4497 -16.5915 2.3
      vertex 19.495 -16.0592 2.3
    endloop
  endfacet
  facet normal -0.524248 0.851566 0
    outer loop
      vertex 14.4243 -12.8748 2.3
      vertex 13.9188 -13.186 8.4
      vertex 14.4243 -12.8748 8.4
    endloop
  endfacet
  facet normal -0.524248 0.851566 0
    outer loop
      vertex 13.9188 -13.186 8.4
      vertex 14.4243 -12.8748 2.3
      vertex 13.9188 -13.186 2.3
    endloop
  endfacet
  facet normal -0.942872 0.333155 0
    outer loop
      vertex 12.6129 -15.1181 2.3
      vertex 12.8107 -14.5583 8.4
      vertex 12.8107 -14.5583 2.3
    endloop
  endfacet
  facet normal -0.942872 0.333155 0
    outer loop
      vertex 12.8107 -14.5583 8.4
      vertex 12.6129 -15.1181 2.3
      vertex 12.6129 -15.1181 8.4
    endloop
  endfacet
  facet normal -0.210737 0.977543 0
    outer loop
      vertex 15.5554 -12.5283 2.3
      vertex 14.9751 -12.6534 8.4
      vertex 15.5554 -12.5283 8.4
    endloop
  endfacet
  facet normal -0.210737 0.977543 0
    outer loop
      vertex 14.9751 -12.6534 8.4
      vertex 15.5554 -12.5283 2.3
      vertex 14.9751 -12.6534 2.3
    endloop
  endfacet
  facet normal -0.778001 0.628263 0
    outer loop
      vertex 13.1002 -14.0401 2.3
      vertex 13.4732 -13.5782 8.4
      vertex 13.4732 -13.5782 2.3
    endloop
  endfacet
  facet normal -0.778001 0.628263 0
    outer loop
      vertex 13.4732 -13.5782 8.4
      vertex 13.1002 -14.0401 2.3
      vertex 13.1002 -14.0401 8.4
    endloop
  endfacet
  facet normal -0.985623 -0.168959 0
    outer loop
      vertex 12.6129 -16.8819 2.3
      vertex 12.5126 -16.2968 8.4
      vertex 12.5126 -16.2968 2.3
    endloop
  endfacet
  facet normal -0.985623 -0.168959 0
    outer loop
      vertex 12.5126 -16.2968 8.4
      vertex 12.6129 -16.8819 2.3
      vertex 12.6129 -16.8819 8.4
    endloop
  endfacet
  facet normal 0.828562 -0.559898 0
    outer loop
      vertex 18.7231 -18.1988 8.4
      vertex 19.0555 -17.7069 2.3
      vertex 19.0555 -17.7069 8.4
    endloop
  endfacet
  facet normal 0.828562 -0.559898 0
    outer loop
      vertex 19.0555 -17.7069 2.3
      vertex 18.7231 -18.1988 8.4
      vertex 18.7231 -18.1988 2.3
    endloop
  endfacet
  facet normal 0.450109 -0.892974 0
    outer loop
      vertex 17.305 -19.2476 2.3
      vertex 17.8351 -18.9804 8.4
      vertex 17.305 -19.2476 8.4
    endloop
  endfacet
  facet normal 0.450109 -0.892974 0
    outer loop
      vertex 17.8351 -18.9804 8.4
      vertex 17.305 -19.2476 2.3
      vertex 17.8351 -18.9804 2.3
    endloop
  endfacet
  facet normal -0.778001 -0.628263 0
    outer loop
      vertex 13.4732 -18.4218 2.3
      vertex 13.1002 -17.9599 8.4
      vertex 13.1002 -17.9599 2.3
    endloop
  endfacet
  facet normal -0.778001 -0.628263 0
    outer loop
      vertex 13.1002 -17.9599 8.4
      vertex 13.4732 -18.4218 2.3
      vertex 13.4732 -18.4218 8.4
    endloop
  endfacet
  facet normal 0.911167 -0.412038 0
    outer loop
      vertex 19.0555 -17.7069 8.4
      vertex 19.3001 -17.166 2.3
      vertex 19.3001 -17.166 8.4
    endloop
  endfacet
  facet normal 0.911167 -0.412038 0
    outer loop
      vertex 19.3001 -17.166 2.3
      vertex 19.0555 -17.7069 8.4
      vertex 19.0555 -17.7069 2.3
    endloop
  endfacet
  facet normal 0.29288 0.956149 0
    outer loop
      vertex 16.8424 -12.6107 2.4
      vertex 17.305 -12.7524 8.4
      vertex 17.305 -12.7524 2.4
    endloop
  endfacet
  facet normal 0.292783 0.956179 8.15346e-06
    outer loop
      vertex 17.305 -12.7524 8.4
      vertex 16.8424 -12.6107 2.4
      vertex 16.7374 -12.5786 8.4
    endloop
  endfacet
  facet normal 0.292357 0.956309 0
    outer loop
      vertex 16.7374 -12.5786 2.3
      vertex 16.8424 -12.6107 2.4
      vertex 16.8424 -12.6107 2.3
    endloop
  endfacet
  facet normal 0.292357 0.956309 0
    outer loop
      vertex 16.8424 -12.6107 2.4
      vertex 16.7374 -12.5786 2.3
      vertex 16.7374 -12.5786 8.4
    endloop
  endfacet
  facet normal -0.942872 -0.333155 0
    outer loop
      vertex 12.8107 -17.4417 2.3
      vertex 12.6129 -16.8819 8.4
      vertex 12.6129 -16.8819 2.3
    endloop
  endfacet
  facet normal -0.942872 -0.333155 0
    outer loop
      vertex 12.6129 -16.8819 8.4
      vertex 12.8107 -17.4417 2.3
      vertex 12.8107 -17.4417 8.4
    endloop
  endfacet
  facet normal 0.722182 0.691704 0
    outer loop
      vertex 18.3124 -13.3726 8.4
      vertex 18.4985 -13.5669 2.4
      vertex 18.3124 -13.3726 2.4
    endloop
  endfacet
  facet normal 0.721801 0.692101 0
    outer loop
      vertex 18.4985 -13.5669 2.4
      vertex 18.5754 -13.6471 2.4
      vertex 18.4985 -13.5669 2.3
    endloop
  endfacet
  facet normal 0.721801 0.692101 -2.4675e-05
    outer loop
      vertex 18.3124 -13.3726 8.4
      vertex 18.5754 -13.6471 2.4
      vertex 18.4985 -13.5669 2.4
    endloop
  endfacet
  facet normal 0.722023 0.691869 -4.30979e-06
    outer loop
      vertex 18.7231 -13.8012 8.4
      vertex 18.5754 -13.6471 2.4
      vertex 18.3124 -13.3726 8.4
    endloop
  endfacet
  facet normal 0.721939 0.691956 0
    outer loop
      vertex 18.5754 -13.6471 2.4
      vertex 18.7231 -13.8012 8.4
      vertex 18.7231 -13.8012 2.4
    endloop
  endfacet
  facet normal 0.721801 0.692101 0
    outer loop
      vertex 18.4985 -13.5669 2.3
      vertex 18.5754 -13.6471 2.4
      vertex 18.5754 -13.6471 2.3
    endloop
  endfacet
  facet normal 0.292783 -0.956179 0
    outer loop
      vertex 16.7374 -19.4214 2.3
      vertex 17.305 -19.2476 8.4
      vertex 16.7374 -19.4214 8.4
    endloop
  endfacet
  facet normal 0.292783 -0.956179 0
    outer loop
      vertex 17.305 -19.2476 8.4
      vertex 16.7374 -19.4214 2.3
      vertex 17.305 -19.2476 2.3
    endloop
  endfacet
  facet normal 0 0 -1
    outer loop
      vertex 14.827 -17.6701 2.3
      vertex 15.325 -17.1691 2.3
      vertex 15.3609 -17.1808 2.3
    endloop
  endfacet
  facet normal 0 0 -1
    outer loop
      vertex 14.827 -17.6701 2.3
      vertex 14.9078 -16.7935 2.3
      vertex 15.325 -17.1691 2.3
    endloop
  endfacet
  facet normal 0 0 -1
    outer loop
      vertex 12.8107 -17.4417 2.3
      vertex 14.9078 -16.7935 2.3
      vertex 14.827 -17.6701 2.3
    endloop
  endfacet
  facet normal 0 0 -1
    outer loop
      vertex 12.5126 -15.7032 2.3
      vertex 14.6795 -15.7193 2.3
      vertex 14.6795 -16.2807 2.3
    endloop
  endfacet
  facet normal 0 0 -1
    outer loop
      vertex 14.6795 -15.7193 2.3
      vertex 13.9188 -13.186 2.3
      vertex 14.4243 -12.8748 2.3
    endloop
  endfacet
  facet normal -0 0 -1
    outer loop
      vertex 14.9078 -16.7935 2.3
      vertex 12.8107 -17.4417 2.3
      vertex 14.6795 -16.2807 2.3
    endloop
  endfacet
  facet normal 0 0 -1
    outer loop
      vertex 13.4732 -18.4218 2.3
      vertex 14.827 -17.6701 2.3
      vertex 13.6474 -18.5752 2.3
    endloop
  endfacet
  facet normal 0 0 -1
    outer loop
      vertex 14.827 -17.6701 2.3
      vertex 13.4732 -18.4218 2.3
      vertex 13.1002 -17.9599 2.3
    endloop
  endfacet
  facet normal 0 0 -1
    outer loop
      vertex 14.6795 -15.7193 2.3
      vertex 13.4732 -13.5782 2.3
      vertex 13.9188 -13.186 2.3
    endloop
  endfacet
  facet normal -0 0 -1
    outer loop
      vertex 14.827 -17.6701 2.3
      vertex 13.1002 -17.9599 2.3
      vertex 12.8107 -17.4417 2.3
    endloop
  endfacet
  facet normal 0 0 -1
    outer loop
      vertex 14.6795 -15.7193 2.3
      vertex 13.1002 -14.0401 2.3
      vertex 13.4732 -13.5782 2.3
    endloop
  endfacet
  facet normal 0 0 -1
    outer loop
      vertex 14.6795 -16.2807 2.3
      vertex 12.8107 -17.4417 2.3
      vertex 12.6129 -16.8819 2.3
    endloop
  endfacet
  facet normal 0 0 -1
    outer loop
      vertex 14.6795 -15.7193 2.3
      vertex 12.8107 -14.5583 2.3
      vertex 13.1002 -14.0401 2.3
    endloop
  endfacet
  facet normal 0 0 -1
    outer loop
      vertex 14.6795 -16.2807 2.3
      vertex 12.6129 -16.8819 2.3
      vertex 12.5126 -16.2968 2.3
    endloop
  endfacet
  facet normal 0 0 -1
    outer loop
      vertex 14.6795 -15.7193 2.3
      vertex 12.6129 -15.1181 2.3
      vertex 12.8107 -14.5583 2.3
    endloop
  endfacet
  facet normal -0 0 -1
    outer loop
      vertex 14.6795 -16.2807 2.3
      vertex 12.5126 -16.2968 2.3
      vertex 12.5126 -15.7032 2.3
    endloop
  endfacet
  facet normal 0 0 -1
    outer loop
      vertex 14.6795 -15.7193 2.3
      vertex 12.5126 -15.7032 2.3
      vertex 12.6129 -15.1181 2.3
    endloop
  endfacet
  facet normal 0 0 -1
    outer loop
      vertex 17.6701 -14.827 2.3
      vertex 18.4985 -13.5669 2.3
      vertex 18.5754 -13.6471 2.3
    endloop
  endfacet
  facet normal 0 0 -1
    outer loop
      vertex 16.9033 -14.9968 2.3
      vertex 17.6701 -14.827 2.3
      vertex 17.1736 -15.3688 2.3
    endloop
  endfacet
  facet normal 0 0 -1
    outer loop
      vertex 16.4172 -14.7161 2.3
      vertex 17.6701 -14.827 2.3
      vertex 16.9033 -14.9968 2.3
    endloop
  endfacet
  facet normal 0 0 -1
    outer loop
      vertex 17.6701 -14.827 2.3
      vertex 16.8424 -12.6107 2.3
      vertex 18.4985 -13.5669 2.3
    endloop
  endfacet
  facet normal 0 0 -1
    outer loop
      vertex 17.6701 -14.827 2.3
      vertex 16.4172 -14.7161 2.3
      vertex 16.8424 -12.6107 2.3
    endloop
  endfacet
  facet normal -0 0 -1
    outer loop
      vertex 16.8424 -12.6107 2.3
      vertex 16.4172 -14.7161 2.3
      vertex 16.7374 -12.5786 2.3
    endloop
  endfacet
  facet normal 0 0 -1
    outer loop
      vertex 16.4172 -14.7161 2.3
      vertex 16.1485 -12.5032 2.3
      vertex 16.7374 -12.5786 2.3
    endloop
  endfacet
  facet normal 0 0 -1
    outer loop
      vertex 15.8589 -14.6574 2.3
      vertex 16.1485 -12.5032 2.3
      vertex 16.4172 -14.7161 2.3
    endloop
  endfacet
  facet normal 0 0 -1
    outer loop
      vertex 15.8589 -14.6574 2.3
      vertex 15.5554 -12.5283 2.3
      vertex 16.1485 -12.5032 2.3
    endloop
  endfacet
  facet normal 0 0 -1
    outer loop
      vertex 14.9751 -12.6534 2.3
      vertex 15.8589 -14.6574 2.3
      vertex 15.325 -14.8309 2.3
    endloop
  endfacet
  facet normal 0 0 -1
    outer loop
      vertex 15.8589 -14.6574 2.3
      vertex 14.9751 -12.6534 2.3
      vertex 15.5554 -12.5283 2.3
    endloop
  endfacet
  facet normal 0 0 -1
    outer loop
      vertex 14.4243 -12.8748 2.3
      vertex 15.325 -14.8309 2.3
      vertex 14.9078 -15.2065 2.3
    endloop
  endfacet
  facet normal 0 0 -1
    outer loop
      vertex 14.4243 -12.8748 2.3
      vertex 14.9078 -15.2065 2.3
      vertex 14.6795 -15.7193 2.3
    endloop
  endfacet
  facet normal 0 0 -1
    outer loop
      vertex 15.325 -14.8309 2.3
      vertex 14.4243 -12.8748 2.3
      vertex 14.9751 -12.6534 2.3
    endloop
  endfacet
  facet normal 0 0 -1
    outer loop
      vertex 19.4497 -16.5915 2.3
      vertex 19.3554 -16.2411 2.3
      vertex 19.495 -16.0592 2.3
    endloop
  endfacet
  facet normal 0 0 -1
    outer loop
      vertex 19.3001 -17.166 2.3
      vertex 19.3554 -16.2411 2.3
      vertex 19.4497 -16.5915 2.3
    endloop
  endfacet
  facet normal 0 0 -1
    outer loop
      vertex 17.8662 -17.8662 2.3
      vertex 19.3001 -17.166 2.3
      vertex 19.0555 -17.7069 2.3
    endloop
  endfacet
  facet normal 0 0 -1
    outer loop
      vertex 17.8662 -17.8662 2.3
      vertex 19.0555 -17.7069 2.3
      vertex 18.7231 -18.1988 2.3
    endloop
  endfacet
  facet normal 0 0 -1
    outer loop
      vertex 17.8662 -17.8662 2.3
      vertex 18.7231 -18.1988 2.3
      vertex 18.3124 -18.6274 2.3
    endloop
  endfacet
  facet normal -0 0 -1
    outer loop
      vertex 19.3001 -17.166 2.3
      vertex 17.8662 -17.8662 2.3
      vertex 19.3554 -16.2411 2.3
    endloop
  endfacet
  facet normal 0 0 -1
    outer loop
      vertex 17.8351 -18.9804 2.3
      vertex 17.8662 -17.8662 2.3
      vertex 18.3124 -18.6274 2.3
    endloop
  endfacet
  facet normal 0 0 -1
    outer loop
      vertex 17.305 -19.2476 2.3
      vertex 17.8662 -17.8662 2.3
      vertex 17.8351 -18.9804 2.3
    endloop
  endfacet
  facet normal 0 0 -1
    outer loop
      vertex 16.7374 -19.4214 2.3
      vertex 17.8662 -17.8662 2.3
      vertex 17.305 -19.2476 2.3
    endloop
  endfacet
  facet normal 0 0 -1
    outer loop
      vertex 16.7374 -19.4214 2.3
      vertex 16.2411 -19.3554 2.3
      vertex 17.8662 -17.8662 2.3
    endloop
  endfacet
  facet normal 0 0 -1
    outer loop
      vertex 16.1485 -19.4968 2.3
      vertex 16.2411 -19.3554 2.3
      vertex 16.7374 -19.4214 2.3
    endloop
  endfacet
  facet normal 0 0 -1
    outer loop
      vertex 16.2411 -19.3554 2.3
      vertex 16.1485 -19.4968 2.3
      vertex 16.0615 -19.4932 2.3
    endloop
  endfacet
  facet normal 0.594623 0.804005 -0
    outer loop
      vertex 18.3124 -13.3726 2.4
      vertex 17.8351 -13.0196 8.4
      vertex 18.3124 -13.3726 8.4
    endloop
  endfacet
  facet normal 0.594623 0.804005 0
    outer loop
      vertex 17.8351 -13.0196 8.4
      vertex 18.3124 -13.3726 2.4
      vertex 17.8351 -13.0196 2.4
    endloop
  endfacet
  facet normal -0.660696 0.750653 0
    outer loop
      vertex 13.9188 -13.186 2.3
      vertex 13.4732 -13.5782 8.4
      vertex 13.9188 -13.186 8.4
    endloop
  endfacet
  facet normal -0.660696 0.750653 0
    outer loop
      vertex 13.4732 -13.5782 8.4
      vertex 13.9188 -13.186 2.3
      vertex 13.4732 -13.5782 2.3
    endloop
  endfacet
  facet normal 0.967728 -0.251997 0
    outer loop
      vertex 19.3001 -17.166 8.4
      vertex 19.4497 -16.5915 2.3
      vertex 19.4497 -16.5915 8.4
    endloop
  endfacet
  facet normal 0.967728 -0.251997 0
    outer loop
      vertex 19.4497 -16.5915 2.3
      vertex 19.3001 -17.166 8.4
      vertex 19.3001 -17.166 2.3
    endloop
  endfacet
  facet normal 0.450109 0.892974 -0
    outer loop
      vertex 17.8351 -13.0196 2.4
      vertex 17.305 -12.7524 8.4
      vertex 17.8351 -13.0196 8.4
    endloop
  endfacet
  facet normal 0.450109 0.892974 0
    outer loop
      vertex 17.305 -12.7524 8.4
      vertex 17.8351 -13.0196 2.4
      vertex 17.305 -12.7524 2.4
    endloop
  endfacet
  facet normal -1 0 0
    outer loop
      vertex 12.5126 -16.2968 2.3
      vertex 12.5126 -15.7032 8.4
      vertex 12.5126 -15.7032 2.3
    endloop
  endfacet
  facet normal -1 -0 0
    outer loop
      vertex 12.5126 -15.7032 8.4
      vertex 12.5126 -16.2968 2.3
      vertex 12.5126 -16.2968 8.4
    endloop
  endfacet
  facet normal -0.372959 0.927848 0
    outer loop
      vertex 14.9751 -12.6534 2.3
      vertex 14.4243 -12.8748 8.4
      vertex 14.9751 -12.6534 8.4
    endloop
  endfacet
  facet normal -0.372959 0.927848 0
    outer loop
      vertex 14.4243 -12.8748 8.4
      vertex 14.9751 -12.6534 2.3
      vertex 14.4243 -12.8748 2.3
    endloop
  endfacet
  facet normal -0.873003 0.487716 0
    outer loop
      vertex 12.8107 -14.5583 2.3
      vertex 13.1002 -14.0401 8.4
      vertex 13.1002 -14.0401 2.3
    endloop
  endfacet
  facet normal -0.873003 0.487716 0
    outer loop
      vertex 13.1002 -14.0401 8.4
      vertex 12.8107 -14.5583 2.3
      vertex 12.8107 -14.5583 8.4
    endloop
  endfacet
  facet normal -0.0422822 0.999106 0
    outer loop
      vertex 16.1485 -12.5032 2.3
      vertex 15.5554 -12.5283 8.4
      vertex 16.1485 -12.5032 8.4
    endloop
  endfacet
  facet normal -0.0422822 0.999106 0
    outer loop
      vertex 15.5554 -12.5283 8.4
      vertex 16.1485 -12.5032 2.3
      vertex 15.5554 -12.5283 2.3
    endloop
  endfacet
  facet normal -0.660696 -0.750653 9.48986e-06
    outer loop
      vertex 13.4732 -18.4218 8.4
      vertex 13.6474 -18.5752 2.4
      vertex 13.9188 -18.814 8.4
    endloop
  endfacet
  facet normal -0.66088 -0.750491 0
    outer loop
      vertex 13.4732 -18.4218 2.3
      vertex 13.6474 -18.5752 2.4
      vertex 13.4732 -18.4218 8.4
    endloop
  endfacet
  facet normal -0.66088 -0.750491 -0
    outer loop
      vertex 13.6474 -18.5752 2.4
      vertex 13.4732 -18.4218 2.3
      vertex 13.6474 -18.5752 2.3
    endloop
  endfacet
  facet normal -0.660578 -0.750757 -0
    outer loop
      vertex 13.9188 -18.814 8.4
      vertex 13.6474 -18.5752 2.4
      vertex 13.9188 -18.814 2.4
    endloop
  endfacet
  facet normal 0.722023 -0.691869 0
    outer loop
      vertex 18.3124 -18.6274 8.4
      vertex 18.7231 -18.1988 2.3
      vertex 18.7231 -18.1988 8.4
    endloop
  endfacet
  facet normal 0.722023 -0.691869 0
    outer loop
      vertex 18.7231 -18.1988 2.3
      vertex 18.3124 -18.6274 8.4
      vertex 18.3124 -18.6274 2.3
    endloop
  endfacet
  facet normal 0.594623 -0.804005 0
    outer loop
      vertex 17.8351 -18.9804 2.3
      vertex 18.3124 -18.6274 8.4
      vertex 17.8351 -18.9804 8.4
    endloop
  endfacet
  facet normal 0.594623 -0.804005 0
    outer loop
      vertex 18.3124 -18.6274 8.4
      vertex 17.8351 -18.9804 2.3
      vertex 18.3124 -18.6274 2.3
    endloop
  endfacet
  facet normal -0.524248 -0.851566 0
    outer loop
      vertex 13.9188 -18.814 2.4
      vertex 14.4243 -19.1252 8.4
      vertex 13.9188 -18.814 8.4
    endloop
  endfacet
  facet normal -0.524248 -0.851566 -0
    outer loop
      vertex 14.4243 -19.1252 8.4
      vertex 13.9188 -18.814 2.4
      vertex 14.4243 -19.1252 2.4
    endloop
  endfacet
  facet normal 0.126999 0.991903 -0
    outer loop
      vertex 16.7374 -12.5786 2.3
      vertex 16.1485 -12.5032 8.4
      vertex 16.7374 -12.5786 8.4
    endloop
  endfacet
  facet normal 0.126999 0.991903 0
    outer loop
      vertex 16.1485 -12.5032 8.4
      vertex 16.7374 -12.5786 2.3
      vertex 16.1485 -12.5032 2.3
    endloop
  endfacet
  facet normal -0.0424434 -0.999099 0
    outer loop
      vertex 16.0615 -19.4932 2.4
      vertex 15.5554 -19.4717 8.4
      vertex 15.5554 -19.4717 2.4
    endloop
  endfacet
  facet normal -0.0422822 -0.999106 1.3628e-05
    outer loop
      vertex 15.5554 -19.4717 8.4
      vertex 16.0615 -19.4932 2.4
      vertex 16.1485 -19.4968 8.4
    endloop
  endfacet
  facet normal -0.0413439 -0.999145 0
    outer loop
      vertex 16.1485 -19.4968 2.3
      vertex 16.0615 -19.4932 2.4
      vertex 16.0615 -19.4932 2.3
    endloop
  endfacet
  facet normal -0.0413439 -0.999145 0
    outer loop
      vertex 16.0615 -19.4932 2.4
      vertex 16.1485 -19.4968 2.3
      vertex 16.1485 -19.4968 8.4
    endloop
  endfacet
  facet normal -0.210737 -0.977543 0
    outer loop
      vertex 14.9751 -19.3466 2.4
      vertex 15.5554 -19.4717 8.4
      vertex 14.9751 -19.3466 8.4
    endloop
  endfacet
  facet normal -0.210737 -0.977543 -0
    outer loop
      vertex 15.5554 -19.4717 8.4
      vertex 14.9751 -19.3466 2.4
      vertex 15.5554 -19.4717 2.4
    endloop
  endfacet
  facet normal -0.985623 0.168959 0
    outer loop
      vertex 12.5126 -15.7032 2.3
      vertex 12.6129 -15.1181 8.4
      vertex 12.6129 -15.1181 2.3
    endloop
  endfacet
  facet normal -0.985623 0.168959 0
    outer loop
      vertex 12.6129 -15.1181 8.4
      vertex 12.5126 -15.7032 2.3
      vertex 12.5126 -15.7032 8.4
    endloop
  endfacet
  facet normal -0.873003 -0.487716 0
    outer loop
      vertex 13.1002 -17.9599 2.3
      vertex 12.8107 -17.4417 8.4
      vertex 12.8107 -17.4417 2.3
    endloop
  endfacet
  facet normal -0.873003 -0.487716 0
    outer loop
      vertex 12.8107 -17.4417 8.4
      vertex 13.1002 -17.9599 2.3
      vertex 13.1002 -17.9599 8.4
    endloop
  endfacet
  facet normal 1 -0 0
    outer loop
      vertex 14.6795 -16.2807 8.4
      vertex 14.6795 -15.7193 2.3
      vertex 14.6795 -15.7193 8.4
    endloop
  endfacet
  facet normal 1 0 0
    outer loop
      vertex 14.6795 -15.7193 2.3
      vertex 14.6795 -16.2807 8.4
      vertex 14.6795 -16.2807 2.3
    endloop
  endfacet
  facet normal -0.80899 -0.587823 -0
    outer loop
      vertex 17.1736 -15.3688 2.4
      vertex 16.9033 -14.9968 2.3
      vertex 17.1736 -15.3688 2.3
    endloop
  endfacet
  facet normal -0.80899 -0.587823 0
    outer loop
      vertex 16.9033 -14.9968 2.3
      vertex 17.1736 -15.3688 2.4
      vertex 16.9033 -14.9968 8.4
    endloop
  endfacet
  facet normal -0.808779 -0.588113 -0
    outer loop
      vertex 17.2333 -15.4509 8.4
      vertex 17.1736 -15.3688 2.4
      vertex 17.2333 -15.4509 2.4
    endloop
  endfacet
  facet normal -0.808952 -0.587875 4.97912e-06
    outer loop
      vertex 17.1736 -15.3688 2.4
      vertex 17.2333 -15.4509 8.4
      vertex 16.9033 -14.9968 8.4
    endloop
  endfacet
  facet normal -0.978153 -0.207886 0
    outer loop
      vertex 17.35 -16 2.4
      vertex 17.2333 -15.4509 8.4
      vertex 17.2333 -15.4509 2.4
    endloop
  endfacet
  facet normal -0.978153 -0.207886 0
    outer loop
      vertex 17.2333 -15.4509 8.4
      vertex 17.35 -16 2.4
      vertex 17.35 -16 8.4
    endloop
  endfacet
  facet normal -0.500067 -0.865987 0
    outer loop
      vertex 16.4172 -14.7161 2.3
      vertex 16.9033 -14.9968 8.4
      vertex 16.4172 -14.7161 8.4
    endloop
  endfacet
  facet normal -0.500067 -0.865987 -0
    outer loop
      vertex 16.9033 -14.9968 8.4
      vertex 16.4172 -14.7161 2.3
      vertex 16.9033 -14.9968 2.3
    endloop
  endfacet
  facet normal 0.309058 -0.951043 0
    outer loop
      vertex 15.325 -14.8309 2.3
      vertex 15.8589 -14.6574 8.4
      vertex 15.325 -14.8309 8.4
    endloop
  endfacet
  facet normal 0.309058 -0.951043 0
    outer loop
      vertex 15.8589 -14.6574 8.4
      vertex 15.325 -14.8309 2.3
      vertex 15.8589 -14.6574 2.3
    endloop
  endfacet
  facet normal 0.669083 -0.743188 0
    outer loop
      vertex 14.9078 -15.2065 2.3
      vertex 15.325 -14.8309 8.4
      vertex 14.9078 -15.2065 8.4
    endloop
  endfacet
  facet normal 0.669083 -0.743188 0
    outer loop
      vertex 15.325 -14.8309 8.4
      vertex 14.9078 -15.2065 2.3
      vertex 15.325 -14.8309 2.3
    endloop
  endfacet
  facet normal -0.808952 0.587875 0
    outer loop
      vertex 16.9033 -17.0032 2.4
      vertex 17.2333 -16.5491 8.4
      vertex 17.2333 -16.5491 2.4
    endloop
  endfacet
  facet normal -0.808952 0.587875 0
    outer loop
      vertex 17.2333 -16.5491 8.4
      vertex 16.9033 -17.0032 2.4
      vertex 16.9033 -17.0032 8.4
    endloop
  endfacet
  facet normal -0.104564 -0.994518 0
    outer loop
      vertex 15.8589 -14.6574 2.3
      vertex 16.4172 -14.7161 8.4
      vertex 15.8589 -14.6574 8.4
    endloop
  endfacet
  facet normal -0.104564 -0.994518 -0
    outer loop
      vertex 16.4172 -14.7161 8.4
      vertex 15.8589 -14.6574 2.3
      vertex 16.4172 -14.7161 2.3
    endloop
  endfacet
  facet normal -0.500067 0.865987 0
    outer loop
      vertex 16.9033 -17.0032 2.4
      vertex 16.4172 -17.2839 8.4
      vertex 16.9033 -17.0032 8.4
    endloop
  endfacet
  facet normal -0.500067 0.865987 0
    outer loop
      vertex 16.4172 -17.2839 8.4
      vertex 16.9033 -17.0032 2.4
      vertex 16.4172 -17.2839 2.4
    endloop
  endfacet
  facet normal -0.104564 0.994518 0
    outer loop
      vertex 16.4172 -17.2839 2.4
      vertex 15.8589 -17.3426 8.4
      vertex 16.4172 -17.2839 8.4
    endloop
  endfacet
  facet normal -0.104564 0.994518 0
    outer loop
      vertex 15.8589 -17.3426 8.4
      vertex 16.4172 -17.2839 2.4
      vertex 15.8589 -17.3426 2.4
    endloop
  endfacet
  facet normal -0.978153 0.207886 0
    outer loop
      vertex 17.2333 -16.5491 2.4
      vertex 17.35 -16 8.4
      vertex 17.35 -16 2.4
    endloop
  endfacet
  facet normal -0.978153 0.207886 0
    outer loop
      vertex 17.35 -16 8.4
      vertex 17.2333 -16.5491 2.4
      vertex 17.2333 -16.5491 8.4
    endloop
  endfacet
  facet normal 0.913554 -0.406717 0
    outer loop
      vertex 14.6795 -15.7193 8.4
      vertex 14.9078 -15.2065 2.3
      vertex 14.9078 -15.2065 8.4
    endloop
  endfacet
  facet normal 0.913554 -0.406717 0
    outer loop
      vertex 14.9078 -15.2065 2.3
      vertex 14.6795 -15.7193 8.4
      vertex 14.6795 -15.7193 2.3
    endloop
  endfacet
  facet normal 0.669083 0.743188 -0
    outer loop
      vertex 15.325 -17.1691 2.3
      vertex 14.9078 -16.7935 8.4
      vertex 15.325 -17.1691 8.4
    endloop
  endfacet
  facet normal 0.669083 0.743188 0
    outer loop
      vertex 14.9078 -16.7935 8.4
      vertex 15.325 -17.1691 2.3
      vertex 14.9078 -16.7935 2.3
    endloop
  endfacet
  facet normal 0.913554 0.406717 0
    outer loop
      vertex 14.9078 -16.7935 8.4
      vertex 14.6795 -16.2807 2.3
      vertex 14.6795 -16.2807 8.4
    endloop
  endfacet
  facet normal 0.913554 0.406717 0
    outer loop
      vertex 14.6795 -16.2807 2.3
      vertex 14.9078 -16.7935 8.4
      vertex 14.9078 -16.7935 2.3
    endloop
  endfacet
  facet normal 0.309058 0.951043 -0
    outer loop
      vertex 15.8589 -17.3426 2.4
      vertex 15.325 -17.1691 8.4
      vertex 15.8589 -17.3426 8.4
    endloop
  endfacet
  facet normal 0.309 0.951062 -5.72292e-06
    outer loop
      vertex 15.3609 -17.1808 2.4
      vertex 15.325 -17.1691 8.4
      vertex 15.8589 -17.3426 2.4
    endloop
  endfacet
  facet normal 0.309864 0.950781 0
    outer loop
      vertex 15.325 -17.1691 2.3
      vertex 15.3609 -17.1808 2.4
      vertex 15.3609 -17.1808 2.3
    endloop
  endfacet
  facet normal 0.309864 0.950781 0
    outer loop
      vertex 15.3609 -17.1808 2.4
      vertex 15.325 -17.1691 2.3
      vertex 15.325 -17.1691 8.4
    endloop
  endfacet
  facet normal -0.372959 -0.927848 0
    outer loop
      vertex 14.4243 12.8748 2.3
      vertex 14.9751 12.6534 8.4
      vertex 14.4243 12.8748 8.4
    endloop
  endfacet
  facet normal -0.372959 -0.927848 -0
    outer loop
      vertex 14.9751 12.6534 8.4
      vertex 14.4243 12.8748 2.3
      vertex 14.9751 12.6534 2.3
    endloop
  endfacet
  facet normal 0.126999 -0.991903 0
    outer loop
      vertex 16.1485 12.5032 2.3
      vertex 16.7374 12.5786 8.4
      vertex 16.1485 12.5032 8.4
    endloop
  endfacet
  facet normal 0.126999 -0.991903 0
    outer loop
      vertex 16.7374 12.5786 8.4
      vertex 16.1485 12.5032 2.3
      vertex 16.7374 12.5786 2.3
    endloop
  endfacet
  facet normal 0.967728 0.251997 0
    outer loop
      vertex 19.4497 16.5915 8.4
      vertex 19.3001 17.166 2.3
      vertex 19.3001 17.166 8.4
    endloop
  endfacet
  facet normal 0.967728 0.251997 0
    outer loop
      vertex 19.3001 17.166 2.3
      vertex 19.4497 16.5915 8.4
      vertex 19.4497 16.5915 2.3
    endloop
  endfacet
  facet normal 0.996398 0.0847959 0
    outer loop
      vertex 19.4497 16.5915 8.4
      vertex 19.495 16.0592 2.4
      vertex 19.4497 16.5915 2.3
    endloop
  endfacet
  facet normal 0.996404 0.0847322 5.68812e-06
    outer loop
      vertex 19.5 16 8.4
      vertex 19.495 16.0592 2.4
      vertex 19.4497 16.5915 8.4
    endloop
  endfacet
  facet normal 0.996452 0.0841598 0
    outer loop
      vertex 19.495 16.0592 2.4
      vertex 19.5 16 8.4
      vertex 19.5 16 2.4
    endloop
  endfacet
  facet normal 0.996398 0.0847959 0
    outer loop
      vertex 19.4497 16.5915 2.3
      vertex 19.495 16.0592 2.4
      vertex 19.495 16.0592 2.3
    endloop
  endfacet
  facet normal 0.911167 0.412038 0
    outer loop
      vertex 19.3001 17.166 8.4
      vertex 19.0555 17.7069 2.3
      vertex 19.0555 17.7069 8.4
    endloop
  endfacet
  facet normal 0.911167 0.412038 0
    outer loop
      vertex 19.0555 17.7069 2.3
      vertex 19.3001 17.166 8.4
      vertex 19.3001 17.166 2.3
    endloop
  endfacet
  facet normal 0 0 1
    outer loop
      vertex 17.35 16 8.4
      vertex 19.5 16 8.4
      vertex 19.4497 16.5915 8.4
    endloop
  endfacet
  facet normal 0 0 1
    outer loop
      vertex 17.2333 16.5491 8.4
      vertex 19.4497 16.5915 8.4
      vertex 19.3001 17.166 8.4
    endloop
  endfacet
  facet normal 0 0 1
    outer loop
      vertex 19.5 16 8.4
      vertex 17.35 16 8.4
      vertex 19.4497 15.4085 8.4
    endloop
  endfacet
  facet normal 0 0 1
    outer loop
      vertex 17.2333 16.5491 8.4
      vertex 19.3001 17.166 8.4
      vertex 19.0555 17.7069 8.4
    endloop
  endfacet
  facet normal -0 0 1
    outer loop
      vertex 17.2333 15.4509 8.4
      vertex 19.4497 15.4085 8.4
      vertex 17.35 16 8.4
    endloop
  endfacet
  facet normal 0 0 1
    outer loop
      vertex 17.2333 16.5491 8.4
      vertex 19.0555 17.7069 8.4
      vertex 18.7231 18.1988 8.4
    endloop
  endfacet
  facet normal 0 0 1
    outer loop
      vertex 19.4497 15.4085 8.4
      vertex 17.2333 15.4509 8.4
      vertex 19.3001 14.834 8.4
    endloop
  endfacet
  facet normal 0 0 1
    outer loop
      vertex 16.9033 17.0032 8.4
      vertex 18.7231 18.1988 8.4
      vertex 18.3124 18.6274 8.4
    endloop
  endfacet
  facet normal 0 0 1
    outer loop
      vertex 19.3001 14.834 8.4
      vertex 17.2333 15.4509 8.4
      vertex 19.0555 14.2931 8.4
    endloop
  endfacet
  facet normal 0 0 1
    outer loop
      vertex 16.9033 17.0032 8.4
      vertex 18.3124 18.6274 8.4
      vertex 17.8351 18.9804 8.4
    endloop
  endfacet
  facet normal 0 0 1
    outer loop
      vertex 19.0555 14.2931 8.4
      vertex 17.2333 15.4509 8.4
      vertex 18.7231 13.8012 8.4
    endloop
  endfacet
  facet normal -0 0 1
    outer loop
      vertex 16.9033 14.9968 8.4
      vertex 18.7231 13.8012 8.4
      vertex 17.2333 15.4509 8.4
    endloop
  endfacet
  facet normal 0 0 1
    outer loop
      vertex 16.4172 17.2839 8.4
      vertex 17.8351 18.9804 8.4
      vertex 17.305 19.2476 8.4
    endloop
  endfacet
  facet normal 0 0 1
    outer loop
      vertex 19.4497 16.5915 8.4
      vertex 17.2333 16.5491 8.4
      vertex 17.35 16 8.4
    endloop
  endfacet
  facet normal 0 0 1
    outer loop
      vertex 18.7231 18.1988 8.4
      vertex 16.9033 17.0032 8.4
      vertex 17.2333 16.5491 8.4
    endloop
  endfacet
  facet normal 0 0 1
    outer loop
      vertex 16.4172 17.2839 8.4
      vertex 17.305 19.2476 8.4
      vertex 16.7374 19.4214 8.4
    endloop
  endfacet
  facet normal 0 0 1
    outer loop
      vertex 17.8351 18.9804 8.4
      vertex 16.4172 17.2839 8.4
      vertex 16.9033 17.0032 8.4
    endloop
  endfacet
  facet normal 0 0 1
    outer loop
      vertex 16.1485 19.4968 8.4
      vertex 16.4172 17.2839 8.4
      vertex 16.7374 19.4214 8.4
    endloop
  endfacet
  facet normal 0 0 1
    outer loop
      vertex 16.1485 19.4968 8.4
      vertex 15.8589 17.3426 8.4
      vertex 16.4172 17.2839 8.4
    endloop
  endfacet
  facet normal -0 0 1
    outer loop
      vertex 15.5554 19.4717 8.4
      vertex 15.8589 17.3426 8.4
      vertex 16.1485 19.4968 8.4
    endloop
  endfacet
  facet normal -0 0 1
    outer loop
      vertex 14.9751 19.3466 8.4
      vertex 15.8589 17.3426 8.4
      vertex 15.5554 19.4717 8.4
    endloop
  endfacet
  facet normal 0 0 1
    outer loop
      vertex 15.8589 17.3426 8.4
      vertex 14.9751 19.3466 8.4
      vertex 15.325 17.1691 8.4
    endloop
  endfacet
  facet normal -0 0 1
    outer loop
      vertex 14.4243 19.1252 8.4
      vertex 15.325 17.1691 8.4
      vertex 14.9751 19.3466 8.4
    endloop
  endfacet
  facet normal -0 0 1
    outer loop
      vertex 13.9188 18.814 8.4
      vertex 15.325 17.1691 8.4
      vertex 14.4243 19.1252 8.4
    endloop
  endfacet
  facet normal 0 0 1
    outer loop
      vertex 15.325 17.1691 8.4
      vertex 13.4732 18.4218 8.4
      vertex 14.9078 16.7935 8.4
    endloop
  endfacet
  facet normal -0 0 1
    outer loop
      vertex 13.4732 18.4218 8.4
      vertex 15.325 17.1691 8.4
      vertex 13.9188 18.814 8.4
    endloop
  endfacet
  facet normal 0 0 1
    outer loop
      vertex 18.7231 13.8012 8.4
      vertex 16.9033 14.9968 8.4
      vertex 18.3124 13.3726 8.4
    endloop
  endfacet
  facet normal 0 0 1
    outer loop
      vertex 18.3124 13.3726 8.4
      vertex 16.9033 14.9968 8.4
      vertex 17.8351 13.0196 8.4
    endloop
  endfacet
  facet normal -0 0 1
    outer loop
      vertex 16.4172 14.7161 8.4
      vertex 17.8351 13.0196 8.4
      vertex 16.9033 14.9968 8.4
    endloop
  endfacet
  facet normal 0 0 1
    outer loop
      vertex 17.8351 13.0196 8.4
      vertex 16.4172 14.7161 8.4
      vertex 17.305 12.7524 8.4
    endloop
  endfacet
  facet normal 0 0 1
    outer loop
      vertex 17.305 12.7524 8.4
      vertex 16.4172 14.7161 8.4
      vertex 16.7374 12.5786 8.4
    endloop
  endfacet
  facet normal 0 0 1
    outer loop
      vertex 16.4172 14.7161 8.4
      vertex 16.1485 12.5032 8.4
      vertex 16.7374 12.5786 8.4
    endloop
  endfacet
  facet normal -0 0 1
    outer loop
      vertex 15.8589 14.6574 8.4
      vertex 16.1485 12.5032 8.4
      vertex 16.4172 14.7161 8.4
    endloop
  endfacet
  facet normal 0 0 1
    outer loop
      vertex 15.8589 14.6574 8.4
      vertex 15.5554 12.5283 8.4
      vertex 16.1485 12.5032 8.4
    endloop
  endfacet
  facet normal 0 0 1
    outer loop
      vertex 14.9751 12.6534 8.4
      vertex 15.8589 14.6574 8.4
      vertex 15.325 14.8309 8.4
    endloop
  endfacet
  facet normal 0 0 1
    outer loop
      vertex 15.8589 14.6574 8.4
      vertex 14.9751 12.6534 8.4
      vertex 15.5554 12.5283 8.4
    endloop
  endfacet
  facet normal 0 0 1
    outer loop
      vertex 13.4732 13.5782 8.4
      vertex 15.325 14.8309 8.4
      vertex 14.9078 15.2065 8.4
    endloop
  endfacet
  facet normal 0 0 1
    outer loop
      vertex 12.8107 14.5583 8.4
      vertex 14.9078 15.2065 8.4
      vertex 14.6795 15.7193 8.4
    endloop
  endfacet
  facet normal 0 0 1
    outer loop
      vertex 15.325 14.8309 8.4
      vertex 14.4243 12.8748 8.4
      vertex 14.9751 12.6534 8.4
    endloop
  endfacet
  facet normal -0 0 1
    outer loop
      vertex 13.1002 17.9599 8.4
      vertex 14.9078 16.7935 8.4
      vertex 13.4732 18.4218 8.4
    endloop
  endfacet
  facet normal -0 0 1
    outer loop
      vertex 12.8107 17.4417 8.4
      vertex 14.9078 16.7935 8.4
      vertex 13.1002 17.9599 8.4
    endloop
  endfacet
  facet normal 0 0 1
    outer loop
      vertex 15.325 14.8309 8.4
      vertex 13.9188 13.186 8.4
      vertex 14.4243 12.8748 8.4
    endloop
  endfacet
  facet normal 0 0 1
    outer loop
      vertex 14.9078 16.7935 8.4
      vertex 12.8107 17.4417 8.4
      vertex 14.6795 16.2807 8.4
    endloop
  endfacet
  facet normal 0 0 1
    outer loop
      vertex 15.325 14.8309 8.4
      vertex 13.4732 13.5782 8.4
      vertex 13.9188 13.186 8.4
    endloop
  endfacet
  facet normal -0 0 1
    outer loop
      vertex 12.6129 16.8819 8.4
      vertex 14.6795 16.2807 8.4
      vertex 12.8107 17.4417 8.4
    endloop
  endfacet
  facet normal 0 0 1
    outer loop
      vertex 14.9078 15.2065 8.4
      vertex 13.1002 14.0401 8.4
      vertex 13.4732 13.5782 8.4
    endloop
  endfacet
  facet normal -0 0 1
    outer loop
      vertex 12.5126 16.2968 8.4
      vertex 14.6795 16.2807 8.4
      vertex 12.6129 16.8819 8.4
    endloop
  endfacet
  facet normal 0 0 1
    outer loop
      vertex 14.9078 15.2065 8.4
      vertex 12.8107 14.5583 8.4
      vertex 13.1002 14.0401 8.4
    endloop
  endfacet
  facet normal 0 0 1
    outer loop
      vertex 14.6795 16.2807 8.4
      vertex 12.5126 16.2968 8.4
      vertex 14.6795 15.7193 8.4
    endloop
  endfacet
  facet normal 0 0 1
    outer loop
      vertex 14.6795 15.7193 8.4
      vertex 12.6129 15.1181 8.4
      vertex 12.8107 14.5583 8.4
    endloop
  endfacet
  facet normal 0 0 1
    outer loop
      vertex 12.5126 15.7032 8.4
      vertex 14.6795 15.7193 8.4
      vertex 12.5126 16.2968 8.4
    endloop
  endfacet
  facet normal 0 0 1
    outer loop
      vertex 14.6795 15.7193 8.4
      vertex 12.5126 15.7032 8.4
      vertex 12.6129 15.1181 8.4
    endloop
  endfacet
  facet normal 0.828562 0.559898 0
    outer loop
      vertex 19.0555 17.7069 8.4
      vertex 18.7231 18.1988 2.3
      vertex 18.7231 18.1988 8.4
    endloop
  endfacet
  facet normal 0.828562 0.559898 0
    outer loop
      vertex 18.7231 18.1988 2.3
      vertex 19.0555 17.7069 8.4
      vertex 19.0555 17.7069 2.3
    endloop
  endfacet
  facet normal 0.996404 -0.0847322 0
    outer loop
      vertex 19.4497 15.4085 8.4
      vertex 19.5 16 2.4
      vertex 19.5 16 8.4
    endloop
  endfacet
  facet normal 0.996404 -0.0847322 0
    outer loop
      vertex 19.5 16 2.4
      vertex 19.4497 15.4085 8.4
      vertex 19.4497 15.4085 2.4
    endloop
  endfacet
  facet normal -0.524248 0.851566 0
    outer loop
      vertex 14.4243 19.1252 2.4
      vertex 13.9188 18.814 8.4
      vertex 14.4243 19.1252 8.4
    endloop
  endfacet
  facet normal -0.524248 0.851566 0
    outer loop
      vertex 13.9188 18.814 8.4
      vertex 14.4243 19.1252 2.4
      vertex 13.9188 18.814 2.4
    endloop
  endfacet
  facet normal -0.942872 0.333155 0
    outer loop
      vertex 12.6129 16.8819 2.3
      vertex 12.8107 17.4417 8.4
      vertex 12.8107 17.4417 2.3
    endloop
  endfacet
  facet normal -0.942872 0.333155 0
    outer loop
      vertex 12.8107 17.4417 8.4
      vertex 12.6129 16.8819 2.3
      vertex 12.6129 16.8819 8.4
    endloop
  endfacet
  facet normal -0.210737 0.977543 0
    outer loop
      vertex 15.5554 19.4717 2.4
      vertex 14.9751 19.3466 8.4
      vertex 15.5554 19.4717 8.4
    endloop
  endfacet
  facet normal -0.210737 0.977543 0
    outer loop
      vertex 14.9751 19.3466 8.4
      vertex 15.5554 19.4717 2.4
      vertex 14.9751 19.3466 2.4
    endloop
  endfacet
  facet normal -0.778001 0.628263 0
    outer loop
      vertex 13.1002 17.9599 2.3
      vertex 13.4732 18.4218 8.4
      vertex 13.4732 18.4218 2.3
    endloop
  endfacet
  facet normal -0.778001 0.628263 0
    outer loop
      vertex 13.4732 18.4218 8.4
      vertex 13.1002 17.9599 2.3
      vertex 13.1002 17.9599 8.4
    endloop
  endfacet
  facet normal -0.985623 -0.168959 0
    outer loop
      vertex 12.6129 15.1181 2.3
      vertex 12.5126 15.7032 8.4
      vertex 12.5126 15.7032 2.3
    endloop
  endfacet
  facet normal -0.985623 -0.168959 0
    outer loop
      vertex 12.5126 15.7032 8.4
      vertex 12.6129 15.1181 2.3
      vertex 12.6129 15.1181 8.4
    endloop
  endfacet
  facet normal 0.828562 -0.559898 0
    outer loop
      vertex 18.7231 13.8012 8.4
      vertex 19.0555 14.2931 2.4
      vertex 19.0555 14.2931 8.4
    endloop
  endfacet
  facet normal 0.828562 -0.559898 0
    outer loop
      vertex 19.0555 14.2931 2.4
      vertex 18.7231 13.8012 8.4
      vertex 18.7231 13.8012 2.4
    endloop
  endfacet
  facet normal 0.450109 -0.892974 0
    outer loop
      vertex 17.305 12.7524 2.4
      vertex 17.8351 13.0196 8.4
      vertex 17.305 12.7524 8.4
    endloop
  endfacet
  facet normal 0.450109 -0.892974 0
    outer loop
      vertex 17.8351 13.0196 8.4
      vertex 17.305 12.7524 2.4
      vertex 17.8351 13.0196 2.4
    endloop
  endfacet
  facet normal -0.778001 -0.628263 0
    outer loop
      vertex 13.4732 13.5782 2.3
      vertex 13.1002 14.0401 8.4
      vertex 13.1002 14.0401 2.3
    endloop
  endfacet
  facet normal -0.778001 -0.628263 0
    outer loop
      vertex 13.1002 14.0401 8.4
      vertex 13.4732 13.5782 2.3
      vertex 13.4732 13.5782 8.4
    endloop
  endfacet
  facet normal 0.911167 -0.412038 0
    outer loop
      vertex 19.0555 14.2931 8.4
      vertex 19.3001 14.834 2.4
      vertex 19.3001 14.834 8.4
    endloop
  endfacet
  facet normal 0.911167 -0.412038 0
    outer loop
      vertex 19.3001 14.834 2.4
      vertex 19.0555 14.2931 8.4
      vertex 19.0555 14.2931 2.4
    endloop
  endfacet
  facet normal 0.292783 0.956179 -0
    outer loop
      vertex 17.305 19.2476 2.3
      vertex 16.7374 19.4214 8.4
      vertex 17.305 19.2476 8.4
    endloop
  endfacet
  facet normal 0.292783 0.956179 0
    outer loop
      vertex 16.7374 19.4214 8.4
      vertex 17.305 19.2476 2.3
      vertex 16.7374 19.4214 2.3
    endloop
  endfacet
  facet normal -0.942872 -0.333155 0
    outer loop
      vertex 12.8107 14.5583 2.3
      vertex 12.6129 15.1181 8.4
      vertex 12.6129 15.1181 2.3
    endloop
  endfacet
  facet normal -0.942872 -0.333155 0
    outer loop
      vertex 12.6129 15.1181 8.4
      vertex 12.8107 14.5583 2.3
      vertex 12.8107 14.5583 8.4
    endloop
  endfacet
  facet normal 0.722023 0.691869 0
    outer loop
      vertex 18.7231 18.1988 8.4
      vertex 18.3124 18.6274 2.3
      vertex 18.3124 18.6274 8.4
    endloop
  endfacet
  facet normal 0.722023 0.691869 0
    outer loop
      vertex 18.3124 18.6274 2.3
      vertex 18.7231 18.1988 8.4
      vertex 18.7231 18.1988 2.3
    endloop
  endfacet
  facet normal 0.292783 -0.956179 8.15346e-06
    outer loop
      vertex 16.7374 12.5786 8.4
      vertex 16.8424 12.6107 2.4
      vertex 17.305 12.7524 8.4
    endloop
  endfacet
  facet normal 0.292357 -0.956309 0
    outer loop
      vertex 16.7374 12.5786 2.3
      vertex 16.8424 12.6107 2.4
      vertex 16.7374 12.5786 8.4
    endloop
  endfacet
  facet normal 0.292357 -0.956309 0
    outer loop
      vertex 16.8424 12.6107 2.4
      vertex 16.7374 12.5786 2.3
      vertex 16.8424 12.6107 2.3
    endloop
  endfacet
  facet normal 0.29288 -0.956149 0
    outer loop
      vertex 17.305 12.7524 8.4
      vertex 16.8424 12.6107 2.4
      vertex 17.305 12.7524 2.4
    endloop
  endfacet
  facet normal 0 0 -1
    outer loop
      vertex 19.3554 16.2411 2.3
      vertex 19.4497 16.5915 2.3
      vertex 19.495 16.0592 2.3
    endloop
  endfacet
  facet normal 0 0 -1
    outer loop
      vertex 19.3554 16.2411 2.3
      vertex 19.3001 17.166 2.3
      vertex 19.4497 16.5915 2.3
    endloop
  endfacet
  facet normal 0 0 -1
    outer loop
      vertex 17.8662 17.8662 2.3
      vertex 19.3001 17.166 2.3
      vertex 19.3554 16.2411 2.3
    endloop
  endfacet
  facet normal 0 0 -1
    outer loop
      vertex 19.3001 17.166 2.3
      vertex 17.8662 17.8662 2.3
      vertex 19.0555 17.7069 2.3
    endloop
  endfacet
  facet normal 0 0 -1
    outer loop
      vertex 19.0555 17.7069 2.3
      vertex 17.8662 17.8662 2.3
      vertex 18.7231 18.1988 2.3
    endloop
  endfacet
  facet normal -0 0 -1
    outer loop
      vertex 18.7231 18.1988 2.3
      vertex 17.8662 17.8662 2.3
      vertex 18.3124 18.6274 2.3
    endloop
  endfacet
  facet normal 0 0 -1
    outer loop
      vertex 17.8662 17.8662 2.3
      vertex 17.8351 18.9804 2.3
      vertex 18.3124 18.6274 2.3
    endloop
  endfacet
  facet normal 0 0 -1
    outer loop
      vertex 17.8662 17.8662 2.3
      vertex 17.305 19.2476 2.3
      vertex 17.8351 18.9804 2.3
    endloop
  endfacet
  facet normal 0 0 -1
    outer loop
      vertex 17.8662 17.8662 2.3
      vertex 16.7374 19.4214 2.3
      vertex 17.305 19.2476 2.3
    endloop
  endfacet
  facet normal 0 0 -1
    outer loop
      vertex 16.2411 19.3554 2.3
      vertex 16.7374 19.4214 2.3
      vertex 17.8662 17.8662 2.3
    endloop
  endfacet
  facet normal 0 0 -1
    outer loop
      vertex 16.2411 19.3554 2.3
      vertex 16.1485 19.4968 2.3
      vertex 16.7374 19.4214 2.3
    endloop
  endfacet
  facet normal 0 -0 -1
    outer loop
      vertex 16.1485 19.4968 2.3
      vertex 16.2411 19.3554 2.3
      vertex 16.0615 19.4932 2.3
    endloop
  endfacet
  facet normal 0 0 -1
    outer loop
      vertex 18.4985 13.5669 2.3
      vertex 17.6701 14.827 2.3
      vertex 18.5754 13.6471 2.3
    endloop
  endfacet
  facet normal 0 0 -1
    outer loop
      vertex 16.8424 12.6107 2.3
      vertex 17.6701 14.827 2.3
      vertex 18.4985 13.5669 2.3
    endloop
  endfacet
  facet normal 0 0 -1
    outer loop
      vertex 17.6701 14.827 2.3
      vertex 16.9033 14.9968 2.3
      vertex 17.1736 15.3688 2.3
    endloop
  endfacet
  facet normal 0 0 -1
    outer loop
      vertex 16.4172 14.7161 2.3
      vertex 17.6701 14.827 2.3
      vertex 16.8424 12.6107 2.3
    endloop
  endfacet
  facet normal 0 0 -1
    outer loop
      vertex 16.4172 14.7161 2.3
      vertex 16.8424 12.6107 2.3
      vertex 16.7374 12.5786 2.3
    endloop
  endfacet
  facet normal -0 0 -1
    outer loop
      vertex 17.6701 14.827 2.3
      vertex 16.4172 14.7161 2.3
      vertex 16.9033 14.9968 2.3
    endloop
  endfacet
  facet normal 0 0 -1
    outer loop
      vertex 16.1485 12.5032 2.3
      vertex 16.4172 14.7161 2.3
      vertex 16.7374 12.5786 2.3
    endloop
  endfacet
  facet normal 0 0 -1
    outer loop
      vertex 16.1485 12.5032 2.3
      vertex 15.8589 14.6574 2.3
      vertex 16.4172 14.7161 2.3
    endloop
  endfacet
  facet normal 0 0 -1
    outer loop
      vertex 15.5554 12.5283 2.3
      vertex 15.8589 14.6574 2.3
      vertex 16.1485 12.5032 2.3
    endloop
  endfacet
  facet normal 0 0 -1
    outer loop
      vertex 14.9751 12.6534 2.3
      vertex 15.8589 14.6574 2.3
      vertex 15.5554 12.5283 2.3
    endloop
  endfacet
  facet normal -0 0 -1
    outer loop
      vertex 15.8589 14.6574 2.3
      vertex 14.9751 12.6534 2.3
      vertex 15.325 14.8309 2.3
    endloop
  endfacet
  facet normal 0 0 -1
    outer loop
      vertex 14.4243 12.8748 2.3
      vertex 15.325 14.8309 2.3
      vertex 14.9751 12.6534 2.3
    endloop
  endfacet
  facet normal 0 0 -1
    outer loop
      vertex 13.9188 13.186 2.3
      vertex 15.325 14.8309 2.3
      vertex 14.4243 12.8748 2.3
    endloop
  endfacet
  facet normal -0 0 -1
    outer loop
      vertex 15.325 14.8309 2.3
      vertex 13.4732 13.5782 2.3
      vertex 14.9078 15.2065 2.3
    endloop
  endfacet
  facet normal 0 0 -1
    outer loop
      vertex 13.4732 13.5782 2.3
      vertex 15.325 14.8309 2.3
      vertex 13.9188 13.186 2.3
    endloop
  endfacet
  facet normal 0 0 -1
    outer loop
      vertex 15.325 17.1691 2.3
      vertex 14.827 17.6701 2.3
      vertex 15.3609 17.1808 2.3
    endloop
  endfacet
  facet normal 0 0 -1
    outer loop
      vertex 14.9078 16.7935 2.3
      vertex 14.827 17.6701 2.3
      vertex 15.325 17.1691 2.3
    endloop
  endfacet
  facet normal 0 0 -1
    outer loop
      vertex 12.8107 17.4417 2.3
      vertex 14.9078 16.7935 2.3
      vertex 14.6795 16.2807 2.3
    endloop
  endfacet
  facet normal 0 0 -1
    outer loop
      vertex 13.1002 14.0401 2.3
      vertex 14.9078 15.2065 2.3
      vertex 13.4732 13.5782 2.3
    endloop
  endfacet
  facet normal 0 0 -1
    outer loop
      vertex 12.8107 14.5583 2.3
      vertex 14.9078 15.2065 2.3
      vertex 13.1002 14.0401 2.3
    endloop
  endfacet
  facet normal -0 0 -1
    outer loop
      vertex 14.9078 15.2065 2.3
      vertex 12.8107 14.5583 2.3
      vertex 14.6795 15.7193 2.3
    endloop
  endfacet
  facet normal 0 0 -1
    outer loop
      vertex 12.6129 15.1181 2.3
      vertex 14.6795 15.7193 2.3
      vertex 12.8107 14.5583 2.3
    endloop
  endfacet
  facet normal 0 0 -1
    outer loop
      vertex 12.5126 15.7032 2.3
      vertex 14.6795 15.7193 2.3
      vertex 12.6129 15.1181 2.3
    endloop
  endfacet
  facet normal -0 0 -1
    outer loop
      vertex 14.6795 15.7193 2.3
      vertex 12.5126 15.7032 2.3
      vertex 14.6795 16.2807 2.3
    endloop
  endfacet
  facet normal 0 0 -1
    outer loop
      vertex 14.827 17.6701 2.3
      vertex 13.4732 18.4218 2.3
      vertex 13.6474 18.5752 2.3
    endloop
  endfacet
  facet normal 0 -0 -1
    outer loop
      vertex 13.1002 17.9599 2.3
      vertex 14.827 17.6701 2.3
      vertex 12.8107 17.4417 2.3
    endloop
  endfacet
  facet normal 0 -0 -1
    outer loop
      vertex 13.4732 18.4218 2.3
      vertex 14.827 17.6701 2.3
      vertex 13.1002 17.9599 2.3
    endloop
  endfacet
  facet normal 0 0 -1
    outer loop
      vertex 12.5126 16.2968 2.3
      vertex 14.6795 16.2807 2.3
      vertex 12.5126 15.7032 2.3
    endloop
  endfacet
  facet normal 0 0 -1
    outer loop
      vertex 14.9078 16.7935 2.3
      vertex 12.8107 17.4417 2.3
      vertex 14.827 17.6701 2.3
    endloop
  endfacet
  facet normal 0 -0 -1
    outer loop
      vertex 12.6129 16.8819 2.3
      vertex 14.6795 16.2807 2.3
      vertex 12.5126 16.2968 2.3
    endloop
  endfacet
  facet normal 0 -0 -1
    outer loop
      vertex 12.8107 17.4417 2.3
      vertex 14.6795 16.2807 2.3
      vertex 12.6129 16.8819 2.3
    endloop
  endfacet
  facet normal 0.594623 0.804005 -0
    outer loop
      vertex 18.3124 18.6274 2.3
      vertex 17.8351 18.9804 8.4
      vertex 18.3124 18.6274 8.4
    endloop
  endfacet
  facet normal 0.594623 0.804005 0
    outer loop
      vertex 17.8351 18.9804 8.4
      vertex 18.3124 18.6274 2.3
      vertex 17.8351 18.9804 2.3
    endloop
  endfacet
  facet normal -0.660578 0.750757 0
    outer loop
      vertex 13.6474 18.5752 2.4
      vertex 13.9188 18.814 8.4
      vertex 13.9188 18.814 2.4
    endloop
  endfacet
  facet normal -0.660696 0.750653 9.48986e-06
    outer loop
      vertex 13.9188 18.814 8.4
      vertex 13.6474 18.5752 2.4
      vertex 13.4732 18.4218 8.4
    endloop
  endfacet
  facet normal -0.66088 0.750491 0
    outer loop
      vertex 13.4732 18.4218 2.3
      vertex 13.6474 18.5752 2.4
      vertex 13.6474 18.5752 2.3
    endloop
  endfacet
  facet normal -0.66088 0.750491 0
    outer loop
      vertex 13.6474 18.5752 2.4
      vertex 13.4732 18.4218 2.3
      vertex 13.4732 18.4218 8.4
    endloop
  endfacet
  facet normal 0.967728 -0.251997 0
    outer loop
      vertex 19.3001 14.834 8.4
      vertex 19.4497 15.4085 2.4
      vertex 19.4497 15.4085 8.4
    endloop
  endfacet
  facet normal 0.967728 -0.251997 0
    outer loop
      vertex 19.4497 15.4085 2.4
      vertex 19.3001 14.834 8.4
      vertex 19.3001 14.834 2.4
    endloop
  endfacet
  facet normal 0.450109 0.892974 -0
    outer loop
      vertex 17.8351 18.9804 2.3
      vertex 17.305 19.2476 8.4
      vertex 17.8351 18.9804 8.4
    endloop
  endfacet
  facet normal 0.450109 0.892974 0
    outer loop
      vertex 17.305 19.2476 8.4
      vertex 17.8351 18.9804 2.3
      vertex 17.305 19.2476 2.3
    endloop
  endfacet
  facet normal -1 0 0
    outer loop
      vertex 12.5126 15.7032 2.3
      vertex 12.5126 16.2968 8.4
      vertex 12.5126 16.2968 2.3
    endloop
  endfacet
  facet normal -1 -0 0
    outer loop
      vertex 12.5126 16.2968 8.4
      vertex 12.5126 15.7032 2.3
      vertex 12.5126 15.7032 8.4
    endloop
  endfacet
  facet normal -0.372959 0.927848 0
    outer loop
      vertex 14.9751 19.3466 2.4
      vertex 14.4243 19.1252 8.4
      vertex 14.9751 19.3466 8.4
    endloop
  endfacet
  facet normal -0.372959 0.927848 0
    outer loop
      vertex 14.4243 19.1252 8.4
      vertex 14.9751 19.3466 2.4
      vertex 14.4243 19.1252 2.4
    endloop
  endfacet
  facet normal -0.873003 0.487716 0
    outer loop
      vertex 12.8107 17.4417 2.3
      vertex 13.1002 17.9599 8.4
      vertex 13.1002 17.9599 2.3
    endloop
  endfacet
  facet normal -0.873003 0.487716 0
    outer loop
      vertex 13.1002 17.9599 8.4
      vertex 12.8107 17.4417 2.3
      vertex 12.8107 17.4417 8.4
    endloop
  endfacet
  facet normal -0.0422822 0.999106 1.3628e-05
    outer loop
      vertex 16.1485 19.4968 8.4
      vertex 16.0615 19.4932 2.4
      vertex 15.5554 19.4717 8.4
    endloop
  endfacet
  facet normal -0.0413439 0.999145 0
    outer loop
      vertex 16.1485 19.4968 2.3
      vertex 16.0615 19.4932 2.4
      vertex 16.1485 19.4968 8.4
    endloop
  endfacet
  facet normal -0.0413439 0.999145 0
    outer loop
      vertex 16.0615 19.4932 2.4
      vertex 16.1485 19.4968 2.3
      vertex 16.0615 19.4932 2.3
    endloop
  endfacet
  facet normal -0.0424434 0.999099 0
    outer loop
      vertex 15.5554 19.4717 8.4
      vertex 16.0615 19.4932 2.4
      vertex 15.5554 19.4717 2.4
    endloop
  endfacet
  facet normal -0.660696 -0.750653 0
    outer loop
      vertex 13.4732 13.5782 2.3
      vertex 13.9188 13.186 8.4
      vertex 13.4732 13.5782 8.4
    endloop
  endfacet
  facet normal -0.660696 -0.750653 -0
    outer loop
      vertex 13.9188 13.186 8.4
      vertex 13.4732 13.5782 2.3
      vertex 13.9188 13.186 2.3
    endloop
  endfacet
  facet normal 0.721939 -0.691956 0
    outer loop
      vertex 18.7231 13.8012 8.4
      vertex 18.5754 13.6471 2.4
      vertex 18.7231 13.8012 2.4
    endloop
  endfacet
  facet normal 0.721801 -0.692101 0
    outer loop
      vertex 18.5754 13.6471 2.4
      vertex 18.4985 13.5669 2.4
      vertex 18.5754 13.6471 2.3
    endloop
  endfacet
  facet normal 0.721801 -0.692101 7.12501e-06
    outer loop
      vertex 18.7231 13.8012 8.4
      vertex 18.4985 13.5669 2.4
      vertex 18.5754 13.6471 2.4
    endloop
  endfacet
  facet normal 0.722023 -0.691869 -1.02621e-05
    outer loop
      vertex 18.3124 13.3726 8.4
      vertex 18.4985 13.5669 2.4
      vertex 18.7231 13.8012 8.4
    endloop
  endfacet
  facet normal 0.722182 -0.691704 0
    outer loop
      vertex 18.4985 13.5669 2.4
      vertex 18.3124 13.3726 8.4
      vertex 18.3124 13.3726 2.4
    endloop
  endfacet
  facet normal 0.721801 -0.692101 0
    outer loop
      vertex 18.5754 13.6471 2.3
      vertex 18.4985 13.5669 2.4
      vertex 18.4985 13.5669 2.3
    endloop
  endfacet
  facet normal 0.594623 -0.804005 0
    outer loop
      vertex 17.8351 13.0196 2.4
      vertex 18.3124 13.3726 8.4
      vertex 17.8351 13.0196 8.4
    endloop
  endfacet
  facet normal 0.594623 -0.804005 0
    outer loop
      vertex 18.3124 13.3726 8.4
      vertex 17.8351 13.0196 2.4
      vertex 18.3124 13.3726 2.4
    endloop
  endfacet
  facet normal -0.524248 -0.851566 0
    outer loop
      vertex 13.9188 13.186 2.3
      vertex 14.4243 12.8748 8.4
      vertex 13.9188 13.186 8.4
    endloop
  endfacet
  facet normal -0.524248 -0.851566 -0
    outer loop
      vertex 14.4243 12.8748 8.4
      vertex 13.9188 13.186 2.3
      vertex 14.4243 12.8748 2.3
    endloop
  endfacet
  facet normal 0.126999 0.991903 -0
    outer loop
      vertex 16.7374 19.4214 2.3
      vertex 16.1485 19.4968 8.4
      vertex 16.7374 19.4214 8.4
    endloop
  endfacet
  facet normal 0.126999 0.991903 0
    outer loop
      vertex 16.1485 19.4968 8.4
      vertex 16.7374 19.4214 2.3
      vertex 16.1485 19.4968 2.3
    endloop
  endfacet
  facet normal -0.0422822 -0.999106 0
    outer loop
      vertex 15.5554 12.5283 2.3
      vertex 16.1485 12.5032 8.4
      vertex 15.5554 12.5283 8.4
    endloop
  endfacet
  facet normal -0.0422822 -0.999106 -0
    outer loop
      vertex 16.1485 12.5032 8.4
      vertex 15.5554 12.5283 2.3
      vertex 16.1485 12.5032 2.3
    endloop
  endfacet
  facet normal -0.210737 -0.977543 0
    outer loop
      vertex 14.9751 12.6534 2.3
      vertex 15.5554 12.5283 8.4
      vertex 14.9751 12.6534 8.4
    endloop
  endfacet
  facet normal -0.210737 -0.977543 -0
    outer loop
      vertex 15.5554 12.5283 8.4
      vertex 14.9751 12.6534 2.3
      vertex 15.5554 12.5283 2.3
    endloop
  endfacet
  facet normal -0.985623 0.168959 0
    outer loop
      vertex 12.5126 16.2968 2.3
      vertex 12.6129 16.8819 8.4
      vertex 12.6129 16.8819 2.3
    endloop
  endfacet
  facet normal -0.985623 0.168959 0
    outer loop
      vertex 12.6129 16.8819 8.4
      vertex 12.5126 16.2968 2.3
      vertex 12.5126 16.2968 8.4
    endloop
  endfacet
  facet normal -0.873003 -0.487716 0
    outer loop
      vertex 13.1002 14.0401 2.3
      vertex 12.8107 14.5583 8.4
      vertex 12.8107 14.5583 2.3
    endloop
  endfacet
  facet normal -0.873003 -0.487716 0
    outer loop
      vertex 12.8107 14.5583 8.4
      vertex 13.1002 14.0401 2.3
      vertex 13.1002 14.0401 8.4
    endloop
  endfacet
  facet normal 1 -0 0
    outer loop
      vertex 14.6795 15.7193 8.4
      vertex 14.6795 16.2807 2.3
      vertex 14.6795 16.2807 8.4
    endloop
  endfacet
  facet normal 1 0 0
    outer loop
      vertex 14.6795 16.2807 2.3
      vertex 14.6795 15.7193 8.4
      vertex 14.6795 15.7193 2.3
    endloop
  endfacet
  facet normal -0.808952 -0.587875 0
    outer loop
      vertex 17.2333 16.5491 2.4
      vertex 16.9033 17.0032 8.4
      vertex 16.9033 17.0032 2.4
    endloop
  endfacet
  facet normal -0.808952 -0.587875 0
    outer loop
      vertex 16.9033 17.0032 8.4
      vertex 17.2333 16.5491 2.4
      vertex 17.2333 16.5491 8.4
    endloop
  endfacet
  facet normal -0.978153 -0.207886 0
    outer loop
      vertex 17.35 16 2.4
      vertex 17.2333 16.5491 8.4
      vertex 17.2333 16.5491 2.4
    endloop
  endfacet
  facet normal -0.978153 -0.207886 0
    outer loop
      vertex 17.2333 16.5491 8.4
      vertex 17.35 16 2.4
      vertex 17.35 16 8.4
    endloop
  endfacet
  facet normal -0.500067 -0.865987 0
    outer loop
      vertex 16.4172 17.2839 2.4
      vertex 16.9033 17.0032 8.4
      vertex 16.4172 17.2839 8.4
    endloop
  endfacet
  facet normal -0.500067 -0.865987 -0
    outer loop
      vertex 16.9033 17.0032 8.4
      vertex 16.4172 17.2839 2.4
      vertex 16.9033 17.0032 2.4
    endloop
  endfacet
  facet normal 0.309058 -0.951043 -5.338e-06
    outer loop
      vertex 15.325 17.1691 8.4
      vertex 15.3609 17.1808 2.4
      vertex 15.8589 17.3426 8.4
    endloop
  endfacet
  facet normal 0.309864 -0.950781 0
    outer loop
      vertex 15.325 17.1691 2.3
      vertex 15.3609 17.1808 2.4
      vertex 15.325 17.1691 8.4
    endloop
  endfacet
  facet normal 0.309864 -0.950781 0
    outer loop
      vertex 15.3609 17.1808 2.4
      vertex 15.325 17.1691 2.3
      vertex 15.3609 17.1808 2.3
    endloop
  endfacet
  facet normal 0.309 -0.951062 0
    outer loop
      vertex 15.8589 17.3426 8.4
      vertex 15.3609 17.1808 2.4
      vertex 15.8589 17.3426 2.4
    endloop
  endfacet
  facet normal 0.669083 -0.743188 0
    outer loop
      vertex 14.9078 16.7935 2.3
      vertex 15.325 17.1691 8.4
      vertex 14.9078 16.7935 8.4
    endloop
  endfacet
  facet normal 0.669083 -0.743188 0
    outer loop
      vertex 15.325 17.1691 8.4
      vertex 14.9078 16.7935 2.3
      vertex 15.325 17.1691 2.3
    endloop
  endfacet
  facet normal -0.80899 0.587823 0
    outer loop
      vertex 17.1736 15.3688 2.3
      vertex 16.9033 14.9968 2.3
      vertex 17.1736 15.3688 2.4
    endloop
  endfacet
  facet normal -0.808779 0.588113 0
    outer loop
      vertex 17.1736 15.3688 2.4
      vertex 17.2333 15.4509 8.4
      vertex 17.2333 15.4509 2.4
    endloop
  endfacet
  facet normal -0.80899 0.587823 0
    outer loop
      vertex 16.9033 14.9968 8.4
      vertex 17.1736 15.3688 2.4
      vertex 16.9033 14.9968 2.3
    endloop
  endfacet
  facet normal -0.808952 0.587875 4.97912e-06
    outer loop
      vertex 17.1736 15.3688 2.4
      vertex 16.9033 14.9968 8.4
      vertex 17.2333 15.4509 8.4
    endloop
  endfacet
  facet normal -0.104564 -0.994518 0
    outer loop
      vertex 15.8589 17.3426 2.4
      vertex 16.4172 17.2839 8.4
      vertex 15.8589 17.3426 8.4
    endloop
  endfacet
  facet normal -0.104564 -0.994518 -0
    outer loop
      vertex 16.4172 17.2839 8.4
      vertex 15.8589 17.3426 2.4
      vertex 16.4172 17.2839 2.4
    endloop
  endfacet
  facet normal -0.500067 0.865987 0
    outer loop
      vertex 16.9033 14.9968 2.3
      vertex 16.4172 14.7161 8.4
      vertex 16.9033 14.9968 8.4
    endloop
  endfacet
  facet normal -0.500067 0.865987 0
    outer loop
      vertex 16.4172 14.7161 8.4
      vertex 16.9033 14.9968 2.3
      vertex 16.4172 14.7161 2.3
    endloop
  endfacet
  facet normal -0.104564 0.994518 0
    outer loop
      vertex 16.4172 14.7161 2.3
      vertex 15.8589 14.6574 8.4
      vertex 16.4172 14.7161 8.4
    endloop
  endfacet
  facet normal -0.104564 0.994518 0
    outer loop
      vertex 15.8589 14.6574 8.4
      vertex 16.4172 14.7161 2.3
      vertex 15.8589 14.6574 2.3
    endloop
  endfacet
  facet normal -0.978153 0.207886 0
    outer loop
      vertex 17.2333 15.4509 2.4
      vertex 17.35 16 8.4
      vertex 17.35 16 2.4
    endloop
  endfacet
  facet normal -0.978153 0.207886 0
    outer loop
      vertex 17.35 16 8.4
      vertex 17.2333 15.4509 2.4
      vertex 17.2333 15.4509 8.4
    endloop
  endfacet
  facet normal 0.913554 -0.406717 0
    outer loop
      vertex 14.6795 16.2807 8.4
      vertex 14.9078 16.7935 2.3
      vertex 14.9078 16.7935 8.4
    endloop
  endfacet
  facet normal 0.913554 -0.406717 0
    outer loop
      vertex 14.9078 16.7935 2.3
      vertex 14.6795 16.2807 8.4
      vertex 14.6795 16.2807 2.3
    endloop
  endfacet
  facet normal 0.669083 0.743188 -0
    outer loop
      vertex 15.325 14.8309 2.3
      vertex 14.9078 15.2065 8.4
      vertex 15.325 14.8309 8.4
    endloop
  endfacet
  facet normal 0.669083 0.743188 0
    outer loop
      vertex 14.9078 15.2065 8.4
      vertex 15.325 14.8309 2.3
      vertex 14.9078 15.2065 2.3
    endloop
  endfacet
  facet normal 0.913554 0.406717 0
    outer loop
      vertex 14.9078 15.2065 8.4
      vertex 14.6795 15.7193 2.3
      vertex 14.6795 15.7193 8.4
    endloop
  endfacet
  facet normal 0.913554 0.406717 0
    outer loop
      vertex 14.6795 15.7193 2.3
      vertex 14.9078 15.2065 8.4
      vertex 14.9078 15.2065 2.3
    endloop
  endfacet
  facet normal 0.309058 0.951043 -0
    outer loop
      vertex 15.8589 14.6574 2.3
      vertex 15.325 14.8309 8.4
      vertex 15.8589 14.6574 8.4
    endloop
  endfacet
  facet normal 0.309058 0.951043 0
    outer loop
      vertex 15.325 14.8309 8.4
      vertex 15.8589 14.6574 2.3
      vertex 15.325 14.8309 2.3
    endloop
  endfacet
  facet normal 0.623491 0.781831 -0
    outer loop
      vertex -39.0793 2.93221 8
      vertex -39.5467 3.30495 26
      vertex -39.0793 2.93221 26
    endloop
  endfacet
  facet normal 0.623491 0.781831 0
    outer loop
      vertex -39.5467 3.30495 26
      vertex -39.0793 2.93221 8
      vertex -39.5467 3.30495 8
    endloop
  endfacet
  facet normal -0.222536 0.974924 0
    outer loop
      vertex -42.3962 3.95532 8
      vertex -42.979 3.82229 26
      vertex -42.3962 3.95532 26
    endloop
  endfacet
  facet normal -0.222536 0.974924 0
    outer loop
      vertex -42.979 3.82229 26
      vertex -42.3962 3.95532 8
      vertex -42.979 3.82229 8
    endloop
  endfacet
  facet normal -0.0747317 0.997204 0
    outer loop
      vertex -41.8 4 8
      vertex -42.3962 3.95532 26
      vertex -41.8 4 26
    endloop
  endfacet
  facet normal -0.0747317 0.997204 0
    outer loop
      vertex -42.3962 3.95532 26
      vertex -41.8 4 8
      vertex -42.3962 3.95532 8
    endloop
  endfacet
  facet normal -0.365341 0.930874 0
    outer loop
      vertex -42.979 3.82229 8
      vertex -43.5355 3.60388 26
      vertex -42.979 3.82229 26
    endloop
  endfacet
  facet normal -0.365341 0.930874 0
    outer loop
      vertex -43.5355 3.60388 26
      vertex -42.979 3.82229 8
      vertex -43.5355 3.60388 8
    endloop
  endfacet
  facet normal 0.0747317 0.997204 -0
    outer loop
      vertex -41.2038 3.95532 8
      vertex -41.8 4 26
      vertex -41.2038 3.95532 26
    endloop
  endfacet
  facet normal 0.0747317 0.997204 0
    outer loop
      vertex -41.8 4 26
      vertex -41.2038 3.95532 8
      vertex -41.8 4 8
    endloop
  endfacet
  facet normal 0.988832 0.149037 0
    outer loop
      vertex -37.8112 0.29892 26
      vertex -37.9003 0.890083 8
      vertex -37.9003 0.890083 26
    endloop
  endfacet
  facet normal 0.988832 0.149037 0
    outer loop
      vertex -37.9003 0.890083 8
      vertex -37.8112 0.29892 26
      vertex -37.8112 0.29892 8
    endloop
  endfacet
  facet normal 0.499972 -0.866041 0
    outer loop
      vertex -40.0645 -3.60388 8
      vertex -39.5467 -3.30495 26
      vertex -40.0645 -3.60388 26
    endloop
  endfacet
  facet normal 0.499972 -0.866041 0
    outer loop
      vertex -39.5467 -3.30495 26
      vertex -40.0645 -3.60388 8
      vertex -39.5467 -3.30495 8
    endloop
  endfacet
  facet normal 0.365341 0.930874 -0
    outer loop
      vertex -40.0645 3.60388 8
      vertex -40.621 3.82229 26
      vertex -40.0645 3.60388 26
    endloop
  endfacet
  facet normal 0.365341 0.930874 0
    outer loop
      vertex -40.621 3.82229 26
      vertex -40.0645 3.60388 8
      vertex -40.621 3.82229 8
    endloop
  endfacet
  facet normal 0.499972 0.866041 -0
    outer loop
      vertex -39.5467 3.30495 8
      vertex -40.0645 3.60388 26
      vertex -39.5467 3.30495 26
    endloop
  endfacet
  facet normal 0.499972 0.866041 0
    outer loop
      vertex -40.0645 3.60388 26
      vertex -39.5467 3.30495 8
      vertex -40.0645 3.60388 8
    endloop
  endfacet
  facet normal -0.733081 -0.680142 0
    outer loop
      vertex -44.5207 -2.93221 8
      vertex -44.8893 -2.53492 26
      vertex -44.8893 -2.53492 8
    endloop
  endfacet
  facet normal -0.733081 -0.680142 0
    outer loop
      vertex -44.8893 -2.53492 26
      vertex -44.5207 -2.93221 8
      vertex -44.5207 -2.93221 26
    endloop
  endfacet
  facet normal 0.900966 0.43389 0
    outer loop
      vertex -38.0765 1.46136 26
      vertex -38.3359 2 8
      vertex -38.3359 2 26
    endloop
  endfacet
  facet normal 0.900966 0.43389 0
    outer loop
      vertex -38.3359 2 8
      vertex -38.0765 1.46136 26
      vertex -38.0765 1.46136 8
    endloop
  endfacet
  facet normal 0.365341 -0.930874 0
    outer loop
      vertex -40.621 -3.82229 8
      vertex -40.0645 -3.60388 26
      vertex -40.621 -3.82229 26
    endloop
  endfacet
  facet normal 0.365341 -0.930874 0
    outer loop
      vertex -40.0645 -3.60388 26
      vertex -40.621 -3.82229 8
      vertex -40.0645 -3.60388 8
    endloop
  endfacet
  facet normal 0.95558 0.294731 0
    outer loop
      vertex -37.9003 0.890083 26
      vertex -38.0765 1.46136 8
      vertex -38.0765 1.46136 26
    endloop
  endfacet
  facet normal 0.95558 0.294731 0
    outer loop
      vertex -38.0765 1.46136 8
      vertex -37.9003 0.890083 26
      vertex -37.9003 0.890083 8
    endloop
  endfacet
  facet normal -0.733081 0.680142 0
    outer loop
      vertex -44.8893 2.53492 8
      vertex -44.5207 2.93221 26
      vertex -44.5207 2.93221 8
    endloop
  endfacet
  facet normal -0.733081 0.680142 0
    outer loop
      vertex -44.5207 2.93221 26
      vertex -44.8893 2.53492 8
      vertex -44.8893 2.53492 26
    endloop
  endfacet
  facet normal 0 0 -1
    outer loop
      vertex -45 0 8
      vertex -37.8112 -0.29892 8
      vertex -37.9003 -0.890083 8
    endloop
  endfacet
  facet normal 0 0 -1
    outer loop
      vertex -37.8112 -0.29892 8
      vertex -45 0 8
      vertex -37.8112 0.29892 8
    endloop
  endfacet
  facet normal 0 0 -1
    outer loop
      vertex -45 0 8
      vertex -37.9003 -0.890083 8
      vertex -38.0765 -1.46136 8
    endloop
  endfacet
  facet normal -0 0 -1
    outer loop
      vertex -37.8112 0.29892 8
      vertex -45 0 8
      vertex -37.9003 0.890083 8
    endloop
  endfacet
  facet normal 0 0 -1
    outer loop
      vertex -45 0 8
      vertex -38.0765 -1.46136 8
      vertex -38.3359 -2 8
    endloop
  endfacet
  facet normal -0 0 -1
    outer loop
      vertex -37.9003 0.890083 8
      vertex -45 0 8
      vertex -38.0765 1.46136 8
    endloop
  endfacet
  facet normal 0 0 -1
    outer loop
      vertex -45 0 8
      vertex -38.3359 -2 8
      vertex -38.6727 -2.49396 8
    endloop
  endfacet
  facet normal -0 0 -1
    outer loop
      vertex -38.0765 1.46136 8
      vertex -45 0 8
      vertex -38.3359 2 8
    endloop
  endfacet
  facet normal 0 0 -1
    outer loop
      vertex -45 0 8
      vertex -38.6727 -2.49396 8
      vertex -39.0793 -2.93221 8
    endloop
  endfacet
  facet normal -0 0 -1
    outer loop
      vertex -38.3359 2 8
      vertex -45 0 8
      vertex -38.6727 2.49396 8
    endloop
  endfacet
  facet normal 0 0 -1
    outer loop
      vertex -45 0 8
      vertex -39.0793 -2.93221 8
      vertex -39.5467 -3.30495 8
    endloop
  endfacet
  facet normal -0 0 -1
    outer loop
      vertex -38.6727 2.49396 8
      vertex -45 0 8
      vertex -39.0793 2.93221 8
    endloop
  endfacet
  facet normal 0 0 -1
    outer loop
      vertex -45 0 8
      vertex -39.5467 -3.30495 8
      vertex -40.0645 -3.60388 8
    endloop
  endfacet
  facet normal -0 0 -1
    outer loop
      vertex -39.0793 2.93221 8
      vertex -45 0 8
      vertex -39.5467 3.30495 8
    endloop
  endfacet
  facet normal 0 0 -1
    outer loop
      vertex -45 0 8
      vertex -40.0645 -3.60388 8
      vertex -40.621 -3.82229 8
    endloop
  endfacet
  facet normal -0 0 -1
    outer loop
      vertex -39.5467 3.30495 8
      vertex -45 0 8
      vertex -40.0645 3.60388 8
    endloop
  endfacet
  facet normal 0 0 -1
    outer loop
      vertex -45 0 8
      vertex -40.621 -3.82229 8
      vertex -41.2038 -3.95532 8
    endloop
  endfacet
  facet normal -0 0 -1
    outer loop
      vertex -40.0645 3.60388 8
      vertex -45 0 8
      vertex -40.621 3.82229 8
    endloop
  endfacet
  facet normal 0 0 -1
    outer loop
      vertex -45 0 8
      vertex -41.2038 -3.95532 8
      vertex -41.8 -4 8
    endloop
  endfacet
  facet normal -0 0 -1
    outer loop
      vertex -40.621 3.82229 8
      vertex -45 0 8
      vertex -41.2038 3.95532 8
    endloop
  endfacet
  facet normal 0 0 -1
    outer loop
      vertex -45 0 8
      vertex -41.8 -4 8
      vertex -42.3962 -3.95532 8
    endloop
  endfacet
  facet normal -0 0 -1
    outer loop
      vertex -41.2038 3.95532 8
      vertex -45 0 8
      vertex -41.8 4 8
    endloop
  endfacet
  facet normal 0 0 -1
    outer loop
      vertex -45 0 8
      vertex -42.3962 -3.95532 8
      vertex -42.979 -3.82229 8
    endloop
  endfacet
  facet normal 0 0 -1
    outer loop
      vertex -41.8 4 8
      vertex -45 0 8
      vertex -42.3962 3.95532 8
    endloop
  endfacet
  facet normal 0 0 -1
    outer loop
      vertex -45 0 8
      vertex -42.979 -3.82229 8
      vertex -43.5355 -3.60388 8
    endloop
  endfacet
  facet normal 0 0 -1
    outer loop
      vertex -42.3962 3.95532 8
      vertex -45 0 8
      vertex -42.979 3.82229 8
    endloop
  endfacet
  facet normal 0 0 -1
    outer loop
      vertex -45 0 8
      vertex -43.5355 -3.60388 8
      vertex -44.0533 -3.30495 8
    endloop
  endfacet
  facet normal 0 0 -1
    outer loop
      vertex -42.979 3.82229 8
      vertex -45 0 8
      vertex -43.5355 3.60388 8
    endloop
  endfacet
  facet normal 0 0 -1
    outer loop
      vertex -45 0 8
      vertex -44.0533 -3.30495 8
      vertex -44.5207 -2.93221 8
    endloop
  endfacet
  facet normal 0 0 -1
    outer loop
      vertex -43.5355 3.60388 8
      vertex -45 0 8
      vertex -44.0533 3.30495 8
    endloop
  endfacet
  facet normal 0 0 -1
    outer loop
      vertex -45 0 8
      vertex -44.5207 -2.93221 8
      vertex -44.8893 -2.53492 8
    endloop
  endfacet
  facet normal 0 0 -1
    outer loop
      vertex -44.0533 3.30495 8
      vertex -45 0 8
      vertex -44.5207 2.93221 8
    endloop
  endfacet
  facet normal 0 0 -1
    outer loop
      vertex -44.5207 2.93221 8
      vertex -45 0 8
      vertex -44.8893 2.53492 8
    endloop
  endfacet
  facet normal -0.499972 0.866041 0
    outer loop
      vertex -43.5355 3.60388 8
      vertex -44.0533 3.30495 26
      vertex -43.5355 3.60388 26
    endloop
  endfacet
  facet normal -0.499972 0.866041 0
    outer loop
      vertex -44.0533 3.30495 26
      vertex -43.5355 3.60388 8
      vertex -44.0533 3.30495 8
    endloop
  endfacet
  facet normal 0.82622 -0.563347 0
    outer loop
      vertex -38.6727 -2.49396 26
      vertex -38.3359 -2 8
      vertex -38.3359 -2 26
    endloop
  endfacet
  facet normal 0.82622 -0.563347 0
    outer loop
      vertex -38.3359 -2 8
      vertex -38.6727 -2.49396 26
      vertex -38.6727 -2.49396 8
    endloop
  endfacet
  facet normal 0.733082 0.68014 0
    outer loop
      vertex -38.6727 2.49396 26
      vertex -39.0793 2.93221 8
      vertex -39.0793 2.93221 26
    endloop
  endfacet
  facet normal 0.733082 0.68014 0
    outer loop
      vertex -39.0793 2.93221 8
      vertex -38.6727 2.49396 26
      vertex -38.6727 2.49396 8
    endloop
  endfacet
  facet normal 0.82622 0.563347 0
    outer loop
      vertex -38.3359 2 26
      vertex -38.6727 2.49396 8
      vertex -38.6727 2.49396 26
    endloop
  endfacet
  facet normal 0.82622 0.563347 0
    outer loop
      vertex -38.6727 2.49396 8
      vertex -38.3359 2 26
      vertex -38.3359 2 8
    endloop
  endfacet
  facet normal -0.623491 0.781831 0
    outer loop
      vertex -44.0533 3.30495 8
      vertex -44.5207 2.93221 26
      vertex -44.0533 3.30495 26
    endloop
  endfacet
  facet normal -0.623491 0.781831 0
    outer loop
      vertex -44.5207 2.93221 26
      vertex -44.0533 3.30495 8
      vertex -44.5207 2.93221 8
    endloop
  endfacet
  facet normal 0.222536 0.974924 -0
    outer loop
      vertex -40.621 3.82229 8
      vertex -41.2038 3.95532 26
      vertex -40.621 3.82229 26
    endloop
  endfacet
  facet normal 0.222536 0.974924 0
    outer loop
      vertex -41.2038 3.95532 26
      vertex -40.621 3.82229 8
      vertex -41.2038 3.95532 8
    endloop
  endfacet
  facet normal 0.900966 -0.43389 0
    outer loop
      vertex -38.3359 -2 26
      vertex -38.0765 -1.46136 8
      vertex -38.0765 -1.46136 26
    endloop
  endfacet
  facet normal 0.900966 -0.43389 0
    outer loop
      vertex -38.0765 -1.46136 8
      vertex -38.3359 -2 26
      vertex -38.3359 -2 8
    endloop
  endfacet
  facet normal 0.623491 -0.781831 0
    outer loop
      vertex -39.5467 -3.30495 8
      vertex -39.0793 -2.93221 26
      vertex -39.5467 -3.30495 26
    endloop
  endfacet
  facet normal 0.623491 -0.781831 0
    outer loop
      vertex -39.0793 -2.93221 26
      vertex -39.5467 -3.30495 8
      vertex -39.0793 -2.93221 8
    endloop
  endfacet
  facet normal -0.365341 -0.930874 0
    outer loop
      vertex -43.5355 -3.60388 8
      vertex -42.979 -3.82229 26
      vertex -43.5355 -3.60388 26
    endloop
  endfacet
  facet normal -0.365341 -0.930874 -0
    outer loop
      vertex -42.979 -3.82229 26
      vertex -43.5355 -3.60388 8
      vertex -42.979 -3.82229 8
    endloop
  endfacet
  facet normal 0.0747317 -0.997204 0
    outer loop
      vertex -41.8 -4 8
      vertex -41.2038 -3.95532 26
      vertex -41.8 -4 26
    endloop
  endfacet
  facet normal 0.0747317 -0.997204 0
    outer loop
      vertex -41.2038 -3.95532 26
      vertex -41.8 -4 8
      vertex -41.2038 -3.95532 8
    endloop
  endfacet
  facet normal -0.623491 -0.781831 0
    outer loop
      vertex -44.5207 -2.93221 8
      vertex -44.0533 -3.30495 26
      vertex -44.5207 -2.93221 26
    endloop
  endfacet
  facet normal -0.623491 -0.781831 -0
    outer loop
      vertex -44.0533 -3.30495 26
      vertex -44.5207 -2.93221 8
      vertex -44.0533 -3.30495 8
    endloop
  endfacet
  facet normal 0.95558 -0.294731 0
    outer loop
      vertex -38.0765 -1.46136 26
      vertex -37.9003 -0.890083 8
      vertex -37.9003 -0.890083 26
    endloop
  endfacet
  facet normal 0.95558 -0.294731 0
    outer loop
      vertex -37.9003 -0.890083 8
      vertex -38.0765 -1.46136 26
      vertex -38.0765 -1.46136 8
    endloop
  endfacet
  facet normal 0.988832 -0.149037 0
    outer loop
      vertex -37.9003 -0.890083 26
      vertex -37.8112 -0.29892 8
      vertex -37.8112 -0.29892 26
    endloop
  endfacet
  facet normal 0.988832 -0.149037 0
    outer loop
      vertex -37.8112 -0.29892 8
      vertex -37.9003 -0.890083 26
      vertex -37.9003 -0.890083 8
    endloop
  endfacet
  facet normal -0.0747317 -0.997204 0
    outer loop
      vertex -42.3962 -3.95532 8
      vertex -41.8 -4 26
      vertex -42.3962 -3.95532 26
    endloop
  endfacet
  facet normal -0.0747317 -0.997204 -0
    outer loop
      vertex -41.8 -4 26
      vertex -42.3962 -3.95532 8
      vertex -41.8 -4 8
    endloop
  endfacet
  facet normal 1 -0 0
    outer loop
      vertex -37.8112 -0.29892 26
      vertex -37.8112 0.29892 8
      vertex -37.8112 0.29892 26
    endloop
  endfacet
  facet normal 1 0 0
    outer loop
      vertex -37.8112 0.29892 8
      vertex -37.8112 -0.29892 26
      vertex -37.8112 -0.29892 8
    endloop
  endfacet
  facet normal 0.222536 -0.974924 0
    outer loop
      vertex -41.2038 -3.95532 8
      vertex -40.621 -3.82229 26
      vertex -41.2038 -3.95532 26
    endloop
  endfacet
  facet normal 0.222536 -0.974924 0
    outer loop
      vertex -40.621 -3.82229 26
      vertex -41.2038 -3.95532 8
      vertex -40.621 -3.82229 8
    endloop
  endfacet
  facet normal -0.222536 -0.974924 0
    outer loop
      vertex -42.979 -3.82229 8
      vertex -42.3962 -3.95532 26
      vertex -42.979 -3.82229 26
    endloop
  endfacet
  facet normal -0.222536 -0.974924 -0
    outer loop
      vertex -42.3962 -3.95532 26
      vertex -42.979 -3.82229 8
      vertex -42.3962 -3.95532 8
    endloop
  endfacet
  facet normal -0.499972 -0.866041 0
    outer loop
      vertex -44.0533 -3.30495 8
      vertex -43.5355 -3.60388 26
      vertex -44.0533 -3.30495 26
    endloop
  endfacet
  facet normal -0.499972 -0.866041 -0
    outer loop
      vertex -43.5355 -3.60388 26
      vertex -44.0533 -3.30495 8
      vertex -43.5355 -3.60388 8
    endloop
  endfacet
  facet normal 0.733082 -0.68014 0
    outer loop
      vertex -39.0793 -2.93221 26
      vertex -38.6727 -2.49396 8
      vertex -38.6727 -2.49396 26
    endloop
  endfacet
  facet normal 0.733082 -0.68014 0
    outer loop
      vertex -38.6727 -2.49396 8
      vertex -39.0793 -2.93221 26
      vertex -39.0793 -2.93221 8
    endloop
  endfacet
  facet normal -0.900986 0.433849 0
    outer loop
      vertex -40.7836 -0.810536 17.9
      vertex -40.5326 -0.289277 26
      vertex -40.5326 -0.289277 17.9
    endloop
  endfacet
  facet normal -0.900986 0.433849 0
    outer loop
      vertex -40.5326 -0.289277 26
      vertex -40.7836 -0.810536 17.9
      vertex -40.7836 -0.810536 26
    endloop
  endfacet
  facet normal 0.623434 -0.781876 0
    outer loop
      vertex -42.8164 0.810536 17.9
      vertex -42.364 1.17126 26
      vertex -42.8164 0.810536 26
    endloop
  endfacet
  facet normal 0.623434 -0.781876 0
    outer loop
      vertex -42.364 1.17126 26
      vertex -42.8164 0.810536 17.9
      vertex -42.364 1.17126 17.9
    endloop
  endfacet
  facet normal 0.222538 -0.974924 0
    outer loop
      vertex -42.364 1.17126 17.9
      vertex -41.8 1.3 26
      vertex -42.364 1.17126 26
    endloop
  endfacet
  facet normal 0.222538 -0.974924 0
    outer loop
      vertex -41.8 1.3 26
      vertex -42.364 1.17126 17.9
      vertex -41.8 1.3 17.9
    endloop
  endfacet
  facet normal 0.900986 -0.433849 0
    outer loop
      vertex -43.0674 0.289277 26
      vertex -42.8164 0.810536 17.9
      vertex -42.8164 0.810536 26
    endloop
  endfacet
  facet normal 0.900986 -0.433849 0
    outer loop
      vertex -42.8164 0.810536 17.9
      vertex -43.0674 0.289277 26
      vertex -43.0674 0.289277 17.9
    endloop
  endfacet
  facet normal -0.623434 -0.781876 0
    outer loop
      vertex -41.236 1.17126 17.9
      vertex -40.7836 0.810536 26
      vertex -41.236 1.17126 26
    endloop
  endfacet
  facet normal -0.623434 -0.781876 -0
    outer loop
      vertex -40.7836 0.810536 26
      vertex -41.236 1.17126 17.9
      vertex -40.7836 0.810536 17.9
    endloop
  endfacet
  facet normal 1 -0 0
    outer loop
      vertex -43.0674 -0.289277 26
      vertex -43.0674 0.289277 17.9
      vertex -43.0674 0.289277 26
    endloop
  endfacet
  facet normal 1 0 0
    outer loop
      vertex -43.0674 0.289277 17.9
      vertex -43.0674 -0.289277 26
      vertex -43.0674 -0.289277 17.9
    endloop
  endfacet
  facet normal -0.900986 -0.433849 0
    outer loop
      vertex -40.5326 0.289277 17.9
      vertex -40.7836 0.810536 26
      vertex -40.7836 0.810536 17.9
    endloop
  endfacet
  facet normal -0.900986 -0.433849 0
    outer loop
      vertex -40.7836 0.810536 26
      vertex -40.5326 0.289277 17.9
      vertex -40.5326 0.289277 26
    endloop
  endfacet
  facet normal 0.222538 0.974924 -0
    outer loop
      vertex -41.8 -1.3 17.9
      vertex -42.364 -1.17126 26
      vertex -41.8 -1.3 26
    endloop
  endfacet
  facet normal 0.222538 0.974924 0
    outer loop
      vertex -42.364 -1.17126 26
      vertex -41.8 -1.3 17.9
      vertex -42.364 -1.17126 17.9
    endloop
  endfacet
  facet normal -1 0 0
    outer loop
      vertex -40.5326 -0.289277 17.9
      vertex -40.5326 0.289277 26
      vertex -40.5326 0.289277 17.9
    endloop
  endfacet
  facet normal -1 -0 0
    outer loop
      vertex -40.5326 0.289277 26
      vertex -40.5326 -0.289277 17.9
      vertex -40.5326 -0.289277 26
    endloop
  endfacet
  facet normal 0.900986 0.433849 0
    outer loop
      vertex -42.8164 -0.810536 26
      vertex -43.0674 -0.289277 17.9
      vertex -43.0674 -0.289277 26
    endloop
  endfacet
  facet normal 0.900986 0.433849 0
    outer loop
      vertex -43.0674 -0.289277 17.9
      vertex -42.8164 -0.810536 26
      vertex -42.8164 -0.810536 17.9
    endloop
  endfacet
  facet normal 0 0 1
    outer loop
      vertex -40.7836 0.810536 17.9
      vertex -40.5326 -0.289277 17.9
      vertex -40.5326 0.289277 17.9
    endloop
  endfacet
  facet normal 0 0 1
    outer loop
      vertex -40.7836 0.810536 17.9
      vertex -40.7836 -0.810536 17.9
      vertex -40.5326 -0.289277 17.9
    endloop
  endfacet
  facet normal 0 0 1
    outer loop
      vertex -41.236 1.17126 17.9
      vertex -40.7836 -0.810536 17.9
      vertex -40.7836 0.810536 17.9
    endloop
  endfacet
  facet normal 0 0 1
    outer loop
      vertex -41.236 1.17126 17.9
      vertex -41.236 -1.17126 17.9
      vertex -40.7836 -0.810536 17.9
    endloop
  endfacet
  facet normal 0 0 1
    outer loop
      vertex -41.8 1.3 17.9
      vertex -41.236 -1.17126 17.9
      vertex -41.236 1.17126 17.9
    endloop
  endfacet
  facet normal 0 0 1
    outer loop
      vertex -41.8 1.3 17.9
      vertex -41.8 -1.3 17.9
      vertex -41.236 -1.17126 17.9
    endloop
  endfacet
  facet normal -0 0 1
    outer loop
      vertex -42.364 1.17126 17.9
      vertex -41.8 -1.3 17.9
      vertex -41.8 1.3 17.9
    endloop
  endfacet
  facet normal 0 0 1
    outer loop
      vertex -42.364 1.17126 17.9
      vertex -42.364 -1.17126 17.9
      vertex -41.8 -1.3 17.9
    endloop
  endfacet
  facet normal -0 0 1
    outer loop
      vertex -42.8164 0.810536 17.9
      vertex -42.364 -1.17126 17.9
      vertex -42.364 1.17126 17.9
    endloop
  endfacet
  facet normal 0 0 1
    outer loop
      vertex -42.8164 0.810536 17.9
      vertex -42.8164 -0.810536 17.9
      vertex -42.364 -1.17126 17.9
    endloop
  endfacet
  facet normal -0 0 1
    outer loop
      vertex -43.0674 0.289277 17.9
      vertex -42.8164 -0.810536 17.9
      vertex -42.8164 0.810536 17.9
    endloop
  endfacet
  facet normal 0 0 1
    outer loop
      vertex -42.8164 -0.810536 17.9
      vertex -43.0674 0.289277 17.9
      vertex -43.0674 -0.289277 17.9
    endloop
  endfacet
  facet normal -0.222538 -0.974924 0
    outer loop
      vertex -41.8 1.3 17.9
      vertex -41.236 1.17126 26
      vertex -41.8 1.3 26
    endloop
  endfacet
  facet normal -0.222538 -0.974924 -0
    outer loop
      vertex -41.236 1.17126 26
      vertex -41.8 1.3 17.9
      vertex -41.236 1.17126 17.9
    endloop
  endfacet
  facet normal -0.623434 0.781876 0
    outer loop
      vertex -40.7836 -0.810536 17.9
      vertex -41.236 -1.17126 26
      vertex -40.7836 -0.810536 26
    endloop
  endfacet
  facet normal -0.623434 0.781876 0
    outer loop
      vertex -41.236 -1.17126 26
      vertex -40.7836 -0.810536 17.9
      vertex -41.236 -1.17126 17.9
    endloop
  endfacet
  facet normal 0.623434 0.781876 -0
    outer loop
      vertex -42.364 -1.17126 17.9
      vertex -42.8164 -0.810536 26
      vertex -42.364 -1.17126 26
    endloop
  endfacet
  facet normal 0.623434 0.781876 0
    outer loop
      vertex -42.8164 -0.810536 26
      vertex -42.364 -1.17126 17.9
      vertex -42.8164 -0.810536 17.9
    endloop
  endfacet
  facet normal -0.222538 0.974924 0
    outer loop
      vertex -41.236 -1.17126 17.9
      vertex -41.8 -1.3 26
      vertex -41.236 -1.17126 26
    endloop
  endfacet
  facet normal -0.222538 0.974924 0
    outer loop
      vertex -41.8 -1.3 26
      vertex -41.236 -1.17126 17.9
      vertex -41.8 -1.3 17.9
    endloop
  endfacet
  facet normal -0.988829 0.149052 0
    outer loop
      vertex 16.9112 -35.9009 8
      vertex 17.0003 -35.3098 26
      vertex 17.0003 -35.3098 8
    endloop
  endfacet
  facet normal -0.988829 0.149052 0
    outer loop
      vertex 17.0003 -35.3098 26
      vertex 16.9112 -35.9009 8
      vertex 16.9112 -35.9009 26
    endloop
  endfacet
  facet normal -0.733121 -0.680098 0
    outer loop
      vertex 18.1793 -39.1321 8
      vertex 17.7727 -38.6938 26
      vertex 17.7727 -38.6938 8
    endloop
  endfacet
  facet normal -0.733121 -0.680098 0
    outer loop
      vertex 17.7727 -38.6938 26
      vertex 18.1793 -39.1321 8
      vertex 18.1793 -39.1321 26
    endloop
  endfacet
  facet normal -0.826188 -0.563394 0
    outer loop
      vertex 17.7727 -38.6938 8
      vertex 17.4359 -38.1999 26
      vertex 17.4359 -38.1999 8
    endloop
  endfacet
  facet normal -0.826188 -0.563394 0
    outer loop
      vertex 17.4359 -38.1999 26
      vertex 17.7727 -38.6938 8
      vertex 17.7727 -38.6938 26
    endloop
  endfacet
  facet normal -0.62345 -0.781863 0
    outer loop
      vertex 18.1793 -39.1321 8
      vertex 18.6467 -39.5048 26
      vertex 18.1793 -39.1321 26
    endloop
  endfacet
  facet normal -0.62345 -0.781863 -0
    outer loop
      vertex 18.6467 -39.5048 26
      vertex 18.1793 -39.1321 8
      vertex 18.6467 -39.5048 8
    endloop
  endfacet
  facet normal -0.900985 -0.433851 0
    outer loop
      vertex 17.4359 -38.1999 8
      vertex 17.1765 -37.6612 26
      vertex 17.1765 -37.6612 8
    endloop
  endfacet
  facet normal -0.900985 -0.433851 0
    outer loop
      vertex 17.1765 -37.6612 26
      vertex 17.4359 -38.1999 8
      vertex 17.4359 -38.1999 26
    endloop
  endfacet
  facet normal -0.623552 0.781782 0
    outer loop
      vertex 18.6467 -32.8949 8
      vertex 18.1793 -33.2677 26
      vertex 18.6467 -32.8949 26
    endloop
  endfacet
  facet normal -0.623552 0.781782 0
    outer loop
      vertex 18.1793 -33.2677 26
      vertex 18.6467 -32.8949 8
      vertex 18.1793 -33.2677 8
    endloop
  endfacet
  facet normal 0.499935 0.866063 -0
    outer loop
      vertex 23.1533 -32.8949 8
      vertex 22.6355 -32.596 26
      vertex 23.1533 -32.8949 26
    endloop
  endfacet
  facet normal 0.499935 0.866063 0
    outer loop
      vertex 22.6355 -32.596 26
      vertex 23.1533 -32.8949 8
      vertex 22.6355 -32.596 8
    endloop
  endfacet
  facet normal -0.988829 -0.149052 0
    outer loop
      vertex 17.0003 -37.0899 8
      vertex 16.9112 -36.4988 26
      vertex 16.9112 -36.4988 8
    endloop
  endfacet
  facet normal -0.988829 -0.149052 0
    outer loop
      vertex 16.9112 -36.4988 26
      vertex 17.0003 -37.0899 8
      vertex 17.0003 -37.0899 26
    endloop
  endfacet
  facet normal -1 0 0
    outer loop
      vertex 16.9112 -36.4988 8
      vertex 16.9112 -35.9009 26
      vertex 16.9112 -35.9009 8
    endloop
  endfacet
  facet normal -1 -0 0
    outer loop
      vertex 16.9112 -35.9009 26
      vertex 16.9112 -36.4988 8
      vertex 16.9112 -36.4988 26
    endloop
  endfacet
  facet normal 0.955599 -0.294669 0
    outer loop
      vertex 24.64 -37.6078 26
      vertex 24.7997 -37.0899 8
      vertex 24.7997 -37.0899 26
    endloop
  endfacet
  facet normal 0.955599 -0.294669 0
    outer loop
      vertex 24.7997 -37.0899 8
      vertex 24.64 -37.6078 26
      vertex 24.64 -37.6078 8
    endloop
  endfacet
  facet normal -0.826241 0.563316 0
    outer loop
      vertex 17.4359 -34.1999 8
      vertex 17.7727 -33.7059 26
      vertex 17.7727 -33.7059 8
    endloop
  endfacet
  facet normal -0.826241 0.563316 0
    outer loop
      vertex 17.7727 -33.7059 26
      vertex 17.4359 -34.1999 8
      vertex 17.4359 -34.1999 26
    endloop
  endfacet
  facet normal 0.623552 0.781782 -0
    outer loop
      vertex 23.6207 -33.2677 8
      vertex 23.1533 -32.8949 26
      vertex 23.6207 -33.2677 26
    endloop
  endfacet
  facet normal 0.623552 0.781782 0
    outer loop
      vertex 23.1533 -32.8949 26
      vertex 23.6207 -33.2677 8
      vertex 23.1533 -32.8949 8
    endloop
  endfacet
  facet normal -0.733044 0.680182 0
    outer loop
      vertex 17.7727 -33.7059 8
      vertex 18.1793 -33.2677 26
      vertex 18.1793 -33.2677 8
    endloop
  endfacet
  facet normal -0.733044 0.680182 0
    outer loop
      vertex 18.1793 -33.2677 26
      vertex 17.7727 -33.7059 8
      vertex 17.7727 -33.7059 26
    endloop
  endfacet
  facet normal -0.222379 -0.97496 0
    outer loop
      vertex 19.721 -40.0222 8
      vertex 20.2493 -40.1427 26
      vertex 19.721 -40.0222 26
    endloop
  endfacet
  facet normal -0.222379 -0.97496 -0
    outer loop
      vertex 20.2493 -40.1427 26
      vertex 19.721 -40.0222 8
      vertex 20.2493 -40.1427 8
    endloop
  endfacet
  facet normal 0 0 -1
    outer loop
      vertex 22.5 -38.9711 8
      vertex 24.8888 -36.4988 8
      vertex 24.7997 -37.0899 8
    endloop
  endfacet
  facet normal -0 0 -1
    outer loop
      vertex 24.8888 -36.4988 8
      vertex 22.5 -38.9711 8
      vertex 24.8888 -35.9009 8
    endloop
  endfacet
  facet normal 0 0 -1
    outer loop
      vertex 22.5 -38.9711 8
      vertex 24.7997 -37.0899 8
      vertex 24.64 -37.6078 8
    endloop
  endfacet
  facet normal -0 0 -1
    outer loop
      vertex 24.8888 -35.9009 8
      vertex 22.5 -38.9711 8
      vertex 24.7997 -35.3098 8
    endloop
  endfacet
  facet normal -0 0 -1
    outer loop
      vertex 24.7997 -35.3098 8
      vertex 22.5 -38.9711 8
      vertex 24.6235 -34.7385 8
    endloop
  endfacet
  facet normal -0 0 -1
    outer loop
      vertex 24.6235 -34.7385 8
      vertex 22.5 -38.9711 8
      vertex 24.3641 -34.1999 8
    endloop
  endfacet
  facet normal -0 0 -1
    outer loop
      vertex 24.3641 -34.1999 8
      vertex 22.5 -38.9711 8
      vertex 24.0273 -33.7059 8
    endloop
  endfacet
  facet normal -0 0 -1
    outer loop
      vertex 24.0273 -33.7059 8
      vertex 22.5 -38.9711 8
      vertex 23.6207 -33.2677 8
    endloop
  endfacet
  facet normal -0 0 -1
    outer loop
      vertex 23.6207 -33.2677 8
      vertex 22.5 -38.9711 8
      vertex 23.1533 -32.8949 8
    endloop
  endfacet
  facet normal -0 0 -1
    outer loop
      vertex 23.1533 -32.8949 8
      vertex 22.5 -38.9711 8
      vertex 22.6355 -32.596 8
    endloop
  endfacet
  facet normal 0 0 -1
    outer loop
      vertex 22.5 -38.9711 8
      vertex 22.079 -32.3776 8
      vertex 22.6355 -32.596 8
    endloop
  endfacet
  facet normal 0 0 -1
    outer loop
      vertex 22.5 -38.9711 8
      vertex 21.4962 -32.2445 8
      vertex 22.079 -32.3776 8
    endloop
  endfacet
  facet normal 0 0 -1
    outer loop
      vertex 22.5 -38.9711 8
      vertex 20.9 -32.1999 8
      vertex 21.4962 -32.2445 8
    endloop
  endfacet
  facet normal 0 0 -1
    outer loop
      vertex 22.5 -38.9711 8
      vertex 20.3038 -32.2445 8
      vertex 20.9 -32.1999 8
    endloop
  endfacet
  facet normal 0 0 -1
    outer loop
      vertex 19.721 -40.0222 8
      vertex 22.5 -38.9711 8
      vertex 20.2493 -40.1427 8
    endloop
  endfacet
  facet normal 0 0 -1
    outer loop
      vertex 19.1645 -39.8037 8
      vertex 22.5 -38.9711 8
      vertex 19.721 -40.0222 8
    endloop
  endfacet
  facet normal 0 0 -1
    outer loop
      vertex 22.5 -38.9711 8
      vertex 19.721 -32.3776 8
      vertex 20.3038 -32.2445 8
    endloop
  endfacet
  facet normal 0 0 -1
    outer loop
      vertex 18.6467 -39.5048 8
      vertex 22.5 -38.9711 8
      vertex 19.1645 -39.8037 8
    endloop
  endfacet
  facet normal 0 0 -1
    outer loop
      vertex 22.5 -38.9711 8
      vertex 19.1645 -32.596 8
      vertex 19.721 -32.3776 8
    endloop
  endfacet
  facet normal 0 0 -1
    outer loop
      vertex 22.5 -38.9711 8
      vertex 18.6467 -32.8949 8
      vertex 19.1645 -32.596 8
    endloop
  endfacet
  facet normal 0 0 -1
    outer loop
      vertex 18.1793 -39.1321 8
      vertex 22.5 -38.9711 8
      vertex 18.6467 -39.5048 8
    endloop
  endfacet
  facet normal 0 0 -1
    outer loop
      vertex 17.7727 -38.6938 8
      vertex 22.5 -38.9711 8
      vertex 18.1793 -39.1321 8
    endloop
  endfacet
  facet normal 0 0 -1
    outer loop
      vertex 22.5 -38.9711 8
      vertex 18.1793 -33.2677 8
      vertex 18.6467 -32.8949 8
    endloop
  endfacet
  facet normal 0 0 -1
    outer loop
      vertex 17.4359 -38.1999 8
      vertex 22.5 -38.9711 8
      vertex 17.7727 -38.6938 8
    endloop
  endfacet
  facet normal 0 0 -1
    outer loop
      vertex 22.5 -38.9711 8
      vertex 17.7727 -33.7059 8
      vertex 18.1793 -33.2677 8
    endloop
  endfacet
  facet normal 0 0 -1
    outer loop
      vertex 17.1765 -37.6612 8
      vertex 22.5 -38.9711 8
      vertex 17.4359 -38.1999 8
    endloop
  endfacet
  facet normal 0 0 -1
    outer loop
      vertex 22.5 -38.9711 8
      vertex 17.4359 -34.1999 8
      vertex 17.7727 -33.7059 8
    endloop
  endfacet
  facet normal 0 0 -1
    outer loop
      vertex 17.0003 -37.0899 8
      vertex 22.5 -38.9711 8
      vertex 17.1765 -37.6612 8
    endloop
  endfacet
  facet normal 0 0 -1
    outer loop
      vertex 22.5 -38.9711 8
      vertex 17.1765 -34.7385 8
      vertex 17.4359 -34.1999 8
    endloop
  endfacet
  facet normal 0 0 -1
    outer loop
      vertex 16.9112 -36.4988 8
      vertex 22.5 -38.9711 8
      vertex 17.0003 -37.0899 8
    endloop
  endfacet
  facet normal 0 0 -1
    outer loop
      vertex 22.5 -38.9711 8
      vertex 17.0003 -35.3098 8
      vertex 17.1765 -34.7385 8
    endloop
  endfacet
  facet normal 0 0 -1
    outer loop
      vertex 22.5 -38.9711 8
      vertex 16.9112 -35.9009 8
      vertex 17.0003 -35.3098 8
    endloop
  endfacet
  facet normal 0 0 -1
    outer loop
      vertex 22.5 -38.9711 8
      vertex 16.9112 -36.4988 8
      vertex 16.9112 -35.9009 8
    endloop
  endfacet
  facet normal -0.499935 -0.866063 0
    outer loop
      vertex 18.6467 -39.5048 8
      vertex 19.1645 -39.8037 26
      vertex 18.6467 -39.5048 26
    endloop
  endfacet
  facet normal -0.499935 -0.866063 -0
    outer loop
      vertex 19.1645 -39.8037 26
      vertex 18.6467 -39.5048 8
      vertex 19.1645 -39.8037 8
    endloop
  endfacet
  facet normal 0.0745987 0.997214 -0
    outer loop
      vertex 21.4962 -32.2445 8
      vertex 20.9 -32.1999 26
      vertex 21.4962 -32.2445 26
    endloop
  endfacet
  facet normal 0.0745987 0.997214 0
    outer loop
      vertex 20.9 -32.1999 26
      vertex 21.4962 -32.2445 8
      vertex 20.9 -32.1999 8
    endloop
  endfacet
  facet normal -0.955584 0.29472 0
    outer loop
      vertex 17.0003 -35.3098 8
      vertex 17.1765 -34.7385 26
      vertex 17.1765 -34.7385 8
    endloop
  endfacet
  facet normal -0.955584 0.29472 0
    outer loop
      vertex 17.1765 -34.7385 26
      vertex 17.0003 -35.3098 8
      vertex 17.0003 -35.3098 26
    endloop
  endfacet
  facet normal -0.900953 0.433916 0
    outer loop
      vertex 17.1765 -34.7385 8
      vertex 17.4359 -34.1999 26
      vertex 17.4359 -34.1999 8
    endloop
  endfacet
  facet normal -0.900953 0.433916 0
    outer loop
      vertex 17.4359 -34.1999 26
      vertex 17.1765 -34.7385 8
      vertex 17.1765 -34.7385 26
    endloop
  endfacet
  facet normal -0.365471 -0.930823 0
    outer loop
      vertex 19.1645 -39.8037 8
      vertex 19.721 -40.0222 26
      vertex 19.1645 -39.8037 26
    endloop
  endfacet
  facet normal -0.365471 -0.930823 -0
    outer loop
      vertex 19.721 -40.0222 26
      vertex 19.1645 -39.8037 8
      vertex 19.721 -40.0222 8
    endloop
  endfacet
  facet normal -0.955584 -0.29472 0
    outer loop
      vertex 17.1765 -37.6612 8
      vertex 17.0003 -37.0899 26
      vertex 17.0003 -37.0899 8
    endloop
  endfacet
  facet normal -0.955584 -0.29472 0
    outer loop
      vertex 17.0003 -37.0899 26
      vertex 17.1765 -37.6612 8
      vertex 17.1765 -37.6612 26
    endloop
  endfacet
  facet normal -0.0745987 0.997214 0
    outer loop
      vertex 20.9 -32.1999 8
      vertex 20.3038 -32.2445 26
      vertex 20.9 -32.1999 26
    endloop
  endfacet
  facet normal -0.0745987 0.997214 0
    outer loop
      vertex 20.3038 -32.2445 26
      vertex 20.9 -32.1999 8
      vertex 20.3038 -32.2445 8
    endloop
  endfacet
  facet normal 0.365326 0.93088 -0
    outer loop
      vertex 22.6355 -32.596 8
      vertex 22.079 -32.3776 26
      vertex 22.6355 -32.596 26
    endloop
  endfacet
  facet normal 0.365326 0.93088 0
    outer loop
      vertex 22.079 -32.3776 26
      vertex 22.6355 -32.596 8
      vertex 22.079 -32.3776 8
    endloop
  endfacet
  facet normal 0.988829 0.149052 0
    outer loop
      vertex 24.8888 -35.9009 26
      vertex 24.7997 -35.3098 8
      vertex 24.7997 -35.3098 26
    endloop
  endfacet
  facet normal 0.988829 0.149052 0
    outer loop
      vertex 24.7997 -35.3098 8
      vertex 24.8888 -35.9009 26
      vertex 24.8888 -35.9009 8
    endloop
  endfacet
  facet normal 0.826241 0.563316 0
    outer loop
      vertex 24.3641 -34.1999 26
      vertex 24.0273 -33.7059 8
      vertex 24.0273 -33.7059 26
    endloop
  endfacet
  facet normal 0.826241 0.563316 0
    outer loop
      vertex 24.0273 -33.7059 8
      vertex 24.3641 -34.1999 26
      vertex 24.3641 -34.1999 8
    endloop
  endfacet
  facet normal 0.988829 -0.149052 0
    outer loop
      vertex 24.7997 -37.0899 26
      vertex 24.8888 -36.4988 8
      vertex 24.8888 -36.4988 26
    endloop
  endfacet
  facet normal 0.988829 -0.149052 0
    outer loop
      vertex 24.8888 -36.4988 8
      vertex 24.7997 -37.0899 26
      vertex 24.7997 -37.0899 8
    endloop
  endfacet
  facet normal -0.222648 0.974899 0
    outer loop
      vertex 20.3038 -32.2445 8
      vertex 19.721 -32.3776 26
      vertex 20.3038 -32.2445 26
    endloop
  endfacet
  facet normal -0.222648 0.974899 0
    outer loop
      vertex 19.721 -32.3776 26
      vertex 20.3038 -32.2445 8
      vertex 19.721 -32.3776 8
    endloop
  endfacet
  facet normal -0.365326 0.93088 0
    outer loop
      vertex 19.721 -32.3776 8
      vertex 19.1645 -32.596 26
      vertex 19.721 -32.3776 26
    endloop
  endfacet
  facet normal -0.365326 0.93088 0
    outer loop
      vertex 19.1645 -32.596 26
      vertex 19.721 -32.3776 8
      vertex 19.1645 -32.596 8
    endloop
  endfacet
  facet normal 0.900953 0.433916 0
    outer loop
      vertex 24.6235 -34.7385 26
      vertex 24.3641 -34.1999 8
      vertex 24.3641 -34.1999 26
    endloop
  endfacet
  facet normal 0.900953 0.433916 0
    outer loop
      vertex 24.3641 -34.1999 8
      vertex 24.6235 -34.7385 26
      vertex 24.6235 -34.7385 8
    endloop
  endfacet
  facet normal -0.499935 0.866063 0
    outer loop
      vertex 19.1645 -32.596 8
      vertex 18.6467 -32.8949 26
      vertex 19.1645 -32.596 26
    endloop
  endfacet
  facet normal -0.499935 0.866063 0
    outer loop
      vertex 18.6467 -32.8949 26
      vertex 19.1645 -32.596 8
      vertex 18.6467 -32.8949 8
    endloop
  endfacet
  facet normal 0.733044 0.680182 0
    outer loop
      vertex 24.0273 -33.7059 26
      vertex 23.6207 -33.2677 8
      vertex 23.6207 -33.2677 26
    endloop
  endfacet
  facet normal 0.733044 0.680182 0
    outer loop
      vertex 23.6207 -33.2677 8
      vertex 24.0273 -33.7059 26
      vertex 24.0273 -33.7059 8
    endloop
  endfacet
  facet normal 0.955584 0.29472 0
    outer loop
      vertex 24.7997 -35.3098 26
      vertex 24.6235 -34.7385 8
      vertex 24.6235 -34.7385 26
    endloop
  endfacet
  facet normal 0.955584 0.29472 0
    outer loop
      vertex 24.6235 -34.7385 8
      vertex 24.7997 -35.3098 26
      vertex 24.7997 -35.3098 8
    endloop
  endfacet
  facet normal 1 -0 0
    outer loop
      vertex 24.8888 -36.4988 26
      vertex 24.8888 -35.9009 8
      vertex 24.8888 -35.9009 26
    endloop
  endfacet
  facet normal 1 0 0
    outer loop
      vertex 24.8888 -35.9009 8
      vertex 24.8888 -36.4988 26
      vertex 24.8888 -36.4988 8
    endloop
  endfacet
  facet normal 0.222648 0.974899 -0
    outer loop
      vertex 22.079 -32.3776 8
      vertex 21.4962 -32.2445 26
      vertex 22.079 -32.3776 26
    endloop
  endfacet
  facet normal 0.222648 0.974899 0
    outer loop
      vertex 21.4962 -32.2445 26
      vertex 22.079 -32.3776 8
      vertex 21.4962 -32.2445 8
    endloop
  endfacet
  facet normal 0.0746611 -0.997209 0
    outer loop
      vertex 20.5168 -34.9576 17.9
      vertex 21.0938 -34.9144 26
      vertex 20.5168 -34.9576 26
    endloop
  endfacet
  facet normal 0.0746611 -0.997209 0
    outer loop
      vertex 21.0938 -34.9144 26
      vertex 20.5168 -34.9576 17.9
      vertex 21.0938 -34.9144 17.9
    endloop
  endfacet
  facet normal 0.365273 0.930901 -0
    outer loop
      vertex 20.7062 -37.4853 17.9
      vertex 20.1677 -37.274 26
      vertex 20.7062 -37.4853 26
    endloop
  endfacet
  facet normal 0.365273 0.930901 0
    outer loop
      vertex 20.1677 -37.274 26
      vertex 20.7062 -37.4853 17.9
      vertex 20.1677 -37.274 17.9
    endloop
  endfacet
  facet normal 0.733058 0.680166 0
    outer loop
      vertex 20.1677 -37.274 26
      vertex 19.7742 -36.8499 17.9
      vertex 19.7742 -36.8499 26
    endloop
  endfacet
  facet normal 0.733058 0.680166 0
    outer loop
      vertex 19.7742 -36.8499 17.9
      vertex 20.1677 -37.274 26
      vertex 20.1677 -37.274 17.9
    endloop
  endfacet
  facet normal -0.0746611 0.997209 0
    outer loop
      vertex 21.2832 -37.4421 17.9
      vertex 20.7062 -37.4853 26
      vertex 21.2832 -37.4421 26
    endloop
  endfacet
  facet normal -0.0746611 0.997209 0
    outer loop
      vertex 20.7062 -37.4853 26
      vertex 21.2832 -37.4421 17.9
      vertex 20.7062 -37.4853 17.9
    endloop
  endfacet
  facet normal 0.988813 -0.14916 0
    outer loop
      vertex 19.6036 -36.297 26
      vertex 19.6899 -35.7249 17.9
      vertex 19.6899 -35.7249 26
    endloop
  endfacet
  facet normal 0.988813 -0.14916 0
    outer loop
      vertex 19.6899 -35.7249 17.9
      vertex 19.6036 -36.297 26
      vertex 19.6036 -36.297 17.9
    endloop
  endfacet
  facet normal -0.500062 0.86599 0
    outer loop
      vertex 21.7842 -37.1528 17.9
      vertex 21.2832 -37.4421 26
      vertex 21.7842 -37.1528 26
    endloop
  endfacet
  facet normal -0.500062 0.86599 0
    outer loop
      vertex 21.2832 -37.4421 26
      vertex 21.7842 -37.1528 17.9
      vertex 21.2832 -37.4421 17.9
    endloop
  endfacet
  facet normal 0.826235 -0.563326 0
    outer loop
      vertex 19.6899 -35.7249 26
      vertex 20.0158 -35.2469 17.9
      vertex 20.0158 -35.2469 26
    endloop
  endfacet
  facet normal 0.826235 -0.563326 0
    outer loop
      vertex 20.0158 -35.2469 17.9
      vertex 19.6899 -35.7249 26
      vertex 19.6899 -35.7249 17.9
    endloop
  endfacet
  facet normal -0.955532 -0.294887 0
    outer loop
      vertex 22.1964 -36.1027 17.9
      vertex 22.0258 -35.5499 26
      vertex 22.0258 -35.5499 17.9
    endloop
  endfacet
  facet normal -0.955532 -0.294887 0
    outer loop
      vertex 22.0258 -35.5499 26
      vertex 22.1964 -36.1027 17.9
      vertex 22.1964 -36.1027 26
    endloop
  endfacet
  facet normal 0.500062 -0.86599 0
    outer loop
      vertex 20.0158 -35.2469 17.9
      vertex 20.5168 -34.9576 26
      vertex 20.0158 -35.2469 26
    endloop
  endfacet
  facet normal 0.500062 -0.86599 0
    outer loop
      vertex 20.5168 -34.9576 26
      vertex 20.0158 -35.2469 17.9
      vertex 20.5168 -34.9576 17.9
    endloop
  endfacet
  facet normal -0.826235 0.563326 0
    outer loop
      vertex 21.7842 -37.1528 17.9
      vertex 22.1101 -36.6748 26
      vertex 22.1101 -36.6748 17.9
    endloop
  endfacet
  facet normal -0.826235 0.563326 0
    outer loop
      vertex 22.1101 -36.6748 26
      vertex 21.7842 -37.1528 17.9
      vertex 21.7842 -37.1528 26
    endloop
  endfacet
  facet normal 0 0 1
    outer loop
      vertex 22.0258 -35.5499 17.9
      vertex 22.1101 -36.6748 17.9
      vertex 22.1964 -36.1027 17.9
    endloop
  endfacet
  facet normal 0 0 1
    outer loop
      vertex 22.0258 -35.5499 17.9
      vertex 21.7842 -37.1528 17.9
      vertex 22.1101 -36.6748 17.9
    endloop
  endfacet
  facet normal 0 0 1
    outer loop
      vertex 21.6323 -35.1258 17.9
      vertex 21.7842 -37.1528 17.9
      vertex 22.0258 -35.5499 17.9
    endloop
  endfacet
  facet normal 0 0 1
    outer loop
      vertex 21.6323 -35.1258 17.9
      vertex 21.2832 -37.4421 17.9
      vertex 21.7842 -37.1528 17.9
    endloop
  endfacet
  facet normal 0 0 1
    outer loop
      vertex 21.0938 -34.9144 17.9
      vertex 21.2832 -37.4421 17.9
      vertex 21.6323 -35.1258 17.9
    endloop
  endfacet
  facet normal 0 0 1
    outer loop
      vertex 21.0938 -34.9144 17.9
      vertex 20.7062 -37.4853 17.9
      vertex 21.2832 -37.4421 17.9
    endloop
  endfacet
  facet normal -0 0 1
    outer loop
      vertex 20.5168 -34.9576 17.9
      vertex 20.7062 -37.4853 17.9
      vertex 21.0938 -34.9144 17.9
    endloop
  endfacet
  facet normal 0 0 1
    outer loop
      vertex 20.5168 -34.9576 17.9
      vertex 20.1677 -37.274 17.9
      vertex 20.7062 -37.4853 17.9
    endloop
  endfacet
  facet normal -0 0 1
    outer loop
      vertex 20.0158 -35.2469 17.9
      vertex 20.1677 -37.274 17.9
      vertex 20.5168 -34.9576 17.9
    endloop
  endfacet
  facet normal 0 0 1
    outer loop
      vertex 20.0158 -35.2469 17.9
      vertex 19.7742 -36.8499 17.9
      vertex 20.1677 -37.274 17.9
    endloop
  endfacet
  facet normal -0 0 1
    outer loop
      vertex 19.6899 -35.7249 17.9
      vertex 19.7742 -36.8499 17.9
      vertex 20.0158 -35.2469 17.9
    endloop
  endfacet
  facet normal 0 0 1
    outer loop
      vertex 19.7742 -36.8499 17.9
      vertex 19.6899 -35.7249 17.9
      vertex 19.6036 -36.297 17.9
    endloop
  endfacet
  facet normal 0.955547 0.294839 0
    outer loop
      vertex 19.7742 -36.8499 26
      vertex 19.6036 -36.297 17.9
      vertex 19.6036 -36.297 26
    endloop
  endfacet
  facet normal 0.955547 0.294839 0
    outer loop
      vertex 19.6036 -36.297 17.9
      vertex 19.7742 -36.8499 26
      vertex 19.7742 -36.8499 17.9
    endloop
  endfacet
  facet normal -0.365422 -0.930842 0
    outer loop
      vertex 21.0938 -34.9144 17.9
      vertex 21.6323 -35.1258 26
      vertex 21.0938 -34.9144 26
    endloop
  endfacet
  facet normal -0.365422 -0.930842 -0
    outer loop
      vertex 21.6323 -35.1258 26
      vertex 21.0938 -34.9144 17.9
      vertex 21.6323 -35.1258 17.9
    endloop
  endfacet
  facet normal -0.988813 0.14916 0
    outer loop
      vertex 22.1101 -36.6748 17.9
      vertex 22.1964 -36.1027 26
      vertex 22.1964 -36.1027 17.9
    endloop
  endfacet
  facet normal -0.988813 0.14916 0
    outer loop
      vertex 22.1964 -36.1027 26
      vertex 22.1101 -36.6748 17.9
      vertex 22.1101 -36.6748 26
    endloop
  endfacet
  facet normal -0.733058 -0.680166 0
    outer loop
      vertex 22.0258 -35.5499 17.9
      vertex 21.6323 -35.1258 26
      vertex 21.6323 -35.1258 17.9
    endloop
  endfacet
  facet normal -0.733058 -0.680166 0
    outer loop
      vertex 21.6323 -35.1258 26
      vertex 22.0258 -35.5499 17.9
      vertex 22.0258 -35.5499 26
    endloop
  endfacet
  facet normal 0.365326 -0.93088 0
    outer loop
      vertex 22.079 32.3776 8
      vertex 22.6355 32.596 26
      vertex 22.079 32.3776 26
    endloop
  endfacet
  facet normal 0.365326 -0.93088 0
    outer loop
      vertex 22.6355 32.596 26
      vertex 22.079 32.3776 8
      vertex 22.6355 32.596 8
    endloop
  endfacet
  facet normal 0.955584 -0.29472 0
    outer loop
      vertex 24.6235 34.7385 26
      vertex 24.7997 35.3098 8
      vertex 24.7997 35.3098 26
    endloop
  endfacet
  facet normal 0.955584 -0.29472 0
    outer loop
      vertex 24.7997 35.3098 8
      vertex 24.6235 34.7385 26
      vertex 24.6235 34.7385 8
    endloop
  endfacet
  facet normal 0.900953 -0.433916 0
    outer loop
      vertex 24.3641 34.1999 26
      vertex 24.6235 34.7385 8
      vertex 24.6235 34.7385 26
    endloop
  endfacet
  facet normal 0.900953 -0.433916 0
    outer loop
      vertex 24.6235 34.7385 8
      vertex 24.3641 34.1999 26
      vertex 24.3641 34.1999 8
    endloop
  endfacet
  facet normal 0.988829 -0.149052 0
    outer loop
      vertex 24.7997 35.3098 26
      vertex 24.8888 35.9009 8
      vertex 24.8888 35.9009 26
    endloop
  endfacet
  facet normal 0.988829 -0.149052 0
    outer loop
      vertex 24.8888 35.9009 8
      vertex 24.7997 35.3098 26
      vertex 24.7997 35.3098 8
    endloop
  endfacet
  facet normal 0.826241 -0.563316 0
    outer loop
      vertex 24.0273 33.7059 26
      vertex 24.3641 34.1999 8
      vertex 24.3641 34.1999 26
    endloop
  endfacet
  facet normal 0.826241 -0.563316 0
    outer loop
      vertex 24.3641 34.1999 8
      vertex 24.0273 33.7059 26
      vertex 24.0273 33.7059 8
    endloop
  endfacet
  facet normal -0.365326 -0.93088 0
    outer loop
      vertex 19.1645 32.596 8
      vertex 19.721 32.3776 26
      vertex 19.1645 32.596 26
    endloop
  endfacet
  facet normal -0.365326 -0.93088 -0
    outer loop
      vertex 19.721 32.3776 26
      vertex 19.1645 32.596 8
      vertex 19.721 32.3776 8
    endloop
  endfacet
  facet normal -1 0 0
    outer loop
      vertex 16.9112 35.9009 8
      vertex 16.9112 36.4988 26
      vertex 16.9112 36.4988 8
    endloop
  endfacet
  facet normal -1 -0 0
    outer loop
      vertex 16.9112 36.4988 26
      vertex 16.9112 35.9009 8
      vertex 16.9112 35.9009 26
    endloop
  endfacet
  facet normal 0.623552 -0.781782 0
    outer loop
      vertex 23.1533 32.8949 8
      vertex 23.6207 33.2677 26
      vertex 23.1533 32.8949 26
    endloop
  endfacet
  facet normal 0.623552 -0.781782 0
    outer loop
      vertex 23.6207 33.2677 26
      vertex 23.1533 32.8949 8
      vertex 23.6207 33.2677 8
    endloop
  endfacet
  facet normal 0.499935 -0.866063 0
    outer loop
      vertex 22.6355 32.596 8
      vertex 23.1533 32.8949 26
      vertex 22.6355 32.596 26
    endloop
  endfacet
  facet normal 0.499935 -0.866063 0
    outer loop
      vertex 23.1533 32.8949 26
      vertex 22.6355 32.596 8
      vertex 23.1533 32.8949 8
    endloop
  endfacet
  facet normal -0.222379 0.97496 0
    outer loop
      vertex 20.2493 40.1427 8
      vertex 19.721 40.0222 26
      vertex 20.2493 40.1427 26
    endloop
  endfacet
  facet normal -0.222379 0.97496 0
    outer loop
      vertex 19.721 40.0222 26
      vertex 20.2493 40.1427 8
      vertex 19.721 40.0222 8
    endloop
  endfacet
  facet normal -0.0745987 -0.997214 0
    outer loop
      vertex 20.3038 32.2445 8
      vertex 20.9 32.1999 26
      vertex 20.3038 32.2445 26
    endloop
  endfacet
  facet normal -0.0745987 -0.997214 -0
    outer loop
      vertex 20.9 32.1999 26
      vertex 20.3038 32.2445 8
      vertex 20.9 32.1999 8
    endloop
  endfacet
  facet normal -0.988829 0.149052 0
    outer loop
      vertex 16.9112 36.4988 8
      vertex 17.0003 37.0899 26
      vertex 17.0003 37.0899 8
    endloop
  endfacet
  facet normal -0.988829 0.149052 0
    outer loop
      vertex 17.0003 37.0899 26
      vertex 16.9112 36.4988 8
      vertex 16.9112 36.4988 26
    endloop
  endfacet
  facet normal -0.222648 -0.974899 0
    outer loop
      vertex 19.721 32.3776 8
      vertex 20.3038 32.2445 26
      vertex 19.721 32.3776 26
    endloop
  endfacet
  facet normal -0.222648 -0.974899 -0
    outer loop
      vertex 20.3038 32.2445 26
      vertex 19.721 32.3776 8
      vertex 20.3038 32.2445 8
    endloop
  endfacet
  facet normal 0.955599 0.294669 0
    outer loop
      vertex 24.7997 37.0899 26
      vertex 24.64 37.6078 8
      vertex 24.64 37.6078 26
    endloop
  endfacet
  facet normal 0.955599 0.294669 0
    outer loop
      vertex 24.64 37.6078 8
      vertex 24.7997 37.0899 26
      vertex 24.7997 37.0899 8
    endloop
  endfacet
  facet normal 0 0 -1
    outer loop
      vertex 22.5 38.9711 8
      vertex 24.8888 35.9009 8
      vertex 24.7997 35.3098 8
    endloop
  endfacet
  facet normal 0 0 -1
    outer loop
      vertex 24.8888 35.9009 8
      vertex 22.5 38.9711 8
      vertex 24.8888 36.4988 8
    endloop
  endfacet
  facet normal 0 0 -1
    outer loop
      vertex 24.8888 36.4988 8
      vertex 22.5 38.9711 8
      vertex 24.7997 37.0899 8
    endloop
  endfacet
  facet normal 0 0 -1
    outer loop
      vertex 22.5 38.9711 8
      vertex 24.7997 35.3098 8
      vertex 24.6235 34.7385 8
    endloop
  endfacet
  facet normal 0 0 -1
    outer loop
      vertex 22.5 38.9711 8
      vertex 24.6235 34.7385 8
      vertex 24.3641 34.1999 8
    endloop
  endfacet
  facet normal 0 0 -1
    outer loop
      vertex 22.5 38.9711 8
      vertex 24.3641 34.1999 8
      vertex 24.0273 33.7059 8
    endloop
  endfacet
  facet normal 0 0 -1
    outer loop
      vertex 22.5 38.9711 8
      vertex 24.0273 33.7059 8
      vertex 23.6207 33.2677 8
    endloop
  endfacet
  facet normal 0 0 -1
    outer loop
      vertex 22.5 38.9711 8
      vertex 23.6207 33.2677 8
      vertex 23.1533 32.8949 8
    endloop
  endfacet
  facet normal 0 0 -1
    outer loop
      vertex 22.5 38.9711 8
      vertex 23.1533 32.8949 8
      vertex 22.6355 32.596 8
    endloop
  endfacet
  facet normal 0 0 -1
    outer loop
      vertex 24.7997 37.0899 8
      vertex 22.5 38.9711 8
      vertex 24.64 37.6078 8
    endloop
  endfacet
  facet normal 0 0 -1
    outer loop
      vertex 22.079 32.3776 8
      vertex 22.5 38.9711 8
      vertex 22.6355 32.596 8
    endloop
  endfacet
  facet normal 0 0 -1
    outer loop
      vertex 21.4962 32.2445 8
      vertex 22.5 38.9711 8
      vertex 22.079 32.3776 8
    endloop
  endfacet
  facet normal 0 0 -1
    outer loop
      vertex 20.9 32.1999 8
      vertex 22.5 38.9711 8
      vertex 21.4962 32.2445 8
    endloop
  endfacet
  facet normal 0 0 -1
    outer loop
      vertex 20.3038 32.2445 8
      vertex 22.5 38.9711 8
      vertex 20.9 32.1999 8
    endloop
  endfacet
  facet normal 0 0 -1
    outer loop
      vertex 19.721 32.3776 8
      vertex 22.5 38.9711 8
      vertex 20.3038 32.2445 8
    endloop
  endfacet
  facet normal 0 0 -1
    outer loop
      vertex 19.1645 32.596 8
      vertex 22.5 38.9711 8
      vertex 19.721 32.3776 8
    endloop
  endfacet
  facet normal 0 0 -1
    outer loop
      vertex 22.5 38.9711 8
      vertex 19.721 40.0222 8
      vertex 20.2493 40.1427 8
    endloop
  endfacet
  facet normal 0 0 -1
    outer loop
      vertex 18.6467 32.8949 8
      vertex 22.5 38.9711 8
      vertex 19.1645 32.596 8
    endloop
  endfacet
  facet normal 0 0 -1
    outer loop
      vertex 22.5 38.9711 8
      vertex 19.1645 39.8037 8
      vertex 19.721 40.0222 8
    endloop
  endfacet
  facet normal 0 0 -1
    outer loop
      vertex 18.1793 33.2677 8
      vertex 22.5 38.9711 8
      vertex 18.6467 32.8949 8
    endloop
  endfacet
  facet normal 0 0 -1
    outer loop
      vertex 22.5 38.9711 8
      vertex 18.6467 39.5048 8
      vertex 19.1645 39.8037 8
    endloop
  endfacet
  facet normal 0 0 -1
    outer loop
      vertex 17.7727 33.7059 8
      vertex 22.5 38.9711 8
      vertex 18.1793 33.2677 8
    endloop
  endfacet
  facet normal 0 0 -1
    outer loop
      vertex 22.5 38.9711 8
      vertex 18.1793 39.1321 8
      vertex 18.6467 39.5048 8
    endloop
  endfacet
  facet normal 0 0 -1
    outer loop
      vertex 17.4359 34.1999 8
      vertex 22.5 38.9711 8
      vertex 17.7727 33.7059 8
    endloop
  endfacet
  facet normal -0 0 -1
    outer loop
      vertex 22.5 38.9711 8
      vertex 17.7727 38.6938 8
      vertex 18.1793 39.1321 8
    endloop
  endfacet
  facet normal 0 0 -1
    outer loop
      vertex 17.1765 34.7385 8
      vertex 22.5 38.9711 8
      vertex 17.4359 34.1999 8
    endloop
  endfacet
  facet normal 0 0 -1
    outer loop
      vertex 22.5 38.9711 8
      vertex 17.4359 38.1999 8
      vertex 17.7727 38.6938 8
    endloop
  endfacet
  facet normal 0 0 -1
    outer loop
      vertex 17.0003 35.3098 8
      vertex 22.5 38.9711 8
      vertex 17.1765 34.7385 8
    endloop
  endfacet
  facet normal 0 0 -1
    outer loop
      vertex 22.5 38.9711 8
      vertex 17.1765 37.6612 8
      vertex 17.4359 38.1999 8
    endloop
  endfacet
  facet normal 0 0 -1
    outer loop
      vertex 22.5 38.9711 8
      vertex 17.0003 37.0899 8
      vertex 17.1765 37.6612 8
    endloop
  endfacet
  facet normal 0 0 -1
    outer loop
      vertex 16.9112 35.9009 8
      vertex 22.5 38.9711 8
      vertex 17.0003 35.3098 8
    endloop
  endfacet
  facet normal 0 0 -1
    outer loop
      vertex 16.9112 36.4988 8
      vertex 22.5 38.9711 8
      vertex 16.9112 35.9009 8
    endloop
  endfacet
  facet normal 0 0 -1
    outer loop
      vertex 22.5 38.9711 8
      vertex 16.9112 36.4988 8
      vertex 17.0003 37.0899 8
    endloop
  endfacet
  facet normal 1 -0 0
    outer loop
      vertex 24.8888 35.9009 26
      vertex 24.8888 36.4988 8
      vertex 24.8888 36.4988 26
    endloop
  endfacet
  facet normal 1 0 0
    outer loop
      vertex 24.8888 36.4988 8
      vertex 24.8888 35.9009 26
      vertex 24.8888 35.9009 8
    endloop
  endfacet
  facet normal -0.900953 -0.433916 0
    outer loop
      vertex 17.4359 34.1999 8
      vertex 17.1765 34.7385 26
      vertex 17.1765 34.7385 8
    endloop
  endfacet
  facet normal -0.900953 -0.433916 0
    outer loop
      vertex 17.1765 34.7385 26
      vertex 17.4359 34.1999 8
      vertex 17.4359 34.1999 26
    endloop
  endfacet
  facet normal 0.222648 -0.974899 0
    outer loop
      vertex 21.4962 32.2445 8
      vertex 22.079 32.3776 26
      vertex 21.4962 32.2445 26
    endloop
  endfacet
  facet normal 0.222648 -0.974899 0
    outer loop
      vertex 22.079 32.3776 26
      vertex 21.4962 32.2445 8
      vertex 22.079 32.3776 8
    endloop
  endfacet
  facet normal 0.0745987 -0.997214 0
    outer loop
      vertex 20.9 32.1999 8
      vertex 21.4962 32.2445 26
      vertex 20.9 32.1999 26
    endloop
  endfacet
  facet normal 0.0745987 -0.997214 0
    outer loop
      vertex 21.4962 32.2445 26
      vertex 20.9 32.1999 8
      vertex 21.4962 32.2445 8
    endloop
  endfacet
  facet normal 0.988829 0.149052 0
    outer loop
      vertex 24.8888 36.4988 26
      vertex 24.7997 37.0899 8
      vertex 24.7997 37.0899 26
    endloop
  endfacet
  facet normal 0.988829 0.149052 0
    outer loop
      vertex 24.7997 37.0899 8
      vertex 24.8888 36.4988 26
      vertex 24.8888 36.4988 8
    endloop
  endfacet
  facet normal 0.733044 -0.680182 0
    outer loop
      vertex 23.6207 33.2677 26
      vertex 24.0273 33.7059 8
      vertex 24.0273 33.7059 26
    endloop
  endfacet
  facet normal 0.733044 -0.680182 0
    outer loop
      vertex 24.0273 33.7059 8
      vertex 23.6207 33.2677 26
      vertex 23.6207 33.2677 8
    endloop
  endfacet
  facet normal -0.826241 -0.563316 0
    outer loop
      vertex 17.7727 33.7059 8
      vertex 17.4359 34.1999 26
      vertex 17.4359 34.1999 8
    endloop
  endfacet
  facet normal -0.826241 -0.563316 0
    outer loop
      vertex 17.4359 34.1999 26
      vertex 17.7727 33.7059 8
      vertex 17.7727 33.7059 26
    endloop
  endfacet
  facet normal -0.988829 -0.149052 0
    outer loop
      vertex 17.0003 35.3098 8
      vertex 16.9112 35.9009 26
      vertex 16.9112 35.9009 8
    endloop
  endfacet
  facet normal -0.988829 -0.149052 0
    outer loop
      vertex 16.9112 35.9009 26
      vertex 17.0003 35.3098 8
      vertex 17.0003 35.3098 26
    endloop
  endfacet
  facet normal -0.62345 0.781863 0
    outer loop
      vertex 18.6467 39.5048 8
      vertex 18.1793 39.1321 26
      vertex 18.6467 39.5048 26
    endloop
  endfacet
  facet normal -0.62345 0.781863 0
    outer loop
      vertex 18.1793 39.1321 26
      vertex 18.6467 39.5048 8
      vertex 18.1793 39.1321 8
    endloop
  endfacet
  facet normal -0.900985 0.433851 0
    outer loop
      vertex 17.1765 37.6612 8
      vertex 17.4359 38.1999 26
      vertex 17.4359 38.1999 8
    endloop
  endfacet
  facet normal -0.900985 0.433851 0
    outer loop
      vertex 17.4359 38.1999 26
      vertex 17.1765 37.6612 8
      vertex 17.1765 37.6612 26
    endloop
  endfacet
  facet normal -0.365471 0.930823 0
    outer loop
      vertex 19.721 40.0222 8
      vertex 19.1645 39.8037 26
      vertex 19.721 40.0222 26
    endloop
  endfacet
  facet normal -0.365471 0.930823 0
    outer loop
      vertex 19.1645 39.8037 26
      vertex 19.721 40.0222 8
      vertex 19.1645 39.8037 8
    endloop
  endfacet
  facet normal -0.733044 -0.680182 0
    outer loop
      vertex 18.1793 33.2677 8
      vertex 17.7727 33.7059 26
      vertex 17.7727 33.7059 8
    endloop
  endfacet
  facet normal -0.733044 -0.680182 0
    outer loop
      vertex 17.7727 33.7059 26
      vertex 18.1793 33.2677 8
      vertex 18.1793 33.2677 26
    endloop
  endfacet
  facet normal -0.623552 -0.781782 0
    outer loop
      vertex 18.1793 33.2677 8
      vertex 18.6467 32.8949 26
      vertex 18.1793 33.2677 26
    endloop
  endfacet
  facet normal -0.623552 -0.781782 -0
    outer loop
      vertex 18.6467 32.8949 26
      vertex 18.1793 33.2677 8
      vertex 18.6467 32.8949 8
    endloop
  endfacet
  facet normal -0.826188 0.563394 0
    outer loop
      vertex 17.4359 38.1999 8
      vertex 17.7727 38.6938 26
      vertex 17.7727 38.6938 8
    endloop
  endfacet
  facet normal -0.826188 0.563394 0
    outer loop
      vertex 17.7727 38.6938 26
      vertex 17.4359 38.1999 8
      vertex 17.4359 38.1999 26
    endloop
  endfacet
  facet normal -0.499935 -0.866063 0
    outer loop
      vertex 18.6467 32.8949 8
      vertex 19.1645 32.596 26
      vertex 18.6467 32.8949 26
    endloop
  endfacet
  facet normal -0.499935 -0.866063 -0
    outer loop
      vertex 19.1645 32.596 26
      vertex 18.6467 32.8949 8
      vertex 19.1645 32.596 8
    endloop
  endfacet
  facet normal -0.955584 0.29472 0
    outer loop
      vertex 17.0003 37.0899 8
      vertex 17.1765 37.6612 26
      vertex 17.1765 37.6612 8
    endloop
  endfacet
  facet normal -0.955584 0.29472 0
    outer loop
      vertex 17.1765 37.6612 26
      vertex 17.0003 37.0899 8
      vertex 17.0003 37.0899 26
    endloop
  endfacet
  facet normal -0.733121 0.680098 0
    outer loop
      vertex 17.7727 38.6938 8
      vertex 18.1793 39.1321 26
      vertex 18.1793 39.1321 8
    endloop
  endfacet
  facet normal -0.733121 0.680098 0
    outer loop
      vertex 18.1793 39.1321 26
      vertex 17.7727 38.6938 8
      vertex 17.7727 38.6938 26
    endloop
  endfacet
  facet normal -0.499935 0.866063 0
    outer loop
      vertex 19.1645 39.8037 8
      vertex 18.6467 39.5048 26
      vertex 19.1645 39.8037 26
    endloop
  endfacet
  facet normal -0.499935 0.866063 0
    outer loop
      vertex 18.6467 39.5048 26
      vertex 19.1645 39.8037 8
      vertex 18.6467 39.5048 8
    endloop
  endfacet
  facet normal -0.955584 -0.29472 0
    outer loop
      vertex 17.1765 34.7385 8
      vertex 17.0003 35.3098 26
      vertex 17.0003 35.3098 8
    endloop
  endfacet
  facet normal -0.955584 -0.29472 0
    outer loop
      vertex 17.0003 35.3098 26
      vertex 17.1765 34.7385 8
      vertex 17.1765 34.7385 26
    endloop
  endfacet
  facet normal 0.826235 0.563326 0
    outer loop
      vertex 20.0158 35.2469 26
      vertex 19.6899 35.7249 17.9
      vertex 19.6899 35.7249 26
    endloop
  endfacet
  facet normal 0.826235 0.563326 0
    outer loop
      vertex 19.6899 35.7249 17.9
      vertex 20.0158 35.2469 26
      vertex 20.0158 35.2469 17.9
    endloop
  endfacet
  facet normal -0.988813 -0.14916 0
    outer loop
      vertex 22.1964 36.1027 17.9
      vertex 22.1101 36.6748 26
      vertex 22.1101 36.6748 17.9
    endloop
  endfacet
  facet normal -0.988813 -0.14916 0
    outer loop
      vertex 22.1101 36.6748 26
      vertex 22.1964 36.1027 17.9
      vertex 22.1964 36.1027 26
    endloop
  endfacet
  facet normal -0.955532 0.294887 0
    outer loop
      vertex 22.0258 35.5499 17.9
      vertex 22.1964 36.1027 26
      vertex 22.1964 36.1027 17.9
    endloop
  endfacet
  facet normal -0.955532 0.294887 0
    outer loop
      vertex 22.1964 36.1027 26
      vertex 22.0258 35.5499 17.9
      vertex 22.0258 35.5499 26
    endloop
  endfacet
  facet normal -0.826235 -0.563326 0
    outer loop
      vertex 22.1101 36.6748 17.9
      vertex 21.7842 37.1528 26
      vertex 21.7842 37.1528 17.9
    endloop
  endfacet
  facet normal -0.826235 -0.563326 0
    outer loop
      vertex 21.7842 37.1528 26
      vertex 22.1101 36.6748 17.9
      vertex 22.1101 36.6748 26
    endloop
  endfacet
  facet normal -0.365422 0.930842 0
    outer loop
      vertex 21.6323 35.1258 17.9
      vertex 21.0938 34.9144 26
      vertex 21.6323 35.1258 26
    endloop
  endfacet
  facet normal -0.365422 0.930842 0
    outer loop
      vertex 21.0938 34.9144 26
      vertex 21.6323 35.1258 17.9
      vertex 21.0938 34.9144 17.9
    endloop
  endfacet
  facet normal -0.500062 -0.86599 0
    outer loop
      vertex 21.2832 37.4421 17.9
      vertex 21.7842 37.1528 26
      vertex 21.2832 37.4421 26
    endloop
  endfacet
  facet normal -0.500062 -0.86599 -0
    outer loop
      vertex 21.7842 37.1528 26
      vertex 21.2832 37.4421 17.9
      vertex 21.7842 37.1528 17.9
    endloop
  endfacet
  facet normal 0.0746611 0.997209 -0
    outer loop
      vertex 21.0938 34.9144 17.9
      vertex 20.5168 34.9576 26
      vertex 21.0938 34.9144 26
    endloop
  endfacet
  facet normal 0.0746611 0.997209 0
    outer loop
      vertex 20.5168 34.9576 26
      vertex 21.0938 34.9144 17.9
      vertex 20.5168 34.9576 17.9
    endloop
  endfacet
  facet normal 0.733058 -0.680166 0
    outer loop
      vertex 19.7742 36.8499 26
      vertex 20.1677 37.274 17.9
      vertex 20.1677 37.274 26
    endloop
  endfacet
  facet normal 0.733058 -0.680166 0
    outer loop
      vertex 20.1677 37.274 17.9
      vertex 19.7742 36.8499 26
      vertex 19.7742 36.8499 17.9
    endloop
  endfacet
  facet normal 0.500062 0.86599 -0
    outer loop
      vertex 20.5168 34.9576 17.9
      vertex 20.0158 35.2469 26
      vertex 20.5168 34.9576 26
    endloop
  endfacet
  facet normal 0.500062 0.86599 0
    outer loop
      vertex 20.0158 35.2469 26
      vertex 20.5168 34.9576 17.9
      vertex 20.0158 35.2469 17.9
    endloop
  endfacet
  facet normal -0.0746611 -0.997209 0
    outer loop
      vertex 20.7062 37.4853 17.9
      vertex 21.2832 37.4421 26
      vertex 20.7062 37.4853 26
    endloop
  endfacet
  facet normal -0.0746611 -0.997209 -0
    outer loop
      vertex 21.2832 37.4421 26
      vertex 20.7062 37.4853 17.9
      vertex 21.2832 37.4421 17.9
    endloop
  endfacet
  facet normal 0 0 1
    outer loop
      vertex 22.1101 36.6748 17.9
      vertex 22.0258 35.5499 17.9
      vertex 22.1964 36.1027 17.9
    endloop
  endfacet
  facet normal 0 0 1
    outer loop
      vertex 21.7842 37.1528 17.9
      vertex 22.0258 35.5499 17.9
      vertex 22.1101 36.6748 17.9
    endloop
  endfacet
  facet normal 0 0 1
    outer loop
      vertex 21.7842 37.1528 17.9
      vertex 21.6323 35.1258 17.9
      vertex 22.0258 35.5499 17.9
    endloop
  endfacet
  facet normal 0 0 1
    outer loop
      vertex 21.2832 37.4421 17.9
      vertex 21.6323 35.1258 17.9
      vertex 21.7842 37.1528 17.9
    endloop
  endfacet
  facet normal 0 0 1
    outer loop
      vertex 21.2832 37.4421 17.9
      vertex 21.0938 34.9144 17.9
      vertex 21.6323 35.1258 17.9
    endloop
  endfacet
  facet normal 0 0 1
    outer loop
      vertex 20.7062 37.4853 17.9
      vertex 21.0938 34.9144 17.9
      vertex 21.2832 37.4421 17.9
    endloop
  endfacet
  facet normal 0 0 1
    outer loop
      vertex 20.7062 37.4853 17.9
      vertex 20.5168 34.9576 17.9
      vertex 21.0938 34.9144 17.9
    endloop
  endfacet
  facet normal -0 0 1
    outer loop
      vertex 20.1677 37.274 17.9
      vertex 20.5168 34.9576 17.9
      vertex 20.7062 37.4853 17.9
    endloop
  endfacet
  facet normal 0 0 1
    outer loop
      vertex 20.1677 37.274 17.9
      vertex 20.0158 35.2469 17.9
      vertex 20.5168 34.9576 17.9
    endloop
  endfacet
  facet normal -0 0 1
    outer loop
      vertex 19.7742 36.8499 17.9
      vertex 20.0158 35.2469 17.9
      vertex 20.1677 37.274 17.9
    endloop
  endfacet
  facet normal 0 0 1
    outer loop
      vertex 19.7742 36.8499 17.9
      vertex 19.6899 35.7249 17.9
      vertex 20.0158 35.2469 17.9
    endloop
  endfacet
  facet normal 0 -0 1
    outer loop
      vertex 19.6899 35.7249 17.9
      vertex 19.7742 36.8499 17.9
      vertex 19.6036 36.297 17.9
    endloop
  endfacet
  facet normal -0.733058 0.680166 0
    outer loop
      vertex 21.6323 35.1258 17.9
      vertex 22.0258 35.5499 26
      vertex 22.0258 35.5499 17.9
    endloop
  endfacet
  facet normal -0.733058 0.680166 0
    outer loop
      vertex 22.0258 35.5499 26
      vertex 21.6323 35.1258 17.9
      vertex 21.6323 35.1258 26
    endloop
  endfacet
  facet normal 0.988813 0.14916 0
    outer loop
      vertex 19.6899 35.7249 26
      vertex 19.6036 36.297 17.9
      vertex 19.6036 36.297 26
    endloop
  endfacet
  facet normal 0.988813 0.14916 0
    outer loop
      vertex 19.6036 36.297 17.9
      vertex 19.6899 35.7249 26
      vertex 19.6899 35.7249 17.9
    endloop
  endfacet
  facet normal 0.365273 -0.930901 0
    outer loop
      vertex 20.1677 37.274 17.9
      vertex 20.7062 37.4853 26
      vertex 20.1677 37.274 26
    endloop
  endfacet
  facet normal 0.365273 -0.930901 0
    outer loop
      vertex 20.7062 37.4853 26
      vertex 20.1677 37.274 17.9
      vertex 20.7062 37.4853 17.9
    endloop
  endfacet
  facet normal 0.955547 -0.294839 0
    outer loop
      vertex 19.6036 36.297 26
      vertex 19.7742 36.8499 17.9
      vertex 19.7742 36.8499 26
    endloop
  endfacet
  facet normal 0.955547 -0.294839 0
    outer loop
      vertex 19.7742 36.8499 17.9
      vertex 19.6036 36.297 26
      vertex 19.6036 36.297 17.9
    endloop
  endfacet
endsolid OpenSCAD_Model
