solid OpenSCAD_Model
  facet normal 0 -0.303162 0.952939
    outer loop
      vertex 127.4 26.845 8.27011
      vertex 129.8 26.3757 8.12081
      vertex 129.8 26.845 8.27011
    endloop
  endfacet
  facet normal 0 -0.303162 0.952939
    outer loop
      vertex 129.8 26.3757 8.12081
      vertex 127.4 26.845 8.27011
      vertex 127.4 26.3757 8.12081
    endloop
  endfacet
  facet normal 0 0.999524 0.0308608
    outer loop
      vertex 129.8 21.4171 11.6309
      vertex 127.4 21.4019 12.1232
      vertex 129.8 21.4019 12.1232
    endloop
  endfacet
  facet normal 0 0.999524 0.0308608
    outer loop
      vertex 127.4 21.4019 12.1232
      vertex 129.8 21.4171 11.6309
      vertex 127.4 21.4171 11.6309
    endloop
  endfacet
  facet normal 0 0.920973 0.389627
    outer loop
      vertex 129.8 21.8193 10.217
      vertex 127.4 21.6274 10.6706
      vertex 129.8 21.6274 10.6706
    endloop
  endfacet
  facet normal 0 0.920973 0.389627
    outer loop
      vertex 127.4 21.6274 10.6706
      vertex 129.8 21.8193 10.217
      vertex 127.4 21.8193 10.217
    endloop
  endfacet
  facet normal -0 0.626909 0.779093
    outer loop
      vertex 127.4 23.0889 8.73521
      vertex 129.8 22.7052 9.04396
      vertex 129.8 23.0889 8.73521
    endloop
  endfacet
  facet normal 0 0.626909 0.779093
    outer loop
      vertex 129.8 22.7052 9.04396
      vertex 127.4 23.0889 8.73521
      vertex 127.4 22.7052 9.04396
    endloop
  endfacet
  facet normal 0 -0.895197 -0.44567
    outer loop
      vertex 127.4 29.0836 13.5591
      vertex 129.8 28.8641 14
      vertex 127.4 28.8641 14
    endloop
  endfacet
  facet normal 0 -0.895197 -0.44567
    outer loop
      vertex 129.8 28.8641 14
      vertex 127.4 29.0836 13.5591
      vertex 129.8 29.0836 13.5591
    endloop
  endfacet
  facet normal 0 -0.417966 0.908463
    outer loop
      vertex 127.4 27.2924 8.47595
      vertex 129.8 26.845 8.27011
      vertex 129.8 27.2924 8.47595
    endloop
  endfacet
  facet normal 0 -0.417966 0.908463
    outer loop
      vertex 129.8 26.845 8.27011
      vertex 127.4 27.2924 8.47595
      vertex 127.4 26.845 8.27011
    endloop
  endfacet
  facet normal 0 -0.0615592 0.998103
    outer loop
      vertex 127.4 25.8916 8.03032
      vertex 129.8 25.4 8
      vertex 129.8 25.8916 8.03032
    endloop
  endfacet
  facet normal 0 -0.0615592 0.998103
    outer loop
      vertex 129.8 25.4 8
      vertex 127.4 25.8916 8.03032
      vertex 127.4 25.4 8
    endloop
  endfacet
  facet normal -0 0.303162 0.952939
    outer loop
      vertex 127.4 24.4243 8.12081
      vertex 129.8 23.955 8.27011
      vertex 129.8 24.4243 8.12081
    endloop
  endfacet
  facet normal 0 0.303162 0.952939
    outer loop
      vertex 129.8 23.955 8.27011
      vertex 127.4 24.4243 8.12081
      vertex 127.4 23.955 8.27011
    endloop
  endfacet
  facet normal 0 0.243873 -0.969807
    outer loop
      vertex 127.4 24.1874 15.8118
      vertex 129.8 24.665 15.9319
      vertex 129.8 24.1874 15.8118
    endloop
  endfacet
  facet normal 0 0.243873 -0.969807
    outer loop
      vertex 129.8 24.665 15.9319
      vertex 127.4 24.1874 15.8118
      vertex 127.4 24.665 15.9319
    endloop
  endfacet
  facet normal 0 -0.961815 0.273702
    outer loop
      vertex 127.4 29.1726 10.6706
      vertex 129.8 29.3074 11.1443
      vertex 127.4 29.3074 11.1443
    endloop
  endfacet
  facet normal 0 -0.961815 0.273702
    outer loop
      vertex 129.8 29.3074 11.1443
      vertex 127.4 29.1726 10.6706
      vertex 129.8 29.1726 10.6706
    endloop
  endfacet
  facet normal 0 0.798005 0.602651
    outer loop
      vertex 129.8 22.3624 9.39753
      vertex 127.4 22.0656 9.79054
      vertex 129.8 22.0656 9.79054
    endloop
  endfacet
  facet normal 0 0.798005 0.602651
    outer loop
      vertex 127.4 22.0656 9.79054
      vertex 129.8 22.3624 9.39753
      vertex 127.4 22.3624 9.39753
    endloop
  endfacet
  facet normal 0 0.833609 -0.552355
    outer loop
      vertex 129.8 21.9359 14
      vertex 127.4 22.2079 14.4105
      vertex 129.8 22.2079 14.4105
    endloop
  endfacet
  facet normal 0 0.833609 -0.552355
    outer loop
      vertex 127.4 22.2079 14.4105
      vertex 129.8 21.9359 14
      vertex 127.4 21.9359 14
    endloop
  endfacet
  facet normal -0 0.183742 0.982975
    outer loop
      vertex 127.4 24.9084 8.03032
      vertex 129.8 24.4243 8.12081
      vertex 129.8 24.9084 8.03032
    endloop
  endfacet
  facet normal 0 0.183742 0.982975
    outer loop
      vertex 129.8 24.4243 8.12081
      vertex 127.4 24.9084 8.03032
      vertex 127.4 24.4243 8.12081
    endloop
  endfacet
  facet normal -0 0.52645 0.850206
    outer loop
      vertex 127.4 23.5076 8.47595
      vertex 129.8 23.0889 8.73521
      vertex 129.8 23.5076 8.47595
    endloop
  endfacet
  facet normal 0 0.52645 0.850206
    outer loop
      vertex 129.8 23.0889 8.73521
      vertex 127.4 23.5076 8.47595
      vertex 127.4 23.0889 8.73521
    endloop
  endfacet
  facet normal 0 0.577815 -0.816168
    outer loop
      vertex 127.4 22.8923 15.1163
      vertex 129.8 23.2943 15.4009
      vertex 129.8 22.8923 15.1163
    endloop
  endfacet
  facet normal 0 0.577815 -0.816168
    outer loop
      vertex 129.8 23.2943 15.4009
      vertex 127.4 22.8923 15.1163
      vertex 127.4 23.2943 15.4009
    endloop
  endfacet
  facet normal 0 -0.577815 -0.816168
    outer loop
      vertex 127.4 27.5057 15.4009
      vertex 129.8 27.9077 15.1163
      vertex 129.8 27.5057 15.4009
    endloop
  endfacet
  facet normal -0 -0.577815 -0.816168
    outer loop
      vertex 129.8 27.9077 15.1163
      vertex 127.4 27.5057 15.4009
      vertex 127.4 27.9077 15.1163
    endloop
  endfacet
  facet normal 0 -0.52645 0.850206
    outer loop
      vertex 127.4 27.7111 8.73521
      vertex 129.8 27.2924 8.47595
      vertex 129.8 27.7111 8.73521
    endloop
  endfacet
  facet normal 0 -0.52645 0.850206
    outer loop
      vertex 129.8 27.2924 8.47595
      vertex 127.4 27.7111 8.73521
      vertex 127.4 27.2924 8.47595
    endloop
  endfacet
  facet normal 0 -0.976832 -0.214006
    outer loop
      vertex 127.4 29.3527 12.6136
      vertex 129.8 29.2473 13.0947
      vertex 127.4 29.2473 13.0947
    endloop
  endfacet
  facet normal 0 -0.976832 -0.214006
    outer loop
      vertex 129.8 29.2473 13.0947
      vertex 127.4 29.3527 12.6136
      vertex 129.8 29.3527 12.6136
    endloop
  endfacet
  facet normal 0 0.36125 -0.932469
    outer loop
      vertex 127.4 23.7282 15.6339
      vertex 129.8 24.1874 15.8118
      vertex 129.8 23.7282 15.6339
    endloop
  endfacet
  facet normal 0 0.36125 -0.932469
    outer loop
      vertex 129.8 24.1874 15.8118
      vertex 127.4 23.7282 15.6339
      vertex 127.4 24.1874 15.8118
    endloop
  endfacet
  facet normal 0 -0.798005 0.602651
    outer loop
      vertex 127.4 28.4376 9.39753
      vertex 129.8 28.7344 9.79054
      vertex 127.4 28.7344 9.79054
    endloop
  endfacet
  facet normal 0 -0.798005 0.602651
    outer loop
      vertex 129.8 28.7344 9.79054
      vertex 127.4 28.4376 9.39753
      vertex 129.8 28.4376 9.39753
    endloop
  endfacet
  facet normal 0 0.976832 -0.214006
    outer loop
      vertex 129.8 21.4473 12.6136
      vertex 127.4 21.5527 13.0947
      vertex 129.8 21.5527 13.0947
    endloop
  endfacet
  facet normal 0 0.976832 -0.214006
    outer loop
      vertex 127.4 21.5527 13.0947
      vertex 129.8 21.4473 12.6136
      vertex 127.4 21.4473 12.6136
    endloop
  endfacet
  facet normal 0 -0.920973 0.389627
    outer loop
      vertex 127.4 28.9807 10.217
      vertex 129.8 29.1726 10.6706
      vertex 127.4 29.1726 10.6706
    endloop
  endfacet
  facet normal 0 -0.920973 0.389627
    outer loop
      vertex 129.8 29.1726 10.6706
      vertex 127.4 28.9807 10.217
      vertex 129.8 28.9807 10.217
    endloop
  endfacet
  facet normal 0 0.865952 0.500127
    outer loop
      vertex 129.8 22.0656 9.79054
      vertex 127.4 21.8193 10.217
      vertex 129.8 21.8193 10.217
    endloop
  endfacet
  facet normal 0 0.865952 0.500127
    outer loop
      vertex 127.4 21.8193 10.217
      vertex 129.8 22.0656 9.79054
      vertex 127.4 22.0656 9.79054
    endloop
  endfacet
  facet normal 0 -0.833609 -0.552355
    outer loop
      vertex 127.4 28.8641 14
      vertex 129.8 28.5921 14.4105
      vertex 127.4 28.5921 14.4105
    endloop
  endfacet
  facet normal 0 -0.833609 -0.552355
    outer loop
      vertex 129.8 28.5921 14.4105
      vertex 127.4 28.8641 14
      vertex 129.8 28.8641 14
    endloop
  endfacet
  facet normal 0 -0.717957 0.696087
    outer loop
      vertex 127.4 28.0948 9.04396
      vertex 129.8 28.4376 9.39753
      vertex 127.4 28.4376 9.39753
    endloop
  endfacet
  facet normal 0 -0.717957 0.696087
    outer loop
      vertex 129.8 28.4376 9.39753
      vertex 127.4 28.0948 9.04396
      vertex 129.8 28.0948 9.04396
    endloop
  endfacet
  facet normal 0 0 -1
    outer loop
      vertex 127.4 25.1538 15.9924
      vertex 129.8 25.6462 15.9924
      vertex 129.8 25.1538 15.9924
    endloop
  endfacet
  facet normal -0 0 -1
    outer loop
      vertex 129.8 25.6462 15.9924
      vertex 127.4 25.1538 15.9924
      vertex 127.4 25.6462 15.9924
    endloop
  endfacet
  facet normal 0 -0.183742 0.982975
    outer loop
      vertex 127.4 26.3757 8.12081
      vertex 129.8 25.8916 8.03032
      vertex 129.8 26.3757 8.12081
    endloop
  endfacet
  facet normal 0 -0.183742 0.982975
    outer loop
      vertex 129.8 25.8916 8.03032
      vertex 127.4 26.3757 8.12081
      vertex 127.4 25.8916 8.03032
    endloop
  endfacet
  facet normal -0 0.0615592 0.998103
    outer loop
      vertex 127.4 25.4 8
      vertex 129.8 24.9084 8.03032
      vertex 129.8 25.4 8
    endloop
  endfacet
  facet normal 0 0.0615592 0.998103
    outer loop
      vertex 129.8 24.9084 8.03032
      vertex 127.4 25.4 8
      vertex 127.4 24.9084 8.03032
    endloop
  endfacet
  facet normal 0 -0.243873 -0.969807
    outer loop
      vertex 127.4 26.135 15.9319
      vertex 129.8 26.6126 15.8118
      vertex 129.8 26.135 15.9319
    endloop
  endfacet
  facet normal -0 -0.243873 -0.969807
    outer loop
      vertex 129.8 26.6126 15.8118
      vertex 127.4 26.135 15.9319
      vertex 127.4 26.6126 15.8118
    endloop
  endfacet
  facet normal 0 -0.943121 -0.332448
    outer loop
      vertex 127.4 29.2473 13.0947
      vertex 129.8 29.0836 13.5591
      vertex 127.4 29.0836 13.5591
    endloop
  endfacet
  facet normal 0 -0.943121 -0.332448
    outer loop
      vertex 129.8 29.0836 13.5591
      vertex 127.4 29.2473 13.0947
      vertex 129.8 29.2473 13.0947
    endloop
  endfacet
  facet normal 0 -0.865952 0.500127
    outer loop
      vertex 127.4 28.7344 9.79054
      vertex 129.8 28.9807 10.217
      vertex 127.4 28.9807 10.217
    endloop
  endfacet
  facet normal 0 -0.865952 0.500127
    outer loop
      vertex 129.8 28.9807 10.217
      vertex 127.4 28.7344 9.79054
      vertex 129.8 28.7344 9.79054
    endloop
  endfacet
  facet normal 0 -0.995742 -0.0921833
    outer loop
      vertex 127.4 29.3981 12.1232
      vertex 129.8 29.3527 12.6136
      vertex 127.4 29.3527 12.6136
    endloop
  endfacet
  facet normal 0 -0.995742 -0.0921833
    outer loop
      vertex 129.8 29.3527 12.6136
      vertex 127.4 29.3981 12.1232
      vertex 129.8 29.3981 12.1232
    endloop
  endfacet
  facet normal 0 0.988176 0.153324
    outer loop
      vertex 129.8 21.4926 11.1443
      vertex 127.4 21.4171 11.6309
      vertex 129.8 21.4171 11.6309
    endloop
  endfacet
  facet normal 0 0.988176 0.153324
    outer loop
      vertex 127.4 21.4171 11.6309
      vertex 129.8 21.4926 11.1443
      vertex 127.4 21.4926 11.1443
    endloop
  endfacet
  facet normal 0 0.473095 -0.881012
    outer loop
      vertex 127.4 23.2943 15.4009
      vertex 129.8 23.7282 15.6339
      vertex 129.8 23.2943 15.4009
    endloop
  endfacet
  facet normal 0 0.473095 -0.881012
    outer loop
      vertex 129.8 23.7282 15.6339
      vertex 127.4 23.2943 15.4009
      vertex 127.4 23.7282 15.6339
    endloop
  endfacet
  facet normal 0 0.961815 0.273702
    outer loop
      vertex 129.8 21.6274 10.6706
      vertex 127.4 21.4926 11.1443
      vertex 129.8 21.4926 11.1443
    endloop
  endfacet
  facet normal 0 0.961815 0.273702
    outer loop
      vertex 127.4 21.4926 11.1443
      vertex 129.8 21.6274 10.6706
      vertex 127.4 21.6274 10.6706
    endloop
  endfacet
  facet normal 0 0.122835 -0.992427
    outer loop
      vertex 127.4 24.665 15.9319
      vertex 129.8 25.1538 15.9924
      vertex 129.8 24.665 15.9319
    endloop
  endfacet
  facet normal 0 0.122835 -0.992427
    outer loop
      vertex 129.8 25.1538 15.9924
      vertex 127.4 24.665 15.9319
      vertex 127.4 25.1538 15.9924
    endloop
  endfacet
  facet normal 0 0.717957 0.696087
    outer loop
      vertex 129.8 22.7052 9.04396
      vertex 127.4 22.3624 9.39753
      vertex 129.8 22.3624 9.39753
    endloop
  endfacet
  facet normal 0 0.717957 0.696087
    outer loop
      vertex 127.4 22.3624 9.39753
      vertex 129.8 22.7052 9.04396
      vertex 127.4 22.7052 9.04396
    endloop
  endfacet
  facet normal 0 -0.626909 0.779093
    outer loop
      vertex 127.4 28.0948 9.04396
      vertex 129.8 27.7111 8.73521
      vertex 129.8 28.0948 9.04396
    endloop
  endfacet
  facet normal 0 -0.626909 0.779093
    outer loop
      vertex 129.8 27.7111 8.73521
      vertex 127.4 28.0948 9.04396
      vertex 127.4 27.7111 8.73521
    endloop
  endfacet
  facet normal 0 -0.988176 0.153324
    outer loop
      vertex 127.4 29.3074 11.1443
      vertex 129.8 29.3829 11.6309
      vertex 127.4 29.3829 11.6309
    endloop
  endfacet
  facet normal 0 -0.988176 0.153324
    outer loop
      vertex 129.8 29.3829 11.6309
      vertex 127.4 29.3074 11.1443
      vertex 129.8 29.3074 11.1443
    endloop
  endfacet
  facet normal 0 -0.122835 -0.992427
    outer loop
      vertex 127.4 25.6462 15.9924
      vertex 129.8 26.135 15.9319
      vertex 129.8 25.6462 15.9924
    endloop
  endfacet
  facet normal -0 -0.122835 -0.992427
    outer loop
      vertex 129.8 26.135 15.9319
      vertex 127.4 25.6462 15.9924
      vertex 127.4 26.135 15.9319
    endloop
  endfacet
  facet normal 0 -0.759328 -0.650708
    outer loop
      vertex 127.4 28.5921 14.4105
      vertex 129.8 28.2716 14.7845
      vertex 127.4 28.2716 14.7845
    endloop
  endfacet
  facet normal 0 -0.759328 -0.650708
    outer loop
      vertex 129.8 28.2716 14.7845
      vertex 127.4 28.5921 14.4105
      vertex 129.8 28.5921 14.4105
    endloop
  endfacet
  facet normal 0 0.995742 -0.0921833
    outer loop
      vertex 129.8 21.4019 12.1232
      vertex 127.4 21.4473 12.6136
      vertex 129.8 21.4473 12.6136
    endloop
  endfacet
  facet normal 0 0.995742 -0.0921833
    outer loop
      vertex 127.4 21.4473 12.6136
      vertex 129.8 21.4019 12.1232
      vertex 127.4 21.4019 12.1232
    endloop
  endfacet
  facet normal 0 0.943121 -0.332448
    outer loop
      vertex 129.8 21.5527 13.0947
      vertex 127.4 21.7164 13.5591
      vertex 129.8 21.7164 13.5591
    endloop
  endfacet
  facet normal 0 0.943121 -0.332448
    outer loop
      vertex 127.4 21.7164 13.5591
      vertex 129.8 21.5527 13.0947
      vertex 127.4 21.5527 13.0947
    endloop
  endfacet
  facet normal 0 0.673764 -0.738947
    outer loop
      vertex 127.4 22.5284 14.7845
      vertex 129.8 22.8923 15.1163
      vertex 129.8 22.5284 14.7845
    endloop
  endfacet
  facet normal 0 0.673764 -0.738947
    outer loop
      vertex 129.8 22.8923 15.1163
      vertex 127.4 22.5284 14.7845
      vertex 127.4 22.8923 15.1163
    endloop
  endfacet
  facet normal 0 -0.36125 -0.932469
    outer loop
      vertex 127.4 26.6126 15.8118
      vertex 129.8 27.0718 15.6339
      vertex 129.8 26.6126 15.8118
    endloop
  endfacet
  facet normal -0 -0.36125 -0.932469
    outer loop
      vertex 129.8 27.0718 15.6339
      vertex 127.4 26.6126 15.8118
      vertex 127.4 27.0718 15.6339
    endloop
  endfacet
  facet normal 0 -0.673764 -0.738947
    outer loop
      vertex 127.4 27.9077 15.1163
      vertex 129.8 28.2716 14.7845
      vertex 129.8 27.9077 15.1163
    endloop
  endfacet
  facet normal -0 -0.673764 -0.738947
    outer loop
      vertex 129.8 28.2716 14.7845
      vertex 127.4 27.9077 15.1163
      vertex 127.4 28.2716 14.7845
    endloop
  endfacet
  facet normal 0 0.895197 -0.44567
    outer loop
      vertex 129.8 21.7164 13.5591
      vertex 127.4 21.9359 14
      vertex 129.8 21.9359 14
    endloop
  endfacet
  facet normal 0 0.895197 -0.44567
    outer loop
      vertex 127.4 21.9359 14
      vertex 129.8 21.7164 13.5591
      vertex 127.4 21.7164 13.5591
    endloop
  endfacet
  facet normal 0 -0.999524 0.0308608
    outer loop
      vertex 127.4 29.3829 11.6309
      vertex 129.8 29.3981 12.1232
      vertex 127.4 29.3981 12.1232
    endloop
  endfacet
  facet normal 0 -0.999524 0.0308608
    outer loop
      vertex 129.8 29.3981 12.1232
      vertex 127.4 29.3829 11.6309
      vertex 129.8 29.3829 11.6309
    endloop
  endfacet
  facet normal -0 0.417966 0.908463
    outer loop
      vertex 127.4 23.955 8.27011
      vertex 129.8 23.5076 8.47595
      vertex 129.8 23.955 8.27011
    endloop
  endfacet
  facet normal 0 0.417966 0.908463
    outer loop
      vertex 129.8 23.5076 8.47595
      vertex 127.4 23.955 8.27011
      vertex 127.4 23.5076 8.47595
    endloop
  endfacet
  facet normal 0 0.759328 -0.650708
    outer loop
      vertex 129.8 22.2079 14.4105
      vertex 127.4 22.5284 14.7845
      vertex 129.8 22.5284 14.7845
    endloop
  endfacet
  facet normal 0 0.759328 -0.650708
    outer loop
      vertex 127.4 22.5284 14.7845
      vertex 129.8 22.2079 14.4105
      vertex 127.4 22.2079 14.4105
    endloop
  endfacet
  facet normal 0 -0.473095 -0.881012
    outer loop
      vertex 127.4 27.0718 15.6339
      vertex 129.8 27.5057 15.4009
      vertex 129.8 27.0718 15.6339
    endloop
  endfacet
  facet normal -0 -0.473095 -0.881012
    outer loop
      vertex 129.8 27.5057 15.4009
      vertex 127.4 27.0718 15.6339
      vertex 127.4 27.5057 15.4009
    endloop
  endfacet
  facet normal 0 -0.303162 0.952939
    outer loop
      vertex 127.4 65.845 8.27011
      vertex 129.8 65.3757 8.12081
      vertex 129.8 65.845 8.27011
    endloop
  endfacet
  facet normal 0 -0.303162 0.952939
    outer loop
      vertex 129.8 65.3757 8.12081
      vertex 127.4 65.845 8.27011
      vertex 127.4 65.3757 8.12081
    endloop
  endfacet
  facet normal 0 0.999524 0.0308608
    outer loop
      vertex 129.8 60.4171 11.6309
      vertex 127.4 60.4019 12.1232
      vertex 129.8 60.4019 12.1232
    endloop
  endfacet
  facet normal 0 0.999524 0.0308608
    outer loop
      vertex 127.4 60.4019 12.1232
      vertex 129.8 60.4171 11.6309
      vertex 127.4 60.4171 11.6309
    endloop
  endfacet
  facet normal 0 0.920973 0.389627
    outer loop
      vertex 129.8 60.8193 10.217
      vertex 127.4 60.6274 10.6706
      vertex 129.8 60.6274 10.6706
    endloop
  endfacet
  facet normal 0 0.920973 0.389627
    outer loop
      vertex 127.4 60.6274 10.6706
      vertex 129.8 60.8193 10.217
      vertex 127.4 60.8193 10.217
    endloop
  endfacet
  facet normal -0 0.626909 0.779093
    outer loop
      vertex 127.4 62.0889 8.73521
      vertex 129.8 61.7052 9.04396
      vertex 129.8 62.0889 8.73521
    endloop
  endfacet
  facet normal 0 0.626909 0.779093
    outer loop
      vertex 129.8 61.7052 9.04396
      vertex 127.4 62.0889 8.73521
      vertex 127.4 61.7052 9.04396
    endloop
  endfacet
  facet normal 0 -0.895197 -0.44567
    outer loop
      vertex 127.4 68.0836 13.5591
      vertex 129.8 67.8641 14
      vertex 127.4 67.8641 14
    endloop
  endfacet
  facet normal 0 -0.895197 -0.44567
    outer loop
      vertex 129.8 67.8641 14
      vertex 127.4 68.0836 13.5591
      vertex 129.8 68.0836 13.5591
    endloop
  endfacet
  facet normal 0 -0.417966 0.908463
    outer loop
      vertex 127.4 66.2924 8.47595
      vertex 129.8 65.845 8.27011
      vertex 129.8 66.2924 8.47595
    endloop
  endfacet
  facet normal 0 -0.417966 0.908463
    outer loop
      vertex 129.8 65.845 8.27011
      vertex 127.4 66.2924 8.47595
      vertex 127.4 65.845 8.27011
    endloop
  endfacet
  facet normal 0 -0.0615592 0.998103
    outer loop
      vertex 127.4 64.8916 8.03032
      vertex 129.8 64.4 8
      vertex 129.8 64.8916 8.03032
    endloop
  endfacet
  facet normal 0 -0.0615592 0.998103
    outer loop
      vertex 129.8 64.4 8
      vertex 127.4 64.8916 8.03032
      vertex 127.4 64.4 8
    endloop
  endfacet
  facet normal -0 0.303162 0.952939
    outer loop
      vertex 127.4 63.4243 8.12081
      vertex 129.8 62.955 8.27011
      vertex 129.8 63.4243 8.12081
    endloop
  endfacet
  facet normal 0 0.303162 0.952939
    outer loop
      vertex 129.8 62.955 8.27011
      vertex 127.4 63.4243 8.12081
      vertex 127.4 62.955 8.27011
    endloop
  endfacet
  facet normal 0 0.243873 -0.969807
    outer loop
      vertex 127.4 63.1874 15.8118
      vertex 129.8 63.665 15.9319
      vertex 129.8 63.1874 15.8118
    endloop
  endfacet
  facet normal 0 0.243873 -0.969807
    outer loop
      vertex 129.8 63.665 15.9319
      vertex 127.4 63.1874 15.8118
      vertex 127.4 63.665 15.9319
    endloop
  endfacet
  facet normal 0 -0.961815 0.273702
    outer loop
      vertex 127.4 68.1726 10.6706
      vertex 129.8 68.3074 11.1443
      vertex 127.4 68.3074 11.1443
    endloop
  endfacet
  facet normal 0 -0.961815 0.273702
    outer loop
      vertex 129.8 68.3074 11.1443
      vertex 127.4 68.1726 10.6706
      vertex 129.8 68.1726 10.6706
    endloop
  endfacet
  facet normal 0 0.798005 0.602651
    outer loop
      vertex 129.8 61.3624 9.39753
      vertex 127.4 61.0656 9.79054
      vertex 129.8 61.0656 9.79054
    endloop
  endfacet
  facet normal 0 0.798005 0.602651
    outer loop
      vertex 127.4 61.0656 9.79054
      vertex 129.8 61.3624 9.39753
      vertex 127.4 61.3624 9.39753
    endloop
  endfacet
  facet normal 0 0.833609 -0.552355
    outer loop
      vertex 129.8 60.9359 14
      vertex 127.4 61.2079 14.4105
      vertex 129.8 61.2079 14.4105
    endloop
  endfacet
  facet normal 0 0.833609 -0.552355
    outer loop
      vertex 127.4 61.2079 14.4105
      vertex 129.8 60.9359 14
      vertex 127.4 60.9359 14
    endloop
  endfacet
  facet normal -0 0.183742 0.982975
    outer loop
      vertex 127.4 63.9084 8.03032
      vertex 129.8 63.4243 8.12081
      vertex 129.8 63.9084 8.03032
    endloop
  endfacet
  facet normal 0 0.183742 0.982975
    outer loop
      vertex 129.8 63.4243 8.12081
      vertex 127.4 63.9084 8.03032
      vertex 127.4 63.4243 8.12081
    endloop
  endfacet
  facet normal 0 0.961815 0.273702
    outer loop
      vertex 129.8 60.6274 10.6706
      vertex 127.4 60.4926 11.1443
      vertex 129.8 60.4926 11.1443
    endloop
  endfacet
  facet normal 0 0.961815 0.273702
    outer loop
      vertex 127.4 60.4926 11.1443
      vertex 129.8 60.6274 10.6706
      vertex 127.4 60.6274 10.6706
    endloop
  endfacet
  facet normal -0 0.52645 0.850206
    outer loop
      vertex 127.4 62.5076 8.47595
      vertex 129.8 62.0889 8.73521
      vertex 129.8 62.5076 8.47595
    endloop
  endfacet
  facet normal 0 0.52645 0.850206
    outer loop
      vertex 129.8 62.0889 8.73521
      vertex 127.4 62.5076 8.47595
      vertex 127.4 62.0889 8.73521
    endloop
  endfacet
  facet normal 0 0.577815 -0.816168
    outer loop
      vertex 127.4 61.8923 15.1163
      vertex 129.8 62.2943 15.4009
      vertex 129.8 61.8923 15.1163
    endloop
  endfacet
  facet normal 0 0.577815 -0.816168
    outer loop
      vertex 129.8 62.2943 15.4009
      vertex 127.4 61.8923 15.1163
      vertex 127.4 62.2943 15.4009
    endloop
  endfacet
  facet normal 0 -0.577815 -0.816168
    outer loop
      vertex 127.4 66.5057 15.4009
      vertex 129.8 66.9077 15.1163
      vertex 129.8 66.5057 15.4009
    endloop
  endfacet
  facet normal -0 -0.577815 -0.816168
    outer loop
      vertex 129.8 66.9077 15.1163
      vertex 127.4 66.5057 15.4009
      vertex 127.4 66.9077 15.1163
    endloop
  endfacet
  facet normal 0 -0.52645 0.850206
    outer loop
      vertex 127.4 66.7111 8.73521
      vertex 129.8 66.2924 8.47595
      vertex 129.8 66.7111 8.73521
    endloop
  endfacet
  facet normal 0 -0.52645 0.850206
    outer loop
      vertex 129.8 66.2924 8.47595
      vertex 127.4 66.7111 8.73521
      vertex 127.4 66.2924 8.47595
    endloop
  endfacet
  facet normal 0 -0.976832 -0.214006
    outer loop
      vertex 127.4 68.3527 12.6136
      vertex 129.8 68.2473 13.0947
      vertex 127.4 68.2473 13.0947
    endloop
  endfacet
  facet normal 0 -0.976832 -0.214006
    outer loop
      vertex 129.8 68.2473 13.0947
      vertex 127.4 68.3527 12.6136
      vertex 129.8 68.3527 12.6136
    endloop
  endfacet
  facet normal 0 0.36125 -0.932469
    outer loop
      vertex 127.4 62.7282 15.6339
      vertex 129.8 63.1874 15.8118
      vertex 129.8 62.7282 15.6339
    endloop
  endfacet
  facet normal 0 0.36125 -0.932469
    outer loop
      vertex 129.8 63.1874 15.8118
      vertex 127.4 62.7282 15.6339
      vertex 127.4 63.1874 15.8118
    endloop
  endfacet
  facet normal 0 -0.798005 0.602651
    outer loop
      vertex 127.4 67.4376 9.39753
      vertex 129.8 67.7344 9.79054
      vertex 127.4 67.7344 9.79054
    endloop
  endfacet
  facet normal 0 -0.798005 0.602651
    outer loop
      vertex 129.8 67.7344 9.79054
      vertex 127.4 67.4376 9.39753
      vertex 129.8 67.4376 9.39753
    endloop
  endfacet
  facet normal 0 0.976832 -0.214006
    outer loop
      vertex 129.8 60.4473 12.6136
      vertex 127.4 60.5527 13.0947
      vertex 129.8 60.5527 13.0947
    endloop
  endfacet
  facet normal 0 0.976832 -0.214006
    outer loop
      vertex 127.4 60.5527 13.0947
      vertex 129.8 60.4473 12.6136
      vertex 127.4 60.4473 12.6136
    endloop
  endfacet
  facet normal 0 -0.920973 0.389627
    outer loop
      vertex 127.4 67.9807 10.217
      vertex 129.8 68.1726 10.6706
      vertex 127.4 68.1726 10.6706
    endloop
  endfacet
  facet normal 0 -0.920973 0.389627
    outer loop
      vertex 129.8 68.1726 10.6706
      vertex 127.4 67.9807 10.217
      vertex 129.8 67.9807 10.217
    endloop
  endfacet
  facet normal 0 0.865952 0.500127
    outer loop
      vertex 129.8 61.0656 9.79054
      vertex 127.4 60.8193 10.217
      vertex 129.8 60.8193 10.217
    endloop
  endfacet
  facet normal 0 0.865952 0.500127
    outer loop
      vertex 127.4 60.8193 10.217
      vertex 129.8 61.0656 9.79054
      vertex 127.4 61.0656 9.79054
    endloop
  endfacet
  facet normal 0 -0.833609 -0.552355
    outer loop
      vertex 127.4 67.8641 14
      vertex 129.8 67.5921 14.4105
      vertex 127.4 67.5921 14.4105
    endloop
  endfacet
  facet normal 0 -0.833609 -0.552355
    outer loop
      vertex 129.8 67.5921 14.4105
      vertex 127.4 67.8641 14
      vertex 129.8 67.8641 14
    endloop
  endfacet
  facet normal 0 -0.717957 0.696087
    outer loop
      vertex 127.4 67.0948 9.04396
      vertex 129.8 67.4376 9.39753
      vertex 127.4 67.4376 9.39753
    endloop
  endfacet
  facet normal 0 -0.717957 0.696087
    outer loop
      vertex 129.8 67.4376 9.39753
      vertex 127.4 67.0948 9.04396
      vertex 129.8 67.0948 9.04396
    endloop
  endfacet
  facet normal 0 -0.183742 0.982975
    outer loop
      vertex 127.4 65.3757 8.12081
      vertex 129.8 64.8916 8.03032
      vertex 129.8 65.3757 8.12081
    endloop
  endfacet
  facet normal 0 -0.183742 0.982975
    outer loop
      vertex 129.8 64.8916 8.03032
      vertex 127.4 65.3757 8.12081
      vertex 127.4 64.8916 8.03032
    endloop
  endfacet
  facet normal -0 0.0615592 0.998103
    outer loop
      vertex 127.4 64.4 8
      vertex 129.8 63.9084 8.03032
      vertex 129.8 64.4 8
    endloop
  endfacet
  facet normal 0 0.0615592 0.998103
    outer loop
      vertex 129.8 63.9084 8.03032
      vertex 127.4 64.4 8
      vertex 127.4 63.9084 8.03032
    endloop
  endfacet
  facet normal 0 -0.943121 -0.332448
    outer loop
      vertex 127.4 68.2473 13.0947
      vertex 129.8 68.0836 13.5591
      vertex 127.4 68.0836 13.5591
    endloop
  endfacet
  facet normal 0 -0.943121 -0.332448
    outer loop
      vertex 129.8 68.0836 13.5591
      vertex 127.4 68.2473 13.0947
      vertex 129.8 68.2473 13.0947
    endloop
  endfacet
  facet normal 0 -0.865952 0.500127
    outer loop
      vertex 127.4 67.7344 9.79054
      vertex 129.8 67.9807 10.217
      vertex 127.4 67.9807 10.217
    endloop
  endfacet
  facet normal 0 -0.865952 0.500127
    outer loop
      vertex 129.8 67.9807 10.217
      vertex 127.4 67.7344 9.79054
      vertex 129.8 67.7344 9.79054
    endloop
  endfacet
  facet normal 0 -0.995742 -0.0921833
    outer loop
      vertex 127.4 68.3981 12.1232
      vertex 129.8 68.3527 12.6136
      vertex 127.4 68.3527 12.6136
    endloop
  endfacet
  facet normal 0 -0.995742 -0.0921833
    outer loop
      vertex 129.8 68.3527 12.6136
      vertex 127.4 68.3981 12.1232
      vertex 129.8 68.3981 12.1232
    endloop
  endfacet
  facet normal 0 0.988176 0.153324
    outer loop
      vertex 129.8 60.4926 11.1443
      vertex 127.4 60.4171 11.6309
      vertex 129.8 60.4171 11.6309
    endloop
  endfacet
  facet normal 0 0.988176 0.153324
    outer loop
      vertex 127.4 60.4171 11.6309
      vertex 129.8 60.4926 11.1443
      vertex 127.4 60.4926 11.1443
    endloop
  endfacet
  facet normal 0 0.473095 -0.881012
    outer loop
      vertex 127.4 62.2943 15.4009
      vertex 129.8 62.7282 15.6339
      vertex 129.8 62.2943 15.4009
    endloop
  endfacet
  facet normal 0 0.473095 -0.881012
    outer loop
      vertex 129.8 62.7282 15.6339
      vertex 127.4 62.2943 15.4009
      vertex 127.4 62.7282 15.6339
    endloop
  endfacet
  facet normal 0 0.717957 0.696087
    outer loop
      vertex 129.8 61.7052 9.04396
      vertex 127.4 61.3624 9.39753
      vertex 129.8 61.3624 9.39753
    endloop
  endfacet
  facet normal 0 0.717957 0.696087
    outer loop
      vertex 127.4 61.3624 9.39753
      vertex 129.8 61.7052 9.04396
      vertex 127.4 61.7052 9.04396
    endloop
  endfacet
  facet normal 0 0.122835 -0.992427
    outer loop
      vertex 127.4 63.665 15.9319
      vertex 129.8 64.1538 15.9924
      vertex 129.8 63.665 15.9319
    endloop
  endfacet
  facet normal 0 0.122835 -0.992427
    outer loop
      vertex 129.8 64.1538 15.9924
      vertex 127.4 63.665 15.9319
      vertex 127.4 64.1538 15.9924
    endloop
  endfacet
  facet normal 0 -0.626909 0.779093
    outer loop
      vertex 127.4 67.0948 9.04396
      vertex 129.8 66.7111 8.73521
      vertex 129.8 67.0948 9.04396
    endloop
  endfacet
  facet normal 0 -0.626909 0.779093
    outer loop
      vertex 129.8 66.7111 8.73521
      vertex 127.4 67.0948 9.04396
      vertex 127.4 66.7111 8.73521
    endloop
  endfacet
  facet normal 0 -0.988176 0.153324
    outer loop
      vertex 127.4 68.3074 11.1443
      vertex 129.8 68.3829 11.6309
      vertex 127.4 68.3829 11.6309
    endloop
  endfacet
  facet normal 0 -0.988176 0.153324
    outer loop
      vertex 129.8 68.3829 11.6309
      vertex 127.4 68.3074 11.1443
      vertex 129.8 68.3074 11.1443
    endloop
  endfacet
  facet normal 0 -0.122835 -0.992427
    outer loop
      vertex 127.4 64.6462 15.9924
      vertex 129.8 65.135 15.9319
      vertex 129.8 64.6462 15.9924
    endloop
  endfacet
  facet normal -0 -0.122835 -0.992427
    outer loop
      vertex 129.8 65.135 15.9319
      vertex 127.4 64.6462 15.9924
      vertex 127.4 65.135 15.9319
    endloop
  endfacet
  facet normal 0 -0.759328 -0.650708
    outer loop
      vertex 127.4 67.5921 14.4105
      vertex 129.8 67.2716 14.7845
      vertex 127.4 67.2716 14.7845
    endloop
  endfacet
  facet normal 0 -0.759328 -0.650708
    outer loop
      vertex 129.8 67.2716 14.7845
      vertex 127.4 67.5921 14.4105
      vertex 129.8 67.5921 14.4105
    endloop
  endfacet
  facet normal 0 0.943121 -0.332448
    outer loop
      vertex 129.8 60.5527 13.0947
      vertex 127.4 60.7164 13.5591
      vertex 129.8 60.7164 13.5591
    endloop
  endfacet
  facet normal 0 0.943121 -0.332448
    outer loop
      vertex 127.4 60.7164 13.5591
      vertex 129.8 60.5527 13.0947
      vertex 127.4 60.5527 13.0947
    endloop
  endfacet
  facet normal 0 0.673764 -0.738947
    outer loop
      vertex 127.4 61.5284 14.7845
      vertex 129.8 61.8923 15.1163
      vertex 129.8 61.5284 14.7845
    endloop
  endfacet
  facet normal 0 0.673764 -0.738947
    outer loop
      vertex 129.8 61.8923 15.1163
      vertex 127.4 61.5284 14.7845
      vertex 127.4 61.8923 15.1163
    endloop
  endfacet
  facet normal 0 -0.243873 -0.969807
    outer loop
      vertex 127.4 65.135 15.9319
      vertex 129.8 65.6126 15.8118
      vertex 129.8 65.135 15.9319
    endloop
  endfacet
  facet normal -0 -0.243873 -0.969807
    outer loop
      vertex 129.8 65.6126 15.8118
      vertex 127.4 65.135 15.9319
      vertex 127.4 65.6126 15.8118
    endloop
  endfacet
  facet normal 0 -0.36125 -0.932469
    outer loop
      vertex 127.4 65.6126 15.8118
      vertex 129.8 66.0718 15.6339
      vertex 129.8 65.6126 15.8118
    endloop
  endfacet
  facet normal -0 -0.36125 -0.932469
    outer loop
      vertex 129.8 66.0718 15.6339
      vertex 127.4 65.6126 15.8118
      vertex 127.4 66.0718 15.6339
    endloop
  endfacet
  facet normal 0 0.895197 -0.44567
    outer loop
      vertex 129.8 60.7164 13.5591
      vertex 127.4 60.9359 14
      vertex 129.8 60.9359 14
    endloop
  endfacet
  facet normal 0 0.895197 -0.44567
    outer loop
      vertex 127.4 60.9359 14
      vertex 129.8 60.7164 13.5591
      vertex 127.4 60.7164 13.5591
    endloop
  endfacet
  facet normal 0 -0.999524 0.0308608
    outer loop
      vertex 127.4 68.3829 11.6309
      vertex 129.8 68.3981 12.1232
      vertex 127.4 68.3981 12.1232
    endloop
  endfacet
  facet normal 0 -0.999524 0.0308608
    outer loop
      vertex 129.8 68.3981 12.1232
      vertex 127.4 68.3829 11.6309
      vertex 129.8 68.3829 11.6309
    endloop
  endfacet
  facet normal -0 0.417966 0.908463
    outer loop
      vertex 127.4 62.955 8.27011
      vertex 129.8 62.5076 8.47595
      vertex 129.8 62.955 8.27011
    endloop
  endfacet
  facet normal 0 0.417966 0.908463
    outer loop
      vertex 129.8 62.5076 8.47595
      vertex 127.4 62.955 8.27011
      vertex 127.4 62.5076 8.47595
    endloop
  endfacet
  facet normal 0 0.759328 -0.650708
    outer loop
      vertex 129.8 61.2079 14.4105
      vertex 127.4 61.5284 14.7845
      vertex 129.8 61.5284 14.7845
    endloop
  endfacet
  facet normal 0 0.759328 -0.650708
    outer loop
      vertex 127.4 61.5284 14.7845
      vertex 129.8 61.2079 14.4105
      vertex 127.4 61.2079 14.4105
    endloop
  endfacet
  facet normal 0 -0.473095 -0.881012
    outer loop
      vertex 127.4 66.0718 15.6339
      vertex 129.8 66.5057 15.4009
      vertex 129.8 66.0718 15.6339
    endloop
  endfacet
  facet normal -0 -0.473095 -0.881012
    outer loop
      vertex 129.8 66.5057 15.4009
      vertex 127.4 66.0718 15.6339
      vertex 127.4 66.5057 15.4009
    endloop
  endfacet
  facet normal 0 0.995742 -0.0921833
    outer loop
      vertex 129.8 60.4019 12.1232
      vertex 127.4 60.4473 12.6136
      vertex 129.8 60.4473 12.6136
    endloop
  endfacet
  facet normal 0 0.995742 -0.0921833
    outer loop
      vertex 127.4 60.4473 12.6136
      vertex 129.8 60.4019 12.1232
      vertex 127.4 60.4019 12.1232
    endloop
  endfacet
  facet normal 0 0 -1
    outer loop
      vertex 127.4 64.1538 15.9924
      vertex 129.8 64.6462 15.9924
      vertex 129.8 64.1538 15.9924
    endloop
  endfacet
  facet normal -0 0 -1
    outer loop
      vertex 129.8 64.6462 15.9924
      vertex 127.4 64.1538 15.9924
      vertex 127.4 64.6462 15.9924
    endloop
  endfacet
  facet normal 0 -0.673764 -0.738947
    outer loop
      vertex 127.4 66.9077 15.1163
      vertex 129.8 67.2716 14.7845
      vertex 129.8 66.9077 15.1163
    endloop
  endfacet
  facet normal -0 -0.673764 -0.738947
    outer loop
      vertex 129.8 67.2716 14.7845
      vertex 127.4 66.9077 15.1163
      vertex 127.4 67.2716 14.7845
    endloop
  endfacet
  facet normal -1 0 0
    outer loop
      vertex 39 0 10.2
      vertex 39 2.39999 24.2
      vertex 39 2.39999 10.2
    endloop
  endfacet
  facet normal -1 -0 0
    outer loop
      vertex 39 2.39999 24.2
      vertex 39 0 10.2
      vertex 39 0 24.2
    endloop
  endfacet
  facet normal 0 0 -1
    outer loop
      vertex 36.8 0 24.2
      vertex 39 2.39999 24.2
      vertex 39 0 24.2
    endloop
  endfacet
  facet normal -0 0 -1
    outer loop
      vertex 39 2.39999 24.2
      vertex 36.8 0 24.2
      vertex 36.8 2.39999 24.2
    endloop
  endfacet
  facet normal -0 0 1
    outer loop
      vertex 36.8 2.39999 10.2
      vertex 39 0 10.2
      vertex 39 2.39999 10.2
    endloop
  endfacet
  facet normal 0 0 1
    outer loop
      vertex 39 0 10.2
      vertex 36.8 2.39999 10.2
      vertex 36.8 0 10.2
    endloop
  endfacet
  facet normal 1 -0 0
    outer loop
      vertex 36.8 0 24.2
      vertex 36.8 2.39999 10.2
      vertex 36.8 2.39999 24.2
    endloop
  endfacet
  facet normal 1 0 0
    outer loop
      vertex 36.8 2.39999 10.2
      vertex 36.8 0 24.2
      vertex 36.8 0 10.2
    endloop
  endfacet
  facet normal -1 0 0
    outer loop
      vertex 45 0 10.2
      vertex 45 2.39999 24.2
      vertex 45 2.39999 10.2
    endloop
  endfacet
  facet normal -1 -0 0
    outer loop
      vertex 45 2.39999 24.2
      vertex 45 0 10.2
      vertex 45 0 24.2
    endloop
  endfacet
  facet normal 0 0 -1
    outer loop
      vertex 42.8 0 24.2
      vertex 45 2.39999 24.2
      vertex 45 0 24.2
    endloop
  endfacet
  facet normal -0 0 -1
    outer loop
      vertex 45 2.39999 24.2
      vertex 42.8 0 24.2
      vertex 42.8 2.39999 24.2
    endloop
  endfacet
  facet normal -0 0 1
    outer loop
      vertex 42.8 2.39999 10.2
      vertex 45 0 10.2
      vertex 45 2.39999 10.2
    endloop
  endfacet
  facet normal 0 0 1
    outer loop
      vertex 45 0 10.2
      vertex 42.8 2.39999 10.2
      vertex 42.8 0 10.2
    endloop
  endfacet
  facet normal 1 -0 0
    outer loop
      vertex 42.8 0 24.2
      vertex 42.8 2.39999 10.2
      vertex 42.8 2.39999 24.2
    endloop
  endfacet
  facet normal 1 0 0
    outer loop
      vertex 42.8 2.39999 10.2
      vertex 42.8 0 24.2
      vertex 42.8 0 10.2
    endloop
  endfacet
  facet normal -1 0 0
    outer loop
      vertex 51 0 10.2
      vertex 51 2.39999 24.2
      vertex 51 2.39999 10.2
    endloop
  endfacet
  facet normal -1 -0 0
    outer loop
      vertex 51 2.39999 24.2
      vertex 51 0 10.2
      vertex 51 0 24.2
    endloop
  endfacet
  facet normal 0 0 -1
    outer loop
      vertex 48.8 0 24.2
      vertex 51 2.39999 24.2
      vertex 51 0 24.2
    endloop
  endfacet
  facet normal -0 0 -1
    outer loop
      vertex 51 2.39999 24.2
      vertex 48.8 0 24.2
      vertex 48.8 2.39999 24.2
    endloop
  endfacet
  facet normal -0 0 1
    outer loop
      vertex 48.8 2.39999 10.2
      vertex 51 0 10.2
      vertex 51 2.39999 10.2
    endloop
  endfacet
  facet normal 0 0 1
    outer loop
      vertex 51 0 10.2
      vertex 48.8 2.39999 10.2
      vertex 48.8 0 10.2
    endloop
  endfacet
  facet normal 1 -0 0
    outer loop
      vertex 48.8 0 24.2
      vertex 48.8 2.39999 10.2
      vertex 48.8 2.39999 24.2
    endloop
  endfacet
  facet normal 1 0 0
    outer loop
      vertex 48.8 2.39999 10.2
      vertex 48.8 0 24.2
      vertex 48.8 0 10.2
    endloop
  endfacet
  facet normal -1 0 0
    outer loop
      vertex 57 0 10.2
      vertex 57 2.39999 24.2
      vertex 57 2.39999 10.2
    endloop
  endfacet
  facet normal -1 -0 0
    outer loop
      vertex 57 2.39999 24.2
      vertex 57 0 10.2
      vertex 57 0 24.2
    endloop
  endfacet
  facet normal 0 0 -1
    outer loop
      vertex 54.8 0 24.2
      vertex 57 2.39999 24.2
      vertex 57 0 24.2
    endloop
  endfacet
  facet normal -0 0 -1
    outer loop
      vertex 57 2.39999 24.2
      vertex 54.8 0 24.2
      vertex 54.8 2.39999 24.2
    endloop
  endfacet
  facet normal -0 0 1
    outer loop
      vertex 54.8 2.39999 10.2
      vertex 57 0 10.2
      vertex 57 2.39999 10.2
    endloop
  endfacet
  facet normal 0 0 1
    outer loop
      vertex 57 0 10.2
      vertex 54.8 2.39999 10.2
      vertex 54.8 0 10.2
    endloop
  endfacet
  facet normal 1 -0 0
    outer loop
      vertex 54.8 0 24.2
      vertex 54.8 2.39999 10.2
      vertex 54.8 2.39999 24.2
    endloop
  endfacet
  facet normal 1 0 0
    outer loop
      vertex 54.8 2.39999 10.2
      vertex 54.8 0 24.2
      vertex 54.8 0 10.2
    endloop
  endfacet
  facet normal -1 0 0
    outer loop
      vertex 63 0 10.2
      vertex 63 2.39999 24.2
      vertex 63 2.39999 10.2
    endloop
  endfacet
  facet normal -1 -0 0
    outer loop
      vertex 63 2.39999 24.2
      vertex 63 0 10.2
      vertex 63 0 24.2
    endloop
  endfacet
  facet normal 0 0 -1
    outer loop
      vertex 60.8 0 24.2
      vertex 63 2.39999 24.2
      vertex 63 0 24.2
    endloop
  endfacet
  facet normal -0 0 -1
    outer loop
      vertex 63 2.39999 24.2
      vertex 60.8 0 24.2
      vertex 60.8 2.39999 24.2
    endloop
  endfacet
  facet normal -0 0 1
    outer loop
      vertex 60.8 2.39999 10.2
      vertex 63 0 10.2
      vertex 63 2.39999 10.2
    endloop
  endfacet
  facet normal 0 0 1
    outer loop
      vertex 63 0 10.2
      vertex 60.8 2.39999 10.2
      vertex 60.8 0 10.2
    endloop
  endfacet
  facet normal 1 -0 0
    outer loop
      vertex 60.8 0 24.2
      vertex 60.8 2.39999 10.2
      vertex 60.8 2.39999 24.2
    endloop
  endfacet
  facet normal 1 0 0
    outer loop
      vertex 60.8 2.39999 10.2
      vertex 60.8 0 24.2
      vertex 60.8 0 10.2
    endloop
  endfacet
  facet normal -1 0 0
    outer loop
      vertex 69 0 10.2
      vertex 69 2.39999 24.2
      vertex 69 2.39999 10.2
    endloop
  endfacet
  facet normal -1 -0 0
    outer loop
      vertex 69 2.39999 24.2
      vertex 69 0 10.2
      vertex 69 0 24.2
    endloop
  endfacet
  facet normal 0 0 -1
    outer loop
      vertex 66.8 0 24.2
      vertex 69 2.39999 24.2
      vertex 69 0 24.2
    endloop
  endfacet
  facet normal -0 0 -1
    outer loop
      vertex 69 2.39999 24.2
      vertex 66.8 0 24.2
      vertex 66.8 2.39999 24.2
    endloop
  endfacet
  facet normal -0 0 1
    outer loop
      vertex 66.8 2.39999 10.2
      vertex 69 0 10.2
      vertex 69 2.39999 10.2
    endloop
  endfacet
  facet normal 0 0 1
    outer loop
      vertex 69 0 10.2
      vertex 66.8 2.39999 10.2
      vertex 66.8 0 10.2
    endloop
  endfacet
  facet normal 1 -0 0
    outer loop
      vertex 66.8 0 24.2
      vertex 66.8 2.39999 10.2
      vertex 66.8 2.39999 24.2
    endloop
  endfacet
  facet normal 1 0 0
    outer loop
      vertex 66.8 2.39999 10.2
      vertex 66.8 0 24.2
      vertex 66.8 0 10.2
    endloop
  endfacet
  facet normal -1 0 0
    outer loop
      vertex 75 0 10.2
      vertex 75 2.39999 24.2
      vertex 75 2.39999 10.2
    endloop
  endfacet
  facet normal -1 -0 0
    outer loop
      vertex 75 2.39999 24.2
      vertex 75 0 10.2
      vertex 75 0 24.2
    endloop
  endfacet
  facet normal 0 0 -1
    outer loop
      vertex 72.8 0 24.2
      vertex 75 2.39999 24.2
      vertex 75 0 24.2
    endloop
  endfacet
  facet normal -0 0 -1
    outer loop
      vertex 75 2.39999 24.2
      vertex 72.8 0 24.2
      vertex 72.8 2.39999 24.2
    endloop
  endfacet
  facet normal -0 0 1
    outer loop
      vertex 72.8 2.39999 10.2
      vertex 75 0 10.2
      vertex 75 2.39999 10.2
    endloop
  endfacet
  facet normal 0 0 1
    outer loop
      vertex 75 0 10.2
      vertex 72.8 2.39999 10.2
      vertex 72.8 0 10.2
    endloop
  endfacet
  facet normal 1 -0 0
    outer loop
      vertex 72.8 0 24.2
      vertex 72.8 2.39999 10.2
      vertex 72.8 2.39999 24.2
    endloop
  endfacet
  facet normal 1 0 0
    outer loop
      vertex 72.8 2.39999 10.2
      vertex 72.8 0 24.2
      vertex 72.8 0 10.2
    endloop
  endfacet
  facet normal -1 0 0
    outer loop
      vertex 81 0 10.2
      vertex 81 2.39999 24.2
      vertex 81 2.39999 10.2
    endloop
  endfacet
  facet normal -1 -0 0
    outer loop
      vertex 81 2.39999 24.2
      vertex 81 0 10.2
      vertex 81 0 24.2
    endloop
  endfacet
  facet normal 0 0 -1
    outer loop
      vertex 78.8 0 24.2
      vertex 81 2.39999 24.2
      vertex 81 0 24.2
    endloop
  endfacet
  facet normal -0 0 -1
    outer loop
      vertex 81 2.39999 24.2
      vertex 78.8 0 24.2
      vertex 78.8 2.39999 24.2
    endloop
  endfacet
  facet normal -0 0 1
    outer loop
      vertex 78.8 2.39999 10.2
      vertex 81 0 10.2
      vertex 81 2.39999 10.2
    endloop
  endfacet
  facet normal 0 0 1
    outer loop
      vertex 81 0 10.2
      vertex 78.8 2.39999 10.2
      vertex 78.8 0 10.2
    endloop
  endfacet
  facet normal 1 -0 0
    outer loop
      vertex 78.8 0 24.2
      vertex 78.8 2.39999 10.2
      vertex 78.8 2.39999 24.2
    endloop
  endfacet
  facet normal 1 0 0
    outer loop
      vertex 78.8 2.39999 10.2
      vertex 78.8 0 24.2
      vertex 78.8 0 10.2
    endloop
  endfacet
  facet normal -1 0 0
    outer loop
      vertex 87 0 10.2
      vertex 87 2.39999 24.2
      vertex 87 2.39999 10.2
    endloop
  endfacet
  facet normal -1 -0 0
    outer loop
      vertex 87 2.39999 24.2
      vertex 87 0 10.2
      vertex 87 0 24.2
    endloop
  endfacet
  facet normal 0 0 -1
    outer loop
      vertex 84.8 0 24.2
      vertex 87 2.39999 24.2
      vertex 87 0 24.2
    endloop
  endfacet
  facet normal -0 0 -1
    outer loop
      vertex 87 2.39999 24.2
      vertex 84.8 0 24.2
      vertex 84.8 2.39999 24.2
    endloop
  endfacet
  facet normal -0 0 1
    outer loop
      vertex 84.8 2.39999 10.2
      vertex 87 0 10.2
      vertex 87 2.39999 10.2
    endloop
  endfacet
  facet normal 0 0 1
    outer loop
      vertex 87 0 10.2
      vertex 84.8 2.39999 10.2
      vertex 84.8 0 10.2
    endloop
  endfacet
  facet normal 1 -0 0
    outer loop
      vertex 84.8 0 24.2
      vertex 84.8 2.39999 10.2
      vertex 84.8 2.39999 24.2
    endloop
  endfacet
  facet normal 1 0 0
    outer loop
      vertex 84.8 2.39999 10.2
      vertex 84.8 0 24.2
      vertex 84.8 0 10.2
    endloop
  endfacet
  facet normal -1 0 0
    outer loop
      vertex 93 0 10.2
      vertex 93 2.39999 24.2
      vertex 93 2.39999 10.2
    endloop
  endfacet
  facet normal -1 -0 0
    outer loop
      vertex 93 2.39999 24.2
      vertex 93 0 10.2
      vertex 93 0 24.2
    endloop
  endfacet
  facet normal 0 0 -1
    outer loop
      vertex 90.8 0 24.2
      vertex 93 2.39999 24.2
      vertex 93 0 24.2
    endloop
  endfacet
  facet normal -0 0 -1
    outer loop
      vertex 93 2.39999 24.2
      vertex 90.8 0 24.2
      vertex 90.8 2.39999 24.2
    endloop
  endfacet
  facet normal -0 0 1
    outer loop
      vertex 90.8 2.39999 10.2
      vertex 93 0 10.2
      vertex 93 2.39999 10.2
    endloop
  endfacet
  facet normal 0 0 1
    outer loop
      vertex 93 0 10.2
      vertex 90.8 2.39999 10.2
      vertex 90.8 0 10.2
    endloop
  endfacet
  facet normal 1 -0 0
    outer loop
      vertex 90.8 0 24.2
      vertex 90.8 2.39999 10.2
      vertex 90.8 2.39999 24.2
    endloop
  endfacet
  facet normal 1 0 0
    outer loop
      vertex 90.8 2.39999 10.2
      vertex 90.8 0 24.2
      vertex 90.8 0 10.2
    endloop
  endfacet
  facet normal -1 0 0
    outer loop
      vertex 39 82.4 10.2
      vertex 39 84.8 24.2
      vertex 39 84.8 10.2
    endloop
  endfacet
  facet normal -1 -0 0
    outer loop
      vertex 39 84.8 24.2
      vertex 39 82.4 10.2
      vertex 39 82.4 24.2
    endloop
  endfacet
  facet normal 0 0 -1
    outer loop
      vertex 36.8 82.4 24.2
      vertex 39 84.8 24.2
      vertex 39 82.4 24.2
    endloop
  endfacet
  facet normal -0 0 -1
    outer loop
      vertex 39 84.8 24.2
      vertex 36.8 82.4 24.2
      vertex 36.8 84.8 24.2
    endloop
  endfacet
  facet normal -0 0 1
    outer loop
      vertex 36.8 84.8 10.2
      vertex 39 82.4 10.2
      vertex 39 84.8 10.2
    endloop
  endfacet
  facet normal 0 0 1
    outer loop
      vertex 39 82.4 10.2
      vertex 36.8 84.8 10.2
      vertex 36.8 82.4 10.2
    endloop
  endfacet
  facet normal 1 -0 0
    outer loop
      vertex 36.8 82.4 24.2
      vertex 36.8 84.8 10.2
      vertex 36.8 84.8 24.2
    endloop
  endfacet
  facet normal 1 0 0
    outer loop
      vertex 36.8 84.8 10.2
      vertex 36.8 82.4 24.2
      vertex 36.8 82.4 10.2
    endloop
  endfacet
  facet normal -1 0 0
    outer loop
      vertex 45 82.4 10.2
      vertex 45 84.8 24.2
      vertex 45 84.8 10.2
    endloop
  endfacet
  facet normal -1 -0 0
    outer loop
      vertex 45 84.8 24.2
      vertex 45 82.4 10.2
      vertex 45 82.4 24.2
    endloop
  endfacet
  facet normal 0 0 -1
    outer loop
      vertex 42.8 82.4 24.2
      vertex 45 84.8 24.2
      vertex 45 82.4 24.2
    endloop
  endfacet
  facet normal -0 0 -1
    outer loop
      vertex 45 84.8 24.2
      vertex 42.8 82.4 24.2
      vertex 42.8 84.8 24.2
    endloop
  endfacet
  facet normal -0 0 1
    outer loop
      vertex 42.8 84.8 10.2
      vertex 45 82.4 10.2
      vertex 45 84.8 10.2
    endloop
  endfacet
  facet normal 0 0 1
    outer loop
      vertex 45 82.4 10.2
      vertex 42.8 84.8 10.2
      vertex 42.8 82.4 10.2
    endloop
  endfacet
  facet normal 1 -0 0
    outer loop
      vertex 42.8 82.4 24.2
      vertex 42.8 84.8 10.2
      vertex 42.8 84.8 24.2
    endloop
  endfacet
  facet normal 1 0 0
    outer loop
      vertex 42.8 84.8 10.2
      vertex 42.8 82.4 24.2
      vertex 42.8 82.4 10.2
    endloop
  endfacet
  facet normal -1 0 0
    outer loop
      vertex 51 82.4 10.2
      vertex 51 84.8 24.2
      vertex 51 84.8 10.2
    endloop
  endfacet
  facet normal -1 -0 0
    outer loop
      vertex 51 84.8 24.2
      vertex 51 82.4 10.2
      vertex 51 82.4 24.2
    endloop
  endfacet
  facet normal 0 0 -1
    outer loop
      vertex 48.8 82.4 24.2
      vertex 51 84.8 24.2
      vertex 51 82.4 24.2
    endloop
  endfacet
  facet normal -0 0 -1
    outer loop
      vertex 51 84.8 24.2
      vertex 48.8 82.4 24.2
      vertex 48.8 84.8 24.2
    endloop
  endfacet
  facet normal -0 0 1
    outer loop
      vertex 48.8 84.8 10.2
      vertex 51 82.4 10.2
      vertex 51 84.8 10.2
    endloop
  endfacet
  facet normal 0 0 1
    outer loop
      vertex 51 82.4 10.2
      vertex 48.8 84.8 10.2
      vertex 48.8 82.4 10.2
    endloop
  endfacet
  facet normal 1 -0 0
    outer loop
      vertex 48.8 82.4 24.2
      vertex 48.8 84.8 10.2
      vertex 48.8 84.8 24.2
    endloop
  endfacet
  facet normal 1 0 0
    outer loop
      vertex 48.8 84.8 10.2
      vertex 48.8 82.4 24.2
      vertex 48.8 82.4 10.2
    endloop
  endfacet
  facet normal -1 0 0
    outer loop
      vertex 57 82.4 10.2
      vertex 57 84.8 24.2
      vertex 57 84.8 10.2
    endloop
  endfacet
  facet normal -1 -0 0
    outer loop
      vertex 57 84.8 24.2
      vertex 57 82.4 10.2
      vertex 57 82.4 24.2
    endloop
  endfacet
  facet normal 0 0 -1
    outer loop
      vertex 54.8 82.4 24.2
      vertex 57 84.8 24.2
      vertex 57 82.4 24.2
    endloop
  endfacet
  facet normal -0 0 -1
    outer loop
      vertex 57 84.8 24.2
      vertex 54.8 82.4 24.2
      vertex 54.8 84.8 24.2
    endloop
  endfacet
  facet normal -0 0 1
    outer loop
      vertex 54.8 84.8 10.2
      vertex 57 82.4 10.2
      vertex 57 84.8 10.2
    endloop
  endfacet
  facet normal 0 0 1
    outer loop
      vertex 57 82.4 10.2
      vertex 54.8 84.8 10.2
      vertex 54.8 82.4 10.2
    endloop
  endfacet
  facet normal 1 -0 0
    outer loop
      vertex 54.8 82.4 24.2
      vertex 54.8 84.8 10.2
      vertex 54.8 84.8 24.2
    endloop
  endfacet
  facet normal 1 0 0
    outer loop
      vertex 54.8 84.8 10.2
      vertex 54.8 82.4 24.2
      vertex 54.8 82.4 10.2
    endloop
  endfacet
  facet normal -1 0 0
    outer loop
      vertex 63 82.4 10.2
      vertex 63 84.8 24.2
      vertex 63 84.8 10.2
    endloop
  endfacet
  facet normal -1 -0 0
    outer loop
      vertex 63 84.8 24.2
      vertex 63 82.4 10.2
      vertex 63 82.4 24.2
    endloop
  endfacet
  facet normal 0 0 -1
    outer loop
      vertex 60.8 82.4 24.2
      vertex 63 84.8 24.2
      vertex 63 82.4 24.2
    endloop
  endfacet
  facet normal -0 0 -1
    outer loop
      vertex 63 84.8 24.2
      vertex 60.8 82.4 24.2
      vertex 60.8 84.8 24.2
    endloop
  endfacet
  facet normal -0 0 1
    outer loop
      vertex 60.8 84.8 10.2
      vertex 63 82.4 10.2
      vertex 63 84.8 10.2
    endloop
  endfacet
  facet normal 0 0 1
    outer loop
      vertex 63 82.4 10.2
      vertex 60.8 84.8 10.2
      vertex 60.8 82.4 10.2
    endloop
  endfacet
  facet normal 1 -0 0
    outer loop
      vertex 60.8 82.4 24.2
      vertex 60.8 84.8 10.2
      vertex 60.8 84.8 24.2
    endloop
  endfacet
  facet normal 1 0 0
    outer loop
      vertex 60.8 84.8 10.2
      vertex 60.8 82.4 24.2
      vertex 60.8 82.4 10.2
    endloop
  endfacet
  facet normal -1 0 0
    outer loop
      vertex 69 82.4 10.2
      vertex 69 84.8 24.2
      vertex 69 84.8 10.2
    endloop
  endfacet
  facet normal -1 -0 0
    outer loop
      vertex 69 84.8 24.2
      vertex 69 82.4 10.2
      vertex 69 82.4 24.2
    endloop
  endfacet
  facet normal 0 0 -1
    outer loop
      vertex 66.8 82.4 24.2
      vertex 69 84.8 24.2
      vertex 69 82.4 24.2
    endloop
  endfacet
  facet normal -0 0 -1
    outer loop
      vertex 69 84.8 24.2
      vertex 66.8 82.4 24.2
      vertex 66.8 84.8 24.2
    endloop
  endfacet
  facet normal -0 0 1
    outer loop
      vertex 66.8 84.8 10.2
      vertex 69 82.4 10.2
      vertex 69 84.8 10.2
    endloop
  endfacet
  facet normal 0 0 1
    outer loop
      vertex 69 82.4 10.2
      vertex 66.8 84.8 10.2
      vertex 66.8 82.4 10.2
    endloop
  endfacet
  facet normal 1 -0 0
    outer loop
      vertex 66.8 82.4 24.2
      vertex 66.8 84.8 10.2
      vertex 66.8 84.8 24.2
    endloop
  endfacet
  facet normal 1 0 0
    outer loop
      vertex 66.8 84.8 10.2
      vertex 66.8 82.4 24.2
      vertex 66.8 82.4 10.2
    endloop
  endfacet
  facet normal -1 0 0
    outer loop
      vertex 75 82.4 10.2
      vertex 75 84.8 24.2
      vertex 75 84.8 10.2
    endloop
  endfacet
  facet normal -1 -0 0
    outer loop
      vertex 75 84.8 24.2
      vertex 75 82.4 10.2
      vertex 75 82.4 24.2
    endloop
  endfacet
  facet normal 0 0 -1
    outer loop
      vertex 72.8 82.4 24.2
      vertex 75 84.8 24.2
      vertex 75 82.4 24.2
    endloop
  endfacet
  facet normal -0 0 -1
    outer loop
      vertex 75 84.8 24.2
      vertex 72.8 82.4 24.2
      vertex 72.8 84.8 24.2
    endloop
  endfacet
  facet normal -0 0 1
    outer loop
      vertex 72.8 84.8 10.2
      vertex 75 82.4 10.2
      vertex 75 84.8 10.2
    endloop
  endfacet
  facet normal 0 0 1
    outer loop
      vertex 75 82.4 10.2
      vertex 72.8 84.8 10.2
      vertex 72.8 82.4 10.2
    endloop
  endfacet
  facet normal 1 -0 0
    outer loop
      vertex 72.8 82.4 24.2
      vertex 72.8 84.8 10.2
      vertex 72.8 84.8 24.2
    endloop
  endfacet
  facet normal 1 0 0
    outer loop
      vertex 72.8 84.8 10.2
      vertex 72.8 82.4 24.2
      vertex 72.8 82.4 10.2
    endloop
  endfacet
  facet normal -1 0 0
    outer loop
      vertex 81 82.4 10.2
      vertex 81 84.8 24.2
      vertex 81 84.8 10.2
    endloop
  endfacet
  facet normal -1 -0 0
    outer loop
      vertex 81 84.8 24.2
      vertex 81 82.4 10.2
      vertex 81 82.4 24.2
    endloop
  endfacet
  facet normal 0 0 -1
    outer loop
      vertex 78.8 82.4 24.2
      vertex 81 84.8 24.2
      vertex 81 82.4 24.2
    endloop
  endfacet
  facet normal -0 0 -1
    outer loop
      vertex 81 84.8 24.2
      vertex 78.8 82.4 24.2
      vertex 78.8 84.8 24.2
    endloop
  endfacet
  facet normal -0 0 1
    outer loop
      vertex 78.8 84.8 10.2
      vertex 81 82.4 10.2
      vertex 81 84.8 10.2
    endloop
  endfacet
  facet normal 0 0 1
    outer loop
      vertex 81 82.4 10.2
      vertex 78.8 84.8 10.2
      vertex 78.8 82.4 10.2
    endloop
  endfacet
  facet normal 1 -0 0
    outer loop
      vertex 78.8 82.4 24.2
      vertex 78.8 84.8 10.2
      vertex 78.8 84.8 24.2
    endloop
  endfacet
  facet normal 1 0 0
    outer loop
      vertex 78.8 84.8 10.2
      vertex 78.8 82.4 24.2
      vertex 78.8 82.4 10.2
    endloop
  endfacet
  facet normal -1 0 0
    outer loop
      vertex 87 82.4 10.2
      vertex 87 84.8 24.2
      vertex 87 84.8 10.2
    endloop
  endfacet
  facet normal -1 -0 0
    outer loop
      vertex 87 84.8 24.2
      vertex 87 82.4 10.2
      vertex 87 82.4 24.2
    endloop
  endfacet
  facet normal 0 0 -1
    outer loop
      vertex 84.8 82.4 24.2
      vertex 87 84.8 24.2
      vertex 87 82.4 24.2
    endloop
  endfacet
  facet normal -0 0 -1
    outer loop
      vertex 87 84.8 24.2
      vertex 84.8 82.4 24.2
      vertex 84.8 84.8 24.2
    endloop
  endfacet
  facet normal -0 0 1
    outer loop
      vertex 84.8 84.8 10.2
      vertex 87 82.4 10.2
      vertex 87 84.8 10.2
    endloop
  endfacet
  facet normal 0 0 1
    outer loop
      vertex 87 82.4 10.2
      vertex 84.8 84.8 10.2
      vertex 84.8 82.4 10.2
    endloop
  endfacet
  facet normal 1 -0 0
    outer loop
      vertex 84.8 82.4 24.2
      vertex 84.8 84.8 10.2
      vertex 84.8 84.8 24.2
    endloop
  endfacet
  facet normal 1 0 0
    outer loop
      vertex 84.8 84.8 10.2
      vertex 84.8 82.4 24.2
      vertex 84.8 82.4 10.2
    endloop
  endfacet
  facet normal -1 0 0
    outer loop
      vertex 93 82.4 10.2
      vertex 93 84.8 24.2
      vertex 93 84.8 10.2
    endloop
  endfacet
  facet normal -1 -0 0
    outer loop
      vertex 93 84.8 24.2
      vertex 93 82.4 10.2
      vertex 93 82.4 24.2
    endloop
  endfacet
  facet normal 0 0 -1
    outer loop
      vertex 90.8 82.4 24.2
      vertex 93 84.8 24.2
      vertex 93 82.4 24.2
    endloop
  endfacet
  facet normal -0 0 -1
    outer loop
      vertex 93 84.8 24.2
      vertex 90.8 82.4 24.2
      vertex 90.8 84.8 24.2
    endloop
  endfacet
  facet normal -0 0 1
    outer loop
      vertex 90.8 84.8 10.2
      vertex 93 82.4 10.2
      vertex 93 84.8 10.2
    endloop
  endfacet
  facet normal 0 0 1
    outer loop
      vertex 93 82.4 10.2
      vertex 90.8 84.8 10.2
      vertex 90.8 82.4 10.2
    endloop
  endfacet
  facet normal 1 -0 0
    outer loop
      vertex 90.8 82.4 24.2
      vertex 90.8 84.8 10.2
      vertex 90.8 84.8 24.2
    endloop
  endfacet
  facet normal 1 0 0
    outer loop
      vertex 90.8 84.8 10.2
      vertex 90.8 82.4 24.2
      vertex 90.8 82.4 10.2
    endloop
  endfacet
  facet normal 0.0615077 -0.998107 0
    outer loop
      vertex 125.8 0 0
      vertex 126.292 0.0303192 32.2
      vertex 125.8 0 32.2
    endloop
  endfacet
  facet normal 0.0615077 -0.998107 0
    outer loop
      vertex 126.292 0.0303192 32.2
      vertex 125.8 0 0
      vertex 126.292 0.0303192 0
    endloop
  endfacet
  facet normal -0.998934 0.0461694 0
    outer loop
      vertex 0 80.8 0
      vertex 0.0170593 81.1691 32.2
      vertex 0.0170593 81.1691 0
    endloop
  endfacet
  facet normal -0.998934 0.0461694 0
    outer loop
      vertex 0.0170593 81.1691 32.2
      vertex 0 80.8 0
      vertex 0 80.8 32.2
    endloop
  endfacet
  facet normal -1 0 0
    outer loop
      vertex 0 49.15 14.5
      vertex 0 80.8 0
      vertex 0 49.15 6.5
    endloop
  endfacet
  facet normal -1 0 0
    outer loop
      vertex 0 80.8 0
      vertex 0 36.15 6.5
      vertex 0 49.15 6.5
    endloop
  endfacet
  facet normal -1 -0 0
    outer loop
      vertex 0 36.15 6.5
      vertex 0 4 0
      vertex 0 36.15 14.5
    endloop
  endfacet
  facet normal -1 0 0
    outer loop
      vertex 0 4 0
      vertex 0 36.15 6.5
      vertex 0 80.8 0
    endloop
  endfacet
  facet normal -1 0 0
    outer loop
      vertex 0 80.8 0
      vertex 0 49.15 14.5
      vertex 0 80.8 32.2
    endloop
  endfacet
  facet normal -1 0 0
    outer loop
      vertex 0 36.15 14.5
      vertex 0 80.8 32.2
      vertex 0 49.15 14.5
    endloop
  endfacet
  facet normal -1 0 0
    outer loop
      vertex 0 36.15 14.5
      vertex 0 4 32.2
      vertex 0 80.8 32.2
    endloop
  endfacet
  facet normal -1 0 0
    outer loop
      vertex 0 4 32.2
      vertex 0 36.15 14.5
      vertex 0 4 0
    endloop
  endfacet
  facet normal -0.952944 -0.303147 0
    outer loop
      vertex 0.270111 2.55504 0
      vertex 0.120819 3.02434 32.2
      vertex 0.120819 3.02434 0
    endloop
  endfacet
  facet normal -0.952944 -0.303147 0
    outer loop
      vertex 0.120819 3.02434 32.2
      vertex 0.270111 2.55504 0
      vertex 0.270111 2.55504 32.2
    endloop
  endfacet
  facet normal -0.27367 -0.961824 0
    outer loop
      vertex 2.67058 0.227386 0
      vertex 3.14427 0.0926056 32.2
      vertex 2.67058 0.227386 32.2
    endloop
  endfacet
  facet normal -0.27367 -0.961824 -0
    outer loop
      vertex 3.14427 0.0926056 32.2
      vertex 2.67058 0.227386 0
      vertex 3.14427 0.0926056 0
    endloop
  endfacet
  facet normal -0.717855 0.696193 0
    outer loop
      vertex 0.962387 83.4025 0
      vertex 1.30522 83.756 32.2
      vertex 1.30522 83.756 0
    endloop
  endfacet
  facet normal -0.717855 0.696193 0
    outer loop
      vertex 1.30522 83.756 32.2
      vertex 0.962387 83.4025 0
      vertex 0.962387 83.4025 32.2
    endloop
  endfacet
  facet normal 0.998142 0.0609243 0
    outer loop
      vertex 129.8 80.8 32.2
      vertex 129.77 81.2915 0
      vertex 129.77 81.2915 32.2
    endloop
  endfacet
  facet normal 0.998142 0.0609243 0
    outer loop
      vertex 129.77 81.2915 0
      vertex 129.8 80.8 32.2
      vertex 129.8 80.8 0
    endloop
  endfacet
  facet normal 0.274077 0.961708 -0
    outer loop
      vertex 127.129 84.5726 0
      vertex 126.656 84.7074 32.2
      vertex 127.129 84.5726 32.2
    endloop
  endfacet
  facet normal 0.274077 0.961708 0
    outer loop
      vertex 126.656 84.7074 32.2
      vertex 127.129 84.5726 0
      vertex 126.656 84.7074 0
    endloop
  endfacet
  facet normal -0.183758 0.982972 0
    outer loop
      vertex 3.50845 84.7697 0
      vertex 3.02434 84.6792 32.2
      vertex 3.50845 84.7697 32.2
    endloop
  endfacet
  facet normal -0.183758 0.982972 0
    outer loop
      vertex 3.02434 84.6792 32.2
      vertex 3.50845 84.7697 0
      vertex 3.02434 84.6792 0
    endloop
  endfacet
  facet normal 0 -1 0
    outer loop
      vertex 87 0 10.2
      vertex 90.8 0 24.2
      vertex 87 0 24.2
    endloop
  endfacet
  facet normal 0 -1 -0
    outer loop
      vertex 90.8 0 24.2
      vertex 87 0 10.2
      vertex 90.8 0 10.2
    endloop
  endfacet
  facet normal 0 -1 0
    outer loop
      vertex 81 0 10.2
      vertex 84.8 0 24.2
      vertex 81 0 24.2
    endloop
  endfacet
  facet normal 0 -1 -0
    outer loop
      vertex 84.8 0 24.2
      vertex 81 0 10.2
      vertex 84.8 0 10.2
    endloop
  endfacet
  facet normal 0 -1 0
    outer loop
      vertex 75 0 10.2
      vertex 78.8 0 24.2
      vertex 75 0 24.2
    endloop
  endfacet
  facet normal 0 -1 -0
    outer loop
      vertex 78.8 0 24.2
      vertex 75 0 10.2
      vertex 78.8 0 10.2
    endloop
  endfacet
  facet normal 0 -1 0
    outer loop
      vertex 69 0 10.2
      vertex 72.8 0 24.2
      vertex 69 0 24.2
    endloop
  endfacet
  facet normal 0 -1 -0
    outer loop
      vertex 72.8 0 24.2
      vertex 69 0 10.2
      vertex 72.8 0 10.2
    endloop
  endfacet
  facet normal 0 -1 0
    outer loop
      vertex 63 0 10.2
      vertex 66.8 0 24.2
      vertex 63 0 24.2
    endloop
  endfacet
  facet normal 0 -1 -0
    outer loop
      vertex 66.8 0 24.2
      vertex 63 0 10.2
      vertex 66.8 0 10.2
    endloop
  endfacet
  facet normal 0 -1 0
    outer loop
      vertex 57 0 10.2
      vertex 60.8 0 24.2
      vertex 57 0 24.2
    endloop
  endfacet
  facet normal 0 -1 -0
    outer loop
      vertex 60.8 0 24.2
      vertex 57 0 10.2
      vertex 60.8 0 10.2
    endloop
  endfacet
  facet normal 0 -1 0
    outer loop
      vertex 51 0 10.2
      vertex 54.8 0 24.2
      vertex 51 0 24.2
    endloop
  endfacet
  facet normal 0 -1 -0
    outer loop
      vertex 54.8 0 24.2
      vertex 51 0 10.2
      vertex 54.8 0 10.2
    endloop
  endfacet
  facet normal 0 -1 0
    outer loop
      vertex 45 0 10.2
      vertex 48.8 0 24.2
      vertex 45 0 24.2
    endloop
  endfacet
  facet normal 0 -1 -0
    outer loop
      vertex 48.8 0 24.2
      vertex 45 0 10.2
      vertex 48.8 0 10.2
    endloop
  endfacet
  facet normal 0 -1 0
    outer loop
      vertex 39 0 10.2
      vertex 42.8 0 24.2
      vertex 39 0 24.2
    endloop
  endfacet
  facet normal 0 -1 -0
    outer loop
      vertex 42.8 0 24.2
      vertex 39 0 10.2
      vertex 42.8 0 10.2
    endloop
  endfacet
  facet normal 0 -1 0
    outer loop
      vertex 39 0 24.2
      vertex 4 0 32.2
      vertex 36.8 0 24.2
    endloop
  endfacet
  facet normal 0 -1 0
    outer loop
      vertex 4 0 32.2
      vertex 36.8 0 10.2
      vertex 36.8 0 24.2
    endloop
  endfacet
  facet normal 0 -1 0
    outer loop
      vertex 4 0 0
      vertex 39 0 10.2
      vertex 36.8 0 10.2
    endloop
  endfacet
  facet normal 0 -1 -0
    outer loop
      vertex 39 0 10.2
      vertex 4 0 0
      vertex 42.8 0 10.2
    endloop
  endfacet
  facet normal 0 -1 -0
    outer loop
      vertex 42.8 0 10.2
      vertex 4 0 0
      vertex 45 0 10.2
    endloop
  endfacet
  facet normal 0 -1 -0
    outer loop
      vertex 45 0 10.2
      vertex 4 0 0
      vertex 48.8 0 10.2
    endloop
  endfacet
  facet normal 0 -1 -0
    outer loop
      vertex 48.8 0 10.2
      vertex 4 0 0
      vertex 51 0 10.2
    endloop
  endfacet
  facet normal 0 -1 -0
    outer loop
      vertex 51 0 10.2
      vertex 4 0 0
      vertex 54.8 0 10.2
    endloop
  endfacet
  facet normal 0 -1 -0
    outer loop
      vertex 54.8 0 10.2
      vertex 4 0 0
      vertex 57 0 10.2
    endloop
  endfacet
  facet normal 0 -1 -0
    outer loop
      vertex 57 0 10.2
      vertex 4 0 0
      vertex 60.8 0 10.2
    endloop
  endfacet
  facet normal 0 -1 -0
    outer loop
      vertex 60.8 0 10.2
      vertex 4 0 0
      vertex 63 0 10.2
    endloop
  endfacet
  facet normal 0 -1 -0
    outer loop
      vertex 63 0 10.2
      vertex 4 0 0
      vertex 66.8 0 10.2
    endloop
  endfacet
  facet normal 0 -1 0
    outer loop
      vertex 125.8 0 0
      vertex 66.8 0 10.2
      vertex 4 0 0
    endloop
  endfacet
  facet normal 0 -1 0
    outer loop
      vertex 66.8 0 10.2
      vertex 125.8 0 0
      vertex 69 0 10.2
    endloop
  endfacet
  facet normal 0 -1 0
    outer loop
      vertex 69 0 10.2
      vertex 125.8 0 0
      vertex 72.8 0 10.2
    endloop
  endfacet
  facet normal 0 -1 0
    outer loop
      vertex 72.8 0 10.2
      vertex 125.8 0 0
      vertex 75 0 10.2
    endloop
  endfacet
  facet normal 0 -1 0
    outer loop
      vertex 75 0 10.2
      vertex 125.8 0 0
      vertex 78.8 0 10.2
    endloop
  endfacet
  facet normal 0 -1 0
    outer loop
      vertex 78.8 0 10.2
      vertex 125.8 0 0
      vertex 81 0 10.2
    endloop
  endfacet
  facet normal 0 -1 0
    outer loop
      vertex 81 0 10.2
      vertex 125.8 0 0
      vertex 84.8 0 10.2
    endloop
  endfacet
  facet normal 0 -1 0
    outer loop
      vertex 84.8 0 10.2
      vertex 125.8 0 0
      vertex 87 0 10.2
    endloop
  endfacet
  facet normal 0 -1 0
    outer loop
      vertex 87 0 10.2
      vertex 125.8 0 0
      vertex 90.8 0 10.2
    endloop
  endfacet
  facet normal 0 -1 0
    outer loop
      vertex 4 0 0
      vertex 36.8 0 10.2
      vertex 4 0 32.2
    endloop
  endfacet
  facet normal 0 -1 0
    outer loop
      vertex 42.8 0 24.2
      vertex 4 0 32.2
      vertex 39 0 24.2
    endloop
  endfacet
  facet normal 0 -1 0
    outer loop
      vertex 45 0 24.2
      vertex 4 0 32.2
      vertex 42.8 0 24.2
    endloop
  endfacet
  facet normal 0 -1 0
    outer loop
      vertex 48.8 0 24.2
      vertex 4 0 32.2
      vertex 45 0 24.2
    endloop
  endfacet
  facet normal 0 -1 0
    outer loop
      vertex 51 0 24.2
      vertex 4 0 32.2
      vertex 48.8 0 24.2
    endloop
  endfacet
  facet normal 0 -1 0
    outer loop
      vertex 54.8 0 24.2
      vertex 4 0 32.2
      vertex 51 0 24.2
    endloop
  endfacet
  facet normal 0 -1 0
    outer loop
      vertex 57 0 24.2
      vertex 4 0 32.2
      vertex 54.8 0 24.2
    endloop
  endfacet
  facet normal 0 -1 0
    outer loop
      vertex 60.8 0 24.2
      vertex 4 0 32.2
      vertex 57 0 24.2
    endloop
  endfacet
  facet normal 0 -1 0
    outer loop
      vertex 63 0 24.2
      vertex 4 0 32.2
      vertex 60.8 0 24.2
    endloop
  endfacet
  facet normal 0 -1 0
    outer loop
      vertex 4 0 32.2
      vertex 63 0 24.2
      vertex 125.8 0 32.2
    endloop
  endfacet
  facet normal 0 -1 0
    outer loop
      vertex 66.8 0 24.2
      vertex 125.8 0 32.2
      vertex 63 0 24.2
    endloop
  endfacet
  facet normal 0 -1 0
    outer loop
      vertex 69 0 24.2
      vertex 125.8 0 32.2
      vertex 66.8 0 24.2
    endloop
  endfacet
  facet normal 0 -1 0
    outer loop
      vertex 72.8 0 24.2
      vertex 125.8 0 32.2
      vertex 69 0 24.2
    endloop
  endfacet
  facet normal 0 -1 0
    outer loop
      vertex 75 0 24.2
      vertex 125.8 0 32.2
      vertex 72.8 0 24.2
    endloop
  endfacet
  facet normal 0 -1 0
    outer loop
      vertex 78.8 0 24.2
      vertex 125.8 0 32.2
      vertex 75 0 24.2
    endloop
  endfacet
  facet normal 0 -1 0
    outer loop
      vertex 81 0 24.2
      vertex 125.8 0 32.2
      vertex 78.8 0 24.2
    endloop
  endfacet
  facet normal 0 -1 0
    outer loop
      vertex 84.8 0 24.2
      vertex 125.8 0 32.2
      vertex 81 0 24.2
    endloop
  endfacet
  facet normal 0 -1 0
    outer loop
      vertex 87 0 24.2
      vertex 125.8 0 32.2
      vertex 84.8 0 24.2
    endloop
  endfacet
  facet normal 0 -1 0
    outer loop
      vertex 90.8 0 24.2
      vertex 125.8 0 32.2
      vertex 87 0 24.2
    endloop
  endfacet
  facet normal 0 -1 0
    outer loop
      vertex 93 0 24.2
      vertex 125.8 0 32.2
      vertex 90.8 0 24.2
    endloop
  endfacet
  facet normal 0 -1 0
    outer loop
      vertex 93 0 10.2
      vertex 125.8 0 32.2
      vertex 93 0 24.2
    endloop
  endfacet
  facet normal 0 -1 0
    outer loop
      vertex 93 0 10.2
      vertex 125.8 0 0
      vertex 125.8 0 32.2
    endloop
  endfacet
  facet normal 0 -1 0
    outer loop
      vertex 90.8 0 10.2
      vertex 125.8 0 0
      vertex 93 0 10.2
    endloop
  endfacet
  facet normal -0.961825 0.273665 0
    outer loop
      vertex 0.0926056 81.6557 0
      vertex 0.227386 82.1294 32.2
      vertex 0.227386 82.1294 0
    endloop
  endfacet
  facet normal -0.961825 0.273665 0
    outer loop
      vertex 0.227386 82.1294 32.2
      vertex 0.0926056 81.6557 0
      vertex 0.0926056 81.6557 32.2
    endloop
  endfacet
  facet normal -0.500009 -0.86602 0
    outer loop
      vertex 1.79054 0.665588 0
      vertex 2.21704 0.419342 32.2
      vertex 1.79054 0.665588 32.2
    endloop
  endfacet
  facet normal -0.500009 -0.86602 -0
    outer loop
      vertex 2.21704 0.419342 32.2
      vertex 1.79054 0.665588 0
      vertex 2.21704 0.419342 0
    endloop
  endfacet
  facet normal 0 1 -0
    outer loop
      vertex 42.8 84.8 10.2
      vertex 39 84.8 24.2
      vertex 42.8 84.8 24.2
    endloop
  endfacet
  facet normal 0 1 0
    outer loop
      vertex 39 84.8 24.2
      vertex 42.8 84.8 10.2
      vertex 39 84.8 10.2
    endloop
  endfacet
  facet normal 0 1 -0
    outer loop
      vertex 48.8 84.8 10.2
      vertex 45 84.8 24.2
      vertex 48.8 84.8 24.2
    endloop
  endfacet
  facet normal 0 1 0
    outer loop
      vertex 45 84.8 24.2
      vertex 48.8 84.8 10.2
      vertex 45 84.8 10.2
    endloop
  endfacet
  facet normal 0 1 -0
    outer loop
      vertex 54.8 84.8 10.2
      vertex 51 84.8 24.2
      vertex 54.8 84.8 24.2
    endloop
  endfacet
  facet normal 0 1 0
    outer loop
      vertex 51 84.8 24.2
      vertex 54.8 84.8 10.2
      vertex 51 84.8 10.2
    endloop
  endfacet
  facet normal 0 1 -0
    outer loop
      vertex 60.8 84.8 10.2
      vertex 57 84.8 24.2
      vertex 60.8 84.8 24.2
    endloop
  endfacet
  facet normal 0 1 0
    outer loop
      vertex 57 84.8 24.2
      vertex 60.8 84.8 10.2
      vertex 57 84.8 10.2
    endloop
  endfacet
  facet normal 0 1 -0
    outer loop
      vertex 66.8 84.8 10.2
      vertex 63 84.8 24.2
      vertex 66.8 84.8 24.2
    endloop
  endfacet
  facet normal 0 1 0
    outer loop
      vertex 63 84.8 24.2
      vertex 66.8 84.8 10.2
      vertex 63 84.8 10.2
    endloop
  endfacet
  facet normal 0 1 -0
    outer loop
      vertex 72.8 84.8 10.2
      vertex 69 84.8 24.2
      vertex 72.8 84.8 24.2
    endloop
  endfacet
  facet normal 0 1 0
    outer loop
      vertex 69 84.8 24.2
      vertex 72.8 84.8 10.2
      vertex 69 84.8 10.2
    endloop
  endfacet
  facet normal 0 1 -0
    outer loop
      vertex 78.8 84.8 10.2
      vertex 75 84.8 24.2
      vertex 78.8 84.8 24.2
    endloop
  endfacet
  facet normal 0 1 0
    outer loop
      vertex 75 84.8 24.2
      vertex 78.8 84.8 10.2
      vertex 75 84.8 10.2
    endloop
  endfacet
  facet normal 0 1 -0
    outer loop
      vertex 84.8 84.8 10.2
      vertex 81 84.8 24.2
      vertex 84.8 84.8 24.2
    endloop
  endfacet
  facet normal 0 1 0
    outer loop
      vertex 81 84.8 24.2
      vertex 84.8 84.8 10.2
      vertex 81 84.8 10.2
    endloop
  endfacet
  facet normal 0 1 -0
    outer loop
      vertex 90.8 84.8 10.2
      vertex 87 84.8 24.2
      vertex 90.8 84.8 24.2
    endloop
  endfacet
  facet normal 0 1 0
    outer loop
      vertex 87 84.8 24.2
      vertex 90.8 84.8 10.2
      vertex 87 84.8 10.2
    endloop
  endfacet
  facet normal 0 1 0
    outer loop
      vertex 90.8 84.8 24.2
      vertex 125.8 84.8 32.2
      vertex 93 84.8 24.2
    endloop
  endfacet
  facet normal 0 1 0
    outer loop
      vertex 125.8 84.8 32.2
      vertex 93 84.8 10.2
      vertex 93 84.8 24.2
    endloop
  endfacet
  facet normal 0 1 0
    outer loop
      vertex 125.8 84.8 0
      vertex 90.8 84.8 10.2
      vertex 93 84.8 10.2
    endloop
  endfacet
  facet normal 0 1 0
    outer loop
      vertex 90.8 84.8 10.2
      vertex 125.8 84.8 0
      vertex 87 84.8 10.2
    endloop
  endfacet
  facet normal 0 1 0
    outer loop
      vertex 87 84.8 10.2
      vertex 125.8 84.8 0
      vertex 84.8 84.8 10.2
    endloop
  endfacet
  facet normal 0 1 0
    outer loop
      vertex 84.8 84.8 10.2
      vertex 125.8 84.8 0
      vertex 81 84.8 10.2
    endloop
  endfacet
  facet normal 0 1 0
    outer loop
      vertex 81 84.8 10.2
      vertex 125.8 84.8 0
      vertex 78.8 84.8 10.2
    endloop
  endfacet
  facet normal 0 1 0
    outer loop
      vertex 78.8 84.8 10.2
      vertex 125.8 84.8 0
      vertex 75 84.8 10.2
    endloop
  endfacet
  facet normal 0 1 0
    outer loop
      vertex 75 84.8 10.2
      vertex 125.8 84.8 0
      vertex 72.8 84.8 10.2
    endloop
  endfacet
  facet normal 0 1 0
    outer loop
      vertex 72.8 84.8 10.2
      vertex 125.8 84.8 0
      vertex 69 84.8 10.2
    endloop
  endfacet
  facet normal 0 1 0
    outer loop
      vertex 69 84.8 10.2
      vertex 125.8 84.8 0
      vertex 66.8 84.8 10.2
    endloop
  endfacet
  facet normal 0 1 0
    outer loop
      vertex 66.8 84.8 10.2
      vertex 125.8 84.8 0
      vertex 63 84.8 10.2
    endloop
  endfacet
  facet normal 0 1 0
    outer loop
      vertex 4 84.8 0
      vertex 63 84.8 10.2
      vertex 125.8 84.8 0
    endloop
  endfacet
  facet normal 0 1 0
    outer loop
      vertex 63 84.8 10.2
      vertex 4 84.8 0
      vertex 60.8 84.8 10.2
    endloop
  endfacet
  facet normal 0 1 0
    outer loop
      vertex 60.8 84.8 10.2
      vertex 4 84.8 0
      vertex 57 84.8 10.2
    endloop
  endfacet
  facet normal 0 1 0
    outer loop
      vertex 57 84.8 10.2
      vertex 4 84.8 0
      vertex 54.8 84.8 10.2
    endloop
  endfacet
  facet normal 0 1 0
    outer loop
      vertex 54.8 84.8 10.2
      vertex 4 84.8 0
      vertex 51 84.8 10.2
    endloop
  endfacet
  facet normal 0 1 0
    outer loop
      vertex 51 84.8 10.2
      vertex 4 84.8 0
      vertex 48.8 84.8 10.2
    endloop
  endfacet
  facet normal 0 1 0
    outer loop
      vertex 48.8 84.8 10.2
      vertex 4 84.8 0
      vertex 45 84.8 10.2
    endloop
  endfacet
  facet normal 0 1 0
    outer loop
      vertex 45 84.8 10.2
      vertex 4 84.8 0
      vertex 42.8 84.8 10.2
    endloop
  endfacet
  facet normal 0 1 0
    outer loop
      vertex 42.8 84.8 10.2
      vertex 4 84.8 0
      vertex 39 84.8 10.2
    endloop
  endfacet
  facet normal 0 1 -0
    outer loop
      vertex 125.8 84.8 0
      vertex 93 84.8 10.2
      vertex 125.8 84.8 32.2
    endloop
  endfacet
  facet normal 0 1 0
    outer loop
      vertex 87 84.8 24.2
      vertex 125.8 84.8 32.2
      vertex 90.8 84.8 24.2
    endloop
  endfacet
  facet normal 0 1 0
    outer loop
      vertex 84.8 84.8 24.2
      vertex 125.8 84.8 32.2
      vertex 87 84.8 24.2
    endloop
  endfacet
  facet normal 0 1 0
    outer loop
      vertex 81 84.8 24.2
      vertex 125.8 84.8 32.2
      vertex 84.8 84.8 24.2
    endloop
  endfacet
  facet normal 0 1 0
    outer loop
      vertex 78.8 84.8 24.2
      vertex 125.8 84.8 32.2
      vertex 81 84.8 24.2
    endloop
  endfacet
  facet normal 0 1 0
    outer loop
      vertex 75 84.8 24.2
      vertex 125.8 84.8 32.2
      vertex 78.8 84.8 24.2
    endloop
  endfacet
  facet normal 0 1 0
    outer loop
      vertex 72.8 84.8 24.2
      vertex 125.8 84.8 32.2
      vertex 75 84.8 24.2
    endloop
  endfacet
  facet normal 0 1 0
    outer loop
      vertex 69 84.8 24.2
      vertex 125.8 84.8 32.2
      vertex 72.8 84.8 24.2
    endloop
  endfacet
  facet normal 0 1 0
    outer loop
      vertex 66.8 84.8 24.2
      vertex 125.8 84.8 32.2
      vertex 69 84.8 24.2
    endloop
  endfacet
  facet normal 0 1 0
    outer loop
      vertex 125.8 84.8 32.2
      vertex 66.8 84.8 24.2
      vertex 4 84.8 32.2
    endloop
  endfacet
  facet normal 0 1 -0
    outer loop
      vertex 63 84.8 24.2
      vertex 4 84.8 32.2
      vertex 66.8 84.8 24.2
    endloop
  endfacet
  facet normal 0 1 -0
    outer loop
      vertex 60.8 84.8 24.2
      vertex 4 84.8 32.2
      vertex 63 84.8 24.2
    endloop
  endfacet
  facet normal 0 1 -0
    outer loop
      vertex 57 84.8 24.2
      vertex 4 84.8 32.2
      vertex 60.8 84.8 24.2
    endloop
  endfacet
  facet normal 0 1 -0
    outer loop
      vertex 54.8 84.8 24.2
      vertex 4 84.8 32.2
      vertex 57 84.8 24.2
    endloop
  endfacet
  facet normal 0 1 -0
    outer loop
      vertex 51 84.8 24.2
      vertex 4 84.8 32.2
      vertex 54.8 84.8 24.2
    endloop
  endfacet
  facet normal 0 1 -0
    outer loop
      vertex 48.8 84.8 24.2
      vertex 4 84.8 32.2
      vertex 51 84.8 24.2
    endloop
  endfacet
  facet normal 0 1 -0
    outer loop
      vertex 45 84.8 24.2
      vertex 4 84.8 32.2
      vertex 48.8 84.8 24.2
    endloop
  endfacet
  facet normal 0 1 -0
    outer loop
      vertex 42.8 84.8 24.2
      vertex 4 84.8 32.2
      vertex 45 84.8 24.2
    endloop
  endfacet
  facet normal 0 1 -0
    outer loop
      vertex 39 84.8 24.2
      vertex 4 84.8 32.2
      vertex 42.8 84.8 24.2
    endloop
  endfacet
  facet normal 0 1 -0
    outer loop
      vertex 36.8 84.8 24.2
      vertex 4 84.8 32.2
      vertex 39 84.8 24.2
    endloop
  endfacet
  facet normal 0 1 -0
    outer loop
      vertex 36.8 84.8 10.2
      vertex 4 84.8 32.2
      vertex 36.8 84.8 24.2
    endloop
  endfacet
  facet normal 0 1 0
    outer loop
      vertex 36.8 84.8 10.2
      vertex 4 84.8 0
      vertex 4 84.8 32.2
    endloop
  endfacet
  facet normal 0 1 0
    outer loop
      vertex 39 84.8 10.2
      vertex 4 84.8 0
      vertex 36.8 84.8 10.2
    endloop
  endfacet
  facet normal 0.865357 -0.501156 0
    outer loop
      vertex 129.134 1.79054 32.2
      vertex 129.381 2.21704 0
      vertex 129.381 2.21704 32.2
    endloop
  endfacet
  facet normal 0.865357 -0.501156 0
    outer loop
      vertex 129.381 2.21704 0
      vertex 129.134 1.79054 32.2
      vertex 129.134 1.79054 0
    endloop
  endfacet
  facet normal 0.850443 0.526068 0
    outer loop
      vertex 129.324 82.6924 32.2
      vertex 129.065 83.1111 0
      vertex 129.065 83.1111 32.2
    endloop
  endfacet
  facet normal 0.850443 0.526068 0
    outer loop
      vertex 129.065 83.1111 0
      vertex 129.324 82.6924 32.2
      vertex 129.324 82.6924 0
    endloop
  endfacet
  facet normal -0.418051 0.908424 0
    outer loop
      vertex 2.55504 84.5299 0
      vertex 2.10762 84.324 32.2
      vertex 2.55504 84.5299 32.2
    endloop
  endfacet
  facet normal -0.418051 0.908424 0
    outer loop
      vertex 2.10762 84.324 32.2
      vertex 2.55504 84.5299 0
      vertex 2.10762 84.324 0
    endloop
  endfacet
  facet normal 0.626606 -0.779336 0
    outer loop
      vertex 128.111 0.735214 0
      vertex 128.495 1.04396 32.2
      vertex 128.111 0.735214 32.2
    endloop
  endfacet
  facet normal 0.626606 -0.779336 0
    outer loop
      vertex 128.495 1.04396 32.2
      vertex 128.111 0.735214 0
      vertex 128.495 1.04396 0
    endloop
  endfacet
  facet normal -0.303162 0.952939 0
    outer loop
      vertex 3.02434 84.6792 0
      vertex 2.55504 84.5299 32.2
      vertex 3.02434 84.6792 32.2
    endloop
  endfacet
  facet normal -0.303162 0.952939 0
    outer loop
      vertex 2.55504 84.5299 32.2
      vertex 3.02434 84.6792 0
      vertex 2.55504 84.5299 0
    endloop
  endfacet
  facet normal -0.061525 0.998106 0
    outer loop
      vertex 4 84.8 0
      vertex 3.50845 84.7697 32.2
      vertex 4 84.8 32.2
    endloop
  endfacet
  facet normal -0.061525 0.998106 0
    outer loop
      vertex 3.50845 84.7697 32.2
      vertex 4 84.8 0
      vertex 3.50845 84.7697 0
    endloop
  endfacet
  facet normal -0.988162 0.153415 0
    outer loop
      vertex 0.0170593 81.1691 0
      vertex 0.0926056 81.6557 32.2
      vertex 0.0926056 81.6557 0
    endloop
  endfacet
  facet normal -0.988162 0.153415 0
    outer loop
      vertex 0.0926056 81.6557 32.2
      vertex 0.0170593 81.1691 0
      vertex 0.0170593 81.1691 32.2
    endloop
  endfacet
  facet normal -0.982972 -0.183757 0
    outer loop
      vertex 0.120819 3.02434 0
      vertex 0.0303192 3.50845 32.2
      vertex 0.0303192 3.50845 0
    endloop
  endfacet
  facet normal -0.982972 -0.183757 0
    outer loop
      vertex 0.0303192 3.50845 32.2
      vertex 0.120819 3.02434 0
      vertex 0.120819 3.02434 32.2
    endloop
  endfacet
  facet normal -0.920901 0.389796 0
    outer loop
      vertex 0.227386 82.1294 0
      vertex 0.419342 82.5829 32.2
      vertex 0.419342 82.5829 0
    endloop
  endfacet
  facet normal -0.920901 0.389796 0
    outer loop
      vertex 0.419342 82.5829 32.2
      vertex 0.227386 82.1294 0
      vertex 0.227386 82.1294 32.2
    endloop
  endfacet
  facet normal -0.850216 -0.526434 0
    outer loop
      vertex 0.735214 1.6889 0
      vertex 0.475952 2.10762 32.2
      vertex 0.475952 2.10762 0
    endloop
  endfacet
  facet normal -0.850216 -0.526434 0
    outer loop
      vertex 0.475952 2.10762 32.2
      vertex 0.735214 1.6889 0
      vertex 0.735214 1.6889 32.2
    endloop
  endfacet
  facet normal -0.779081 -0.626924 0
    outer loop
      vertex 1.04396 1.30522 0
      vertex 0.735214 1.6889 32.2
      vertex 0.735214 1.6889 0
    endloop
  endfacet
  facet normal -0.779081 -0.626924 0
    outer loop
      vertex 0.735214 1.6889 32.2
      vertex 1.04396 1.30522 0
      vertex 1.04396 1.30522 32.2
    endloop
  endfacet
  facet normal 0.389508 0.921023 -0
    outer loop
      vertex 127.583 84.3806 0
      vertex 127.129 84.5726 32.2
      vertex 127.583 84.3806 32.2
    endloop
  endfacet
  facet normal 0.389508 0.921023 0
    outer loop
      vertex 127.129 84.5726 32.2
      vertex 127.583 84.3806 0
      vertex 127.129 84.5726 0
    endloop
  endfacet
  facet normal 0.500379 0.865806 -0
    outer loop
      vertex 128.009 84.1344 0
      vertex 127.583 84.3806 32.2
      vertex 128.009 84.1344 32.2
    endloop
  endfacet
  facet normal 0.500379 0.865806 0
    outer loop
      vertex 127.583 84.3806 32.2
      vertex 128.009 84.1344 0
      vertex 127.583 84.3806 0
    endloop
  endfacet
  facet normal -0.908469 -0.417952 0
    outer loop
      vertex 0.475952 2.10762 0
      vertex 0.270111 2.55504 32.2
      vertex 0.270111 2.55504 0
    endloop
  endfacet
  facet normal -0.908469 -0.417952 0
    outer loop
      vertex 0.270111 2.55504 32.2
      vertex 0.475952 2.10762 0
      vertex 0.475952 2.10762 32.2
    endloop
  endfacet
  facet normal -0.62699 0.779027 0
    outer loop
      vertex 1.6889 84.0648 0
      vertex 1.30522 83.756 32.2
      vertex 1.6889 84.0648 32.2
    endloop
  endfacet
  facet normal -0.62699 0.779027 0
    outer loop
      vertex 1.30522 83.756 32.2
      vertex 1.6889 84.0648 0
      vertex 1.30522 83.756 0
    endloop
  endfacet
  facet normal -0.696132 -0.717914 0
    outer loop
      vertex 1.04396 1.30522 0
      vertex 1.39752 0.962387 32.2
      vertex 1.04396 1.30522 32.2
    endloop
  endfacet
  facet normal -0.696132 -0.717914 -0
    outer loop
      vertex 1.39752 0.962387 32.2
      vertex 1.04396 1.30522 0
      vertex 1.39752 0.962387 0
    endloop
  endfacet
  facet normal -0.389767 -0.920914 0
    outer loop
      vertex 2.21704 0.419342 0
      vertex 2.67058 0.227386 32.2
      vertex 2.21704 0.419342 32.2
    endloop
  endfacet
  facet normal -0.389767 -0.920914 -0
    outer loop
      vertex 2.67058 0.227386 32.2
      vertex 2.21704 0.419342 0
      vertex 2.67058 0.227386 0
    endloop
  endfacet
  facet normal 0 0 1
    outer loop
      vertex 129.77 81.2915 32.2
      vertex 127.329 81.2716 32.2
      vertex 127.4 80.8 32.2
    endloop
  endfacet
  facet normal 0 0 1
    outer loop
      vertex 126.385 82.2894 32.2
      vertex 127.583 84.3806 32.2
      vertex 127.129 84.5726 32.2
    endloop
  endfacet
  facet normal 0 0 1
    outer loop
      vertex 128.009 84.1344 32.2
      vertex 127.122 81.7013 32.2
      vertex 127.329 81.2716 32.2
    endloop
  endfacet
  facet normal 0 0 1
    outer loop
      vertex 128.009 84.1344 32.2
      vertex 126.798 82.0509 32.2
      vertex 127.122 81.7013 32.2
    endloop
  endfacet
  facet normal 0 0 1
    outer loop
      vertex 126.385 82.2894 32.2
      vertex 127.129 84.5726 32.2
      vertex 126.656 84.7074 32.2
    endloop
  endfacet
  facet normal 0 0 1
    outer loop
      vertex 127.583 84.3806 32.2
      vertex 126.385 82.2894 32.2
      vertex 126.798 82.0509 32.2
    endloop
  endfacet
  facet normal 0 0 1
    outer loop
      vertex 125.8 82.4 32.2
      vertex 126.656 84.7074 32.2
      vertex 126.169 84.7829 32.2
    endloop
  endfacet
  facet normal 0 0 1
    outer loop
      vertex 125.8 82.4 32.2
      vertex 126.169 84.7829 32.2
      vertex 125.8 84.8 32.2
    endloop
  endfacet
  facet normal 0 0 1
    outer loop
      vertex 126.656 84.7074 32.2
      vertex 125.8 82.4 32.2
      vertex 126.385 82.2894 32.2
    endloop
  endfacet
  facet normal -0 0 1
    outer loop
      vertex 4 84.8 32.2
      vertex 125.8 82.4 32.2
      vertex 125.8 84.8 32.2
    endloop
  endfacet
  facet normal 0 0 1
    outer loop
      vertex 4 84.8 32.2
      vertex 4 82.4 32.2
      vertex 125.8 82.4 32.2
    endloop
  endfacet
  facet normal -0 0 1
    outer loop
      vertex 3.50845 84.7697 32.2
      vertex 4 82.4 32.2
      vertex 4 84.8 32.2
    endloop
  endfacet
  facet normal 0 0 1
    outer loop
      vertex 4 82.4 32.2
      vertex 3.50845 84.7697 32.2
      vertex 3.5284 82.3289 32.2
    endloop
  endfacet
  facet normal -0 0 1
    outer loop
      vertex 3.02434 84.6792 32.2
      vertex 3.5284 82.3289 32.2
      vertex 3.50845 84.7697 32.2
    endloop
  endfacet
  facet normal -0 0 1
    outer loop
      vertex 2.55504 84.5299 32.2
      vertex 3.5284 82.3289 32.2
      vertex 3.02434 84.6792 32.2
    endloop
  endfacet
  facet normal -0 0 1
    outer loop
      vertex 2.10762 84.324 32.2
      vertex 3.5284 82.3289 32.2
      vertex 2.55504 84.5299 32.2
    endloop
  endfacet
  facet normal 0 0 1
    outer loop
      vertex 3.5284 82.3289 32.2
      vertex 2.10762 84.324 32.2
      vertex 3.09869 82.122 32.2
    endloop
  endfacet
  facet normal -0 0 1
    outer loop
      vertex 1.6889 84.0648 32.2
      vertex 3.09869 82.122 32.2
      vertex 2.10762 84.324 32.2
    endloop
  endfacet
  facet normal -0 0 1
    outer loop
      vertex 1.30522 83.756 32.2
      vertex 3.09869 82.122 32.2
      vertex 1.6889 84.0648 32.2
    endloop
  endfacet
  facet normal 0 0 1
    outer loop
      vertex 0 4 32.2
      vertex 2.39999 4 32.2
      vertex 2.39999 80.8 32.2
    endloop
  endfacet
  facet normal 0 0 1
    outer loop
      vertex 3.09869 82.122 32.2
      vertex 1.30522 83.756 32.2
      vertex 2.74907 81.7976 32.2
    endloop
  endfacet
  facet normal -0 0 1
    outer loop
      vertex 0.962387 83.4025 32.2
      vertex 2.74907 81.7976 32.2
      vertex 1.30522 83.756 32.2
    endloop
  endfacet
  facet normal 0 0 1
    outer loop
      vertex 0 4 32.2
      vertex 2.39999 80.8 32.2
      vertex 0 80.8 32.2
    endloop
  endfacet
  facet normal -0 0 1
    outer loop
      vertex 0.665588 83.0094 32.2
      vertex 2.74907 81.7976 32.2
      vertex 0.962387 83.4025 32.2
    endloop
  endfacet
  facet normal 0 -0 1
    outer loop
      vertex 0.0303192 3.50845 32.2
      vertex 2.39999 4 32.2
      vertex 0 4 32.2
    endloop
  endfacet
  facet normal 0 0 1
    outer loop
      vertex 2.74907 81.7976 32.2
      vertex 0.665588 83.0094 32.2
      vertex 2.5106 81.3845 32.2
    endloop
  endfacet
  facet normal 0 0 1
    outer loop
      vertex 2.39999 4 32.2
      vertex 1.79054 0.665588 32.2
      vertex 2.21704 0.419342 32.2
    endloop
  endfacet
  facet normal -0 0 1
    outer loop
      vertex 0.419342 82.5829 32.2
      vertex 2.5106 81.3845 32.2
      vertex 0.665588 83.0094 32.2
    endloop
  endfacet
  facet normal 0 0 1
    outer loop
      vertex 2.39999 4 32.2
      vertex 1.39752 0.962387 32.2
      vertex 1.79054 0.665588 32.2
    endloop
  endfacet
  facet normal -0 0 1
    outer loop
      vertex 0.227386 82.1294 32.2
      vertex 2.5106 81.3845 32.2
      vertex 0.419342 82.5829 32.2
    endloop
  endfacet
  facet normal 0 0 1
    outer loop
      vertex 2.39999 4 32.2
      vertex 1.04396 1.30522 32.2
      vertex 1.39752 0.962387 32.2
    endloop
  endfacet
  facet normal -0 0 1
    outer loop
      vertex 0.0926056 81.6557 32.2
      vertex 2.5106 81.3845 32.2
      vertex 0.227386 82.1294 32.2
    endloop
  endfacet
  facet normal 0 0 1
    outer loop
      vertex 2.39999 4 32.2
      vertex 0.735214 1.6889 32.2
      vertex 1.04396 1.30522 32.2
    endloop
  endfacet
  facet normal 0 0 1
    outer loop
      vertex 2.5106 81.3845 32.2
      vertex 0.0926056 81.6557 32.2
      vertex 2.39999 80.8 32.2
    endloop
  endfacet
  facet normal 0 0 1
    outer loop
      vertex 2.39999 4 32.2
      vertex 0.475952 2.10762 32.2
      vertex 0.735214 1.6889 32.2
    endloop
  endfacet
  facet normal -0 0 1
    outer loop
      vertex 0.0170593 81.1691 32.2
      vertex 2.39999 80.8 32.2
      vertex 0.0926056 81.6557 32.2
    endloop
  endfacet
  facet normal 0 0 1
    outer loop
      vertex 2.39999 4 32.2
      vertex 0.270111 2.55504 32.2
      vertex 0.475952 2.10762 32.2
    endloop
  endfacet
  facet normal 0 0 1
    outer loop
      vertex 2.39999 80.8 32.2
      vertex 0.0170593 81.1691 32.2
      vertex 0 80.8 32.2
    endloop
  endfacet
  facet normal 0 0 1
    outer loop
      vertex 2.39999 4 32.2
      vertex 0.120819 3.02434 32.2
      vertex 0.270111 2.55504 32.2
    endloop
  endfacet
  facet normal 0 0 1
    outer loop
      vertex 2.39999 4 32.2
      vertex 0.0303192 3.50845 32.2
      vertex 0.120819 3.02434 32.2
    endloop
  endfacet
  facet normal 0 0 1
    outer loop
      vertex 127.4 4 32.2
      vertex 129.8 4 32.2
      vertex 129.8 80.8 32.2
    endloop
  endfacet
  facet normal 0 0 1
    outer loop
      vertex 127.4 80.8 32.2
      vertex 129.8 80.8 32.2
      vertex 129.77 81.2915 32.2
    endloop
  endfacet
  facet normal 0 0 1
    outer loop
      vertex 127.4 4 32.2
      vertex 129.8 80.8 32.2
      vertex 127.4 80.8 32.2
    endloop
  endfacet
  facet normal 0 0 1
    outer loop
      vertex 127.329 81.2716 32.2
      vertex 129.77 81.2915 32.2
      vertex 129.679 81.7757 32.2
    endloop
  endfacet
  facet normal 0 0 1
    outer loop
      vertex 129.8 4 32.2
      vertex 127.4 4 32.2
      vertex 129.783 3.63092 32.2
    endloop
  endfacet
  facet normal 0 0 1
    outer loop
      vertex 127.329 81.2716 32.2
      vertex 129.679 81.7757 32.2
      vertex 129.53 82.2449 32.2
    endloop
  endfacet
  facet normal 0 0 1
    outer loop
      vertex 129.783 3.63092 32.2
      vertex 127.4 4 32.2
      vertex 129.707 3.14427 32.2
    endloop
  endfacet
  facet normal 0 0 1
    outer loop
      vertex 127.329 81.2716 32.2
      vertex 129.53 82.2449 32.2
      vertex 129.324 82.6924 32.2
    endloop
  endfacet
  facet normal -0 0 1
    outer loop
      vertex 127.289 3.41545 32.2
      vertex 129.707 3.14427 32.2
      vertex 127.4 4 32.2
    endloop
  endfacet
  facet normal 0 0 1
    outer loop
      vertex 127.329 81.2716 32.2
      vertex 129.324 82.6924 32.2
      vertex 129.065 83.1111 32.2
    endloop
  endfacet
  facet normal 0 0 1
    outer loop
      vertex 129.707 3.14427 32.2
      vertex 127.289 3.41545 32.2
      vertex 129.573 2.67058 32.2
    endloop
  endfacet
  facet normal 0 0 1
    outer loop
      vertex 127.329 81.2716 32.2
      vertex 129.065 83.1111 32.2
      vertex 128.756 83.4948 32.2
    endloop
  endfacet
  facet normal 0 0 1
    outer loop
      vertex 129.573 2.67058 32.2
      vertex 127.289 3.41545 32.2
      vertex 129.381 2.21704 32.2
    endloop
  endfacet
  facet normal 0 0 1
    outer loop
      vertex 127.329 81.2716 32.2
      vertex 128.756 83.4948 32.2
      vertex 128.402 83.8376 32.2
    endloop
  endfacet
  facet normal 0 0 1
    outer loop
      vertex 129.381 2.21704 32.2
      vertex 127.289 3.41545 32.2
      vertex 129.134 1.79054 32.2
    endloop
  endfacet
  facet normal 0 0 1
    outer loop
      vertex 127.329 81.2716 32.2
      vertex 128.402 83.8376 32.2
      vertex 128.009 84.1344 32.2
    endloop
  endfacet
  facet normal -0 0 1
    outer loop
      vertex 127.051 3.00241 32.2
      vertex 129.134 1.79054 32.2
      vertex 127.289 3.41545 32.2
    endloop
  endfacet
  facet normal 0 0 1
    outer loop
      vertex 126.798 82.0509 32.2
      vertex 128.009 84.1344 32.2
      vertex 127.583 84.3806 32.2
    endloop
  endfacet
  facet normal 0 0 1
    outer loop
      vertex 129.134 1.79054 32.2
      vertex 127.051 3.00241 32.2
      vertex 128.838 1.39752 32.2
    endloop
  endfacet
  facet normal 0 0 1
    outer loop
      vertex 128.838 1.39752 32.2
      vertex 127.051 3.00241 32.2
      vertex 128.495 1.04396 32.2
    endloop
  endfacet
  facet normal -0 0 1
    outer loop
      vertex 126.701 2.67802 32.2
      vertex 128.495 1.04396 32.2
      vertex 127.051 3.00241 32.2
    endloop
  endfacet
  facet normal 0 0 1
    outer loop
      vertex 128.495 1.04396 32.2
      vertex 126.701 2.67802 32.2
      vertex 128.111 0.735214 32.2
    endloop
  endfacet
  facet normal 0 0 1
    outer loop
      vertex 128.111 0.735214 32.2
      vertex 126.701 2.67802 32.2
      vertex 127.692 0.475952 32.2
    endloop
  endfacet
  facet normal -0 0 1
    outer loop
      vertex 126.272 2.47108 32.2
      vertex 127.692 0.475952 32.2
      vertex 126.701 2.67802 32.2
    endloop
  endfacet
  facet normal 0 0 1
    outer loop
      vertex 127.692 0.475952 32.2
      vertex 126.272 2.47108 32.2
      vertex 127.245 0.270111 32.2
    endloop
  endfacet
  facet normal 0 0 1
    outer loop
      vertex 127.245 0.270111 32.2
      vertex 126.272 2.47108 32.2
      vertex 126.776 0.120819 32.2
    endloop
  endfacet
  facet normal 0 0 1
    outer loop
      vertex 126.776 0.120819 32.2
      vertex 126.272 2.47108 32.2
      vertex 126.292 0.0303192 32.2
    endloop
  endfacet
  facet normal -0 0 1
    outer loop
      vertex 125.8 2.39999 32.2
      vertex 126.292 0.0303192 32.2
      vertex 126.272 2.47108 32.2
    endloop
  endfacet
  facet normal 0 0 1
    outer loop
      vertex 125.8 2.39999 32.2
      vertex 125.8 0 32.2
      vertex 126.292 0.0303192 32.2
    endloop
  endfacet
  facet normal -0 0 1
    outer loop
      vertex 4 2.39999 32.2
      vertex 125.8 0 32.2
      vertex 125.8 2.39999 32.2
    endloop
  endfacet
  facet normal 0 0 1
    outer loop
      vertex 4 2.39999 32.2
      vertex 4 0 32.2
      vertex 125.8 0 32.2
    endloop
  endfacet
  facet normal 0 0 1
    outer loop
      vertex 4 2.39999 32.2
      vertex 3.63092 0.0170593 32.2
      vertex 4 0 32.2
    endloop
  endfacet
  facet normal 0 0 1
    outer loop
      vertex 3.14427 0.0926056 32.2
      vertex 4 2.39999 32.2
      vertex 3.41545 2.5106 32.2
    endloop
  endfacet
  facet normal 0 0 1
    outer loop
      vertex 4 2.39999 32.2
      vertex 3.14427 0.0926056 32.2
      vertex 3.63092 0.0170593 32.2
    endloop
  endfacet
  facet normal 0 0 1
    outer loop
      vertex 2.21704 0.419342 32.2
      vertex 3.41545 2.5106 32.2
      vertex 3.00241 2.74907 32.2
    endloop
  endfacet
  facet normal 0 0 1
    outer loop
      vertex 2.21704 0.419342 32.2
      vertex 3.00241 2.74907 32.2
      vertex 2.67802 3.09869 32.2
    endloop
  endfacet
  facet normal 0 0 1
    outer loop
      vertex 3.41545 2.5106 32.2
      vertex 2.67058 0.227386 32.2
      vertex 3.14427 0.0926056 32.2
    endloop
  endfacet
  facet normal 0 0 1
    outer loop
      vertex 2.21704 0.419342 32.2
      vertex 2.67802 3.09869 32.2
      vertex 2.47108 3.5284 32.2
    endloop
  endfacet
  facet normal 0 0 1
    outer loop
      vertex 2.21704 0.419342 32.2
      vertex 2.47108 3.5284 32.2
      vertex 2.39999 4 32.2
    endloop
  endfacet
  facet normal 0 0 1
    outer loop
      vertex 3.41545 2.5106 32.2
      vertex 2.21704 0.419342 32.2
      vertex 2.67058 0.227386 32.2
    endloop
  endfacet
  facet normal 0.778845 0.627217 0
    outer loop
      vertex 129.065 83.1111 32.2
      vertex 128.756 83.4948 0
      vertex 128.756 83.4948 32.2
    endloop
  endfacet
  facet normal 0.778845 0.627217 0
    outer loop
      vertex 128.756 83.4948 0
      vertex 129.065 83.1111 32.2
      vertex 129.065 83.1111 0
    endloop
  endfacet
  facet normal -0.0461719 -0.998934 0
    outer loop
      vertex 3.63092 0.0170593 0
      vertex 4 0 32.2
      vertex 3.63092 0.0170593 32.2
    endloop
  endfacet
  facet normal -0.0461719 -0.998934 -0
    outer loop
      vertex 4 0 32.2
      vertex 3.63092 0.0170593 0
      vertex 4 0 0
    endloop
  endfacet
  facet normal -0.1534 -0.988164 0
    outer loop
      vertex 3.14427 0.0926056 0
      vertex 3.63092 0.0170593 32.2
      vertex 3.14427 0.0926056 32.2
    endloop
  endfacet
  facet normal -0.1534 -0.988164 -0
    outer loop
      vertex 3.63092 0.0170593 32.2
      vertex 3.14427 0.0926056 0
      vertex 3.63092 0.0170593 0
    endloop
  endfacet
  facet normal 1 -0 0
    outer loop
      vertex 129.8 68.3527 12.6136
      vertex 129.8 80.8 0
      vertex 129.8 80.8 32.2
    endloop
  endfacet
  facet normal 1 0 0
    outer loop
      vertex 129.8 80.8 0
      vertex 129.8 68.3527 12.6136
      vertex 129.8 68.3981 12.1232
    endloop
  endfacet
  facet normal 1 0 0
    outer loop
      vertex 129.8 80.8 32.2
      vertex 129.8 68.2473 13.0947
      vertex 129.8 68.3527 12.6136
    endloop
  endfacet
  facet normal 1 0 0
    outer loop
      vertex 129.8 80.8 32.2
      vertex 129.8 68.0836 13.5591
      vertex 129.8 68.2473 13.0947
    endloop
  endfacet
  facet normal 1 0 0
    outer loop
      vertex 129.8 80.8 32.2
      vertex 129.8 67.8641 14
      vertex 129.8 68.0836 13.5591
    endloop
  endfacet
  facet normal 1 0 0
    outer loop
      vertex 129.8 80.8 32.2
      vertex 129.8 67.5921 14.4105
      vertex 129.8 67.8641 14
    endloop
  endfacet
  facet normal 1 0 0
    outer loop
      vertex 129.8 80.8 32.2
      vertex 129.8 67.2716 14.7845
      vertex 129.8 67.5921 14.4105
    endloop
  endfacet
  facet normal 1 0 0
    outer loop
      vertex 129.8 80.8 32.2
      vertex 129.8 66.9077 15.1163
      vertex 129.8 67.2716 14.7845
    endloop
  endfacet
  facet normal 1 0 0
    outer loop
      vertex 129.8 80.8 32.2
      vertex 129.8 66.5057 15.4009
      vertex 129.8 66.9077 15.1163
    endloop
  endfacet
  facet normal 1 0 0
    outer loop
      vertex 129.8 80.8 32.2
      vertex 129.8 66.0718 15.6339
      vertex 129.8 66.5057 15.4009
    endloop
  endfacet
  facet normal 1 0 0
    outer loop
      vertex 129.8 80.8 32.2
      vertex 129.8 65.6126 15.8118
      vertex 129.8 66.0718 15.6339
    endloop
  endfacet
  facet normal 1 0 0
    outer loop
      vertex 129.8 80.8 32.2
      vertex 129.8 65.135 15.9319
      vertex 129.8 65.6126 15.8118
    endloop
  endfacet
  facet normal 1 0 0
    outer loop
      vertex 129.8 80.8 32.2
      vertex 129.8 64.6462 15.9924
      vertex 129.8 65.135 15.9319
    endloop
  endfacet
  facet normal 1 0 0
    outer loop
      vertex 129.8 80.8 32.2
      vertex 129.8 64.1538 15.9924
      vertex 129.8 64.6462 15.9924
    endloop
  endfacet
  facet normal 1 0 0
    outer loop
      vertex 129.8 80.8 32.2
      vertex 129.8 63.665 15.9319
      vertex 129.8 64.1538 15.9924
    endloop
  endfacet
  facet normal 1 0 0
    outer loop
      vertex 129.8 80.8 32.2
      vertex 129.8 63.1874 15.8118
      vertex 129.8 63.665 15.9319
    endloop
  endfacet
  facet normal 1 0 0
    outer loop
      vertex 129.8 80.8 32.2
      vertex 129.8 62.7282 15.6339
      vertex 129.8 63.1874 15.8118
    endloop
  endfacet
  facet normal 1 0 0
    outer loop
      vertex 129.8 27.0718 15.6339
      vertex 129.8 62.7282 15.6339
      vertex 129.8 80.8 32.2
    endloop
  endfacet
  facet normal 1 0 0
    outer loop
      vertex 129.8 62.7282 15.6339
      vertex 129.8 27.0718 15.6339
      vertex 129.8 62.2943 15.4009
    endloop
  endfacet
  facet normal 1 0 0
    outer loop
      vertex 129.8 60.4473 12.6136
      vertex 129.8 29.3981 12.1232
      vertex 129.8 60.4019 12.1232
    endloop
  endfacet
  facet normal 1 0 0
    outer loop
      vertex 129.8 29.3527 12.6136
      vertex 129.8 60.4473 12.6136
      vertex 129.8 60.5527 13.0947
    endloop
  endfacet
  facet normal 1 0 0
    outer loop
      vertex 129.8 29.2473 13.0947
      vertex 129.8 60.5527 13.0947
      vertex 129.8 60.7164 13.5591
    endloop
  endfacet
  facet normal 1 0 0
    outer loop
      vertex 129.8 29.0836 13.5591
      vertex 129.8 60.7164 13.5591
      vertex 129.8 60.9359 14
    endloop
  endfacet
  facet normal 1 0 0
    outer loop
      vertex 129.8 28.8641 14
      vertex 129.8 60.9359 14
      vertex 129.8 61.2079 14.4105
    endloop
  endfacet
  facet normal 1 0 0
    outer loop
      vertex 129.8 28.5921 14.4105
      vertex 129.8 61.2079 14.4105
      vertex 129.8 61.5284 14.7845
    endloop
  endfacet
  facet normal 1 0 0
    outer loop
      vertex 129.8 28.2716 14.7845
      vertex 129.8 61.5284 14.7845
      vertex 129.8 61.8923 15.1163
    endloop
  endfacet
  facet normal 1 0 -0
    outer loop
      vertex 129.8 27.5057 15.4009
      vertex 129.8 62.2943 15.4009
      vertex 129.8 27.0718 15.6339
    endloop
  endfacet
  facet normal 1 0 0
    outer loop
      vertex 129.8 60.4473 12.6136
      vertex 129.8 29.3527 12.6136
      vertex 129.8 29.3981 12.1232
    endloop
  endfacet
  facet normal 1 0 0
    outer loop
      vertex 129.8 60.5527 13.0947
      vertex 129.8 29.2473 13.0947
      vertex 129.8 29.3527 12.6136
    endloop
  endfacet
  facet normal 1 0 0
    outer loop
      vertex 129.8 60.7164 13.5591
      vertex 129.8 29.0836 13.5591
      vertex 129.8 29.2473 13.0947
    endloop
  endfacet
  facet normal 1 0 0
    outer loop
      vertex 129.8 60.9359 14
      vertex 129.8 28.8641 14
      vertex 129.8 29.0836 13.5591
    endloop
  endfacet
  facet normal 1 0 0
    outer loop
      vertex 129.8 61.2079 14.4105
      vertex 129.8 28.5921 14.4105
      vertex 129.8 28.8641 14
    endloop
  endfacet
  facet normal 1 0 0
    outer loop
      vertex 129.8 61.5284 14.7845
      vertex 129.8 28.2716 14.7845
      vertex 129.8 28.5921 14.4105
    endloop
  endfacet
  facet normal 1 0 0
    outer loop
      vertex 129.8 61.8923 15.1163
      vertex 129.8 27.9077 15.1163
      vertex 129.8 28.2716 14.7845
    endloop
  endfacet
  facet normal 1 0 0
    outer loop
      vertex 129.8 61.8923 15.1163
      vertex 129.8 27.5057 15.4009
      vertex 129.8 27.9077 15.1163
    endloop
  endfacet
  facet normal 1 0 0
    outer loop
      vertex 129.8 62.2943 15.4009
      vertex 129.8 27.5057 15.4009
      vertex 129.8 61.8923 15.1163
    endloop
  endfacet
  facet normal 1 0 0
    outer loop
      vertex 129.8 80.8 32.2
      vertex 129.8 26.6126 15.8118
      vertex 129.8 27.0718 15.6339
    endloop
  endfacet
  facet normal 1 -0 0
    outer loop
      vertex 129.8 4 32.2
      vertex 129.8 26.6126 15.8118
      vertex 129.8 80.8 32.2
    endloop
  endfacet
  facet normal 1 0 0
    outer loop
      vertex 129.8 26.6126 15.8118
      vertex 129.8 4 32.2
      vertex 129.8 26.135 15.9319
    endloop
  endfacet
  facet normal 1 0 0
    outer loop
      vertex 129.8 26.135 15.9319
      vertex 129.8 4 32.2
      vertex 129.8 25.6462 15.9924
    endloop
  endfacet
  facet normal 1 0 0
    outer loop
      vertex 129.8 25.6462 15.9924
      vertex 129.8 4 32.2
      vertex 129.8 25.1538 15.9924
    endloop
  endfacet
  facet normal 1 0 0
    outer loop
      vertex 129.8 25.1538 15.9924
      vertex 129.8 4 32.2
      vertex 129.8 24.665 15.9319
    endloop
  endfacet
  facet normal 1 0 0
    outer loop
      vertex 129.8 4 0
      vertex 129.8 21.4473 12.6136
      vertex 129.8 4 32.2
    endloop
  endfacet
  facet normal 1 0 0
    outer loop
      vertex 129.8 21.5527 13.0947
      vertex 129.8 4 32.2
      vertex 129.8 21.4473 12.6136
    endloop
  endfacet
  facet normal 1 0 0
    outer loop
      vertex 129.8 21.7164 13.5591
      vertex 129.8 4 32.2
      vertex 129.8 21.5527 13.0947
    endloop
  endfacet
  facet normal 1 0 0
    outer loop
      vertex 129.8 21.9359 14
      vertex 129.8 4 32.2
      vertex 129.8 21.7164 13.5591
    endloop
  endfacet
  facet normal 1 0 0
    outer loop
      vertex 129.8 22.2079 14.4105
      vertex 129.8 4 32.2
      vertex 129.8 21.9359 14
    endloop
  endfacet
  facet normal 1 0 0
    outer loop
      vertex 129.8 22.5284 14.7845
      vertex 129.8 4 32.2
      vertex 129.8 22.2079 14.4105
    endloop
  endfacet
  facet normal 1 0 0
    outer loop
      vertex 129.8 22.8923 15.1163
      vertex 129.8 4 32.2
      vertex 129.8 22.5284 14.7845
    endloop
  endfacet
  facet normal 1 0 0
    outer loop
      vertex 129.8 23.2943 15.4009
      vertex 129.8 4 32.2
      vertex 129.8 22.8923 15.1163
    endloop
  endfacet
  facet normal 1 0 0
    outer loop
      vertex 129.8 23.7282 15.6339
      vertex 129.8 4 32.2
      vertex 129.8 23.2943 15.4009
    endloop
  endfacet
  facet normal 1 0 0
    outer loop
      vertex 129.8 24.1874 15.8118
      vertex 129.8 4 32.2
      vertex 129.8 23.7282 15.6339
    endloop
  endfacet
  facet normal 1 0 0
    outer loop
      vertex 129.8 24.665 15.9319
      vertex 129.8 4 32.2
      vertex 129.8 24.1874 15.8118
    endloop
  endfacet
  facet normal 1 -0 0
    outer loop
      vertex 129.8 68.3829 11.6309
      vertex 129.8 80.8 0
      vertex 129.8 68.3981 12.1232
    endloop
  endfacet
  facet normal 1 -0 0
    outer loop
      vertex 129.8 68.3074 11.1443
      vertex 129.8 80.8 0
      vertex 129.8 68.3829 11.6309
    endloop
  endfacet
  facet normal 1 -0 0
    outer loop
      vertex 129.8 68.1726 10.6706
      vertex 129.8 80.8 0
      vertex 129.8 68.3074 11.1443
    endloop
  endfacet
  facet normal 1 -0 0
    outer loop
      vertex 129.8 67.9807 10.217
      vertex 129.8 80.8 0
      vertex 129.8 68.1726 10.6706
    endloop
  endfacet
  facet normal 1 -0 0
    outer loop
      vertex 129.8 67.7344 9.79054
      vertex 129.8 80.8 0
      vertex 129.8 67.9807 10.217
    endloop
  endfacet
  facet normal 1 -0 0
    outer loop
      vertex 129.8 67.4376 9.39753
      vertex 129.8 80.8 0
      vertex 129.8 67.7344 9.79054
    endloop
  endfacet
  facet normal 1 -0 0
    outer loop
      vertex 129.8 67.0948 9.04396
      vertex 129.8 80.8 0
      vertex 129.8 67.4376 9.39753
    endloop
  endfacet
  facet normal 1 -0 0
    outer loop
      vertex 129.8 66.7111 8.73521
      vertex 129.8 80.8 0
      vertex 129.8 67.0948 9.04396
    endloop
  endfacet
  facet normal 1 -0 0
    outer loop
      vertex 129.8 66.2924 8.47595
      vertex 129.8 80.8 0
      vertex 129.8 66.7111 8.73521
    endloop
  endfacet
  facet normal 1 -0 0
    outer loop
      vertex 129.8 65.845 8.27011
      vertex 129.8 80.8 0
      vertex 129.8 66.2924 8.47595
    endloop
  endfacet
  facet normal 1 -0 0
    outer loop
      vertex 129.8 65.3757 8.12081
      vertex 129.8 80.8 0
      vertex 129.8 65.845 8.27011
    endloop
  endfacet
  facet normal 1 -0 0
    outer loop
      vertex 129.8 64.8916 8.03032
      vertex 129.8 80.8 0
      vertex 129.8 65.3757 8.12081
    endloop
  endfacet
  facet normal 1 -0 0
    outer loop
      vertex 129.8 64.4 8
      vertex 129.8 80.8 0
      vertex 129.8 64.8916 8.03032
    endloop
  endfacet
  facet normal 1 0 0
    outer loop
      vertex 129.8 63.9084 8.03032
      vertex 129.8 80.8 0
      vertex 129.8 64.4 8
    endloop
  endfacet
  facet normal 1 0 0
    outer loop
      vertex 129.8 63.4243 8.12081
      vertex 129.8 80.8 0
      vertex 129.8 63.9084 8.03032
    endloop
  endfacet
  facet normal 1 0 0
    outer loop
      vertex 129.8 26.3757 8.12081
      vertex 129.8 63.4243 8.12081
      vertex 129.8 62.955 8.27011
    endloop
  endfacet
  facet normal 1 0 0
    outer loop
      vertex 129.8 26.845 8.27011
      vertex 129.8 62.955 8.27011
      vertex 129.8 62.5076 8.47595
    endloop
  endfacet
  facet normal 1 -0 0
    outer loop
      vertex 129.8 29.3981 12.1232
      vertex 129.8 60.4171 11.6309
      vertex 129.8 60.4019 12.1232
    endloop
  endfacet
  facet normal 1 0 0
    outer loop
      vertex 129.8 29.3829 11.6309
      vertex 129.8 60.4171 11.6309
      vertex 129.8 29.3981 12.1232
    endloop
  endfacet
  facet normal 1 0 0
    outer loop
      vertex 129.8 60.4171 11.6309
      vertex 129.8 29.3829 11.6309
      vertex 129.8 60.4926 11.1443
    endloop
  endfacet
  facet normal 1 0 0
    outer loop
      vertex 129.8 29.3074 11.1443
      vertex 129.8 60.4926 11.1443
      vertex 129.8 29.3829 11.6309
    endloop
  endfacet
  facet normal 1 0 0
    outer loop
      vertex 129.8 60.4926 11.1443
      vertex 129.8 29.3074 11.1443
      vertex 129.8 60.6274 10.6706
    endloop
  endfacet
  facet normal 1 0 0
    outer loop
      vertex 129.8 29.1726 10.6706
      vertex 129.8 60.6274 10.6706
      vertex 129.8 29.3074 11.1443
    endloop
  endfacet
  facet normal 1 0 0
    outer loop
      vertex 129.8 60.6274 10.6706
      vertex 129.8 29.1726 10.6706
      vertex 129.8 60.8193 10.217
    endloop
  endfacet
  facet normal 1 0 0
    outer loop
      vertex 129.8 28.9807 10.217
      vertex 129.8 60.8193 10.217
      vertex 129.8 29.1726 10.6706
    endloop
  endfacet
  facet normal 1 0 0
    outer loop
      vertex 129.8 60.8193 10.217
      vertex 129.8 28.9807 10.217
      vertex 129.8 61.0656 9.79054
    endloop
  endfacet
  facet normal 1 0 0
    outer loop
      vertex 129.8 28.7344 9.79054
      vertex 129.8 61.0656 9.79054
      vertex 129.8 28.9807 10.217
    endloop
  endfacet
  facet normal 1 0 0
    outer loop
      vertex 129.8 61.0656 9.79054
      vertex 129.8 28.7344 9.79054
      vertex 129.8 61.3624 9.39753
    endloop
  endfacet
  facet normal 1 0 0
    outer loop
      vertex 129.8 28.4376 9.39753
      vertex 129.8 61.3624 9.39753
      vertex 129.8 28.7344 9.79054
    endloop
  endfacet
  facet normal 1 0 0
    outer loop
      vertex 129.8 61.3624 9.39753
      vertex 129.8 28.4376 9.39753
      vertex 129.8 61.7052 9.04396
    endloop
  endfacet
  facet normal 1 0 0
    outer loop
      vertex 129.8 28.0948 9.04396
      vertex 129.8 61.7052 9.04396
      vertex 129.8 28.4376 9.39753
    endloop
  endfacet
  facet normal 1 0 0
    outer loop
      vertex 129.8 61.7052 9.04396
      vertex 129.8 28.0948 9.04396
      vertex 129.8 62.0889 8.73521
    endloop
  endfacet
  facet normal 1 0 0
    outer loop
      vertex 129.8 27.7111 8.73521
      vertex 129.8 62.0889 8.73521
      vertex 129.8 28.0948 9.04396
    endloop
  endfacet
  facet normal 1 0 0
    outer loop
      vertex 129.8 62.0889 8.73521
      vertex 129.8 27.7111 8.73521
      vertex 129.8 62.5076 8.47595
    endloop
  endfacet
  facet normal 1 0 0
    outer loop
      vertex 129.8 27.2924 8.47595
      vertex 129.8 62.5076 8.47595
      vertex 129.8 27.7111 8.73521
    endloop
  endfacet
  facet normal 1 0 0
    outer loop
      vertex 129.8 26.845 8.27011
      vertex 129.8 62.5076 8.47595
      vertex 129.8 27.2924 8.47595
    endloop
  endfacet
  facet normal 1 0 0
    outer loop
      vertex 129.8 62.955 8.27011
      vertex 129.8 26.845 8.27011
      vertex 129.8 26.3757 8.12081
    endloop
  endfacet
  facet normal 1 0 0
    outer loop
      vertex 129.8 63.4243 8.12081
      vertex 129.8 26.3757 8.12081
      vertex 129.8 80.8 0
    endloop
  endfacet
  facet normal 1 0 0
    outer loop
      vertex 129.8 4 0
      vertex 129.8 26.3757 8.12081
      vertex 129.8 25.8916 8.03032
    endloop
  endfacet
  facet normal 1 0 0
    outer loop
      vertex 129.8 4 0
      vertex 129.8 25.8916 8.03032
      vertex 129.8 25.4 8
    endloop
  endfacet
  facet normal 1 0 0
    outer loop
      vertex 129.8 4 0
      vertex 129.8 25.4 8
      vertex 129.8 24.9084 8.03032
    endloop
  endfacet
  facet normal 1 0 0
    outer loop
      vertex 129.8 21.4473 12.6136
      vertex 129.8 4 0
      vertex 129.8 21.4019 12.1232
    endloop
  endfacet
  facet normal 1 0 0
    outer loop
      vertex 129.8 21.4019 12.1232
      vertex 129.8 4 0
      vertex 129.8 21.4171 11.6309
    endloop
  endfacet
  facet normal 1 0 0
    outer loop
      vertex 129.8 21.4171 11.6309
      vertex 129.8 4 0
      vertex 129.8 21.4926 11.1443
    endloop
  endfacet
  facet normal 1 0 0
    outer loop
      vertex 129.8 21.4926 11.1443
      vertex 129.8 4 0
      vertex 129.8 21.6274 10.6706
    endloop
  endfacet
  facet normal 1 0 0
    outer loop
      vertex 129.8 21.6274 10.6706
      vertex 129.8 4 0
      vertex 129.8 21.8193 10.217
    endloop
  endfacet
  facet normal 1 0 0
    outer loop
      vertex 129.8 21.8193 10.217
      vertex 129.8 4 0
      vertex 129.8 22.0656 9.79054
    endloop
  endfacet
  facet normal 1 0 0
    outer loop
      vertex 129.8 26.3757 8.12081
      vertex 129.8 4 0
      vertex 129.8 80.8 0
    endloop
  endfacet
  facet normal 1 0 0
    outer loop
      vertex 129.8 24.4243 8.12081
      vertex 129.8 4 0
      vertex 129.8 24.9084 8.03032
    endloop
  endfacet
  facet normal 1 0 0
    outer loop
      vertex 129.8 23.955 8.27011
      vertex 129.8 4 0
      vertex 129.8 24.4243 8.12081
    endloop
  endfacet
  facet normal 1 0 0
    outer loop
      vertex 129.8 23.5076 8.47595
      vertex 129.8 4 0
      vertex 129.8 23.955 8.27011
    endloop
  endfacet
  facet normal 1 0 0
    outer loop
      vertex 129.8 23.0889 8.73521
      vertex 129.8 4 0
      vertex 129.8 23.5076 8.47595
    endloop
  endfacet
  facet normal 1 0 0
    outer loop
      vertex 129.8 22.7052 9.04396
      vertex 129.8 4 0
      vertex 129.8 23.0889 8.73521
    endloop
  endfacet
  facet normal 1 0 0
    outer loop
      vertex 129.8 22.3624 9.39753
      vertex 129.8 4 0
      vertex 129.8 22.7052 9.04396
    endloop
  endfacet
  facet normal 1 0 0
    outer loop
      vertex 129.8 22.0656 9.79054
      vertex 129.8 4 0
      vertex 129.8 22.3624 9.39753
    endloop
  endfacet
  facet normal 0.303323 -0.952888 0
    outer loop
      vertex 126.776 0.120819 0
      vertex 127.245 0.270111 32.2
      vertex 126.776 0.120819 32.2
    endloop
  endfacet
  facet normal 0.303323 -0.952888 0
    outer loop
      vertex 127.245 0.270111 32.2
      vertex 126.776 0.120819 0
      vertex 127.245 0.270111 0
    endloop
  endfacet
  facet normal 0.908375 0.418157 0
    outer loop
      vertex 129.53 82.2449 32.2
      vertex 129.324 82.6924 0
      vertex 129.324 82.6924 32.2
    endloop
  endfacet
  facet normal 0.908375 0.418157 0
    outer loop
      vertex 129.324 82.6924 0
      vertex 129.53 82.2449 32.2
      vertex 129.53 82.2449 0
    endloop
  endfacet
  facet normal -0.998103 -0.0615638 0
    outer loop
      vertex 0.0303192 3.50845 0
      vertex 0 4 32.2
      vertex 0 4 0
    endloop
  endfacet
  facet normal -0.998103 -0.0615638 0
    outer loop
      vertex 0 4 32.2
      vertex 0.0303192 3.50845 0
      vertex 0.0303192 3.50845 32.2
    endloop
  endfacet
  facet normal 0.153201 0.988195 -0
    outer loop
      vertex 126.656 84.7074 0
      vertex 126.169 84.7829 32.2
      vertex 126.656 84.7074 32.2
    endloop
  endfacet
  facet normal 0.153201 0.988195 0
    outer loop
      vertex 126.169 84.7829 32.2
      vertex 126.656 84.7074 0
      vertex 126.169 84.7829 0
    endloop
  endfacet
  facet normal 0.982794 0.184705 0
    outer loop
      vertex 129.77 81.2915 32.2
      vertex 129.679 81.7757 0
      vertex 129.679 81.7757 32.2
    endloop
  endfacet
  facet normal 0.982794 0.184705 0
    outer loop
      vertex 129.679 81.7757 0
      vertex 129.77 81.2915 32.2
      vertex 129.77 81.2915 0
    endloop
  endfacet
  facet normal 0.953096 0.302667 0
    outer loop
      vertex 129.679 81.7757 32.2
      vertex 129.53 82.2449 0
      vertex 129.53 82.2449 32.2
    endloop
  endfacet
  facet normal 0.953096 0.302667 0
    outer loop
      vertex 129.53 82.2449 0
      vertex 129.679 81.7757 32.2
      vertex 129.679 81.7757 0
    endloop
  endfacet
  facet normal 0.717744 -0.696307 0
    outer loop
      vertex 128.495 1.04396 32.2
      vertex 128.838 1.39752 0
      vertex 128.838 1.39752 32.2
    endloop
  endfacet
  facet normal 0.717744 -0.696307 0
    outer loop
      vertex 128.838 1.39752 0
      vertex 128.495 1.04396 32.2
      vertex 128.495 1.04396 0
    endloop
  endfacet
  facet normal 0.798794 -0.601605 0
    outer loop
      vertex 128.838 1.39752 32.2
      vertex 129.134 1.79054 0
      vertex 129.134 1.79054 32.2
    endloop
  endfacet
  facet normal 0.798794 -0.601605 0
    outer loop
      vertex 129.134 1.79054 0
      vertex 128.838 1.39752 32.2
      vertex 128.838 1.39752 0
    endloop
  endfacet
  facet normal -0.526343 0.850272 0
    outer loop
      vertex 2.10762 84.324 0
      vertex 1.6889 84.0648 32.2
      vertex 2.10762 84.324 32.2
    endloop
  endfacet
  facet normal -0.526343 0.850272 0
    outer loop
      vertex 1.6889 84.0648 32.2
      vertex 2.10762 84.324 0
      vertex 1.6889 84.0648 0
    endloop
  endfacet
  facet normal -0.86602 0.500009 0
    outer loop
      vertex 0.419342 82.5829 0
      vertex 0.665588 83.0094 32.2
      vertex 0.665588 83.0094 0
    endloop
  endfacet
  facet normal -0.86602 0.500009 0
    outer loop
      vertex 0.665588 83.0094 32.2
      vertex 0.419342 82.5829 0
      vertex 0.419342 82.5829 32.2
    endloop
  endfacet
  facet normal 0.418276 -0.90832 0
    outer loop
      vertex 127.245 0.270111 0
      vertex 127.692 0.475952 32.2
      vertex 127.245 0.270111 32.2
    endloop
  endfacet
  facet normal 0.418276 -0.90832 0
    outer loop
      vertex 127.692 0.475952 32.2
      vertex 127.245 0.270111 0
      vertex 127.692 0.475952 0
    endloop
  endfacet
  facet normal 0.183798 -0.982964 0
    outer loop
      vertex 126.292 0.0303192 0
      vertex 126.776 0.120819 32.2
      vertex 126.292 0.0303192 32.2
    endloop
  endfacet
  facet normal 0.183798 -0.982964 0
    outer loop
      vertex 126.776 0.120819 32.2
      vertex 126.292 0.0303192 0
      vertex 126.776 0.120819 0
    endloop
  endfacet
  facet normal 0.920881 -0.389843 0
    outer loop
      vertex 129.381 2.21704 32.2
      vertex 129.573 2.67058 0
      vertex 129.573 2.67058 32.2
    endloop
  endfacet
  facet normal 0.920881 -0.389843 0
    outer loop
      vertex 129.573 2.67058 0
      vertex 129.381 2.21704 32.2
      vertex 129.381 2.21704 0
    endloop
  endfacet
  facet normal 0.52618 -0.850373 0
    outer loop
      vertex 127.692 0.475952 0
      vertex 128.111 0.735214 32.2
      vertex 127.692 0.475952 32.2
    endloop
  endfacet
  facet normal 0.52618 -0.850373 0
    outer loop
      vertex 128.111 0.735214 32.2
      vertex 127.692 0.475952 0
      vertex 128.111 0.735214 0
    endloop
  endfacet
  facet normal 0.96224 -0.272204 0
    outer loop
      vertex 129.573 2.67058 32.2
      vertex 129.707 3.14427 0
      vertex 129.707 3.14427 32.2
    endloop
  endfacet
  facet normal 0.96224 -0.272204 0
    outer loop
      vertex 129.707 3.14427 0
      vertex 129.573 2.67058 32.2
      vertex 129.573 2.67058 0
    endloop
  endfacet
  facet normal 0.602661 0.797998 -0
    outer loop
      vertex 128.402 83.8376 0
      vertex 128.009 84.1344 32.2
      vertex 128.402 83.8376 32.2
    endloop
  endfacet
  facet normal 0.602661 0.797998 0
    outer loop
      vertex 128.009 84.1344 32.2
      vertex 128.402 83.8376 0
      vertex 128.009 84.1344 0
    endloop
  endfacet
  facet normal 0.0462918 0.998928 -0
    outer loop
      vertex 126.169 84.7829 0
      vertex 125.8 84.8 32.2
      vertex 126.169 84.7829 32.2
    endloop
  endfacet
  facet normal 0.0462918 0.998928 0
    outer loop
      vertex 125.8 84.8 32.2
      vertex 126.169 84.7829 0
      vertex 125.8 84.8 0
    endloop
  endfacet
  facet normal -0.60264 -0.798013 0
    outer loop
      vertex 1.39752 0.962387 0
      vertex 1.79054 0.665588 32.2
      vertex 1.39752 0.962387 32.2
    endloop
  endfacet
  facet normal -0.60264 -0.798013 -0
    outer loop
      vertex 1.79054 0.665588 32.2
      vertex 1.39752 0.962387 0
      vertex 1.79054 0.665588 0
    endloop
  endfacet
  facet normal -0.798072 0.602562 0
    outer loop
      vertex 0.665588 83.0094 0
      vertex 0.962387 83.4025 32.2
      vertex 0.962387 83.4025 0
    endloop
  endfacet
  facet normal -0.798072 0.602562 0
    outer loop
      vertex 0.962387 83.4025 32.2
      vertex 0.665588 83.0094 0
      vertex 0.665588 83.0094 32.2
    endloop
  endfacet
  facet normal 0.695651 0.71838 -0
    outer loop
      vertex 128.756 83.4948 0
      vertex 128.402 83.8376 32.2
      vertex 128.756 83.4948 32.2
    endloop
  endfacet
  facet normal 0.695651 0.71838 0
    outer loop
      vertex 128.402 83.8376 32.2
      vertex 128.756 83.4948 0
      vertex 128.402 83.8376 0
    endloop
  endfacet
  facet normal 0.998941 -0.0460117 0
    outer loop
      vertex 129.783 3.63092 32.2
      vertex 129.8 4 0
      vertex 129.8 4 32.2
    endloop
  endfacet
  facet normal 0.998941 -0.0460117 0
    outer loop
      vertex 129.8 4 0
      vertex 129.783 3.63092 32.2
      vertex 129.783 3.63092 0
    endloop
  endfacet
  facet normal 0.988024 -0.154299 0
    outer loop
      vertex 129.707 3.14427 32.2
      vertex 129.783 3.63092 0
      vertex 129.783 3.63092 32.2
    endloop
  endfacet
  facet normal 0.988024 -0.154299 0
    outer loop
      vertex 129.783 3.63092 0
      vertex 129.707 3.14427 32.2
      vertex 129.707 3.14427 0
    endloop
  endfacet
  facet normal 0 0 -1
    outer loop
      vertex 125.8 0 0
      vertex 129.8 4 0
      vertex 129.783 3.63092 0
    endloop
  endfacet
  facet normal -0 0 -1
    outer loop
      vertex 129.8 4 0
      vertex 125.8 0 0
      vertex 129.8 80.8 0
    endloop
  endfacet
  facet normal 0 0 -1
    outer loop
      vertex 125.8 0 0
      vertex 129.783 3.63092 0
      vertex 129.707 3.14427 0
    endloop
  endfacet
  facet normal -0 0 -1
    outer loop
      vertex 129.8 80.8 0
      vertex 125.8 0 0
      vertex 125.8 84.8 0
    endloop
  endfacet
  facet normal 0 0 -1
    outer loop
      vertex 125.8 0 0
      vertex 129.707 3.14427 0
      vertex 129.573 2.67058 0
    endloop
  endfacet
  facet normal 0 0 -1
    outer loop
      vertex 129.8 80.8 0
      vertex 125.8 84.8 0
      vertex 129.77 81.2915 0
    endloop
  endfacet
  facet normal 0 0 -1
    outer loop
      vertex 125.8 0 0
      vertex 129.573 2.67058 0
      vertex 129.381 2.21704 0
    endloop
  endfacet
  facet normal 0 0 -1
    outer loop
      vertex 129.77 81.2915 0
      vertex 125.8 84.8 0
      vertex 129.679 81.7757 0
    endloop
  endfacet
  facet normal 0 0 -1
    outer loop
      vertex 125.8 0 0
      vertex 129.381 2.21704 0
      vertex 129.134 1.79054 0
    endloop
  endfacet
  facet normal 0 0 -1
    outer loop
      vertex 129.679 81.7757 0
      vertex 125.8 84.8 0
      vertex 129.53 82.2449 0
    endloop
  endfacet
  facet normal 0 0 -1
    outer loop
      vertex 125.8 0 0
      vertex 129.134 1.79054 0
      vertex 128.838 1.39752 0
    endloop
  endfacet
  facet normal 0 0 -1
    outer loop
      vertex 129.53 82.2449 0
      vertex 125.8 84.8 0
      vertex 129.324 82.6924 0
    endloop
  endfacet
  facet normal 0 0 -1
    outer loop
      vertex 125.8 0 0
      vertex 128.838 1.39752 0
      vertex 128.495 1.04396 0
    endloop
  endfacet
  facet normal 0 0 -1
    outer loop
      vertex 129.324 82.6924 0
      vertex 125.8 84.8 0
      vertex 129.065 83.1111 0
    endloop
  endfacet
  facet normal 0 0 -1
    outer loop
      vertex 125.8 0 0
      vertex 128.495 1.04396 0
      vertex 128.111 0.735214 0
    endloop
  endfacet
  facet normal 0 0 -1
    outer loop
      vertex 129.065 83.1111 0
      vertex 125.8 84.8 0
      vertex 128.756 83.4948 0
    endloop
  endfacet
  facet normal 0 0 -1
    outer loop
      vertex 125.8 0 0
      vertex 128.111 0.735214 0
      vertex 127.692 0.475952 0
    endloop
  endfacet
  facet normal 0 0 -1
    outer loop
      vertex 128.756 83.4948 0
      vertex 125.8 84.8 0
      vertex 128.402 83.8376 0
    endloop
  endfacet
  facet normal 0 0 -1
    outer loop
      vertex 125.8 0 0
      vertex 127.692 0.475952 0
      vertex 127.245 0.270111 0
    endloop
  endfacet
  facet normal 0 0 -1
    outer loop
      vertex 128.402 83.8376 0
      vertex 125.8 84.8 0
      vertex 128.009 84.1344 0
    endloop
  endfacet
  facet normal 0 0 -1
    outer loop
      vertex 125.8 0 0
      vertex 127.245 0.270111 0
      vertex 126.776 0.120819 0
    endloop
  endfacet
  facet normal 0 0 -1
    outer loop
      vertex 128.009 84.1344 0
      vertex 125.8 84.8 0
      vertex 127.583 84.3806 0
    endloop
  endfacet
  facet normal 0 0 -1
    outer loop
      vertex 125.8 0 0
      vertex 126.776 0.120819 0
      vertex 126.292 0.0303192 0
    endloop
  endfacet
  facet normal 0 0 -1
    outer loop
      vertex 127.583 84.3806 0
      vertex 125.8 84.8 0
      vertex 127.129 84.5726 0
    endloop
  endfacet
  facet normal 0 0 -1
    outer loop
      vertex 127.129 84.5726 0
      vertex 125.8 84.8 0
      vertex 126.656 84.7074 0
    endloop
  endfacet
  facet normal 0 0 -1
    outer loop
      vertex 126.656 84.7074 0
      vertex 125.8 84.8 0
      vertex 126.169 84.7829 0
    endloop
  endfacet
  facet normal 0 0 -1
    outer loop
      vertex 4 0 0
      vertex 125.8 84.8 0
      vertex 125.8 0 0
    endloop
  endfacet
  facet normal 0 0 -1
    outer loop
      vertex 4 0 0
      vertex 4 84.8 0
      vertex 125.8 84.8 0
    endloop
  endfacet
  facet normal 0 0 -1
    outer loop
      vertex 0 4 0
      vertex 4 0 0
      vertex 3.63092 0.0170593 0
    endloop
  endfacet
  facet normal 0 0 -1
    outer loop
      vertex 4 0 0
      vertex 0 4 0
      vertex 4 84.8 0
    endloop
  endfacet
  facet normal 0 0 -1
    outer loop
      vertex 0 4 0
      vertex 3.63092 0.0170593 0
      vertex 3.14427 0.0926056 0
    endloop
  endfacet
  facet normal 0 0 -1
    outer loop
      vertex 4 84.8 0
      vertex 0 4 0
      vertex 0 80.8 0
    endloop
  endfacet
  facet normal 0 0 -1
    outer loop
      vertex 0 4 0
      vertex 3.14427 0.0926056 0
      vertex 2.67058 0.227386 0
    endloop
  endfacet
  facet normal 0 0 -1
    outer loop
      vertex 4 84.8 0
      vertex 0 80.8 0
      vertex 3.50845 84.7697 0
    endloop
  endfacet
  facet normal 0 0 -1
    outer loop
      vertex 0 4 0
      vertex 2.67058 0.227386 0
      vertex 2.21704 0.419342 0
    endloop
  endfacet
  facet normal 0 0 -1
    outer loop
      vertex 3.50845 84.7697 0
      vertex 0 80.8 0
      vertex 3.02434 84.6792 0
    endloop
  endfacet
  facet normal 0 0 -1
    outer loop
      vertex 0 4 0
      vertex 2.21704 0.419342 0
      vertex 1.79054 0.665588 0
    endloop
  endfacet
  facet normal 0 0 -1
    outer loop
      vertex 3.02434 84.6792 0
      vertex 0 80.8 0
      vertex 2.55504 84.5299 0
    endloop
  endfacet
  facet normal 0 0 -1
    outer loop
      vertex 0 4 0
      vertex 1.79054 0.665588 0
      vertex 1.39752 0.962387 0
    endloop
  endfacet
  facet normal 0 0 -1
    outer loop
      vertex 2.55504 84.5299 0
      vertex 0 80.8 0
      vertex 2.10762 84.324 0
    endloop
  endfacet
  facet normal 0 0 -1
    outer loop
      vertex 0 4 0
      vertex 1.39752 0.962387 0
      vertex 1.04396 1.30522 0
    endloop
  endfacet
  facet normal 0 0 -1
    outer loop
      vertex 2.10762 84.324 0
      vertex 0 80.8 0
      vertex 1.6889 84.0648 0
    endloop
  endfacet
  facet normal 0 0 -1
    outer loop
      vertex 0 4 0
      vertex 1.04396 1.30522 0
      vertex 0.735214 1.6889 0
    endloop
  endfacet
  facet normal 0 0 -1
    outer loop
      vertex 1.6889 84.0648 0
      vertex 0 80.8 0
      vertex 1.30522 83.756 0
    endloop
  endfacet
  facet normal 0 0 -1
    outer loop
      vertex 0 4 0
      vertex 0.735214 1.6889 0
      vertex 0.475952 2.10762 0
    endloop
  endfacet
  facet normal 0 0 -1
    outer loop
      vertex 1.30522 83.756 0
      vertex 0 80.8 0
      vertex 0.962387 83.4025 0
    endloop
  endfacet
  facet normal 0 0 -1
    outer loop
      vertex 0 4 0
      vertex 0.475952 2.10762 0
      vertex 0.270111 2.55504 0
    endloop
  endfacet
  facet normal 0 0 -1
    outer loop
      vertex 0.962387 83.4025 0
      vertex 0 80.8 0
      vertex 0.665588 83.0094 0
    endloop
  endfacet
  facet normal 0 0 -1
    outer loop
      vertex 0 4 0
      vertex 0.270111 2.55504 0
      vertex 0.120819 3.02434 0
    endloop
  endfacet
  facet normal 0 0 -1
    outer loop
      vertex 0.665588 83.0094 0
      vertex 0 80.8 0
      vertex 0.419342 82.5829 0
    endloop
  endfacet
  facet normal 0 0 -1
    outer loop
      vertex 0 4 0
      vertex 0.120819 3.02434 0
      vertex 0.0303192 3.50845 0
    endloop
  endfacet
  facet normal 0 0 -1
    outer loop
      vertex 0.419342 82.5829 0
      vertex 0 80.8 0
      vertex 0.227386 82.1294 0
    endloop
  endfacet
  facet normal 0 0 -1
    outer loop
      vertex 0.227386 82.1294 0
      vertex 0 80.8 0
      vertex 0.0926056 81.6557 0
    endloop
  endfacet
  facet normal 0 0 -1
    outer loop
      vertex 0.0926056 81.6557 0
      vertex 0 80.8 0
      vertex 0.0170593 81.1691 0
    endloop
  endfacet
  facet normal -0.148935 0.988847 0
    outer loop
      vertex 126.272 2.47108 2.2
      vertex 125.8 2.39999 32.2
      vertex 126.272 2.47108 32.2
    endloop
  endfacet
  facet normal -0.148935 0.988847 0
    outer loop
      vertex 125.8 2.39999 32.2
      vertex 126.272 2.47108 2.2
      vertex 125.8 2.39999 2.2
    endloop
  endfacet
  facet normal 0.43382 -0.901 0
    outer loop
      vertex 3.09869 82.122 2.2
      vertex 3.5284 82.3289 32.2
      vertex 3.09869 82.122 32.2
    endloop
  endfacet
  facet normal 0.43382 -0.901 0
    outer loop
      vertex 3.5284 82.3289 32.2
      vertex 3.09869 82.122 2.2
      vertex 3.5284 82.3289 2.2
    endloop
  endfacet
  facet normal 0.185923 0.982564 -0
    outer loop
      vertex 4 2.39999 2.2
      vertex 3.41545 2.5106 32.2
      vertex 4 2.39999 32.2
    endloop
  endfacet
  facet normal 0.185923 0.982564 0
    outer loop
      vertex 3.41545 2.5106 32.2
      vertex 4 2.39999 2.2
      vertex 3.41545 2.5106 2.2
    endloop
  endfacet
  facet normal 0.500002 0.866024 -0
    outer loop
      vertex 3.41545 2.5106 2.2
      vertex 3.00241 2.74907 32.2
      vertex 3.41545 2.5106 32.2
    endloop
  endfacet
  facet normal 0.500002 0.866024 0
    outer loop
      vertex 3.00241 2.74907 32.2
      vertex 3.41545 2.5106 2.2
      vertex 3.00241 2.74907 2.2
    endloop
  endfacet
  facet normal 1 0 0
    outer loop
      vertex 2.39999 80.8 32.2
      vertex 2.39999 49.15 14.5
      vertex 2.39999 80.8 2.2
    endloop
  endfacet
  facet normal 1 0 0
    outer loop
      vertex 2.39999 80.8 32.2
      vertex 2.39999 36.15 14.5
      vertex 2.39999 49.15 14.5
    endloop
  endfacet
  facet normal 1 0 0
    outer loop
      vertex 2.39999 4 2.2
      vertex 2.39999 36.15 14.5
      vertex 2.39999 4 32.2
    endloop
  endfacet
  facet normal 1 -0 0
    outer loop
      vertex 2.39999 4 32.2
      vertex 2.39999 36.15 14.5
      vertex 2.39999 80.8 32.2
    endloop
  endfacet
  facet normal 1 -0 0
    outer loop
      vertex 2.39999 49.15 6.5
      vertex 2.39999 80.8 2.2
      vertex 2.39999 49.15 14.5
    endloop
  endfacet
  facet normal 1 -0 0
    outer loop
      vertex 2.39999 36.15 6.5
      vertex 2.39999 80.8 2.2
      vertex 2.39999 49.15 6.5
    endloop
  endfacet
  facet normal 1 0 0
    outer loop
      vertex 2.39999 36.15 6.5
      vertex 2.39999 4 2.2
      vertex 2.39999 80.8 2.2
    endloop
  endfacet
  facet normal 1 0 0
    outer loop
      vertex 2.39999 36.15 14.5
      vertex 2.39999 4 2.2
      vertex 2.39999 36.15 6.5
    endloop
  endfacet
  facet normal -0.500085 -0.865976 0
    outer loop
      vertex 126.385 82.2894 2.2
      vertex 126.798 82.0509 32.2
      vertex 126.385 82.2894 32.2
    endloop
  endfacet
  facet normal -0.500085 -0.865976 -0
    outer loop
      vertex 126.798 82.0509 32.2
      vertex 126.385 82.2894 2.2
      vertex 126.798 82.0509 2.2
    endloop
  endfacet
  facet normal 0.988828 0.149058 0
    outer loop
      vertex 2.47108 3.5284 32.2
      vertex 2.39999 4 2.2
      vertex 2.39999 4 32.2
    endloop
  endfacet
  facet normal 0.988828 0.149058 0
    outer loop
      vertex 2.39999 4 2.2
      vertex 2.47108 3.5284 32.2
      vertex 2.47108 3.5284 2.2
    endloop
  endfacet
  facet normal -1 0 0
    outer loop
      vertex 127.4 68.3527 12.6136
      vertex 127.4 80.8 2.2
      vertex 127.4 68.3981 12.1232
    endloop
  endfacet
  facet normal -1 0 0
    outer loop
      vertex 127.4 80.8 2.2
      vertex 127.4 68.3829 11.6309
      vertex 127.4 68.3981 12.1232
    endloop
  endfacet
  facet normal -1 0 0
    outer loop
      vertex 127.4 80.8 2.2
      vertex 127.4 68.3074 11.1443
      vertex 127.4 68.3829 11.6309
    endloop
  endfacet
  facet normal -1 0 0
    outer loop
      vertex 127.4 80.8 2.2
      vertex 127.4 68.1726 10.6706
      vertex 127.4 68.3074 11.1443
    endloop
  endfacet
  facet normal -1 0 0
    outer loop
      vertex 127.4 80.8 2.2
      vertex 127.4 67.9807 10.217
      vertex 127.4 68.1726 10.6706
    endloop
  endfacet
  facet normal -1 0 0
    outer loop
      vertex 127.4 80.8 2.2
      vertex 127.4 67.7344 9.79054
      vertex 127.4 67.9807 10.217
    endloop
  endfacet
  facet normal -1 0 0
    outer loop
      vertex 127.4 80.8 2.2
      vertex 127.4 67.4376 9.39753
      vertex 127.4 67.7344 9.79054
    endloop
  endfacet
  facet normal -1 0 0
    outer loop
      vertex 127.4 80.8 2.2
      vertex 127.4 67.0948 9.04396
      vertex 127.4 67.4376 9.39753
    endloop
  endfacet
  facet normal -1 0 0
    outer loop
      vertex 127.4 80.8 2.2
      vertex 127.4 66.7111 8.73521
      vertex 127.4 67.0948 9.04396
    endloop
  endfacet
  facet normal -1 0 0
    outer loop
      vertex 127.4 80.8 2.2
      vertex 127.4 66.2924 8.47595
      vertex 127.4 66.7111 8.73521
    endloop
  endfacet
  facet normal -1 0 0
    outer loop
      vertex 127.4 80.8 2.2
      vertex 127.4 65.845 8.27011
      vertex 127.4 66.2924 8.47595
    endloop
  endfacet
  facet normal -1 0 0
    outer loop
      vertex 127.4 80.8 2.2
      vertex 127.4 65.3757 8.12081
      vertex 127.4 65.845 8.27011
    endloop
  endfacet
  facet normal -1 0 0
    outer loop
      vertex 127.4 80.8 2.2
      vertex 127.4 64.8916 8.03032
      vertex 127.4 65.3757 8.12081
    endloop
  endfacet
  facet normal -1 0 0
    outer loop
      vertex 127.4 80.8 2.2
      vertex 127.4 64.4 8
      vertex 127.4 64.8916 8.03032
    endloop
  endfacet
  facet normal -1 0 0
    outer loop
      vertex 127.4 80.8 2.2
      vertex 127.4 63.9084 8.03032
      vertex 127.4 64.4 8
    endloop
  endfacet
  facet normal -1 0 0
    outer loop
      vertex 127.4 80.8 2.2
      vertex 127.4 63.4243 8.12081
      vertex 127.4 63.9084 8.03032
    endloop
  endfacet
  facet normal -1 0 0
    outer loop
      vertex 127.4 26.3757 8.12081
      vertex 127.4 63.4243 8.12081
      vertex 127.4 80.8 2.2
    endloop
  endfacet
  facet normal -1 0 0
    outer loop
      vertex 127.4 60.4171 11.6309
      vertex 127.4 29.3981 12.1232
      vertex 127.4 60.4019 12.1232
    endloop
  endfacet
  facet normal -1 0 0
    outer loop
      vertex 127.4 29.3829 11.6309
      vertex 127.4 60.4171 11.6309
      vertex 127.4 60.4926 11.1443
    endloop
  endfacet
  facet normal -1 0 0
    outer loop
      vertex 127.4 29.3074 11.1443
      vertex 127.4 60.4926 11.1443
      vertex 127.4 60.6274 10.6706
    endloop
  endfacet
  facet normal -1 0 0
    outer loop
      vertex 127.4 29.1726 10.6706
      vertex 127.4 60.6274 10.6706
      vertex 127.4 60.8193 10.217
    endloop
  endfacet
  facet normal -1 0 0
    outer loop
      vertex 127.4 28.9807 10.217
      vertex 127.4 60.8193 10.217
      vertex 127.4 61.0656 9.79054
    endloop
  endfacet
  facet normal -1 0 0
    outer loop
      vertex 127.4 28.7344 9.79054
      vertex 127.4 61.0656 9.79054
      vertex 127.4 61.3624 9.39753
    endloop
  endfacet
  facet normal -1 0 0
    outer loop
      vertex 127.4 28.4376 9.39753
      vertex 127.4 61.3624 9.39753
      vertex 127.4 61.7052 9.04396
    endloop
  endfacet
  facet normal -1 0 0
    outer loop
      vertex 127.4 28.0948 9.04396
      vertex 127.4 61.7052 9.04396
      vertex 127.4 62.0889 8.73521
    endloop
  endfacet
  facet normal -1 0 0
    outer loop
      vertex 127.4 27.7111 8.73521
      vertex 127.4 62.0889 8.73521
      vertex 127.4 62.5076 8.47595
    endloop
  endfacet
  facet normal -1 0 0
    outer loop
      vertex 127.4 27.2924 8.47595
      vertex 127.4 62.5076 8.47595
      vertex 127.4 62.955 8.27011
    endloop
  endfacet
  facet normal -1 0 0
    outer loop
      vertex 127.4 63.4243 8.12081
      vertex 127.4 26.3757 8.12081
      vertex 127.4 62.955 8.27011
    endloop
  endfacet
  facet normal -1 0 0
    outer loop
      vertex 127.4 60.4171 11.6309
      vertex 127.4 29.3829 11.6309
      vertex 127.4 29.3981 12.1232
    endloop
  endfacet
  facet normal -1 0 0
    outer loop
      vertex 127.4 60.4926 11.1443
      vertex 127.4 29.3074 11.1443
      vertex 127.4 29.3829 11.6309
    endloop
  endfacet
  facet normal -1 0 0
    outer loop
      vertex 127.4 60.6274 10.6706
      vertex 127.4 29.1726 10.6706
      vertex 127.4 29.3074 11.1443
    endloop
  endfacet
  facet normal -1 0 0
    outer loop
      vertex 127.4 60.8193 10.217
      vertex 127.4 28.9807 10.217
      vertex 127.4 29.1726 10.6706
    endloop
  endfacet
  facet normal -1 0 0
    outer loop
      vertex 127.4 61.0656 9.79054
      vertex 127.4 28.7344 9.79054
      vertex 127.4 28.9807 10.217
    endloop
  endfacet
  facet normal -1 0 0
    outer loop
      vertex 127.4 61.3624 9.39753
      vertex 127.4 28.4376 9.39753
      vertex 127.4 28.7344 9.79054
    endloop
  endfacet
  facet normal -1 0 0
    outer loop
      vertex 127.4 61.7052 9.04396
      vertex 127.4 28.0948 9.04396
      vertex 127.4 28.4376 9.39753
    endloop
  endfacet
  facet normal -1 0 0
    outer loop
      vertex 127.4 62.0889 8.73521
      vertex 127.4 27.7111 8.73521
      vertex 127.4 28.0948 9.04396
    endloop
  endfacet
  facet normal -1 0 0
    outer loop
      vertex 127.4 62.5076 8.47595
      vertex 127.4 27.2924 8.47595
      vertex 127.4 27.7111 8.73521
    endloop
  endfacet
  facet normal -1 0 0
    outer loop
      vertex 127.4 62.955 8.27011
      vertex 127.4 26.845 8.27011
      vertex 127.4 27.2924 8.47595
    endloop
  endfacet
  facet normal -1 -0 0
    outer loop
      vertex 127.4 62.955 8.27011
      vertex 127.4 26.3757 8.12081
      vertex 127.4 26.845 8.27011
    endloop
  endfacet
  facet normal -1 0 0
    outer loop
      vertex 127.4 80.8 2.2
      vertex 127.4 25.8916 8.03032
      vertex 127.4 26.3757 8.12081
    endloop
  endfacet
  facet normal -1 0 0
    outer loop
      vertex 127.4 4 2.2
      vertex 127.4 25.8916 8.03032
      vertex 127.4 80.8 2.2
    endloop
  endfacet
  facet normal -1 0 0
    outer loop
      vertex 127.4 25.8916 8.03032
      vertex 127.4 4 2.2
      vertex 127.4 25.4 8
    endloop
  endfacet
  facet normal -1 -0 0
    outer loop
      vertex 127.4 21.4171 11.6309
      vertex 127.4 4 2.2
      vertex 127.4 21.4019 12.1232
    endloop
  endfacet
  facet normal -1 -0 0
    outer loop
      vertex 127.4 21.4926 11.1443
      vertex 127.4 4 2.2
      vertex 127.4 21.4171 11.6309
    endloop
  endfacet
  facet normal -1 -0 0
    outer loop
      vertex 127.4 21.6274 10.6706
      vertex 127.4 4 2.2
      vertex 127.4 21.4926 11.1443
    endloop
  endfacet
  facet normal -1 -0 0
    outer loop
      vertex 127.4 21.8193 10.217
      vertex 127.4 4 2.2
      vertex 127.4 21.6274 10.6706
    endloop
  endfacet
  facet normal -1 -0 0
    outer loop
      vertex 127.4 22.0656 9.79054
      vertex 127.4 4 2.2
      vertex 127.4 21.8193 10.217
    endloop
  endfacet
  facet normal -1 -0 0
    outer loop
      vertex 127.4 22.3624 9.39753
      vertex 127.4 4 2.2
      vertex 127.4 22.0656 9.79054
    endloop
  endfacet
  facet normal -1 -0 0
    outer loop
      vertex 127.4 22.7052 9.04396
      vertex 127.4 4 2.2
      vertex 127.4 22.3624 9.39753
    endloop
  endfacet
  facet normal -1 -0 0
    outer loop
      vertex 127.4 23.0889 8.73521
      vertex 127.4 4 2.2
      vertex 127.4 22.7052 9.04396
    endloop
  endfacet
  facet normal -1 -0 0
    outer loop
      vertex 127.4 23.5076 8.47595
      vertex 127.4 4 2.2
      vertex 127.4 23.0889 8.73521
    endloop
  endfacet
  facet normal -1 -0 0
    outer loop
      vertex 127.4 23.955 8.27011
      vertex 127.4 4 2.2
      vertex 127.4 23.5076 8.47595
    endloop
  endfacet
  facet normal -1 -0 0
    outer loop
      vertex 127.4 24.4243 8.12081
      vertex 127.4 4 2.2
      vertex 127.4 23.955 8.27011
    endloop
  endfacet
  facet normal -1 -0 0
    outer loop
      vertex 127.4 24.9084 8.03032
      vertex 127.4 4 2.2
      vertex 127.4 24.4243 8.12081
    endloop
  endfacet
  facet normal -1 -0 0
    outer loop
      vertex 127.4 25.4 8
      vertex 127.4 4 2.2
      vertex 127.4 24.9084 8.03032
    endloop
  endfacet
  facet normal -1 0 0
    outer loop
      vertex 127.4 68.2473 13.0947
      vertex 127.4 80.8 2.2
      vertex 127.4 68.3527 12.6136
    endloop
  endfacet
  facet normal -1 0 0
    outer loop
      vertex 127.4 80.8 2.2
      vertex 127.4 68.2473 13.0947
      vertex 127.4 80.8 32.2
    endloop
  endfacet
  facet normal -1 0 0
    outer loop
      vertex 127.4 68.0836 13.5591
      vertex 127.4 80.8 32.2
      vertex 127.4 68.2473 13.0947
    endloop
  endfacet
  facet normal -1 0 0
    outer loop
      vertex 127.4 67.8641 14
      vertex 127.4 80.8 32.2
      vertex 127.4 68.0836 13.5591
    endloop
  endfacet
  facet normal -1 0 0
    outer loop
      vertex 127.4 67.5921 14.4105
      vertex 127.4 80.8 32.2
      vertex 127.4 67.8641 14
    endloop
  endfacet
  facet normal -1 0 0
    outer loop
      vertex 127.4 67.2716 14.7845
      vertex 127.4 80.8 32.2
      vertex 127.4 67.5921 14.4105
    endloop
  endfacet
  facet normal -1 0 0
    outer loop
      vertex 127.4 66.9077 15.1163
      vertex 127.4 80.8 32.2
      vertex 127.4 67.2716 14.7845
    endloop
  endfacet
  facet normal -1 0 0
    outer loop
      vertex 127.4 66.5057 15.4009
      vertex 127.4 80.8 32.2
      vertex 127.4 66.9077 15.1163
    endloop
  endfacet
  facet normal -1 0 0
    outer loop
      vertex 127.4 66.0718 15.6339
      vertex 127.4 80.8 32.2
      vertex 127.4 66.5057 15.4009
    endloop
  endfacet
  facet normal -1 0 0
    outer loop
      vertex 127.4 65.6126 15.8118
      vertex 127.4 80.8 32.2
      vertex 127.4 66.0718 15.6339
    endloop
  endfacet
  facet normal -1 0 0
    outer loop
      vertex 127.4 65.135 15.9319
      vertex 127.4 80.8 32.2
      vertex 127.4 65.6126 15.8118
    endloop
  endfacet
  facet normal -1 0 0
    outer loop
      vertex 127.4 64.6462 15.9924
      vertex 127.4 80.8 32.2
      vertex 127.4 65.135 15.9319
    endloop
  endfacet
  facet normal -1 0 0
    outer loop
      vertex 127.4 64.1538 15.9924
      vertex 127.4 80.8 32.2
      vertex 127.4 64.6462 15.9924
    endloop
  endfacet
  facet normal -1 0 0
    outer loop
      vertex 127.4 63.665 15.9319
      vertex 127.4 80.8 32.2
      vertex 127.4 64.1538 15.9924
    endloop
  endfacet
  facet normal -1 0 0
    outer loop
      vertex 127.4 63.1874 15.8118
      vertex 127.4 80.8 32.2
      vertex 127.4 63.665 15.9319
    endloop
  endfacet
  facet normal -1 0 0
    outer loop
      vertex 127.4 62.7282 15.6339
      vertex 127.4 80.8 32.2
      vertex 127.4 63.1874 15.8118
    endloop
  endfacet
  facet normal -1 0 0
    outer loop
      vertex 127.4 27.0718 15.6339
      vertex 127.4 62.7282 15.6339
      vertex 127.4 62.2943 15.4009
    endloop
  endfacet
  facet normal -1 0 0
    outer loop
      vertex 127.4 27.5057 15.4009
      vertex 127.4 62.2943 15.4009
      vertex 127.4 61.8923 15.1163
    endloop
  endfacet
  facet normal -1 0 0
    outer loop
      vertex 127.4 29.3981 12.1232
      vertex 127.4 60.4473 12.6136
      vertex 127.4 60.4019 12.1232
    endloop
  endfacet
  facet normal -1 0 0
    outer loop
      vertex 127.4 29.3527 12.6136
      vertex 127.4 60.4473 12.6136
      vertex 127.4 29.3981 12.1232
    endloop
  endfacet
  facet normal -1 0 0
    outer loop
      vertex 127.4 60.4473 12.6136
      vertex 127.4 29.3527 12.6136
      vertex 127.4 60.5527 13.0947
    endloop
  endfacet
  facet normal -1 0 0
    outer loop
      vertex 127.4 29.2473 13.0947
      vertex 127.4 60.5527 13.0947
      vertex 127.4 29.3527 12.6136
    endloop
  endfacet
  facet normal -1 0 0
    outer loop
      vertex 127.4 60.5527 13.0947
      vertex 127.4 29.2473 13.0947
      vertex 127.4 60.7164 13.5591
    endloop
  endfacet
  facet normal -1 0 0
    outer loop
      vertex 127.4 29.0836 13.5591
      vertex 127.4 60.7164 13.5591
      vertex 127.4 29.2473 13.0947
    endloop
  endfacet
  facet normal -1 0 0
    outer loop
      vertex 127.4 60.7164 13.5591
      vertex 127.4 29.0836 13.5591
      vertex 127.4 60.9359 14
    endloop
  endfacet
  facet normal -1 0 0
    outer loop
      vertex 127.4 28.8641 14
      vertex 127.4 60.9359 14
      vertex 127.4 29.0836 13.5591
    endloop
  endfacet
  facet normal -1 0 0
    outer loop
      vertex 127.4 60.9359 14
      vertex 127.4 28.8641 14
      vertex 127.4 61.2079 14.4105
    endloop
  endfacet
  facet normal -1 0 0
    outer loop
      vertex 127.4 28.5921 14.4105
      vertex 127.4 61.2079 14.4105
      vertex 127.4 28.8641 14
    endloop
  endfacet
  facet normal -1 0 0
    outer loop
      vertex 127.4 61.2079 14.4105
      vertex 127.4 28.5921 14.4105
      vertex 127.4 61.5284 14.7845
    endloop
  endfacet
  facet normal -1 0 0
    outer loop
      vertex 127.4 28.2716 14.7845
      vertex 127.4 61.5284 14.7845
      vertex 127.4 28.5921 14.4105
    endloop
  endfacet
  facet normal -1 0 0
    outer loop
      vertex 127.4 61.5284 14.7845
      vertex 127.4 28.2716 14.7845
      vertex 127.4 61.8923 15.1163
    endloop
  endfacet
  facet normal -1 0 0
    outer loop
      vertex 127.4 27.9077 15.1163
      vertex 127.4 61.8923 15.1163
      vertex 127.4 28.2716 14.7845
    endloop
  endfacet
  facet normal -1 0 0
    outer loop
      vertex 127.4 27.5057 15.4009
      vertex 127.4 61.8923 15.1163
      vertex 127.4 27.9077 15.1163
    endloop
  endfacet
  facet normal -1 0 0
    outer loop
      vertex 127.4 62.2943 15.4009
      vertex 127.4 27.5057 15.4009
      vertex 127.4 27.0718 15.6339
    endloop
  endfacet
  facet normal -1 0 0
    outer loop
      vertex 127.4 62.7282 15.6339
      vertex 127.4 27.0718 15.6339
      vertex 127.4 80.8 32.2
    endloop
  endfacet
  facet normal -1 0 0
    outer loop
      vertex 127.4 26.6126 15.8118
      vertex 127.4 80.8 32.2
      vertex 127.4 27.0718 15.6339
    endloop
  endfacet
  facet normal -1 0 0
    outer loop
      vertex 127.4 4 32.2
      vertex 127.4 26.6126 15.8118
      vertex 127.4 26.135 15.9319
    endloop
  endfacet
  facet normal -1 0 0
    outer loop
      vertex 127.4 4 32.2
      vertex 127.4 26.135 15.9319
      vertex 127.4 25.6462 15.9924
    endloop
  endfacet
  facet normal -1 0 0
    outer loop
      vertex 127.4 4 32.2
      vertex 127.4 25.6462 15.9924
      vertex 127.4 25.1538 15.9924
    endloop
  endfacet
  facet normal -1 0 0
    outer loop
      vertex 127.4 4 32.2
      vertex 127.4 25.1538 15.9924
      vertex 127.4 24.665 15.9319
    endloop
  endfacet
  facet normal -1 0 0
    outer loop
      vertex 127.4 4 32.2
      vertex 127.4 24.665 15.9319
      vertex 127.4 24.1874 15.8118
    endloop
  endfacet
  facet normal -1 0 0
    outer loop
      vertex 127.4 4 2.2
      vertex 127.4 21.4473 12.6136
      vertex 127.4 21.4019 12.1232
    endloop
  endfacet
  facet normal -1 0 0
    outer loop
      vertex 127.4 4 2.2
      vertex 127.4 21.5527 13.0947
      vertex 127.4 21.4473 12.6136
    endloop
  endfacet
  facet normal -1 0 0
    outer loop
      vertex 127.4 4 32.2
      vertex 127.4 21.5527 13.0947
      vertex 127.4 4 2.2
    endloop
  endfacet
  facet normal -1 0 0
    outer loop
      vertex 127.4 21.5527 13.0947
      vertex 127.4 4 32.2
      vertex 127.4 21.7164 13.5591
    endloop
  endfacet
  facet normal -1 0 0
    outer loop
      vertex 127.4 21.7164 13.5591
      vertex 127.4 4 32.2
      vertex 127.4 21.9359 14
    endloop
  endfacet
  facet normal -1 0 0
    outer loop
      vertex 127.4 21.9359 14
      vertex 127.4 4 32.2
      vertex 127.4 22.2079 14.4105
    endloop
  endfacet
  facet normal -1 0 0
    outer loop
      vertex 127.4 22.2079 14.4105
      vertex 127.4 4 32.2
      vertex 127.4 22.5284 14.7845
    endloop
  endfacet
  facet normal -1 0 0
    outer loop
      vertex 127.4 22.5284 14.7845
      vertex 127.4 4 32.2
      vertex 127.4 22.8923 15.1163
    endloop
  endfacet
  facet normal -1 0 0
    outer loop
      vertex 127.4 26.6126 15.8118
      vertex 127.4 4 32.2
      vertex 127.4 80.8 32.2
    endloop
  endfacet
  facet normal -1 0 0
    outer loop
      vertex 127.4 23.7282 15.6339
      vertex 127.4 4 32.2
      vertex 127.4 24.1874 15.8118
    endloop
  endfacet
  facet normal -1 0 0
    outer loop
      vertex 127.4 23.2943 15.4009
      vertex 127.4 4 32.2
      vertex 127.4 23.7282 15.6339
    endloop
  endfacet
  facet normal -1 0 0
    outer loop
      vertex 127.4 22.8923 15.1163
      vertex 127.4 4 32.2
      vertex 127.4 23.2943 15.4009
    endloop
  endfacet
  facet normal -0.988856 -0.148874 0
    outer loop
      vertex 127.4 80.8 2.2
      vertex 127.329 81.2716 32.2
      vertex 127.329 81.2716 2.2
    endloop
  endfacet
  facet normal -0.988856 -0.148874 0
    outer loop
      vertex 127.329 81.2716 32.2
      vertex 127.4 80.8 2.2
      vertex 127.4 80.8 32.2
    endloop
  endfacet
  facet normal 0 -1 0
    outer loop
      vertex 87 82.4 10.2
      vertex 90.8 82.4 24.2
      vertex 87 82.4 24.2
    endloop
  endfacet
  facet normal 0 -1 -0
    outer loop
      vertex 90.8 82.4 24.2
      vertex 87 82.4 10.2
      vertex 90.8 82.4 10.2
    endloop
  endfacet
  facet normal 0 -1 0
    outer loop
      vertex 81 82.4 10.2
      vertex 84.8 82.4 24.2
      vertex 81 82.4 24.2
    endloop
  endfacet
  facet normal 0 -1 -0
    outer loop
      vertex 84.8 82.4 24.2
      vertex 81 82.4 10.2
      vertex 84.8 82.4 10.2
    endloop
  endfacet
  facet normal 0 -1 0
    outer loop
      vertex 75 82.4 10.2
      vertex 78.8 82.4 24.2
      vertex 75 82.4 24.2
    endloop
  endfacet
  facet normal 0 -1 -0
    outer loop
      vertex 78.8 82.4 24.2
      vertex 75 82.4 10.2
      vertex 78.8 82.4 10.2
    endloop
  endfacet
  facet normal 0 -1 0
    outer loop
      vertex 69 82.4 10.2
      vertex 72.8 82.4 24.2
      vertex 69 82.4 24.2
    endloop
  endfacet
  facet normal 0 -1 -0
    outer loop
      vertex 72.8 82.4 24.2
      vertex 69 82.4 10.2
      vertex 72.8 82.4 10.2
    endloop
  endfacet
  facet normal 0 -1 0
    outer loop
      vertex 63 82.4 10.2
      vertex 66.8 82.4 24.2
      vertex 63 82.4 24.2
    endloop
  endfacet
  facet normal 0 -1 -0
    outer loop
      vertex 66.8 82.4 24.2
      vertex 63 82.4 10.2
      vertex 66.8 82.4 10.2
    endloop
  endfacet
  facet normal 0 -1 0
    outer loop
      vertex 57 82.4 10.2
      vertex 60.8 82.4 24.2
      vertex 57 82.4 24.2
    endloop
  endfacet
  facet normal 0 -1 -0
    outer loop
      vertex 60.8 82.4 24.2
      vertex 57 82.4 10.2
      vertex 60.8 82.4 10.2
    endloop
  endfacet
  facet normal 0 -1 0
    outer loop
      vertex 51 82.4 10.2
      vertex 54.8 82.4 24.2
      vertex 51 82.4 24.2
    endloop
  endfacet
  facet normal 0 -1 -0
    outer loop
      vertex 54.8 82.4 24.2
      vertex 51 82.4 10.2
      vertex 54.8 82.4 10.2
    endloop
  endfacet
  facet normal 0 -1 0
    outer loop
      vertex 45 82.4 10.2
      vertex 48.8 82.4 24.2
      vertex 45 82.4 24.2
    endloop
  endfacet
  facet normal 0 -1 -0
    outer loop
      vertex 48.8 82.4 24.2
      vertex 45 82.4 10.2
      vertex 48.8 82.4 10.2
    endloop
  endfacet
  facet normal 0 -1 0
    outer loop
      vertex 39 82.4 10.2
      vertex 42.8 82.4 24.2
      vertex 39 82.4 24.2
    endloop
  endfacet
  facet normal 0 -1 -0
    outer loop
      vertex 42.8 82.4 24.2
      vertex 39 82.4 10.2
      vertex 42.8 82.4 10.2
    endloop
  endfacet
  facet normal 0 -1 0
    outer loop
      vertex 39 82.4 24.2
      vertex 4 82.4 32.2
      vertex 36.8 82.4 24.2
    endloop
  endfacet
  facet normal 0 -1 0
    outer loop
      vertex 4 82.4 32.2
      vertex 36.8 82.4 10.2
      vertex 36.8 82.4 24.2
    endloop
  endfacet
  facet normal 0 -1 0
    outer loop
      vertex 4 82.4 2.2
      vertex 39 82.4 10.2
      vertex 36.8 82.4 10.2
    endloop
  endfacet
  facet normal 0 -1 -0
    outer loop
      vertex 39 82.4 10.2
      vertex 4 82.4 2.2
      vertex 42.8 82.4 10.2
    endloop
  endfacet
  facet normal 0 -1 -0
    outer loop
      vertex 42.8 82.4 10.2
      vertex 4 82.4 2.2
      vertex 45 82.4 10.2
    endloop
  endfacet
  facet normal 0 -1 -0
    outer loop
      vertex 45 82.4 10.2
      vertex 4 82.4 2.2
      vertex 48.8 82.4 10.2
    endloop
  endfacet
  facet normal 0 -1 -0
    outer loop
      vertex 48.8 82.4 10.2
      vertex 4 82.4 2.2
      vertex 51 82.4 10.2
    endloop
  endfacet
  facet normal 0 -1 -0
    outer loop
      vertex 51 82.4 10.2
      vertex 4 82.4 2.2
      vertex 54.8 82.4 10.2
    endloop
  endfacet
  facet normal 0 -1 -0
    outer loop
      vertex 54.8 82.4 10.2
      vertex 4 82.4 2.2
      vertex 57 82.4 10.2
    endloop
  endfacet
  facet normal 0 -1 -0
    outer loop
      vertex 57 82.4 10.2
      vertex 4 82.4 2.2
      vertex 60.8 82.4 10.2
    endloop
  endfacet
  facet normal 0 -1 -0
    outer loop
      vertex 60.8 82.4 10.2
      vertex 4 82.4 2.2
      vertex 63 82.4 10.2
    endloop
  endfacet
  facet normal 0 -1 -0
    outer loop
      vertex 63 82.4 10.2
      vertex 4 82.4 2.2
      vertex 66.8 82.4 10.2
    endloop
  endfacet
  facet normal 0 -1 0
    outer loop
      vertex 125.8 82.4 2.2
      vertex 66.8 82.4 10.2
      vertex 4 82.4 2.2
    endloop
  endfacet
  facet normal 0 -1 0
    outer loop
      vertex 66.8 82.4 10.2
      vertex 125.8 82.4 2.2
      vertex 69 82.4 10.2
    endloop
  endfacet
  facet normal 0 -1 0
    outer loop
      vertex 69 82.4 10.2
      vertex 125.8 82.4 2.2
      vertex 72.8 82.4 10.2
    endloop
  endfacet
  facet normal 0 -1 0
    outer loop
      vertex 72.8 82.4 10.2
      vertex 125.8 82.4 2.2
      vertex 75 82.4 10.2
    endloop
  endfacet
  facet normal 0 -1 0
    outer loop
      vertex 75 82.4 10.2
      vertex 125.8 82.4 2.2
      vertex 78.8 82.4 10.2
    endloop
  endfacet
  facet normal 0 -1 0
    outer loop
      vertex 78.8 82.4 10.2
      vertex 125.8 82.4 2.2
      vertex 81 82.4 10.2
    endloop
  endfacet
  facet normal 0 -1 0
    outer loop
      vertex 81 82.4 10.2
      vertex 125.8 82.4 2.2
      vertex 84.8 82.4 10.2
    endloop
  endfacet
  facet normal 0 -1 0
    outer loop
      vertex 84.8 82.4 10.2
      vertex 125.8 82.4 2.2
      vertex 87 82.4 10.2
    endloop
  endfacet
  facet normal 0 -1 0
    outer loop
      vertex 87 82.4 10.2
      vertex 125.8 82.4 2.2
      vertex 90.8 82.4 10.2
    endloop
  endfacet
  facet normal 0 -1 0
    outer loop
      vertex 4 82.4 2.2
      vertex 36.8 82.4 10.2
      vertex 4 82.4 32.2
    endloop
  endfacet
  facet normal 0 -1 0
    outer loop
      vertex 42.8 82.4 24.2
      vertex 4 82.4 32.2
      vertex 39 82.4 24.2
    endloop
  endfacet
  facet normal 0 -1 0
    outer loop
      vertex 45 82.4 24.2
      vertex 4 82.4 32.2
      vertex 42.8 82.4 24.2
    endloop
  endfacet
  facet normal 0 -1 0
    outer loop
      vertex 48.8 82.4 24.2
      vertex 4 82.4 32.2
      vertex 45 82.4 24.2
    endloop
  endfacet
  facet normal 0 -1 0
    outer loop
      vertex 51 82.4 24.2
      vertex 4 82.4 32.2
      vertex 48.8 82.4 24.2
    endloop
  endfacet
  facet normal 0 -1 0
    outer loop
      vertex 54.8 82.4 24.2
      vertex 4 82.4 32.2
      vertex 51 82.4 24.2
    endloop
  endfacet
  facet normal 0 -1 0
    outer loop
      vertex 57 82.4 24.2
      vertex 4 82.4 32.2
      vertex 54.8 82.4 24.2
    endloop
  endfacet
  facet normal 0 -1 0
    outer loop
      vertex 60.8 82.4 24.2
      vertex 4 82.4 32.2
      vertex 57 82.4 24.2
    endloop
  endfacet
  facet normal 0 -1 0
    outer loop
      vertex 63 82.4 24.2
      vertex 4 82.4 32.2
      vertex 60.8 82.4 24.2
    endloop
  endfacet
  facet normal 0 -1 0
    outer loop
      vertex 4 82.4 32.2
      vertex 63 82.4 24.2
      vertex 125.8 82.4 32.2
    endloop
  endfacet
  facet normal 0 -1 0
    outer loop
      vertex 66.8 82.4 24.2
      vertex 125.8 82.4 32.2
      vertex 63 82.4 24.2
    endloop
  endfacet
  facet normal 0 -1 0
    outer loop
      vertex 69 82.4 24.2
      vertex 125.8 82.4 32.2
      vertex 66.8 82.4 24.2
    endloop
  endfacet
  facet normal 0 -1 0
    outer loop
      vertex 72.8 82.4 24.2
      vertex 125.8 82.4 32.2
      vertex 69 82.4 24.2
    endloop
  endfacet
  facet normal 0 -1 0
    outer loop
      vertex 75 82.4 24.2
      vertex 125.8 82.4 32.2
      vertex 72.8 82.4 24.2
    endloop
  endfacet
  facet normal 0 -1 0
    outer loop
      vertex 78.8 82.4 24.2
      vertex 125.8 82.4 32.2
      vertex 75 82.4 24.2
    endloop
  endfacet
  facet normal 0 -1 0
    outer loop
      vertex 81 82.4 24.2
      vertex 125.8 82.4 32.2
      vertex 78.8 82.4 24.2
    endloop
  endfacet
  facet normal 0 -1 0
    outer loop
      vertex 84.8 82.4 24.2
      vertex 125.8 82.4 32.2
      vertex 81 82.4 24.2
    endloop
  endfacet
  facet normal 0 -1 0
    outer loop
      vertex 87 82.4 24.2
      vertex 125.8 82.4 32.2
      vertex 84.8 82.4 24.2
    endloop
  endfacet
  facet normal 0 -1 0
    outer loop
      vertex 90.8 82.4 24.2
      vertex 125.8 82.4 32.2
      vertex 87 82.4 24.2
    endloop
  endfacet
  facet normal 0 -1 0
    outer loop
      vertex 93 82.4 24.2
      vertex 125.8 82.4 32.2
      vertex 90.8 82.4 24.2
    endloop
  endfacet
  facet normal 0 -1 0
    outer loop
      vertex 93 82.4 10.2
      vertex 125.8 82.4 32.2
      vertex 93 82.4 24.2
    endloop
  endfacet
  facet normal 0 -1 0
    outer loop
      vertex 93 82.4 10.2
      vertex 125.8 82.4 2.2
      vertex 125.8 82.4 32.2
    endloop
  endfacet
  facet normal 0 -1 0
    outer loop
      vertex 90.8 82.4 10.2
      vertex 125.8 82.4 2.2
      vertex 93 82.4 10.2
    endloop
  endfacet
  facet normal -0.866451 0.499262 0
    outer loop
      vertex 127.051 3.00241 2.2
      vertex 127.289 3.41545 32.2
      vertex 127.289 3.41545 2.2
    endloop
  endfacet
  facet normal -0.866451 0.499262 0
    outer loop
      vertex 127.289 3.41545 32.2
      vertex 127.051 3.00241 2.2
      vertex 127.051 3.00241 32.2
    endloop
  endfacet
  facet normal 0 1 -0
    outer loop
      vertex 42.8 2.39999 10.2
      vertex 39 2.39999 24.2
      vertex 42.8 2.39999 24.2
    endloop
  endfacet
  facet normal 0 1 0
    outer loop
      vertex 39 2.39999 24.2
      vertex 42.8 2.39999 10.2
      vertex 39 2.39999 10.2
    endloop
  endfacet
  facet normal 0 1 -0
    outer loop
      vertex 48.8 2.39999 10.2
      vertex 45 2.39999 24.2
      vertex 48.8 2.39999 24.2
    endloop
  endfacet
  facet normal 0 1 0
    outer loop
      vertex 45 2.39999 24.2
      vertex 48.8 2.39999 10.2
      vertex 45 2.39999 10.2
    endloop
  endfacet
  facet normal 0 1 -0
    outer loop
      vertex 54.8 2.39999 10.2
      vertex 51 2.39999 24.2
      vertex 54.8 2.39999 24.2
    endloop
  endfacet
  facet normal 0 1 0
    outer loop
      vertex 51 2.39999 24.2
      vertex 54.8 2.39999 10.2
      vertex 51 2.39999 10.2
    endloop
  endfacet
  facet normal 0 1 -0
    outer loop
      vertex 60.8 2.39999 10.2
      vertex 57 2.39999 24.2
      vertex 60.8 2.39999 24.2
    endloop
  endfacet
  facet normal 0 1 0
    outer loop
      vertex 57 2.39999 24.2
      vertex 60.8 2.39999 10.2
      vertex 57 2.39999 10.2
    endloop
  endfacet
  facet normal 0 1 -0
    outer loop
      vertex 66.8 2.39999 10.2
      vertex 63 2.39999 24.2
      vertex 66.8 2.39999 24.2
    endloop
  endfacet
  facet normal 0 1 0
    outer loop
      vertex 63 2.39999 24.2
      vertex 66.8 2.39999 10.2
      vertex 63 2.39999 10.2
    endloop
  endfacet
  facet normal 0 1 -0
    outer loop
      vertex 72.8 2.39999 10.2
      vertex 69 2.39999 24.2
      vertex 72.8 2.39999 24.2
    endloop
  endfacet
  facet normal 0 1 0
    outer loop
      vertex 69 2.39999 24.2
      vertex 72.8 2.39999 10.2
      vertex 69 2.39999 10.2
    endloop
  endfacet
  facet normal 0 1 -0
    outer loop
      vertex 78.8 2.39999 10.2
      vertex 75 2.39999 24.2
      vertex 78.8 2.39999 24.2
    endloop
  endfacet
  facet normal 0 1 0
    outer loop
      vertex 75 2.39999 24.2
      vertex 78.8 2.39999 10.2
      vertex 75 2.39999 10.2
    endloop
  endfacet
  facet normal 0 1 -0
    outer loop
      vertex 84.8 2.39999 10.2
      vertex 81 2.39999 24.2
      vertex 84.8 2.39999 24.2
    endloop
  endfacet
  facet normal 0 1 0
    outer loop
      vertex 81 2.39999 24.2
      vertex 84.8 2.39999 10.2
      vertex 81 2.39999 10.2
    endloop
  endfacet
  facet normal 0 1 -0
    outer loop
      vertex 90.8 2.39999 10.2
      vertex 87 2.39999 24.2
      vertex 90.8 2.39999 24.2
    endloop
  endfacet
  facet normal 0 1 0
    outer loop
      vertex 87 2.39999 24.2
      vertex 90.8 2.39999 10.2
      vertex 87 2.39999 10.2
    endloop
  endfacet
  facet normal 0 1 0
    outer loop
      vertex 90.8 2.39999 24.2
      vertex 125.8 2.39999 32.2
      vertex 93 2.39999 24.2
    endloop
  endfacet
  facet normal 0 1 0
    outer loop
      vertex 125.8 2.39999 32.2
      vertex 93 2.39999 10.2
      vertex 93 2.39999 24.2
    endloop
  endfacet
  facet normal 0 1 0
    outer loop
      vertex 125.8 2.39999 2.2
      vertex 90.8 2.39999 10.2
      vertex 93 2.39999 10.2
    endloop
  endfacet
  facet normal 0 1 0
    outer loop
      vertex 90.8 2.39999 10.2
      vertex 125.8 2.39999 2.2
      vertex 87 2.39999 10.2
    endloop
  endfacet
  facet normal 0 1 0
    outer loop
      vertex 87 2.39999 10.2
      vertex 125.8 2.39999 2.2
      vertex 84.8 2.39999 10.2
    endloop
  endfacet
  facet normal 0 1 0
    outer loop
      vertex 84.8 2.39999 10.2
      vertex 125.8 2.39999 2.2
      vertex 81 2.39999 10.2
    endloop
  endfacet
  facet normal 0 1 0
    outer loop
      vertex 81 2.39999 10.2
      vertex 125.8 2.39999 2.2
      vertex 78.8 2.39999 10.2
    endloop
  endfacet
  facet normal 0 1 0
    outer loop
      vertex 78.8 2.39999 10.2
      vertex 125.8 2.39999 2.2
      vertex 75 2.39999 10.2
    endloop
  endfacet
  facet normal 0 1 0
    outer loop
      vertex 75 2.39999 10.2
      vertex 125.8 2.39999 2.2
      vertex 72.8 2.39999 10.2
    endloop
  endfacet
  facet normal 0 1 0
    outer loop
      vertex 72.8 2.39999 10.2
      vertex 125.8 2.39999 2.2
      vertex 69 2.39999 10.2
    endloop
  endfacet
  facet normal 0 1 0
    outer loop
      vertex 69 2.39999 10.2
      vertex 125.8 2.39999 2.2
      vertex 66.8 2.39999 10.2
    endloop
  endfacet
  facet normal 0 1 0
    outer loop
      vertex 66.8 2.39999 10.2
      vertex 125.8 2.39999 2.2
      vertex 63 2.39999 10.2
    endloop
  endfacet
  facet normal 0 1 0
    outer loop
      vertex 4 2.39999 2.2
      vertex 63 2.39999 10.2
      vertex 125.8 2.39999 2.2
    endloop
  endfacet
  facet normal 0 1 0
    outer loop
      vertex 63 2.39999 10.2
      vertex 4 2.39999 2.2
      vertex 60.8 2.39999 10.2
    endloop
  endfacet
  facet normal 0 1 0
    outer loop
      vertex 60.8 2.39999 10.2
      vertex 4 2.39999 2.2
      vertex 57 2.39999 10.2
    endloop
  endfacet
  facet normal 0 1 0
    outer loop
      vertex 57 2.39999 10.2
      vertex 4 2.39999 2.2
      vertex 54.8 2.39999 10.2
    endloop
  endfacet
  facet normal 0 1 0
    outer loop
      vertex 54.8 2.39999 10.2
      vertex 4 2.39999 2.2
      vertex 51 2.39999 10.2
    endloop
  endfacet
  facet normal 0 1 0
    outer loop
      vertex 51 2.39999 10.2
      vertex 4 2.39999 2.2
      vertex 48.8 2.39999 10.2
    endloop
  endfacet
  facet normal 0 1 0
    outer loop
      vertex 48.8 2.39999 10.2
      vertex 4 2.39999 2.2
      vertex 45 2.39999 10.2
    endloop
  endfacet
  facet normal 0 1 0
    outer loop
      vertex 45 2.39999 10.2
      vertex 4 2.39999 2.2
      vertex 42.8 2.39999 10.2
    endloop
  endfacet
  facet normal 0 1 0
    outer loop
      vertex 42.8 2.39999 10.2
      vertex 4 2.39999 2.2
      vertex 39 2.39999 10.2
    endloop
  endfacet
  facet normal 0 1 -0
    outer loop
      vertex 125.8 2.39999 2.2
      vertex 93 2.39999 10.2
      vertex 125.8 2.39999 32.2
    endloop
  endfacet
  facet normal 0 1 0
    outer loop
      vertex 87 2.39999 24.2
      vertex 125.8 2.39999 32.2
      vertex 90.8 2.39999 24.2
    endloop
  endfacet
  facet normal 0 1 0
    outer loop
      vertex 84.8 2.39999 24.2
      vertex 125.8 2.39999 32.2
      vertex 87 2.39999 24.2
    endloop
  endfacet
  facet normal 0 1 0
    outer loop
      vertex 81 2.39999 24.2
      vertex 125.8 2.39999 32.2
      vertex 84.8 2.39999 24.2
    endloop
  endfacet
  facet normal 0 1 0
    outer loop
      vertex 78.8 2.39999 24.2
      vertex 125.8 2.39999 32.2
      vertex 81 2.39999 24.2
    endloop
  endfacet
  facet normal 0 1 0
    outer loop
      vertex 75 2.39999 24.2
      vertex 125.8 2.39999 32.2
      vertex 78.8 2.39999 24.2
    endloop
  endfacet
  facet normal 0 1 0
    outer loop
      vertex 72.8 2.39999 24.2
      vertex 125.8 2.39999 32.2
      vertex 75 2.39999 24.2
    endloop
  endfacet
  facet normal 0 1 0
    outer loop
      vertex 69 2.39999 24.2
      vertex 125.8 2.39999 32.2
      vertex 72.8 2.39999 24.2
    endloop
  endfacet
  facet normal 0 1 0
    outer loop
      vertex 66.8 2.39999 24.2
      vertex 125.8 2.39999 32.2
      vertex 69 2.39999 24.2
    endloop
  endfacet
  facet normal 0 1 0
    outer loop
      vertex 125.8 2.39999 32.2
      vertex 66.8 2.39999 24.2
      vertex 4 2.39999 32.2
    endloop
  endfacet
  facet normal 0 1 -0
    outer loop
      vertex 63 2.39999 24.2
      vertex 4 2.39999 32.2
      vertex 66.8 2.39999 24.2
    endloop
  endfacet
  facet normal 0 1 -0
    outer loop
      vertex 60.8 2.39999 24.2
      vertex 4 2.39999 32.2
      vertex 63 2.39999 24.2
    endloop
  endfacet
  facet normal 0 1 -0
    outer loop
      vertex 57 2.39999 24.2
      vertex 4 2.39999 32.2
      vertex 60.8 2.39999 24.2
    endloop
  endfacet
  facet normal 0 1 -0
    outer loop
      vertex 54.8 2.39999 24.2
      vertex 4 2.39999 32.2
      vertex 57 2.39999 24.2
    endloop
  endfacet
  facet normal 0 1 -0
    outer loop
      vertex 51 2.39999 24.2
      vertex 4 2.39999 32.2
      vertex 54.8 2.39999 24.2
    endloop
  endfacet
  facet normal 0 1 -0
    outer loop
      vertex 48.8 2.39999 24.2
      vertex 4 2.39999 32.2
      vertex 51 2.39999 24.2
    endloop
  endfacet
  facet normal 0 1 -0
    outer loop
      vertex 45 2.39999 24.2
      vertex 4 2.39999 32.2
      vertex 48.8 2.39999 24.2
    endloop
  endfacet
  facet normal 0 1 -0
    outer loop
      vertex 42.8 2.39999 24.2
      vertex 4 2.39999 32.2
      vertex 45 2.39999 24.2
    endloop
  endfacet
  facet normal 0 1 -0
    outer loop
      vertex 39 2.39999 24.2
      vertex 4 2.39999 32.2
      vertex 42.8 2.39999 24.2
    endloop
  endfacet
  facet normal 0 1 -0
    outer loop
      vertex 36.8 2.39999 24.2
      vertex 4 2.39999 32.2
      vertex 39 2.39999 24.2
    endloop
  endfacet
  facet normal 0 1 -0
    outer loop
      vertex 36.8 2.39999 10.2
      vertex 4 2.39999 32.2
      vertex 36.8 2.39999 24.2
    endloop
  endfacet
  facet normal 0 1 0
    outer loop
      vertex 36.8 2.39999 10.2
      vertex 4 2.39999 2.2
      vertex 4 2.39999 32.2
    endloop
  endfacet
  facet normal 0 1 0
    outer loop
      vertex 39 2.39999 10.2
      vertex 4 2.39999 2.2
      vertex 36.8 2.39999 10.2
    endloop
  endfacet
  facet normal 0.866056 -0.499947 0
    outer loop
      vertex 2.5106 81.3845 32.2
      vertex 2.74907 81.7976 2.2
      vertex 2.74907 81.7976 32.2
    endloop
  endfacet
  facet normal 0.866056 -0.499947 0
    outer loop
      vertex 2.74907 81.7976 2.2
      vertex 2.5106 81.3845 32.2
      vertex 2.5106 81.3845 2.2
    endloop
  endfacet
  facet normal 0.149079 -0.988825 0
    outer loop
      vertex 3.5284 82.3289 2.2
      vertex 4 82.4 32.2
      vertex 3.5284 82.3289 32.2
    endloop
  endfacet
  facet normal 0.149079 -0.988825 0
    outer loop
      vertex 4 82.4 32.2
      vertex 3.5284 82.3289 2.2
      vertex 4 82.4 2.2
    endloop
  endfacet
  facet normal 0.733062 0.680162 0
    outer loop
      vertex 3.00241 2.74907 32.2
      vertex 2.67802 3.09869 2.2
      vertex 2.67802 3.09869 32.2
    endloop
  endfacet
  facet normal 0.733062 0.680162 0
    outer loop
      vertex 2.67802 3.09869 2.2
      vertex 3.00241 2.74907 32.2
      vertex 3.00241 2.74907 2.2
    endloop
  endfacet
  facet normal 0.982561 -0.185939 0
    outer loop
      vertex 2.39999 80.8 32.2
      vertex 2.5106 81.3845 2.2
      vertex 2.5106 81.3845 32.2
    endloop
  endfacet
  facet normal 0.982561 -0.185939 0
    outer loop
      vertex 2.5106 81.3845 2.2
      vertex 2.39999 80.8 32.2
      vertex 2.39999 80.8 2.2
    endloop
  endfacet
  facet normal -0.185769 -0.982593 0
    outer loop
      vertex 125.8 82.4 2.2
      vertex 126.385 82.2894 32.2
      vertex 125.8 82.4 32.2
    endloop
  endfacet
  facet normal -0.185769 -0.982593 -0
    outer loop
      vertex 126.385 82.2894 32.2
      vertex 125.8 82.4 2.2
      vertex 126.385 82.2894 2.2
    endloop
  endfacet
  facet normal 0.900967 0.433888 0
    outer loop
      vertex 2.67802 3.09869 32.2
      vertex 2.47108 3.5284 2.2
      vertex 2.47108 3.5284 32.2
    endloop
  endfacet
  facet normal 0.900967 0.433888 0
    outer loop
      vertex 2.47108 3.5284 2.2
      vertex 2.67802 3.09869 32.2
      vertex 2.67802 3.09869 2.2
    endloop
  endfacet
  facet normal 0.680173 -0.733052 0
    outer loop
      vertex 2.74907 81.7976 2.2
      vertex 3.09869 82.122 32.2
      vertex 2.74907 81.7976 32.2
    endloop
  endfacet
  facet normal 0.680173 -0.733052 0
    outer loop
      vertex 3.09869 82.122 32.2
      vertex 2.74907 81.7976 2.2
      vertex 3.09869 82.122 2.2
    endloop
  endfacet
  facet normal -0.733451 -0.679743 0
    outer loop
      vertex 127.122 81.7013 2.2
      vertex 126.798 82.0509 32.2
      vertex 126.798 82.0509 2.2
    endloop
  endfacet
  facet normal -0.733451 -0.679743 0
    outer loop
      vertex 126.798 82.0509 32.2
      vertex 127.122 81.7013 2.2
      vertex 127.122 81.7013 32.2
    endloop
  endfacet
  facet normal -0.900914 -0.433998 0
    outer loop
      vertex 127.329 81.2716 2.2
      vertex 127.122 81.7013 32.2
      vertex 127.122 81.7013 2.2
    endloop
  endfacet
  facet normal -0.900914 -0.433998 0
    outer loop
      vertex 127.122 81.7013 32.2
      vertex 127.329 81.2716 2.2
      vertex 127.329 81.2716 32.2
    endloop
  endfacet
  facet normal -0.982444 0.186556 0
    outer loop
      vertex 127.289 3.41545 2.2
      vertex 127.4 4 32.2
      vertex 127.4 4 2.2
    endloop
  endfacet
  facet normal -0.982444 0.186556 0
    outer loop
      vertex 127.4 4 32.2
      vertex 127.289 3.41545 2.2
      vertex 127.289 3.41545 32.2
    endloop
  endfacet
  facet normal -0.434471 0.900686 0
    outer loop
      vertex 126.701 2.67802 2.2
      vertex 126.272 2.47108 32.2
      vertex 126.701 2.67802 32.2
    endloop
  endfacet
  facet normal -0.434471 0.900686 0
    outer loop
      vertex 126.272 2.47108 32.2
      vertex 126.701 2.67802 2.2
      vertex 126.272 2.47108 2.2
    endloop
  endfacet
  facet normal -0.679764 0.733431 0
    outer loop
      vertex 127.051 3.00241 2.2
      vertex 126.701 2.67802 32.2
      vertex 127.051 3.00241 32.2
    endloop
  endfacet
  facet normal -0.679764 0.733431 0
    outer loop
      vertex 126.701 2.67802 32.2
      vertex 127.051 3.00241 2.2
      vertex 126.701 2.67802 2.2
    endloop
  endfacet
  facet normal 0 0 1
    outer loop
      vertex 56.8682 29.6928 2.2
      vertex 11.3697 7.89155 2.2
      vertex 11.4 7.4 2.2
    endloop
  endfacet
  facet normal 0 0 1
    outer loop
      vertex 12.1635 28.9918 2.2
      vertex 11.2792 8.37565 2.2
      vertex 11.3697 7.89155 2.2
    endloop
  endfacet
  facet normal 0 0 1
    outer loop
      vertex 7.27682 11.3981 2.2
      vertex 11.6949 29.1527 2.2
      vertex 11.2592 29.3885 2.2
    endloop
  endfacet
  facet normal 0 0 1
    outer loop
      vertex 12.1635 28.9918 2.2
      vertex 11.1299 8.84497 2.2
      vertex 11.2792 8.37565 2.2
    endloop
  endfacet
  facet normal 0 0 1
    outer loop
      vertex 12.1635 28.9918 2.2
      vertex 10.924 9.29237 2.2
      vertex 11.1299 8.84497 2.2
    endloop
  endfacet
  facet normal 0 0 1
    outer loop
      vertex 6.78643 11.3527 2.2
      vertex 11.2592 29.3885 2.2
      vertex 10.8682 29.6928 2.2
    endloop
  endfacet
  facet normal 0 0 1
    outer loop
      vertex 12.1635 28.9918 2.2
      vertex 10.6648 9.71109 2.2
      vertex 10.924 9.29237 2.2
    endloop
  endfacet
  facet normal 0 0 1
    outer loop
      vertex 6.30535 11.2473 2.2
      vertex 10.8682 29.6928 2.2
      vertex 10.5326 30.0574 2.2
    endloop
  endfacet
  facet normal 0 0 1
    outer loop
      vertex 12.1635 28.9918 2.2
      vertex 10.356 10.0948 2.2
      vertex 10.6648 9.71109 2.2
    endloop
  endfacet
  facet normal 0 0 1
    outer loop
      vertex 5.4 10.8641 2.2
      vertex 10.5326 30.0574 2.2
      vertex 10.2616 30.4722 2.2
    endloop
  endfacet
  facet normal 0 0 1
    outer loop
      vertex 4.98946 10.5921 2.2
      vertex 10.2616 30.4722 2.2
      vertex 10.0625 30.9259 2.2
    endloop
  endfacet
  facet normal 0 0 1
    outer loop
      vertex 12.1635 28.9918 2.2
      vertex 10.0025 10.4376 2.2
      vertex 10.356 10.0948 2.2
    endloop
  endfacet
  facet normal 0 0 1
    outer loop
      vertex 4.61546 10.2716 2.2
      vertex 10.0625 30.9259 2.2
      vertex 9.94092 31.4062 2.2
    endloop
  endfacet
  facet normal 0 0 1
    outer loop
      vertex 3.99913 9.50573 2.2
      vertex 9.94092 31.4062 2.2
      vertex 9.9 31.9 2.2
    endloop
  endfacet
  facet normal 0 0 1
    outer loop
      vertex 6.30535 73.5527 2.2
      vertex 10.8682 55.6072 2.2
      vertex 6.78643 73.4473 2.2
    endloop
  endfacet
  facet normal 0 0 1
    outer loop
      vertex 12.1635 28.9918 2.2
      vertex 9.60946 10.7344 2.2
      vertex 10.0025 10.4376 2.2
    endloop
  endfacet
  facet normal 0 0 1
    outer loop
      vertex 10.8682 55.6072 2.2
      vertex 6.30535 73.5527 2.2
      vertex 10.5326 55.2426 2.2
    endloop
  endfacet
  facet normal 0 0 1
    outer loop
      vertex 12.1635 28.9918 2.2
      vertex 9.18295 10.9807 2.2
      vertex 9.60946 10.7344 2.2
    endloop
  endfacet
  facet normal 0 0 1
    outer loop
      vertex 5.84086 73.7164 2.2
      vertex 10.5326 55.2426 2.2
      vertex 6.30535 73.5527 2.2
    endloop
  endfacet
  facet normal 0 0 1
    outer loop
      vertex 12.1635 28.9918 2.2
      vertex 8.72942 11.1726 2.2
      vertex 9.18295 10.9807 2.2
    endloop
  endfacet
  facet normal 0 0 1
    outer loop
      vertex 5.4 73.9359 2.2
      vertex 10.5326 55.2426 2.2
      vertex 5.84086 73.7164 2.2
    endloop
  endfacet
  facet normal 0 0 1
    outer loop
      vertex 12.1635 28.9918 2.2
      vertex 8.25573 11.3074 2.2
      vertex 8.72942 11.1726 2.2
    endloop
  endfacet
  facet normal 0 0 1
    outer loop
      vertex 10.5326 55.2426 2.2
      vertex 5.4 73.9359 2.2
      vertex 10.2616 54.8278 2.2
    endloop
  endfacet
  facet normal 0 0 1
    outer loop
      vertex 12.1635 28.9918 2.2
      vertex 7.76907 11.3829 2.2
      vertex 8.25573 11.3074 2.2
    endloop
  endfacet
  facet normal 0 0 1
    outer loop
      vertex 4.98946 74.2079 2.2
      vertex 10.2616 54.8278 2.2
      vertex 5.4 73.9359 2.2
    endloop
  endfacet
  facet normal 0 0 1
    outer loop
      vertex 11.6949 29.1527 2.2
      vertex 7.27682 11.3981 2.2
      vertex 7.76907 11.3829 2.2
    endloop
  endfacet
  facet normal 0 0 1
    outer loop
      vertex 10.2616 54.8278 2.2
      vertex 4.98946 74.2079 2.2
      vertex 10.0625 54.3741 2.2
    endloop
  endfacet
  facet normal 0 0 1
    outer loop
      vertex 11.2592 29.3885 2.2
      vertex 6.78643 11.3527 2.2
      vertex 7.27682 11.3981 2.2
    endloop
  endfacet
  facet normal 0 0 1
    outer loop
      vertex 4.61546 74.5284 2.2
      vertex 10.0625 54.3741 2.2
      vertex 4.98946 74.2079 2.2
    endloop
  endfacet
  facet normal 0 0 1
    outer loop
      vertex 10.8682 29.6928 2.2
      vertex 6.30535 11.2473 2.2
      vertex 6.78643 11.3527 2.2
    endloop
  endfacet
  facet normal 0 0 1
    outer loop
      vertex 10.0625 54.3741 2.2
      vertex 4.61546 74.5284 2.2
      vertex 9.94092 53.8938 2.2
    endloop
  endfacet
  facet normal 0 0 1
    outer loop
      vertex 10.5326 30.0574 2.2
      vertex 5.84086 11.0836 2.2
      vertex 6.30535 11.2473 2.2
    endloop
  endfacet
  facet normal 0 0 1
    outer loop
      vertex 4.28368 74.8923 2.2
      vertex 9.94092 53.8938 2.2
      vertex 4.61546 74.5284 2.2
    endloop
  endfacet
  facet normal 0 0 1
    outer loop
      vertex 10.5326 30.0574 2.2
      vertex 5.4 10.8641 2.2
      vertex 5.84086 11.0836 2.2
    endloop
  endfacet
  facet normal 0 0 1
    outer loop
      vertex 9.94092 53.8938 2.2
      vertex 4.28368 74.8923 2.2
      vertex 9.9 53.4 2.2
    endloop
  endfacet
  facet normal 0 0 1
    outer loop
      vertex 10.2616 30.4722 2.2
      vertex 4.98946 10.5921 2.2
      vertex 5.4 10.8641 2.2
    endloop
  endfacet
  facet normal 0 0 1
    outer loop
      vertex 3.99913 75.2943 2.2
      vertex 9.9 53.4 2.2
      vertex 4.28368 74.8923 2.2
    endloop
  endfacet
  facet normal 0 0 1
    outer loop
      vertex 10.0625 30.9259 2.2
      vertex 4.61546 10.2716 2.2
      vertex 4.98946 10.5921 2.2
    endloop
  endfacet
  facet normal 0 0 1
    outer loop
      vertex 3.76614 75.7282 2.2
      vertex 9.9 53.4 2.2
      vertex 3.99913 75.2943 2.2
    endloop
  endfacet
  facet normal 0 0 1
    outer loop
      vertex 9.94092 31.4062 2.2
      vertex 4.28368 9.90769 2.2
      vertex 4.61546 10.2716 2.2
    endloop
  endfacet
  facet normal 0 0 1
    outer loop
      vertex 9.9 53.4 2.2
      vertex 3.76614 75.7282 2.2
      vertex 9.9 31.9 2.2
    endloop
  endfacet
  facet normal 0 0 1
    outer loop
      vertex 9.94092 31.4062 2.2
      vertex 3.99913 9.50573 2.2
      vertex 4.28368 9.90769 2.2
    endloop
  endfacet
  facet normal 0 0 1
    outer loop
      vertex 3.76614 9.07184 2.2
      vertex 9.9 31.9 2.2
      vertex 3.76614 75.7282 2.2
    endloop
  endfacet
  facet normal 0 0 1
    outer loop
      vertex 9.9 31.9 2.2
      vertex 3.76614 9.07184 2.2
      vertex 3.99913 9.50573 2.2
    endloop
  endfacet
  facet normal 0 0 1
    outer loop
      vertex 3.58823 76.1874 2.2
      vertex 3.76614 9.07184 2.2
      vertex 3.76614 75.7282 2.2
    endloop
  endfacet
  facet normal 0 0 1
    outer loop
      vertex 3.58823 76.1874 2.2
      vertex 3.58823 8.61261 2.2
      vertex 3.76614 9.07184 2.2
    endloop
  endfacet
  facet normal 0 0 1
    outer loop
      vertex 3.46811 76.665 2.2
      vertex 3.58823 8.61261 2.2
      vertex 3.58823 76.1874 2.2
    endloop
  endfacet
  facet normal 0 0 1
    outer loop
      vertex 3.46811 76.665 2.2
      vertex 3.46811 8.135 2.2
      vertex 3.58823 8.61261 2.2
    endloop
  endfacet
  facet normal 0 0 1
    outer loop
      vertex 2.39999 80.8 2.2
      vertex 3.46811 76.665 2.2
      vertex 3.40759 77.1538 2.2
    endloop
  endfacet
  facet normal 0 0 1
    outer loop
      vertex 3.46811 76.665 2.2
      vertex 2.39999 80.8 2.2
      vertex 3.46811 8.135 2.2
    endloop
  endfacet
  facet normal 0 0 1
    outer loop
      vertex 15.5384 51.9722 2.2
      vertex 56.2616 51.9722 2.2
      vertex 15.7375 52.4259 2.2
    endloop
  endfacet
  facet normal 0 0 1
    outer loop
      vertex 56.2616 33.3278 2.2
      vertex 15.8591 32.3938 2.2
      vertex 15.9 31.9 2.2
    endloop
  endfacet
  facet normal 0 0 1
    outer loop
      vertex 56.2616 51.9722 2.2
      vertex 15.5384 51.9722 2.2
      vertex 56.2616 33.3278 2.2
    endloop
  endfacet
  facet normal 0 0 1
    outer loop
      vertex 56.2616 33.3278 2.2
      vertex 15.7375 32.8741 2.2
      vertex 15.8591 32.3938 2.2
    endloop
  endfacet
  facet normal 0 0 1
    outer loop
      vertex 15.5384 33.3278 2.2
      vertex 56.2616 33.3278 2.2
      vertex 15.5384 51.9722 2.2
    endloop
  endfacet
  facet normal 0 0 1
    outer loop
      vertex 56.2616 33.3278 2.2
      vertex 15.5384 33.3278 2.2
      vertex 15.7375 32.8741 2.2
    endloop
  endfacet
  facet normal -0 0 1
    outer loop
      vertex 15.2674 51.5574 2.2
      vertex 15.5384 33.3278 2.2
      vertex 15.5384 51.9722 2.2
    endloop
  endfacet
  facet normal 0 0 1
    outer loop
      vertex 15.2674 51.5574 2.2
      vertex 15.2674 33.7426 2.2
      vertex 15.5384 33.3278 2.2
    endloop
  endfacet
  facet normal -0 0 1
    outer loop
      vertex 14.9318 51.1928 2.2
      vertex 15.2674 33.7426 2.2
      vertex 15.2674 51.5574 2.2
    endloop
  endfacet
  facet normal 0 0 1
    outer loop
      vertex 14.9318 51.1928 2.2
      vertex 14.9318 34.1072 2.2
      vertex 15.2674 33.7426 2.2
    endloop
  endfacet
  facet normal -0 0 1
    outer loop
      vertex 14.5408 50.8885 2.2
      vertex 14.9318 34.1072 2.2
      vertex 14.9318 51.1928 2.2
    endloop
  endfacet
  facet normal 0 0 1
    outer loop
      vertex 14.5408 50.8885 2.2
      vertex 14.5408 34.4115 2.2
      vertex 14.9318 34.1072 2.2
    endloop
  endfacet
  facet normal -0 0 1
    outer loop
      vertex 14.1051 50.6527 2.2
      vertex 14.5408 34.4115 2.2
      vertex 14.5408 50.8885 2.2
    endloop
  endfacet
  facet normal 0 0 1
    outer loop
      vertex 14.1051 50.6527 2.2
      vertex 14.1051 34.6473 2.2
      vertex 14.5408 34.4115 2.2
    endloop
  endfacet
  facet normal -0 0 1
    outer loop
      vertex 13.6365 50.4918 2.2
      vertex 14.1051 34.6473 2.2
      vertex 14.1051 50.6527 2.2
    endloop
  endfacet
  facet normal 0 0 1
    outer loop
      vertex 13.6365 50.4918 2.2
      vertex 13.6365 34.8082 2.2
      vertex 14.1051 34.6473 2.2
    endloop
  endfacet
  facet normal -0 0 1
    outer loop
      vertex 13.1477 50.4102 2.2
      vertex 13.6365 34.8082 2.2
      vertex 13.6365 50.4918 2.2
    endloop
  endfacet
  facet normal 0 0 1
    outer loop
      vertex 13.1477 50.4102 2.2
      vertex 13.1477 34.8898 2.2
      vertex 13.6365 34.8082 2.2
    endloop
  endfacet
  facet normal -0 0 1
    outer loop
      vertex 12.6523 50.4102 2.2
      vertex 13.1477 34.8898 2.2
      vertex 13.1477 50.4102 2.2
    endloop
  endfacet
  facet normal 0 0 1
    outer loop
      vertex 12.6523 50.4102 2.2
      vertex 12.6523 34.8898 2.2
      vertex 13.1477 34.8898 2.2
    endloop
  endfacet
  facet normal 0 0 1
    outer loop
      vertex 12.1635 50.4918 2.2
      vertex 12.6523 34.8898 2.2
      vertex 12.6523 50.4102 2.2
    endloop
  endfacet
  facet normal 0 0 1
    outer loop
      vertex 12.1635 50.4918 2.2
      vertex 12.1635 34.8082 2.2
      vertex 12.6523 34.8898 2.2
    endloop
  endfacet
  facet normal 0 0 1
    outer loop
      vertex 11.6949 50.6527 2.2
      vertex 12.1635 34.8082 2.2
      vertex 12.1635 50.4918 2.2
    endloop
  endfacet
  facet normal 0 0 1
    outer loop
      vertex 11.6949 50.6527 2.2
      vertex 11.6949 34.6473 2.2
      vertex 12.1635 34.8082 2.2
    endloop
  endfacet
  facet normal 0 0 1
    outer loop
      vertex 11.2592 50.8885 2.2
      vertex 11.6949 34.6473 2.2
      vertex 11.6949 50.6527 2.2
    endloop
  endfacet
  facet normal 0 0 1
    outer loop
      vertex 11.2592 50.8885 2.2
      vertex 11.2592 34.4115 2.2
      vertex 11.6949 34.6473 2.2
    endloop
  endfacet
  facet normal 0 0 1
    outer loop
      vertex 10.8682 51.1928 2.2
      vertex 11.2592 34.4115 2.2
      vertex 11.2592 50.8885 2.2
    endloop
  endfacet
  facet normal 0 0 1
    outer loop
      vertex 10.8682 51.1928 2.2
      vertex 10.8682 34.1072 2.2
      vertex 11.2592 34.4115 2.2
    endloop
  endfacet
  facet normal 0 0 1
    outer loop
      vertex 10.5326 51.5574 2.2
      vertex 10.8682 34.1072 2.2
      vertex 10.8682 51.1928 2.2
    endloop
  endfacet
  facet normal 0 0 1
    outer loop
      vertex 10.5326 51.5574 2.2
      vertex 10.5326 33.7426 2.2
      vertex 10.8682 34.1072 2.2
    endloop
  endfacet
  facet normal 0 0 1
    outer loop
      vertex 10.2616 51.9722 2.2
      vertex 10.5326 33.7426 2.2
      vertex 10.5326 51.5574 2.2
    endloop
  endfacet
  facet normal 0 0 1
    outer loop
      vertex 10.2616 51.9722 2.2
      vertex 10.2616 33.3278 2.2
      vertex 10.5326 33.7426 2.2
    endloop
  endfacet
  facet normal 0 0 1
    outer loop
      vertex 10.0625 52.4259 2.2
      vertex 10.2616 33.3278 2.2
      vertex 10.2616 51.9722 2.2
    endloop
  endfacet
  facet normal 0 0 1
    outer loop
      vertex 10.0625 52.4259 2.2
      vertex 10.0625 32.8741 2.2
      vertex 10.2616 33.3278 2.2
    endloop
  endfacet
  facet normal 0 0 1
    outer loop
      vertex 9.94092 52.9062 2.2
      vertex 10.0625 32.8741 2.2
      vertex 10.0625 52.4259 2.2
    endloop
  endfacet
  facet normal 0 0 1
    outer loop
      vertex 9.94092 52.9062 2.2
      vertex 9.94092 32.3938 2.2
      vertex 10.0625 32.8741 2.2
    endloop
  endfacet
  facet normal 0 0 1
    outer loop
      vertex 9.9 53.4 2.2
      vertex 9.94092 32.3938 2.2
      vertex 9.94092 52.9062 2.2
    endloop
  endfacet
  facet normal 0 0 1
    outer loop
      vertex 9.94092 32.3938 2.2
      vertex 9.9 53.4 2.2
      vertex 9.9 31.9 2.2
    endloop
  endfacet
  facet normal -0 0 1
    outer loop
      vertex 60.9318 51.1928 2.2
      vertex 71.2592 38.4115 2.2
      vertex 61.2674 51.5574 2.2
    endloop
  endfacet
  facet normal 0 0 1
    outer loop
      vertex 70.2616 37.3278 2.2
      vertex 61.8591 32.3938 2.2
      vertex 61.9 31.9 2.2
    endloop
  endfacet
  facet normal 0 0 1
    outer loop
      vertex 71.2592 38.4115 2.2
      vertex 60.9318 51.1928 2.2
      vertex 70.8682 38.1072 2.2
    endloop
  endfacet
  facet normal 0 0 1
    outer loop
      vertex 70.2616 37.3278 2.2
      vertex 61.7374 32.8741 2.2
      vertex 61.8591 32.3938 2.2
    endloop
  endfacet
  facet normal -0 0 1
    outer loop
      vertex 60.5408 50.8885 2.2
      vertex 70.8682 38.1072 2.2
      vertex 60.9318 51.1928 2.2
    endloop
  endfacet
  facet normal 0 0 1
    outer loop
      vertex 70.2616 37.3278 2.2
      vertex 61.5384 33.3278 2.2
      vertex 61.7374 32.8741 2.2
    endloop
  endfacet
  facet normal 0 0 1
    outer loop
      vertex 70.8682 38.1072 2.2
      vertex 60.5408 50.8885 2.2
      vertex 70.5326 37.7426 2.2
    endloop
  endfacet
  facet normal 0 0 1
    outer loop
      vertex 70.2616 37.3278 2.2
      vertex 61.2674 33.7426 2.2
      vertex 61.5384 33.3278 2.2
    endloop
  endfacet
  facet normal -0 0 1
    outer loop
      vertex 60.1051 50.6527 2.2
      vertex 70.5326 37.7426 2.2
      vertex 60.5408 50.8885 2.2
    endloop
  endfacet
  facet normal 0 0 1
    outer loop
      vertex 70.2616 37.3278 2.2
      vertex 60.9318 34.1072 2.2
      vertex 61.2674 33.7426 2.2
    endloop
  endfacet
  facet normal 0 0 1
    outer loop
      vertex 60.1051 34.6473 2.2
      vertex 70.5326 37.7426 2.2
      vertex 60.1051 50.6527 2.2
    endloop
  endfacet
  facet normal 0 0 1
    outer loop
      vertex 70.2616 37.3278 2.2
      vertex 60.5408 34.4115 2.2
      vertex 60.9318 34.1072 2.2
    endloop
  endfacet
  facet normal 0 0 1
    outer loop
      vertex 70.5326 37.7426 2.2
      vertex 60.1051 34.6473 2.2
      vertex 70.2616 37.3278 2.2
    endloop
  endfacet
  facet normal 0 0 1
    outer loop
      vertex 70.2616 37.3278 2.2
      vertex 60.1051 34.6473 2.2
      vertex 60.5408 34.4115 2.2
    endloop
  endfacet
  facet normal -0 0 1
    outer loop
      vertex 59.6365 50.4918 2.2
      vertex 60.1051 34.6473 2.2
      vertex 60.1051 50.6527 2.2
    endloop
  endfacet
  facet normal 0 0 1
    outer loop
      vertex 59.6365 50.4918 2.2
      vertex 59.6365 34.8082 2.2
      vertex 60.1051 34.6473 2.2
    endloop
  endfacet
  facet normal -0 0 1
    outer loop
      vertex 59.1477 50.4102 2.2
      vertex 59.6365 34.8082 2.2
      vertex 59.6365 50.4918 2.2
    endloop
  endfacet
  facet normal 0 0 1
    outer loop
      vertex 59.1477 50.4102 2.2
      vertex 59.1477 34.8898 2.2
      vertex 59.6365 34.8082 2.2
    endloop
  endfacet
  facet normal -0 0 1
    outer loop
      vertex 58.6523 50.4102 2.2
      vertex 59.1477 34.8898 2.2
      vertex 59.1477 50.4102 2.2
    endloop
  endfacet
  facet normal 0 0 1
    outer loop
      vertex 58.6523 50.4102 2.2
      vertex 58.6523 34.8898 2.2
      vertex 59.1477 34.8898 2.2
    endloop
  endfacet
  facet normal 0 0 1
    outer loop
      vertex 58.1635 50.4918 2.2
      vertex 58.6523 34.8898 2.2
      vertex 58.6523 50.4102 2.2
    endloop
  endfacet
  facet normal 0 0 1
    outer loop
      vertex 58.1635 50.4918 2.2
      vertex 58.1635 34.8082 2.2
      vertex 58.6523 34.8898 2.2
    endloop
  endfacet
  facet normal 0 0 1
    outer loop
      vertex 57.6949 50.6527 2.2
      vertex 58.1635 34.8082 2.2
      vertex 58.1635 50.4918 2.2
    endloop
  endfacet
  facet normal 0 0 1
    outer loop
      vertex 57.6949 50.6527 2.2
      vertex 57.6949 34.6473 2.2
      vertex 58.1635 34.8082 2.2
    endloop
  endfacet
  facet normal 0 0 1
    outer loop
      vertex 57.2592 50.8885 2.2
      vertex 57.6949 34.6473 2.2
      vertex 57.6949 50.6527 2.2
    endloop
  endfacet
  facet normal 0 0 1
    outer loop
      vertex 57.2592 50.8885 2.2
      vertex 57.2592 34.4115 2.2
      vertex 57.6949 34.6473 2.2
    endloop
  endfacet
  facet normal 0 0 1
    outer loop
      vertex 56.8682 51.1928 2.2
      vertex 57.2592 34.4115 2.2
      vertex 57.2592 50.8885 2.2
    endloop
  endfacet
  facet normal 0 0 1
    outer loop
      vertex 56.8682 51.1928 2.2
      vertex 56.8682 34.1072 2.2
      vertex 57.2592 34.4115 2.2
    endloop
  endfacet
  facet normal 0 0 1
    outer loop
      vertex 56.5326 51.5574 2.2
      vertex 56.8682 34.1072 2.2
      vertex 56.8682 51.1928 2.2
    endloop
  endfacet
  facet normal 0 0 1
    outer loop
      vertex 56.5326 51.5574 2.2
      vertex 56.5326 33.7426 2.2
      vertex 56.8682 34.1072 2.2
    endloop
  endfacet
  facet normal 0 0 1
    outer loop
      vertex 56.2616 51.9722 2.2
      vertex 56.5326 33.7426 2.2
      vertex 56.5326 51.5574 2.2
    endloop
  endfacet
  facet normal 0 0 1
    outer loop
      vertex 56.2616 51.9722 2.2
      vertex 56.2616 33.3278 2.2
      vertex 56.5326 33.7426 2.2
    endloop
  endfacet
  facet normal 0 0 1
    outer loop
      vertex 55.9409 52.9062 2.2
      vertex 15.8591 52.9062 2.2
      vertex 56.0625 52.4259 2.2
    endloop
  endfacet
  facet normal 0 0 1
    outer loop
      vertex 15.7375 52.4259 2.2
      vertex 56.0625 52.4259 2.2
      vertex 15.8591 52.9062 2.2
    endloop
  endfacet
  facet normal 0 0 1
    outer loop
      vertex 15.8591 52.9062 2.2
      vertex 55.9409 52.9062 2.2
      vertex 15.9 53.4 2.2
    endloop
  endfacet
  facet normal 0 0 1
    outer loop
      vertex 56.0625 52.4259 2.2
      vertex 15.7375 52.4259 2.2
      vertex 56.2616 51.9722 2.2
    endloop
  endfacet
  facet normal -0 0 1
    outer loop
      vertex 15.9 53.4 2.2
      vertex 55.9409 52.9062 2.2
      vertex 55.9 53.4 2.2
    endloop
  endfacet
  facet normal 0 0 1
    outer loop
      vertex 56.2616 33.3278 2.2
      vertex 15.9 31.9 2.2
      vertex 56.0625 32.8741 2.2
    endloop
  endfacet
  facet normal 0 0 1
    outer loop
      vertex 75.5384 34.4722 2.2
      vertex 115.262 34.4722 2.2
      vertex 75.7374 34.9259 2.2
    endloop
  endfacet
  facet normal 0 0 1
    outer loop
      vertex 115.262 16.3278 2.2
      vertex 75.8591 15.3938 2.2
      vertex 75.9 14.9 2.2
    endloop
  endfacet
  facet normal 0 0 1
    outer loop
      vertex 115.262 34.4722 2.2
      vertex 75.5384 34.4722 2.2
      vertex 115.262 16.3278 2.2
    endloop
  endfacet
  facet normal 0 0 1
    outer loop
      vertex 115.262 16.3278 2.2
      vertex 75.7374 15.8741 2.2
      vertex 75.8591 15.3938 2.2
    endloop
  endfacet
  facet normal 0 0 1
    outer loop
      vertex 75.5384 16.3278 2.2
      vertex 115.262 16.3278 2.2
      vertex 75.5384 34.4722 2.2
    endloop
  endfacet
  facet normal 0 0 1
    outer loop
      vertex 115.262 16.3278 2.2
      vertex 75.5384 16.3278 2.2
      vertex 75.7374 15.8741 2.2
    endloop
  endfacet
  facet normal -0 0 1
    outer loop
      vertex 75.2674 34.0574 2.2
      vertex 75.5384 16.3278 2.2
      vertex 75.5384 34.4722 2.2
    endloop
  endfacet
  facet normal 0 0 1
    outer loop
      vertex 75.2674 34.0574 2.2
      vertex 75.2674 16.7426 2.2
      vertex 75.5384 16.3278 2.2
    endloop
  endfacet
  facet normal -0 0 1
    outer loop
      vertex 74.9318 33.6928 2.2
      vertex 75.2674 16.7426 2.2
      vertex 75.2674 34.0574 2.2
    endloop
  endfacet
  facet normal 0 0 1
    outer loop
      vertex 74.9318 33.6928 2.2
      vertex 74.9318 17.1072 2.2
      vertex 75.2674 16.7426 2.2
    endloop
  endfacet
  facet normal -0 0 1
    outer loop
      vertex 74.5408 33.3885 2.2
      vertex 74.9318 17.1072 2.2
      vertex 74.9318 33.6928 2.2
    endloop
  endfacet
  facet normal 0 0 1
    outer loop
      vertex 74.5408 33.3885 2.2
      vertex 74.5408 17.4115 2.2
      vertex 74.9318 17.1072 2.2
    endloop
  endfacet
  facet normal -0 0 1
    outer loop
      vertex 74.1051 33.1527 2.2
      vertex 74.5408 17.4115 2.2
      vertex 74.5408 33.3885 2.2
    endloop
  endfacet
  facet normal 0 0 1
    outer loop
      vertex 74.1051 33.1527 2.2
      vertex 74.1051 17.6473 2.2
      vertex 74.5408 17.4115 2.2
    endloop
  endfacet
  facet normal -0 0 1
    outer loop
      vertex 73.6365 32.9918 2.2
      vertex 74.1051 17.6473 2.2
      vertex 74.1051 33.1527 2.2
    endloop
  endfacet
  facet normal 0 0 1
    outer loop
      vertex 73.6365 32.9918 2.2
      vertex 73.6365 17.8082 2.2
      vertex 74.1051 17.6473 2.2
    endloop
  endfacet
  facet normal -0 0 1
    outer loop
      vertex 73.1477 32.9102 2.2
      vertex 73.6365 17.8082 2.2
      vertex 73.6365 32.9918 2.2
    endloop
  endfacet
  facet normal 0 0 1
    outer loop
      vertex 73.1477 32.9102 2.2
      vertex 73.1477 17.8898 2.2
      vertex 73.6365 17.8082 2.2
    endloop
  endfacet
  facet normal -0 0 1
    outer loop
      vertex 72.6523 32.9102 2.2
      vertex 73.1477 17.8898 2.2
      vertex 73.1477 32.9102 2.2
    endloop
  endfacet
  facet normal 0 0 1
    outer loop
      vertex 72.6523 32.9102 2.2
      vertex 72.6523 17.8898 2.2
      vertex 73.1477 17.8898 2.2
    endloop
  endfacet
  facet normal 0 0 1
    outer loop
      vertex 72.1635 32.9918 2.2
      vertex 72.6523 17.8898 2.2
      vertex 72.6523 32.9102 2.2
    endloop
  endfacet
  facet normal 0 0 1
    outer loop
      vertex 72.1635 32.9918 2.2
      vertex 72.1635 17.8082 2.2
      vertex 72.6523 17.8898 2.2
    endloop
  endfacet
  facet normal 0 0 1
    outer loop
      vertex 71.6949 33.1527 2.2
      vertex 72.1635 17.8082 2.2
      vertex 72.1635 32.9918 2.2
    endloop
  endfacet
  facet normal 0 0 1
    outer loop
      vertex 71.6949 33.1527 2.2
      vertex 71.6949 17.6473 2.2
      vertex 72.1635 17.8082 2.2
    endloop
  endfacet
  facet normal 0 0 1
    outer loop
      vertex 61.5384 30.4722 2.2
      vertex 71.6949 33.1527 2.2
      vertex 71.2592 33.3885 2.2
    endloop
  endfacet
  facet normal 0 0 1
    outer loop
      vertex 71.6949 33.1527 2.2
      vertex 61.2674 30.0574 2.2
      vertex 71.6949 17.6473 2.2
    endloop
  endfacet
  facet normal 0 0 1
    outer loop
      vertex 61.7374 30.9259 2.2
      vertex 71.2592 33.3885 2.2
      vertex 70.8682 33.6928 2.2
    endloop
  endfacet
  facet normal 0 0 1
    outer loop
      vertex 71.6949 17.6473 2.2
      vertex 61.2674 30.0574 2.2
      vertex 71.2592 17.4115 2.2
    endloop
  endfacet
  facet normal 0 0 1
    outer loop
      vertex 61.8591 31.4062 2.2
      vertex 70.8682 33.6928 2.2
      vertex 70.5326 34.0574 2.2
    endloop
  endfacet
  facet normal 0 0 1
    outer loop
      vertex 71.6949 33.1527 2.2
      vertex 61.5384 30.4722 2.2
      vertex 61.2674 30.0574 2.2
    endloop
  endfacet
  facet normal 0 0 1
    outer loop
      vertex 61.9 31.9 2.2
      vertex 70.5326 34.0574 2.2
      vertex 70.2616 34.4722 2.2
    endloop
  endfacet
  facet normal -0 0 1
    outer loop
      vertex 60.9318 29.6928 2.2
      vertex 71.2592 17.4115 2.2
      vertex 61.2674 30.0574 2.2
    endloop
  endfacet
  facet normal 0 0 1
    outer loop
      vertex 61.9 31.9 2.2
      vertex 70.2616 34.4722 2.2
      vertex 70.0625 34.9259 2.2
    endloop
  endfacet
  facet normal 0 0 1
    outer loop
      vertex 71.2592 17.4115 2.2
      vertex 60.9318 29.6928 2.2
      vertex 70.8682 17.1072 2.2
    endloop
  endfacet
  facet normal 0 0 1
    outer loop
      vertex 61.9 31.9 2.2
      vertex 70.0625 34.9259 2.2
      vertex 69.9409 35.4062 2.2
    endloop
  endfacet
  facet normal -0 0 1
    outer loop
      vertex 60.5408 29.3885 2.2
      vertex 70.8682 17.1072 2.2
      vertex 60.9318 29.6928 2.2
    endloop
  endfacet
  facet normal 0 0 1
    outer loop
      vertex 61.9 31.9 2.2
      vertex 69.9409 35.4062 2.2
      vertex 69.9 35.9 2.2
    endloop
  endfacet
  facet normal 0 0 1
    outer loop
      vertex 70.8682 17.1072 2.2
      vertex 60.5408 29.3885 2.2
      vertex 70.5326 16.7426 2.2
    endloop
  endfacet
  facet normal 0 0 1
    outer loop
      vertex 114.941 36.3938 2.2
      vertex 75.8591 36.3938 2.2
      vertex 75.9 35.9 2.2
    endloop
  endfacet
  facet normal 0 0 1
    outer loop
      vertex 76.5408 54.3885 2.2
      vertex 75.7374 36.8741 2.2
      vertex 75.8591 36.3938 2.2
    endloop
  endfacet
  facet normal 0 0 1
    outer loop
      vertex 74.5408 38.4115 2.2
      vertex 76.1051 54.1527 2.2
      vertex 75.6365 53.9918 2.2
    endloop
  endfacet
  facet normal 0 0 1
    outer loop
      vertex 76.5408 54.3885 2.2
      vertex 75.5384 37.3278 2.2
      vertex 75.7374 36.8741 2.2
    endloop
  endfacet
  facet normal 0 0 1
    outer loop
      vertex 76.5408 54.3885 2.2
      vertex 75.2674 37.7426 2.2
      vertex 75.5384 37.3278 2.2
    endloop
  endfacet
  facet normal 0 0 1
    outer loop
      vertex 74.1051 38.6473 2.2
      vertex 75.6365 53.9918 2.2
      vertex 75.1477 53.9102 2.2
    endloop
  endfacet
  facet normal 0 0 1
    outer loop
      vertex 76.5408 54.3885 2.2
      vertex 74.9318 38.1072 2.2
      vertex 75.2674 37.7426 2.2
    endloop
  endfacet
  facet normal 0 0 1
    outer loop
      vertex 73.6365 38.8082 2.2
      vertex 75.1477 53.9102 2.2
      vertex 74.6523 53.9102 2.2
    endloop
  endfacet
  facet normal 0 0 1
    outer loop
      vertex 76.1051 54.1527 2.2
      vertex 74.5408 38.4115 2.2
      vertex 74.9318 38.1072 2.2
    endloop
  endfacet
  facet normal 0 0 1
    outer loop
      vertex 73.1477 38.8898 2.2
      vertex 74.6523 53.9102 2.2
      vertex 74.1635 53.9918 2.2
    endloop
  endfacet
  facet normal 0 0 1
    outer loop
      vertex 75.6365 53.9918 2.2
      vertex 74.1051 38.6473 2.2
      vertex 74.5408 38.4115 2.2
    endloop
  endfacet
  facet normal 0 0 1
    outer loop
      vertex 72.6523 38.8898 2.2
      vertex 74.1635 53.9918 2.2
      vertex 73.6949 54.1527 2.2
    endloop
  endfacet
  facet normal 0 0 1
    outer loop
      vertex 75.1477 53.9102 2.2
      vertex 73.6365 38.8082 2.2
      vertex 74.1051 38.6473 2.2
    endloop
  endfacet
  facet normal 0 0 1
    outer loop
      vertex 72.1635 38.8082 2.2
      vertex 73.6949 54.1527 2.2
      vertex 73.2592 54.3885 2.2
    endloop
  endfacet
  facet normal 0 0 1
    outer loop
      vertex 74.6523 53.9102 2.2
      vertex 73.1477 38.8898 2.2
      vertex 73.6365 38.8082 2.2
    endloop
  endfacet
  facet normal 0 0 1
    outer loop
      vertex 61.7374 52.4259 2.2
      vertex 72.5326 55.0574 2.2
      vertex 61.8591 52.9062 2.2
    endloop
  endfacet
  facet normal 0 0 1
    outer loop
      vertex 74.1635 53.9918 2.2
      vertex 72.6523 38.8898 2.2
      vertex 73.1477 38.8898 2.2
    endloop
  endfacet
  facet normal 0 0 1
    outer loop
      vertex 72.2616 55.4722 2.2
      vertex 61.8591 52.9062 2.2
      vertex 72.5326 55.0574 2.2
    endloop
  endfacet
  facet normal 0 0 1
    outer loop
      vertex 61.8591 52.9062 2.2
      vertex 72.2616 55.4722 2.2
      vertex 61.9 53.4 2.2
    endloop
  endfacet
  facet normal 0 0 1
    outer loop
      vertex 73.6949 54.1527 2.2
      vertex 72.1635 38.8082 2.2
      vertex 72.6523 38.8898 2.2
    endloop
  endfacet
  facet normal 0 0 1
    outer loop
      vertex 61.9 53.4 2.2
      vertex 72.2616 55.4722 2.2
      vertex 72.0625 55.9259 2.2
    endloop
  endfacet
  facet normal 0 0 1
    outer loop
      vertex 61.8591 53.8938 2.2
      vertex 72.0625 55.9259 2.2
      vertex 71.9409 56.4062 2.2
    endloop
  endfacet
  facet normal 0 0 1
    outer loop
      vertex 61.7374 54.3741 2.2
      vertex 71.9409 56.4062 2.2
      vertex 71.9 56.9 2.2
    endloop
  endfacet
  facet normal 0 0 1
    outer loop
      vertex 72.5326 55.0574 2.2
      vertex 61.7374 52.4259 2.2
      vertex 72.8682 54.6928 2.2
    endloop
  endfacet
  facet normal -0 0 1
    outer loop
      vertex 10.356 74.7052 2.2
      vertex 14.1051 56.1473 2.2
      vertex 10.6648 75.0889 2.2
    endloop
  endfacet
  facet normal -0 0 1
    outer loop
      vertex 10.0025 74.3624 2.2
      vertex 14.1051 56.1473 2.2
      vertex 10.356 74.7052 2.2
    endloop
  endfacet
  facet normal 0 0 1
    outer loop
      vertex 14.1051 56.1473 2.2
      vertex 10.0025 74.3624 2.2
      vertex 13.6365 56.3082 2.2
    endloop
  endfacet
  facet normal -0 0 1
    outer loop
      vertex 9.60946 74.0656 2.2
      vertex 13.6365 56.3082 2.2
      vertex 10.0025 74.3624 2.2
    endloop
  endfacet
  facet normal 0 0 1
    outer loop
      vertex 13.6365 56.3082 2.2
      vertex 9.60946 74.0656 2.2
      vertex 13.1477 56.3898 2.2
    endloop
  endfacet
  facet normal -0 0 1
    outer loop
      vertex 9.18295 73.8194 2.2
      vertex 13.1477 56.3898 2.2
      vertex 9.60946 74.0656 2.2
    endloop
  endfacet
  facet normal 0 0 1
    outer loop
      vertex 13.1477 56.3898 2.2
      vertex 9.18295 73.8194 2.2
      vertex 12.6523 56.3898 2.2
    endloop
  endfacet
  facet normal -0 0 1
    outer loop
      vertex 8.72942 73.6274 2.2
      vertex 12.6523 56.3898 2.2
      vertex 9.18295 73.8194 2.2
    endloop
  endfacet
  facet normal 0 0 1
    outer loop
      vertex 12.6523 56.3898 2.2
      vertex 8.72942 73.6274 2.2
      vertex 12.1635 56.3082 2.2
    endloop
  endfacet
  facet normal -0 0 1
    outer loop
      vertex 8.25573 73.4926 2.2
      vertex 12.1635 56.3082 2.2
      vertex 8.72942 73.6274 2.2
    endloop
  endfacet
  facet normal -0 0 1
    outer loop
      vertex 7.76907 73.4171 2.2
      vertex 12.1635 56.3082 2.2
      vertex 8.25573 73.4926 2.2
    endloop
  endfacet
  facet normal 0 0 1
    outer loop
      vertex 12.1635 56.3082 2.2
      vertex 7.76907 73.4171 2.2
      vertex 11.6949 56.1473 2.2
    endloop
  endfacet
  facet normal -0 0 1
    outer loop
      vertex 7.27682 73.4019 2.2
      vertex 11.6949 56.1473 2.2
      vertex 7.76907 73.4171 2.2
    endloop
  endfacet
  facet normal 0 0 1
    outer loop
      vertex 11.6949 56.1473 2.2
      vertex 7.27682 73.4019 2.2
      vertex 11.2592 55.9115 2.2
    endloop
  endfacet
  facet normal 0 0 1
    outer loop
      vertex 11.2592 55.9115 2.2
      vertex 6.78643 73.4473 2.2
      vertex 10.8682 55.6072 2.2
    endloop
  endfacet
  facet normal 0 0 1
    outer loop
      vertex 6.78643 73.4473 2.2
      vertex 11.2592 55.9115 2.2
      vertex 7.27682 73.4019 2.2
    endloop
  endfacet
  facet normal -0 0 1
    outer loop
      vertex 120.538 34.4722 2.2
      vertex 125.356 10.0948 2.2
      vertex 120.737 34.9259 2.2
    endloop
  endfacet
  facet normal 0 0 1
    outer loop
      vertex 125.002 10.4376 2.2
      vertex 120.859 15.3938 2.2
      vertex 120.9 14.9 2.2
    endloop
  endfacet
  facet normal 0 0 1
    outer loop
      vertex 125.356 10.0948 2.2
      vertex 120.538 34.4722 2.2
      vertex 125.002 10.4376 2.2
    endloop
  endfacet
  facet normal 0 0 1
    outer loop
      vertex 125.002 10.4376 2.2
      vertex 120.737 15.8741 2.2
      vertex 120.859 15.3938 2.2
    endloop
  endfacet
  facet normal -0 0 1
    outer loop
      vertex 120.538 16.3278 2.2
      vertex 125.002 10.4376 2.2
      vertex 120.538 34.4722 2.2
    endloop
  endfacet
  facet normal 0 0 1
    outer loop
      vertex 125.002 10.4376 2.2
      vertex 120.538 16.3278 2.2
      vertex 120.737 15.8741 2.2
    endloop
  endfacet
  facet normal -0 0 1
    outer loop
      vertex 120.267 34.0574 2.2
      vertex 120.538 16.3278 2.2
      vertex 120.538 34.4722 2.2
    endloop
  endfacet
  facet normal 0 0 1
    outer loop
      vertex 120.267 34.0574 2.2
      vertex 120.267 16.7426 2.2
      vertex 120.538 16.3278 2.2
    endloop
  endfacet
  facet normal -0 0 1
    outer loop
      vertex 119.932 33.6928 2.2
      vertex 120.267 16.7426 2.2
      vertex 120.267 34.0574 2.2
    endloop
  endfacet
  facet normal 0 0 1
    outer loop
      vertex 119.932 33.6928 2.2
      vertex 119.932 17.1072 2.2
      vertex 120.267 16.7426 2.2
    endloop
  endfacet
  facet normal -0 0 1
    outer loop
      vertex 119.541 33.3885 2.2
      vertex 119.932 17.1072 2.2
      vertex 119.932 33.6928 2.2
    endloop
  endfacet
  facet normal 0 0 1
    outer loop
      vertex 119.541 33.3885 2.2
      vertex 119.541 17.4115 2.2
      vertex 119.932 17.1072 2.2
    endloop
  endfacet
  facet normal -0 0 1
    outer loop
      vertex 119.105 33.1527 2.2
      vertex 119.541 17.4115 2.2
      vertex 119.541 33.3885 2.2
    endloop
  endfacet
  facet normal 0 0 1
    outer loop
      vertex 119.105 33.1527 2.2
      vertex 119.105 17.6473 2.2
      vertex 119.541 17.4115 2.2
    endloop
  endfacet
  facet normal -0 0 1
    outer loop
      vertex 118.636 32.9918 2.2
      vertex 119.105 17.6473 2.2
      vertex 119.105 33.1527 2.2
    endloop
  endfacet
  facet normal 0 0 1
    outer loop
      vertex 118.636 32.9918 2.2
      vertex 118.636 17.8082 2.2
      vertex 119.105 17.6473 2.2
    endloop
  endfacet
  facet normal -0 0 1
    outer loop
      vertex 118.148 32.9102 2.2
      vertex 118.636 17.8082 2.2
      vertex 118.636 32.9918 2.2
    endloop
  endfacet
  facet normal 0 0 1
    outer loop
      vertex 118.148 32.9102 2.2
      vertex 118.148 17.8898 2.2
      vertex 118.636 17.8082 2.2
    endloop
  endfacet
  facet normal -0 0 1
    outer loop
      vertex 117.652 32.9102 2.2
      vertex 118.148 17.8898 2.2
      vertex 118.148 32.9102 2.2
    endloop
  endfacet
  facet normal 0 0 1
    outer loop
      vertex 117.652 32.9102 2.2
      vertex 117.652 17.8898 2.2
      vertex 118.148 17.8898 2.2
    endloop
  endfacet
  facet normal 0 0 1
    outer loop
      vertex 117.164 32.9918 2.2
      vertex 117.652 17.8898 2.2
      vertex 117.652 32.9102 2.2
    endloop
  endfacet
  facet normal 0 0 1
    outer loop
      vertex 117.164 32.9918 2.2
      vertex 117.164 17.8082 2.2
      vertex 117.652 17.8898 2.2
    endloop
  endfacet
  facet normal 0 0 1
    outer loop
      vertex 116.695 33.1527 2.2
      vertex 117.164 17.8082 2.2
      vertex 117.164 32.9918 2.2
    endloop
  endfacet
  facet normal 0 0 1
    outer loop
      vertex 116.695 33.1527 2.2
      vertex 116.695 17.6473 2.2
      vertex 117.164 17.8082 2.2
    endloop
  endfacet
  facet normal 0 0 1
    outer loop
      vertex 116.259 33.3885 2.2
      vertex 116.695 17.6473 2.2
      vertex 116.695 33.1527 2.2
    endloop
  endfacet
  facet normal 0 0 1
    outer loop
      vertex 116.259 33.3885 2.2
      vertex 116.259 17.4115 2.2
      vertex 116.695 17.6473 2.2
    endloop
  endfacet
  facet normal 0 0 1
    outer loop
      vertex 115.868 33.6928 2.2
      vertex 116.259 17.4115 2.2
      vertex 116.259 33.3885 2.2
    endloop
  endfacet
  facet normal 0 0 1
    outer loop
      vertex 115.868 33.6928 2.2
      vertex 115.868 17.1072 2.2
      vertex 116.259 17.4115 2.2
    endloop
  endfacet
  facet normal 0 0 1
    outer loop
      vertex 115.533 34.0574 2.2
      vertex 115.868 17.1072 2.2
      vertex 115.868 33.6928 2.2
    endloop
  endfacet
  facet normal 0 0 1
    outer loop
      vertex 115.533 34.0574 2.2
      vertex 115.533 16.7426 2.2
      vertex 115.868 17.1072 2.2
    endloop
  endfacet
  facet normal 0 0 1
    outer loop
      vertex 115.262 34.4722 2.2
      vertex 115.533 16.7426 2.2
      vertex 115.533 34.0574 2.2
    endloop
  endfacet
  facet normal 0 0 1
    outer loop
      vertex 115.262 34.4722 2.2
      vertex 115.262 16.3278 2.2
      vertex 115.533 16.7426 2.2
    endloop
  endfacet
  facet normal 0 0 1
    outer loop
      vertex 114.941 35.4062 2.2
      vertex 75.8591 35.4062 2.2
      vertex 115.063 34.9259 2.2
    endloop
  endfacet
  facet normal 0 0 1
    outer loop
      vertex 75.7374 34.9259 2.2
      vertex 115.063 34.9259 2.2
      vertex 75.8591 35.4062 2.2
    endloop
  endfacet
  facet normal 0 0 1
    outer loop
      vertex 75.8591 35.4062 2.2
      vertex 114.941 35.4062 2.2
      vertex 75.9 35.9 2.2
    endloop
  endfacet
  facet normal 0 0 1
    outer loop
      vertex 115.063 34.9259 2.2
      vertex 75.7374 34.9259 2.2
      vertex 115.262 34.4722 2.2
    endloop
  endfacet
  facet normal -0 0 1
    outer loop
      vertex 75.9 35.9 2.2
      vertex 114.941 35.4062 2.2
      vertex 114.9 35.9 2.2
    endloop
  endfacet
  facet normal 0 0 1
    outer loop
      vertex 115.262 16.3278 2.2
      vertex 75.9 14.9 2.2
      vertex 115.063 15.8741 2.2
    endloop
  endfacet
  facet normal 0 0 1
    outer loop
      vertex 127.4 80.8 2.2
      vertex 126.279 76.4243 2.2
      vertex 127.4 4 2.2
    endloop
  endfacet
  facet normal 0 0 1
    outer loop
      vertex 127.4 4 2.2
      vertex 126.37 7.89155 2.2
      vertex 126.4 7.4 2.2
    endloop
  endfacet
  facet normal -0 0 1
    outer loop
      vertex 126.279 8.37565 2.2
      vertex 127.4 4 2.2
      vertex 126.279 76.4243 2.2
    endloop
  endfacet
  facet normal 0 0 1
    outer loop
      vertex 127.4 4 2.2
      vertex 126.279 8.37565 2.2
      vertex 126.37 7.89155 2.2
    endloop
  endfacet
  facet normal -0 0 1
    outer loop
      vertex 126.13 75.955 2.2
      vertex 126.279 8.37565 2.2
      vertex 126.279 76.4243 2.2
    endloop
  endfacet
  facet normal 0 0 1
    outer loop
      vertex 126.13 75.955 2.2
      vertex 126.13 8.84497 2.2
      vertex 126.279 8.37565 2.2
    endloop
  endfacet
  facet normal 0 0 1
    outer loop
      vertex 120.859 36.3938 2.2
      vertex 126.13 75.955 2.2
      vertex 125.924 75.5076 2.2
    endloop
  endfacet
  facet normal 0 0 1
    outer loop
      vertex 126.13 75.955 2.2
      vertex 120.9 35.9 2.2
      vertex 126.13 8.84497 2.2
    endloop
  endfacet
  facet normal 0 0 1
    outer loop
      vertex 120.737 36.8741 2.2
      vertex 125.924 75.5076 2.2
      vertex 125.665 75.0889 2.2
    endloop
  endfacet
  facet normal 0 0 1
    outer loop
      vertex 126.13 8.84497 2.2
      vertex 120.9 35.9 2.2
      vertex 125.924 9.29237 2.2
    endloop
  endfacet
  facet normal 0 0 1
    outer loop
      vertex 120.737 36.8741 2.2
      vertex 125.665 75.0889 2.2
      vertex 125.356 74.7052 2.2
    endloop
  endfacet
  facet normal -0 0 1
    outer loop
      vertex 120.859 35.4062 2.2
      vertex 125.924 9.29237 2.2
      vertex 120.9 35.9 2.2
    endloop
  endfacet
  facet normal 0 0 1
    outer loop
      vertex 120.538 37.3278 2.2
      vertex 125.356 74.7052 2.2
      vertex 125.002 74.3624 2.2
    endloop
  endfacet
  facet normal 0 0 1
    outer loop
      vertex 125.924 9.29237 2.2
      vertex 120.859 35.4062 2.2
      vertex 125.665 9.71109 2.2
    endloop
  endfacet
  facet normal 0 0 1
    outer loop
      vertex 120.267 37.7426 2.2
      vertex 125.002 74.3624 2.2
      vertex 124.609 74.0656 2.2
    endloop
  endfacet
  facet normal -0 0 1
    outer loop
      vertex 120.737 34.9259 2.2
      vertex 125.665 9.71109 2.2
      vertex 120.859 35.4062 2.2
    endloop
  endfacet
  facet normal 0 0 1
    outer loop
      vertex 119.932 38.1072 2.2
      vertex 124.609 74.0656 2.2
      vertex 124.183 73.8194 2.2
    endloop
  endfacet
  facet normal 0 0 1
    outer loop
      vertex 125.665 9.71109 2.2
      vertex 120.737 34.9259 2.2
      vertex 125.356 10.0948 2.2
    endloop
  endfacet
  facet normal 0 0 1
    outer loop
      vertex 119.541 38.4115 2.2
      vertex 124.183 73.8194 2.2
      vertex 123.729 73.6274 2.2
    endloop
  endfacet
  facet normal 0 0 1
    outer loop
      vertex 125.002 10.4376 2.2
      vertex 120.9 14.9 2.2
      vertex 124.609 10.7344 2.2
    endloop
  endfacet
  facet normal 0 0 1
    outer loop
      vertex 119.541 38.4115 2.2
      vertex 123.729 73.6274 2.2
      vertex 123.256 73.4926 2.2
    endloop
  endfacet
  facet normal 0 0 1
    outer loop
      vertex 124.609 10.7344 2.2
      vertex 120.9 14.9 2.2
      vertex 124.183 10.9807 2.2
    endloop
  endfacet
  facet normal 0 0 1
    outer loop
      vertex 119.105 38.6473 2.2
      vertex 123.256 73.4926 2.2
      vertex 122.769 73.4171 2.2
    endloop
  endfacet
  facet normal 0 0 1
    outer loop
      vertex 124.183 10.9807 2.2
      vertex 120.9 14.9 2.2
      vertex 123.729 11.1726 2.2
    endloop
  endfacet
  facet normal 0 0 1
    outer loop
      vertex 118.636 38.8082 2.2
      vertex 122.769 73.4171 2.2
      vertex 122.277 73.4019 2.2
    endloop
  endfacet
  facet normal 0 0 1
    outer loop
      vertex 123.729 11.1726 2.2
      vertex 120.9 14.9 2.2
      vertex 123.256 11.3074 2.2
    endloop
  endfacet
  facet normal 0 0 1
    outer loop
      vertex 118.148 38.8898 2.2
      vertex 122.277 73.4019 2.2
      vertex 121.786 73.4473 2.2
    endloop
  endfacet
  facet normal -0 0 1
    outer loop
      vertex 120.859 14.4062 2.2
      vertex 123.256 11.3074 2.2
      vertex 120.9 14.9 2.2
    endloop
  endfacet
  facet normal 0 0 1
    outer loop
      vertex 118.148 38.8898 2.2
      vertex 121.786 73.4473 2.2
      vertex 121.305 73.5527 2.2
    endloop
  endfacet
  facet normal 0 0 1
    outer loop
      vertex 123.256 11.3074 2.2
      vertex 120.859 14.4062 2.2
      vertex 122.769 11.3829 2.2
    endloop
  endfacet
  facet normal -0 0 1
    outer loop
      vertex 120.737 13.9259 2.2
      vertex 122.769 11.3829 2.2
      vertex 120.859 14.4062 2.2
    endloop
  endfacet
  facet normal 0 0 1
    outer loop
      vertex 126.13 75.955 2.2
      vertex 120.859 36.3938 2.2
      vertex 120.9 35.9 2.2
    endloop
  endfacet
  facet normal 0 0 1
    outer loop
      vertex 117.652 38.8898 2.2
      vertex 121.305 73.5527 2.2
      vertex 120.841 73.7164 2.2
    endloop
  endfacet
  facet normal 0 0 1
    outer loop
      vertex 125.924 75.5076 2.2
      vertex 120.737 36.8741 2.2
      vertex 120.859 36.3938 2.2
    endloop
  endfacet
  facet normal 0 0 1
    outer loop
      vertex 125.356 74.7052 2.2
      vertex 120.538 37.3278 2.2
      vertex 120.737 36.8741 2.2
    endloop
  endfacet
  facet normal 0 0 1
    outer loop
      vertex 117.164 38.8082 2.2
      vertex 120.841 73.7164 2.2
      vertex 120.4 73.9359 2.2
    endloop
  endfacet
  facet normal 0 0 1
    outer loop
      vertex 125.002 74.3624 2.2
      vertex 120.267 37.7426 2.2
      vertex 120.538 37.3278 2.2
    endloop
  endfacet
  facet normal 0 0 1
    outer loop
      vertex 97.6674 70.3574 2.2
      vertex 120.4 73.9359 2.2
      vertex 119.989 74.2079 2.2
    endloop
  endfacet
  facet normal 0 0 1
    outer loop
      vertex 124.609 74.0656 2.2
      vertex 119.932 38.1072 2.2
      vertex 120.267 37.7426 2.2
    endloop
  endfacet
  facet normal 0 0 1
    outer loop
      vertex 97.9384 70.7722 2.2
      vertex 119.989 74.2079 2.2
      vertex 119.615 74.5284 2.2
    endloop
  endfacet
  facet normal 0 0 1
    outer loop
      vertex 124.183 73.8194 2.2
      vertex 119.541 38.4115 2.2
      vertex 119.932 38.1072 2.2
    endloop
  endfacet
  facet normal 0 0 1
    outer loop
      vertex 98.1375 71.2259 2.2
      vertex 119.615 74.5284 2.2
      vertex 119.284 74.8923 2.2
    endloop
  endfacet
  facet normal 0 0 1
    outer loop
      vertex 123.256 73.4926 2.2
      vertex 119.105 38.6473 2.2
      vertex 119.541 38.4115 2.2
    endloop
  endfacet
  facet normal 0 0 1
    outer loop
      vertex 98.1375 71.2259 2.2
      vertex 119.284 74.8923 2.2
      vertex 118.999 75.2943 2.2
    endloop
  endfacet
  facet normal 0 0 1
    outer loop
      vertex 98.2591 71.7062 2.2
      vertex 118.999 75.2943 2.2
      vertex 118.766 75.7282 2.2
    endloop
  endfacet
  facet normal 0 0 1
    outer loop
      vertex 122.769 73.4171 2.2
      vertex 118.636 38.8082 2.2
      vertex 119.105 38.6473 2.2
    endloop
  endfacet
  facet normal 0 0 1
    outer loop
      vertex 98.3 72.2 2.2
      vertex 118.766 75.7282 2.2
      vertex 118.588 76.1874 2.2
    endloop
  endfacet
  facet normal 0 0 1
    outer loop
      vertex 98.2591 72.6938 2.2
      vertex 118.588 76.1874 2.2
      vertex 118.468 76.665 2.2
    endloop
  endfacet
  facet normal 0 0 1
    outer loop
      vertex 98.1375 73.1741 2.2
      vertex 118.468 76.665 2.2
      vertex 118.408 77.1538 2.2
    endloop
  endfacet
  facet normal 0 0 1
    outer loop
      vertex 122.277 73.4019 2.2
      vertex 118.148 38.8898 2.2
      vertex 118.636 38.8082 2.2
    endloop
  endfacet
  facet normal 0 0 1
    outer loop
      vertex 125.356 80.0948 2.2
      vertex 127.4 80.8 2.2
      vertex 127.329 81.2716 2.2
    endloop
  endfacet
  facet normal 0 0 1
    outer loop
      vertex 126.37 76.9084 2.2
      vertex 127.4 80.8 2.2
      vertex 126.4 77.4 2.2
    endloop
  endfacet
  facet normal 0 0 1
    outer loop
      vertex 125.356 80.0948 2.2
      vertex 127.329 81.2716 2.2
      vertex 127.122 81.7013 2.2
    endloop
  endfacet
  facet normal 0 0 1
    outer loop
      vertex 126.279 76.4243 2.2
      vertex 127.4 80.8 2.2
      vertex 126.37 76.9084 2.2
    endloop
  endfacet
  facet normal 0 0 1
    outer loop
      vertex 125.356 80.0948 2.2
      vertex 127.122 81.7013 2.2
      vertex 126.798 82.0509 2.2
    endloop
  endfacet
  facet normal -0 0 1
    outer loop
      vertex 126.37 6.90845 2.2
      vertex 127.4 4 2.2
      vertex 126.4 7.4 2.2
    endloop
  endfacet
  facet normal -0 0 1
    outer loop
      vertex 126.279 6.42435 2.2
      vertex 127.4 4 2.2
      vertex 126.37 6.90845 2.2
    endloop
  endfacet
  facet normal 0 0 1
    outer loop
      vertex 125.002 80.4376 2.2
      vertex 126.798 82.0509 2.2
      vertex 126.385 82.2894 2.2
    endloop
  endfacet
  facet normal 0 0 1
    outer loop
      vertex 127.4 80.8 2.2
      vertex 126.37 77.8916 2.2
      vertex 126.4 77.4 2.2
    endloop
  endfacet
  facet normal 0 0 1
    outer loop
      vertex 127.4 80.8 2.2
      vertex 126.279 78.3757 2.2
      vertex 126.37 77.8916 2.2
    endloop
  endfacet
  facet normal 0 0 1
    outer loop
      vertex 127.4 80.8 2.2
      vertex 126.13 78.845 2.2
      vertex 126.279 78.3757 2.2
    endloop
  endfacet
  facet normal 0 0 1
    outer loop
      vertex 127.4 80.8 2.2
      vertex 125.924 79.2924 2.2
      vertex 126.13 78.845 2.2
    endloop
  endfacet
  facet normal 0 0 1
    outer loop
      vertex 125.002 80.4376 2.2
      vertex 126.385 82.2894 2.2
      vertex 125.8 82.4 2.2
    endloop
  endfacet
  facet normal 0 0 1
    outer loop
      vertex 127.4 80.8 2.2
      vertex 125.665 79.7111 2.2
      vertex 125.924 79.2924 2.2
    endloop
  endfacet
  facet normal 0 0 1
    outer loop
      vertex 127.4 80.8 2.2
      vertex 125.356 80.0948 2.2
      vertex 125.665 79.7111 2.2
    endloop
  endfacet
  facet normal 0 0 1
    outer loop
      vertex 126.798 82.0509 2.2
      vertex 125.002 80.4376 2.2
      vertex 125.356 80.0948 2.2
    endloop
  endfacet
  facet normal 0 0 1
    outer loop
      vertex 125.8 82.4 2.2
      vertex 124.609 80.7344 2.2
      vertex 125.002 80.4376 2.2
    endloop
  endfacet
  facet normal 0 0 1
    outer loop
      vertex 125.8 82.4 2.2
      vertex 124.183 80.9807 2.2
      vertex 124.609 80.7344 2.2
    endloop
  endfacet
  facet normal 0 0 1
    outer loop
      vertex 125.8 82.4 2.2
      vertex 123.729 81.1726 2.2
      vertex 124.183 80.9807 2.2
    endloop
  endfacet
  facet normal 0 0 1
    outer loop
      vertex 125.8 82.4 2.2
      vertex 123.256 81.3074 2.2
      vertex 123.729 81.1726 2.2
    endloop
  endfacet
  facet normal 0 0 1
    outer loop
      vertex 125.8 82.4 2.2
      vertex 122.769 81.3829 2.2
      vertex 123.256 81.3074 2.2
    endloop
  endfacet
  facet normal 0 0 1
    outer loop
      vertex 125.8 82.4 2.2
      vertex 122.277 81.3981 2.2
      vertex 122.769 81.3829 2.2
    endloop
  endfacet
  facet normal 0 0 1
    outer loop
      vertex 125.8 82.4 2.2
      vertex 121.786 81.3527 2.2
      vertex 122.277 81.3981 2.2
    endloop
  endfacet
  facet normal 0 0 1
    outer loop
      vertex 125.8 82.4 2.2
      vertex 121.305 81.2473 2.2
      vertex 121.786 81.3527 2.2
    endloop
  endfacet
  facet normal 0 0 1
    outer loop
      vertex 98.1375 73.1741 2.2
      vertex 118.408 77.1538 2.2
      vertex 118.408 77.6462 2.2
    endloop
  endfacet
  facet normal 0 0 1
    outer loop
      vertex 121.305 73.5527 2.2
      vertex 117.652 38.8898 2.2
      vertex 118.148 38.8898 2.2
    endloop
  endfacet
  facet normal 0 0 1
    outer loop
      vertex 120.841 73.7164 2.2
      vertex 117.164 38.8082 2.2
      vertex 117.652 38.8898 2.2
    endloop
  endfacet
  facet normal 0 0 1
    outer loop
      vertex 97.3318 69.9928 2.2
      vertex 120.4 73.9359 2.2
      vertex 97.6674 70.3574 2.2
    endloop
  endfacet
  facet normal 0 0 1
    outer loop
      vertex 120.4 73.9359 2.2
      vertex 97.3318 69.9928 2.2
      vertex 117.164 38.8082 2.2
    endloop
  endfacet
  facet normal 0 0 1
    outer loop
      vertex 117.164 38.8082 2.2
      vertex 97.3318 69.9928 2.2
      vertex 116.695 38.6473 2.2
    endloop
  endfacet
  facet normal -0 0 1
    outer loop
      vertex 96.9408 69.6885 2.2
      vertex 116.695 38.6473 2.2
      vertex 97.3318 69.9928 2.2
    endloop
  endfacet
  facet normal 0 0 1
    outer loop
      vertex 116.695 38.6473 2.2
      vertex 96.9408 69.6885 2.2
      vertex 116.259 38.4115 2.2
    endloop
  endfacet
  facet normal -0 0 1
    outer loop
      vertex 96.5051 69.4527 2.2
      vertex 116.259 38.4115 2.2
      vertex 96.9408 69.6885 2.2
    endloop
  endfacet
  facet normal 0 0 1
    outer loop
      vertex 116.259 38.4115 2.2
      vertex 96.5051 69.4527 2.2
      vertex 115.868 38.1072 2.2
    endloop
  endfacet
  facet normal 0 0 1
    outer loop
      vertex 119.615 74.5284 2.2
      vertex 98.1375 71.2259 2.2
      vertex 97.9384 70.7722 2.2
    endloop
  endfacet
  facet normal 0 0 1
    outer loop
      vertex 118.999 75.2943 2.2
      vertex 98.2591 71.7062 2.2
      vertex 98.1375 71.2259 2.2
    endloop
  endfacet
  facet normal 0 0 1
    outer loop
      vertex 118.766 75.7282 2.2
      vertex 98.3 72.2 2.2
      vertex 98.2591 71.7062 2.2
    endloop
  endfacet
  facet normal 0 0 1
    outer loop
      vertex 97.9384 73.6278 2.2
      vertex 118.408 77.6462 2.2
      vertex 118.468 78.135 2.2
    endloop
  endfacet
  facet normal 0 0 1
    outer loop
      vertex 97.6674 74.0426 2.2
      vertex 118.468 78.135 2.2
      vertex 118.588 78.6126 2.2
    endloop
  endfacet
  facet normal 0 0 1
    outer loop
      vertex 97.3318 74.4072 2.2
      vertex 118.588 78.6126 2.2
      vertex 118.766 79.0718 2.2
    endloop
  endfacet
  facet normal 0 0 1
    outer loop
      vertex 96.9408 74.7115 2.2
      vertex 118.766 79.0718 2.2
      vertex 118.999 79.5057 2.2
    endloop
  endfacet
  facet normal 0 0 1
    outer loop
      vertex 96.9408 74.7115 2.2
      vertex 118.999 79.5057 2.2
      vertex 119.284 79.9077 2.2
    endloop
  endfacet
  facet normal 0 0 1
    outer loop
      vertex 96.5051 74.9473 2.2
      vertex 119.284 79.9077 2.2
      vertex 119.615 80.2716 2.2
    endloop
  endfacet
  facet normal 0 0 1
    outer loop
      vertex 96.0365 75.1082 2.2
      vertex 119.615 80.2716 2.2
      vertex 119.989 80.5921 2.2
    endloop
  endfacet
  facet normal 0 0 1
    outer loop
      vertex 95.5477 75.1898 2.2
      vertex 119.989 80.5921 2.2
      vertex 120.4 80.8641 2.2
    endloop
  endfacet
  facet normal 0 0 1
    outer loop
      vertex 95.5477 75.1898 2.2
      vertex 120.4 80.8641 2.2
      vertex 120.841 81.0836 2.2
    endloop
  endfacet
  facet normal 0 0 1
    outer loop
      vertex 118.588 76.1874 2.2
      vertex 98.2591 72.6938 2.2
      vertex 98.3 72.2 2.2
    endloop
  endfacet
  facet normal 0 0 1
    outer loop
      vertex 118.468 76.665 2.2
      vertex 98.1375 73.1741 2.2
      vertex 98.2591 72.6938 2.2
    endloop
  endfacet
  facet normal 0 0 1
    outer loop
      vertex 95.0523 75.1898 2.2
      vertex 120.841 81.0836 2.2
      vertex 121.305 81.2473 2.2
    endloop
  endfacet
  facet normal 0 0 1
    outer loop
      vertex 118.408 77.6462 2.2
      vertex 97.9384 73.6278 2.2
      vertex 98.1375 73.1741 2.2
    endloop
  endfacet
  facet normal 0 0 1
    outer loop
      vertex 118.468 78.135 2.2
      vertex 97.6674 74.0426 2.2
      vertex 97.9384 73.6278 2.2
    endloop
  endfacet
  facet normal 0 0 1
    outer loop
      vertex 118.588 78.6126 2.2
      vertex 97.3318 74.4072 2.2
      vertex 97.6674 74.0426 2.2
    endloop
  endfacet
  facet normal 0 0 1
    outer loop
      vertex 118.766 79.0718 2.2
      vertex 96.9408 74.7115 2.2
      vertex 97.3318 74.4072 2.2
    endloop
  endfacet
  facet normal 0 0 1
    outer loop
      vertex 119.284 79.9077 2.2
      vertex 96.5051 74.9473 2.2
      vertex 96.9408 74.7115 2.2
    endloop
  endfacet
  facet normal -0 0 1
    outer loop
      vertex 8.25573 81.3074 2.2
      vertex 121.305 81.2473 2.2
      vertex 125.8 82.4 2.2
    endloop
  endfacet
  facet normal 0 0 1
    outer loop
      vertex 119.615 80.2716 2.2
      vertex 96.0365 75.1082 2.2
      vertex 96.5051 74.9473 2.2
    endloop
  endfacet
  facet normal 0 0 1
    outer loop
      vertex 119.989 80.5921 2.2
      vertex 95.5477 75.1898 2.2
      vertex 96.0365 75.1082 2.2
    endloop
  endfacet
  facet normal 0 0 1
    outer loop
      vertex 120.841 81.0836 2.2
      vertex 95.0523 75.1898 2.2
      vertex 95.5477 75.1898 2.2
    endloop
  endfacet
  facet normal 0 0 1
    outer loop
      vertex 121.305 81.2473 2.2
      vertex 8.72942 81.1726 2.2
      vertex 95.0523 75.1898 2.2
    endloop
  endfacet
  facet normal 0 0 1
    outer loop
      vertex 75.6365 59.8082 2.2
      vertex 92.3 72.2 2.2
      vertex 92.3409 72.6938 2.2
    endloop
  endfacet
  facet normal 0 0 1
    outer loop
      vertex 75.1477 59.8898 2.2
      vertex 92.3409 72.6938 2.2
      vertex 92.4625 73.1741 2.2
    endloop
  endfacet
  facet normal 0 0 1
    outer loop
      vertex 74.6523 59.8898 2.2
      vertex 92.4625 73.1741 2.2
      vertex 92.6616 73.6278 2.2
    endloop
  endfacet
  facet normal 0 0 1
    outer loop
      vertex 74.1635 59.8082 2.2
      vertex 92.6616 73.6278 2.2
      vertex 92.9326 74.0426 2.2
    endloop
  endfacet
  facet normal 0 0 1
    outer loop
      vertex 92.3 72.2 2.2
      vertex 77.8591 57.3938 2.2
      vertex 77.9 56.9 2.2
    endloop
  endfacet
  facet normal 0 0 1
    outer loop
      vertex 92.3 72.2 2.2
      vertex 77.7374 57.8741 2.2
      vertex 77.8591 57.3938 2.2
    endloop
  endfacet
  facet normal 0 0 1
    outer loop
      vertex 10.6648 79.7111 2.2
      vertex 92.9326 74.0426 2.2
      vertex 93.2682 74.4072 2.2
    endloop
  endfacet
  facet normal 0 0 1
    outer loop
      vertex 92.3 72.2 2.2
      vertex 77.5384 58.3278 2.2
      vertex 77.7374 57.8741 2.2
    endloop
  endfacet
  facet normal 0 0 1
    outer loop
      vertex 92.3 72.2 2.2
      vertex 77.2674 58.7426 2.2
      vertex 77.5384 58.3278 2.2
    endloop
  endfacet
  facet normal 0 0 1
    outer loop
      vertex 92.3 72.2 2.2
      vertex 76.9318 59.1072 2.2
      vertex 77.2674 58.7426 2.2
    endloop
  endfacet
  facet normal 0 0 1
    outer loop
      vertex 92.3 72.2 2.2
      vertex 76.5408 59.4115 2.2
      vertex 76.9318 59.1072 2.2
    endloop
  endfacet
  facet normal 0 0 1
    outer loop
      vertex 92.3 72.2 2.2
      vertex 76.1051 59.6473 2.2
      vertex 76.5408 59.4115 2.2
    endloop
  endfacet
  facet normal 0 0 1
    outer loop
      vertex 92.3 72.2 2.2
      vertex 75.6365 59.8082 2.2
      vertex 76.1051 59.6473 2.2
    endloop
  endfacet
  facet normal 0 0 1
    outer loop
      vertex 92.3409 72.6938 2.2
      vertex 75.1477 59.8898 2.2
      vertex 75.6365 59.8082 2.2
    endloop
  endfacet
  facet normal 0 0 1
    outer loop
      vertex 92.4625 73.1741 2.2
      vertex 74.6523 59.8898 2.2
      vertex 75.1477 59.8898 2.2
    endloop
  endfacet
  facet normal 0 0 1
    outer loop
      vertex 92.6616 73.6278 2.2
      vertex 74.1635 59.8082 2.2
      vertex 74.6523 59.8898 2.2
    endloop
  endfacet
  facet normal 0 0 1
    outer loop
      vertex 10.356 80.0948 2.2
      vertex 93.2682 74.4072 2.2
      vertex 93.6592 74.7115 2.2
    endloop
  endfacet
  facet normal 0 0 1
    outer loop
      vertex 92.9326 74.0426 2.2
      vertex 73.6949 59.6473 2.2
      vertex 74.1635 59.8082 2.2
    endloop
  endfacet
  facet normal 0 0 1
    outer loop
      vertex 92.9326 74.0426 2.2
      vertex 58.6523 56.3898 2.2
      vertex 73.6949 59.6473 2.2
    endloop
  endfacet
  facet normal 0 0 1
    outer loop
      vertex 73.2592 54.3885 2.2
      vertex 71.6949 38.6473 2.2
      vertex 72.1635 38.8082 2.2
    endloop
  endfacet
  facet normal 0 0 1
    outer loop
      vertex 61.5384 51.9722 2.2
      vertex 72.8682 54.6928 2.2
      vertex 61.7374 52.4259 2.2
    endloop
  endfacet
  facet normal 0 0 1
    outer loop
      vertex 72.8682 54.6928 2.2
      vertex 61.5384 51.9722 2.2
      vertex 73.2592 54.3885 2.2
    endloop
  endfacet
  facet normal 0 0 1
    outer loop
      vertex 61.2674 51.5574 2.2
      vertex 73.2592 54.3885 2.2
      vertex 61.5384 51.9722 2.2
    endloop
  endfacet
  facet normal 0 0 1
    outer loop
      vertex 61.5384 54.8278 2.2
      vertex 71.9 56.9 2.2
      vertex 71.9409 57.3938 2.2
    endloop
  endfacet
  facet normal 0 0 1
    outer loop
      vertex 73.2592 54.3885 2.2
      vertex 61.2674 51.5574 2.2
      vertex 71.6949 38.6473 2.2
    endloop
  endfacet
  facet normal 0 0 1
    outer loop
      vertex 71.6949 38.6473 2.2
      vertex 61.2674 51.5574 2.2
      vertex 71.2592 38.4115 2.2
    endloop
  endfacet
  facet normal 0 0 1
    outer loop
      vertex 69.9409 36.3938 2.2
      vertex 61.9 31.9 2.2
      vertex 69.9 35.9 2.2
    endloop
  endfacet
  facet normal 0 0 1
    outer loop
      vertex 70.0625 36.8741 2.2
      vertex 61.9 31.9 2.2
      vertex 69.9409 36.3938 2.2
    endloop
  endfacet
  facet normal 0 0 1
    outer loop
      vertex 70.2616 37.3278 2.2
      vertex 61.9 31.9 2.2
      vertex 70.0625 36.8741 2.2
    endloop
  endfacet
  facet normal 0 0 1
    outer loop
      vertex 61.2674 55.2426 2.2
      vertex 71.9409 57.3938 2.2
      vertex 72.0625 57.8741 2.2
    endloop
  endfacet
  facet normal 0 0 1
    outer loop
      vertex 60.9318 55.6072 2.2
      vertex 72.0625 57.8741 2.2
      vertex 72.2616 58.3278 2.2
    endloop
  endfacet
  facet normal 0 0 1
    outer loop
      vertex 60.5408 55.9115 2.2
      vertex 72.2616 58.3278 2.2
      vertex 72.5326 58.7426 2.2
    endloop
  endfacet
  facet normal 0 0 1
    outer loop
      vertex 60.1051 56.1473 2.2
      vertex 72.5326 58.7426 2.2
      vertex 72.8682 59.1072 2.2
    endloop
  endfacet
  facet normal 0 0 1
    outer loop
      vertex 59.6365 56.3082 2.2
      vertex 72.8682 59.1072 2.2
      vertex 73.2592 59.4115 2.2
    endloop
  endfacet
  facet normal 0 -0 1
    outer loop
      vertex 59.1477 56.3898 2.2
      vertex 73.6949 59.6473 2.2
      vertex 58.6523 56.3898 2.2
    endloop
  endfacet
  facet normal 0 0 1
    outer loop
      vertex 72.0625 55.9259 2.2
      vertex 61.8591 53.8938 2.2
      vertex 61.9 53.4 2.2
    endloop
  endfacet
  facet normal 0 0 1
    outer loop
      vertex 71.9409 56.4062 2.2
      vertex 61.7374 54.3741 2.2
      vertex 61.8591 53.8938 2.2
    endloop
  endfacet
  facet normal 0 0 1
    outer loop
      vertex 71.9 56.9 2.2
      vertex 61.5384 54.8278 2.2
      vertex 61.7374 54.3741 2.2
    endloop
  endfacet
  facet normal 0 0 1
    outer loop
      vertex 71.9409 57.3938 2.2
      vertex 61.2674 55.2426 2.2
      vertex 61.5384 54.8278 2.2
    endloop
  endfacet
  facet normal 0 0 1
    outer loop
      vertex 72.0625 57.8741 2.2
      vertex 60.9318 55.6072 2.2
      vertex 61.2674 55.2426 2.2
    endloop
  endfacet
  facet normal 0 0 1
    outer loop
      vertex 72.2616 58.3278 2.2
      vertex 60.5408 55.9115 2.2
      vertex 60.9318 55.6072 2.2
    endloop
  endfacet
  facet normal 0 0 1
    outer loop
      vertex 72.5326 58.7426 2.2
      vertex 60.1051 56.1473 2.2
      vertex 60.5408 55.9115 2.2
    endloop
  endfacet
  facet normal 0 0 1
    outer loop
      vertex 72.8682 59.1072 2.2
      vertex 59.6365 56.3082 2.2
      vertex 60.1051 56.1473 2.2
    endloop
  endfacet
  facet normal 0 0 1
    outer loop
      vertex 9.60946 80.7344 2.2
      vertex 93.6592 74.7115 2.2
      vertex 94.0949 74.9473 2.2
    endloop
  endfacet
  facet normal 0 0 1
    outer loop
      vertex 73.2592 59.4115 2.2
      vertex 59.1477 56.3898 2.2
      vertex 59.6365 56.3082 2.2
    endloop
  endfacet
  facet normal 0 0 1
    outer loop
      vertex 73.6949 59.6473 2.2
      vertex 59.1477 56.3898 2.2
      vertex 73.2592 59.4115 2.2
    endloop
  endfacet
  facet normal 0 0 1
    outer loop
      vertex 92.9326 74.0426 2.2
      vertex 10.6648 79.7111 2.2
      vertex 58.6523 56.3898 2.2
    endloop
  endfacet
  facet normal -0 -0 1
    outer loop
      vertex 10.924 79.2924 2.2
      vertex 58.6523 56.3898 2.2
      vertex 10.6648 79.7111 2.2
    endloop
  endfacet
  facet normal 0 0 1
    outer loop
      vertex 56.0625 32.8741 2.2
      vertex 15.9 31.9 2.2
      vertex 55.9409 32.3938 2.2
    endloop
  endfacet
  facet normal 0 0 1
    outer loop
      vertex 55.9409 53.8938 2.2
      vertex 15.9 53.4 2.2
      vertex 55.9 53.4 2.2
    endloop
  endfacet
  facet normal 0 0 1
    outer loop
      vertex 15.8591 53.8938 2.2
      vertex 55.9409 53.8938 2.2
      vertex 56.0625 54.3741 2.2
    endloop
  endfacet
  facet normal 0 0 1
    outer loop
      vertex 15.7375 54.3741 2.2
      vertex 56.0625 54.3741 2.2
      vertex 56.2616 54.8278 2.2
    endloop
  endfacet
  facet normal 0 0 1
    outer loop
      vertex 15.5384 54.8278 2.2
      vertex 56.2616 54.8278 2.2
      vertex 56.5326 55.2426 2.2
    endloop
  endfacet
  facet normal -0 0 1
    outer loop
      vertex 11.3697 76.9084 2.2
      vertex 56.8682 55.6072 2.2
      vertex 11.4 77.4 2.2
    endloop
  endfacet
  facet normal 0 0 1
    outer loop
      vertex 11.4 77.4 2.2
      vertex 56.8682 55.6072 2.2
      vertex 57.2592 55.9115 2.2
    endloop
  endfacet
  facet normal 0 0 1
    outer loop
      vertex 11.3697 77.8916 2.2
      vertex 57.2592 55.9115 2.2
      vertex 57.6949 56.1473 2.2
    endloop
  endfacet
  facet normal 0 0 1
    outer loop
      vertex 58.6523 56.3898 2.2
      vertex 10.924 79.2924 2.2
      vertex 58.1635 56.3082 2.2
    endloop
  endfacet
  facet normal 0 0 1
    outer loop
      vertex 9.18295 80.9807 2.2
      vertex 94.0949 74.9473 2.2
      vertex 94.5635 75.1082 2.2
    endloop
  endfacet
  facet normal 0 0 1
    outer loop
      vertex 55.9409 53.8938 2.2
      vertex 15.8591 53.8938 2.2
      vertex 15.9 53.4 2.2
    endloop
  endfacet
  facet normal 0 0 1
    outer loop
      vertex 56.0625 54.3741 2.2
      vertex 15.7375 54.3741 2.2
      vertex 15.8591 53.8938 2.2
    endloop
  endfacet
  facet normal 0 0 1
    outer loop
      vertex 56.2616 54.8278 2.2
      vertex 15.5384 54.8278 2.2
      vertex 15.7375 54.3741 2.2
    endloop
  endfacet
  facet normal 0 0 1
    outer loop
      vertex 56.8682 55.6072 2.2
      vertex 11.3697 76.9084 2.2
      vertex 56.5326 55.2426 2.2
    endloop
  endfacet
  facet normal 0 0 1
    outer loop
      vertex 56.5326 55.2426 2.2
      vertex 15.2674 55.2426 2.2
      vertex 15.5384 54.8278 2.2
    endloop
  endfacet
  facet normal -0 0 1
    outer loop
      vertex 11.2792 76.4243 2.2
      vertex 56.5326 55.2426 2.2
      vertex 11.3697 76.9084 2.2
    endloop
  endfacet
  facet normal 0 0 1
    outer loop
      vertex 56.5326 55.2426 2.2
      vertex 11.2792 76.4243 2.2
      vertex 15.2674 55.2426 2.2
    endloop
  endfacet
  facet normal -0 0 1
    outer loop
      vertex 11.1299 75.955 2.2
      vertex 15.2674 55.2426 2.2
      vertex 11.2792 76.4243 2.2
    endloop
  endfacet
  facet normal 0 0 1
    outer loop
      vertex 95.0523 75.1898 2.2
      vertex 8.72942 81.1726 2.2
      vertex 94.5635 75.1082 2.2
    endloop
  endfacet
  facet normal 0 0 1
    outer loop
      vertex 15.2674 55.2426 2.2
      vertex 11.1299 75.955 2.2
      vertex 14.9318 55.6072 2.2
    endloop
  endfacet
  facet normal -0 0 1
    outer loop
      vertex 10.924 75.5076 2.2
      vertex 14.9318 55.6072 2.2
      vertex 11.1299 75.955 2.2
    endloop
  endfacet
  facet normal 0 0 1
    outer loop
      vertex 14.9318 55.6072 2.2
      vertex 10.924 75.5076 2.2
      vertex 14.5408 55.9115 2.2
    endloop
  endfacet
  facet normal 0 0 1
    outer loop
      vertex 14.5408 55.9115 2.2
      vertex 10.6648 75.0889 2.2
      vertex 14.1051 56.1473 2.2
    endloop
  endfacet
  facet normal -0 0 1
    outer loop
      vertex 10.6648 75.0889 2.2
      vertex 14.5408 55.9115 2.2
      vertex 10.924 75.5076 2.2
    endloop
  endfacet
  facet normal 0 0 1
    outer loop
      vertex 57.2592 55.9115 2.2
      vertex 11.3697 77.8916 2.2
      vertex 11.4 77.4 2.2
    endloop
  endfacet
  facet normal 0 0 1
    outer loop
      vertex 57.6949 56.1473 2.2
      vertex 11.2792 78.3757 2.2
      vertex 11.3697 77.8916 2.2
    endloop
  endfacet
  facet normal 0 0 1
    outer loop
      vertex 57.6949 56.1473 2.2
      vertex 11.1299 78.845 2.2
      vertex 11.2792 78.3757 2.2
    endloop
  endfacet
  facet normal 0 0 1
    outer loop
      vertex 58.1635 56.3082 2.2
      vertex 11.1299 78.845 2.2
      vertex 57.6949 56.1473 2.2
    endloop
  endfacet
  facet normal -0 -0 1
    outer loop
      vertex 11.1299 78.845 2.2
      vertex 58.1635 56.3082 2.2
      vertex 10.924 79.2924 2.2
    endloop
  endfacet
  facet normal 0 0 1
    outer loop
      vertex 93.2682 74.4072 2.2
      vertex 10.356 80.0948 2.2
      vertex 10.6648 79.7111 2.2
    endloop
  endfacet
  facet normal 0 0 1
    outer loop
      vertex 93.6592 74.7115 2.2
      vertex 10.0025 80.4376 2.2
      vertex 10.356 80.0948 2.2
    endloop
  endfacet
  facet normal 0 0 1
    outer loop
      vertex 93.6592 74.7115 2.2
      vertex 9.60946 80.7344 2.2
      vertex 10.0025 80.4376 2.2
    endloop
  endfacet
  facet normal 0 0 1
    outer loop
      vertex 94.0949 74.9473 2.2
      vertex 9.18295 80.9807 2.2
      vertex 9.60946 80.7344 2.2
    endloop
  endfacet
  facet normal 0 0 1
    outer loop
      vertex 94.5635 75.1082 2.2
      vertex 8.72942 81.1726 2.2
      vertex 9.18295 80.9807 2.2
    endloop
  endfacet
  facet normal 0 0 1
    outer loop
      vertex 121.305 81.2473 2.2
      vertex 8.25573 81.3074 2.2
      vertex 8.72942 81.1726 2.2
    endloop
  endfacet
  facet normal -0 0 1
    outer loop
      vertex 4 82.4 2.2
      vertex 8.25573 81.3074 2.2
      vertex 125.8 82.4 2.2
    endloop
  endfacet
  facet normal 0 0 1
    outer loop
      vertex 8.25573 81.3074 2.2
      vertex 4 82.4 2.2
      vertex 7.76907 81.3829 2.2
    endloop
  endfacet
  facet normal 0 0 1
    outer loop
      vertex 7.76907 81.3829 2.2
      vertex 4 82.4 2.2
      vertex 7.27682 81.3981 2.2
    endloop
  endfacet
  facet normal 0 0 1
    outer loop
      vertex 4 82.4 2.2
      vertex 6.78643 81.3527 2.2
      vertex 7.27682 81.3981 2.2
    endloop
  endfacet
  facet normal 0 0 1
    outer loop
      vertex 4 82.4 2.2
      vertex 6.30535 81.2473 2.2
      vertex 6.78643 81.3527 2.2
    endloop
  endfacet
  facet normal 0 0 1
    outer loop
      vertex 4 82.4 2.2
      vertex 5.84086 81.0836 2.2
      vertex 6.30535 81.2473 2.2
    endloop
  endfacet
  facet normal 0 0 1
    outer loop
      vertex 4 82.4 2.2
      vertex 5.4 80.8641 2.2
      vertex 5.84086 81.0836 2.2
    endloop
  endfacet
  facet normal 0 0 1
    outer loop
      vertex 4 82.4 2.2
      vertex 4.98946 80.5921 2.2
      vertex 5.4 80.8641 2.2
    endloop
  endfacet
  facet normal 0 0 1
    outer loop
      vertex 4 82.4 2.2
      vertex 4.61546 80.2716 2.2
      vertex 4.98946 80.5921 2.2
    endloop
  endfacet
  facet normal -0 0 1
    outer loop
      vertex 3.5284 82.3289 2.2
      vertex 4.61546 80.2716 2.2
      vertex 4 82.4 2.2
    endloop
  endfacet
  facet normal -0 0 1
    outer loop
      vertex 3.09869 82.122 2.2
      vertex 4.61546 80.2716 2.2
      vertex 3.5284 82.3289 2.2
    endloop
  endfacet
  facet normal -0 0 1
    outer loop
      vertex 2.74907 81.7976 2.2
      vertex 4.61546 80.2716 2.2
      vertex 3.09869 82.122 2.2
    endloop
  endfacet
  facet normal 0 0 1
    outer loop
      vertex 3.99913 79.5057 2.2
      vertex 2.39999 80.8 2.2
      vertex 3.76614 79.0718 2.2
    endloop
  endfacet
  facet normal -0 0 1
    outer loop
      vertex 2.5106 81.3845 2.2
      vertex 4.61546 80.2716 2.2
      vertex 2.74907 81.7976 2.2
    endloop
  endfacet
  facet normal 0 0 1
    outer loop
      vertex 3.76614 79.0718 2.2
      vertex 2.39999 80.8 2.2
      vertex 3.58823 78.6126 2.2
    endloop
  endfacet
  facet normal 0 0 1
    outer loop
      vertex 3.58823 78.6126 2.2
      vertex 2.39999 80.8 2.2
      vertex 3.46811 78.135 2.2
    endloop
  endfacet
  facet normal 0 0 1
    outer loop
      vertex 2.39999 80.8 2.2
      vertex 3.40759 77.1538 2.2
      vertex 3.40759 77.6462 2.2
    endloop
  endfacet
  facet normal 0 0 1
    outer loop
      vertex 2.39999 4 2.2
      vertex 3.46811 8.135 2.2
      vertex 2.39999 80.8 2.2
    endloop
  endfacet
  facet normal 0 0 1
    outer loop
      vertex 3.46811 78.135 2.2
      vertex 2.39999 80.8 2.2
      vertex 3.40759 77.6462 2.2
    endloop
  endfacet
  facet normal 0 0 1
    outer loop
      vertex 4.61546 80.2716 2.2
      vertex 2.5106 81.3845 2.2
      vertex 4.28368 79.9077 2.2
    endloop
  endfacet
  facet normal -0 0 1
    outer loop
      vertex 126.13 5.95503 2.2
      vertex 127.4 4 2.2
      vertex 126.279 6.42435 2.2
    endloop
  endfacet
  facet normal -0 0 1
    outer loop
      vertex 125.924 5.50763 2.2
      vertex 127.4 4 2.2
      vertex 126.13 5.95503 2.2
    endloop
  endfacet
  facet normal -0 0 1
    outer loop
      vertex 125.665 5.0889 2.2
      vertex 127.4 4 2.2
      vertex 125.924 5.50763 2.2
    endloop
  endfacet
  facet normal -0 0 1
    outer loop
      vertex 125.356 4.70522 2.2
      vertex 127.4 4 2.2
      vertex 125.665 5.0889 2.2
    endloop
  endfacet
  facet normal 0 0 1
    outer loop
      vertex 127.4 4 2.2
      vertex 125.356 4.70522 2.2
      vertex 127.289 3.41545 2.2
    endloop
  endfacet
  facet normal 0 0 1
    outer loop
      vertex 127.289 3.41545 2.2
      vertex 125.356 4.70522 2.2
      vertex 127.051 3.00241 2.2
    endloop
  endfacet
  facet normal 0 0 1
    outer loop
      vertex 127.051 3.00241 2.2
      vertex 125.356 4.70522 2.2
      vertex 126.701 2.67802 2.2
    endloop
  endfacet
  facet normal -0 0 1
    outer loop
      vertex 125.002 4.36238 2.2
      vertex 126.701 2.67802 2.2
      vertex 125.356 4.70522 2.2
    endloop
  endfacet
  facet normal 0 0 1
    outer loop
      vertex 126.701 2.67802 2.2
      vertex 125.002 4.36238 2.2
      vertex 126.272 2.47108 2.2
    endloop
  endfacet
  facet normal 0 0 1
    outer loop
      vertex 126.272 2.47108 2.2
      vertex 125.002 4.36238 2.2
      vertex 125.8 2.39999 2.2
    endloop
  endfacet
  facet normal -0 0 1
    outer loop
      vertex 124.609 4.06559 2.2
      vertex 125.8 2.39999 2.2
      vertex 125.002 4.36238 2.2
    endloop
  endfacet
  facet normal -0 0 1
    outer loop
      vertex 124.183 3.81935 2.2
      vertex 125.8 2.39999 2.2
      vertex 124.609 4.06559 2.2
    endloop
  endfacet
  facet normal -0 0 1
    outer loop
      vertex 123.729 3.62738 2.2
      vertex 125.8 2.39999 2.2
      vertex 124.183 3.81935 2.2
    endloop
  endfacet
  facet normal -0 0 1
    outer loop
      vertex 123.256 3.49261 2.2
      vertex 125.8 2.39999 2.2
      vertex 123.729 3.62738 2.2
    endloop
  endfacet
  facet normal -0 0 1
    outer loop
      vertex 122.769 3.41706 2.2
      vertex 125.8 2.39999 2.2
      vertex 123.256 3.49261 2.2
    endloop
  endfacet
  facet normal -0 0 1
    outer loop
      vertex 122.277 3.4019 2.2
      vertex 125.8 2.39999 2.2
      vertex 122.769 3.41706 2.2
    endloop
  endfacet
  facet normal 0 0 1
    outer loop
      vertex 121.786 3.44734 2.2
      vertex 125.8 2.39999 2.2
      vertex 122.277 3.4019 2.2
    endloop
  endfacet
  facet normal 0 0 1
    outer loop
      vertex 121.305 3.5527 2.2
      vertex 125.8 2.39999 2.2
      vertex 121.786 3.44734 2.2
    endloop
  endfacet
  facet normal 0 0 1
    outer loop
      vertex 118.588 8.61261 2.2
      vertex 116.695 12.1527 2.2
      vertex 118.468 8.135 2.2
    endloop
  endfacet
  facet normal 0 0 1
    outer loop
      vertex 116.259 12.3885 2.2
      vertex 118.468 8.135 2.2
      vertex 116.695 12.1527 2.2
    endloop
  endfacet
  facet normal 0 0 1
    outer loop
      vertex 118.468 8.135 2.2
      vertex 116.259 12.3885 2.2
      vertex 118.408 7.64624 2.2
    endloop
  endfacet
  facet normal 0 0 1
    outer loop
      vertex 115.868 12.6928 2.2
      vertex 118.408 7.64624 2.2
      vertex 116.259 12.3885 2.2
    endloop
  endfacet
  facet normal 0 0 1
    outer loop
      vertex 118.408 7.64624 2.2
      vertex 115.868 12.6928 2.2
      vertex 118.408 7.15376 2.2
    endloop
  endfacet
  facet normal 0 0 1
    outer loop
      vertex 118.408 7.15376 2.2
      vertex 115.868 12.6928 2.2
      vertex 118.468 6.665 2.2
    endloop
  endfacet
  facet normal 0 0 1
    outer loop
      vertex 115.533 13.0574 2.2
      vertex 118.468 6.665 2.2
      vertex 115.868 12.6928 2.2
    endloop
  endfacet
  facet normal 0 0 1
    outer loop
      vertex 118.468 6.665 2.2
      vertex 115.533 13.0574 2.2
      vertex 118.588 6.18739 2.2
    endloop
  endfacet
  facet normal -0 0 1
    outer loop
      vertex 75.2674 13.0574 2.2
      vertex 118.588 6.18739 2.2
      vertex 115.533 13.0574 2.2
    endloop
  endfacet
  facet normal 0 0 1
    outer loop
      vertex 75.2674 13.0574 2.2
      vertex 115.533 13.0574 2.2
      vertex 115.262 13.4722 2.2
    endloop
  endfacet
  facet normal 0 0 1
    outer loop
      vertex 119.989 74.2079 2.2
      vertex 97.9384 70.7722 2.2
      vertex 97.6674 70.3574 2.2
    endloop
  endfacet
  facet normal -0 0 1
    outer loop
      vertex 96.0365 69.2918 2.2
      vertex 115.868 38.1072 2.2
      vertex 96.5051 69.4527 2.2
    endloop
  endfacet
  facet normal 0 0 1
    outer loop
      vertex 115.868 38.1072 2.2
      vertex 96.0365 69.2918 2.2
      vertex 115.533 37.7426 2.2
    endloop
  endfacet
  facet normal -0 0 1
    outer loop
      vertex 95.5477 69.2103 2.2
      vertex 115.533 37.7426 2.2
      vertex 96.0365 69.2918 2.2
    endloop
  endfacet
  facet normal 0 0 1
    outer loop
      vertex 115.533 37.7426 2.2
      vertex 95.5477 69.2103 2.2
      vertex 115.262 37.3278 2.2
    endloop
  endfacet
  facet normal -0 0 1
    outer loop
      vertex 77.7374 55.9259 2.2
      vertex 115.262 37.3278 2.2
      vertex 95.5477 69.2103 2.2
    endloop
  endfacet
  facet normal -0 0 1
    outer loop
      vertex 77.5384 55.4722 2.2
      vertex 115.262 37.3278 2.2
      vertex 77.7374 55.9259 2.2
    endloop
  endfacet
  facet normal 0 0 1
    outer loop
      vertex 115.262 37.3278 2.2
      vertex 77.5384 55.4722 2.2
      vertex 115.063 36.8741 2.2
    endloop
  endfacet
  facet normal 0 0 1
    outer loop
      vertex 115.063 15.8741 2.2
      vertex 75.9 14.9 2.2
      vertex 114.941 15.3938 2.2
    endloop
  endfacet
  facet normal 0 0 1
    outer loop
      vertex 114.941 15.3938 2.2
      vertex 75.9 14.9 2.2
      vertex 114.9 14.9 2.2
    endloop
  endfacet
  facet normal 0 0 1
    outer loop
      vertex 75.8591 36.3938 2.2
      vertex 115.063 36.8741 2.2
      vertex 77.5384 55.4722 2.2
    endloop
  endfacet
  facet normal 0 0 1
    outer loop
      vertex 77.7374 55.9259 2.2
      vertex 95.5477 69.2103 2.2
      vertex 95.0523 69.2103 2.2
    endloop
  endfacet
  facet normal 0 0 1
    outer loop
      vertex 77.8591 56.4062 2.2
      vertex 95.0523 69.2103 2.2
      vertex 94.5635 69.2918 2.2
    endloop
  endfacet
  facet normal 0 0 1
    outer loop
      vertex 77.9 56.9 2.2
      vertex 94.5635 69.2918 2.2
      vertex 94.0949 69.4527 2.2
    endloop
  endfacet
  facet normal 0 0 1
    outer loop
      vertex 77.9 56.9 2.2
      vertex 94.0949 69.4527 2.2
      vertex 93.6592 69.6885 2.2
    endloop
  endfacet
  facet normal 0 0 1
    outer loop
      vertex 77.9 56.9 2.2
      vertex 93.6592 69.6885 2.2
      vertex 93.2682 69.9928 2.2
    endloop
  endfacet
  facet normal 0 0 1
    outer loop
      vertex 77.9 56.9 2.2
      vertex 93.2682 69.9928 2.2
      vertex 92.9326 70.3574 2.2
    endloop
  endfacet
  facet normal 0 0 1
    outer loop
      vertex 77.9 56.9 2.2
      vertex 92.9326 70.3574 2.2
      vertex 92.6616 70.7722 2.2
    endloop
  endfacet
  facet normal 0 0 1
    outer loop
      vertex 77.9 56.9 2.2
      vertex 92.6616 70.7722 2.2
      vertex 92.4625 71.2259 2.2
    endloop
  endfacet
  facet normal 0 0 1
    outer loop
      vertex 77.9 56.9 2.2
      vertex 92.3409 71.7062 2.2
      vertex 92.3 72.2 2.2
    endloop
  endfacet
  facet normal 0 0 1
    outer loop
      vertex 77.9 56.9 2.2
      vertex 92.4625 71.2259 2.2
      vertex 92.3409 71.7062 2.2
    endloop
  endfacet
  facet normal 0 0 1
    outer loop
      vertex 94.5635 69.2918 2.2
      vertex 77.9 56.9 2.2
      vertex 77.8591 56.4062 2.2
    endloop
  endfacet
  facet normal 0 0 1
    outer loop
      vertex 95.0523 69.2103 2.2
      vertex 77.8591 56.4062 2.2
      vertex 77.7374 55.9259 2.2
    endloop
  endfacet
  facet normal 0 0 1
    outer loop
      vertex 75.8591 36.3938 2.2
      vertex 114.941 36.3938 2.2
      vertex 115.063 36.8741 2.2
    endloop
  endfacet
  facet normal 0 0 1
    outer loop
      vertex 114.9 14.9 2.2
      vertex 75.9 14.9 2.2
      vertex 114.941 14.4062 2.2
    endloop
  endfacet
  facet normal 0 0 1
    outer loop
      vertex 75.8591 14.4062 2.2
      vertex 114.941 14.4062 2.2
      vertex 75.9 14.9 2.2
    endloop
  endfacet
  facet normal 0 0 1
    outer loop
      vertex 114.941 14.4062 2.2
      vertex 75.8591 14.4062 2.2
      vertex 115.063 13.9259 2.2
    endloop
  endfacet
  facet normal 0 0 1
    outer loop
      vertex 75.7374 13.9259 2.2
      vertex 115.063 13.9259 2.2
      vertex 75.8591 14.4062 2.2
    endloop
  endfacet
  facet normal 0 0 1
    outer loop
      vertex 114.941 36.3938 2.2
      vertex 75.9 35.9 2.2
      vertex 114.9 35.9 2.2
    endloop
  endfacet
  facet normal 0 0 1
    outer loop
      vertex 75.8591 36.3938 2.2
      vertex 77.5384 55.4722 2.2
      vertex 77.2674 55.0574 2.2
    endloop
  endfacet
  facet normal 0 0 1
    outer loop
      vertex 75.8591 36.3938 2.2
      vertex 77.2674 55.0574 2.2
      vertex 76.9318 54.6928 2.2
    endloop
  endfacet
  facet normal 0 0 1
    outer loop
      vertex 75.8591 36.3938 2.2
      vertex 76.9318 54.6928 2.2
      vertex 76.5408 54.3885 2.2
    endloop
  endfacet
  facet normal 0 0 1
    outer loop
      vertex 74.9318 38.1072 2.2
      vertex 76.5408 54.3885 2.2
      vertex 76.1051 54.1527 2.2
    endloop
  endfacet
  facet normal 0 0 1
    outer loop
      vertex 115.063 13.9259 2.2
      vertex 75.7374 13.9259 2.2
      vertex 115.262 13.4722 2.2
    endloop
  endfacet
  facet normal 0 0 1
    outer loop
      vertex 75.5384 13.4722 2.2
      vertex 115.262 13.4722 2.2
      vertex 75.7374 13.9259 2.2
    endloop
  endfacet
  facet normal 0 0 1
    outer loop
      vertex 75.2674 13.0574 2.2
      vertex 115.262 13.4722 2.2
      vertex 75.5384 13.4722 2.2
    endloop
  endfacet
  facet normal 0 0 1
    outer loop
      vertex 118.588 6.18739 2.2
      vertex 75.2674 13.0574 2.2
      vertex 118.766 5.72816 2.2
    endloop
  endfacet
  facet normal -0 0 1
    outer loop
      vertex 74.9318 12.6928 2.2
      vertex 118.766 5.72816 2.2
      vertex 75.2674 13.0574 2.2
    endloop
  endfacet
  facet normal 0 0 1
    outer loop
      vertex 118.766 5.72816 2.2
      vertex 74.9318 12.6928 2.2
      vertex 118.999 5.29427 2.2
    endloop
  endfacet
  facet normal -0 0 1
    outer loop
      vertex 74.5408 12.3885 2.2
      vertex 118.999 5.29427 2.2
      vertex 74.9318 12.6928 2.2
    endloop
  endfacet
  facet normal 0 0 1
    outer loop
      vertex 118.999 5.29427 2.2
      vertex 74.5408 12.3885 2.2
      vertex 119.284 4.8923 2.2
    endloop
  endfacet
  facet normal 0 0 1
    outer loop
      vertex 119.284 4.8923 2.2
      vertex 74.5408 12.3885 2.2
      vertex 119.615 4.52835 2.2
    endloop
  endfacet
  facet normal -0 0 1
    outer loop
      vertex 74.1051 12.1527 2.2
      vertex 119.615 4.52835 2.2
      vertex 74.5408 12.3885 2.2
    endloop
  endfacet
  facet normal 0 0 1
    outer loop
      vertex 119.615 4.52835 2.2
      vertex 74.1051 12.1527 2.2
      vertex 119.989 4.20793 2.2
    endloop
  endfacet
  facet normal -0 0 1
    outer loop
      vertex 73.6365 11.9918 2.2
      vertex 119.989 4.20793 2.2
      vertex 74.1051 12.1527 2.2
    endloop
  endfacet
  facet normal 0 0 1
    outer loop
      vertex 119.989 4.20793 2.2
      vertex 73.6365 11.9918 2.2
      vertex 120.4 3.9359 2.2
    endloop
  endfacet
  facet normal -0 0 1
    outer loop
      vertex 73.1477 11.9102 2.2
      vertex 120.4 3.9359 2.2
      vertex 73.6365 11.9918 2.2
    endloop
  endfacet
  facet normal 0 0 1
    outer loop
      vertex 120.4 3.9359 2.2
      vertex 73.1477 11.9102 2.2
      vertex 120.841 3.71638 2.2
    endloop
  endfacet
  facet normal 0 0 1
    outer loop
      vertex 120.841 3.71638 2.2
      vertex 73.1477 11.9102 2.2
      vertex 121.305 3.5527 2.2
    endloop
  endfacet
  facet normal -0 0 1
    outer loop
      vertex 72.6523 11.9102 2.2
      vertex 121.305 3.5527 2.2
      vertex 73.1477 11.9102 2.2
    endloop
  endfacet
  facet normal -0 0 1
    outer loop
      vertex 8.72942 3.62738 2.2
      vertex 121.305 3.5527 2.2
      vertex 72.6523 11.9102 2.2
    endloop
  endfacet
  facet normal 0 0 1
    outer loop
      vertex 9.18295 3.81935 2.2
      vertex 72.6523 11.9102 2.2
      vertex 72.1635 11.9918 2.2
    endloop
  endfacet
  facet normal 0 0 1
    outer loop
      vertex 70.5326 34.0574 2.2
      vertex 61.9 31.9 2.2
      vertex 61.8591 31.4062 2.2
    endloop
  endfacet
  facet normal 0 0 1
    outer loop
      vertex 70.8682 33.6928 2.2
      vertex 61.8591 31.4062 2.2
      vertex 61.7374 30.9259 2.2
    endloop
  endfacet
  facet normal 0 0 1
    outer loop
      vertex 71.2592 33.3885 2.2
      vertex 61.7374 30.9259 2.2
      vertex 61.5384 30.4722 2.2
    endloop
  endfacet
  facet normal -0 0 1
    outer loop
      vertex 60.1051 29.1527 2.2
      vertex 70.5326 16.7426 2.2
      vertex 60.5408 29.3885 2.2
    endloop
  endfacet
  facet normal 0 0 1
    outer loop
      vertex 70.5326 16.7426 2.2
      vertex 60.1051 29.1527 2.2
      vertex 70.2616 16.3278 2.2
    endloop
  endfacet
  facet normal -0 0 1
    outer loop
      vertex 59.6365 28.9918 2.2
      vertex 70.2616 16.3278 2.2
      vertex 60.1051 29.1527 2.2
    endloop
  endfacet
  facet normal 0 0 1
    outer loop
      vertex 70.2616 16.3278 2.2
      vertex 59.6365 28.9918 2.2
      vertex 70.0625 15.8741 2.2
    endloop
  endfacet
  facet normal -0 0 1
    outer loop
      vertex 59.1477 28.9102 2.2
      vertex 70.0625 15.8741 2.2
      vertex 59.6365 28.9918 2.2
    endloop
  endfacet
  facet normal 0 0 1
    outer loop
      vertex 70.0625 15.8741 2.2
      vertex 59.1477 28.9102 2.2
      vertex 69.9409 15.3938 2.2
    endloop
  endfacet
  facet normal -0 0 1
    outer loop
      vertex 58.6523 28.9102 2.2
      vertex 69.9409 15.3938 2.2
      vertex 59.1477 28.9102 2.2
    endloop
  endfacet
  facet normal 0 0 1
    outer loop
      vertex 69.9409 15.3938 2.2
      vertex 58.6523 28.9102 2.2
      vertex 69.9 14.9 2.2
    endloop
  endfacet
  facet normal 0 0 1
    outer loop
      vertex 58.1635 28.9918 2.2
      vertex 69.9 14.9 2.2
      vertex 58.6523 28.9102 2.2
    endloop
  endfacet
  facet normal 0 0 1
    outer loop
      vertex 69.9 14.9 2.2
      vertex 58.1635 28.9918 2.2
      vertex 69.9409 14.4062 2.2
    endloop
  endfacet
  facet normal 0 0 1
    outer loop
      vertex 57.6949 29.1527 2.2
      vertex 69.9409 14.4062 2.2
      vertex 58.1635 28.9918 2.2
    endloop
  endfacet
  facet normal 0 0 1
    outer loop
      vertex 69.9409 14.4062 2.2
      vertex 57.6949 29.1527 2.2
      vertex 70.0625 13.9259 2.2
    endloop
  endfacet
  facet normal 0 0 1
    outer loop
      vertex 57.2592 29.3885 2.2
      vertex 70.0625 13.9259 2.2
      vertex 57.6949 29.1527 2.2
    endloop
  endfacet
  facet normal 0 0 1
    outer loop
      vertex 11.3697 6.90845 2.2
      vertex 70.0625 13.9259 2.2
      vertex 57.2592 29.3885 2.2
    endloop
  endfacet
  facet normal 0 0 1
    outer loop
      vertex 70.0625 13.9259 2.2
      vertex 11.3697 6.90845 2.2
      vertex 70.2616 13.4722 2.2
    endloop
  endfacet
  facet normal 0 0 1
    outer loop
      vertex 11.4 7.4 2.2
      vertex 57.2592 29.3885 2.2
      vertex 56.8682 29.6928 2.2
    endloop
  endfacet
  facet normal 0 0 1
    outer loop
      vertex 11.3697 7.89155 2.2
      vertex 56.8682 29.6928 2.2
      vertex 56.5326 30.0574 2.2
    endloop
  endfacet
  facet normal 0 0 1
    outer loop
      vertex 55.9409 32.3938 2.2
      vertex 15.9 31.9 2.2
      vertex 55.9 31.9 2.2
    endloop
  endfacet
  facet normal 0 0 1
    outer loop
      vertex 55.9 31.9 2.2
      vertex 15.9 31.9 2.2
      vertex 55.9409 31.4062 2.2
    endloop
  endfacet
  facet normal 0 0 1
    outer loop
      vertex 15.8591 31.4062 2.2
      vertex 55.9409 31.4062 2.2
      vertex 15.9 31.9 2.2
    endloop
  endfacet
  facet normal 0 0 1
    outer loop
      vertex 55.9409 31.4062 2.2
      vertex 15.8591 31.4062 2.2
      vertex 56.0625 30.9259 2.2
    endloop
  endfacet
  facet normal 0 0 1
    outer loop
      vertex 15.7375 30.9259 2.2
      vertex 56.0625 30.9259 2.2
      vertex 15.8591 31.4062 2.2
    endloop
  endfacet
  facet normal 0 0 1
    outer loop
      vertex 56.0625 30.9259 2.2
      vertex 15.7375 30.9259 2.2
      vertex 56.2616 30.4722 2.2
    endloop
  endfacet
  facet normal 0 0 1
    outer loop
      vertex 15.5384 30.4722 2.2
      vertex 56.2616 30.4722 2.2
      vertex 15.7375 30.9259 2.2
    endloop
  endfacet
  facet normal 0 0 1
    outer loop
      vertex 56.2616 30.4722 2.2
      vertex 15.5384 30.4722 2.2
      vertex 56.5326 30.0574 2.2
    endloop
  endfacet
  facet normal 0 0 1
    outer loop
      vertex 15.2674 30.0574 2.2
      vertex 56.5326 30.0574 2.2
      vertex 15.5384 30.4722 2.2
    endloop
  endfacet
  facet normal 0 0 1
    outer loop
      vertex 57.2592 29.3885 2.2
      vertex 11.4 7.4 2.2
      vertex 11.3697 6.90845 2.2
    endloop
  endfacet
  facet normal 0 0 1
    outer loop
      vertex 11.2792 6.42435 2.2
      vertex 70.2616 13.4722 2.2
      vertex 11.3697 6.90845 2.2
    endloop
  endfacet
  facet normal 0 0 1
    outer loop
      vertex 11.1299 5.95503 2.2
      vertex 70.2616 13.4722 2.2
      vertex 11.2792 6.42435 2.2
    endloop
  endfacet
  facet normal 0 0 1
    outer loop
      vertex 70.2616 13.4722 2.2
      vertex 11.1299 5.95503 2.2
      vertex 70.5326 13.0574 2.2
    endloop
  endfacet
  facet normal 0 0 1
    outer loop
      vertex 11.3697 7.89155 2.2
      vertex 56.5326 30.0574 2.2
      vertex 15.2674 30.0574 2.2
    endloop
  endfacet
  facet normal 0 0 1
    outer loop
      vertex 11.3697 7.89155 2.2
      vertex 15.2674 30.0574 2.2
      vertex 14.9318 29.6928 2.2
    endloop
  endfacet
  facet normal 0 0 1
    outer loop
      vertex 11.3697 7.89155 2.2
      vertex 14.9318 29.6928 2.2
      vertex 14.5408 29.3885 2.2
    endloop
  endfacet
  facet normal 0 0 1
    outer loop
      vertex 11.3697 7.89155 2.2
      vertex 14.5408 29.3885 2.2
      vertex 14.1051 29.1527 2.2
    endloop
  endfacet
  facet normal 0 0 1
    outer loop
      vertex 11.3697 7.89155 2.2
      vertex 14.1051 29.1527 2.2
      vertex 13.6365 28.9918 2.2
    endloop
  endfacet
  facet normal 0 0 1
    outer loop
      vertex 11.3697 7.89155 2.2
      vertex 13.6365 28.9918 2.2
      vertex 13.1477 28.9102 2.2
    endloop
  endfacet
  facet normal 0 0 1
    outer loop
      vertex 11.3697 7.89155 2.2
      vertex 13.1477 28.9102 2.2
      vertex 12.6523 28.9102 2.2
    endloop
  endfacet
  facet normal 0 0 1
    outer loop
      vertex 11.3697 7.89155 2.2
      vertex 12.6523 28.9102 2.2
      vertex 12.1635 28.9918 2.2
    endloop
  endfacet
  facet normal 0 0 1
    outer loop
      vertex 7.76907 11.3829 2.2
      vertex 12.1635 28.9918 2.2
      vertex 11.6949 29.1527 2.2
    endloop
  endfacet
  facet normal 0 0 1
    outer loop
      vertex 10.924 5.50763 2.2
      vertex 70.5326 13.0574 2.2
      vertex 11.1299 5.95503 2.2
    endloop
  endfacet
  facet normal 0 0 1
    outer loop
      vertex 70.5326 13.0574 2.2
      vertex 10.924 5.50763 2.2
      vertex 70.8682 12.6928 2.2
    endloop
  endfacet
  facet normal 0 0 1
    outer loop
      vertex 10.6648 5.0889 2.2
      vertex 70.8682 12.6928 2.2
      vertex 10.924 5.50763 2.2
    endloop
  endfacet
  facet normal 0 0 1
    outer loop
      vertex 70.8682 12.6928 2.2
      vertex 10.6648 5.0889 2.2
      vertex 71.2592 12.3885 2.2
    endloop
  endfacet
  facet normal 0 0 1
    outer loop
      vertex 10.356 4.70522 2.2
      vertex 71.2592 12.3885 2.2
      vertex 10.6648 5.0889 2.2
    endloop
  endfacet
  facet normal 0 0 1
    outer loop
      vertex 10.0025 4.36238 2.2
      vertex 71.2592 12.3885 2.2
      vertex 10.356 4.70522 2.2
    endloop
  endfacet
  facet normal 0 0 1
    outer loop
      vertex 71.2592 12.3885 2.2
      vertex 10.0025 4.36238 2.2
      vertex 71.6949 12.1527 2.2
    endloop
  endfacet
  facet normal 0 0 1
    outer loop
      vertex 9.60946 4.06559 2.2
      vertex 71.6949 12.1527 2.2
      vertex 10.0025 4.36238 2.2
    endloop
  endfacet
  facet normal 0 0 1
    outer loop
      vertex 71.6949 12.1527 2.2
      vertex 9.60946 4.06559 2.2
      vertex 72.1635 11.9918 2.2
    endloop
  endfacet
  facet normal 0 0 1
    outer loop
      vertex 9.18295 3.81935 2.2
      vertex 72.1635 11.9918 2.2
      vertex 9.60946 4.06559 2.2
    endloop
  endfacet
  facet normal 0 0 1
    outer loop
      vertex 72.6523 11.9102 2.2
      vertex 9.18295 3.81935 2.2
      vertex 8.72942 3.62738 2.2
    endloop
  endfacet
  facet normal 0 0 1
    outer loop
      vertex 8.25573 3.49261 2.2
      vertex 121.305 3.5527 2.2
      vertex 8.72942 3.62738 2.2
    endloop
  endfacet
  facet normal 0 0 1
    outer loop
      vertex 121.305 3.5527 2.2
      vertex 8.25573 3.49261 2.2
      vertex 125.8 2.39999 2.2
    endloop
  endfacet
  facet normal 0 0 1
    outer loop
      vertex 4 2.39999 2.2
      vertex 8.25573 3.49261 2.2
      vertex 7.76907 3.41706 2.2
    endloop
  endfacet
  facet normal 0 0 1
    outer loop
      vertex 4 2.39999 2.2
      vertex 7.76907 3.41706 2.2
      vertex 7.27682 3.4019 2.2
    endloop
  endfacet
  facet normal 0 0 1
    outer loop
      vertex 8.25573 3.49261 2.2
      vertex 4 2.39999 2.2
      vertex 125.8 2.39999 2.2
    endloop
  endfacet
  facet normal 0 0 1
    outer loop
      vertex 6.78643 3.44734 2.2
      vertex 4 2.39999 2.2
      vertex 7.27682 3.4019 2.2
    endloop
  endfacet
  facet normal 0 0 1
    outer loop
      vertex 6.30535 3.5527 2.2
      vertex 4 2.39999 2.2
      vertex 6.78643 3.44734 2.2
    endloop
  endfacet
  facet normal 0 0 1
    outer loop
      vertex 5.84086 3.71638 2.2
      vertex 4 2.39999 2.2
      vertex 6.30535 3.5527 2.2
    endloop
  endfacet
  facet normal 0 0 1
    outer loop
      vertex 5.4 3.9359 2.2
      vertex 4 2.39999 2.2
      vertex 5.84086 3.71638 2.2
    endloop
  endfacet
  facet normal 0 0 1
    outer loop
      vertex 4.98946 4.20793 2.2
      vertex 4 2.39999 2.2
      vertex 5.4 3.9359 2.2
    endloop
  endfacet
  facet normal 0 0 1
    outer loop
      vertex 4.61546 4.52835 2.2
      vertex 4 2.39999 2.2
      vertex 4.98946 4.20793 2.2
    endloop
  endfacet
  facet normal 0 0 1
    outer loop
      vertex 2.47108 3.5284 2.2
      vertex 4.61546 4.52835 2.2
      vertex 4.28368 4.8923 2.2
    endloop
  endfacet
  facet normal 0 0 1
    outer loop
      vertex 2.39999 4 2.2
      vertex 4.28368 4.8923 2.2
      vertex 3.99913 5.29427 2.2
    endloop
  endfacet
  facet normal 0 0 1
    outer loop
      vertex 2.39999 4 2.2
      vertex 3.99913 5.29427 2.2
      vertex 3.76614 5.72816 2.2
    endloop
  endfacet
  facet normal 0 0 1
    outer loop
      vertex 2.39999 4 2.2
      vertex 3.76614 5.72816 2.2
      vertex 3.58823 6.18739 2.2
    endloop
  endfacet
  facet normal 0 0 1
    outer loop
      vertex 2.39999 4 2.2
      vertex 3.58823 6.18739 2.2
      vertex 3.46811 6.665 2.2
    endloop
  endfacet
  facet normal 0 0 1
    outer loop
      vertex 4.28368 4.8923 2.2
      vertex 2.39999 4 2.2
      vertex 2.47108 3.5284 2.2
    endloop
  endfacet
  facet normal 0 0 1
    outer loop
      vertex 2.39999 4 2.2
      vertex 3.46811 6.665 2.2
      vertex 3.40759 7.15376 2.2
    endloop
  endfacet
  facet normal 0 0 1
    outer loop
      vertex 3.46811 8.135 2.2
      vertex 2.39999 4 2.2
      vertex 3.40759 7.64624 2.2
    endloop
  endfacet
  facet normal 0 0 1
    outer loop
      vertex 3.40759 7.64624 2.2
      vertex 2.39999 4 2.2
      vertex 3.40759 7.15376 2.2
    endloop
  endfacet
  facet normal -0 0 1
    outer loop
      vertex 2.39999 80.8 2.2
      vertex 4.28368 79.9077 2.2
      vertex 2.5106 81.3845 2.2
    endloop
  endfacet
  facet normal 0 0 1
    outer loop
      vertex 4.61546 4.52835 2.2
      vertex 3.41545 2.5106 2.2
      vertex 4 2.39999 2.2
    endloop
  endfacet
  facet normal 0 0 1
    outer loop
      vertex 4.28368 79.9077 2.2
      vertex 2.39999 80.8 2.2
      vertex 3.99913 79.5057 2.2
    endloop
  endfacet
  facet normal 0 0 1
    outer loop
      vertex 4.61546 4.52835 2.2
      vertex 3.00241 2.74907 2.2
      vertex 3.41545 2.5106 2.2
    endloop
  endfacet
  facet normal 0 0 1
    outer loop
      vertex 4.61546 4.52835 2.2
      vertex 2.67802 3.09869 2.2
      vertex 3.00241 2.74907 2.2
    endloop
  endfacet
  facet normal 0 0 1
    outer loop
      vertex 4.61546 4.52835 2.2
      vertex 2.47108 3.5284 2.2
      vertex 2.67802 3.09869 2.2
    endloop
  endfacet
  facet normal 0 0 1
    outer loop
      vertex 122.769 11.3829 2.2
      vertex 120.737 13.9259 2.2
      vertex 122.277 11.3981 2.2
    endloop
  endfacet
  facet normal -0 0 1
    outer loop
      vertex 120.538 13.4722 2.2
      vertex 122.277 11.3981 2.2
      vertex 120.737 13.9259 2.2
    endloop
  endfacet
  facet normal 0 0 1
    outer loop
      vertex 122.277 11.3981 2.2
      vertex 120.538 13.4722 2.2
      vertex 121.786 11.3527 2.2
    endloop
  endfacet
  facet normal -0 0 1
    outer loop
      vertex 120.267 13.0574 2.2
      vertex 121.786 11.3527 2.2
      vertex 120.538 13.4722 2.2
    endloop
  endfacet
  facet normal 0 0 1
    outer loop
      vertex 121.786 11.3527 2.2
      vertex 120.267 13.0574 2.2
      vertex 121.305 11.2473 2.2
    endloop
  endfacet
  facet normal -0 0 1
    outer loop
      vertex 119.932 12.6928 2.2
      vertex 121.305 11.2473 2.2
      vertex 120.267 13.0574 2.2
    endloop
  endfacet
  facet normal 0 0 1
    outer loop
      vertex 121.305 11.2473 2.2
      vertex 119.932 12.6928 2.2
      vertex 120.841 11.0836 2.2
    endloop
  endfacet
  facet normal -0 0 1
    outer loop
      vertex 119.541 12.3885 2.2
      vertex 120.841 11.0836 2.2
      vertex 119.932 12.6928 2.2
    endloop
  endfacet
  facet normal 0 0 1
    outer loop
      vertex 120.841 11.0836 2.2
      vertex 119.541 12.3885 2.2
      vertex 120.4 10.8641 2.2
    endloop
  endfacet
  facet normal -0 0 1
    outer loop
      vertex 119.105 12.1527 2.2
      vertex 120.4 10.8641 2.2
      vertex 119.541 12.3885 2.2
    endloop
  endfacet
  facet normal 0 0 1
    outer loop
      vertex 120.4 10.8641 2.2
      vertex 119.105 12.1527 2.2
      vertex 119.989 10.5921 2.2
    endloop
  endfacet
  facet normal 0 0 1
    outer loop
      vertex 119.989 10.5921 2.2
      vertex 119.105 12.1527 2.2
      vertex 119.615 10.2716 2.2
    endloop
  endfacet
  facet normal -0 0 1
    outer loop
      vertex 118.636 11.9918 2.2
      vertex 119.615 10.2716 2.2
      vertex 119.105 12.1527 2.2
    endloop
  endfacet
  facet normal 0 0 1
    outer loop
      vertex 119.615 10.2716 2.2
      vertex 118.636 11.9918 2.2
      vertex 119.284 9.90769 2.2
    endloop
  endfacet
  facet normal -0 0 1
    outer loop
      vertex 118.148 11.9102 2.2
      vertex 119.284 9.90769 2.2
      vertex 118.636 11.9918 2.2
    endloop
  endfacet
  facet normal 0 0 1
    outer loop
      vertex 119.284 9.90769 2.2
      vertex 118.148 11.9102 2.2
      vertex 118.999 9.50573 2.2
    endloop
  endfacet
  facet normal -0 0 1
    outer loop
      vertex 117.652 11.9102 2.2
      vertex 118.999 9.50573 2.2
      vertex 118.148 11.9102 2.2
    endloop
  endfacet
  facet normal 0 0 1
    outer loop
      vertex 118.999 9.50573 2.2
      vertex 117.652 11.9102 2.2
      vertex 118.766 9.07184 2.2
    endloop
  endfacet
  facet normal 0 0 1
    outer loop
      vertex 117.164 11.9918 2.2
      vertex 118.766 9.07184 2.2
      vertex 117.652 11.9102 2.2
    endloop
  endfacet
  facet normal 0 0 1
    outer loop
      vertex 116.695 12.1527 2.2
      vertex 118.588 8.61261 2.2
      vertex 117.164 11.9918 2.2
    endloop
  endfacet
  facet normal 0 0 1
    outer loop
      vertex 118.766 9.07184 2.2
      vertex 117.164 11.9918 2.2
      vertex 118.588 8.61261 2.2
    endloop
  endfacet
  facet normal 0 0 1
    outer loop
      vertex 13.7855 32.3647 2.2
      vertex 13.7855 31.4353 2.2
      vertex 13.9 31.9 2.2
    endloop
  endfacet
  facet normal 0 0 1
    outer loop
      vertex 13.4681 32.723 2.2
      vertex 13.7855 31.4353 2.2
      vertex 13.7855 32.3647 2.2
    endloop
  endfacet
  facet normal 0 0 1
    outer loop
      vertex 13.4681 32.723 2.2
      vertex 13.4681 31.077 2.2
      vertex 13.7855 31.4353 2.2
    endloop
  endfacet
  facet normal 0 0 1
    outer loop
      vertex 13.0205 32.8927 2.2
      vertex 13.4681 31.077 2.2
      vertex 13.4681 32.723 2.2
    endloop
  endfacet
  facet normal 0 0 1
    outer loop
      vertex 13.0205 32.8927 2.2
      vertex 13.0205 30.9073 2.2
      vertex 13.4681 31.077 2.2
    endloop
  endfacet
  facet normal -0 0 1
    outer loop
      vertex 12.5454 32.835 2.2
      vertex 13.0205 30.9073 2.2
      vertex 13.0205 32.8927 2.2
    endloop
  endfacet
  facet normal 0 0 1
    outer loop
      vertex 12.5454 32.835 2.2
      vertex 12.5454 30.965 2.2
      vertex 13.0205 30.9073 2.2
    endloop
  endfacet
  facet normal -0 0 1
    outer loop
      vertex 12.1515 32.5631 2.2
      vertex 12.5454 30.965 2.2
      vertex 12.5454 32.835 2.2
    endloop
  endfacet
  facet normal 0 0 1
    outer loop
      vertex 12.1515 32.5631 2.2
      vertex 12.1515 31.2369 2.2
      vertex 12.5454 30.965 2.2
    endloop
  endfacet
  facet normal -0 0 1
    outer loop
      vertex 11.9291 32.1393 2.2
      vertex 12.1515 31.2369 2.2
      vertex 12.1515 32.5631 2.2
    endloop
  endfacet
  facet normal 0 0 1
    outer loop
      vertex 12.1515 31.2369 2.2
      vertex 11.9291 32.1393 2.2
      vertex 11.9291 31.6607 2.2
    endloop
  endfacet
  facet normal 0 0 1
    outer loop
      vertex 13.7855 53.8647 2.2
      vertex 13.7855 52.9353 2.2
      vertex 13.9 53.4 2.2
    endloop
  endfacet
  facet normal 0 0 1
    outer loop
      vertex 13.4681 54.223 2.2
      vertex 13.7855 52.9353 2.2
      vertex 13.7855 53.8647 2.2
    endloop
  endfacet
  facet normal 0 0 1
    outer loop
      vertex 13.4681 54.223 2.2
      vertex 13.4681 52.577 2.2
      vertex 13.7855 52.9353 2.2
    endloop
  endfacet
  facet normal 0 0 1
    outer loop
      vertex 13.0205 54.3927 2.2
      vertex 13.4681 52.577 2.2
      vertex 13.4681 54.223 2.2
    endloop
  endfacet
  facet normal 0 0 1
    outer loop
      vertex 13.0205 54.3927 2.2
      vertex 13.0205 52.4073 2.2
      vertex 13.4681 52.577 2.2
    endloop
  endfacet
  facet normal -0 0 1
    outer loop
      vertex 12.5454 54.335 2.2
      vertex 13.0205 52.4073 2.2
      vertex 13.0205 54.3927 2.2
    endloop
  endfacet
  facet normal 0 0 1
    outer loop
      vertex 12.5454 54.335 2.2
      vertex 12.5454 52.465 2.2
      vertex 13.0205 52.4073 2.2
    endloop
  endfacet
  facet normal -0 0 1
    outer loop
      vertex 12.1515 54.0631 2.2
      vertex 12.5454 52.465 2.2
      vertex 12.5454 54.335 2.2
    endloop
  endfacet
  facet normal 0 0 1
    outer loop
      vertex 12.1515 54.0631 2.2
      vertex 12.1515 52.7369 2.2
      vertex 12.5454 52.465 2.2
    endloop
  endfacet
  facet normal -0 0 1
    outer loop
      vertex 11.9291 53.6393 2.2
      vertex 12.1515 52.7369 2.2
      vertex 12.1515 54.0631 2.2
    endloop
  endfacet
  facet normal 0 0 1
    outer loop
      vertex 12.1515 52.7369 2.2
      vertex 11.9291 53.6393 2.2
      vertex 11.9291 53.1607 2.2
    endloop
  endfacet
  facet normal 0 0 1
    outer loop
      vertex 59.7855 32.3647 2.2
      vertex 59.7855 31.4353 2.2
      vertex 59.9 31.9 2.2
    endloop
  endfacet
  facet normal 0 0 1
    outer loop
      vertex 59.4681 32.723 2.2
      vertex 59.7855 31.4353 2.2
      vertex 59.7855 32.3647 2.2
    endloop
  endfacet
  facet normal 0 0 1
    outer loop
      vertex 59.4681 32.723 2.2
      vertex 59.4681 31.077 2.2
      vertex 59.7855 31.4353 2.2
    endloop
  endfacet
  facet normal 0 0 1
    outer loop
      vertex 59.0205 32.8927 2.2
      vertex 59.4681 31.077 2.2
      vertex 59.4681 32.723 2.2
    endloop
  endfacet
  facet normal 0 0 1
    outer loop
      vertex 59.0205 32.8927 2.2
      vertex 59.0205 30.9073 2.2
      vertex 59.4681 31.077 2.2
    endloop
  endfacet
  facet normal -0 0 1
    outer loop
      vertex 58.5454 32.835 2.2
      vertex 59.0205 30.9073 2.2
      vertex 59.0205 32.8927 2.2
    endloop
  endfacet
  facet normal 0 0 1
    outer loop
      vertex 58.5454 32.835 2.2
      vertex 58.5454 30.965 2.2
      vertex 59.0205 30.9073 2.2
    endloop
  endfacet
  facet normal -0 0 1
    outer loop
      vertex 58.1515 32.5631 2.2
      vertex 58.5454 30.965 2.2
      vertex 58.5454 32.835 2.2
    endloop
  endfacet
  facet normal 0 0 1
    outer loop
      vertex 58.1515 32.5631 2.2
      vertex 58.1515 31.2369 2.2
      vertex 58.5454 30.965 2.2
    endloop
  endfacet
  facet normal -0 0 1
    outer loop
      vertex 57.9291 32.1393 2.2
      vertex 58.1515 31.2369 2.2
      vertex 58.1515 32.5631 2.2
    endloop
  endfacet
  facet normal 0 0 1
    outer loop
      vertex 58.1515 31.2369 2.2
      vertex 57.9291 32.1393 2.2
      vertex 57.9291 31.6607 2.2
    endloop
  endfacet
  facet normal 0 0 1
    outer loop
      vertex 59.7855 53.8647 2.2
      vertex 59.7855 52.9353 2.2
      vertex 59.9 53.4 2.2
    endloop
  endfacet
  facet normal 0 0 1
    outer loop
      vertex 59.4681 54.223 2.2
      vertex 59.7855 52.9353 2.2
      vertex 59.7855 53.8647 2.2
    endloop
  endfacet
  facet normal 0 0 1
    outer loop
      vertex 59.4681 54.223 2.2
      vertex 59.4681 52.577 2.2
      vertex 59.7855 52.9353 2.2
    endloop
  endfacet
  facet normal 0 0 1
    outer loop
      vertex 59.0205 54.3927 2.2
      vertex 59.4681 52.577 2.2
      vertex 59.4681 54.223 2.2
    endloop
  endfacet
  facet normal 0 0 1
    outer loop
      vertex 59.0205 54.3927 2.2
      vertex 59.0205 52.4073 2.2
      vertex 59.4681 52.577 2.2
    endloop
  endfacet
  facet normal -0 0 1
    outer loop
      vertex 58.5454 54.335 2.2
      vertex 59.0205 52.4073 2.2
      vertex 59.0205 54.3927 2.2
    endloop
  endfacet
  facet normal 0 0 1
    outer loop
      vertex 58.5454 54.335 2.2
      vertex 58.5454 52.465 2.2
      vertex 59.0205 52.4073 2.2
    endloop
  endfacet
  facet normal -0 0 1
    outer loop
      vertex 58.1515 54.0631 2.2
      vertex 58.5454 52.465 2.2
      vertex 58.5454 54.335 2.2
    endloop
  endfacet
  facet normal 0 0 1
    outer loop
      vertex 58.1515 54.0631 2.2
      vertex 58.1515 52.7369 2.2
      vertex 58.5454 52.465 2.2
    endloop
  endfacet
  facet normal -0 0 1
    outer loop
      vertex 57.9291 53.6393 2.2
      vertex 58.1515 52.7369 2.2
      vertex 58.1515 54.0631 2.2
    endloop
  endfacet
  facet normal 0 0 1
    outer loop
      vertex 58.1515 52.7369 2.2
      vertex 57.9291 53.6393 2.2
      vertex 57.9291 53.1607 2.2
    endloop
  endfacet
  facet normal 0 0 1
    outer loop
      vertex 73.7855 15.3647 2.2
      vertex 73.7855 14.4353 2.2
      vertex 73.9 14.9 2.2
    endloop
  endfacet
  facet normal 0 0 1
    outer loop
      vertex 73.4681 15.723 2.2
      vertex 73.7855 14.4353 2.2
      vertex 73.7855 15.3647 2.2
    endloop
  endfacet
  facet normal 0 0 1
    outer loop
      vertex 73.4681 15.723 2.2
      vertex 73.4681 14.077 2.2
      vertex 73.7855 14.4353 2.2
    endloop
  endfacet
  facet normal 0 0 1
    outer loop
      vertex 73.0205 15.8927 2.2
      vertex 73.4681 14.077 2.2
      vertex 73.4681 15.723 2.2
    endloop
  endfacet
  facet normal 0 0 1
    outer loop
      vertex 73.0205 15.8927 2.2
      vertex 73.0205 13.9073 2.2
      vertex 73.4681 14.077 2.2
    endloop
  endfacet
  facet normal -0 0 1
    outer loop
      vertex 72.5454 15.835 2.2
      vertex 73.0205 13.9073 2.2
      vertex 73.0205 15.8927 2.2
    endloop
  endfacet
  facet normal 0 0 1
    outer loop
      vertex 72.5454 15.835 2.2
      vertex 72.5454 13.965 2.2
      vertex 73.0205 13.9073 2.2
    endloop
  endfacet
  facet normal -0 0 1
    outer loop
      vertex 72.1515 15.5631 2.2
      vertex 72.5454 13.965 2.2
      vertex 72.5454 15.835 2.2
    endloop
  endfacet
  facet normal 0 0 1
    outer loop
      vertex 72.1515 15.5631 2.2
      vertex 72.1515 14.2369 2.2
      vertex 72.5454 13.965 2.2
    endloop
  endfacet
  facet normal -0 0 1
    outer loop
      vertex 71.9291 15.1393 2.2
      vertex 72.1515 14.2369 2.2
      vertex 72.1515 15.5631 2.2
    endloop
  endfacet
  facet normal 0 0 1
    outer loop
      vertex 72.1515 14.2369 2.2
      vertex 71.9291 15.1393 2.2
      vertex 71.9291 14.6607 2.2
    endloop
  endfacet
  facet normal 0 0 1
    outer loop
      vertex 73.7855 36.3647 2.2
      vertex 73.7855 35.4353 2.2
      vertex 73.9 35.9 2.2
    endloop
  endfacet
  facet normal 0 0 1
    outer loop
      vertex 73.4681 36.723 2.2
      vertex 73.7855 35.4353 2.2
      vertex 73.7855 36.3647 2.2
    endloop
  endfacet
  facet normal 0 0 1
    outer loop
      vertex 73.4681 36.723 2.2
      vertex 73.4681 35.077 2.2
      vertex 73.7855 35.4353 2.2
    endloop
  endfacet
  facet normal 0 0 1
    outer loop
      vertex 73.0205 36.8927 2.2
      vertex 73.4681 35.077 2.2
      vertex 73.4681 36.723 2.2
    endloop
  endfacet
  facet normal 0 0 1
    outer loop
      vertex 73.0205 36.8927 2.2
      vertex 73.0205 34.9073 2.2
      vertex 73.4681 35.077 2.2
    endloop
  endfacet
  facet normal -0 0 1
    outer loop
      vertex 72.5454 36.835 2.2
      vertex 73.0205 34.9073 2.2
      vertex 73.0205 36.8927 2.2
    endloop
  endfacet
  facet normal 0 0 1
    outer loop
      vertex 72.5454 36.835 2.2
      vertex 72.5454 34.965 2.2
      vertex 73.0205 34.9073 2.2
    endloop
  endfacet
  facet normal -0 0 1
    outer loop
      vertex 72.1515 36.5631 2.2
      vertex 72.5454 34.965 2.2
      vertex 72.5454 36.835 2.2
    endloop
  endfacet
  facet normal 0 0 1
    outer loop
      vertex 72.1515 36.5631 2.2
      vertex 72.1515 35.2369 2.2
      vertex 72.5454 34.965 2.2
    endloop
  endfacet
  facet normal -0 0 1
    outer loop
      vertex 71.9291 36.1393 2.2
      vertex 72.1515 35.2369 2.2
      vertex 72.1515 36.5631 2.2
    endloop
  endfacet
  facet normal 0 0 1
    outer loop
      vertex 72.1515 35.2369 2.2
      vertex 71.9291 36.1393 2.2
      vertex 71.9291 35.6607 2.2
    endloop
  endfacet
  facet normal 0 0 1
    outer loop
      vertex 75.7855 57.3647 2.2
      vertex 75.7855 56.4353 2.2
      vertex 75.9 56.9 2.2
    endloop
  endfacet
  facet normal 0 0 1
    outer loop
      vertex 75.4681 57.723 2.2
      vertex 75.7855 56.4353 2.2
      vertex 75.7855 57.3647 2.2
    endloop
  endfacet
  facet normal 0 0 1
    outer loop
      vertex 75.4681 57.723 2.2
      vertex 75.4681 56.077 2.2
      vertex 75.7855 56.4353 2.2
    endloop
  endfacet
  facet normal 0 0 1
    outer loop
      vertex 75.0205 57.8927 2.2
      vertex 75.4681 56.077 2.2
      vertex 75.4681 57.723 2.2
    endloop
  endfacet
  facet normal 0 0 1
    outer loop
      vertex 75.0205 57.8927 2.2
      vertex 75.0205 55.9073 2.2
      vertex 75.4681 56.077 2.2
    endloop
  endfacet
  facet normal -0 0 1
    outer loop
      vertex 74.5454 57.835 2.2
      vertex 75.0205 55.9073 2.2
      vertex 75.0205 57.8927 2.2
    endloop
  endfacet
  facet normal 0 0 1
    outer loop
      vertex 74.5454 57.835 2.2
      vertex 74.5454 55.965 2.2
      vertex 75.0205 55.9073 2.2
    endloop
  endfacet
  facet normal -0 0 1
    outer loop
      vertex 74.1515 57.5631 2.2
      vertex 74.5454 55.965 2.2
      vertex 74.5454 57.835 2.2
    endloop
  endfacet
  facet normal 0 0 1
    outer loop
      vertex 74.1515 57.5631 2.2
      vertex 74.1515 56.2369 2.2
      vertex 74.5454 55.965 2.2
    endloop
  endfacet
  facet normal -0 0 1
    outer loop
      vertex 73.9291 57.1393 2.2
      vertex 74.1515 56.2369 2.2
      vertex 74.1515 57.5631 2.2
    endloop
  endfacet
  facet normal 0 0 1
    outer loop
      vertex 74.1515 56.2369 2.2
      vertex 73.9291 57.1393 2.2
      vertex 73.9291 56.6607 2.2
    endloop
  endfacet
  facet normal 0 0 1
    outer loop
      vertex 96.1855 72.6647 2.2
      vertex 96.1855 71.7353 2.2
      vertex 96.3 72.2 2.2
    endloop
  endfacet
  facet normal 0 0 1
    outer loop
      vertex 95.8681 73.023 2.2
      vertex 96.1855 71.7353 2.2
      vertex 96.1855 72.6647 2.2
    endloop
  endfacet
  facet normal 0 0 1
    outer loop
      vertex 95.8681 73.023 2.2
      vertex 95.8681 71.377 2.2
      vertex 96.1855 71.7353 2.2
    endloop
  endfacet
  facet normal 0 0 1
    outer loop
      vertex 95.4205 73.1927 2.2
      vertex 95.8681 71.377 2.2
      vertex 95.8681 73.023 2.2
    endloop
  endfacet
  facet normal 0 0 1
    outer loop
      vertex 95.4205 73.1927 2.2
      vertex 95.4205 71.2073 2.2
      vertex 95.8681 71.377 2.2
    endloop
  endfacet
  facet normal -0 0 1
    outer loop
      vertex 94.9454 73.135 2.2
      vertex 95.4205 71.2073 2.2
      vertex 95.4205 73.1927 2.2
    endloop
  endfacet
  facet normal 0 0 1
    outer loop
      vertex 94.9454 73.135 2.2
      vertex 94.9454 71.265 2.2
      vertex 95.4205 71.2073 2.2
    endloop
  endfacet
  facet normal -0 0 1
    outer loop
      vertex 94.5515 72.8631 2.2
      vertex 94.9454 71.265 2.2
      vertex 94.9454 73.135 2.2
    endloop
  endfacet
  facet normal 0 0 1
    outer loop
      vertex 94.5515 72.8631 2.2
      vertex 94.5515 71.5369 2.2
      vertex 94.9454 71.265 2.2
    endloop
  endfacet
  facet normal -0 0 1
    outer loop
      vertex 94.3291 72.4393 2.2
      vertex 94.5515 71.5369 2.2
      vertex 94.5515 72.8631 2.2
    endloop
  endfacet
  facet normal 0 0 1
    outer loop
      vertex 94.5515 71.5369 2.2
      vertex 94.3291 72.4393 2.2
      vertex 94.3291 71.9607 2.2
    endloop
  endfacet
  facet normal 0 0 1
    outer loop
      vertex 118.785 15.3647 2.2
      vertex 118.785 14.4353 2.2
      vertex 118.9 14.9 2.2
    endloop
  endfacet
  facet normal 0 0 1
    outer loop
      vertex 118.468 15.723 2.2
      vertex 118.785 14.4353 2.2
      vertex 118.785 15.3647 2.2
    endloop
  endfacet
  facet normal 0 0 1
    outer loop
      vertex 118.468 15.723 2.2
      vertex 118.468 14.077 2.2
      vertex 118.785 14.4353 2.2
    endloop
  endfacet
  facet normal 0 0 1
    outer loop
      vertex 118.021 15.8927 2.2
      vertex 118.468 14.077 2.2
      vertex 118.468 15.723 2.2
    endloop
  endfacet
  facet normal 0 0 1
    outer loop
      vertex 118.021 15.8927 2.2
      vertex 118.021 13.9073 2.2
      vertex 118.468 14.077 2.2
    endloop
  endfacet
  facet normal -0 0 1
    outer loop
      vertex 117.545 15.835 2.2
      vertex 118.021 13.9073 2.2
      vertex 118.021 15.8927 2.2
    endloop
  endfacet
  facet normal 0 0 1
    outer loop
      vertex 117.545 15.835 2.2
      vertex 117.545 13.965 2.2
      vertex 118.021 13.9073 2.2
    endloop
  endfacet
  facet normal -0 0 1
    outer loop
      vertex 117.151 15.5631 2.2
      vertex 117.545 13.965 2.2
      vertex 117.545 15.835 2.2
    endloop
  endfacet
  facet normal 0 0 1
    outer loop
      vertex 117.151 15.5631 2.2
      vertex 117.151 14.2369 2.2
      vertex 117.545 13.965 2.2
    endloop
  endfacet
  facet normal -0 0 1
    outer loop
      vertex 116.929 15.1393 2.2
      vertex 117.151 14.2369 2.2
      vertex 117.151 15.5631 2.2
    endloop
  endfacet
  facet normal 0 0 1
    outer loop
      vertex 117.151 14.2369 2.2
      vertex 116.929 15.1393 2.2
      vertex 116.929 14.6607 2.2
    endloop
  endfacet
  facet normal 0 0 1
    outer loop
      vertex 118.785 36.3647 2.2
      vertex 118.785 35.4353 2.2
      vertex 118.9 35.9 2.2
    endloop
  endfacet
  facet normal 0 0 1
    outer loop
      vertex 118.468 36.723 2.2
      vertex 118.785 35.4353 2.2
      vertex 118.785 36.3647 2.2
    endloop
  endfacet
  facet normal 0 0 1
    outer loop
      vertex 118.468 36.723 2.2
      vertex 118.468 35.077 2.2
      vertex 118.785 35.4353 2.2
    endloop
  endfacet
  facet normal 0 0 1
    outer loop
      vertex 118.021 36.8927 2.2
      vertex 118.468 35.077 2.2
      vertex 118.468 36.723 2.2
    endloop
  endfacet
  facet normal 0 0 1
    outer loop
      vertex 118.021 36.8927 2.2
      vertex 118.021 34.9073 2.2
      vertex 118.468 35.077 2.2
    endloop
  endfacet
  facet normal -0 0 1
    outer loop
      vertex 117.545 36.835 2.2
      vertex 118.021 34.9073 2.2
      vertex 118.021 36.8927 2.2
    endloop
  endfacet
  facet normal 0 0 1
    outer loop
      vertex 117.545 36.835 2.2
      vertex 117.545 34.965 2.2
      vertex 118.021 34.9073 2.2
    endloop
  endfacet
  facet normal -0 0 1
    outer loop
      vertex 117.151 36.5631 2.2
      vertex 117.545 34.965 2.2
      vertex 117.545 36.835 2.2
    endloop
  endfacet
  facet normal 0 0 1
    outer loop
      vertex 117.151 36.5631 2.2
      vertex 117.151 35.2369 2.2
      vertex 117.545 34.965 2.2
    endloop
  endfacet
  facet normal -0 0 1
    outer loop
      vertex 116.929 36.1393 2.2
      vertex 117.151 35.2369 2.2
      vertex 117.151 36.5631 2.2
    endloop
  endfacet
  facet normal 0 0 1
    outer loop
      vertex 117.151 35.2369 2.2
      vertex 116.929 36.1393 2.2
      vertex 116.929 35.6607 2.2
    endloop
  endfacet
  facet normal 0 0 -1
    outer loop
      vertex 0 36.15 14.5
      vertex 2.39999 49.15 14.5
      vertex 2.39999 36.15 14.5
    endloop
  endfacet
  facet normal -0 0 -1
    outer loop
      vertex 2.39999 49.15 14.5
      vertex 0 36.15 14.5
      vertex 0 49.15 14.5
    endloop
  endfacet
  facet normal -0 0 1
    outer loop
      vertex 0 49.15 6.5
      vertex 2.39999 36.15 6.5
      vertex 2.39999 49.15 6.5
    endloop
  endfacet
  facet normal 0 0 1
    outer loop
      vertex 2.39999 36.15 6.5
      vertex 0 49.15 6.5
      vertex 0 36.15 6.5
    endloop
  endfacet
  facet normal 0 -1 0
    outer loop
      vertex 0 49.15 6.5
      vertex 2.39999 49.15 14.5
      vertex 0 49.15 14.5
    endloop
  endfacet
  facet normal 0 -1 -0
    outer loop
      vertex 2.39999 49.15 14.5
      vertex 0 49.15 6.5
      vertex 2.39999 49.15 6.5
    endloop
  endfacet
  facet normal 0 1 -0
    outer loop
      vertex 2.39999 36.15 6.5
      vertex 0 36.15 14.5
      vertex 2.39999 36.15 14.5
    endloop
  endfacet
  facet normal 0 1 0
    outer loop
      vertex 0 36.15 14.5
      vertex 2.39999 36.15 6.5
      vertex 0 36.15 6.5
    endloop
  endfacet
  facet normal 0.982971 0.183761 0
    outer loop
      vertex 11.3697 7.89155 32.2
      vertex 11.2792 8.37565 2.2
      vertex 11.2792 8.37565 32.2
    endloop
  endfacet
  facet normal 0.982971 0.183761 0
    outer loop
      vertex 11.2792 8.37565 2.2
      vertex 11.3697 7.89155 32.2
      vertex 11.3697 7.89155 2.2
    endloop
  endfacet
  facet normal 0.998106 0.061525 0
    outer loop
      vertex 11.4 7.4 32.2
      vertex 11.3697 7.89155 2.2
      vertex 11.3697 7.89155 32.2
    endloop
  endfacet
  facet normal 0.998106 0.061525 0
    outer loop
      vertex 11.3697 7.89155 2.2
      vertex 11.4 7.4 32.2
      vertex 11.4 7.4 2.2
    endloop
  endfacet
  facet normal 0.952943 0.30315 0
    outer loop
      vertex 11.2792 8.37565 32.2
      vertex 11.1299 8.84497 2.2
      vertex 11.1299 8.84497 32.2
    endloop
  endfacet
  facet normal 0.952943 0.30315 0
    outer loop
      vertex 11.1299 8.84497 2.2
      vertex 11.2792 8.37565 32.2
      vertex 11.2792 8.37565 2.2
    endloop
  endfacet
  facet normal 0.850278 -0.526334 0
    outer loop
      vertex 10.6648 5.0889 32.2
      vertex 10.924 5.50763 2.2
      vertex 10.924 5.50763 32.2
    endloop
  endfacet
  facet normal 0.850278 -0.526334 0
    outer loop
      vertex 10.924 5.50763 2.2
      vertex 10.6648 5.0889 32.2
      vertex 10.6648 5.0889 2.2
    endloop
  endfacet
  facet normal 0.389678 0.920951 -0
    outer loop
      vertex 9.18295 10.9807 2.2
      vertex 8.72942 11.1726 32.2
      vertex 9.18295 10.9807 32.2
    endloop
  endfacet
  facet normal 0.389678 0.920951 0
    outer loop
      vertex 8.72942 11.1726 32.2
      vertex 9.18295 10.9807 2.2
      vertex 8.72942 11.1726 2.2
    endloop
  endfacet
  facet normal 0.982971 -0.183761 0
    outer loop
      vertex 11.2792 6.42435 32.2
      vertex 11.3697 6.90845 2.2
      vertex 11.3697 6.90845 32.2
    endloop
  endfacet
  facet normal 0.982971 -0.183761 0
    outer loop
      vertex 11.3697 6.90845 2.2
      vertex 11.2792 6.42435 32.2
      vertex 11.2792 6.42435 2.2
    endloop
  endfacet
  facet normal 0.998106 -0.061525 0
    outer loop
      vertex 11.3697 6.90845 32.2
      vertex 11.4 7.4 2.2
      vertex 11.4 7.4 32.2
    endloop
  endfacet
  facet normal 0.998106 -0.061525 0
    outer loop
      vertex 11.4 7.4 2.2
      vertex 11.3697 6.90845 32.2
      vertex 11.3697 6.90845 2.2
    endloop
  endfacet
  facet normal 0.908416 0.418066 0
    outer loop
      vertex 11.1299 8.84497 32.2
      vertex 10.924 9.29237 2.2
      vertex 10.924 9.29237 32.2
    endloop
  endfacet
  facet normal 0.908416 0.418066 0
    outer loop
      vertex 10.924 9.29237 2.2
      vertex 11.1299 8.84497 32.2
      vertex 11.1299 8.84497 2.2
    endloop
  endfacet
  facet normal -0.214014 0.976831 0
    outer loop
      vertex 6.78643 11.3527 2.2
      vertex 6.30535 11.2473 32.2
      vertex 6.78643 11.3527 32.2
    endloop
  endfacet
  facet normal -0.214014 0.976831 0
    outer loop
      vertex 6.30535 11.2473 32.2
      vertex 6.78643 11.3527 2.2
      vertex 6.30535 11.2473 2.2
    endloop
  endfacet
  facet normal -0.0922657 -0.995734 0
    outer loop
      vertex 6.78643 3.44734 2.2
      vertex 7.27682 3.4019 32.2
      vertex 6.78643 3.44734 32.2
    endloop
  endfacet
  facet normal -0.0922657 -0.995734 -0
    outer loop
      vertex 7.27682 3.4019 32.2
      vertex 6.78643 3.44734 2.2
      vertex 7.27682 3.4019 2.2
    endloop
  endfacet
  facet normal 0.908416 -0.418066 0
    outer loop
      vertex 10.924 5.50763 32.2
      vertex 11.1299 5.95503 2.2
      vertex 11.1299 5.95503 32.2
    endloop
  endfacet
  facet normal 0.908416 -0.418066 0
    outer loop
      vertex 11.1299 5.95503 2.2
      vertex 10.924 5.50763 32.2
      vertex 10.924 5.50763 2.2
    endloop
  endfacet
  facet normal -0.738976 0.673731 0
    outer loop
      vertex 4.28368 9.90769 2.2
      vertex 4.61546 10.2716 32.2
      vertex 4.61546 10.2716 2.2
    endloop
  endfacet
  facet normal -0.738976 0.673731 0
    outer loop
      vertex 4.61546 10.2716 32.2
      vertex 4.28368 9.90769 2.2
      vertex 4.28368 9.90769 32.2
    endloop
  endfacet
  facet normal -0.816189 0.577785 0
    outer loop
      vertex 3.99913 9.50573 2.2
      vertex 4.28368 9.90769 32.2
      vertex 4.28368 9.90769 2.2
    endloop
  endfacet
  facet normal -0.816189 0.577785 0
    outer loop
      vertex 4.28368 9.90769 32.2
      vertex 3.99913 9.50573 2.2
      vertex 3.99913 9.50573 32.2
    endloop
  endfacet
  facet normal -0.55236 -0.833606 0
    outer loop
      vertex 4.98946 4.20793 2.2
      vertex 5.4 3.9359 32.2
      vertex 4.98946 4.20793 32.2
    endloop
  endfacet
  facet normal -0.55236 -0.833606 -0
    outer loop
      vertex 5.4 3.9359 32.2
      vertex 4.98946 4.20793 2.2
      vertex 5.4 3.9359 2.2
    endloop
  endfacet
  facet normal 0.602622 0.798027 -0
    outer loop
      vertex 10.0025 10.4376 2.2
      vertex 9.60946 10.7344 32.2
      vertex 10.0025 10.4376 32.2
    endloop
  endfacet
  facet normal 0.602622 0.798027 0
    outer loop
      vertex 9.60946 10.7344 32.2
      vertex 10.0025 10.4376 2.2
      vertex 9.60946 10.7344 2.2
    endloop
  endfacet
  facet normal 0.273651 -0.961829 0
    outer loop
      vertex 8.25573 3.49261 2.2
      vertex 8.72942 3.62738 32.2
      vertex 8.25573 3.49261 32.2
    endloop
  endfacet
  facet normal 0.273651 -0.961829 0
    outer loop
      vertex 8.72942 3.62738 32.2
      vertex 8.25573 3.49261 2.2
      vertex 8.72942 3.62738 2.2
    endloop
  endfacet
  facet normal 0.273707 0.961813 -0
    outer loop
      vertex 8.72942 11.1726 2.2
      vertex 8.25573 11.3074 32.2
      vertex 8.72942 11.1726 32.2
    endloop
  endfacet
  facet normal 0.273707 0.961813 0
    outer loop
      vertex 8.25573 11.3074 32.2
      vertex 8.72942 11.1726 2.2
      vertex 8.25573 11.3074 2.2
    endloop
  endfacet
  facet normal -0.445702 0.895181 0
    outer loop
      vertex 5.84086 11.0836 2.2
      vertex 5.4 10.8641 32.2
      vertex 5.84086 11.0836 32.2
    endloop
  endfacet
  facet normal -0.445702 0.895181 0
    outer loop
      vertex 5.4 10.8641 32.2
      vertex 5.84086 11.0836 2.2
      vertex 5.4 10.8641 2.2
    endloop
  endfacet
  facet normal 0.850272 0.526343 0
    outer loop
      vertex 10.924 9.29237 32.2
      vertex 10.6648 9.71109 2.2
      vertex 10.6648 9.71109 32.2
    endloop
  endfacet
  facet normal 0.850272 0.526343 0
    outer loop
      vertex 10.6648 9.71109 2.2
      vertex 10.924 9.29237 32.2
      vertex 10.924 9.29237 2.2
    endloop
  endfacet
  facet normal 0.153404 -0.988164 0
    outer loop
      vertex 7.76907 3.41706 2.2
      vertex 8.25573 3.49261 32.2
      vertex 7.76907 3.41706 32.2
    endloop
  endfacet
  facet normal 0.153404 -0.988164 0
    outer loop
      vertex 8.25573 3.49261 32.2
      vertex 7.76907 3.41706 2.2
      vertex 8.25573 3.49261 2.2
    endloop
  endfacet
  facet normal -0.213937 -0.976848 0
    outer loop
      vertex 6.30535 3.5527 2.2
      vertex 6.78643 3.44734 32.2
      vertex 6.30535 3.5527 32.2
    endloop
  endfacet
  facet normal -0.213937 -0.976848 -0
    outer loop
      vertex 6.78643 3.44734 32.2
      vertex 6.30535 3.5527 2.2
      vertex 6.78643 3.44734 2.2
    endloop
  endfacet
  facet normal 0.696159 0.717888 -0
    outer loop
      vertex 10.356 10.0948 2.2
      vertex 10.0025 10.4376 32.2
      vertex 10.356 10.0948 32.2
    endloop
  endfacet
  facet normal 0.696159 0.717888 0
    outer loop
      vertex 10.0025 10.4376 32.2
      vertex 10.356 10.0948 2.2
      vertex 10.0025 10.4376 2.2
    endloop
  endfacet
  facet normal 0.602609 -0.798037 0
    outer loop
      vertex 9.60946 4.06559 2.2
      vertex 10.0025 4.36238 32.2
      vertex 9.60946 4.06559 32.2
    endloop
  endfacet
  facet normal 0.602609 -0.798037 0
    outer loop
      vertex 10.0025 4.36238 32.2
      vertex 9.60946 4.06559 2.2
      vertex 10.0025 4.36238 2.2
    endloop
  endfacet
  facet normal 0.779051 0.62696 0
    outer loop
      vertex 10.6648 9.71109 32.2
      vertex 10.356 10.0948 2.2
      vertex 10.356 10.0948 32.2
    endloop
  endfacet
  facet normal 0.779051 0.62696 0
    outer loop
      vertex 10.356 10.0948 2.2
      vertex 10.6648 9.71109 32.2
      vertex 10.6648 9.71109 2.2
    endloop
  endfacet
  facet normal -0.969799 -0.243907 0
    outer loop
      vertex 3.58823 6.18739 2.2
      vertex 3.46811 6.665 32.2
      vertex 3.46811 6.665 2.2
    endloop
  endfacet
  facet normal -0.969799 -0.243907 0
    outer loop
      vertex 3.46811 6.665 32.2
      vertex 3.58823 6.18739 2.2
      vertex 3.58823 6.18739 32.2
    endloop
  endfacet
  facet normal 0.779027 -0.62699 0
    outer loop
      vertex 10.356 4.70522 32.2
      vertex 10.6648 5.0889 2.2
      vertex 10.6648 5.0889 32.2
    endloop
  endfacet
  facet normal 0.779027 -0.62699 0
    outer loop
      vertex 10.6648 5.0889 2.2
      vertex 10.356 4.70522 32.2
      vertex 10.356 4.70522 2.2
    endloop
  endfacet
  facet normal -0.650708 0.759328 0
    outer loop
      vertex 4.98946 10.5921 2.2
      vertex 4.61546 10.2716 32.2
      vertex 4.98946 10.5921 32.2
    endloop
  endfacet
  facet normal -0.650708 0.759328 0
    outer loop
      vertex 4.61546 10.2716 32.2
      vertex 4.98946 10.5921 2.2
      vertex 4.61546 10.2716 2.2
    endloop
  endfacet
  facet normal -0.881016 0.473087 0
    outer loop
      vertex 3.76614 9.07184 2.2
      vertex 3.99913 9.50573 32.2
      vertex 3.99913 9.50573 2.2
    endloop
  endfacet
  facet normal -0.881016 0.473087 0
    outer loop
      vertex 3.99913 9.50573 32.2
      vertex 3.76614 9.07184 2.2
      vertex 3.76614 9.07184 32.2
    endloop
  endfacet
  facet normal 0.500083 0.865978 -0
    outer loop
      vertex 9.60946 10.7344 2.2
      vertex 9.18295 10.9807 32.2
      vertex 9.60946 10.7344 32.2
    endloop
  endfacet
  facet normal 0.500083 0.865978 0
    outer loop
      vertex 9.18295 10.9807 32.2
      vertex 9.60946 10.7344 2.2
      vertex 9.18295 10.9807 2.2
    endloop
  endfacet
  facet normal -0.650614 -0.759409 0
    outer loop
      vertex 4.61546 4.52835 2.2
      vertex 4.98946 4.20793 32.2
      vertex 4.61546 4.52835 32.2
    endloop
  endfacet
  facet normal -0.650614 -0.759409 -0
    outer loop
      vertex 4.98946 4.20793 32.2
      vertex 4.61546 4.52835 2.2
      vertex 4.98946 4.20793 2.2
    endloop
  endfacet
  facet normal 0.389798 -0.9209 0
    outer loop
      vertex 8.72942 3.62738 2.2
      vertex 9.18295 3.81935 32.2
      vertex 8.72942 3.62738 32.2
    endloop
  endfacet
  facet normal 0.389798 -0.9209 0
    outer loop
      vertex 9.18295 3.81935 32.2
      vertex 8.72942 3.62738 2.2
      vertex 9.18295 3.81935 2.2
    endloop
  endfacet
  facet normal -0.445735 -0.895165 0
    outer loop
      vertex 5.4 3.9359 2.2
      vertex 5.84086 3.71638 32.2
      vertex 5.4 3.9359 32.2
    endloop
  endfacet
  facet normal -0.445735 -0.895165 -0
    outer loop
      vertex 5.84086 3.71638 32.2
      vertex 5.4 3.9359 2.2
      vertex 5.84086 3.71638 2.2
    endloop
  endfacet
  facet normal 0.0308639 0.999524 -0
    outer loop
      vertex 7.76907 11.3829 2.2
      vertex 7.27682 11.3981 32.2
      vertex 7.76907 11.3829 32.2
    endloop
  endfacet
  facet normal 0.0308639 0.999524 0
    outer loop
      vertex 7.27682 11.3981 32.2
      vertex 7.76907 11.3829 2.2
      vertex 7.27682 11.3981 2.2
    endloop
  endfacet
  facet normal -0.992421 -0.122885 0
    outer loop
      vertex 3.46811 6.665 2.2
      vertex 3.40759 7.15376 32.2
      vertex 3.40759 7.15376 2.2
    endloop
  endfacet
  facet normal -0.992421 -0.122885 0
    outer loop
      vertex 3.40759 7.15376 32.2
      vertex 3.46811 6.665 2.2
      vertex 3.46811 6.665 32.2
    endloop
  endfacet
  facet normal 0.952943 -0.30315 0
    outer loop
      vertex 11.1299 5.95503 32.2
      vertex 11.2792 6.42435 2.2
      vertex 11.2792 6.42435 32.2
    endloop
  endfacet
  facet normal 0.952943 -0.30315 0
    outer loop
      vertex 11.2792 6.42435 2.2
      vertex 11.1299 5.95503 32.2
      vertex 11.1299 5.95503 2.2
    endloop
  endfacet
  facet normal 0 0 1
    outer loop
      vertex 8.7 7.4 32.2
      vertex 11.4 7.4 32.2
      vertex 11.3697 7.89155 32.2
    endloop
  endfacet
  facet normal 0 0 1
    outer loop
      vertex 8.7 7.4 32.2
      vertex 11.3697 7.89155 32.2
      vertex 11.2792 8.37565 32.2
    endloop
  endfacet
  facet normal 0 0 1
    outer loop
      vertex 11.4 7.4 32.2
      vertex 8.7 7.4 32.2
      vertex 11.3697 6.90845 32.2
    endloop
  endfacet
  facet normal 0 0 1
    outer loop
      vertex 8.61221 7.86961 32.2
      vertex 11.2792 8.37565 32.2
      vertex 11.1299 8.84497 32.2
    endloop
  endfacet
  facet normal 0 0 1
    outer loop
      vertex 11.3697 6.90845 32.2
      vertex 8.7 7.4 32.2
      vertex 11.2792 6.42435 32.2
    endloop
  endfacet
  facet normal 0 0 1
    outer loop
      vertex 8.61221 7.86961 32.2
      vertex 11.1299 8.84497 32.2
      vertex 10.924 9.29237 32.2
    endloop
  endfacet
  facet normal -0 0 1
    outer loop
      vertex 8.61221 6.93039 32.2
      vertex 11.2792 6.42435 32.2
      vertex 8.7 7.4 32.2
    endloop
  endfacet
  facet normal 0 0 1
    outer loop
      vertex 8.61221 7.86961 32.2
      vertex 10.924 9.29237 32.2
      vertex 10.6648 9.71109 32.2
    endloop
  endfacet
  facet normal 0 0 1
    outer loop
      vertex 11.2792 6.42435 32.2
      vertex 8.61221 6.93039 32.2
      vertex 11.1299 5.95503 32.2
    endloop
  endfacet
  facet normal 0 0 1
    outer loop
      vertex 8.36071 8.2758 32.2
      vertex 10.6648 9.71109 32.2
      vertex 10.356 10.0948 32.2
    endloop
  endfacet
  facet normal 0 0 1
    outer loop
      vertex 11.1299 5.95503 32.2
      vertex 8.61221 6.93039 32.2
      vertex 10.924 5.50763 32.2
    endloop
  endfacet
  facet normal 0 0 1
    outer loop
      vertex 8.36071 8.2758 32.2
      vertex 10.356 10.0948 32.2
      vertex 10.0025 10.4376 32.2
    endloop
  endfacet
  facet normal 0 0 1
    outer loop
      vertex 10.924 5.50763 32.2
      vertex 8.61221 6.93039 32.2
      vertex 10.6648 5.0889 32.2
    endloop
  endfacet
  facet normal 0 0 1
    outer loop
      vertex 8.36071 8.2758 32.2
      vertex 10.0025 10.4376 32.2
      vertex 9.60946 10.7344 32.2
    endloop
  endfacet
  facet normal -0 0 1
    outer loop
      vertex 8.36071 6.5242 32.2
      vertex 10.6648 5.0889 32.2
      vertex 8.61221 6.93039 32.2
    endloop
  endfacet
  facet normal 0 0 1
    outer loop
      vertex 7.97946 8.56371 32.2
      vertex 9.60946 10.7344 32.2
      vertex 9.18295 10.9807 32.2
    endloop
  endfacet
  facet normal 0 0 1
    outer loop
      vertex 10.6648 5.0889 32.2
      vertex 8.36071 6.5242 32.2
      vertex 10.356 4.70522 32.2
    endloop
  endfacet
  facet normal 0 0 1
    outer loop
      vertex 7.97946 8.56371 32.2
      vertex 9.18295 10.9807 32.2
      vertex 8.72942 11.1726 32.2
    endloop
  endfacet
  facet normal 0 0 1
    outer loop
      vertex 10.356 4.70522 32.2
      vertex 8.36071 6.5242 32.2
      vertex 10.0025 4.36238 32.2
    endloop
  endfacet
  facet normal 0 0 1
    outer loop
      vertex 10.0025 4.36238 32.2
      vertex 8.36071 6.5242 32.2
      vertex 9.60946 4.06559 32.2
    endloop
  endfacet
  facet normal 0 0 1
    outer loop
      vertex 11.2792 8.37565 32.2
      vertex 8.61221 7.86961 32.2
      vertex 8.7 7.4 32.2
    endloop
  endfacet
  facet normal 0 0 1
    outer loop
      vertex 10.6648 9.71109 32.2
      vertex 8.36071 8.2758 32.2
      vertex 8.61221 7.86961 32.2
    endloop
  endfacet
  facet normal 0 0 1
    outer loop
      vertex 7.97946 8.56371 32.2
      vertex 8.72942 11.1726 32.2
      vertex 8.25573 11.3074 32.2
    endloop
  endfacet
  facet normal 0 0 1
    outer loop
      vertex 9.60946 10.7344 32.2
      vertex 7.97946 8.56371 32.2
      vertex 8.36071 8.2758 32.2
    endloop
  endfacet
  facet normal 0 0 1
    outer loop
      vertex 7.51995 8.69445 32.2
      vertex 8.25573 11.3074 32.2
      vertex 7.76907 11.3829 32.2
    endloop
  endfacet
  facet normal 0 0 1
    outer loop
      vertex 8.25573 11.3074 32.2
      vertex 7.51995 8.69445 32.2
      vertex 7.97946 8.56371 32.2
    endloop
  endfacet
  facet normal 0 0 1
    outer loop
      vertex 7.27682 11.3981 32.2
      vertex 7.51995 8.69445 32.2
      vertex 7.76907 11.3829 32.2
    endloop
  endfacet
  facet normal 0 0 1
    outer loop
      vertex 7.27682 11.3981 32.2
      vertex 7.04424 8.65037 32.2
      vertex 7.51995 8.69445 32.2
    endloop
  endfacet
  facet normal -0 0 1
    outer loop
      vertex 6.78643 11.3527 32.2
      vertex 7.04424 8.65037 32.2
      vertex 7.27682 11.3981 32.2
    endloop
  endfacet
  facet normal -0 0 1
    outer loop
      vertex 6.30535 11.2473 32.2
      vertex 7.04424 8.65037 32.2
      vertex 6.78643 11.3527 32.2
    endloop
  endfacet
  facet normal -0 0 1
    outer loop
      vertex 5.84086 11.0836 32.2
      vertex 7.04424 8.65037 32.2
      vertex 6.30535 11.2473 32.2
    endloop
  endfacet
  facet normal 0 0 1
    outer loop
      vertex 7.04424 8.65037 32.2
      vertex 5.84086 11.0836 32.2
      vertex 6.61658 8.43742 32.2
    endloop
  endfacet
  facet normal -0 0 1
    outer loop
      vertex 5.4 10.8641 32.2
      vertex 6.61658 8.43742 32.2
      vertex 5.84086 11.0836 32.2
    endloop
  endfacet
  facet normal -0 0 1
    outer loop
      vertex 4.61546 10.2716 32.2
      vertex 6.61658 8.43742 32.2
      vertex 4.98946 10.5921 32.2
    endloop
  endfacet
  facet normal -0 0 1
    outer loop
      vertex 4.98946 10.5921 32.2
      vertex 6.61658 8.43742 32.2
      vertex 5.4 10.8641 32.2
    endloop
  endfacet
  facet normal -0 0 1
    outer loop
      vertex 7.97946 6.23629 32.2
      vertex 9.60946 4.06559 32.2
      vertex 8.36071 6.5242 32.2
    endloop
  endfacet
  facet normal 0 0 1
    outer loop
      vertex 9.60946 4.06559 32.2
      vertex 7.97946 6.23629 32.2
      vertex 9.18295 3.81935 32.2
    endloop
  endfacet
  facet normal 0 0 1
    outer loop
      vertex 9.18295 3.81935 32.2
      vertex 7.97946 6.23629 32.2
      vertex 8.72942 3.62738 32.2
    endloop
  endfacet
  facet normal 0 0 1
    outer loop
      vertex 8.72942 3.62738 32.2
      vertex 7.97946 6.23629 32.2
      vertex 8.25573 3.49261 32.2
    endloop
  endfacet
  facet normal -0 0 1
    outer loop
      vertex 7.51995 6.10555 32.2
      vertex 8.25573 3.49261 32.2
      vertex 7.97946 6.23629 32.2
    endloop
  endfacet
  facet normal 0 0 1
    outer loop
      vertex 8.25573 3.49261 32.2
      vertex 7.51995 6.10555 32.2
      vertex 7.76907 3.41706 32.2
    endloop
  endfacet
  facet normal 0 0 1
    outer loop
      vertex 7.51995 6.10555 32.2
      vertex 7.27682 3.4019 32.2
      vertex 7.76907 3.41706 32.2
    endloop
  endfacet
  facet normal 0 0 1
    outer loop
      vertex 7.04424 6.14963 32.2
      vertex 7.27682 3.4019 32.2
      vertex 7.51995 6.10555 32.2
    endloop
  endfacet
  facet normal 0 0 1
    outer loop
      vertex 7.04424 6.14963 32.2
      vertex 6.78643 3.44734 32.2
      vertex 7.27682 3.4019 32.2
    endloop
  endfacet
  facet normal 0 0 1
    outer loop
      vertex 5.84086 3.71638 32.2
      vertex 7.04424 6.14963 32.2
      vertex 6.61658 6.36258 32.2
    endloop
  endfacet
  facet normal 0 0 1
    outer loop
      vertex 7.04424 6.14963 32.2
      vertex 6.30535 3.5527 32.2
      vertex 6.78643 3.44734 32.2
    endloop
  endfacet
  facet normal 0 0 1
    outer loop
      vertex 4.61546 4.52835 32.2
      vertex 6.61658 6.36258 32.2
      vertex 6.29472 6.71564 32.2
    endloop
  endfacet
  facet normal 0 0 1
    outer loop
      vertex 3.76614 5.72816 32.2
      vertex 6.29472 6.71564 32.2
      vertex 6.12214 7.16113 32.2
    endloop
  endfacet
  facet normal 0 0 1
    outer loop
      vertex 6.61658 8.43742 32.2
      vertex 4.61546 10.2716 32.2
      vertex 6.29472 8.08436 32.2
    endloop
  endfacet
  facet normal 0 0 1
    outer loop
      vertex 7.04424 6.14963 32.2
      vertex 5.84086 3.71638 32.2
      vertex 6.30535 3.5527 32.2
    endloop
  endfacet
  facet normal -0 0 1
    outer loop
      vertex 4.28368 9.90769 32.2
      vertex 6.29472 8.08436 32.2
      vertex 4.61546 10.2716 32.2
    endloop
  endfacet
  facet normal 0 0 1
    outer loop
      vertex 6.61658 6.36258 32.2
      vertex 5.4 3.9359 32.2
      vertex 5.84086 3.71638 32.2
    endloop
  endfacet
  facet normal -0 0 1
    outer loop
      vertex 3.99913 9.50573 32.2
      vertex 6.29472 8.08436 32.2
      vertex 4.28368 9.90769 32.2
    endloop
  endfacet
  facet normal 0 0 1
    outer loop
      vertex 6.61658 6.36258 32.2
      vertex 4.98946 4.20793 32.2
      vertex 5.4 3.9359 32.2
    endloop
  endfacet
  facet normal -0 0 1
    outer loop
      vertex 3.76614 9.07184 32.2
      vertex 6.29472 8.08436 32.2
      vertex 3.99913 9.50573 32.2
    endloop
  endfacet
  facet normal 0 0 1
    outer loop
      vertex 6.61658 6.36258 32.2
      vertex 4.61546 4.52835 32.2
      vertex 4.98946 4.20793 32.2
    endloop
  endfacet
  facet normal 0 0 1
    outer loop
      vertex 6.29472 8.08436 32.2
      vertex 3.76614 9.07184 32.2
      vertex 6.12214 7.63887 32.2
    endloop
  endfacet
  facet normal 0 0 1
    outer loop
      vertex 6.29472 6.71564 32.2
      vertex 4.28368 4.8923 32.2
      vertex 4.61546 4.52835 32.2
    endloop
  endfacet
  facet normal -0 0 1
    outer loop
      vertex 3.58823 8.61261 32.2
      vertex 6.12214 7.63887 32.2
      vertex 3.76614 9.07184 32.2
    endloop
  endfacet
  facet normal 0 0 1
    outer loop
      vertex 6.29472 6.71564 32.2
      vertex 3.99913 5.29427 32.2
      vertex 4.28368 4.8923 32.2
    endloop
  endfacet
  facet normal -0 0 1
    outer loop
      vertex 3.46811 8.135 32.2
      vertex 6.12214 7.63887 32.2
      vertex 3.58823 8.61261 32.2
    endloop
  endfacet
  facet normal 0 0 1
    outer loop
      vertex 6.29472 6.71564 32.2
      vertex 3.76614 5.72816 32.2
      vertex 3.99913 5.29427 32.2
    endloop
  endfacet
  facet normal -0 0 1
    outer loop
      vertex 3.40759 7.64624 32.2
      vertex 6.12214 7.63887 32.2
      vertex 3.46811 8.135 32.2
    endloop
  endfacet
  facet normal 0 0 1
    outer loop
      vertex 6.12214 7.16113 32.2
      vertex 3.58823 6.18739 32.2
      vertex 3.76614 5.72816 32.2
    endloop
  endfacet
  facet normal 0 0 1
    outer loop
      vertex 6.12214 7.63887 32.2
      vertex 3.40759 7.64624 32.2
      vertex 6.12214 7.16113 32.2
    endloop
  endfacet
  facet normal 0 0 1
    outer loop
      vertex 6.12214 7.16113 32.2
      vertex 3.46811 6.665 32.2
      vertex 3.58823 6.18739 32.2
    endloop
  endfacet
  facet normal 0 0 1
    outer loop
      vertex 3.40759 7.15376 32.2
      vertex 6.12214 7.16113 32.2
      vertex 3.40759 7.64624 32.2
    endloop
  endfacet
  facet normal 0 0 1
    outer loop
      vertex 6.12214 7.16113 32.2
      vertex 3.40759 7.15376 32.2
      vertex 3.46811 6.665 32.2
    endloop
  endfacet
  facet normal -0.881016 -0.473087 0
    outer loop
      vertex 3.99913 5.29427 2.2
      vertex 3.76614 5.72816 32.2
      vertex 3.76614 5.72816 2.2
    endloop
  endfacet
  facet normal -0.881016 -0.473087 0
    outer loop
      vertex 3.76614 5.72816 32.2
      vertex 3.99913 5.29427 2.2
      vertex 3.99913 5.29427 32.2
    endloop
  endfacet
  facet normal -0.969799 0.243907 0
    outer loop
      vertex 3.46811 8.135 2.2
      vertex 3.58823 8.61261 32.2
      vertex 3.58823 8.61261 2.2
    endloop
  endfacet
  facet normal -0.969799 0.243907 0
    outer loop
      vertex 3.58823 8.61261 32.2
      vertex 3.46811 8.135 2.2
      vertex 3.46811 8.135 32.2
    endloop
  endfacet
  facet normal -0.332391 0.943142 0
    outer loop
      vertex 6.30535 11.2473 2.2
      vertex 5.84086 11.0836 32.2
      vertex 6.30535 11.2473 32.2
    endloop
  endfacet
  facet normal -0.332391 0.943142 0
    outer loop
      vertex 5.84086 11.0836 32.2
      vertex 6.30535 11.2473 2.2
      vertex 5.84086 11.0836 2.2
    endloop
  endfacet
  facet normal 0.6962 -0.717847 0
    outer loop
      vertex 10.0025 4.36238 2.2
      vertex 10.356 4.70522 32.2
      vertex 10.0025 4.36238 32.2
    endloop
  endfacet
  facet normal 0.6962 -0.717847 0
    outer loop
      vertex 10.356 4.70522 32.2
      vertex 10.0025 4.36238 2.2
      vertex 10.356 4.70522 2.2
    endloop
  endfacet
  facet normal -0.739013 -0.673691 0
    outer loop
      vertex 4.61546 4.52835 2.2
      vertex 4.28368 4.8923 32.2
      vertex 4.28368 4.8923 2.2
    endloop
  endfacet
  facet normal -0.739013 -0.673691 0
    outer loop
      vertex 4.28368 4.8923 32.2
      vertex 4.61546 4.52835 2.2
      vertex 4.61546 4.52835 32.2
    endloop
  endfacet
  facet normal 0.153305 0.988179 -0
    outer loop
      vertex 8.25573 11.3074 2.2
      vertex 7.76907 11.3829 32.2
      vertex 8.25573 11.3074 32.2
    endloop
  endfacet
  facet normal 0.153305 0.988179 0
    outer loop
      vertex 7.76907 11.3829 32.2
      vertex 8.25573 11.3074 2.2
      vertex 7.76907 11.3829 2.2
    endloop
  endfacet
  facet normal -0.93247 -0.361248 0
    outer loop
      vertex 3.76614 5.72816 2.2
      vertex 3.58823 6.18739 32.2
      vertex 3.58823 6.18739 2.2
    endloop
  endfacet
  facet normal -0.93247 -0.361248 0
    outer loop
      vertex 3.58823 6.18739 32.2
      vertex 3.76614 5.72816 2.2
      vertex 3.76614 5.72816 32.2
    endloop
  endfacet
  facet normal -0.816196 -0.577776 0
    outer loop
      vertex 4.28368 4.8923 2.2
      vertex 3.99913 5.29427 32.2
      vertex 3.99913 5.29427 2.2
    endloop
  endfacet
  facet normal -0.816196 -0.577776 0
    outer loop
      vertex 3.99913 5.29427 32.2
      vertex 4.28368 4.8923 2.2
      vertex 4.28368 4.8923 32.2
    endloop
  endfacet
  facet normal 0.0307828 -0.999526 0
    outer loop
      vertex 7.27682 3.4019 2.2
      vertex 7.76907 3.41706 32.2
      vertex 7.27682 3.4019 32.2
    endloop
  endfacet
  facet normal 0.0307828 -0.999526 0
    outer loop
      vertex 7.76907 3.41706 32.2
      vertex 7.27682 3.4019 2.2
      vertex 7.76907 3.41706 2.2
    endloop
  endfacet
  facet normal -0.552317 0.833634 0
    outer loop
      vertex 5.4 10.8641 2.2
      vertex 4.98946 10.5921 32.2
      vertex 5.4 10.8641 32.2
    endloop
  endfacet
  facet normal -0.552317 0.833634 0
    outer loop
      vertex 4.98946 10.5921 32.2
      vertex 5.4 10.8641 2.2
      vertex 4.98946 10.5921 2.2
    endloop
  endfacet
  facet normal -0.992421 0.122885 0
    outer loop
      vertex 3.40759 7.64624 2.2
      vertex 3.46811 8.135 32.2
      vertex 3.46811 8.135 2.2
    endloop
  endfacet
  facet normal -0.992421 0.122885 0
    outer loop
      vertex 3.46811 8.135 32.2
      vertex 3.40759 7.64624 2.2
      vertex 3.40759 7.64624 32.2
    endloop
  endfacet
  facet normal -0.0921852 0.995742 0
    outer loop
      vertex 7.27682 11.3981 2.2
      vertex 6.78643 11.3527 32.2
      vertex 7.27682 11.3981 32.2
    endloop
  endfacet
  facet normal -0.0921852 0.995742 0
    outer loop
      vertex 6.78643 11.3527 32.2
      vertex 7.27682 11.3981 2.2
      vertex 6.78643 11.3527 2.2
    endloop
  endfacet
  facet normal 0.499991 -0.86603 0
    outer loop
      vertex 9.18295 3.81935 2.2
      vertex 9.60946 4.06559 32.2
      vertex 9.18295 3.81935 32.2
    endloop
  endfacet
  facet normal 0.499991 -0.86603 0
    outer loop
      vertex 9.60946 4.06559 32.2
      vertex 9.18295 3.81935 2.2
      vertex 9.60946 4.06559 2.2
    endloop
  endfacet
  facet normal -1 0 0
    outer loop
      vertex 3.40759 7.15376 2.2
      vertex 3.40759 7.64624 32.2
      vertex 3.40759 7.64624 2.2
    endloop
  endfacet
  facet normal -1 -0 0
    outer loop
      vertex 3.40759 7.64624 32.2
      vertex 3.40759 7.15376 2.2
      vertex 3.40759 7.15376 32.2
    endloop
  endfacet
  facet normal -0.93247 0.361248 0
    outer loop
      vertex 3.58823 8.61261 2.2
      vertex 3.76614 9.07184 32.2
      vertex 3.76614 9.07184 2.2
    endloop
  endfacet
  facet normal -0.93247 0.361248 0
    outer loop
      vertex 3.76614 9.07184 32.2
      vertex 3.58823 8.61261 2.2
      vertex 3.58823 8.61261 32.2
    endloop
  endfacet
  facet normal -0.332355 -0.943154 0
    outer loop
      vertex 5.84086 3.71638 2.2
      vertex 6.30535 3.5527 32.2
      vertex 5.84086 3.71638 32.2
    endloop
  endfacet
  facet normal -0.332355 -0.943154 -0
    outer loop
      vertex 6.30535 3.5527 32.2
      vertex 5.84086 3.71638 2.2
      vertex 6.30535 3.5527 2.2
    endloop
  endfacet
  facet normal -0.850219 -0.526429 0
    outer loop
      vertex 8.61221 7.86961 20
      vertex 8.36071 8.2758 32.2
      vertex 8.36071 8.2758 20
    endloop
  endfacet
  facet normal -0.850219 -0.526429 0
    outer loop
      vertex 8.36071 8.2758 32.2
      vertex 8.61221 7.86961 20
      vertex 8.61221 7.86961 32.2
    endloop
  endfacet
  facet normal -0.982971 -0.183759 0
    outer loop
      vertex 8.7 7.4 20
      vertex 8.61221 7.86961 32.2
      vertex 8.61221 7.86961 20
    endloop
  endfacet
  facet normal -0.982971 -0.183759 0
    outer loop
      vertex 8.61221 7.86961 32.2
      vertex 8.7 7.4 20
      vertex 8.7 7.4 32.2
    endloop
  endfacet
  facet normal -0.602639 -0.798014 0
    outer loop
      vertex 7.97946 8.56371 20
      vertex 8.36071 8.2758 32.2
      vertex 7.97946 8.56371 32.2
    endloop
  endfacet
  facet normal -0.602639 -0.798014 -0
    outer loop
      vertex 8.36071 8.2758 32.2
      vertex 7.97946 8.56371 20
      vertex 8.36071 8.2758 20
    endloop
  endfacet
  facet normal -0.982971 0.183759 0
    outer loop
      vertex 8.61221 6.93039 20
      vertex 8.7 7.4 32.2
      vertex 8.7 7.4 20
    endloop
  endfacet
  facet normal -0.982971 0.183759 0
    outer loop
      vertex 8.7 7.4 32.2
      vertex 8.61221 6.93039 20
      vertex 8.61221 6.93039 32.2
    endloop
  endfacet
  facet normal 0.0922662 -0.995734 0
    outer loop
      vertex 7.04424 8.65037 20
      vertex 7.51995 8.69445 32.2
      vertex 7.04424 8.65037 32.2
    endloop
  endfacet
  facet normal 0.0922662 -0.995734 0
    outer loop
      vertex 7.51995 8.69445 32.2
      vertex 7.04424 8.65037 20
      vertex 7.51995 8.69445 20
    endloop
  endfacet
  facet normal -0.850219 0.526429 0
    outer loop
      vertex 8.36071 6.5242 20
      vertex 8.61221 6.93039 32.2
      vertex 8.61221 6.93039 20
    endloop
  endfacet
  facet normal -0.850219 0.526429 0
    outer loop
      vertex 8.61221 6.93039 32.2
      vertex 8.36071 6.5242 20
      vertex 8.36071 6.5242 32.2
    endloop
  endfacet
  facet normal -0.273659 -0.961827 0
    outer loop
      vertex 7.51995 8.69445 20
      vertex 7.97946 8.56371 32.2
      vertex 7.51995 8.69445 32.2
    endloop
  endfacet
  facet normal -0.273659 -0.961827 -0
    outer loop
      vertex 7.97946 8.56371 32.2
      vertex 7.51995 8.69445 20
      vertex 7.97946 8.56371 20
    endloop
  endfacet
  facet normal 0.739005 -0.673699 0
    outer loop
      vertex 6.29472 8.08436 32.2
      vertex 6.61658 8.43742 20
      vertex 6.61658 8.43742 32.2
    endloop
  endfacet
  facet normal 0.739005 -0.673699 0
    outer loop
      vertex 6.61658 8.43742 20
      vertex 6.29472 8.08436 32.2
      vertex 6.29472 8.08436 20
    endloop
  endfacet
  facet normal 0.0922662 0.995734 -0
    outer loop
      vertex 7.51995 6.10555 20
      vertex 7.04424 6.14963 32.2
      vertex 7.51995 6.10555 32.2
    endloop
  endfacet
  facet normal 0.0922662 0.995734 0
    outer loop
      vertex 7.04424 6.14963 32.2
      vertex 7.51995 6.10555 20
      vertex 7.04424 6.14963 20
    endloop
  endfacet
  facet normal -0.273659 0.961827 0
    outer loop
      vertex 7.97946 6.23629 20
      vertex 7.51995 6.10555 32.2
      vertex 7.97946 6.23629 32.2
    endloop
  endfacet
  facet normal -0.273659 0.961827 0
    outer loop
      vertex 7.51995 6.10555 32.2
      vertex 7.97946 6.23629 20
      vertex 7.51995 6.10555 20
    endloop
  endfacet
  facet normal -0.602639 0.798014 0
    outer loop
      vertex 8.36071 6.5242 20
      vertex 7.97946 6.23629 32.2
      vertex 8.36071 6.5242 32.2
    endloop
  endfacet
  facet normal -0.602639 0.798014 0
    outer loop
      vertex 7.97946 6.23629 32.2
      vertex 8.36071 6.5242 20
      vertex 7.97946 6.23629 20
    endloop
  endfacet
  facet normal 1 -0 0
    outer loop
      vertex 6.12214 7.16113 32.2
      vertex 6.12214 7.63887 20
      vertex 6.12214 7.63887 32.2
    endloop
  endfacet
  facet normal 1 0 0
    outer loop
      vertex 6.12214 7.63887 20
      vertex 6.12214 7.16113 32.2
      vertex 6.12214 7.16113 20
    endloop
  endfacet
  facet normal 0.739005 0.673699 0
    outer loop
      vertex 6.61658 6.36258 32.2
      vertex 6.29472 6.71564 20
      vertex 6.29472 6.71564 32.2
    endloop
  endfacet
  facet normal 0.739005 0.673699 0
    outer loop
      vertex 6.29472 6.71564 20
      vertex 6.61658 6.36258 32.2
      vertex 6.61658 6.36258 20
    endloop
  endfacet
  facet normal 0.445739 -0.895163 0
    outer loop
      vertex 6.61658 8.43742 20
      vertex 7.04424 8.65037 32.2
      vertex 6.61658 8.43742 32.2
    endloop
  endfacet
  facet normal 0.445739 -0.895163 0
    outer loop
      vertex 7.04424 8.65037 32.2
      vertex 6.61658 8.43742 20
      vertex 7.04424 8.65037 20
    endloop
  endfacet
  facet normal 0.932475 -0.361235 0
    outer loop
      vertex 6.12214 7.63887 32.2
      vertex 6.29472 8.08436 20
      vertex 6.29472 8.08436 32.2
    endloop
  endfacet
  facet normal 0.932475 -0.361235 0
    outer loop
      vertex 6.29472 8.08436 20
      vertex 6.12214 7.63887 32.2
      vertex 6.12214 7.63887 20
    endloop
  endfacet
  facet normal 0.932475 0.361235 0
    outer loop
      vertex 6.29472 6.71564 32.2
      vertex 6.12214 7.16113 20
      vertex 6.12214 7.16113 32.2
    endloop
  endfacet
  facet normal 0.932475 0.361235 0
    outer loop
      vertex 6.12214 7.16113 20
      vertex 6.29472 6.71564 32.2
      vertex 6.29472 6.71564 20
    endloop
  endfacet
  facet normal 0 0 1
    outer loop
      vertex 8.61221 7.86961 20
      vertex 8.61221 6.93039 20
      vertex 8.7 7.4 20
    endloop
  endfacet
  facet normal 0 0 1
    outer loop
      vertex 8.36071 8.2758 20
      vertex 8.61221 6.93039 20
      vertex 8.61221 7.86961 20
    endloop
  endfacet
  facet normal 0 0 1
    outer loop
      vertex 8.36071 8.2758 20
      vertex 8.36071 6.5242 20
      vertex 8.61221 6.93039 20
    endloop
  endfacet
  facet normal 0 0 1
    outer loop
      vertex 7.97946 8.56371 20
      vertex 8.36071 6.5242 20
      vertex 8.36071 8.2758 20
    endloop
  endfacet
  facet normal 0 0 1
    outer loop
      vertex 7.97946 8.56371 20
      vertex 7.97946 6.23629 20
      vertex 8.36071 6.5242 20
    endloop
  endfacet
  facet normal 0 0 1
    outer loop
      vertex 7.51995 8.69445 20
      vertex 7.97946 6.23629 20
      vertex 7.97946 8.56371 20
    endloop
  endfacet
  facet normal 0 0 1
    outer loop
      vertex 7.51995 8.69445 20
      vertex 7.51995 6.10555 20
      vertex 7.97946 6.23629 20
    endloop
  endfacet
  facet normal -0 0 1
    outer loop
      vertex 7.04424 8.65037 20
      vertex 7.51995 6.10555 20
      vertex 7.51995 8.69445 20
    endloop
  endfacet
  facet normal 0 0 1
    outer loop
      vertex 7.04424 8.65037 20
      vertex 7.04424 6.14963 20
      vertex 7.51995 6.10555 20
    endloop
  endfacet
  facet normal -0 0 1
    outer loop
      vertex 6.61658 8.43742 20
      vertex 7.04424 6.14963 20
      vertex 7.04424 8.65037 20
    endloop
  endfacet
  facet normal 0 0 1
    outer loop
      vertex 6.61658 8.43742 20
      vertex 6.61658 6.36258 20
      vertex 7.04424 6.14963 20
    endloop
  endfacet
  facet normal -0 0 1
    outer loop
      vertex 6.29472 8.08436 20
      vertex 6.61658 6.36258 20
      vertex 6.61658 8.43742 20
    endloop
  endfacet
  facet normal 0 0 1
    outer loop
      vertex 6.29472 8.08436 20
      vertex 6.29472 6.71564 20
      vertex 6.61658 6.36258 20
    endloop
  endfacet
  facet normal -0 0 1
    outer loop
      vertex 6.12214 7.63887 20
      vertex 6.29472 6.71564 20
      vertex 6.29472 8.08436 20
    endloop
  endfacet
  facet normal 0 0 1
    outer loop
      vertex 6.29472 6.71564 20
      vertex 6.12214 7.63887 20
      vertex 6.12214 7.16113 20
    endloop
  endfacet
  facet normal 0.445739 0.895163 -0
    outer loop
      vertex 7.04424 6.14963 20
      vertex 6.61658 6.36258 32.2
      vertex 7.04424 6.14963 32.2
    endloop
  endfacet
  facet normal 0.445739 0.895163 0
    outer loop
      vertex 6.61658 6.36258 32.2
      vertex 7.04424 6.14963 20
      vertex 6.61658 6.36258 20
    endloop
  endfacet
  facet normal 0.982971 0.183761 0
    outer loop
      vertex 11.3697 77.8916 32.2
      vertex 11.2792 78.3757 2.2
      vertex 11.2792 78.3757 32.2
    endloop
  endfacet
  facet normal 0.982971 0.183761 0
    outer loop
      vertex 11.2792 78.3757 2.2
      vertex 11.3697 77.8916 32.2
      vertex 11.3697 77.8916 2.2
    endloop
  endfacet
  facet normal 0.998106 0.0615187 0
    outer loop
      vertex 11.4 77.4 32.2
      vertex 11.3697 77.8916 2.2
      vertex 11.3697 77.8916 32.2
    endloop
  endfacet
  facet normal 0.998106 0.0615187 0
    outer loop
      vertex 11.3697 77.8916 2.2
      vertex 11.4 77.4 32.2
      vertex 11.4 77.4 2.2
    endloop
  endfacet
  facet normal 0.952939 0.303162 0
    outer loop
      vertex 11.2792 78.3757 32.2
      vertex 11.1299 78.845 2.2
      vertex 11.1299 78.845 32.2
    endloop
  endfacet
  facet normal 0.952939 0.303162 0
    outer loop
      vertex 11.1299 78.845 2.2
      vertex 11.2792 78.3757 32.2
      vertex 11.2792 78.3757 2.2
    endloop
  endfacet
  facet normal 0.850261 -0.526362 0
    outer loop
      vertex 10.6648 75.0889 32.2
      vertex 10.924 75.5076 2.2
      vertex 10.924 75.5076 32.2
    endloop
  endfacet
  facet normal 0.850261 -0.526362 0
    outer loop
      vertex 10.924 75.5076 2.2
      vertex 10.6648 75.0889 32.2
      vertex 10.6648 75.0889 2.2
    endloop
  endfacet
  facet normal 0.389678 0.920951 -0
    outer loop
      vertex 9.18295 80.9807 2.2
      vertex 8.72942 81.1726 32.2
      vertex 9.18295 80.9807 32.2
    endloop
  endfacet
  facet normal 0.389678 0.920951 0
    outer loop
      vertex 8.72942 81.1726 32.2
      vertex 9.18295 80.9807 2.2
      vertex 8.72942 81.1726 2.2
    endloop
  endfacet
  facet normal 0.982971 -0.183761 0
    outer loop
      vertex 11.2792 76.4243 32.2
      vertex 11.3697 76.9084 2.2
      vertex 11.3697 76.9084 32.2
    endloop
  endfacet
  facet normal 0.982971 -0.183761 0
    outer loop
      vertex 11.3697 76.9084 2.2
      vertex 11.2792 76.4243 32.2
      vertex 11.2792 76.4243 2.2
    endloop
  endfacet
  facet normal 0.998106 -0.0615187 0
    outer loop
      vertex 11.3697 76.9084 32.2
      vertex 11.4 77.4 2.2
      vertex 11.4 77.4 32.2
    endloop
  endfacet
  facet normal 0.998106 -0.0615187 0
    outer loop
      vertex 11.4 77.4 2.2
      vertex 11.3697 76.9084 32.2
      vertex 11.3697 76.9084 2.2
    endloop
  endfacet
  facet normal 0.908416 0.418066 0
    outer loop
      vertex 11.1299 78.845 32.2
      vertex 10.924 79.2924 2.2
      vertex 10.924 79.2924 32.2
    endloop
  endfacet
  facet normal 0.908416 0.418066 0
    outer loop
      vertex 10.924 79.2924 2.2
      vertex 11.1299 78.845 32.2
      vertex 11.1299 78.845 2.2
    endloop
  endfacet
  facet normal -0.214014 0.976831 0
    outer loop
      vertex 6.78643 81.3527 2.2
      vertex 6.30535 81.2473 32.2
      vertex 6.78643 81.3527 32.2
    endloop
  endfacet
  facet normal -0.214014 0.976831 0
    outer loop
      vertex 6.30535 81.2473 32.2
      vertex 6.78643 81.3527 2.2
      vertex 6.30535 81.2473 2.2
    endloop
  endfacet
  facet normal -0.0921852 -0.995742 0
    outer loop
      vertex 6.78643 73.4473 2.2
      vertex 7.27682 73.4019 32.2
      vertex 6.78643 73.4473 32.2
    endloop
  endfacet
  facet normal -0.0921852 -0.995742 -0
    outer loop
      vertex 7.27682 73.4019 32.2
      vertex 6.78643 73.4473 2.2
      vertex 7.27682 73.4019 2.2
    endloop
  endfacet
  facet normal 0.908416 -0.418066 0
    outer loop
      vertex 10.924 75.5076 32.2
      vertex 11.1299 75.955 2.2
      vertex 11.1299 75.955 32.2
    endloop
  endfacet
  facet normal 0.908416 -0.418066 0
    outer loop
      vertex 11.1299 75.955 2.2
      vertex 10.924 75.5076 32.2
      vertex 10.924 75.5076 2.2
    endloop
  endfacet
  facet normal -0.738967 0.673741 0
    outer loop
      vertex 4.28368 79.9077 2.2
      vertex 4.61546 80.2716 32.2
      vertex 4.61546 80.2716 2.2
    endloop
  endfacet
  facet normal -0.738967 0.673741 0
    outer loop
      vertex 4.61546 80.2716 32.2
      vertex 4.28368 79.9077 2.2
      vertex 4.28368 79.9077 32.2
    endloop
  endfacet
  facet normal -0.816216 0.577747 0
    outer loop
      vertex 3.99913 79.5057 2.2
      vertex 4.28368 79.9077 32.2
      vertex 4.28368 79.9077 2.2
    endloop
  endfacet
  facet normal -0.816216 0.577747 0
    outer loop
      vertex 4.28368 79.9077 32.2
      vertex 3.99913 79.5057 2.2
      vertex 3.99913 79.5057 32.2
    endloop
  endfacet
  facet normal -0.552317 -0.833634 0
    outer loop
      vertex 4.98946 74.2079 2.2
      vertex 5.4 73.9359 32.2
      vertex 4.98946 74.2079 32.2
    endloop
  endfacet
  facet normal -0.552317 -0.833634 -0
    outer loop
      vertex 5.4 73.9359 32.2
      vertex 4.98946 74.2079 2.2
      vertex 5.4 73.9359 2.2
    endloop
  endfacet
  facet normal 0.602622 0.798027 -0
    outer loop
      vertex 10.0025 80.4376 2.2
      vertex 9.60946 80.7344 32.2
      vertex 10.0025 80.4376 32.2
    endloop
  endfacet
  facet normal 0.602622 0.798027 0
    outer loop
      vertex 9.60946 80.7344 32.2
      vertex 10.0025 80.4376 2.2
      vertex 9.60946 80.7344 2.2
    endloop
  endfacet
  facet normal 0.273707 -0.961813 0
    outer loop
      vertex 8.25573 73.4926 2.2
      vertex 8.72942 73.6274 32.2
      vertex 8.25573 73.4926 32.2
    endloop
  endfacet
  facet normal 0.273707 -0.961813 0
    outer loop
      vertex 8.72942 73.6274 32.2
      vertex 8.25573 73.4926 2.2
      vertex 8.72942 73.6274 2.2
    endloop
  endfacet
  facet normal 0.273707 0.961813 -0
    outer loop
      vertex 8.72942 81.1726 2.2
      vertex 8.25573 81.3074 32.2
      vertex 8.72942 81.1726 32.2
    endloop
  endfacet
  facet normal 0.273707 0.961813 0
    outer loop
      vertex 8.25573 81.3074 32.2
      vertex 8.72942 81.1726 2.2
      vertex 8.25573 81.3074 2.2
    endloop
  endfacet
  facet normal -0.445702 0.895181 0
    outer loop
      vertex 5.84086 81.0836 2.2
      vertex 5.4 80.8641 32.2
      vertex 5.84086 81.0836 32.2
    endloop
  endfacet
  facet normal -0.445702 0.895181 0
    outer loop
      vertex 5.4 80.8641 32.2
      vertex 5.84086 81.0836 2.2
      vertex 5.4 80.8641 2.2
    endloop
  endfacet
  facet normal 0.850261 0.526362 0
    outer loop
      vertex 10.924 79.2924 32.2
      vertex 10.6648 79.7111 2.2
      vertex 10.6648 79.7111 32.2
    endloop
  endfacet
  facet normal 0.850261 0.526362 0
    outer loop
      vertex 10.6648 79.7111 2.2
      vertex 10.924 79.2924 32.2
      vertex 10.924 79.2924 2.2
    endloop
  endfacet
  facet normal 0.153305 -0.988179 0
    outer loop
      vertex 7.76907 73.4171 2.2
      vertex 8.25573 73.4926 32.2
      vertex 7.76907 73.4171 32.2
    endloop
  endfacet
  facet normal 0.153305 -0.988179 0
    outer loop
      vertex 8.25573 73.4926 32.2
      vertex 7.76907 73.4171 2.2
      vertex 8.25573 73.4926 2.2
    endloop
  endfacet
  facet normal -0.214014 -0.976831 0
    outer loop
      vertex 6.30535 73.5527 2.2
      vertex 6.78643 73.4473 32.2
      vertex 6.30535 73.5527 32.2
    endloop
  endfacet
  facet normal -0.214014 -0.976831 -0
    outer loop
      vertex 6.78643 73.4473 32.2
      vertex 6.30535 73.5527 2.2
      vertex 6.78643 73.4473 2.2
    endloop
  endfacet
  facet normal 0.696159 0.717888 -0
    outer loop
      vertex 10.356 80.0948 2.2
      vertex 10.0025 80.4376 32.2
      vertex 10.356 80.0948 32.2
    endloop
  endfacet
  facet normal 0.696159 0.717888 0
    outer loop
      vertex 10.0025 80.4376 32.2
      vertex 10.356 80.0948 2.2
      vertex 10.0025 80.4376 2.2
    endloop
  endfacet
  facet normal 0.602622 -0.798027 0
    outer loop
      vertex 9.60946 74.0656 2.2
      vertex 10.0025 74.3624 32.2
      vertex 9.60946 74.0656 32.2
    endloop
  endfacet
  facet normal 0.602622 -0.798027 0
    outer loop
      vertex 10.0025 74.3624 32.2
      vertex 9.60946 74.0656 2.2
      vertex 10.0025 74.3624 2.2
    endloop
  endfacet
  facet normal 0.779043 0.62697 0
    outer loop
      vertex 10.6648 79.7111 32.2
      vertex 10.356 80.0948 2.2
      vertex 10.356 80.0948 32.2
    endloop
  endfacet
  facet normal 0.779043 0.62697 0
    outer loop
      vertex 10.356 80.0948 2.2
      vertex 10.6648 79.7111 32.2
      vertex 10.6648 79.7111 2.2
    endloop
  endfacet
  facet normal -0.969798 -0.243911 0
    outer loop
      vertex 3.58823 76.1874 2.2
      vertex 3.46811 76.665 32.2
      vertex 3.46811 76.665 2.2
    endloop
  endfacet
  facet normal -0.969798 -0.243911 0
    outer loop
      vertex 3.46811 76.665 32.2
      vertex 3.58823 76.1874 2.2
      vertex 3.58823 76.1874 32.2
    endloop
  endfacet
  facet normal 0.779043 -0.62697 0
    outer loop
      vertex 10.356 74.7052 32.2
      vertex 10.6648 75.0889 2.2
      vertex 10.6648 75.0889 32.2
    endloop
  endfacet
  facet normal 0.779043 -0.62697 0
    outer loop
      vertex 10.6648 75.0889 2.2
      vertex 10.356 74.7052 32.2
      vertex 10.356 74.7052 2.2
    endloop
  endfacet
  facet normal -0.650708 0.759328 0
    outer loop
      vertex 4.98946 80.5921 2.2
      vertex 4.61546 80.2716 32.2
      vertex 4.98946 80.5921 32.2
    endloop
  endfacet
  facet normal -0.650708 0.759328 0
    outer loop
      vertex 4.61546 80.2716 32.2
      vertex 4.98946 80.5921 2.2
      vertex 4.61546 80.2716 2.2
    endloop
  endfacet
  facet normal -0.88102 0.473079 0
    outer loop
      vertex 3.76614 79.0718 2.2
      vertex 3.99913 79.5057 32.2
      vertex 3.99913 79.5057 2.2
    endloop
  endfacet
  facet normal -0.88102 0.473079 0
    outer loop
      vertex 3.99913 79.5057 32.2
      vertex 3.76614 79.0718 2.2
      vertex 3.76614 79.0718 32.2
    endloop
  endfacet
  facet normal 0.500083 0.865978 -0
    outer loop
      vertex 9.60946 80.7344 2.2
      vertex 9.18295 80.9807 32.2
      vertex 9.60946 80.7344 32.2
    endloop
  endfacet
  facet normal 0.500083 0.865978 0
    outer loop
      vertex 9.18295 80.9807 32.2
      vertex 9.60946 80.7344 2.2
      vertex 9.18295 80.9807 2.2
    endloop
  endfacet
  facet normal -0.650708 -0.759328 0
    outer loop
      vertex 4.61546 74.5284 2.2
      vertex 4.98946 74.2079 32.2
      vertex 4.61546 74.5284 32.2
    endloop
  endfacet
  facet normal -0.650708 -0.759328 -0
    outer loop
      vertex 4.98946 74.2079 32.2
      vertex 4.61546 74.5284 2.2
      vertex 4.98946 74.2079 2.2
    endloop
  endfacet
  facet normal 0.38985 -0.920878 0
    outer loop
      vertex 8.72942 73.6274 2.2
      vertex 9.18295 73.8194 32.2
      vertex 8.72942 73.6274 32.2
    endloop
  endfacet
  facet normal 0.38985 -0.920878 0
    outer loop
      vertex 9.18295 73.8194 32.2
      vertex 8.72942 73.6274 2.2
      vertex 9.18295 73.8194 2.2
    endloop
  endfacet
  facet normal -0.445702 -0.895181 0
    outer loop
      vertex 5.4 73.9359 2.2
      vertex 5.84086 73.7164 32.2
      vertex 5.4 73.9359 32.2
    endloop
  endfacet
  facet normal -0.445702 -0.895181 -0
    outer loop
      vertex 5.84086 73.7164 32.2
      vertex 5.4 73.9359 2.2
      vertex 5.84086 73.7164 2.2
    endloop
  endfacet
  facet normal 0.0308639 0.999524 -0
    outer loop
      vertex 7.76907 81.3829 2.2
      vertex 7.27682 81.3981 32.2
      vertex 7.76907 81.3829 32.2
    endloop
  endfacet
  facet normal 0.0308639 0.999524 0
    outer loop
      vertex 7.27682 81.3981 32.2
      vertex 7.76907 81.3829 2.2
      vertex 7.27682 81.3981 2.2
    endloop
  endfacet
  facet normal -0.992422 -0.122875 0
    outer loop
      vertex 3.46811 76.665 2.2
      vertex 3.40759 77.1538 32.2
      vertex 3.40759 77.1538 2.2
    endloop
  endfacet
  facet normal -0.992422 -0.122875 0
    outer loop
      vertex 3.40759 77.1538 32.2
      vertex 3.46811 76.665 2.2
      vertex 3.46811 76.665 32.2
    endloop
  endfacet
  facet normal 0.952939 -0.303162 0
    outer loop
      vertex 11.1299 75.955 32.2
      vertex 11.2792 76.4243 2.2
      vertex 11.2792 76.4243 32.2
    endloop
  endfacet
  facet normal 0.952939 -0.303162 0
    outer loop
      vertex 11.2792 76.4243 2.2
      vertex 11.1299 75.955 32.2
      vertex 11.1299 75.955 2.2
    endloop
  endfacet
  facet normal 0 0 1
    outer loop
      vertex 8.7 77.4 32.2
      vertex 11.4 77.4 32.2
      vertex 11.3697 77.8916 32.2
    endloop
  endfacet
  facet normal 0 0 1
    outer loop
      vertex 8.7 77.4 32.2
      vertex 11.3697 77.8916 32.2
      vertex 11.2792 78.3757 32.2
    endloop
  endfacet
  facet normal 0 0 1
    outer loop
      vertex 11.4 77.4 32.2
      vertex 8.7 77.4 32.2
      vertex 11.3697 76.9084 32.2
    endloop
  endfacet
  facet normal 0 0 1
    outer loop
      vertex 8.61221 77.8696 32.2
      vertex 11.2792 78.3757 32.2
      vertex 11.1299 78.845 32.2
    endloop
  endfacet
  facet normal 0 0 1
    outer loop
      vertex 11.3697 76.9084 32.2
      vertex 8.7 77.4 32.2
      vertex 11.2792 76.4243 32.2
    endloop
  endfacet
  facet normal 0 0 1
    outer loop
      vertex 8.61221 77.8696 32.2
      vertex 11.1299 78.845 32.2
      vertex 10.924 79.2924 32.2
    endloop
  endfacet
  facet normal -0 0 1
    outer loop
      vertex 8.61221 76.9304 32.2
      vertex 11.2792 76.4243 32.2
      vertex 8.7 77.4 32.2
    endloop
  endfacet
  facet normal 0 0 1
    outer loop
      vertex 8.61221 77.8696 32.2
      vertex 10.924 79.2924 32.2
      vertex 10.6648 79.7111 32.2
    endloop
  endfacet
  facet normal 0 0 1
    outer loop
      vertex 11.2792 76.4243 32.2
      vertex 8.61221 76.9304 32.2
      vertex 11.1299 75.955 32.2
    endloop
  endfacet
  facet normal 0 0 1
    outer loop
      vertex 8.36071 78.2758 32.2
      vertex 10.6648 79.7111 32.2
      vertex 10.356 80.0948 32.2
    endloop
  endfacet
  facet normal 0 0 1
    outer loop
      vertex 11.1299 75.955 32.2
      vertex 8.61221 76.9304 32.2
      vertex 10.924 75.5076 32.2
    endloop
  endfacet
  facet normal 0 0 1
    outer loop
      vertex 8.36071 78.2758 32.2
      vertex 10.356 80.0948 32.2
      vertex 10.0025 80.4376 32.2
    endloop
  endfacet
  facet normal 0 0 1
    outer loop
      vertex 10.924 75.5076 32.2
      vertex 8.61221 76.9304 32.2
      vertex 10.6648 75.0889 32.2
    endloop
  endfacet
  facet normal 0 0 1
    outer loop
      vertex 8.36071 78.2758 32.2
      vertex 10.0025 80.4376 32.2
      vertex 9.60946 80.7344 32.2
    endloop
  endfacet
  facet normal -0 0 1
    outer loop
      vertex 8.36071 76.5242 32.2
      vertex 10.6648 75.0889 32.2
      vertex 8.61221 76.9304 32.2
    endloop
  endfacet
  facet normal 0 0 1
    outer loop
      vertex 7.97946 78.5637 32.2
      vertex 9.60946 80.7344 32.2
      vertex 9.18295 80.9807 32.2
    endloop
  endfacet
  facet normal 0 0 1
    outer loop
      vertex 10.6648 75.0889 32.2
      vertex 8.36071 76.5242 32.2
      vertex 10.356 74.7052 32.2
    endloop
  endfacet
  facet normal 0 0 1
    outer loop
      vertex 7.97946 78.5637 32.2
      vertex 9.18295 80.9807 32.2
      vertex 8.72942 81.1726 32.2
    endloop
  endfacet
  facet normal 0 0 1
    outer loop
      vertex 10.356 74.7052 32.2
      vertex 8.36071 76.5242 32.2
      vertex 10.0025 74.3624 32.2
    endloop
  endfacet
  facet normal 0 0 1
    outer loop
      vertex 10.0025 74.3624 32.2
      vertex 8.36071 76.5242 32.2
      vertex 9.60946 74.0656 32.2
    endloop
  endfacet
  facet normal 0 0 1
    outer loop
      vertex 11.2792 78.3757 32.2
      vertex 8.61221 77.8696 32.2
      vertex 8.7 77.4 32.2
    endloop
  endfacet
  facet normal 0 0 1
    outer loop
      vertex 10.6648 79.7111 32.2
      vertex 8.36071 78.2758 32.2
      vertex 8.61221 77.8696 32.2
    endloop
  endfacet
  facet normal 0 0 1
    outer loop
      vertex 7.97946 78.5637 32.2
      vertex 8.72942 81.1726 32.2
      vertex 8.25573 81.3074 32.2
    endloop
  endfacet
  facet normal 0 0 1
    outer loop
      vertex 9.60946 80.7344 32.2
      vertex 7.97946 78.5637 32.2
      vertex 8.36071 78.2758 32.2
    endloop
  endfacet
  facet normal 0 0 1
    outer loop
      vertex 7.51995 78.6945 32.2
      vertex 8.25573 81.3074 32.2
      vertex 7.76907 81.3829 32.2
    endloop
  endfacet
  facet normal 0 0 1
    outer loop
      vertex 8.25573 81.3074 32.2
      vertex 7.51995 78.6945 32.2
      vertex 7.97946 78.5637 32.2
    endloop
  endfacet
  facet normal 0 0 1
    outer loop
      vertex 7.27682 81.3981 32.2
      vertex 7.51995 78.6945 32.2
      vertex 7.76907 81.3829 32.2
    endloop
  endfacet
  facet normal 0 0 1
    outer loop
      vertex 7.27682 81.3981 32.2
      vertex 7.04424 78.6504 32.2
      vertex 7.51995 78.6945 32.2
    endloop
  endfacet
  facet normal -0 0 1
    outer loop
      vertex 6.78643 81.3527 32.2
      vertex 7.04424 78.6504 32.2
      vertex 7.27682 81.3981 32.2
    endloop
  endfacet
  facet normal -0 0 1
    outer loop
      vertex 6.30535 81.2473 32.2
      vertex 7.04424 78.6504 32.2
      vertex 6.78643 81.3527 32.2
    endloop
  endfacet
  facet normal -0 0 1
    outer loop
      vertex 5.84086 81.0836 32.2
      vertex 7.04424 78.6504 32.2
      vertex 6.30535 81.2473 32.2
    endloop
  endfacet
  facet normal 0 0 1
    outer loop
      vertex 7.04424 78.6504 32.2
      vertex 5.84086 81.0836 32.2
      vertex 6.61658 78.4374 32.2
    endloop
  endfacet
  facet normal -0 0 1
    outer loop
      vertex 5.4 80.8641 32.2
      vertex 6.61658 78.4374 32.2
      vertex 5.84086 81.0836 32.2
    endloop
  endfacet
  facet normal -0 0 1
    outer loop
      vertex 4.61546 80.2716 32.2
      vertex 6.61658 78.4374 32.2
      vertex 4.98946 80.5921 32.2
    endloop
  endfacet
  facet normal -0 0 1
    outer loop
      vertex 4.98946 80.5921 32.2
      vertex 6.61658 78.4374 32.2
      vertex 5.4 80.8641 32.2
    endloop
  endfacet
  facet normal -0 0 1
    outer loop
      vertex 7.97946 76.2363 32.2
      vertex 9.60946 74.0656 32.2
      vertex 8.36071 76.5242 32.2
    endloop
  endfacet
  facet normal 0 0 1
    outer loop
      vertex 9.60946 74.0656 32.2
      vertex 7.97946 76.2363 32.2
      vertex 9.18295 73.8194 32.2
    endloop
  endfacet
  facet normal 0 0 1
    outer loop
      vertex 9.18295 73.8194 32.2
      vertex 7.97946 76.2363 32.2
      vertex 8.72942 73.6274 32.2
    endloop
  endfacet
  facet normal 0 0 1
    outer loop
      vertex 8.72942 73.6274 32.2
      vertex 7.97946 76.2363 32.2
      vertex 8.25573 73.4926 32.2
    endloop
  endfacet
  facet normal -0 0 1
    outer loop
      vertex 7.51995 76.1055 32.2
      vertex 8.25573 73.4926 32.2
      vertex 7.97946 76.2363 32.2
    endloop
  endfacet
  facet normal 0 0 1
    outer loop
      vertex 8.25573 73.4926 32.2
      vertex 7.51995 76.1055 32.2
      vertex 7.76907 73.4171 32.2
    endloop
  endfacet
  facet normal 0 0 1
    outer loop
      vertex 7.51995 76.1055 32.2
      vertex 7.27682 73.4019 32.2
      vertex 7.76907 73.4171 32.2
    endloop
  endfacet
  facet normal 0 0 1
    outer loop
      vertex 7.04424 76.1496 32.2
      vertex 7.27682 73.4019 32.2
      vertex 7.51995 76.1055 32.2
    endloop
  endfacet
  facet normal 0 0 1
    outer loop
      vertex 7.04424 76.1496 32.2
      vertex 6.78643 73.4473 32.2
      vertex 7.27682 73.4019 32.2
    endloop
  endfacet
  facet normal 0 0 1
    outer loop
      vertex 5.84086 73.7164 32.2
      vertex 7.04424 76.1496 32.2
      vertex 6.61658 76.3626 32.2
    endloop
  endfacet
  facet normal 0 0 1
    outer loop
      vertex 7.04424 76.1496 32.2
      vertex 6.30535 73.5527 32.2
      vertex 6.78643 73.4473 32.2
    endloop
  endfacet
  facet normal 0 0 1
    outer loop
      vertex 4.61546 74.5284 32.2
      vertex 6.61658 76.3626 32.2
      vertex 6.29472 76.7156 32.2
    endloop
  endfacet
  facet normal 0 0 1
    outer loop
      vertex 3.76614 75.7282 32.2
      vertex 6.29472 76.7156 32.2
      vertex 6.12214 77.1611 32.2
    endloop
  endfacet
  facet normal 0 0 1
    outer loop
      vertex 6.61658 78.4374 32.2
      vertex 4.61546 80.2716 32.2
      vertex 6.29472 78.0844 32.2
    endloop
  endfacet
  facet normal 0 0 1
    outer loop
      vertex 7.04424 76.1496 32.2
      vertex 5.84086 73.7164 32.2
      vertex 6.30535 73.5527 32.2
    endloop
  endfacet
  facet normal -0 0 1
    outer loop
      vertex 4.28368 79.9077 32.2
      vertex 6.29472 78.0844 32.2
      vertex 4.61546 80.2716 32.2
    endloop
  endfacet
  facet normal 0 0 1
    outer loop
      vertex 6.61658 76.3626 32.2
      vertex 5.4 73.9359 32.2
      vertex 5.84086 73.7164 32.2
    endloop
  endfacet
  facet normal -0 0 1
    outer loop
      vertex 3.99913 79.5057 32.2
      vertex 6.29472 78.0844 32.2
      vertex 4.28368 79.9077 32.2
    endloop
  endfacet
  facet normal 0 0 1
    outer loop
      vertex 6.61658 76.3626 32.2
      vertex 4.98946 74.2079 32.2
      vertex 5.4 73.9359 32.2
    endloop
  endfacet
  facet normal -0 0 1
    outer loop
      vertex 3.76614 79.0718 32.2
      vertex 6.29472 78.0844 32.2
      vertex 3.99913 79.5057 32.2
    endloop
  endfacet
  facet normal 0 0 1
    outer loop
      vertex 6.61658 76.3626 32.2
      vertex 4.61546 74.5284 32.2
      vertex 4.98946 74.2079 32.2
    endloop
  endfacet
  facet normal 0 0 1
    outer loop
      vertex 6.29472 78.0844 32.2
      vertex 3.76614 79.0718 32.2
      vertex 6.12214 77.6389 32.2
    endloop
  endfacet
  facet normal 0 0 1
    outer loop
      vertex 6.29472 76.7156 32.2
      vertex 4.28368 74.8923 32.2
      vertex 4.61546 74.5284 32.2
    endloop
  endfacet
  facet normal -0 0 1
    outer loop
      vertex 3.58823 78.6126 32.2
      vertex 6.12214 77.6389 32.2
      vertex 3.76614 79.0718 32.2
    endloop
  endfacet
  facet normal 0 0 1
    outer loop
      vertex 6.29472 76.7156 32.2
      vertex 3.99913 75.2943 32.2
      vertex 4.28368 74.8923 32.2
    endloop
  endfacet
  facet normal -0 0 1
    outer loop
      vertex 3.46811 78.135 32.2
      vertex 6.12214 77.6389 32.2
      vertex 3.58823 78.6126 32.2
    endloop
  endfacet
  facet normal 0 0 1
    outer loop
      vertex 6.29472 76.7156 32.2
      vertex 3.76614 75.7282 32.2
      vertex 3.99913 75.2943 32.2
    endloop
  endfacet
  facet normal -0 0 1
    outer loop
      vertex 3.40759 77.6462 32.2
      vertex 6.12214 77.6389 32.2
      vertex 3.46811 78.135 32.2
    endloop
  endfacet
  facet normal 0 0 1
    outer loop
      vertex 6.12214 77.1611 32.2
      vertex 3.58823 76.1874 32.2
      vertex 3.76614 75.7282 32.2
    endloop
  endfacet
  facet normal 0 0 1
    outer loop
      vertex 6.12214 77.6389 32.2
      vertex 3.40759 77.6462 32.2
      vertex 6.12214 77.1611 32.2
    endloop
  endfacet
  facet normal 0 0 1
    outer loop
      vertex 6.12214 77.1611 32.2
      vertex 3.46811 76.665 32.2
      vertex 3.58823 76.1874 32.2
    endloop
  endfacet
  facet normal 0 0 1
    outer loop
      vertex 3.40759 77.1538 32.2
      vertex 6.12214 77.1611 32.2
      vertex 3.40759 77.6462 32.2
    endloop
  endfacet
  facet normal 0 0 1
    outer loop
      vertex 6.12214 77.1611 32.2
      vertex 3.40759 77.1538 32.2
      vertex 3.46811 76.665 32.2
    endloop
  endfacet
  facet normal -0.88102 -0.473079 0
    outer loop
      vertex 3.99913 75.2943 2.2
      vertex 3.76614 75.7282 32.2
      vertex 3.76614 75.7282 2.2
    endloop
  endfacet
  facet normal -0.88102 -0.473079 0
    outer loop
      vertex 3.76614 75.7282 32.2
      vertex 3.99913 75.2943 2.2
      vertex 3.99913 75.2943 32.2
    endloop
  endfacet
  facet normal -0.969798 0.243911 0
    outer loop
      vertex 3.46811 78.135 2.2
      vertex 3.58823 78.6126 32.2
      vertex 3.58823 78.6126 2.2
    endloop
  endfacet
  facet normal -0.969798 0.243911 0
    outer loop
      vertex 3.58823 78.6126 32.2
      vertex 3.46811 78.135 2.2
      vertex 3.46811 78.135 32.2
    endloop
  endfacet
  facet normal -0.332391 0.943142 0
    outer loop
      vertex 6.30535 81.2473 2.2
      vertex 5.84086 81.0836 32.2
      vertex 6.30535 81.2473 32.2
    endloop
  endfacet
  facet normal -0.332391 0.943142 0
    outer loop
      vertex 5.84086 81.0836 32.2
      vertex 6.30535 81.2473 2.2
      vertex 5.84086 81.0836 2.2
    endloop
  endfacet
  facet normal 0.696159 -0.717888 0
    outer loop
      vertex 10.0025 74.3624 2.2
      vertex 10.356 74.7052 32.2
      vertex 10.0025 74.3624 32.2
    endloop
  endfacet
  facet normal 0.696159 -0.717888 0
    outer loop
      vertex 10.356 74.7052 32.2
      vertex 10.0025 74.3624 2.2
      vertex 10.356 74.7052 2.2
    endloop
  endfacet
  facet normal -0.738967 -0.673741 0
    outer loop
      vertex 4.61546 74.5284 2.2
      vertex 4.28368 74.8923 32.2
      vertex 4.28368 74.8923 2.2
    endloop
  endfacet
  facet normal -0.738967 -0.673741 0
    outer loop
      vertex 4.28368 74.8923 32.2
      vertex 4.61546 74.5284 2.2
      vertex 4.61546 74.5284 32.2
    endloop
  endfacet
  facet normal 0.153305 0.988179 -0
    outer loop
      vertex 8.25573 81.3074 2.2
      vertex 7.76907 81.3829 32.2
      vertex 8.25573 81.3074 32.2
    endloop
  endfacet
  facet normal 0.153305 0.988179 0
    outer loop
      vertex 7.76907 81.3829 32.2
      vertex 8.25573 81.3074 2.2
      vertex 7.76907 81.3829 2.2
    endloop
  endfacet
  facet normal -0.932462 -0.361268 0
    outer loop
      vertex 3.76614 75.7282 2.2
      vertex 3.58823 76.1874 32.2
      vertex 3.58823 76.1874 2.2
    endloop
  endfacet
  facet normal -0.932462 -0.361268 0
    outer loop
      vertex 3.58823 76.1874 32.2
      vertex 3.76614 75.7282 2.2
      vertex 3.76614 75.7282 32.2
    endloop
  endfacet
  facet normal -0.816216 -0.577747 0
    outer loop
      vertex 4.28368 74.8923 2.2
      vertex 3.99913 75.2943 32.2
      vertex 3.99913 75.2943 2.2
    endloop
  endfacet
  facet normal -0.816216 -0.577747 0
    outer loop
      vertex 3.99913 75.2943 32.2
      vertex 4.28368 74.8923 2.2
      vertex 4.28368 74.8923 32.2
    endloop
  endfacet
  facet normal 0.0308639 -0.999524 0
    outer loop
      vertex 7.27682 73.4019 2.2
      vertex 7.76907 73.4171 32.2
      vertex 7.27682 73.4019 32.2
    endloop
  endfacet
  facet normal 0.0308639 -0.999524 0
    outer loop
      vertex 7.76907 73.4171 32.2
      vertex 7.27682 73.4019 2.2
      vertex 7.76907 73.4171 2.2
    endloop
  endfacet
  facet normal -0.552317 0.833634 0
    outer loop
      vertex 5.4 80.8641 2.2
      vertex 4.98946 80.5921 32.2
      vertex 5.4 80.8641 32.2
    endloop
  endfacet
  facet normal -0.552317 0.833634 0
    outer loop
      vertex 4.98946 80.5921 32.2
      vertex 5.4 80.8641 2.2
      vertex 4.98946 80.5921 2.2
    endloop
  endfacet
  facet normal -0.992422 0.122875 0
    outer loop
      vertex 3.40759 77.6462 2.2
      vertex 3.46811 78.135 32.2
      vertex 3.46811 78.135 2.2
    endloop
  endfacet
  facet normal -0.992422 0.122875 0
    outer loop
      vertex 3.46811 78.135 32.2
      vertex 3.40759 77.6462 2.2
      vertex 3.40759 77.6462 32.2
    endloop
  endfacet
  facet normal -0.0921852 0.995742 0
    outer loop
      vertex 7.27682 81.3981 2.2
      vertex 6.78643 81.3527 32.2
      vertex 7.27682 81.3981 32.2
    endloop
  endfacet
  facet normal -0.0921852 0.995742 0
    outer loop
      vertex 6.78643 81.3527 32.2
      vertex 7.27682 81.3981 2.2
      vertex 6.78643 81.3527 2.2
    endloop
  endfacet
  facet normal 0.49993 -0.866066 0
    outer loop
      vertex 9.18295 73.8194 2.2
      vertex 9.60946 74.0656 32.2
      vertex 9.18295 73.8194 32.2
    endloop
  endfacet
  facet normal 0.49993 -0.866066 0
    outer loop
      vertex 9.60946 74.0656 32.2
      vertex 9.18295 73.8194 2.2
      vertex 9.60946 74.0656 2.2
    endloop
  endfacet
  facet normal -1 0 0
    outer loop
      vertex 3.40759 77.1538 2.2
      vertex 3.40759 77.6462 32.2
      vertex 3.40759 77.6462 2.2
    endloop
  endfacet
  facet normal -1 -0 0
    outer loop
      vertex 3.40759 77.6462 32.2
      vertex 3.40759 77.1538 2.2
      vertex 3.40759 77.1538 32.2
    endloop
  endfacet
  facet normal -0.932462 0.361268 0
    outer loop
      vertex 3.58823 78.6126 2.2
      vertex 3.76614 79.0718 32.2
      vertex 3.76614 79.0718 2.2
    endloop
  endfacet
  facet normal -0.932462 0.361268 0
    outer loop
      vertex 3.76614 79.0718 32.2
      vertex 3.58823 78.6126 2.2
      vertex 3.58823 78.6126 32.2
    endloop
  endfacet
  facet normal -0.332391 -0.943142 0
    outer loop
      vertex 5.84086 73.7164 2.2
      vertex 6.30535 73.5527 32.2
      vertex 5.84086 73.7164 32.2
    endloop
  endfacet
  facet normal -0.332391 -0.943142 -0
    outer loop
      vertex 6.30535 73.5527 32.2
      vertex 5.84086 73.7164 2.2
      vertex 6.30535 73.5527 2.2
    endloop
  endfacet
  facet normal -0.850225 -0.526419 0
    outer loop
      vertex 8.61221 77.8696 20
      vertex 8.36071 78.2758 32.2
      vertex 8.36071 78.2758 20
    endloop
  endfacet
  facet normal -0.850225 -0.526419 0
    outer loop
      vertex 8.36071 78.2758 32.2
      vertex 8.61221 77.8696 20
      vertex 8.61221 77.8696 32.2
    endloop
  endfacet
  facet normal -0.982971 -0.183763 0
    outer loop
      vertex 8.7 77.4 20
      vertex 8.61221 77.8696 32.2
      vertex 8.61221 77.8696 20
    endloop
  endfacet
  facet normal -0.982971 -0.183763 0
    outer loop
      vertex 8.61221 77.8696 32.2
      vertex 8.7 77.4 20
      vertex 8.7 77.4 32.2
    endloop
  endfacet
  facet normal -0.602626 -0.798024 0
    outer loop
      vertex 7.97946 78.5637 20
      vertex 8.36071 78.2758 32.2
      vertex 7.97946 78.5637 32.2
    endloop
  endfacet
  facet normal -0.602626 -0.798024 -0
    outer loop
      vertex 8.36071 78.2758 32.2
      vertex 7.97946 78.5637 20
      vertex 8.36071 78.2758 20
    endloop
  endfacet
  facet normal -0.982971 0.183763 0
    outer loop
      vertex 8.61221 76.9304 20
      vertex 8.7 77.4 32.2
      vertex 8.7 77.4 20
    endloop
  endfacet
  facet normal -0.982971 0.183763 0
    outer loop
      vertex 8.7 77.4 32.2
      vertex 8.61221 76.9304 20
      vertex 8.61221 76.9304 32.2
    endloop
  endfacet
  facet normal 0.0923077 -0.995731 0
    outer loop
      vertex 7.04424 78.6504 20
      vertex 7.51995 78.6945 32.2
      vertex 7.04424 78.6504 32.2
    endloop
  endfacet
  facet normal 0.0923077 -0.995731 0
    outer loop
      vertex 7.51995 78.6945 32.2
      vertex 7.04424 78.6504 20
      vertex 7.51995 78.6945 20
    endloop
  endfacet
  facet normal -0.850225 0.526419 0
    outer loop
      vertex 8.36071 76.5242 20
      vertex 8.61221 76.9304 32.2
      vertex 8.61221 76.9304 20
    endloop
  endfacet
  facet normal -0.850225 0.526419 0
    outer loop
      vertex 8.61221 76.9304 32.2
      vertex 8.36071 76.5242 20
      vertex 8.36071 76.5242 32.2
    endloop
  endfacet
  facet normal -0.273776 -0.961794 0
    outer loop
      vertex 7.51995 78.6945 20
      vertex 7.97946 78.5637 32.2
      vertex 7.51995 78.6945 32.2
    endloop
  endfacet
  facet normal -0.273776 -0.961794 -0
    outer loop
      vertex 7.97946 78.5637 32.2
      vertex 7.51995 78.6945 20
      vertex 7.97946 78.5637 20
    endloop
  endfacet
  facet normal 0.738948 -0.673762 0
    outer loop
      vertex 6.29472 78.0844 32.2
      vertex 6.61658 78.4374 20
      vertex 6.61658 78.4374 32.2
    endloop
  endfacet
  facet normal 0.738948 -0.673762 0
    outer loop
      vertex 6.61658 78.4374 20
      vertex 6.29472 78.0844 32.2
      vertex 6.29472 78.0844 20
    endloop
  endfacet
  facet normal 0.0923077 0.995731 -0
    outer loop
      vertex 7.51995 76.1055 20
      vertex 7.04424 76.1496 32.2
      vertex 7.51995 76.1055 32.2
    endloop
  endfacet
  facet normal 0.0923077 0.995731 0
    outer loop
      vertex 7.04424 76.1496 32.2
      vertex 7.51995 76.1055 20
      vertex 7.04424 76.1496 20
    endloop
  endfacet
  facet normal -0.273776 0.961794 0
    outer loop
      vertex 7.97946 76.2363 20
      vertex 7.51995 76.1055 32.2
      vertex 7.97946 76.2363 32.2
    endloop
  endfacet
  facet normal -0.273776 0.961794 0
    outer loop
      vertex 7.51995 76.1055 32.2
      vertex 7.97946 76.2363 20
      vertex 7.51995 76.1055 20
    endloop
  endfacet
  facet normal -0.602626 0.798024 0
    outer loop
      vertex 8.36071 76.5242 20
      vertex 7.97946 76.2363 32.2
      vertex 8.36071 76.5242 32.2
    endloop
  endfacet
  facet normal -0.602626 0.798024 0
    outer loop
      vertex 7.97946 76.2363 32.2
      vertex 8.36071 76.5242 20
      vertex 7.97946 76.2363 20
    endloop
  endfacet
  facet normal 1 -0 0
    outer loop
      vertex 6.12214 77.1611 32.2
      vertex 6.12214 77.6389 20
      vertex 6.12214 77.6389 32.2
    endloop
  endfacet
  facet normal 1 0 0
    outer loop
      vertex 6.12214 77.6389 20
      vertex 6.12214 77.1611 32.2
      vertex 6.12214 77.1611 20
    endloop
  endfacet
  facet normal 0.738948 0.673762 0
    outer loop
      vertex 6.61658 76.3626 32.2
      vertex 6.29472 76.7156 20
      vertex 6.29472 76.7156 32.2
    endloop
  endfacet
  facet normal 0.738948 0.673762 0
    outer loop
      vertex 6.29472 76.7156 20
      vertex 6.61658 76.3626 32.2
      vertex 6.61658 76.3626 20
    endloop
  endfacet
  facet normal 0.445823 -0.895121 0
    outer loop
      vertex 6.61658 78.4374 20
      vertex 7.04424 78.6504 32.2
      vertex 6.61658 78.4374 32.2
    endloop
  endfacet
  facet normal 0.445823 -0.895121 0
    outer loop
      vertex 7.04424 78.6504 32.2
      vertex 6.61658 78.4374 20
      vertex 7.04424 78.6504 20
    endloop
  endfacet
  facet normal 0.932478 -0.361228 0
    outer loop
      vertex 6.12214 77.6389 32.2
      vertex 6.29472 78.0844 20
      vertex 6.29472 78.0844 32.2
    endloop
  endfacet
  facet normal 0.932478 -0.361228 0
    outer loop
      vertex 6.29472 78.0844 20
      vertex 6.12214 77.6389 32.2
      vertex 6.12214 77.6389 20
    endloop
  endfacet
  facet normal 0.932478 0.361228 0
    outer loop
      vertex 6.29472 76.7156 32.2
      vertex 6.12214 77.1611 20
      vertex 6.12214 77.1611 32.2
    endloop
  endfacet
  facet normal 0.932478 0.361228 0
    outer loop
      vertex 6.12214 77.1611 20
      vertex 6.29472 76.7156 32.2
      vertex 6.29472 76.7156 20
    endloop
  endfacet
  facet normal 0 0 1
    outer loop
      vertex 8.61221 77.8696 20
      vertex 8.61221 76.9304 20
      vertex 8.7 77.4 20
    endloop
  endfacet
  facet normal 0 0 1
    outer loop
      vertex 8.36071 78.2758 20
      vertex 8.61221 76.9304 20
      vertex 8.61221 77.8696 20
    endloop
  endfacet
  facet normal 0 0 1
    outer loop
      vertex 8.36071 78.2758 20
      vertex 8.36071 76.5242 20
      vertex 8.61221 76.9304 20
    endloop
  endfacet
  facet normal 0 0 1
    outer loop
      vertex 7.97946 78.5637 20
      vertex 8.36071 76.5242 20
      vertex 8.36071 78.2758 20
    endloop
  endfacet
  facet normal 0 0 1
    outer loop
      vertex 7.97946 78.5637 20
      vertex 7.97946 76.2363 20
      vertex 8.36071 76.5242 20
    endloop
  endfacet
  facet normal 0 0 1
    outer loop
      vertex 7.51995 78.6945 20
      vertex 7.97946 76.2363 20
      vertex 7.97946 78.5637 20
    endloop
  endfacet
  facet normal 0 0 1
    outer loop
      vertex 7.51995 78.6945 20
      vertex 7.51995 76.1055 20
      vertex 7.97946 76.2363 20
    endloop
  endfacet
  facet normal -0 0 1
    outer loop
      vertex 7.04424 78.6504 20
      vertex 7.51995 76.1055 20
      vertex 7.51995 78.6945 20
    endloop
  endfacet
  facet normal 0 0 1
    outer loop
      vertex 7.04424 78.6504 20
      vertex 7.04424 76.1496 20
      vertex 7.51995 76.1055 20
    endloop
  endfacet
  facet normal -0 0 1
    outer loop
      vertex 6.61658 78.4374 20
      vertex 7.04424 76.1496 20
      vertex 7.04424 78.6504 20
    endloop
  endfacet
  facet normal 0 0 1
    outer loop
      vertex 6.61658 78.4374 20
      vertex 6.61658 76.3626 20
      vertex 7.04424 76.1496 20
    endloop
  endfacet
  facet normal -0 0 1
    outer loop
      vertex 6.29472 78.0844 20
      vertex 6.61658 76.3626 20
      vertex 6.61658 78.4374 20
    endloop
  endfacet
  facet normal 0 0 1
    outer loop
      vertex 6.29472 78.0844 20
      vertex 6.29472 76.7156 20
      vertex 6.61658 76.3626 20
    endloop
  endfacet
  facet normal -0 0 1
    outer loop
      vertex 6.12214 77.6389 20
      vertex 6.29472 76.7156 20
      vertex 6.29472 78.0844 20
    endloop
  endfacet
  facet normal 0 0 1
    outer loop
      vertex 6.29472 76.7156 20
      vertex 6.12214 77.6389 20
      vertex 6.12214 77.1611 20
    endloop
  endfacet
  facet normal 0.445823 0.895121 -0
    outer loop
      vertex 7.04424 76.1496 20
      vertex 6.61658 76.3626 32.2
      vertex 7.04424 76.1496 32.2
    endloop
  endfacet
  facet normal 0.445823 0.895121 0
    outer loop
      vertex 6.61658 76.3626 32.2
      vertex 7.04424 76.1496 20
      vertex 6.61658 76.3626 20
    endloop
  endfacet
  facet normal 0.982787 0.184742 0
    outer loop
      vertex 126.37 7.89155 32.2
      vertex 126.279 8.37565 2.2
      vertex 126.279 8.37565 32.2
    endloop
  endfacet
  facet normal 0.982787 0.184742 0
    outer loop
      vertex 126.279 8.37565 2.2
      vertex 126.37 7.89155 32.2
      vertex 126.37 7.89155 2.2
    endloop
  endfacet
  facet normal 0.998143 0.0609181 0
    outer loop
      vertex 126.4 7.4 32.2
      vertex 126.37 7.89155 2.2
      vertex 126.37 7.89155 32.2
    endloop
  endfacet
  facet normal 0.998143 0.0609181 0
    outer loop
      vertex 126.37 7.89155 2.2
      vertex 126.4 7.4 32.2
      vertex 126.4 7.4 2.2
    endloop
  endfacet
  facet normal 0.953119 0.302597 0
    outer loop
      vertex 126.279 8.37565 32.2
      vertex 126.13 8.84497 2.2
      vertex 126.13 8.84497 32.2
    endloop
  endfacet
  facet normal 0.953119 0.302597 0
    outer loop
      vertex 126.13 8.84497 2.2
      vertex 126.279 8.37565 32.2
      vertex 126.279 8.37565 2.2
    endloop
  endfacet
  facet normal 0.850459 -0.526041 0
    outer loop
      vertex 125.665 5.0889 32.2
      vertex 125.924 5.50763 2.2
      vertex 125.924 5.50763 32.2
    endloop
  endfacet
  facet normal 0.850459 -0.526041 0
    outer loop
      vertex 125.924 5.50763 2.2
      vertex 125.665 5.0889 32.2
      vertex 125.665 5.0889 2.2
    endloop
  endfacet
  facet normal 0.389336 0.921096 -0
    outer loop
      vertex 124.183 10.9807 2.2
      vertex 123.729 11.1726 32.2
      vertex 124.183 10.9807 32.2
    endloop
  endfacet
  facet normal 0.389336 0.921096 0
    outer loop
      vertex 123.729 11.1726 32.2
      vertex 124.183 10.9807 2.2
      vertex 123.729 11.1726 2.2
    endloop
  endfacet
  facet normal 0.982787 -0.184742 0
    outer loop
      vertex 126.279 6.42435 32.2
      vertex 126.37 6.90845 2.2
      vertex 126.37 6.90845 32.2
    endloop
  endfacet
  facet normal 0.982787 -0.184742 0
    outer loop
      vertex 126.37 6.90845 2.2
      vertex 126.279 6.42435 32.2
      vertex 126.279 6.42435 2.2
    endloop
  endfacet
  facet normal 0.998143 -0.0609181 0
    outer loop
      vertex 126.37 6.90845 32.2
      vertex 126.4 7.4 2.2
      vertex 126.4 7.4 32.2
    endloop
  endfacet
  facet normal 0.998143 -0.0609181 0
    outer loop
      vertex 126.4 7.4 2.2
      vertex 126.37 6.90845 32.2
      vertex 126.37 6.90845 2.2
    endloop
  endfacet
  facet normal 0.908339 0.418234 0
    outer loop
      vertex 126.13 8.84497 32.2
      vertex 125.924 9.29237 2.2
      vertex 125.924 9.29237 32.2
    endloop
  endfacet
  facet normal 0.908339 0.418234 0
    outer loop
      vertex 125.924 9.29237 2.2
      vertex 126.13 8.84497 32.2
      vertex 126.13 8.84497 2.2
    endloop
  endfacet
  facet normal -0.214048 0.976823 0
    outer loop
      vertex 121.786 11.3527 2.2
      vertex 121.305 11.2473 32.2
      vertex 121.786 11.3527 32.2
    endloop
  endfacet
  facet normal -0.214048 0.976823 0
    outer loop
      vertex 121.305 11.2473 32.2
      vertex 121.786 11.3527 2.2
      vertex 121.305 11.2473 2.2
    endloop
  endfacet
  facet normal -0.092152 -0.995745 0
    outer loop
      vertex 121.786 3.44734 2.2
      vertex 122.277 3.4019 32.2
      vertex 121.786 3.44734 32.2
    endloop
  endfacet
  facet normal -0.092152 -0.995745 -0
    outer loop
      vertex 122.277 3.4019 32.2
      vertex 121.786 3.44734 2.2
      vertex 122.277 3.4019 2.2
    endloop
  endfacet
  facet normal 0.908339 -0.418234 0
    outer loop
      vertex 125.924 5.50763 32.2
      vertex 126.13 5.95503 2.2
      vertex 126.13 5.95503 32.2
    endloop
  endfacet
  facet normal 0.908339 -0.418234 0
    outer loop
      vertex 126.13 5.95503 2.2
      vertex 125.924 5.50763 32.2
      vertex 125.924 5.50763 2.2
    endloop
  endfacet
  facet normal -0.739765 0.672865 0
    outer loop
      vertex 119.284 9.90769 2.2
      vertex 119.615 10.2716 32.2
      vertex 119.615 10.2716 2.2
    endloop
  endfacet
  facet normal -0.739765 0.672865 0
    outer loop
      vertex 119.615 10.2716 32.2
      vertex 119.284 9.90769 2.2
      vertex 119.284 9.90769 32.2
    endloop
  endfacet
  facet normal -0.815758 0.578393 0
    outer loop
      vertex 118.999 9.50573 2.2
      vertex 119.284 9.90769 32.2
      vertex 119.284 9.90769 2.2
    endloop
  endfacet
  facet normal -0.815758 0.578393 0
    outer loop
      vertex 119.284 9.90769 32.2
      vertex 118.999 9.50573 2.2
      vertex 118.999 9.50573 32.2
    endloop
  endfacet
  facet normal -0.55193 -0.83389 0
    outer loop
      vertex 119.989 4.20793 2.2
      vertex 120.4 3.9359 32.2
      vertex 119.989 4.20793 32.2
    endloop
  endfacet
  facet normal -0.55193 -0.83389 -0
    outer loop
      vertex 120.4 3.9359 32.2
      vertex 119.989 4.20793 2.2
      vertex 120.4 3.9359 2.2
    endloop
  endfacet
  facet normal 0.602661 0.797998 -0
    outer loop
      vertex 125.002 10.4376 2.2
      vertex 124.609 10.7344 32.2
      vertex 125.002 10.4376 32.2
    endloop
  endfacet
  facet normal 0.602661 0.797998 0
    outer loop
      vertex 124.609 10.7344 32.2
      vertex 125.002 10.4376 2.2
      vertex 124.609 10.7344 2.2
    endloop
  endfacet
  facet normal 0.27402 -0.961724 0
    outer loop
      vertex 123.256 3.49261 2.2
      vertex 123.729 3.62738 32.2
      vertex 123.256 3.49261 32.2
    endloop
  endfacet
  facet normal 0.27402 -0.961724 0
    outer loop
      vertex 123.729 3.62738 32.2
      vertex 123.256 3.49261 2.2
      vertex 123.729 3.62738 2.2
    endloop
  endfacet
  facet normal 0.274077 0.961708 -0
    outer loop
      vertex 123.729 11.1726 2.2
      vertex 123.256 11.3074 32.2
      vertex 123.729 11.1726 32.2
    endloop
  endfacet
  facet normal 0.274077 0.961708 0
    outer loop
      vertex 123.256 11.3074 32.2
      vertex 123.729 11.1726 2.2
      vertex 123.256 11.3074 2.2
    endloop
  endfacet
  facet normal -0.445589 0.895238 0
    outer loop
      vertex 120.841 11.0836 2.2
      vertex 120.4 10.8641 32.2
      vertex 120.841 11.0836 32.2
    endloop
  endfacet
  facet normal -0.445589 0.895238 0
    outer loop
      vertex 120.4 10.8641 32.2
      vertex 120.841 11.0836 2.2
      vertex 120.4 10.8641 2.2
    endloop
  endfacet
  facet normal 0.850454 0.52605 0
    outer loop
      vertex 125.924 9.29237 32.2
      vertex 125.665 9.71109 2.2
      vertex 125.665 9.71109 32.2
    endloop
  endfacet
  facet normal 0.850454 0.52605 0
    outer loop
      vertex 125.665 9.71109 2.2
      vertex 125.924 9.29237 32.2
      vertex 125.924 9.29237 2.2
    endloop
  endfacet
  facet normal 0.1533 -0.98818 0
    outer loop
      vertex 122.769 3.41706 2.2
      vertex 123.256 3.49261 32.2
      vertex 122.769 3.41706 32.2
    endloop
  endfacet
  facet normal 0.1533 -0.98818 0
    outer loop
      vertex 123.256 3.49261 32.2
      vertex 122.769 3.41706 2.2
      vertex 123.256 3.49261 2.2
    endloop
  endfacet
  facet normal -0.213971 -0.97684 0
    outer loop
      vertex 121.305 3.5527 2.2
      vertex 121.786 3.44734 32.2
      vertex 121.305 3.5527 32.2
    endloop
  endfacet
  facet normal -0.213971 -0.97684 -0
    outer loop
      vertex 121.786 3.44734 32.2
      vertex 121.305 3.5527 2.2
      vertex 121.786 3.44734 2.2
    endloop
  endfacet
  facet normal 0.695651 0.71838 -0
    outer loop
      vertex 125.356 10.0948 2.2
      vertex 125.002 10.4376 32.2
      vertex 125.356 10.0948 32.2
    endloop
  endfacet
  facet normal 0.695651 0.71838 0
    outer loop
      vertex 125.002 10.4376 32.2
      vertex 125.356 10.0948 2.2
      vertex 125.002 10.4376 2.2
    endloop
  endfacet
  facet normal 0.602648 -0.798007 0
    outer loop
      vertex 124.609 4.06559 2.2
      vertex 125.002 4.36238 32.2
      vertex 124.609 4.06559 32.2
    endloop
  endfacet
  facet normal 0.602648 -0.798007 0
    outer loop
      vertex 125.002 4.36238 32.2
      vertex 124.609 4.06559 2.2
      vertex 125.002 4.36238 2.2
    endloop
  endfacet
  facet normal 0.778853 0.627207 0
    outer loop
      vertex 125.665 9.71109 32.2
      vertex 125.356 10.0948 2.2
      vertex 125.356 10.0948 32.2
    endloop
  endfacet
  facet normal 0.778853 0.627207 0
    outer loop
      vertex 125.356 10.0948 2.2
      vertex 125.665 9.71109 32.2
      vertex 125.665 9.71109 2.2
    endloop
  endfacet
  facet normal -0.969856 -0.243677 0
    outer loop
      vertex 118.588 6.18739 2.2
      vertex 118.468 6.665 32.2
      vertex 118.468 6.665 2.2
    endloop
  endfacet
  facet normal -0.969856 -0.243677 0
    outer loop
      vertex 118.468 6.665 32.2
      vertex 118.588 6.18739 2.2
      vertex 118.588 6.18739 32.2
    endloop
  endfacet
  facet normal 0.778829 -0.627237 0
    outer loop
      vertex 125.356 4.70522 32.2
      vertex 125.665 5.0889 2.2
      vertex 125.665 5.0889 32.2
    endloop
  endfacet
  facet normal 0.778829 -0.627237 0
    outer loop
      vertex 125.665 5.0889 2.2
      vertex 125.356 4.70522 32.2
      vertex 125.356 4.70522 2.2
    endloop
  endfacet
  facet normal -0.650708 0.759328 0
    outer loop
      vertex 119.989 10.5921 2.2
      vertex 119.615 10.2716 32.2
      vertex 119.989 10.5921 32.2
    endloop
  endfacet
  facet normal -0.650708 0.759328 0
    outer loop
      vertex 119.615 10.2716 32.2
      vertex 119.989 10.5921 2.2
      vertex 119.615 10.2716 2.2
    endloop
  endfacet
  facet normal -0.881007 0.473103 0
    outer loop
      vertex 118.766 9.07184 2.2
      vertex 118.999 9.50573 32.2
      vertex 118.999 9.50573 2.2
    endloop
  endfacet
  facet normal -0.881007 0.473103 0
    outer loop
      vertex 118.999 9.50573 32.2
      vertex 118.766 9.07184 2.2
      vertex 118.766 9.07184 32.2
    endloop
  endfacet
  facet normal 0.500532 0.865718 -0
    outer loop
      vertex 124.609 10.7344 2.2
      vertex 124.183 10.9807 32.2
      vertex 124.609 10.7344 32.2
    endloop
  endfacet
  facet normal 0.500532 0.865718 0
    outer loop
      vertex 124.183 10.9807 32.2
      vertex 124.609 10.7344 2.2
      vertex 124.183 10.9807 2.2
    endloop
  endfacet
  facet normal -0.650614 -0.759409 0
    outer loop
      vertex 119.615 4.52835 2.2
      vertex 119.989 4.20793 32.2
      vertex 119.615 4.52835 32.2
    endloop
  endfacet
  facet normal -0.650614 -0.759409 -0
    outer loop
      vertex 119.989 4.20793 32.2
      vertex 119.615 4.52835 2.2
      vertex 119.989 4.20793 2.2
    endloop
  endfacet
  facet normal 0.389456 -0.921045 0
    outer loop
      vertex 123.729 3.62738 2.2
      vertex 124.183 3.81935 32.2
      vertex 123.729 3.62738 32.2
    endloop
  endfacet
  facet normal 0.389456 -0.921045 0
    outer loop
      vertex 124.183 3.81935 32.2
      vertex 123.729 3.62738 2.2
      vertex 124.183 3.81935 2.2
    endloop
  endfacet
  facet normal -0.445621 -0.895222 0
    outer loop
      vertex 120.4 3.9359 2.2
      vertex 120.841 3.71638 32.2
      vertex 120.4 3.9359 32.2
    endloop
  endfacet
  facet normal -0.445621 -0.895222 -0
    outer loop
      vertex 120.841 3.71638 32.2
      vertex 120.4 3.9359 2.2
      vertex 120.841 3.71638 2.2
    endloop
  endfacet
  facet normal 0.0308796 0.999523 -0
    outer loop
      vertex 122.769 11.3829 2.2
      vertex 122.277 11.3981 32.2
      vertex 122.769 11.3829 32.2
    endloop
  endfacet
  facet normal 0.0308796 0.999523 0
    outer loop
      vertex 122.277 11.3981 32.2
      vertex 122.769 11.3829 2.2
      vertex 122.277 11.3981 2.2
    endloop
  endfacet
  facet normal -0.992549 -0.121845 0
    outer loop
      vertex 118.468 6.665 2.2
      vertex 118.408 7.15376 32.2
      vertex 118.408 7.15376 2.2
    endloop
  endfacet
  facet normal -0.992549 -0.121845 0
    outer loop
      vertex 118.408 7.15376 32.2
      vertex 118.468 6.665 2.2
      vertex 118.468 6.665 32.2
    endloop
  endfacet
  facet normal 0.953119 -0.302597 0
    outer loop
      vertex 126.13 5.95503 32.2
      vertex 126.279 6.42435 2.2
      vertex 126.279 6.42435 32.2
    endloop
  endfacet
  facet normal 0.953119 -0.302597 0
    outer loop
      vertex 126.279 6.42435 2.2
      vertex 126.13 5.95503 32.2
      vertex 126.13 5.95503 2.2
    endloop
  endfacet
  facet normal 0 0 1
    outer loop
      vertex 123.7 7.4 32.2
      vertex 126.4 7.4 32.2
      vertex 126.37 7.89155 32.2
    endloop
  endfacet
  facet normal 0 0 1
    outer loop
      vertex 123.7 7.4 32.2
      vertex 126.37 7.89155 32.2
      vertex 126.279 8.37565 32.2
    endloop
  endfacet
  facet normal 0 0 1
    outer loop
      vertex 126.4 7.4 32.2
      vertex 123.7 7.4 32.2
      vertex 126.37 6.90845 32.2
    endloop
  endfacet
  facet normal 0 0 1
    outer loop
      vertex 123.612 7.86961 32.2
      vertex 126.279 8.37565 32.2
      vertex 126.13 8.84497 32.2
    endloop
  endfacet
  facet normal 0 0 1
    outer loop
      vertex 126.37 6.90845 32.2
      vertex 123.7 7.4 32.2
      vertex 126.279 6.42435 32.2
    endloop
  endfacet
  facet normal 0 0 1
    outer loop
      vertex 123.612 7.86961 32.2
      vertex 126.13 8.84497 32.2
      vertex 125.924 9.29237 32.2
    endloop
  endfacet
  facet normal -0 0 1
    outer loop
      vertex 123.612 6.93039 32.2
      vertex 126.279 6.42435 32.2
      vertex 123.7 7.4 32.2
    endloop
  endfacet
  facet normal 0 0 1
    outer loop
      vertex 123.612 7.86961 32.2
      vertex 125.924 9.29237 32.2
      vertex 125.665 9.71109 32.2
    endloop
  endfacet
  facet normal 0 0 1
    outer loop
      vertex 126.279 6.42435 32.2
      vertex 123.612 6.93039 32.2
      vertex 126.13 5.95503 32.2
    endloop
  endfacet
  facet normal 0 0 1
    outer loop
      vertex 123.361 8.2758 32.2
      vertex 125.665 9.71109 32.2
      vertex 125.356 10.0948 32.2
    endloop
  endfacet
  facet normal 0 0 1
    outer loop
      vertex 126.13 5.95503 32.2
      vertex 123.612 6.93039 32.2
      vertex 125.924 5.50763 32.2
    endloop
  endfacet
  facet normal 0 0 1
    outer loop
      vertex 123.361 8.2758 32.2
      vertex 125.356 10.0948 32.2
      vertex 125.002 10.4376 32.2
    endloop
  endfacet
  facet normal 0 0 1
    outer loop
      vertex 125.924 5.50763 32.2
      vertex 123.612 6.93039 32.2
      vertex 125.665 5.0889 32.2
    endloop
  endfacet
  facet normal 0 0 1
    outer loop
      vertex 123.361 8.2758 32.2
      vertex 125.002 10.4376 32.2
      vertex 124.609 10.7344 32.2
    endloop
  endfacet
  facet normal -0 0 1
    outer loop
      vertex 123.361 6.5242 32.2
      vertex 125.665 5.0889 32.2
      vertex 123.612 6.93039 32.2
    endloop
  endfacet
  facet normal 0 0 1
    outer loop
      vertex 122.979 8.56371 32.2
      vertex 124.609 10.7344 32.2
      vertex 124.183 10.9807 32.2
    endloop
  endfacet
  facet normal 0 0 1
    outer loop
      vertex 125.665 5.0889 32.2
      vertex 123.361 6.5242 32.2
      vertex 125.356 4.70522 32.2
    endloop
  endfacet
  facet normal 0 0 1
    outer loop
      vertex 122.979 8.56371 32.2
      vertex 124.183 10.9807 32.2
      vertex 123.729 11.1726 32.2
    endloop
  endfacet
  facet normal 0 0 1
    outer loop
      vertex 125.356 4.70522 32.2
      vertex 123.361 6.5242 32.2
      vertex 125.002 4.36238 32.2
    endloop
  endfacet
  facet normal 0 0 1
    outer loop
      vertex 125.002 4.36238 32.2
      vertex 123.361 6.5242 32.2
      vertex 124.609 4.06559 32.2
    endloop
  endfacet
  facet normal 0 0 1
    outer loop
      vertex 126.279 8.37565 32.2
      vertex 123.612 7.86961 32.2
      vertex 123.7 7.4 32.2
    endloop
  endfacet
  facet normal 0 0 1
    outer loop
      vertex 125.665 9.71109 32.2
      vertex 123.361 8.2758 32.2
      vertex 123.612 7.86961 32.2
    endloop
  endfacet
  facet normal 0 0 1
    outer loop
      vertex 122.979 8.56371 32.2
      vertex 123.729 11.1726 32.2
      vertex 123.256 11.3074 32.2
    endloop
  endfacet
  facet normal 0 0 1
    outer loop
      vertex 124.609 10.7344 32.2
      vertex 122.979 8.56371 32.2
      vertex 123.361 8.2758 32.2
    endloop
  endfacet
  facet normal 0 0 1
    outer loop
      vertex 122.52 8.69445 32.2
      vertex 123.256 11.3074 32.2
      vertex 122.769 11.3829 32.2
    endloop
  endfacet
  facet normal 0 0 1
    outer loop
      vertex 123.256 11.3074 32.2
      vertex 122.52 8.69445 32.2
      vertex 122.979 8.56371 32.2
    endloop
  endfacet
  facet normal 0 0 1
    outer loop
      vertex 122.277 11.3981 32.2
      vertex 122.52 8.69445 32.2
      vertex 122.769 11.3829 32.2
    endloop
  endfacet
  facet normal 0 0 1
    outer loop
      vertex 122.277 11.3981 32.2
      vertex 122.044 8.65037 32.2
      vertex 122.52 8.69445 32.2
    endloop
  endfacet
  facet normal -0 0 1
    outer loop
      vertex 121.786 11.3527 32.2
      vertex 122.044 8.65037 32.2
      vertex 122.277 11.3981 32.2
    endloop
  endfacet
  facet normal -0 0 1
    outer loop
      vertex 121.305 11.2473 32.2
      vertex 122.044 8.65037 32.2
      vertex 121.786 11.3527 32.2
    endloop
  endfacet
  facet normal -0 0 1
    outer loop
      vertex 120.841 11.0836 32.2
      vertex 122.044 8.65037 32.2
      vertex 121.305 11.2473 32.2
    endloop
  endfacet
  facet normal 0 0 1
    outer loop
      vertex 122.044 8.65037 32.2
      vertex 120.841 11.0836 32.2
      vertex 121.617 8.43742 32.2
    endloop
  endfacet
  facet normal -0 0 1
    outer loop
      vertex 120.4 10.8641 32.2
      vertex 121.617 8.43742 32.2
      vertex 120.841 11.0836 32.2
    endloop
  endfacet
  facet normal -0 0 1
    outer loop
      vertex 119.615 10.2716 32.2
      vertex 121.617 8.43742 32.2
      vertex 119.989 10.5921 32.2
    endloop
  endfacet
  facet normal -0 0 1
    outer loop
      vertex 119.989 10.5921 32.2
      vertex 121.617 8.43742 32.2
      vertex 120.4 10.8641 32.2
    endloop
  endfacet
  facet normal -0 0 1
    outer loop
      vertex 122.979 6.23629 32.2
      vertex 124.609 4.06559 32.2
      vertex 123.361 6.5242 32.2
    endloop
  endfacet
  facet normal 0 0 1
    outer loop
      vertex 124.609 4.06559 32.2
      vertex 122.979 6.23629 32.2
      vertex 124.183 3.81935 32.2
    endloop
  endfacet
  facet normal 0 0 1
    outer loop
      vertex 124.183 3.81935 32.2
      vertex 122.979 6.23629 32.2
      vertex 123.729 3.62738 32.2
    endloop
  endfacet
  facet normal 0 0 1
    outer loop
      vertex 123.729 3.62738 32.2
      vertex 122.979 6.23629 32.2
      vertex 123.256 3.49261 32.2
    endloop
  endfacet
  facet normal -0 0 1
    outer loop
      vertex 122.52 6.10555 32.2
      vertex 123.256 3.49261 32.2
      vertex 122.979 6.23629 32.2
    endloop
  endfacet
  facet normal 0 0 1
    outer loop
      vertex 123.256 3.49261 32.2
      vertex 122.52 6.10555 32.2
      vertex 122.769 3.41706 32.2
    endloop
  endfacet
  facet normal 0 0 1
    outer loop
      vertex 122.52 6.10555 32.2
      vertex 122.277 3.4019 32.2
      vertex 122.769 3.41706 32.2
    endloop
  endfacet
  facet normal 0 0 1
    outer loop
      vertex 122.044 6.14963 32.2
      vertex 122.277 3.4019 32.2
      vertex 122.52 6.10555 32.2
    endloop
  endfacet
  facet normal 0 0 1
    outer loop
      vertex 122.044 6.14963 32.2
      vertex 121.786 3.44734 32.2
      vertex 122.277 3.4019 32.2
    endloop
  endfacet
  facet normal 0 0 1
    outer loop
      vertex 120.841 3.71638 32.2
      vertex 122.044 6.14963 32.2
      vertex 121.617 6.36258 32.2
    endloop
  endfacet
  facet normal 0 0 1
    outer loop
      vertex 122.044 6.14963 32.2
      vertex 121.305 3.5527 32.2
      vertex 121.786 3.44734 32.2
    endloop
  endfacet
  facet normal 0 0 1
    outer loop
      vertex 119.615 4.52835 32.2
      vertex 121.617 6.36258 32.2
      vertex 121.295 6.71564 32.2
    endloop
  endfacet
  facet normal 0 0 1
    outer loop
      vertex 118.766 5.72816 32.2
      vertex 121.295 6.71564 32.2
      vertex 121.122 7.16113 32.2
    endloop
  endfacet
  facet normal 0 0 1
    outer loop
      vertex 121.617 8.43742 32.2
      vertex 119.615 10.2716 32.2
      vertex 121.295 8.08436 32.2
    endloop
  endfacet
  facet normal 0 0 1
    outer loop
      vertex 122.044 6.14963 32.2
      vertex 120.841 3.71638 32.2
      vertex 121.305 3.5527 32.2
    endloop
  endfacet
  facet normal -0 0 1
    outer loop
      vertex 119.284 9.90769 32.2
      vertex 121.295 8.08436 32.2
      vertex 119.615 10.2716 32.2
    endloop
  endfacet
  facet normal 0 0 1
    outer loop
      vertex 121.617 6.36258 32.2
      vertex 120.4 3.9359 32.2
      vertex 120.841 3.71638 32.2
    endloop
  endfacet
  facet normal -0 0 1
    outer loop
      vertex 118.999 9.50573 32.2
      vertex 121.295 8.08436 32.2
      vertex 119.284 9.90769 32.2
    endloop
  endfacet
  facet normal 0 0 1
    outer loop
      vertex 121.617 6.36258 32.2
      vertex 119.989 4.20793 32.2
      vertex 120.4 3.9359 32.2
    endloop
  endfacet
  facet normal -0 0 1
    outer loop
      vertex 118.766 9.07184 32.2
      vertex 121.295 8.08436 32.2
      vertex 118.999 9.50573 32.2
    endloop
  endfacet
  facet normal 0 0 1
    outer loop
      vertex 121.617 6.36258 32.2
      vertex 119.615 4.52835 32.2
      vertex 119.989 4.20793 32.2
    endloop
  endfacet
  facet normal 0 0 1
    outer loop
      vertex 121.295 8.08436 32.2
      vertex 118.766 9.07184 32.2
      vertex 121.122 7.63887 32.2
    endloop
  endfacet
  facet normal 0 0 1
    outer loop
      vertex 121.295 6.71564 32.2
      vertex 119.284 4.8923 32.2
      vertex 119.615 4.52835 32.2
    endloop
  endfacet
  facet normal -0 0 1
    outer loop
      vertex 118.588 8.61261 32.2
      vertex 121.122 7.63887 32.2
      vertex 118.766 9.07184 32.2
    endloop
  endfacet
  facet normal 0 0 1
    outer loop
      vertex 121.295 6.71564 32.2
      vertex 118.999 5.29427 32.2
      vertex 119.284 4.8923 32.2
    endloop
  endfacet
  facet normal -0 0 1
    outer loop
      vertex 118.468 8.135 32.2
      vertex 121.122 7.63887 32.2
      vertex 118.588 8.61261 32.2
    endloop
  endfacet
  facet normal 0 0 1
    outer loop
      vertex 121.295 6.71564 32.2
      vertex 118.766 5.72816 32.2
      vertex 118.999 5.29427 32.2
    endloop
  endfacet
  facet normal -0 0 1
    outer loop
      vertex 118.408 7.64624 32.2
      vertex 121.122 7.63887 32.2
      vertex 118.468 8.135 32.2
    endloop
  endfacet
  facet normal 0 0 1
    outer loop
      vertex 121.122 7.16113 32.2
      vertex 118.588 6.18739 32.2
      vertex 118.766 5.72816 32.2
    endloop
  endfacet
  facet normal 0 0 1
    outer loop
      vertex 121.122 7.63887 32.2
      vertex 118.408 7.64624 32.2
      vertex 121.122 7.16113 32.2
    endloop
  endfacet
  facet normal 0 0 1
    outer loop
      vertex 121.122 7.16113 32.2
      vertex 118.468 6.665 32.2
      vertex 118.588 6.18739 32.2
    endloop
  endfacet
  facet normal 0 0 1
    outer loop
      vertex 118.408 7.15376 32.2
      vertex 121.122 7.16113 32.2
      vertex 118.408 7.64624 32.2
    endloop
  endfacet
  facet normal 0 0 1
    outer loop
      vertex 121.122 7.16113 32.2
      vertex 118.408 7.15376 32.2
      vertex 118.468 6.665 32.2
    endloop
  endfacet
  facet normal -0.881007 -0.473103 0
    outer loop
      vertex 118.999 5.29427 2.2
      vertex 118.766 5.72816 32.2
      vertex 118.766 5.72816 2.2
    endloop
  endfacet
  facet normal -0.881007 -0.473103 0
    outer loop
      vertex 118.766 5.72816 32.2
      vertex 118.999 5.29427 2.2
      vertex 118.999 5.29427 32.2
    endloop
  endfacet
  facet normal -0.969856 0.243677 0
    outer loop
      vertex 118.468 8.135 2.2
      vertex 118.588 8.61261 32.2
      vertex 118.588 8.61261 2.2
    endloop
  endfacet
  facet normal -0.969856 0.243677 0
    outer loop
      vertex 118.588 8.61261 32.2
      vertex 118.468 8.135 2.2
      vertex 118.468 8.135 32.2
    endloop
  endfacet
  facet normal -0.332703 0.943032 0
    outer loop
      vertex 121.305 11.2473 2.2
      vertex 120.841 11.0836 32.2
      vertex 121.305 11.2473 32.2
    endloop
  endfacet
  facet normal -0.332703 0.943032 0
    outer loop
      vertex 120.841 11.0836 32.2
      vertex 121.305 11.2473 2.2
      vertex 120.841 11.0836 2.2
    endloop
  endfacet
  facet normal 0.695693 -0.718339 0
    outer loop
      vertex 125.002 4.36238 2.2
      vertex 125.356 4.70522 32.2
      vertex 125.002 4.36238 32.2
    endloop
  endfacet
  facet normal 0.695693 -0.718339 0
    outer loop
      vertex 125.356 4.70522 32.2
      vertex 125.002 4.36238 2.2
      vertex 125.356 4.70522 2.2
    endloop
  endfacet
  facet normal -0.739802 -0.672825 0
    outer loop
      vertex 119.615 4.52835 2.2
      vertex 119.284 4.8923 32.2
      vertex 119.284 4.8923 2.2
    endloop
  endfacet
  facet normal -0.739802 -0.672825 0
    outer loop
      vertex 119.284 4.8923 32.2
      vertex 119.615 4.52835 2.2
      vertex 119.615 4.52835 32.2
    endloop
  endfacet
  facet normal 0.153201 0.988195 -0
    outer loop
      vertex 123.256 11.3074 2.2
      vertex 122.769 11.3829 32.2
      vertex 123.256 11.3074 32.2
    endloop
  endfacet
  facet normal 0.153201 0.988195 0
    outer loop
      vertex 122.769 11.3829 32.2
      vertex 123.256 11.3074 2.2
      vertex 122.769 11.3829 2.2
    endloop
  endfacet
  facet normal -0.932408 -0.361406 0
    outer loop
      vertex 118.766 5.72816 2.2
      vertex 118.588 6.18739 32.2
      vertex 118.588 6.18739 2.2
    endloop
  endfacet
  facet normal -0.932408 -0.361406 0
    outer loop
      vertex 118.588 6.18739 32.2
      vertex 118.766 5.72816 2.2
      vertex 118.766 5.72816 32.2
    endloop
  endfacet
  facet normal -0.815765 -0.578384 0
    outer loop
      vertex 119.284 4.8923 2.2
      vertex 118.999 5.29427 32.2
      vertex 118.999 5.29427 2.2
    endloop
  endfacet
  facet normal -0.815765 -0.578384 0
    outer loop
      vertex 118.999 5.29427 32.2
      vertex 119.284 4.8923 2.2
      vertex 119.284 4.8923 32.2
    endloop
  endfacet
  facet normal 0.0307984 -0.999526 0
    outer loop
      vertex 122.277 3.4019 2.2
      vertex 122.769 3.41706 32.2
      vertex 122.277 3.4019 32.2
    endloop
  endfacet
  facet normal 0.0307984 -0.999526 0
    outer loop
      vertex 122.769 3.41706 32.2
      vertex 122.277 3.4019 2.2
      vertex 122.769 3.41706 2.2
    endloop
  endfacet
  facet normal -0.551888 0.833918 0
    outer loop
      vertex 120.4 10.8641 2.2
      vertex 119.989 10.5921 32.2
      vertex 120.4 10.8641 32.2
    endloop
  endfacet
  facet normal -0.551888 0.833918 0
    outer loop
      vertex 119.989 10.5921 32.2
      vertex 120.4 10.8641 2.2
      vertex 119.989 10.5921 2.2
    endloop
  endfacet
  facet normal -0.992549 0.121845 0
    outer loop
      vertex 118.408 7.64624 2.2
      vertex 118.468 8.135 32.2
      vertex 118.468 8.135 2.2
    endloop
  endfacet
  facet normal -0.992549 0.121845 0
    outer loop
      vertex 118.468 8.135 32.2
      vertex 118.408 7.64624 2.2
      vertex 118.408 7.64624 32.2
    endloop
  endfacet
  facet normal -0.0920716 0.995752 0
    outer loop
      vertex 122.277 11.3981 2.2
      vertex 121.786 11.3527 32.2
      vertex 122.277 11.3981 32.2
    endloop
  endfacet
  facet normal -0.0920716 0.995752 0
    outer loop
      vertex 121.786 11.3527 32.2
      vertex 122.277 11.3981 2.2
      vertex 121.786 11.3527 2.2
    endloop
  endfacet
  facet normal 0.50044 -0.865771 0
    outer loop
      vertex 124.183 3.81935 2.2
      vertex 124.609 4.06559 32.2
      vertex 124.183 3.81935 32.2
    endloop
  endfacet
  facet normal 0.50044 -0.865771 0
    outer loop
      vertex 124.609 4.06559 32.2
      vertex 124.183 3.81935 2.2
      vertex 124.609 4.06559 2.2
    endloop
  endfacet
  facet normal -1 0 0
    outer loop
      vertex 118.408 7.15376 2.2
      vertex 118.408 7.64624 32.2
      vertex 118.408 7.64624 2.2
    endloop
  endfacet
  facet normal -1 -0 0
    outer loop
      vertex 118.408 7.64624 32.2
      vertex 118.408 7.15376 2.2
      vertex 118.408 7.15376 32.2
    endloop
  endfacet
  facet normal -0.932408 0.361406 0
    outer loop
      vertex 118.588 8.61261 2.2
      vertex 118.766 9.07184 32.2
      vertex 118.766 9.07184 2.2
    endloop
  endfacet
  facet normal -0.932408 0.361406 0
    outer loop
      vertex 118.766 9.07184 32.2
      vertex 118.588 8.61261 2.2
      vertex 118.588 8.61261 32.2
    endloop
  endfacet
  facet normal -0.332667 -0.943044 0
    outer loop
      vertex 120.841 3.71638 2.2
      vertex 121.305 3.5527 32.2
      vertex 120.841 3.71638 32.2
    endloop
  endfacet
  facet normal -0.332667 -0.943044 -0
    outer loop
      vertex 121.305 3.5527 32.2
      vertex 120.841 3.71638 2.2
      vertex 121.305 3.5527 2.2
    endloop
  endfacet
  facet normal -0.850688 -0.525672 0
    outer loop
      vertex 123.612 7.86961 20
      vertex 123.361 8.2758 32.2
      vertex 123.361 8.2758 20
    endloop
  endfacet
  facet normal -0.850688 -0.525672 0
    outer loop
      vertex 123.361 8.2758 32.2
      vertex 123.612 7.86961 20
      vertex 123.612 7.86961 32.2
    endloop
  endfacet
  facet normal -0.982892 -0.184184 0
    outer loop
      vertex 123.7 7.4 20
      vertex 123.612 7.86961 32.2
      vertex 123.612 7.86961 20
    endloop
  endfacet
  facet normal -0.982892 -0.184184 0
    outer loop
      vertex 123.612 7.86961 32.2
      vertex 123.7 7.4 20
      vertex 123.7 7.4 32.2
    endloop
  endfacet
  facet normal -0.601885 -0.798583 0
    outer loop
      vertex 122.979 8.56371 20
      vertex 123.361 8.2758 32.2
      vertex 122.979 8.56371 32.2
    endloop
  endfacet
  facet normal -0.601885 -0.798583 -0
    outer loop
      vertex 123.361 8.2758 32.2
      vertex 122.979 8.56371 20
      vertex 123.361 8.2758 20
    endloop
  endfacet
  facet normal -0.982892 0.184184 0
    outer loop
      vertex 123.612 6.93039 20
      vertex 123.7 7.4 32.2
      vertex 123.7 7.4 20
    endloop
  endfacet
  facet normal -0.982892 0.184184 0
    outer loop
      vertex 123.7 7.4 32.2
      vertex 123.612 6.93039 20
      vertex 123.612 6.93039 32.2
    endloop
  endfacet
  facet normal 0.0922105 -0.99574 0
    outer loop
      vertex 122.044 8.65037 20
      vertex 122.52 8.69445 32.2
      vertex 122.044 8.65037 32.2
    endloop
  endfacet
  facet normal 0.0922105 -0.99574 0
    outer loop
      vertex 122.52 8.69445 32.2
      vertex 122.044 8.65037 20
      vertex 122.52 8.69445 20
    endloop
  endfacet
  facet normal -0.850688 0.525672 0
    outer loop
      vertex 123.361 6.5242 20
      vertex 123.612 6.93039 32.2
      vertex 123.612 6.93039 20
    endloop
  endfacet
  facet normal -0.850688 0.525672 0
    outer loop
      vertex 123.612 6.93039 32.2
      vertex 123.361 6.5242 20
      vertex 123.361 6.5242 32.2
    endloop
  endfacet
  facet normal -0.273941 -0.961747 0
    outer loop
      vertex 122.52 8.69445 20
      vertex 122.979 8.56371 32.2
      vertex 122.52 8.69445 32.2
    endloop
  endfacet
  facet normal -0.273941 -0.961747 -0
    outer loop
      vertex 122.979 8.56371 32.2
      vertex 122.52 8.69445 20
      vertex 122.979 8.56371 20
    endloop
  endfacet
  facet normal 0.73886 -0.673859 0
    outer loop
      vertex 121.295 8.08436 32.2
      vertex 121.617 8.43742 20
      vertex 121.617 8.43742 32.2
    endloop
  endfacet
  facet normal 0.73886 -0.673859 0
    outer loop
      vertex 121.617 8.43742 20
      vertex 121.295 8.08436 32.2
      vertex 121.295 8.08436 20
    endloop
  endfacet
  facet normal 0.0922105 0.99574 -0
    outer loop
      vertex 122.52 6.10555 20
      vertex 122.044 6.14963 32.2
      vertex 122.52 6.10555 32.2
    endloop
  endfacet
  facet normal 0.0922105 0.99574 0
    outer loop
      vertex 122.044 6.14963 32.2
      vertex 122.52 6.10555 20
      vertex 122.044 6.14963 20
    endloop
  endfacet
  facet normal -0.273941 0.961747 0
    outer loop
      vertex 122.979 6.23629 20
      vertex 122.52 6.10555 32.2
      vertex 122.979 6.23629 32.2
    endloop
  endfacet
  facet normal -0.273941 0.961747 0
    outer loop
      vertex 122.52 6.10555 32.2
      vertex 122.979 6.23629 20
      vertex 122.52 6.10555 20
    endloop
  endfacet
  facet normal -0.601885 0.798583 0
    outer loop
      vertex 123.361 6.5242 20
      vertex 122.979 6.23629 32.2
      vertex 123.361 6.5242 32.2
    endloop
  endfacet
  facet normal -0.601885 0.798583 0
    outer loop
      vertex 122.979 6.23629 32.2
      vertex 123.361 6.5242 20
      vertex 122.979 6.23629 20
    endloop
  endfacet
  facet normal 1 -0 0
    outer loop
      vertex 121.122 7.16113 32.2
      vertex 121.122 7.63887 20
      vertex 121.122 7.63887 32.2
    endloop
  endfacet
  facet normal 1 0 0
    outer loop
      vertex 121.122 7.63887 20
      vertex 121.122 7.16113 32.2
      vertex 121.122 7.16113 20
    endloop
  endfacet
  facet normal 0.73886 0.673859 0
    outer loop
      vertex 121.617 6.36258 32.2
      vertex 121.295 6.71564 20
      vertex 121.295 6.71564 32.2
    endloop
  endfacet
  facet normal 0.73886 0.673859 0
    outer loop
      vertex 121.295 6.71564 20
      vertex 121.617 6.36258 32.2
      vertex 121.617 6.36258 20
    endloop
  endfacet
  facet normal 0.446291 -0.894888 0
    outer loop
      vertex 121.617 8.43742 20
      vertex 122.044 8.65037 32.2
      vertex 121.617 8.43742 32.2
    endloop
  endfacet
  facet normal 0.446291 -0.894888 0
    outer loop
      vertex 122.044 8.65037 32.2
      vertex 121.617 8.43742 20
      vertex 122.044 8.65037 20
    endloop
  endfacet
  facet normal 0.932179 -0.361999 0
    outer loop
      vertex 121.122 7.63887 32.2
      vertex 121.295 8.08436 20
      vertex 121.295 8.08436 32.2
    endloop
  endfacet
  facet normal 0.932179 -0.361999 0
    outer loop
      vertex 121.295 8.08436 20
      vertex 121.122 7.63887 32.2
      vertex 121.122 7.63887 20
    endloop
  endfacet
  facet normal 0.932179 0.361999 0
    outer loop
      vertex 121.295 6.71564 32.2
      vertex 121.122 7.16113 20
      vertex 121.122 7.16113 32.2
    endloop
  endfacet
  facet normal 0.932179 0.361999 0
    outer loop
      vertex 121.122 7.16113 20
      vertex 121.295 6.71564 32.2
      vertex 121.295 6.71564 20
    endloop
  endfacet
  facet normal 0 0 1
    outer loop
      vertex 123.612 7.86961 20
      vertex 123.612 6.93039 20
      vertex 123.7 7.4 20
    endloop
  endfacet
  facet normal 0 0 1
    outer loop
      vertex 123.361 8.2758 20
      vertex 123.612 6.93039 20
      vertex 123.612 7.86961 20
    endloop
  endfacet
  facet normal 0 0 1
    outer loop
      vertex 123.361 8.2758 20
      vertex 123.361 6.5242 20
      vertex 123.612 6.93039 20
    endloop
  endfacet
  facet normal 0 0 1
    outer loop
      vertex 122.979 8.56371 20
      vertex 123.361 6.5242 20
      vertex 123.361 8.2758 20
    endloop
  endfacet
  facet normal 0 0 1
    outer loop
      vertex 122.979 8.56371 20
      vertex 122.979 6.23629 20
      vertex 123.361 6.5242 20
    endloop
  endfacet
  facet normal 0 0 1
    outer loop
      vertex 122.52 8.69445 20
      vertex 122.979 6.23629 20
      vertex 122.979 8.56371 20
    endloop
  endfacet
  facet normal 0 0 1
    outer loop
      vertex 122.52 8.69445 20
      vertex 122.52 6.10555 20
      vertex 122.979 6.23629 20
    endloop
  endfacet
  facet normal -0 0 1
    outer loop
      vertex 122.044 8.65037 20
      vertex 122.52 6.10555 20
      vertex 122.52 8.69445 20
    endloop
  endfacet
  facet normal 0 0 1
    outer loop
      vertex 122.044 8.65037 20
      vertex 122.044 6.14963 20
      vertex 122.52 6.10555 20
    endloop
  endfacet
  facet normal -0 0 1
    outer loop
      vertex 121.617 8.43742 20
      vertex 122.044 6.14963 20
      vertex 122.044 8.65037 20
    endloop
  endfacet
  facet normal 0 0 1
    outer loop
      vertex 121.617 8.43742 20
      vertex 121.617 6.36258 20
      vertex 122.044 6.14963 20
    endloop
  endfacet
  facet normal -0 0 1
    outer loop
      vertex 121.295 8.08436 20
      vertex 121.617 6.36258 20
      vertex 121.617 8.43742 20
    endloop
  endfacet
  facet normal 0 0 1
    outer loop
      vertex 121.295 8.08436 20
      vertex 121.295 6.71564 20
      vertex 121.617 6.36258 20
    endloop
  endfacet
  facet normal -0 0 1
    outer loop
      vertex 121.122 7.63887 20
      vertex 121.295 6.71564 20
      vertex 121.295 8.08436 20
    endloop
  endfacet
  facet normal 0 0 1
    outer loop
      vertex 121.295 6.71564 20
      vertex 121.122 7.63887 20
      vertex 121.122 7.16113 20
    endloop
  endfacet
  facet normal 0.446291 0.894888 -0
    outer loop
      vertex 122.044 6.14963 20
      vertex 121.617 6.36258 32.2
      vertex 122.044 6.14963 32.2
    endloop
  endfacet
  facet normal 0.446291 0.894888 0
    outer loop
      vertex 121.617 6.36258 32.2
      vertex 122.044 6.14963 20
      vertex 121.617 6.36258 20
    endloop
  endfacet
  facet normal 0.982787 0.184742 0
    outer loop
      vertex 126.37 77.8916 32.2
      vertex 126.279 78.3757 2.2
      vertex 126.279 78.3757 32.2
    endloop
  endfacet
  facet normal 0.982787 0.184742 0
    outer loop
      vertex 126.279 78.3757 2.2
      vertex 126.37 77.8916 32.2
      vertex 126.37 77.8916 2.2
    endloop
  endfacet
  facet normal 0.998143 0.0609119 0
    outer loop
      vertex 126.4 77.4 32.2
      vertex 126.37 77.8916 2.2
      vertex 126.37 77.8916 32.2
    endloop
  endfacet
  facet normal 0.998143 0.0609119 0
    outer loop
      vertex 126.37 77.8916 2.2
      vertex 126.4 77.4 32.2
      vertex 126.4 77.4 2.2
    endloop
  endfacet
  facet normal 0.953115 0.302608 0
    outer loop
      vertex 126.279 78.3757 32.2
      vertex 126.13 78.845 2.2
      vertex 126.13 78.845 32.2
    endloop
  endfacet
  facet normal 0.953115 0.302608 0
    outer loop
      vertex 126.13 78.845 2.2
      vertex 126.279 78.3757 32.2
      vertex 126.279 78.3757 2.2
    endloop
  endfacet
  facet normal 0.850443 -0.526068 0
    outer loop
      vertex 125.665 75.0889 32.2
      vertex 125.924 75.5076 2.2
      vertex 125.924 75.5076 32.2
    endloop
  endfacet
  facet normal 0.850443 -0.526068 0
    outer loop
      vertex 125.924 75.5076 2.2
      vertex 125.665 75.0889 32.2
      vertex 125.665 75.0889 2.2
    endloop
  endfacet
  facet normal 0.389336 0.921096 -0
    outer loop
      vertex 124.183 80.9807 2.2
      vertex 123.729 81.1726 32.2
      vertex 124.183 80.9807 32.2
    endloop
  endfacet
  facet normal 0.389336 0.921096 0
    outer loop
      vertex 123.729 81.1726 32.2
      vertex 124.183 80.9807 2.2
      vertex 123.729 81.1726 2.2
    endloop
  endfacet
  facet normal 0.982787 -0.184742 0
    outer loop
      vertex 126.279 76.4243 32.2
      vertex 126.37 76.9084 2.2
      vertex 126.37 76.9084 32.2
    endloop
  endfacet
  facet normal 0.982787 -0.184742 0
    outer loop
      vertex 126.37 76.9084 2.2
      vertex 126.279 76.4243 32.2
      vertex 126.279 76.4243 2.2
    endloop
  endfacet
  facet normal 0.998143 -0.0609119 0
    outer loop
      vertex 126.37 76.9084 32.2
      vertex 126.4 77.4 2.2
      vertex 126.4 77.4 32.2
    endloop
  endfacet
  facet normal 0.998143 -0.0609119 0
    outer loop
      vertex 126.4 77.4 2.2
      vertex 126.37 76.9084 32.2
      vertex 126.37 76.9084 2.2
    endloop
  endfacet
  facet normal 0.908339 0.418234 0
    outer loop
      vertex 126.13 78.845 32.2
      vertex 125.924 79.2924 2.2
      vertex 125.924 79.2924 32.2
    endloop
  endfacet
  facet normal 0.908339 0.418234 0
    outer loop
      vertex 125.924 79.2924 2.2
      vertex 126.13 78.845 32.2
      vertex 126.13 78.845 2.2
    endloop
  endfacet
  facet normal -0.214048 0.976823 0
    outer loop
      vertex 121.786 81.3527 2.2
      vertex 121.305 81.2473 32.2
      vertex 121.786 81.3527 32.2
    endloop
  endfacet
  facet normal -0.214048 0.976823 0
    outer loop
      vertex 121.305 81.2473 32.2
      vertex 121.786 81.3527 2.2
      vertex 121.305 81.2473 2.2
    endloop
  endfacet
  facet normal -0.0920716 -0.995752 0
    outer loop
      vertex 121.786 73.4473 2.2
      vertex 122.277 73.4019 32.2
      vertex 121.786 73.4473 32.2
    endloop
  endfacet
  facet normal -0.0920716 -0.995752 -0
    outer loop
      vertex 122.277 73.4019 32.2
      vertex 121.786 73.4473 2.2
      vertex 122.277 73.4019 2.2
    endloop
  endfacet
  facet normal 0.908339 -0.418234 0
    outer loop
      vertex 125.924 75.5076 32.2
      vertex 126.13 75.955 2.2
      vertex 126.13 75.955 32.2
    endloop
  endfacet
  facet normal 0.908339 -0.418234 0
    outer loop
      vertex 126.13 75.955 2.2
      vertex 125.924 75.5076 32.2
      vertex 125.924 75.5076 2.2
    endloop
  endfacet
  facet normal -0.739756 0.672875 0
    outer loop
      vertex 119.284 79.9077 2.2
      vertex 119.615 80.2716 32.2
      vertex 119.615 80.2716 2.2
    endloop
  endfacet
  facet normal -0.739756 0.672875 0
    outer loop
      vertex 119.615 80.2716 32.2
      vertex 119.284 79.9077 2.2
      vertex 119.284 79.9077 32.2
    endloop
  endfacet
  facet normal -0.815785 0.578355 0
    outer loop
      vertex 118.999 79.5057 2.2
      vertex 119.284 79.9077 32.2
      vertex 119.284 79.9077 2.2
    endloop
  endfacet
  facet normal -0.815785 0.578355 0
    outer loop
      vertex 119.284 79.9077 32.2
      vertex 118.999 79.5057 2.2
      vertex 118.999 79.5057 32.2
    endloop
  endfacet
  facet normal -0.551888 -0.833918 0
    outer loop
      vertex 119.989 74.2079 2.2
      vertex 120.4 73.9359 32.2
      vertex 119.989 74.2079 32.2
    endloop
  endfacet
  facet normal -0.551888 -0.833918 -0
    outer loop
      vertex 120.4 73.9359 32.2
      vertex 119.989 74.2079 2.2
      vertex 120.4 73.9359 2.2
    endloop
  endfacet
  facet normal 0.602661 0.797998 -0
    outer loop
      vertex 125.002 80.4376 2.2
      vertex 124.609 80.7344 32.2
      vertex 125.002 80.4376 32.2
    endloop
  endfacet
  facet normal 0.602661 0.797998 0
    outer loop
      vertex 124.609 80.7344 32.2
      vertex 125.002 80.4376 2.2
      vertex 124.609 80.7344 2.2
    endloop
  endfacet
  facet normal 0.274077 -0.961708 0
    outer loop
      vertex 123.256 73.4926 2.2
      vertex 123.729 73.6274 32.2
      vertex 123.256 73.4926 32.2
    endloop
  endfacet
  facet normal 0.274077 -0.961708 0
    outer loop
      vertex 123.729 73.6274 32.2
      vertex 123.256 73.4926 2.2
      vertex 123.729 73.6274 2.2
    endloop
  endfacet
  facet normal 0.274077 0.961708 -0
    outer loop
      vertex 123.729 81.1726 2.2
      vertex 123.256 81.3074 32.2
      vertex 123.729 81.1726 32.2
    endloop
  endfacet
  facet normal 0.274077 0.961708 0
    outer loop
      vertex 123.256 81.3074 32.2
      vertex 123.729 81.1726 2.2
      vertex 123.256 81.3074 2.2
    endloop
  endfacet
  facet normal -0.445589 0.895238 0
    outer loop
      vertex 120.841 81.0836 2.2
      vertex 120.4 80.8641 32.2
      vertex 120.841 81.0836 32.2
    endloop
  endfacet
  facet normal -0.445589 0.895238 0
    outer loop
      vertex 120.4 80.8641 32.2
      vertex 120.841 81.0836 2.2
      vertex 120.4 80.8641 2.2
    endloop
  endfacet
  facet normal 0.850443 0.526068 0
    outer loop
      vertex 125.924 79.2924 32.2
      vertex 125.665 79.7111 2.2
      vertex 125.665 79.7111 32.2
    endloop
  endfacet
  facet normal 0.850443 0.526068 0
    outer loop
      vertex 125.665 79.7111 2.2
      vertex 125.924 79.2924 32.2
      vertex 125.924 79.2924 2.2
    endloop
  endfacet
  facet normal 0.153201 -0.988195 0
    outer loop
      vertex 122.769 73.4171 2.2
      vertex 123.256 73.4926 32.2
      vertex 122.769 73.4171 32.2
    endloop
  endfacet
  facet normal 0.153201 -0.988195 0
    outer loop
      vertex 123.256 73.4926 32.2
      vertex 122.769 73.4171 2.2
      vertex 123.256 73.4926 2.2
    endloop
  endfacet
  facet normal -0.214048 -0.976823 0
    outer loop
      vertex 121.305 73.5527 2.2
      vertex 121.786 73.4473 32.2
      vertex 121.305 73.5527 32.2
    endloop
  endfacet
  facet normal -0.214048 -0.976823 -0
    outer loop
      vertex 121.786 73.4473 32.2
      vertex 121.305 73.5527 2.2
      vertex 121.786 73.4473 2.2
    endloop
  endfacet
  facet normal 0.695651 0.71838 -0
    outer loop
      vertex 125.356 80.0948 2.2
      vertex 125.002 80.4376 32.2
      vertex 125.356 80.0948 32.2
    endloop
  endfacet
  facet normal 0.695651 0.71838 0
    outer loop
      vertex 125.002 80.4376 32.2
      vertex 125.356 80.0948 2.2
      vertex 125.002 80.4376 2.2
    endloop
  endfacet
  facet normal 0.602661 -0.797998 0
    outer loop
      vertex 124.609 74.0656 2.2
      vertex 125.002 74.3624 32.2
      vertex 124.609 74.0656 32.2
    endloop
  endfacet
  facet normal 0.602661 -0.797998 0
    outer loop
      vertex 125.002 74.3624 32.2
      vertex 124.609 74.0656 2.2
      vertex 125.002 74.3624 2.2
    endloop
  endfacet
  facet normal 0.778845 0.627217 0
    outer loop
      vertex 125.665 79.7111 32.2
      vertex 125.356 80.0948 2.2
      vertex 125.356 80.0948 32.2
    endloop
  endfacet
  facet normal 0.778845 0.627217 0
    outer loop
      vertex 125.356 80.0948 2.2
      vertex 125.665 79.7111 32.2
      vertex 125.665 79.7111 2.2
    endloop
  endfacet
  facet normal -0.969855 -0.243682 0
    outer loop
      vertex 118.588 76.1874 2.2
      vertex 118.468 76.665 32.2
      vertex 118.468 76.665 2.2
    endloop
  endfacet
  facet normal -0.969855 -0.243682 0
    outer loop
      vertex 118.468 76.665 32.2
      vertex 118.588 76.1874 2.2
      vertex 118.588 76.1874 32.2
    endloop
  endfacet
  facet normal 0.778845 -0.627217 0
    outer loop
      vertex 125.356 74.7052 32.2
      vertex 125.665 75.0889 2.2
      vertex 125.665 75.0889 32.2
    endloop
  endfacet
  facet normal 0.778845 -0.627217 0
    outer loop
      vertex 125.665 75.0889 2.2
      vertex 125.356 74.7052 32.2
      vertex 125.356 74.7052 2.2
    endloop
  endfacet
  facet normal -0.650708 0.759328 0
    outer loop
      vertex 119.989 80.5921 2.2
      vertex 119.615 80.2716 32.2
      vertex 119.989 80.5921 32.2
    endloop
  endfacet
  facet normal -0.650708 0.759328 0
    outer loop
      vertex 119.615 80.2716 32.2
      vertex 119.989 80.5921 2.2
      vertex 119.615 80.2716 2.2
    endloop
  endfacet
  facet normal -0.881012 0.473095 0
    outer loop
      vertex 118.766 79.0718 2.2
      vertex 118.999 79.5057 32.2
      vertex 118.999 79.5057 2.2
    endloop
  endfacet
  facet normal -0.881012 0.473095 0
    outer loop
      vertex 118.999 79.5057 32.2
      vertex 118.766 79.0718 2.2
      vertex 118.766 79.0718 32.2
    endloop
  endfacet
  facet normal 0.500532 0.865718 -0
    outer loop
      vertex 124.609 80.7344 2.2
      vertex 124.183 80.9807 32.2
      vertex 124.609 80.7344 32.2
    endloop
  endfacet
  facet normal 0.500532 0.865718 0
    outer loop
      vertex 124.183 80.9807 32.2
      vertex 124.609 80.7344 2.2
      vertex 124.183 80.9807 2.2
    endloop
  endfacet
  facet normal -0.650708 -0.759328 0
    outer loop
      vertex 119.615 74.5284 2.2
      vertex 119.989 74.2079 32.2
      vertex 119.615 74.5284 32.2
    endloop
  endfacet
  facet normal -0.650708 -0.759328 -0
    outer loop
      vertex 119.989 74.2079 32.2
      vertex 119.615 74.5284 2.2
      vertex 119.989 74.2079 2.2
    endloop
  endfacet
  facet normal 0.389508 -0.921023 0
    outer loop
      vertex 123.729 73.6274 2.2
      vertex 124.183 73.8194 32.2
      vertex 123.729 73.6274 32.2
    endloop
  endfacet
  facet normal 0.389508 -0.921023 0
    outer loop
      vertex 124.183 73.8194 32.2
      vertex 123.729 73.6274 2.2
      vertex 124.183 73.8194 2.2
    endloop
  endfacet
  facet normal -0.445589 -0.895238 0
    outer loop
      vertex 120.4 73.9359 2.2
      vertex 120.841 73.7164 32.2
      vertex 120.4 73.9359 32.2
    endloop
  endfacet
  facet normal -0.445589 -0.895238 -0
    outer loop
      vertex 120.841 73.7164 32.2
      vertex 120.4 73.9359 2.2
      vertex 120.841 73.7164 2.2
    endloop
  endfacet
  facet normal 0.0308796 0.999523 -0
    outer loop
      vertex 122.769 81.3829 2.2
      vertex 122.277 81.3981 32.2
      vertex 122.769 81.3829 32.2
    endloop
  endfacet
  facet normal 0.0308796 0.999523 0
    outer loop
      vertex 122.277 81.3981 32.2
      vertex 122.769 81.3829 2.2
      vertex 122.277 81.3981 2.2
    endloop
  endfacet
  facet normal -0.99255 -0.121835 0
    outer loop
      vertex 118.468 76.665 2.2
      vertex 118.408 77.1538 32.2
      vertex 118.408 77.1538 2.2
    endloop
  endfacet
  facet normal -0.99255 -0.121835 0
    outer loop
      vertex 118.408 77.1538 32.2
      vertex 118.468 76.665 2.2
      vertex 118.468 76.665 32.2
    endloop
  endfacet
  facet normal 0.953115 -0.302608 0
    outer loop
      vertex 126.13 75.955 32.2
      vertex 126.279 76.4243 2.2
      vertex 126.279 76.4243 32.2
    endloop
  endfacet
  facet normal 0.953115 -0.302608 0
    outer loop
      vertex 126.279 76.4243 2.2
      vertex 126.13 75.955 32.2
      vertex 126.13 75.955 2.2
    endloop
  endfacet
  facet normal 0 0 1
    outer loop
      vertex 123.7 77.4 32.2
      vertex 126.4 77.4 32.2
      vertex 126.37 77.8916 32.2
    endloop
  endfacet
  facet normal 0 0 1
    outer loop
      vertex 123.7 77.4 32.2
      vertex 126.37 77.8916 32.2
      vertex 126.279 78.3757 32.2
    endloop
  endfacet
  facet normal 0 0 1
    outer loop
      vertex 126.4 77.4 32.2
      vertex 123.7 77.4 32.2
      vertex 126.37 76.9084 32.2
    endloop
  endfacet
  facet normal 0 0 1
    outer loop
      vertex 123.612 77.8696 32.2
      vertex 126.279 78.3757 32.2
      vertex 126.13 78.845 32.2
    endloop
  endfacet
  facet normal 0 0 1
    outer loop
      vertex 126.37 76.9084 32.2
      vertex 123.7 77.4 32.2
      vertex 126.279 76.4243 32.2
    endloop
  endfacet
  facet normal 0 0 1
    outer loop
      vertex 123.612 77.8696 32.2
      vertex 126.13 78.845 32.2
      vertex 125.924 79.2924 32.2
    endloop
  endfacet
  facet normal -0 0 1
    outer loop
      vertex 123.612 76.9304 32.2
      vertex 126.279 76.4243 32.2
      vertex 123.7 77.4 32.2
    endloop
  endfacet
  facet normal 0 0 1
    outer loop
      vertex 123.612 77.8696 32.2
      vertex 125.924 79.2924 32.2
      vertex 125.665 79.7111 32.2
    endloop
  endfacet
  facet normal 0 0 1
    outer loop
      vertex 126.279 76.4243 32.2
      vertex 123.612 76.9304 32.2
      vertex 126.13 75.955 32.2
    endloop
  endfacet
  facet normal 0 0 1
    outer loop
      vertex 123.361 78.2758 32.2
      vertex 125.665 79.7111 32.2
      vertex 125.356 80.0948 32.2
    endloop
  endfacet
  facet normal 0 0 1
    outer loop
      vertex 126.13 75.955 32.2
      vertex 123.612 76.9304 32.2
      vertex 125.924 75.5076 32.2
    endloop
  endfacet
  facet normal 0 0 1
    outer loop
      vertex 123.361 78.2758 32.2
      vertex 125.356 80.0948 32.2
      vertex 125.002 80.4376 32.2
    endloop
  endfacet
  facet normal 0 0 1
    outer loop
      vertex 125.924 75.5076 32.2
      vertex 123.612 76.9304 32.2
      vertex 125.665 75.0889 32.2
    endloop
  endfacet
  facet normal 0 0 1
    outer loop
      vertex 123.361 78.2758 32.2
      vertex 125.002 80.4376 32.2
      vertex 124.609 80.7344 32.2
    endloop
  endfacet
  facet normal -0 0 1
    outer loop
      vertex 123.361 76.5242 32.2
      vertex 125.665 75.0889 32.2
      vertex 123.612 76.9304 32.2
    endloop
  endfacet
  facet normal 0 0 1
    outer loop
      vertex 122.979 78.5637 32.2
      vertex 124.609 80.7344 32.2
      vertex 124.183 80.9807 32.2
    endloop
  endfacet
  facet normal 0 0 1
    outer loop
      vertex 125.665 75.0889 32.2
      vertex 123.361 76.5242 32.2
      vertex 125.356 74.7052 32.2
    endloop
  endfacet
  facet normal 0 0 1
    outer loop
      vertex 122.979 78.5637 32.2
      vertex 124.183 80.9807 32.2
      vertex 123.729 81.1726 32.2
    endloop
  endfacet
  facet normal 0 0 1
    outer loop
      vertex 125.356 74.7052 32.2
      vertex 123.361 76.5242 32.2
      vertex 125.002 74.3624 32.2
    endloop
  endfacet
  facet normal 0 0 1
    outer loop
      vertex 125.002 74.3624 32.2
      vertex 123.361 76.5242 32.2
      vertex 124.609 74.0656 32.2
    endloop
  endfacet
  facet normal 0 0 1
    outer loop
      vertex 126.279 78.3757 32.2
      vertex 123.612 77.8696 32.2
      vertex 123.7 77.4 32.2
    endloop
  endfacet
  facet normal 0 0 1
    outer loop
      vertex 125.665 79.7111 32.2
      vertex 123.361 78.2758 32.2
      vertex 123.612 77.8696 32.2
    endloop
  endfacet
  facet normal 0 0 1
    outer loop
      vertex 122.979 78.5637 32.2
      vertex 123.729 81.1726 32.2
      vertex 123.256 81.3074 32.2
    endloop
  endfacet
  facet normal 0 0 1
    outer loop
      vertex 124.609 80.7344 32.2
      vertex 122.979 78.5637 32.2
      vertex 123.361 78.2758 32.2
    endloop
  endfacet
  facet normal 0 0 1
    outer loop
      vertex 122.52 78.6945 32.2
      vertex 123.256 81.3074 32.2
      vertex 122.769 81.3829 32.2
    endloop
  endfacet
  facet normal 0 0 1
    outer loop
      vertex 123.256 81.3074 32.2
      vertex 122.52 78.6945 32.2
      vertex 122.979 78.5637 32.2
    endloop
  endfacet
  facet normal 0 0 1
    outer loop
      vertex 122.277 81.3981 32.2
      vertex 122.52 78.6945 32.2
      vertex 122.769 81.3829 32.2
    endloop
  endfacet
  facet normal 0 0 1
    outer loop
      vertex 122.277 81.3981 32.2
      vertex 122.044 78.6504 32.2
      vertex 122.52 78.6945 32.2
    endloop
  endfacet
  facet normal -0 0 1
    outer loop
      vertex 121.786 81.3527 32.2
      vertex 122.044 78.6504 32.2
      vertex 122.277 81.3981 32.2
    endloop
  endfacet
  facet normal -0 0 1
    outer loop
      vertex 121.305 81.2473 32.2
      vertex 122.044 78.6504 32.2
      vertex 121.786 81.3527 32.2
    endloop
  endfacet
  facet normal -0 0 1
    outer loop
      vertex 120.841 81.0836 32.2
      vertex 122.044 78.6504 32.2
      vertex 121.305 81.2473 32.2
    endloop
  endfacet
  facet normal 0 0 1
    outer loop
      vertex 122.044 78.6504 32.2
      vertex 120.841 81.0836 32.2
      vertex 121.617 78.4374 32.2
    endloop
  endfacet
  facet normal -0 0 1
    outer loop
      vertex 120.4 80.8641 32.2
      vertex 121.617 78.4374 32.2
      vertex 120.841 81.0836 32.2
    endloop
  endfacet
  facet normal -0 0 1
    outer loop
      vertex 119.615 80.2716 32.2
      vertex 121.617 78.4374 32.2
      vertex 119.989 80.5921 32.2
    endloop
  endfacet
  facet normal -0 0 1
    outer loop
      vertex 119.989 80.5921 32.2
      vertex 121.617 78.4374 32.2
      vertex 120.4 80.8641 32.2
    endloop
  endfacet
  facet normal -0 0 1
    outer loop
      vertex 122.979 76.2363 32.2
      vertex 124.609 74.0656 32.2
      vertex 123.361 76.5242 32.2
    endloop
  endfacet
  facet normal 0 0 1
    outer loop
      vertex 124.609 74.0656 32.2
      vertex 122.979 76.2363 32.2
      vertex 124.183 73.8194 32.2
    endloop
  endfacet
  facet normal 0 0 1
    outer loop
      vertex 124.183 73.8194 32.2
      vertex 122.979 76.2363 32.2
      vertex 123.729 73.6274 32.2
    endloop
  endfacet
  facet normal 0 0 1
    outer loop
      vertex 123.729 73.6274 32.2
      vertex 122.979 76.2363 32.2
      vertex 123.256 73.4926 32.2
    endloop
  endfacet
  facet normal -0 0 1
    outer loop
      vertex 122.52 76.1055 32.2
      vertex 123.256 73.4926 32.2
      vertex 122.979 76.2363 32.2
    endloop
  endfacet
  facet normal 0 0 1
    outer loop
      vertex 123.256 73.4926 32.2
      vertex 122.52 76.1055 32.2
      vertex 122.769 73.4171 32.2
    endloop
  endfacet
  facet normal 0 0 1
    outer loop
      vertex 122.52 76.1055 32.2
      vertex 122.277 73.4019 32.2
      vertex 122.769 73.4171 32.2
    endloop
  endfacet
  facet normal 0 0 1
    outer loop
      vertex 122.044 76.1496 32.2
      vertex 122.277 73.4019 32.2
      vertex 122.52 76.1055 32.2
    endloop
  endfacet
  facet normal 0 0 1
    outer loop
      vertex 122.044 76.1496 32.2
      vertex 121.786 73.4473 32.2
      vertex 122.277 73.4019 32.2
    endloop
  endfacet
  facet normal 0 0 1
    outer loop
      vertex 120.841 73.7164 32.2
      vertex 122.044 76.1496 32.2
      vertex 121.617 76.3626 32.2
    endloop
  endfacet
  facet normal 0 0 1
    outer loop
      vertex 122.044 76.1496 32.2
      vertex 121.305 73.5527 32.2
      vertex 121.786 73.4473 32.2
    endloop
  endfacet
  facet normal 0 0 1
    outer loop
      vertex 119.615 74.5284 32.2
      vertex 121.617 76.3626 32.2
      vertex 121.295 76.7156 32.2
    endloop
  endfacet
  facet normal 0 0 1
    outer loop
      vertex 118.766 75.7282 32.2
      vertex 121.295 76.7156 32.2
      vertex 121.122 77.1611 32.2
    endloop
  endfacet
  facet normal 0 0 1
    outer loop
      vertex 121.617 78.4374 32.2
      vertex 119.615 80.2716 32.2
      vertex 121.295 78.0844 32.2
    endloop
  endfacet
  facet normal 0 0 1
    outer loop
      vertex 122.044 76.1496 32.2
      vertex 120.841 73.7164 32.2
      vertex 121.305 73.5527 32.2
    endloop
  endfacet
  facet normal -0 0 1
    outer loop
      vertex 119.284 79.9077 32.2
      vertex 121.295 78.0844 32.2
      vertex 119.615 80.2716 32.2
    endloop
  endfacet
  facet normal 0 0 1
    outer loop
      vertex 121.617 76.3626 32.2
      vertex 120.4 73.9359 32.2
      vertex 120.841 73.7164 32.2
    endloop
  endfacet
  facet normal -0 0 1
    outer loop
      vertex 118.999 79.5057 32.2
      vertex 121.295 78.0844 32.2
      vertex 119.284 79.9077 32.2
    endloop
  endfacet
  facet normal 0 0 1
    outer loop
      vertex 121.617 76.3626 32.2
      vertex 119.989 74.2079 32.2
      vertex 120.4 73.9359 32.2
    endloop
  endfacet
  facet normal -0 0 1
    outer loop
      vertex 118.766 79.0718 32.2
      vertex 121.295 78.0844 32.2
      vertex 118.999 79.5057 32.2
    endloop
  endfacet
  facet normal 0 0 1
    outer loop
      vertex 121.617 76.3626 32.2
      vertex 119.615 74.5284 32.2
      vertex 119.989 74.2079 32.2
    endloop
  endfacet
  facet normal 0 0 1
    outer loop
      vertex 121.295 78.0844 32.2
      vertex 118.766 79.0718 32.2
      vertex 121.122 77.6389 32.2
    endloop
  endfacet
  facet normal 0 0 1
    outer loop
      vertex 121.295 76.7156 32.2
      vertex 119.284 74.8923 32.2
      vertex 119.615 74.5284 32.2
    endloop
  endfacet
  facet normal -0 0 1
    outer loop
      vertex 118.588 78.6126 32.2
      vertex 121.122 77.6389 32.2
      vertex 118.766 79.0718 32.2
    endloop
  endfacet
  facet normal 0 0 1
    outer loop
      vertex 121.295 76.7156 32.2
      vertex 118.999 75.2943 32.2
      vertex 119.284 74.8923 32.2
    endloop
  endfacet
  facet normal -0 0 1
    outer loop
      vertex 118.468 78.135 32.2
      vertex 121.122 77.6389 32.2
      vertex 118.588 78.6126 32.2
    endloop
  endfacet
  facet normal 0 0 1
    outer loop
      vertex 121.295 76.7156 32.2
      vertex 118.766 75.7282 32.2
      vertex 118.999 75.2943 32.2
    endloop
  endfacet
  facet normal -0 0 1
    outer loop
      vertex 118.408 77.6462 32.2
      vertex 121.122 77.6389 32.2
      vertex 118.468 78.135 32.2
    endloop
  endfacet
  facet normal 0 0 1
    outer loop
      vertex 121.122 77.1611 32.2
      vertex 118.588 76.1874 32.2
      vertex 118.766 75.7282 32.2
    endloop
  endfacet
  facet normal 0 0 1
    outer loop
      vertex 121.122 77.6389 32.2
      vertex 118.408 77.6462 32.2
      vertex 121.122 77.1611 32.2
    endloop
  endfacet
  facet normal 0 0 1
    outer loop
      vertex 121.122 77.1611 32.2
      vertex 118.468 76.665 32.2
      vertex 118.588 76.1874 32.2
    endloop
  endfacet
  facet normal 0 0 1
    outer loop
      vertex 118.408 77.1538 32.2
      vertex 121.122 77.1611 32.2
      vertex 118.408 77.6462 32.2
    endloop
  endfacet
  facet normal 0 0 1
    outer loop
      vertex 121.122 77.1611 32.2
      vertex 118.408 77.1538 32.2
      vertex 118.468 76.665 32.2
    endloop
  endfacet
  facet normal -0.881012 -0.473095 0
    outer loop
      vertex 118.999 75.2943 2.2
      vertex 118.766 75.7282 32.2
      vertex 118.766 75.7282 2.2
    endloop
  endfacet
  facet normal -0.881012 -0.473095 0
    outer loop
      vertex 118.766 75.7282 32.2
      vertex 118.999 75.2943 2.2
      vertex 118.999 75.2943 32.2
    endloop
  endfacet
  facet normal -0.969855 0.243682 0
    outer loop
      vertex 118.468 78.135 2.2
      vertex 118.588 78.6126 32.2
      vertex 118.588 78.6126 2.2
    endloop
  endfacet
  facet normal -0.969855 0.243682 0
    outer loop
      vertex 118.588 78.6126 32.2
      vertex 118.468 78.135 2.2
      vertex 118.468 78.135 32.2
    endloop
  endfacet
  facet normal -0.332703 0.943032 0
    outer loop
      vertex 121.305 81.2473 2.2
      vertex 120.841 81.0836 32.2
      vertex 121.305 81.2473 32.2
    endloop
  endfacet
  facet normal -0.332703 0.943032 0
    outer loop
      vertex 120.841 81.0836 32.2
      vertex 121.305 81.2473 2.2
      vertex 120.841 81.0836 2.2
    endloop
  endfacet
  facet normal 0.695651 -0.71838 0
    outer loop
      vertex 125.002 74.3624 2.2
      vertex 125.356 74.7052 32.2
      vertex 125.002 74.3624 32.2
    endloop
  endfacet
  facet normal 0.695651 -0.71838 0
    outer loop
      vertex 125.356 74.7052 32.2
      vertex 125.002 74.3624 2.2
      vertex 125.356 74.7052 2.2
    endloop
  endfacet
  facet normal -0.739756 -0.672875 0
    outer loop
      vertex 119.615 74.5284 2.2
      vertex 119.284 74.8923 32.2
      vertex 119.284 74.8923 2.2
    endloop
  endfacet
  facet normal -0.739756 -0.672875 0
    outer loop
      vertex 119.284 74.8923 32.2
      vertex 119.615 74.5284 2.2
      vertex 119.615 74.5284 32.2
    endloop
  endfacet
  facet normal 0.153201 0.988195 -0
    outer loop
      vertex 123.256 81.3074 2.2
      vertex 122.769 81.3829 32.2
      vertex 123.256 81.3074 32.2
    endloop
  endfacet
  facet normal 0.153201 0.988195 0
    outer loop
      vertex 122.769 81.3829 32.2
      vertex 123.256 81.3074 2.2
      vertex 122.769 81.3829 2.2
    endloop
  endfacet
  facet normal -0.9324 -0.361427 0
    outer loop
      vertex 118.766 75.7282 2.2
      vertex 118.588 76.1874 32.2
      vertex 118.588 76.1874 2.2
    endloop
  endfacet
  facet normal -0.9324 -0.361427 0
    outer loop
      vertex 118.588 76.1874 32.2
      vertex 118.766 75.7282 2.2
      vertex 118.766 75.7282 32.2
    endloop
  endfacet
  facet normal -0.815785 -0.578355 0
    outer loop
      vertex 119.284 74.8923 2.2
      vertex 118.999 75.2943 32.2
      vertex 118.999 75.2943 2.2
    endloop
  endfacet
  facet normal -0.815785 -0.578355 0
    outer loop
      vertex 118.999 75.2943 32.2
      vertex 119.284 74.8923 2.2
      vertex 119.284 74.8923 32.2
    endloop
  endfacet
  facet normal 0.0308796 -0.999523 0
    outer loop
      vertex 122.277 73.4019 2.2
      vertex 122.769 73.4171 32.2
      vertex 122.277 73.4019 32.2
    endloop
  endfacet
  facet normal 0.0308796 -0.999523 0
    outer loop
      vertex 122.769 73.4171 32.2
      vertex 122.277 73.4019 2.2
      vertex 122.769 73.4171 2.2
    endloop
  endfacet
  facet normal -0.551888 0.833918 0
    outer loop
      vertex 120.4 80.8641 2.2
      vertex 119.989 80.5921 32.2
      vertex 120.4 80.8641 32.2
    endloop
  endfacet
  facet normal -0.551888 0.833918 0
    outer loop
      vertex 119.989 80.5921 32.2
      vertex 120.4 80.8641 2.2
      vertex 119.989 80.5921 2.2
    endloop
  endfacet
  facet normal -0.99255 0.121835 0
    outer loop
      vertex 118.408 77.6462 2.2
      vertex 118.468 78.135 32.2
      vertex 118.468 78.135 2.2
    endloop
  endfacet
  facet normal -0.99255 0.121835 0
    outer loop
      vertex 118.468 78.135 32.2
      vertex 118.408 77.6462 2.2
      vertex 118.408 77.6462 32.2
    endloop
  endfacet
  facet normal -0.0920716 0.995752 0
    outer loop
      vertex 122.277 81.3981 2.2
      vertex 121.786 81.3527 32.2
      vertex 122.277 81.3981 32.2
    endloop
  endfacet
  facet normal -0.0920716 0.995752 0
    outer loop
      vertex 121.786 81.3527 32.2
      vertex 122.277 81.3981 2.2
      vertex 121.786 81.3527 2.2
    endloop
  endfacet
  facet normal 0.500379 -0.865806 0
    outer loop
      vertex 124.183 73.8194 2.2
      vertex 124.609 74.0656 32.2
      vertex 124.183 73.8194 32.2
    endloop
  endfacet
  facet normal 0.500379 -0.865806 0
    outer loop
      vertex 124.609 74.0656 32.2
      vertex 124.183 73.8194 2.2
      vertex 124.609 74.0656 2.2
    endloop
  endfacet
  facet normal -1 0 0
    outer loop
      vertex 118.408 77.1538 2.2
      vertex 118.408 77.6462 32.2
      vertex 118.408 77.6462 2.2
    endloop
  endfacet
  facet normal -1 -0 0
    outer loop
      vertex 118.408 77.6462 32.2
      vertex 118.408 77.1538 2.2
      vertex 118.408 77.1538 32.2
    endloop
  endfacet
  facet normal -0.9324 0.361427 0
    outer loop
      vertex 118.588 78.6126 2.2
      vertex 118.766 79.0718 32.2
      vertex 118.766 79.0718 2.2
    endloop
  endfacet
  facet normal -0.9324 0.361427 0
    outer loop
      vertex 118.766 79.0718 32.2
      vertex 118.588 78.6126 2.2
      vertex 118.588 78.6126 32.2
    endloop
  endfacet
  facet normal -0.332703 -0.943032 0
    outer loop
      vertex 120.841 73.7164 2.2
      vertex 121.305 73.5527 32.2
      vertex 120.841 73.7164 32.2
    endloop
  endfacet
  facet normal -0.332703 -0.943032 -0
    outer loop
      vertex 121.305 73.5527 32.2
      vertex 120.841 73.7164 2.2
      vertex 121.305 73.5527 2.2
    endloop
  endfacet
  facet normal -0.850693 -0.525662 0
    outer loop
      vertex 123.612 77.8696 20
      vertex 123.361 78.2758 32.2
      vertex 123.361 78.2758 20
    endloop
  endfacet
  facet normal -0.850693 -0.525662 0
    outer loop
      vertex 123.361 78.2758 32.2
      vertex 123.612 77.8696 20
      vertex 123.612 77.8696 32.2
    endloop
  endfacet
  facet normal -0.982891 -0.184187 0
    outer loop
      vertex 123.7 77.4 20
      vertex 123.612 77.8696 32.2
      vertex 123.612 77.8696 20
    endloop
  endfacet
  facet normal -0.982891 -0.184187 0
    outer loop
      vertex 123.612 77.8696 32.2
      vertex 123.7 77.4 20
      vertex 123.7 77.4 32.2
    endloop
  endfacet
  facet normal -0.601871 -0.798593 0
    outer loop
      vertex 122.979 78.5637 20
      vertex 123.361 78.2758 32.2
      vertex 122.979 78.5637 32.2
    endloop
  endfacet
  facet normal -0.601871 -0.798593 -0
    outer loop
      vertex 123.361 78.2758 32.2
      vertex 122.979 78.5637 20
      vertex 123.361 78.2758 20
    endloop
  endfacet
  facet normal -0.982891 0.184187 0
    outer loop
      vertex 123.612 76.9304 20
      vertex 123.7 77.4 32.2
      vertex 123.7 77.4 20
    endloop
  endfacet
  facet normal -0.982891 0.184187 0
    outer loop
      vertex 123.7 77.4 32.2
      vertex 123.612 76.9304 20
      vertex 123.612 76.9304 32.2
    endloop
  endfacet
  facet normal 0.092252 -0.995736 0
    outer loop
      vertex 122.044 78.6504 20
      vertex 122.52 78.6945 32.2
      vertex 122.044 78.6504 32.2
    endloop
  endfacet
  facet normal 0.092252 -0.995736 0
    outer loop
      vertex 122.52 78.6945 32.2
      vertex 122.044 78.6504 20
      vertex 122.52 78.6945 20
    endloop
  endfacet
  facet normal -0.850693 0.525662 0
    outer loop
      vertex 123.361 76.5242 20
      vertex 123.612 76.9304 32.2
      vertex 123.612 76.9304 20
    endloop
  endfacet
  facet normal -0.850693 0.525662 0
    outer loop
      vertex 123.612 76.9304 32.2
      vertex 123.361 76.5242 20
      vertex 123.361 76.5242 32.2
    endloop
  endfacet
  facet normal -0.274057 -0.961713 0
    outer loop
      vertex 122.52 78.6945 20
      vertex 122.979 78.5637 32.2
      vertex 122.52 78.6945 32.2
    endloop
  endfacet
  facet normal -0.274057 -0.961713 -0
    outer loop
      vertex 122.979 78.5637 32.2
      vertex 122.52 78.6945 20
      vertex 122.979 78.5637 20
    endloop
  endfacet
  facet normal 0.738803 -0.673922 0
    outer loop
      vertex 121.295 78.0844 32.2
      vertex 121.617 78.4374 20
      vertex 121.617 78.4374 32.2
    endloop
  endfacet
  facet normal 0.738803 -0.673922 0
    outer loop
      vertex 121.617 78.4374 20
      vertex 121.295 78.0844 32.2
      vertex 121.295 78.0844 20
    endloop
  endfacet
  facet normal 0.092252 0.995736 -0
    outer loop
      vertex 122.52 76.1055 20
      vertex 122.044 76.1496 32.2
      vertex 122.52 76.1055 32.2
    endloop
  endfacet
  facet normal 0.092252 0.995736 0
    outer loop
      vertex 122.044 76.1496 32.2
      vertex 122.52 76.1055 20
      vertex 122.044 76.1496 20
    endloop
  endfacet
  facet normal -0.274057 0.961713 0
    outer loop
      vertex 122.979 76.2363 20
      vertex 122.52 76.1055 32.2
      vertex 122.979 76.2363 32.2
    endloop
  endfacet
  facet normal -0.274057 0.961713 0
    outer loop
      vertex 122.52 76.1055 32.2
      vertex 122.979 76.2363 20
      vertex 122.52 76.1055 20
    endloop
  endfacet
  facet normal -0.601871 0.798593 0
    outer loop
      vertex 123.361 76.5242 20
      vertex 122.979 76.2363 32.2
      vertex 123.361 76.5242 32.2
    endloop
  endfacet
  facet normal -0.601871 0.798593 0
    outer loop
      vertex 122.979 76.2363 32.2
      vertex 123.361 76.5242 20
      vertex 122.979 76.2363 20
    endloop
  endfacet
  facet normal 1 -0 0
    outer loop
      vertex 121.122 77.1611 32.2
      vertex 121.122 77.6389 20
      vertex 121.122 77.6389 32.2
    endloop
  endfacet
  facet normal 1 0 0
    outer loop
      vertex 121.122 77.6389 20
      vertex 121.122 77.1611 32.2
      vertex 121.122 77.1611 20
    endloop
  endfacet
  facet normal 0.738803 0.673922 0
    outer loop
      vertex 121.617 76.3626 32.2
      vertex 121.295 76.7156 20
      vertex 121.295 76.7156 32.2
    endloop
  endfacet
  facet normal 0.738803 0.673922 0
    outer loop
      vertex 121.295 76.7156 20
      vertex 121.617 76.3626 32.2
      vertex 121.617 76.3626 20
    endloop
  endfacet
  facet normal 0.446375 -0.894846 0
    outer loop
      vertex 121.617 78.4374 20
      vertex 122.044 78.6504 32.2
      vertex 121.617 78.4374 32.2
    endloop
  endfacet
  facet normal 0.446375 -0.894846 0
    outer loop
      vertex 122.044 78.6504 32.2
      vertex 121.617 78.4374 20
      vertex 122.044 78.6504 20
    endloop
  endfacet
  facet normal 0.932181 -0.361992 0
    outer loop
      vertex 121.122 77.6389 32.2
      vertex 121.295 78.0844 20
      vertex 121.295 78.0844 32.2
    endloop
  endfacet
  facet normal 0.932181 -0.361992 0
    outer loop
      vertex 121.295 78.0844 20
      vertex 121.122 77.6389 32.2
      vertex 121.122 77.6389 20
    endloop
  endfacet
  facet normal 0.932181 0.361992 0
    outer loop
      vertex 121.295 76.7156 32.2
      vertex 121.122 77.1611 20
      vertex 121.122 77.1611 32.2
    endloop
  endfacet
  facet normal 0.932181 0.361992 0
    outer loop
      vertex 121.122 77.1611 20
      vertex 121.295 76.7156 32.2
      vertex 121.295 76.7156 20
    endloop
  endfacet
  facet normal 0 0 1
    outer loop
      vertex 123.612 77.8696 20
      vertex 123.612 76.9304 20
      vertex 123.7 77.4 20
    endloop
  endfacet
  facet normal 0 0 1
    outer loop
      vertex 123.361 78.2758 20
      vertex 123.612 76.9304 20
      vertex 123.612 77.8696 20
    endloop
  endfacet
  facet normal 0 0 1
    outer loop
      vertex 123.361 78.2758 20
      vertex 123.361 76.5242 20
      vertex 123.612 76.9304 20
    endloop
  endfacet
  facet normal 0 0 1
    outer loop
      vertex 122.979 78.5637 20
      vertex 123.361 76.5242 20
      vertex 123.361 78.2758 20
    endloop
  endfacet
  facet normal 0 0 1
    outer loop
      vertex 122.979 78.5637 20
      vertex 122.979 76.2363 20
      vertex 123.361 76.5242 20
    endloop
  endfacet
  facet normal 0 0 1
    outer loop
      vertex 122.52 78.6945 20
      vertex 122.979 76.2363 20
      vertex 122.979 78.5637 20
    endloop
  endfacet
  facet normal 0 0 1
    outer loop
      vertex 122.52 78.6945 20
      vertex 122.52 76.1055 20
      vertex 122.979 76.2363 20
    endloop
  endfacet
  facet normal -0 0 1
    outer loop
      vertex 122.044 78.6504 20
      vertex 122.52 76.1055 20
      vertex 122.52 78.6945 20
    endloop
  endfacet
  facet normal 0 0 1
    outer loop
      vertex 122.044 78.6504 20
      vertex 122.044 76.1496 20
      vertex 122.52 76.1055 20
    endloop
  endfacet
  facet normal -0 0 1
    outer loop
      vertex 121.617 78.4374 20
      vertex 122.044 76.1496 20
      vertex 122.044 78.6504 20
    endloop
  endfacet
  facet normal 0 0 1
    outer loop
      vertex 121.617 78.4374 20
      vertex 121.617 76.3626 20
      vertex 122.044 76.1496 20
    endloop
  endfacet
  facet normal -0 0 1
    outer loop
      vertex 121.295 78.0844 20
      vertex 121.617 76.3626 20
      vertex 121.617 78.4374 20
    endloop
  endfacet
  facet normal 0 0 1
    outer loop
      vertex 121.295 78.0844 20
      vertex 121.295 76.7156 20
      vertex 121.617 76.3626 20
    endloop
  endfacet
  facet normal -0 0 1
    outer loop
      vertex 121.122 77.6389 20
      vertex 121.295 76.7156 20
      vertex 121.295 78.0844 20
    endloop
  endfacet
  facet normal 0 0 1
    outer loop
      vertex 121.295 76.7156 20
      vertex 121.122 77.6389 20
      vertex 121.122 77.1611 20
    endloop
  endfacet
  facet normal 0.446375 0.894846 -0
    outer loop
      vertex 122.044 76.1496 20
      vertex 121.617 76.3626 32.2
      vertex 122.044 76.1496 32.2
    endloop
  endfacet
  facet normal 0.446375 0.894846 0
    outer loop
      vertex 121.617 76.3626 32.2
      vertex 122.044 76.1496 20
      vertex 121.617 76.3626 20
    endloop
  endfacet
  facet normal -0.164661 0.98635 0
    outer loop
      vertex 12.6523 34.8898 2.2
      vertex 12.1635 34.8082 6.2
      vertex 12.6523 34.8898 6.2
    endloop
  endfacet
  facet normal -0.164661 0.98635 0
    outer loop
      vertex 12.1635 34.8082 6.2
      vertex 12.6523 34.8898 2.2
      vertex 12.1635 34.8082 2.2
    endloop
  endfacet
  facet normal 0.969414 0.245431 0
    outer loop
      vertex 15.8591 32.3938 6.2
      vertex 15.7375 32.8741 2.2
      vertex 15.7375 32.8741 6.2
    endloop
  endfacet
  facet normal 0.969414 0.245431 0
    outer loop
      vertex 15.7375 32.8741 2.2
      vertex 15.8591 32.3938 6.2
      vertex 15.8591 32.3938 2.2
    endloop
  endfacet
  facet normal 0.996587 0.0825444 0
    outer loop
      vertex 15.9 31.9 6.2
      vertex 15.8591 32.3938 2.2
      vertex 15.8591 32.3938 6.2
    endloop
  endfacet
  facet normal 0.996587 0.0825444 0
    outer loop
      vertex 15.8591 32.3938 2.2
      vertex 15.9 31.9 6.2
      vertex 15.9 31.9 2.2
    endloop
  endfacet
  facet normal 0.915707 0.401846 0
    outer loop
      vertex 15.7375 32.8741 6.2
      vertex 15.5384 33.3278 2.2
      vertex 15.5384 33.3278 6.2
    endloop
  endfacet
  facet normal 0.915707 0.401846 0
    outer loop
      vertex 15.5384 33.3278 2.2
      vertex 15.7375 32.8741 6.2
      vertex 15.7375 32.8741 2.2
    endloop
  endfacet
  facet normal 0.475964 -0.879464 0
    outer loop
      vertex 14.1051 29.1527 2.2
      vertex 14.5408 29.3885 6.2
      vertex 14.1051 29.1527 6.2
    endloop
  endfacet
  facet normal 0.475964 -0.879464 0
    outer loop
      vertex 14.5408 29.3885 6.2
      vertex 14.1051 29.1527 2.2
      vertex 14.5408 29.3885 2.2
    endloop
  endfacet
  facet normal -0.324753 -0.945799 0
    outer loop
      vertex 11.6949 29.1527 2.2
      vertex 12.1635 28.9918 6.2
      vertex 11.6949 29.1527 6.2
    endloop
  endfacet
  facet normal -0.324753 -0.945799 -0
    outer loop
      vertex 12.1635 28.9918 6.2
      vertex 11.6949 29.1527 2.2
      vertex 12.1635 28.9918 2.2
    endloop
  endfacet
  facet normal -0.996584 -0.0825845 0
    outer loop
      vertex 9.94092 31.4062 2.2
      vertex 9.9 31.9 6.2
      vertex 9.9 31.9 2.2
    endloop
  endfacet
  facet normal -0.996584 -0.0825845 0
    outer loop
      vertex 9.9 31.9 6.2
      vertex 9.94092 31.4062 2.2
      vertex 9.94092 31.4062 6.2
    endloop
  endfacet
  facet normal 0.996587 -0.0825444 0
    outer loop
      vertex 15.8591 31.4062 6.2
      vertex 15.9 31.9 2.2
      vertex 15.9 31.9 6.2
    endloop
  endfacet
  facet normal 0.996587 -0.0825444 0
    outer loop
      vertex 15.9 31.9 2.2
      vertex 15.8591 31.4062 6.2
      vertex 15.8591 31.4062 2.2
    endloop
  endfacet
  facet normal 0.837169 0.546945 0
    outer loop
      vertex 15.5384 33.3278 6.2
      vertex 15.2674 33.7426 2.2
      vertex 15.2674 33.7426 6.2
    endloop
  endfacet
  facet normal 0.837169 0.546945 0
    outer loop
      vertex 15.2674 33.7426 2.2
      vertex 15.5384 33.3278 6.2
      vertex 15.5384 33.3278 2.2
    endloop
  endfacet
  facet normal 0.837169 -0.546945 0
    outer loop
      vertex 15.2674 30.0574 6.2
      vertex 15.5384 30.4722 2.2
      vertex 15.5384 30.4722 6.2
    endloop
  endfacet
  facet normal 0.837169 -0.546945 0
    outer loop
      vertex 15.5384 30.4722 2.2
      vertex 15.2674 30.0574 6.2
      vertex 15.2674 30.0574 2.2
    endloop
  endfacet
  facet normal -0.996584 0.0825845 0
    outer loop
      vertex 9.9 31.9 2.2
      vertex 9.94092 32.3938 6.2
      vertex 9.94092 32.3938 2.2
    endloop
  endfacet
  facet normal -0.996584 0.0825845 0
    outer loop
      vertex 9.94092 32.3938 6.2
      vertex 9.9 31.9 2.2
      vertex 9.9 31.9 6.2
    endloop
  endfacet
  facet normal -0.735762 0.67724 0
    outer loop
      vertex 10.5326 33.7426 2.2
      vertex 10.8682 34.1072 6.2
      vertex 10.8682 34.1072 2.2
    endloop
  endfacet
  facet normal -0.735762 0.67724 0
    outer loop
      vertex 10.8682 34.1072 6.2
      vertex 10.5326 33.7426 2.2
      vertex 10.5326 33.7426 6.2
    endloop
  endfacet
  facet normal 0 1 -0
    outer loop
      vertex 13.1477 34.8898 2.2
      vertex 12.6523 34.8898 6.2
      vertex 13.1477 34.8898 6.2
    endloop
  endfacet
  facet normal 0 1 0
    outer loop
      vertex 12.6523 34.8898 6.2
      vertex 13.1477 34.8898 2.2
      vertex 12.6523 34.8898 2.2
    endloop
  endfacet
  facet normal 0.164661 -0.98635 0
    outer loop
      vertex 13.1477 28.9102 2.2
      vertex 13.6365 28.9918 6.2
      vertex 13.1477 28.9102 6.2
    endloop
  endfacet
  facet normal 0.164661 -0.98635 0
    outer loop
      vertex 13.6365 28.9918 6.2
      vertex 13.1477 28.9102 2.2
      vertex 13.6365 28.9918 2.2
    endloop
  endfacet
  facet normal -0.614178 0.789167 0
    outer loop
      vertex 11.2592 34.4115 2.2
      vertex 10.8682 34.1072 6.2
      vertex 11.2592 34.4115 6.2
    endloop
  endfacet
  facet normal -0.614178 0.789167 0
    outer loop
      vertex 10.8682 34.1072 6.2
      vertex 11.2592 34.4115 2.2
      vertex 10.8682 34.1072 2.2
    endloop
  endfacet
  facet normal -0.969424 -0.245394 0
    outer loop
      vertex 10.0625 30.9259 2.2
      vertex 9.94092 31.4062 6.2
      vertex 9.94092 31.4062 2.2
    endloop
  endfacet
  facet normal -0.969424 -0.245394 0
    outer loop
      vertex 9.94092 31.4062 6.2
      vertex 10.0625 30.9259 2.2
      vertex 10.0625 30.9259 6.2
    endloop
  endfacet
  facet normal -0.475964 0.879464 0
    outer loop
      vertex 11.6949 34.6473 2.2
      vertex 11.2592 34.4115 6.2
      vertex 11.6949 34.6473 6.2
    endloop
  endfacet
  facet normal -0.475964 0.879464 0
    outer loop
      vertex 11.2592 34.4115 6.2
      vertex 11.6949 34.6473 2.2
      vertex 11.2592 34.4115 2.2
    endloop
  endfacet
  facet normal 0.475964 0.879464 -0
    outer loop
      vertex 14.5408 34.4115 2.2
      vertex 14.1051 34.6473 6.2
      vertex 14.5408 34.4115 6.2
    endloop
  endfacet
  facet normal 0.475964 0.879464 0
    outer loop
      vertex 14.1051 34.6473 6.2
      vertex 14.5408 34.4115 2.2
      vertex 14.1051 34.6473 2.2
    endloop
  endfacet
  facet normal 0.735762 -0.67724 0
    outer loop
      vertex 14.9318 29.6928 6.2
      vertex 15.2674 30.0574 2.2
      vertex 15.2674 30.0574 6.2
    endloop
  endfacet
  facet normal 0.735762 -0.67724 0
    outer loop
      vertex 15.2674 30.0574 2.2
      vertex 14.9318 29.6928 6.2
      vertex 14.9318 29.6928 2.2
    endloop
  endfacet
  facet normal 0.324753 -0.945799 0
    outer loop
      vertex 13.6365 28.9918 2.2
      vertex 14.1051 29.1527 6.2
      vertex 13.6365 28.9918 6.2
    endloop
  endfacet
  facet normal 0.324753 -0.945799 0
    outer loop
      vertex 14.1051 29.1527 6.2
      vertex 13.6365 28.9918 2.2
      vertex 14.1051 29.1527 2.2
    endloop
  endfacet
  facet normal -0.735762 -0.67724 0
    outer loop
      vertex 10.8682 29.6928 2.2
      vertex 10.5326 30.0574 6.2
      vertex 10.5326 30.0574 2.2
    endloop
  endfacet
  facet normal -0.735762 -0.67724 0
    outer loop
      vertex 10.5326 30.0574 6.2
      vertex 10.8682 29.6928 2.2
      vertex 10.8682 29.6928 6.2
    endloop
  endfacet
  facet normal 0.969414 -0.245431 0
    outer loop
      vertex 15.7375 30.9259 6.2
      vertex 15.8591 31.4062 2.2
      vertex 15.8591 31.4062 6.2
    endloop
  endfacet
  facet normal 0.969414 -0.245431 0
    outer loop
      vertex 15.8591 31.4062 2.2
      vertex 15.7375 30.9259 6.2
      vertex 15.7375 30.9259 2.2
    endloop
  endfacet
  facet normal -0.475964 -0.879464 0
    outer loop
      vertex 11.2592 29.3885 2.2
      vertex 11.6949 29.1527 6.2
      vertex 11.2592 29.3885 6.2
    endloop
  endfacet
  facet normal -0.475964 -0.879464 -0
    outer loop
      vertex 11.6949 29.1527 6.2
      vertex 11.2592 29.3885 2.2
      vertex 11.6949 29.1527 2.2
    endloop
  endfacet
  facet normal 0.324753 0.945799 -0
    outer loop
      vertex 14.1051 34.6473 2.2
      vertex 13.6365 34.8082 6.2
      vertex 14.1051 34.6473 6.2
    endloop
  endfacet
  facet normal 0.324753 0.945799 0
    outer loop
      vertex 13.6365 34.8082 6.2
      vertex 14.1051 34.6473 2.2
      vertex 13.6365 34.8082 2.2
    endloop
  endfacet
  facet normal 0.614178 0.789167 -0
    outer loop
      vertex 14.9318 34.1072 2.2
      vertex 14.5408 34.4115 6.2
      vertex 14.9318 34.1072 6.2
    endloop
  endfacet
  facet normal 0.614178 0.789167 0
    outer loop
      vertex 14.5408 34.4115 6.2
      vertex 14.9318 34.1072 2.2
      vertex 14.5408 34.4115 2.2
    endloop
  endfacet
  facet normal -0.837169 -0.546945 0
    outer loop
      vertex 10.5326 30.0574 2.2
      vertex 10.2616 30.4722 6.2
      vertex 10.2616 30.4722 2.2
    endloop
  endfacet
  facet normal -0.837169 -0.546945 0
    outer loop
      vertex 10.2616 30.4722 6.2
      vertex 10.5326 30.0574 2.2
      vertex 10.5326 30.0574 6.2
    endloop
  endfacet
  facet normal -0.915707 -0.401846 0
    outer loop
      vertex 10.2616 30.4722 2.2
      vertex 10.0625 30.9259 6.2
      vertex 10.0625 30.9259 2.2
    endloop
  endfacet
  facet normal -0.915707 -0.401846 0
    outer loop
      vertex 10.0625 30.9259 6.2
      vertex 10.2616 30.4722 2.2
      vertex 10.2616 30.4722 6.2
    endloop
  endfacet
  facet normal -0.915707 0.401846 0
    outer loop
      vertex 10.0625 32.8741 2.2
      vertex 10.2616 33.3278 6.2
      vertex 10.2616 33.3278 2.2
    endloop
  endfacet
  facet normal -0.915707 0.401846 0
    outer loop
      vertex 10.2616 33.3278 6.2
      vertex 10.0625 32.8741 2.2
      vertex 10.0625 32.8741 6.2
    endloop
  endfacet
  facet normal 0.735762 0.67724 0
    outer loop
      vertex 15.2674 33.7426 6.2
      vertex 14.9318 34.1072 2.2
      vertex 14.9318 34.1072 6.2
    endloop
  endfacet
  facet normal 0.735762 0.67724 0
    outer loop
      vertex 14.9318 34.1072 2.2
      vertex 15.2674 33.7426 6.2
      vertex 15.2674 33.7426 2.2
    endloop
  endfacet
  facet normal 0 -1 0
    outer loop
      vertex 12.6523 28.9102 2.2
      vertex 13.1477 28.9102 6.2
      vertex 12.6523 28.9102 6.2
    endloop
  endfacet
  facet normal 0 -1 -0
    outer loop
      vertex 13.1477 28.9102 6.2
      vertex 12.6523 28.9102 2.2
      vertex 13.1477 28.9102 2.2
    endloop
  endfacet
  facet normal 0.915707 -0.401846 0
    outer loop
      vertex 15.5384 30.4722 6.2
      vertex 15.7375 30.9259 2.2
      vertex 15.7375 30.9259 6.2
    endloop
  endfacet
  facet normal 0.915707 -0.401846 0
    outer loop
      vertex 15.7375 30.9259 2.2
      vertex 15.5384 30.4722 6.2
      vertex 15.5384 30.4722 2.2
    endloop
  endfacet
  facet normal -0.969424 0.245394 0
    outer loop
      vertex 9.94092 32.3938 2.2
      vertex 10.0625 32.8741 6.2
      vertex 10.0625 32.8741 2.2
    endloop
  endfacet
  facet normal -0.969424 0.245394 0
    outer loop
      vertex 10.0625 32.8741 6.2
      vertex 9.94092 32.3938 2.2
      vertex 9.94092 32.3938 6.2
    endloop
  endfacet
  facet normal -0.837169 0.546945 0
    outer loop
      vertex 10.2616 33.3278 2.2
      vertex 10.5326 33.7426 6.2
      vertex 10.5326 33.7426 2.2
    endloop
  endfacet
  facet normal -0.837169 0.546945 0
    outer loop
      vertex 10.5326 33.7426 6.2
      vertex 10.2616 33.3278 2.2
      vertex 10.2616 33.3278 6.2
    endloop
  endfacet
  facet normal 0.164661 0.98635 -0
    outer loop
      vertex 13.6365 34.8082 2.2
      vertex 13.1477 34.8898 6.2
      vertex 13.6365 34.8082 6.2
    endloop
  endfacet
  facet normal 0.164661 0.98635 0
    outer loop
      vertex 13.1477 34.8898 6.2
      vertex 13.6365 34.8082 2.2
      vertex 13.1477 34.8898 2.2
    endloop
  endfacet
  facet normal 0 0 1
    outer loop
      vertex 13.9 31.9 6.2
      vertex 15.9 31.9 6.2
      vertex 15.8591 32.3938 6.2
    endloop
  endfacet
  facet normal 0 0 1
    outer loop
      vertex 13.7855 32.3647 6.2
      vertex 15.8591 32.3938 6.2
      vertex 15.7375 32.8741 6.2
    endloop
  endfacet
  facet normal 0 0 1
    outer loop
      vertex 15.9 31.9 6.2
      vertex 13.9 31.9 6.2
      vertex 15.8591 31.4062 6.2
    endloop
  endfacet
  facet normal 0 0 1
    outer loop
      vertex 13.7855 32.3647 6.2
      vertex 15.7375 32.8741 6.2
      vertex 15.5384 33.3278 6.2
    endloop
  endfacet
  facet normal -0 0 1
    outer loop
      vertex 13.7855 31.4353 6.2
      vertex 15.8591 31.4062 6.2
      vertex 13.9 31.9 6.2
    endloop
  endfacet
  facet normal 0 0 1
    outer loop
      vertex 13.7855 32.3647 6.2
      vertex 15.5384 33.3278 6.2
      vertex 15.2674 33.7426 6.2
    endloop
  endfacet
  facet normal 0 0 1
    outer loop
      vertex 15.8591 31.4062 6.2
      vertex 13.7855 31.4353 6.2
      vertex 15.7375 30.9259 6.2
    endloop
  endfacet
  facet normal 0 0 1
    outer loop
      vertex 13.4681 32.723 6.2
      vertex 15.2674 33.7426 6.2
      vertex 14.9318 34.1072 6.2
    endloop
  endfacet
  facet normal 0 0 1
    outer loop
      vertex 15.7375 30.9259 6.2
      vertex 13.7855 31.4353 6.2
      vertex 15.5384 30.4722 6.2
    endloop
  endfacet
  facet normal 0 0 1
    outer loop
      vertex 13.4681 32.723 6.2
      vertex 14.9318 34.1072 6.2
      vertex 14.5408 34.4115 6.2
    endloop
  endfacet
  facet normal 0 0 1
    outer loop
      vertex 15.5384 30.4722 6.2
      vertex 13.7855 31.4353 6.2
      vertex 15.2674 30.0574 6.2
    endloop
  endfacet
  facet normal 0 0 1
    outer loop
      vertex 13.4681 32.723 6.2
      vertex 14.5408 34.4115 6.2
      vertex 14.1051 34.6473 6.2
    endloop
  endfacet
  facet normal -0 0 1
    outer loop
      vertex 13.4681 31.077 6.2
      vertex 15.2674 30.0574 6.2
      vertex 13.7855 31.4353 6.2
    endloop
  endfacet
  facet normal 0 0 1
    outer loop
      vertex 15.2674 30.0574 6.2
      vertex 13.4681 31.077 6.2
      vertex 14.9318 29.6928 6.2
    endloop
  endfacet
  facet normal 0 0 1
    outer loop
      vertex 15.8591 32.3938 6.2
      vertex 13.7855 32.3647 6.2
      vertex 13.9 31.9 6.2
    endloop
  endfacet
  facet normal 0 0 1
    outer loop
      vertex 13.0205 32.8927 6.2
      vertex 14.1051 34.6473 6.2
      vertex 13.6365 34.8082 6.2
    endloop
  endfacet
  facet normal 0 0 1
    outer loop
      vertex 15.2674 33.7426 6.2
      vertex 13.4681 32.723 6.2
      vertex 13.7855 32.3647 6.2
    endloop
  endfacet
  facet normal 0 0 1
    outer loop
      vertex 13.0205 32.8927 6.2
      vertex 13.6365 34.8082 6.2
      vertex 13.1477 34.8898 6.2
    endloop
  endfacet
  facet normal 0 0 1
    outer loop
      vertex 14.1051 34.6473 6.2
      vertex 13.0205 32.8927 6.2
      vertex 13.4681 32.723 6.2
    endloop
  endfacet
  facet normal -0 0 1
    outer loop
      vertex 12.6523 34.8898 6.2
      vertex 13.0205 32.8927 6.2
      vertex 13.1477 34.8898 6.2
    endloop
  endfacet
  facet normal 0 0 1
    outer loop
      vertex 12.6523 34.8898 6.2
      vertex 12.5454 32.835 6.2
      vertex 13.0205 32.8927 6.2
    endloop
  endfacet
  facet normal -0 0 1
    outer loop
      vertex 12.1635 34.8082 6.2
      vertex 12.5454 32.835 6.2
      vertex 12.6523 34.8898 6.2
    endloop
  endfacet
  facet normal -0 0 1
    outer loop
      vertex 11.6949 34.6473 6.2
      vertex 12.5454 32.835 6.2
      vertex 12.1635 34.8082 6.2
    endloop
  endfacet
  facet normal -0 0 1
    outer loop
      vertex 11.2592 34.4115 6.2
      vertex 12.5454 32.835 6.2
      vertex 11.6949 34.6473 6.2
    endloop
  endfacet
  facet normal -0 0 1
    outer loop
      vertex 10.8682 34.1072 6.2
      vertex 12.1515 32.5631 6.2
      vertex 11.2592 34.4115 6.2
    endloop
  endfacet
  facet normal 0 0 1
    outer loop
      vertex 12.5454 32.835 6.2
      vertex 11.2592 34.4115 6.2
      vertex 12.1515 32.5631 6.2
    endloop
  endfacet
  facet normal 0 0 1
    outer loop
      vertex 14.9318 29.6928 6.2
      vertex 13.4681 31.077 6.2
      vertex 14.5408 29.3885 6.2
    endloop
  endfacet
  facet normal 0 0 1
    outer loop
      vertex 14.5408 29.3885 6.2
      vertex 13.4681 31.077 6.2
      vertex 14.1051 29.1527 6.2
    endloop
  endfacet
  facet normal -0 0 1
    outer loop
      vertex 13.0205 30.9073 6.2
      vertex 14.1051 29.1527 6.2
      vertex 13.4681 31.077 6.2
    endloop
  endfacet
  facet normal 0 0 1
    outer loop
      vertex 14.1051 29.1527 6.2
      vertex 13.0205 30.9073 6.2
      vertex 13.6365 28.9918 6.2
    endloop
  endfacet
  facet normal 0 0 1
    outer loop
      vertex 13.6365 28.9918 6.2
      vertex 13.0205 30.9073 6.2
      vertex 13.1477 28.9102 6.2
    endloop
  endfacet
  facet normal 0 0 1
    outer loop
      vertex 13.0205 30.9073 6.2
      vertex 12.6523 28.9102 6.2
      vertex 13.1477 28.9102 6.2
    endloop
  endfacet
  facet normal 0 0 1
    outer loop
      vertex 12.5454 30.965 6.2
      vertex 12.6523 28.9102 6.2
      vertex 13.0205 30.9073 6.2
    endloop
  endfacet
  facet normal 0 0 1
    outer loop
      vertex 12.5454 30.965 6.2
      vertex 12.1635 28.9918 6.2
      vertex 12.6523 28.9102 6.2
    endloop
  endfacet
  facet normal 0 0 1
    outer loop
      vertex 11.2592 29.3885 6.2
      vertex 12.5454 30.965 6.2
      vertex 12.1515 31.2369 6.2
    endloop
  endfacet
  facet normal 0 0 1
    outer loop
      vertex 10.2616 30.4722 6.2
      vertex 12.1515 31.2369 6.2
      vertex 11.9291 31.6607 6.2
    endloop
  endfacet
  facet normal 0 0 1
    outer loop
      vertex 12.5454 30.965 6.2
      vertex 11.6949 29.1527 6.2
      vertex 12.1635 28.9918 6.2
    endloop
  endfacet
  facet normal -0 0 1
    outer loop
      vertex 10.5326 33.7426 6.2
      vertex 12.1515 32.5631 6.2
      vertex 10.8682 34.1072 6.2
    endloop
  endfacet
  facet normal -0 0 1
    outer loop
      vertex 10.2616 33.3278 6.2
      vertex 12.1515 32.5631 6.2
      vertex 10.5326 33.7426 6.2
    endloop
  endfacet
  facet normal 0 0 1
    outer loop
      vertex 12.5454 30.965 6.2
      vertex 11.2592 29.3885 6.2
      vertex 11.6949 29.1527 6.2
    endloop
  endfacet
  facet normal 0 0 1
    outer loop
      vertex 12.1515 32.5631 6.2
      vertex 10.2616 33.3278 6.2
      vertex 11.9291 32.1393 6.2
    endloop
  endfacet
  facet normal 0 0 1
    outer loop
      vertex 12.1515 31.2369 6.2
      vertex 10.8682 29.6928 6.2
      vertex 11.2592 29.3885 6.2
    endloop
  endfacet
  facet normal -0 0 1
    outer loop
      vertex 10.0625 32.8741 6.2
      vertex 11.9291 32.1393 6.2
      vertex 10.2616 33.3278 6.2
    endloop
  endfacet
  facet normal 0 0 1
    outer loop
      vertex 12.1515 31.2369 6.2
      vertex 10.5326 30.0574 6.2
      vertex 10.8682 29.6928 6.2
    endloop
  endfacet
  facet normal -0 0 1
    outer loop
      vertex 9.94092 32.3938 6.2
      vertex 11.9291 32.1393 6.2
      vertex 10.0625 32.8741 6.2
    endloop
  endfacet
  facet normal 0 0 1
    outer loop
      vertex 12.1515 31.2369 6.2
      vertex 10.2616 30.4722 6.2
      vertex 10.5326 30.0574 6.2
    endloop
  endfacet
  facet normal 0 0 1
    outer loop
      vertex 9.9 31.9 6.2
      vertex 11.9291 32.1393 6.2
      vertex 9.94092 32.3938 6.2
    endloop
  endfacet
  facet normal 0 0 1
    outer loop
      vertex 11.9291 31.6607 6.2
      vertex 10.0625 30.9259 6.2
      vertex 10.2616 30.4722 6.2
    endloop
  endfacet
  facet normal 0 0 1
    outer loop
      vertex 11.9291 32.1393 6.2
      vertex 9.9 31.9 6.2
      vertex 11.9291 31.6607 6.2
    endloop
  endfacet
  facet normal 0 0 1
    outer loop
      vertex 11.9291 31.6607 6.2
      vertex 9.94092 31.4062 6.2
      vertex 10.0625 30.9259 6.2
    endloop
  endfacet
  facet normal 0 0 1
    outer loop
      vertex 11.9291 31.6607 6.2
      vertex 9.9 31.9 6.2
      vertex 9.94092 31.4062 6.2
    endloop
  endfacet
  facet normal 0.614178 -0.789167 0
    outer loop
      vertex 14.5408 29.3885 2.2
      vertex 14.9318 29.6928 6.2
      vertex 14.5408 29.3885 6.2
    endloop
  endfacet
  facet normal 0.614178 -0.789167 0
    outer loop
      vertex 14.9318 29.6928 6.2
      vertex 14.5408 29.3885 2.2
      vertex 14.9318 29.6928 2.2
    endloop
  endfacet
  facet normal -0.324753 0.945799 0
    outer loop
      vertex 12.1635 34.8082 2.2
      vertex 11.6949 34.6473 6.2
      vertex 12.1635 34.8082 6.2
    endloop
  endfacet
  facet normal -0.324753 0.945799 0
    outer loop
      vertex 11.6949 34.6473 6.2
      vertex 12.1635 34.8082 2.2
      vertex 11.6949 34.6473 2.2
    endloop
  endfacet
  facet normal -0.614178 -0.789167 0
    outer loop
      vertex 10.8682 29.6928 2.2
      vertex 11.2592 29.3885 6.2
      vertex 10.8682 29.6928 6.2
    endloop
  endfacet
  facet normal -0.614178 -0.789167 -0
    outer loop
      vertex 11.2592 29.3885 6.2
      vertex 10.8682 29.6928 2.2
      vertex 11.2592 29.3885 2.2
    endloop
  endfacet
  facet normal -0.164661 -0.98635 0
    outer loop
      vertex 12.1635 28.9918 2.2
      vertex 12.6523 28.9102 6.2
      vertex 12.1635 28.9918 6.2
    endloop
  endfacet
  facet normal -0.164661 -0.98635 -0
    outer loop
      vertex 12.6523 28.9102 6.2
      vertex 12.1635 28.9918 2.2
      vertex 12.6523 28.9102 2.2
    endloop
  endfacet
  facet normal 0.56808 -0.822974 0
    outer loop
      vertex 12.1515 32.5631 2.2
      vertex 12.5454 32.835 6.2
      vertex 12.1515 32.5631 6.2
    endloop
  endfacet
  facet normal 0.56808 -0.822974 0
    outer loop
      vertex 12.5454 32.835 6.2
      vertex 12.1515 32.5631 2.2
      vertex 12.5454 32.835 2.2
    endloop
  endfacet
  facet normal -0.748538 -0.663092 0
    outer loop
      vertex 13.7855 32.3647 2.2
      vertex 13.4681 32.723 6.2
      vertex 13.4681 32.723 2.2
    endloop
  endfacet
  facet normal -0.748538 -0.663092 0
    outer loop
      vertex 13.4681 32.723 6.2
      vertex 13.7855 32.3647 2.2
      vertex 13.7855 32.3647 6.2
    endloop
  endfacet
  facet normal -0.97096 -0.23924 0
    outer loop
      vertex 13.9 31.9 2.2
      vertex 13.7855 32.3647 6.2
      vertex 13.7855 32.3647 2.2
    endloop
  endfacet
  facet normal -0.97096 -0.23924 0
    outer loop
      vertex 13.7855 32.3647 6.2
      vertex 13.9 31.9 2.2
      vertex 13.9 31.9 6.2
    endloop
  endfacet
  facet normal 1 -0 0
    outer loop
      vertex 11.9291 31.6607 6.2
      vertex 11.9291 32.1393 2.2
      vertex 11.9291 32.1393 6.2
    endloop
  endfacet
  facet normal 1 0 0
    outer loop
      vertex 11.9291 32.1393 2.2
      vertex 11.9291 31.6607 6.2
      vertex 11.9291 31.6607 2.2
    endloop
  endfacet
  facet normal 0.88548 -0.464678 0
    outer loop
      vertex 11.9291 32.1393 6.2
      vertex 12.1515 32.5631 2.2
      vertex 12.1515 32.5631 6.2
    endloop
  endfacet
  facet normal 0.88548 -0.464678 0
    outer loop
      vertex 12.1515 32.5631 2.2
      vertex 11.9291 32.1393 6.2
      vertex 11.9291 32.1393 2.2
    endloop
  endfacet
  facet normal -0.97096 0.23924 0
    outer loop
      vertex 13.7855 31.4353 2.2
      vertex 13.9 31.9 6.2
      vertex 13.9 31.9 2.2
    endloop
  endfacet
  facet normal -0.97096 0.23924 0
    outer loop
      vertex 13.9 31.9 6.2
      vertex 13.7855 31.4353 2.2
      vertex 13.7855 31.4353 6.2
    endloop
  endfacet
  facet normal 0.120562 0.992706 -0
    outer loop
      vertex 13.0205 30.9073 2.2
      vertex 12.5454 30.965 6.2
      vertex 13.0205 30.9073 6.2
    endloop
  endfacet
  facet normal 0.120562 0.992706 0
    outer loop
      vertex 12.5454 30.965 6.2
      vertex 13.0205 30.9073 2.2
      vertex 12.5454 30.965 2.2
    endloop
  endfacet
  facet normal -0.748538 0.663092 0
    outer loop
      vertex 13.4681 31.077 2.2
      vertex 13.7855 31.4353 6.2
      vertex 13.7855 31.4353 2.2
    endloop
  endfacet
  facet normal -0.748538 0.663092 0
    outer loop
      vertex 13.7855 31.4353 6.2
      vertex 13.4681 31.077 2.2
      vertex 13.4681 31.077 6.2
    endloop
  endfacet
  facet normal -0.354509 0.935052 0
    outer loop
      vertex 13.4681 31.077 2.2
      vertex 13.0205 30.9073 6.2
      vertex 13.4681 31.077 6.2
    endloop
  endfacet
  facet normal -0.354509 0.935052 0
    outer loop
      vertex 13.0205 30.9073 6.2
      vertex 13.4681 31.077 2.2
      vertex 13.0205 30.9073 2.2
    endloop
  endfacet
  facet normal 0.120562 -0.992706 0
    outer loop
      vertex 12.5454 32.835 2.2
      vertex 13.0205 32.8927 6.2
      vertex 12.5454 32.835 6.2
    endloop
  endfacet
  facet normal 0.120562 -0.992706 0
    outer loop
      vertex 13.0205 32.8927 6.2
      vertex 12.5454 32.835 2.2
      vertex 13.0205 32.8927 2.2
    endloop
  endfacet
  facet normal -0.354509 -0.935052 0
    outer loop
      vertex 13.0205 32.8927 2.2
      vertex 13.4681 32.723 6.2
      vertex 13.0205 32.8927 6.2
    endloop
  endfacet
  facet normal -0.354509 -0.935052 -0
    outer loop
      vertex 13.4681 32.723 6.2
      vertex 13.0205 32.8927 2.2
      vertex 13.4681 32.723 2.2
    endloop
  endfacet
  facet normal 0.56808 0.822974 -0
    outer loop
      vertex 12.5454 30.965 2.2
      vertex 12.1515 31.2369 6.2
      vertex 12.5454 30.965 6.2
    endloop
  endfacet
  facet normal 0.56808 0.822974 0
    outer loop
      vertex 12.1515 31.2369 6.2
      vertex 12.5454 30.965 2.2
      vertex 12.1515 31.2369 2.2
    endloop
  endfacet
  facet normal 0.88548 0.464678 0
    outer loop
      vertex 12.1515 31.2369 6.2
      vertex 11.9291 31.6607 2.2
      vertex 11.9291 31.6607 6.2
    endloop
  endfacet
  facet normal 0.88548 0.464678 0
    outer loop
      vertex 11.9291 31.6607 2.2
      vertex 12.1515 31.2369 6.2
      vertex 12.1515 31.2369 2.2
    endloop
  endfacet
  facet normal -0.164661 0.98635 0
    outer loop
      vertex 12.6523 56.3898 2.2
      vertex 12.1635 56.3082 6.2
      vertex 12.6523 56.3898 6.2
    endloop
  endfacet
  facet normal -0.164661 0.98635 0
    outer loop
      vertex 12.1635 56.3082 6.2
      vertex 12.6523 56.3898 2.2
      vertex 12.1635 56.3082 2.2
    endloop
  endfacet
  facet normal 0.969414 0.245431 0
    outer loop
      vertex 15.8591 53.8938 6.2
      vertex 15.7375 54.3741 2.2
      vertex 15.7375 54.3741 6.2
    endloop
  endfacet
  facet normal 0.969414 0.245431 0
    outer loop
      vertex 15.7375 54.3741 2.2
      vertex 15.8591 53.8938 6.2
      vertex 15.8591 53.8938 2.2
    endloop
  endfacet
  facet normal 0.996587 0.0825444 0
    outer loop
      vertex 15.9 53.4 6.2
      vertex 15.8591 53.8938 2.2
      vertex 15.8591 53.8938 6.2
    endloop
  endfacet
  facet normal 0.996587 0.0825444 0
    outer loop
      vertex 15.8591 53.8938 2.2
      vertex 15.9 53.4 6.2
      vertex 15.9 53.4 2.2
    endloop
  endfacet
  facet normal 0.915707 0.401846 0
    outer loop
      vertex 15.7375 54.3741 6.2
      vertex 15.5384 54.8278 2.2
      vertex 15.5384 54.8278 6.2
    endloop
  endfacet
  facet normal 0.915707 0.401846 0
    outer loop
      vertex 15.5384 54.8278 2.2
      vertex 15.7375 54.3741 6.2
      vertex 15.7375 54.3741 2.2
    endloop
  endfacet
  facet normal 0.475964 -0.879464 0
    outer loop
      vertex 14.1051 50.6527 2.2
      vertex 14.5408 50.8885 6.2
      vertex 14.1051 50.6527 6.2
    endloop
  endfacet
  facet normal 0.475964 -0.879464 0
    outer loop
      vertex 14.5408 50.8885 6.2
      vertex 14.1051 50.6527 2.2
      vertex 14.5408 50.8885 2.2
    endloop
  endfacet
  facet normal -0.324753 -0.945799 0
    outer loop
      vertex 11.6949 50.6527 2.2
      vertex 12.1635 50.4918 6.2
      vertex 11.6949 50.6527 6.2
    endloop
  endfacet
  facet normal -0.324753 -0.945799 -0
    outer loop
      vertex 12.1635 50.4918 6.2
      vertex 11.6949 50.6527 2.2
      vertex 12.1635 50.4918 2.2
    endloop
  endfacet
  facet normal -0.996584 -0.0825845 0
    outer loop
      vertex 9.94092 52.9062 2.2
      vertex 9.9 53.4 6.2
      vertex 9.9 53.4 2.2
    endloop
  endfacet
  facet normal -0.996584 -0.0825845 0
    outer loop
      vertex 9.9 53.4 6.2
      vertex 9.94092 52.9062 2.2
      vertex 9.94092 52.9062 6.2
    endloop
  endfacet
  facet normal 0.996587 -0.0825444 0
    outer loop
      vertex 15.8591 52.9062 6.2
      vertex 15.9 53.4 2.2
      vertex 15.9 53.4 6.2
    endloop
  endfacet
  facet normal 0.996587 -0.0825444 0
    outer loop
      vertex 15.9 53.4 2.2
      vertex 15.8591 52.9062 6.2
      vertex 15.8591 52.9062 2.2
    endloop
  endfacet
  facet normal 0.837169 0.546945 0
    outer loop
      vertex 15.5384 54.8278 6.2
      vertex 15.2674 55.2426 2.2
      vertex 15.2674 55.2426 6.2
    endloop
  endfacet
  facet normal 0.837169 0.546945 0
    outer loop
      vertex 15.2674 55.2426 2.2
      vertex 15.5384 54.8278 6.2
      vertex 15.5384 54.8278 2.2
    endloop
  endfacet
  facet normal 0.837169 -0.546945 0
    outer loop
      vertex 15.2674 51.5574 6.2
      vertex 15.5384 51.9722 2.2
      vertex 15.5384 51.9722 6.2
    endloop
  endfacet
  facet normal 0.837169 -0.546945 0
    outer loop
      vertex 15.5384 51.9722 2.2
      vertex 15.2674 51.5574 6.2
      vertex 15.2674 51.5574 2.2
    endloop
  endfacet
  facet normal -0.996584 0.0825845 0
    outer loop
      vertex 9.9 53.4 2.2
      vertex 9.94092 53.8938 6.2
      vertex 9.94092 53.8938 2.2
    endloop
  endfacet
  facet normal -0.996584 0.0825845 0
    outer loop
      vertex 9.94092 53.8938 6.2
      vertex 9.9 53.4 2.2
      vertex 9.9 53.4 6.2
    endloop
  endfacet
  facet normal -0.735762 0.67724 0
    outer loop
      vertex 10.5326 55.2426 2.2
      vertex 10.8682 55.6072 6.2
      vertex 10.8682 55.6072 2.2
    endloop
  endfacet
  facet normal -0.735762 0.67724 0
    outer loop
      vertex 10.8682 55.6072 6.2
      vertex 10.5326 55.2426 2.2
      vertex 10.5326 55.2426 6.2
    endloop
  endfacet
  facet normal 0 1 -0
    outer loop
      vertex 13.1477 56.3898 2.2
      vertex 12.6523 56.3898 6.2
      vertex 13.1477 56.3898 6.2
    endloop
  endfacet
  facet normal 0 1 0
    outer loop
      vertex 12.6523 56.3898 6.2
      vertex 13.1477 56.3898 2.2
      vertex 12.6523 56.3898 2.2
    endloop
  endfacet
  facet normal 0.164661 -0.98635 0
    outer loop
      vertex 13.1477 50.4102 2.2
      vertex 13.6365 50.4918 6.2
      vertex 13.1477 50.4102 6.2
    endloop
  endfacet
  facet normal 0.164661 -0.98635 0
    outer loop
      vertex 13.6365 50.4918 6.2
      vertex 13.1477 50.4102 2.2
      vertex 13.6365 50.4918 2.2
    endloop
  endfacet
  facet normal -0.614178 0.789167 0
    outer loop
      vertex 11.2592 55.9115 2.2
      vertex 10.8682 55.6072 6.2
      vertex 11.2592 55.9115 6.2
    endloop
  endfacet
  facet normal -0.614178 0.789167 0
    outer loop
      vertex 10.8682 55.6072 6.2
      vertex 11.2592 55.9115 2.2
      vertex 10.8682 55.6072 2.2
    endloop
  endfacet
  facet normal -0.969424 -0.245394 0
    outer loop
      vertex 10.0625 52.4259 2.2
      vertex 9.94092 52.9062 6.2
      vertex 9.94092 52.9062 2.2
    endloop
  endfacet
  facet normal -0.969424 -0.245394 0
    outer loop
      vertex 9.94092 52.9062 6.2
      vertex 10.0625 52.4259 2.2
      vertex 10.0625 52.4259 6.2
    endloop
  endfacet
  facet normal -0.475964 0.879464 0
    outer loop
      vertex 11.6949 56.1473 2.2
      vertex 11.2592 55.9115 6.2
      vertex 11.6949 56.1473 6.2
    endloop
  endfacet
  facet normal -0.475964 0.879464 0
    outer loop
      vertex 11.2592 55.9115 6.2
      vertex 11.6949 56.1473 2.2
      vertex 11.2592 55.9115 2.2
    endloop
  endfacet
  facet normal 0.475964 0.879464 -0
    outer loop
      vertex 14.5408 55.9115 2.2
      vertex 14.1051 56.1473 6.2
      vertex 14.5408 55.9115 6.2
    endloop
  endfacet
  facet normal 0.475964 0.879464 0
    outer loop
      vertex 14.1051 56.1473 6.2
      vertex 14.5408 55.9115 2.2
      vertex 14.1051 56.1473 2.2
    endloop
  endfacet
  facet normal 0.735762 -0.67724 0
    outer loop
      vertex 14.9318 51.1928 6.2
      vertex 15.2674 51.5574 2.2
      vertex 15.2674 51.5574 6.2
    endloop
  endfacet
  facet normal 0.735762 -0.67724 0
    outer loop
      vertex 15.2674 51.5574 2.2
      vertex 14.9318 51.1928 6.2
      vertex 14.9318 51.1928 2.2
    endloop
  endfacet
  facet normal 0.324753 -0.945799 0
    outer loop
      vertex 13.6365 50.4918 2.2
      vertex 14.1051 50.6527 6.2
      vertex 13.6365 50.4918 6.2
    endloop
  endfacet
  facet normal 0.324753 -0.945799 0
    outer loop
      vertex 14.1051 50.6527 6.2
      vertex 13.6365 50.4918 2.2
      vertex 14.1051 50.6527 2.2
    endloop
  endfacet
  facet normal -0.735762 -0.67724 0
    outer loop
      vertex 10.8682 51.1928 2.2
      vertex 10.5326 51.5574 6.2
      vertex 10.5326 51.5574 2.2
    endloop
  endfacet
  facet normal -0.735762 -0.67724 0
    outer loop
      vertex 10.5326 51.5574 6.2
      vertex 10.8682 51.1928 2.2
      vertex 10.8682 51.1928 6.2
    endloop
  endfacet
  facet normal 0.969414 -0.245431 0
    outer loop
      vertex 15.7375 52.4259 6.2
      vertex 15.8591 52.9062 2.2
      vertex 15.8591 52.9062 6.2
    endloop
  endfacet
  facet normal 0.969414 -0.245431 0
    outer loop
      vertex 15.8591 52.9062 2.2
      vertex 15.7375 52.4259 6.2
      vertex 15.7375 52.4259 2.2
    endloop
  endfacet
  facet normal -0.475964 -0.879464 0
    outer loop
      vertex 11.2592 50.8885 2.2
      vertex 11.6949 50.6527 6.2
      vertex 11.2592 50.8885 6.2
    endloop
  endfacet
  facet normal -0.475964 -0.879464 -0
    outer loop
      vertex 11.6949 50.6527 6.2
      vertex 11.2592 50.8885 2.2
      vertex 11.6949 50.6527 2.2
    endloop
  endfacet
  facet normal 0.324753 0.945799 -0
    outer loop
      vertex 14.1051 56.1473 2.2
      vertex 13.6365 56.3082 6.2
      vertex 14.1051 56.1473 6.2
    endloop
  endfacet
  facet normal 0.324753 0.945799 0
    outer loop
      vertex 13.6365 56.3082 6.2
      vertex 14.1051 56.1473 2.2
      vertex 13.6365 56.3082 2.2
    endloop
  endfacet
  facet normal 0.614178 0.789167 -0
    outer loop
      vertex 14.9318 55.6072 2.2
      vertex 14.5408 55.9115 6.2
      vertex 14.9318 55.6072 6.2
    endloop
  endfacet
  facet normal 0.614178 0.789167 0
    outer loop
      vertex 14.5408 55.9115 6.2
      vertex 14.9318 55.6072 2.2
      vertex 14.5408 55.9115 2.2
    endloop
  endfacet
  facet normal -0.837169 -0.546945 0
    outer loop
      vertex 10.5326 51.5574 2.2
      vertex 10.2616 51.9722 6.2
      vertex 10.2616 51.9722 2.2
    endloop
  endfacet
  facet normal -0.837169 -0.546945 0
    outer loop
      vertex 10.2616 51.9722 6.2
      vertex 10.5326 51.5574 2.2
      vertex 10.5326 51.5574 6.2
    endloop
  endfacet
  facet normal -0.915707 -0.401846 0
    outer loop
      vertex 10.2616 51.9722 2.2
      vertex 10.0625 52.4259 6.2
      vertex 10.0625 52.4259 2.2
    endloop
  endfacet
  facet normal -0.915707 -0.401846 0
    outer loop
      vertex 10.0625 52.4259 6.2
      vertex 10.2616 51.9722 2.2
      vertex 10.2616 51.9722 6.2
    endloop
  endfacet
  facet normal -0.915707 0.401846 0
    outer loop
      vertex 10.0625 54.3741 2.2
      vertex 10.2616 54.8278 6.2
      vertex 10.2616 54.8278 2.2
    endloop
  endfacet
  facet normal -0.915707 0.401846 0
    outer loop
      vertex 10.2616 54.8278 6.2
      vertex 10.0625 54.3741 2.2
      vertex 10.0625 54.3741 6.2
    endloop
  endfacet
  facet normal 0.735762 0.67724 0
    outer loop
      vertex 15.2674 55.2426 6.2
      vertex 14.9318 55.6072 2.2
      vertex 14.9318 55.6072 6.2
    endloop
  endfacet
  facet normal 0.735762 0.67724 0
    outer loop
      vertex 14.9318 55.6072 2.2
      vertex 15.2674 55.2426 6.2
      vertex 15.2674 55.2426 2.2
    endloop
  endfacet
  facet normal 0 -1 0
    outer loop
      vertex 12.6523 50.4102 2.2
      vertex 13.1477 50.4102 6.2
      vertex 12.6523 50.4102 6.2
    endloop
  endfacet
  facet normal 0 -1 -0
    outer loop
      vertex 13.1477 50.4102 6.2
      vertex 12.6523 50.4102 2.2
      vertex 13.1477 50.4102 2.2
    endloop
  endfacet
  facet normal 0.915707 -0.401846 0
    outer loop
      vertex 15.5384 51.9722 6.2
      vertex 15.7375 52.4259 2.2
      vertex 15.7375 52.4259 6.2
    endloop
  endfacet
  facet normal 0.915707 -0.401846 0
    outer loop
      vertex 15.7375 52.4259 2.2
      vertex 15.5384 51.9722 6.2
      vertex 15.5384 51.9722 2.2
    endloop
  endfacet
  facet normal -0.969424 0.245394 0
    outer loop
      vertex 9.94092 53.8938 2.2
      vertex 10.0625 54.3741 6.2
      vertex 10.0625 54.3741 2.2
    endloop
  endfacet
  facet normal -0.969424 0.245394 0
    outer loop
      vertex 10.0625 54.3741 6.2
      vertex 9.94092 53.8938 2.2
      vertex 9.94092 53.8938 6.2
    endloop
  endfacet
  facet normal -0.837169 0.546945 0
    outer loop
      vertex 10.2616 54.8278 2.2
      vertex 10.5326 55.2426 6.2
      vertex 10.5326 55.2426 2.2
    endloop
  endfacet
  facet normal -0.837169 0.546945 0
    outer loop
      vertex 10.5326 55.2426 6.2
      vertex 10.2616 54.8278 2.2
      vertex 10.2616 54.8278 6.2
    endloop
  endfacet
  facet normal 0.164661 0.98635 -0
    outer loop
      vertex 13.6365 56.3082 2.2
      vertex 13.1477 56.3898 6.2
      vertex 13.6365 56.3082 6.2
    endloop
  endfacet
  facet normal 0.164661 0.98635 0
    outer loop
      vertex 13.1477 56.3898 6.2
      vertex 13.6365 56.3082 2.2
      vertex 13.1477 56.3898 2.2
    endloop
  endfacet
  facet normal 0 0 1
    outer loop
      vertex 13.9 53.4 6.2
      vertex 15.9 53.4 6.2
      vertex 15.8591 53.8938 6.2
    endloop
  endfacet
  facet normal 0 0 1
    outer loop
      vertex 13.7855 53.8647 6.2
      vertex 15.8591 53.8938 6.2
      vertex 15.7375 54.3741 6.2
    endloop
  endfacet
  facet normal 0 0 1
    outer loop
      vertex 15.9 53.4 6.2
      vertex 13.9 53.4 6.2
      vertex 15.8591 52.9062 6.2
    endloop
  endfacet
  facet normal 0 0 1
    outer loop
      vertex 13.7855 53.8647 6.2
      vertex 15.7375 54.3741 6.2
      vertex 15.5384 54.8278 6.2
    endloop
  endfacet
  facet normal -0 0 1
    outer loop
      vertex 13.7855 52.9353 6.2
      vertex 15.8591 52.9062 6.2
      vertex 13.9 53.4 6.2
    endloop
  endfacet
  facet normal 0 0 1
    outer loop
      vertex 13.7855 53.8647 6.2
      vertex 15.5384 54.8278 6.2
      vertex 15.2674 55.2426 6.2
    endloop
  endfacet
  facet normal 0 0 1
    outer loop
      vertex 15.8591 52.9062 6.2
      vertex 13.7855 52.9353 6.2
      vertex 15.7375 52.4259 6.2
    endloop
  endfacet
  facet normal 0 0 1
    outer loop
      vertex 13.4681 54.223 6.2
      vertex 15.2674 55.2426 6.2
      vertex 14.9318 55.6072 6.2
    endloop
  endfacet
  facet normal 0 0 1
    outer loop
      vertex 15.7375 52.4259 6.2
      vertex 13.7855 52.9353 6.2
      vertex 15.5384 51.9722 6.2
    endloop
  endfacet
  facet normal 0 0 1
    outer loop
      vertex 13.4681 54.223 6.2
      vertex 14.9318 55.6072 6.2
      vertex 14.5408 55.9115 6.2
    endloop
  endfacet
  facet normal 0 0 1
    outer loop
      vertex 15.5384 51.9722 6.2
      vertex 13.7855 52.9353 6.2
      vertex 15.2674 51.5574 6.2
    endloop
  endfacet
  facet normal 0 0 1
    outer loop
      vertex 13.4681 54.223 6.2
      vertex 14.5408 55.9115 6.2
      vertex 14.1051 56.1473 6.2
    endloop
  endfacet
  facet normal -0 0 1
    outer loop
      vertex 13.4681 52.577 6.2
      vertex 15.2674 51.5574 6.2
      vertex 13.7855 52.9353 6.2
    endloop
  endfacet
  facet normal 0 0 1
    outer loop
      vertex 15.2674 51.5574 6.2
      vertex 13.4681 52.577 6.2
      vertex 14.9318 51.1928 6.2
    endloop
  endfacet
  facet normal 0 0 1
    outer loop
      vertex 15.8591 53.8938 6.2
      vertex 13.7855 53.8647 6.2
      vertex 13.9 53.4 6.2
    endloop
  endfacet
  facet normal 0 0 1
    outer loop
      vertex 13.0205 54.3927 6.2
      vertex 14.1051 56.1473 6.2
      vertex 13.6365 56.3082 6.2
    endloop
  endfacet
  facet normal 0 0 1
    outer loop
      vertex 15.2674 55.2426 6.2
      vertex 13.4681 54.223 6.2
      vertex 13.7855 53.8647 6.2
    endloop
  endfacet
  facet normal 0 0 1
    outer loop
      vertex 13.0205 54.3927 6.2
      vertex 13.6365 56.3082 6.2
      vertex 13.1477 56.3898 6.2
    endloop
  endfacet
  facet normal 0 0 1
    outer loop
      vertex 14.1051 56.1473 6.2
      vertex 13.0205 54.3927 6.2
      vertex 13.4681 54.223 6.2
    endloop
  endfacet
  facet normal -0 0 1
    outer loop
      vertex 12.6523 56.3898 6.2
      vertex 13.0205 54.3927 6.2
      vertex 13.1477 56.3898 6.2
    endloop
  endfacet
  facet normal 0 0 1
    outer loop
      vertex 12.6523 56.3898 6.2
      vertex 12.5454 54.335 6.2
      vertex 13.0205 54.3927 6.2
    endloop
  endfacet
  facet normal -0 0 1
    outer loop
      vertex 12.1635 56.3082 6.2
      vertex 12.5454 54.335 6.2
      vertex 12.6523 56.3898 6.2
    endloop
  endfacet
  facet normal -0 0 1
    outer loop
      vertex 11.6949 56.1473 6.2
      vertex 12.5454 54.335 6.2
      vertex 12.1635 56.3082 6.2
    endloop
  endfacet
  facet normal -0 0 1
    outer loop
      vertex 11.2592 55.9115 6.2
      vertex 12.5454 54.335 6.2
      vertex 11.6949 56.1473 6.2
    endloop
  endfacet
  facet normal -0 0 1
    outer loop
      vertex 10.8682 55.6072 6.2
      vertex 12.1515 54.0631 6.2
      vertex 11.2592 55.9115 6.2
    endloop
  endfacet
  facet normal 0 0 1
    outer loop
      vertex 12.5454 54.335 6.2
      vertex 11.2592 55.9115 6.2
      vertex 12.1515 54.0631 6.2
    endloop
  endfacet
  facet normal 0 0 1
    outer loop
      vertex 14.9318 51.1928 6.2
      vertex 13.4681 52.577 6.2
      vertex 14.5408 50.8885 6.2
    endloop
  endfacet
  facet normal 0 0 1
    outer loop
      vertex 14.5408 50.8885 6.2
      vertex 13.4681 52.577 6.2
      vertex 14.1051 50.6527 6.2
    endloop
  endfacet
  facet normal -0 0 1
    outer loop
      vertex 13.0205 52.4073 6.2
      vertex 14.1051 50.6527 6.2
      vertex 13.4681 52.577 6.2
    endloop
  endfacet
  facet normal 0 0 1
    outer loop
      vertex 14.1051 50.6527 6.2
      vertex 13.0205 52.4073 6.2
      vertex 13.6365 50.4918 6.2
    endloop
  endfacet
  facet normal 0 0 1
    outer loop
      vertex 13.6365 50.4918 6.2
      vertex 13.0205 52.4073 6.2
      vertex 13.1477 50.4102 6.2
    endloop
  endfacet
  facet normal 0 0 1
    outer loop
      vertex 13.0205 52.4073 6.2
      vertex 12.6523 50.4102 6.2
      vertex 13.1477 50.4102 6.2
    endloop
  endfacet
  facet normal 0 0 1
    outer loop
      vertex 12.5454 52.465 6.2
      vertex 12.6523 50.4102 6.2
      vertex 13.0205 52.4073 6.2
    endloop
  endfacet
  facet normal 0 0 1
    outer loop
      vertex 12.5454 52.465 6.2
      vertex 12.1635 50.4918 6.2
      vertex 12.6523 50.4102 6.2
    endloop
  endfacet
  facet normal 0 0 1
    outer loop
      vertex 11.2592 50.8885 6.2
      vertex 12.5454 52.465 6.2
      vertex 12.1515 52.7369 6.2
    endloop
  endfacet
  facet normal 0 0 1
    outer loop
      vertex 10.2616 51.9722 6.2
      vertex 12.1515 52.7369 6.2
      vertex 11.9291 53.1607 6.2
    endloop
  endfacet
  facet normal 0 0 1
    outer loop
      vertex 12.5454 52.465 6.2
      vertex 11.6949 50.6527 6.2
      vertex 12.1635 50.4918 6.2
    endloop
  endfacet
  facet normal -0 0 1
    outer loop
      vertex 10.5326 55.2426 6.2
      vertex 12.1515 54.0631 6.2
      vertex 10.8682 55.6072 6.2
    endloop
  endfacet
  facet normal -0 0 1
    outer loop
      vertex 10.2616 54.8278 6.2
      vertex 12.1515 54.0631 6.2
      vertex 10.5326 55.2426 6.2
    endloop
  endfacet
  facet normal 0 0 1
    outer loop
      vertex 12.5454 52.465 6.2
      vertex 11.2592 50.8885 6.2
      vertex 11.6949 50.6527 6.2
    endloop
  endfacet
  facet normal 0 0 1
    outer loop
      vertex 12.1515 54.0631 6.2
      vertex 10.2616 54.8278 6.2
      vertex 11.9291 53.6393 6.2
    endloop
  endfacet
  facet normal 0 0 1
    outer loop
      vertex 12.1515 52.7369 6.2
      vertex 10.8682 51.1928 6.2
      vertex 11.2592 50.8885 6.2
    endloop
  endfacet
  facet normal -0 0 1
    outer loop
      vertex 10.0625 54.3741 6.2
      vertex 11.9291 53.6393 6.2
      vertex 10.2616 54.8278 6.2
    endloop
  endfacet
  facet normal 0 0 1
    outer loop
      vertex 12.1515 52.7369 6.2
      vertex 10.5326 51.5574 6.2
      vertex 10.8682 51.1928 6.2
    endloop
  endfacet
  facet normal -0 0 1
    outer loop
      vertex 9.94092 53.8938 6.2
      vertex 11.9291 53.6393 6.2
      vertex 10.0625 54.3741 6.2
    endloop
  endfacet
  facet normal 0 0 1
    outer loop
      vertex 12.1515 52.7369 6.2
      vertex 10.2616 51.9722 6.2
      vertex 10.5326 51.5574 6.2
    endloop
  endfacet
  facet normal 0 0 1
    outer loop
      vertex 9.9 53.4 6.2
      vertex 11.9291 53.6393 6.2
      vertex 9.94092 53.8938 6.2
    endloop
  endfacet
  facet normal 0 0 1
    outer loop
      vertex 11.9291 53.1607 6.2
      vertex 10.0625 52.4259 6.2
      vertex 10.2616 51.9722 6.2
    endloop
  endfacet
  facet normal 0 0 1
    outer loop
      vertex 11.9291 53.6393 6.2
      vertex 9.9 53.4 6.2
      vertex 11.9291 53.1607 6.2
    endloop
  endfacet
  facet normal 0 0 1
    outer loop
      vertex 11.9291 53.1607 6.2
      vertex 9.94092 52.9062 6.2
      vertex 10.0625 52.4259 6.2
    endloop
  endfacet
  facet normal 0 0 1
    outer loop
      vertex 11.9291 53.1607 6.2
      vertex 9.9 53.4 6.2
      vertex 9.94092 52.9062 6.2
    endloop
  endfacet
  facet normal 0.614178 -0.789167 0
    outer loop
      vertex 14.5408 50.8885 2.2
      vertex 14.9318 51.1928 6.2
      vertex 14.5408 50.8885 6.2
    endloop
  endfacet
  facet normal 0.614178 -0.789167 0
    outer loop
      vertex 14.9318 51.1928 6.2
      vertex 14.5408 50.8885 2.2
      vertex 14.9318 51.1928 2.2
    endloop
  endfacet
  facet normal -0.324753 0.945799 0
    outer loop
      vertex 12.1635 56.3082 2.2
      vertex 11.6949 56.1473 6.2
      vertex 12.1635 56.3082 6.2
    endloop
  endfacet
  facet normal -0.324753 0.945799 0
    outer loop
      vertex 11.6949 56.1473 6.2
      vertex 12.1635 56.3082 2.2
      vertex 11.6949 56.1473 2.2
    endloop
  endfacet
  facet normal -0.614178 -0.789167 0
    outer loop
      vertex 10.8682 51.1928 2.2
      vertex 11.2592 50.8885 6.2
      vertex 10.8682 51.1928 6.2
    endloop
  endfacet
  facet normal -0.614178 -0.789167 -0
    outer loop
      vertex 11.2592 50.8885 6.2
      vertex 10.8682 51.1928 2.2
      vertex 11.2592 50.8885 2.2
    endloop
  endfacet
  facet normal -0.164661 -0.98635 0
    outer loop
      vertex 12.1635 50.4918 2.2
      vertex 12.6523 50.4102 6.2
      vertex 12.1635 50.4918 6.2
    endloop
  endfacet
  facet normal -0.164661 -0.98635 -0
    outer loop
      vertex 12.6523 50.4102 6.2
      vertex 12.1635 50.4918 2.2
      vertex 12.6523 50.4102 2.2
    endloop
  endfacet
  facet normal 0.56808 -0.822974 0
    outer loop
      vertex 12.1515 54.0631 2.2
      vertex 12.5454 54.335 6.2
      vertex 12.1515 54.0631 6.2
    endloop
  endfacet
  facet normal 0.56808 -0.822974 0
    outer loop
      vertex 12.5454 54.335 6.2
      vertex 12.1515 54.0631 2.2
      vertex 12.5454 54.335 2.2
    endloop
  endfacet
  facet normal -0.748538 -0.663092 0
    outer loop
      vertex 13.7855 53.8647 2.2
      vertex 13.4681 54.223 6.2
      vertex 13.4681 54.223 2.2
    endloop
  endfacet
  facet normal -0.748538 -0.663092 0
    outer loop
      vertex 13.4681 54.223 6.2
      vertex 13.7855 53.8647 2.2
      vertex 13.7855 53.8647 6.2
    endloop
  endfacet
  facet normal -0.97096 -0.23924 0
    outer loop
      vertex 13.9 53.4 2.2
      vertex 13.7855 53.8647 6.2
      vertex 13.7855 53.8647 2.2
    endloop
  endfacet
  facet normal -0.97096 -0.23924 0
    outer loop
      vertex 13.7855 53.8647 6.2
      vertex 13.9 53.4 2.2
      vertex 13.9 53.4 6.2
    endloop
  endfacet
  facet normal 1 -0 0
    outer loop
      vertex 11.9291 53.1607 6.2
      vertex 11.9291 53.6393 2.2
      vertex 11.9291 53.6393 6.2
    endloop
  endfacet
  facet normal 1 0 0
    outer loop
      vertex 11.9291 53.6393 2.2
      vertex 11.9291 53.1607 6.2
      vertex 11.9291 53.1607 2.2
    endloop
  endfacet
  facet normal 0.88548 -0.464678 0
    outer loop
      vertex 11.9291 53.6393 6.2
      vertex 12.1515 54.0631 2.2
      vertex 12.1515 54.0631 6.2
    endloop
  endfacet
  facet normal 0.88548 -0.464678 0
    outer loop
      vertex 12.1515 54.0631 2.2
      vertex 11.9291 53.6393 6.2
      vertex 11.9291 53.6393 2.2
    endloop
  endfacet
  facet normal -0.97096 0.23924 0
    outer loop
      vertex 13.7855 52.9353 2.2
      vertex 13.9 53.4 6.2
      vertex 13.9 53.4 2.2
    endloop
  endfacet
  facet normal -0.97096 0.23924 0
    outer loop
      vertex 13.9 53.4 6.2
      vertex 13.7855 52.9353 2.2
      vertex 13.7855 52.9353 6.2
    endloop
  endfacet
  facet normal 0.120562 0.992706 -0
    outer loop
      vertex 13.0205 52.4073 2.2
      vertex 12.5454 52.465 6.2
      vertex 13.0205 52.4073 6.2
    endloop
  endfacet
  facet normal 0.120562 0.992706 0
    outer loop
      vertex 12.5454 52.465 6.2
      vertex 13.0205 52.4073 2.2
      vertex 12.5454 52.465 2.2
    endloop
  endfacet
  facet normal -0.748538 0.663092 0
    outer loop
      vertex 13.4681 52.577 2.2
      vertex 13.7855 52.9353 6.2
      vertex 13.7855 52.9353 2.2
    endloop
  endfacet
  facet normal -0.748538 0.663092 0
    outer loop
      vertex 13.7855 52.9353 6.2
      vertex 13.4681 52.577 2.2
      vertex 13.4681 52.577 6.2
    endloop
  endfacet
  facet normal -0.354509 0.935052 0
    outer loop
      vertex 13.4681 52.577 2.2
      vertex 13.0205 52.4073 6.2
      vertex 13.4681 52.577 6.2
    endloop
  endfacet
  facet normal -0.354509 0.935052 0
    outer loop
      vertex 13.0205 52.4073 6.2
      vertex 13.4681 52.577 2.2
      vertex 13.0205 52.4073 2.2
    endloop
  endfacet
  facet normal 0.120562 -0.992706 0
    outer loop
      vertex 12.5454 54.335 2.2
      vertex 13.0205 54.3927 6.2
      vertex 12.5454 54.335 6.2
    endloop
  endfacet
  facet normal 0.120562 -0.992706 0
    outer loop
      vertex 13.0205 54.3927 6.2
      vertex 12.5454 54.335 2.2
      vertex 13.0205 54.3927 2.2
    endloop
  endfacet
  facet normal -0.354509 -0.935052 0
    outer loop
      vertex 13.0205 54.3927 2.2
      vertex 13.4681 54.223 6.2
      vertex 13.0205 54.3927 6.2
    endloop
  endfacet
  facet normal -0.354509 -0.935052 -0
    outer loop
      vertex 13.4681 54.223 6.2
      vertex 13.0205 54.3927 2.2
      vertex 13.4681 54.223 2.2
    endloop
  endfacet
  facet normal 0.56808 0.822974 -0
    outer loop
      vertex 12.5454 52.465 2.2
      vertex 12.1515 52.7369 6.2
      vertex 12.5454 52.465 6.2
    endloop
  endfacet
  facet normal 0.56808 0.822974 0
    outer loop
      vertex 12.1515 52.7369 6.2
      vertex 12.5454 52.465 2.2
      vertex 12.1515 52.7369 2.2
    endloop
  endfacet
  facet normal 0.88548 0.464678 0
    outer loop
      vertex 12.1515 52.7369 6.2
      vertex 11.9291 53.1607 2.2
      vertex 11.9291 53.1607 6.2
    endloop
  endfacet
  facet normal 0.88548 0.464678 0
    outer loop
      vertex 11.9291 53.1607 2.2
      vertex 12.1515 52.7369 6.2
      vertex 12.1515 52.7369 2.2
    endloop
  endfacet
  facet normal -0.164661 0.98635 0
    outer loop
      vertex 58.6523 34.8898 2.2
      vertex 58.1635 34.8082 6.2
      vertex 58.6523 34.8898 6.2
    endloop
  endfacet
  facet normal -0.164661 0.98635 0
    outer loop
      vertex 58.1635 34.8082 6.2
      vertex 58.6523 34.8898 2.2
      vertex 58.1635 34.8082 2.2
    endloop
  endfacet
  facet normal 0.969366 0.245621 0
    outer loop
      vertex 61.8591 32.3938 6.2
      vertex 61.7374 32.8741 2.2
      vertex 61.7374 32.8741 6.2
    endloop
  endfacet
  facet normal 0.969366 0.245621 0
    outer loop
      vertex 61.7374 32.8741 2.2
      vertex 61.8591 32.3938 6.2
      vertex 61.8591 32.3938 2.2
    endloop
  endfacet
  facet normal 0.996587 0.0825444 0
    outer loop
      vertex 61.9 31.9 6.2
      vertex 61.8591 32.3938 2.2
      vertex 61.8591 32.3938 6.2
    endloop
  endfacet
  facet normal 0.996587 0.0825444 0
    outer loop
      vertex 61.8591 32.3938 2.2
      vertex 61.9 31.9 6.2
      vertex 61.9 31.9 2.2
    endloop
  endfacet
  facet normal 0.915782 0.401676 0
    outer loop
      vertex 61.7374 32.8741 6.2
      vertex 61.5384 33.3278 2.2
      vertex 61.5384 33.3278 6.2
    endloop
  endfacet
  facet normal 0.915782 0.401676 0
    outer loop
      vertex 61.5384 33.3278 2.2
      vertex 61.7374 32.8741 6.2
      vertex 61.7374 32.8741 2.2
    endloop
  endfacet
  facet normal 0.475964 -0.879464 0
    outer loop
      vertex 60.1051 29.1527 2.2
      vertex 60.5408 29.3885 6.2
      vertex 60.1051 29.1527 6.2
    endloop
  endfacet
  facet normal 0.475964 -0.879464 0
    outer loop
      vertex 60.5408 29.3885 6.2
      vertex 60.1051 29.1527 2.2
      vertex 60.5408 29.3885 2.2
    endloop
  endfacet
  facet normal -0.324753 -0.945799 0
    outer loop
      vertex 57.6949 29.1527 2.2
      vertex 58.1635 28.9918 6.2
      vertex 57.6949 29.1527 6.2
    endloop
  endfacet
  facet normal -0.324753 -0.945799 -0
    outer loop
      vertex 58.1635 28.9918 6.2
      vertex 57.6949 29.1527 2.2
      vertex 58.1635 28.9918 2.2
    endloop
  endfacet
  facet normal -0.996587 -0.0825444 0
    outer loop
      vertex 55.9409 31.4062 2.2
      vertex 55.9 31.9 6.2
      vertex 55.9 31.9 2.2
    endloop
  endfacet
  facet normal -0.996587 -0.0825444 0
    outer loop
      vertex 55.9 31.9 6.2
      vertex 55.9409 31.4062 2.2
      vertex 55.9409 31.4062 6.2
    endloop
  endfacet
  facet normal 0.996587 -0.0825444 0
    outer loop
      vertex 61.8591 31.4062 6.2
      vertex 61.9 31.9 2.2
      vertex 61.9 31.9 6.2
    endloop
  endfacet
  facet normal 0.996587 -0.0825444 0
    outer loop
      vertex 61.9 31.9 2.2
      vertex 61.8591 31.4062 6.2
      vertex 61.8591 31.4062 2.2
    endloop
  endfacet
  facet normal 0.837169 0.546945 0
    outer loop
      vertex 61.5384 33.3278 6.2
      vertex 61.2674 33.7426 2.2
      vertex 61.2674 33.7426 6.2
    endloop
  endfacet
  facet normal 0.837169 0.546945 0
    outer loop
      vertex 61.2674 33.7426 2.2
      vertex 61.5384 33.3278 6.2
      vertex 61.5384 33.3278 2.2
    endloop
  endfacet
  facet normal 0.837169 -0.546945 0
    outer loop
      vertex 61.2674 30.0574 6.2
      vertex 61.5384 30.4722 2.2
      vertex 61.5384 30.4722 6.2
    endloop
  endfacet
  facet normal 0.837169 -0.546945 0
    outer loop
      vertex 61.5384 30.4722 2.2
      vertex 61.2674 30.0574 6.2
      vertex 61.2674 30.0574 2.2
    endloop
  endfacet
  facet normal -0.996587 0.0825444 0
    outer loop
      vertex 55.9 31.9 2.2
      vertex 55.9409 32.3938 6.2
      vertex 55.9409 32.3938 2.2
    endloop
  endfacet
  facet normal -0.996587 0.0825444 0
    outer loop
      vertex 55.9409 32.3938 6.2
      vertex 55.9 31.9 2.2
      vertex 55.9 31.9 6.2
    endloop
  endfacet
  facet normal -0.735762 0.67724 0
    outer loop
      vertex 56.5326 33.7426 2.2
      vertex 56.8682 34.1072 6.2
      vertex 56.8682 34.1072 2.2
    endloop
  endfacet
  facet normal -0.735762 0.67724 0
    outer loop
      vertex 56.8682 34.1072 6.2
      vertex 56.5326 33.7426 2.2
      vertex 56.5326 33.7426 6.2
    endloop
  endfacet
  facet normal 0 1 -0
    outer loop
      vertex 59.1477 34.8898 2.2
      vertex 58.6523 34.8898 6.2
      vertex 59.1477 34.8898 6.2
    endloop
  endfacet
  facet normal 0 1 0
    outer loop
      vertex 58.6523 34.8898 6.2
      vertex 59.1477 34.8898 2.2
      vertex 58.6523 34.8898 2.2
    endloop
  endfacet
  facet normal 0.164661 -0.98635 0
    outer loop
      vertex 59.1477 28.9102 2.2
      vertex 59.6365 28.9918 6.2
      vertex 59.1477 28.9102 6.2
    endloop
  endfacet
  facet normal 0.164661 -0.98635 0
    outer loop
      vertex 59.6365 28.9918 6.2
      vertex 59.1477 28.9102 2.2
      vertex 59.6365 28.9918 2.2
    endloop
  endfacet
  facet normal -0.614178 0.789167 0
    outer loop
      vertex 57.2592 34.4115 2.2
      vertex 56.8682 34.1072 6.2
      vertex 57.2592 34.4115 6.2
    endloop
  endfacet
  facet normal -0.614178 0.789167 0
    outer loop
      vertex 56.8682 34.1072 6.2
      vertex 57.2592 34.4115 2.2
      vertex 56.8682 34.1072 2.2
    endloop
  endfacet
  facet normal -0.969414 -0.245431 0
    outer loop
      vertex 56.0625 30.9259 2.2
      vertex 55.9409 31.4062 6.2
      vertex 55.9409 31.4062 2.2
    endloop
  endfacet
  facet normal -0.969414 -0.245431 0
    outer loop
      vertex 55.9409 31.4062 6.2
      vertex 56.0625 30.9259 2.2
      vertex 56.0625 30.9259 6.2
    endloop
  endfacet
  facet normal -0.475964 0.879464 0
    outer loop
      vertex 57.6949 34.6473 2.2
      vertex 57.2592 34.4115 6.2
      vertex 57.6949 34.6473 6.2
    endloop
  endfacet
  facet normal -0.475964 0.879464 0
    outer loop
      vertex 57.2592 34.4115 6.2
      vertex 57.6949 34.6473 2.2
      vertex 57.2592 34.4115 2.2
    endloop
  endfacet
  facet normal 0.475964 0.879464 -0
    outer loop
      vertex 60.5408 34.4115 2.2
      vertex 60.1051 34.6473 6.2
      vertex 60.5408 34.4115 6.2
    endloop
  endfacet
  facet normal 0.475964 0.879464 0
    outer loop
      vertex 60.1051 34.6473 6.2
      vertex 60.5408 34.4115 2.2
      vertex 60.1051 34.6473 2.2
    endloop
  endfacet
  facet normal 0.735762 -0.67724 0
    outer loop
      vertex 60.9318 29.6928 6.2
      vertex 61.2674 30.0574 2.2
      vertex 61.2674 30.0574 6.2
    endloop
  endfacet
  facet normal 0.735762 -0.67724 0
    outer loop
      vertex 61.2674 30.0574 2.2
      vertex 60.9318 29.6928 6.2
      vertex 60.9318 29.6928 2.2
    endloop
  endfacet
  facet normal 0.324753 -0.945799 0
    outer loop
      vertex 59.6365 28.9918 2.2
      vertex 60.1051 29.1527 6.2
      vertex 59.6365 28.9918 6.2
    endloop
  endfacet
  facet normal 0.324753 -0.945799 0
    outer loop
      vertex 60.1051 29.1527 6.2
      vertex 59.6365 28.9918 2.2
      vertex 60.1051 29.1527 2.2
    endloop
  endfacet
  facet normal -0.735762 -0.67724 0
    outer loop
      vertex 56.8682 29.6928 2.2
      vertex 56.5326 30.0574 6.2
      vertex 56.5326 30.0574 2.2
    endloop
  endfacet
  facet normal -0.735762 -0.67724 0
    outer loop
      vertex 56.5326 30.0574 6.2
      vertex 56.8682 29.6928 2.2
      vertex 56.8682 29.6928 6.2
    endloop
  endfacet
  facet normal 0.969366 -0.245621 0
    outer loop
      vertex 61.7374 30.9259 6.2
      vertex 61.8591 31.4062 2.2
      vertex 61.8591 31.4062 6.2
    endloop
  endfacet
  facet normal 0.969366 -0.245621 0
    outer loop
      vertex 61.8591 31.4062 2.2
      vertex 61.7374 30.9259 6.2
      vertex 61.7374 30.9259 2.2
    endloop
  endfacet
  facet normal -0.475964 -0.879464 0
    outer loop
      vertex 57.2592 29.3885 2.2
      vertex 57.6949 29.1527 6.2
      vertex 57.2592 29.3885 6.2
    endloop
  endfacet
  facet normal -0.475964 -0.879464 -0
    outer loop
      vertex 57.6949 29.1527 6.2
      vertex 57.2592 29.3885 2.2
      vertex 57.6949 29.1527 2.2
    endloop
  endfacet
  facet normal 0.324753 0.945799 -0
    outer loop
      vertex 60.1051 34.6473 2.2
      vertex 59.6365 34.8082 6.2
      vertex 60.1051 34.6473 6.2
    endloop
  endfacet
  facet normal 0.324753 0.945799 0
    outer loop
      vertex 59.6365 34.8082 6.2
      vertex 60.1051 34.6473 2.2
      vertex 59.6365 34.8082 2.2
    endloop
  endfacet
  facet normal 0.614178 0.789167 -0
    outer loop
      vertex 60.9318 34.1072 2.2
      vertex 60.5408 34.4115 6.2
      vertex 60.9318 34.1072 6.2
    endloop
  endfacet
  facet normal 0.614178 0.789167 0
    outer loop
      vertex 60.5408 34.4115 6.2
      vertex 60.9318 34.1072 2.2
      vertex 60.5408 34.4115 2.2
    endloop
  endfacet
  facet normal -0.837169 -0.546945 0
    outer loop
      vertex 56.5326 30.0574 2.2
      vertex 56.2616 30.4722 6.2
      vertex 56.2616 30.4722 2.2
    endloop
  endfacet
  facet normal -0.837169 -0.546945 0
    outer loop
      vertex 56.2616 30.4722 6.2
      vertex 56.5326 30.0574 2.2
      vertex 56.5326 30.0574 6.2
    endloop
  endfacet
  facet normal -0.915707 -0.401846 0
    outer loop
      vertex 56.2616 30.4722 2.2
      vertex 56.0625 30.9259 6.2
      vertex 56.0625 30.9259 2.2
    endloop
  endfacet
  facet normal -0.915707 -0.401846 0
    outer loop
      vertex 56.0625 30.9259 6.2
      vertex 56.2616 30.4722 2.2
      vertex 56.2616 30.4722 6.2
    endloop
  endfacet
  facet normal -0.915707 0.401846 0
    outer loop
      vertex 56.0625 32.8741 2.2
      vertex 56.2616 33.3278 6.2
      vertex 56.2616 33.3278 2.2
    endloop
  endfacet
  facet normal -0.915707 0.401846 0
    outer loop
      vertex 56.2616 33.3278 6.2
      vertex 56.0625 32.8741 2.2
      vertex 56.0625 32.8741 6.2
    endloop
  endfacet
  facet normal 0.735762 0.67724 0
    outer loop
      vertex 61.2674 33.7426 6.2
      vertex 60.9318 34.1072 2.2
      vertex 60.9318 34.1072 6.2
    endloop
  endfacet
  facet normal 0.735762 0.67724 0
    outer loop
      vertex 60.9318 34.1072 2.2
      vertex 61.2674 33.7426 6.2
      vertex 61.2674 33.7426 2.2
    endloop
  endfacet
  facet normal 0 -1 0
    outer loop
      vertex 58.6523 28.9102 2.2
      vertex 59.1477 28.9102 6.2
      vertex 58.6523 28.9102 6.2
    endloop
  endfacet
  facet normal 0 -1 -0
    outer loop
      vertex 59.1477 28.9102 6.2
      vertex 58.6523 28.9102 2.2
      vertex 59.1477 28.9102 2.2
    endloop
  endfacet
  facet normal 0.915782 -0.401676 0
    outer loop
      vertex 61.5384 30.4722 6.2
      vertex 61.7374 30.9259 2.2
      vertex 61.7374 30.9259 6.2
    endloop
  endfacet
  facet normal 0.915782 -0.401676 0
    outer loop
      vertex 61.7374 30.9259 2.2
      vertex 61.5384 30.4722 6.2
      vertex 61.5384 30.4722 2.2
    endloop
  endfacet
  facet normal -0.969414 0.245431 0
    outer loop
      vertex 55.9409 32.3938 2.2
      vertex 56.0625 32.8741 6.2
      vertex 56.0625 32.8741 2.2
    endloop
  endfacet
  facet normal -0.969414 0.245431 0
    outer loop
      vertex 56.0625 32.8741 6.2
      vertex 55.9409 32.3938 2.2
      vertex 55.9409 32.3938 6.2
    endloop
  endfacet
  facet normal -0.837169 0.546945 0
    outer loop
      vertex 56.2616 33.3278 2.2
      vertex 56.5326 33.7426 6.2
      vertex 56.5326 33.7426 2.2
    endloop
  endfacet
  facet normal -0.837169 0.546945 0
    outer loop
      vertex 56.5326 33.7426 6.2
      vertex 56.2616 33.3278 2.2
      vertex 56.2616 33.3278 6.2
    endloop
  endfacet
  facet normal 0.164661 0.98635 -0
    outer loop
      vertex 59.6365 34.8082 2.2
      vertex 59.1477 34.8898 6.2
      vertex 59.6365 34.8082 6.2
    endloop
  endfacet
  facet normal 0.164661 0.98635 0
    outer loop
      vertex 59.1477 34.8898 6.2
      vertex 59.6365 34.8082 2.2
      vertex 59.1477 34.8898 2.2
    endloop
  endfacet
  facet normal 0 0 1
    outer loop
      vertex 59.9 31.9 6.2
      vertex 61.9 31.9 6.2
      vertex 61.8591 32.3938 6.2
    endloop
  endfacet
  facet normal 0 0 1
    outer loop
      vertex 59.7855 32.3647 6.2
      vertex 61.8591 32.3938 6.2
      vertex 61.7374 32.8741 6.2
    endloop
  endfacet
  facet normal 0 0 1
    outer loop
      vertex 61.9 31.9 6.2
      vertex 59.9 31.9 6.2
      vertex 61.8591 31.4062 6.2
    endloop
  endfacet
  facet normal 0 0 1
    outer loop
      vertex 59.7855 32.3647 6.2
      vertex 61.7374 32.8741 6.2
      vertex 61.5384 33.3278 6.2
    endloop
  endfacet
  facet normal -0 0 1
    outer loop
      vertex 59.7855 31.4353 6.2
      vertex 61.8591 31.4062 6.2
      vertex 59.9 31.9 6.2
    endloop
  endfacet
  facet normal 0 0 1
    outer loop
      vertex 59.7855 32.3647 6.2
      vertex 61.5384 33.3278 6.2
      vertex 61.2674 33.7426 6.2
    endloop
  endfacet
  facet normal 0 0 1
    outer loop
      vertex 61.8591 31.4062 6.2
      vertex 59.7855 31.4353 6.2
      vertex 61.7374 30.9259 6.2
    endloop
  endfacet
  facet normal 0 0 1
    outer loop
      vertex 59.4681 32.723 6.2
      vertex 61.2674 33.7426 6.2
      vertex 60.9318 34.1072 6.2
    endloop
  endfacet
  facet normal 0 0 1
    outer loop
      vertex 61.7374 30.9259 6.2
      vertex 59.7855 31.4353 6.2
      vertex 61.5384 30.4722 6.2
    endloop
  endfacet
  facet normal 0 0 1
    outer loop
      vertex 59.4681 32.723 6.2
      vertex 60.9318 34.1072 6.2
      vertex 60.5408 34.4115 6.2
    endloop
  endfacet
  facet normal 0 0 1
    outer loop
      vertex 61.5384 30.4722 6.2
      vertex 59.7855 31.4353 6.2
      vertex 61.2674 30.0574 6.2
    endloop
  endfacet
  facet normal 0 0 1
    outer loop
      vertex 59.4681 32.723 6.2
      vertex 60.5408 34.4115 6.2
      vertex 60.1051 34.6473 6.2
    endloop
  endfacet
  facet normal -0 0 1
    outer loop
      vertex 59.4681 31.077 6.2
      vertex 61.2674 30.0574 6.2
      vertex 59.7855 31.4353 6.2
    endloop
  endfacet
  facet normal 0 0 1
    outer loop
      vertex 61.2674 30.0574 6.2
      vertex 59.4681 31.077 6.2
      vertex 60.9318 29.6928 6.2
    endloop
  endfacet
  facet normal 0 0 1
    outer loop
      vertex 61.8591 32.3938 6.2
      vertex 59.7855 32.3647 6.2
      vertex 59.9 31.9 6.2
    endloop
  endfacet
  facet normal 0 0 1
    outer loop
      vertex 59.0205 32.8927 6.2
      vertex 60.1051 34.6473 6.2
      vertex 59.6365 34.8082 6.2
    endloop
  endfacet
  facet normal 0 0 1
    outer loop
      vertex 61.2674 33.7426 6.2
      vertex 59.4681 32.723 6.2
      vertex 59.7855 32.3647 6.2
    endloop
  endfacet
  facet normal 0 0 1
    outer loop
      vertex 59.0205 32.8927 6.2
      vertex 59.6365 34.8082 6.2
      vertex 59.1477 34.8898 6.2
    endloop
  endfacet
  facet normal 0 0 1
    outer loop
      vertex 60.1051 34.6473 6.2
      vertex 59.0205 32.8927 6.2
      vertex 59.4681 32.723 6.2
    endloop
  endfacet
  facet normal -0 0 1
    outer loop
      vertex 58.6523 34.8898 6.2
      vertex 59.0205 32.8927 6.2
      vertex 59.1477 34.8898 6.2
    endloop
  endfacet
  facet normal 0 0 1
    outer loop
      vertex 58.6523 34.8898 6.2
      vertex 58.5454 32.835 6.2
      vertex 59.0205 32.8927 6.2
    endloop
  endfacet
  facet normal -0 0 1
    outer loop
      vertex 58.1635 34.8082 6.2
      vertex 58.5454 32.835 6.2
      vertex 58.6523 34.8898 6.2
    endloop
  endfacet
  facet normal -0 0 1
    outer loop
      vertex 57.6949 34.6473 6.2
      vertex 58.5454 32.835 6.2
      vertex 58.1635 34.8082 6.2
    endloop
  endfacet
  facet normal -0 0 1
    outer loop
      vertex 57.2592 34.4115 6.2
      vertex 58.5454 32.835 6.2
      vertex 57.6949 34.6473 6.2
    endloop
  endfacet
  facet normal -0 0 1
    outer loop
      vertex 56.8682 34.1072 6.2
      vertex 58.1515 32.5631 6.2
      vertex 57.2592 34.4115 6.2
    endloop
  endfacet
  facet normal 0 0 1
    outer loop
      vertex 58.5454 32.835 6.2
      vertex 57.2592 34.4115 6.2
      vertex 58.1515 32.5631 6.2
    endloop
  endfacet
  facet normal 0 0 1
    outer loop
      vertex 60.9318 29.6928 6.2
      vertex 59.4681 31.077 6.2
      vertex 60.5408 29.3885 6.2
    endloop
  endfacet
  facet normal 0 0 1
    outer loop
      vertex 60.5408 29.3885 6.2
      vertex 59.4681 31.077 6.2
      vertex 60.1051 29.1527 6.2
    endloop
  endfacet
  facet normal -0 0 1
    outer loop
      vertex 59.0205 30.9073 6.2
      vertex 60.1051 29.1527 6.2
      vertex 59.4681 31.077 6.2
    endloop
  endfacet
  facet normal 0 0 1
    outer loop
      vertex 60.1051 29.1527 6.2
      vertex 59.0205 30.9073 6.2
      vertex 59.6365 28.9918 6.2
    endloop
  endfacet
  facet normal 0 0 1
    outer loop
      vertex 59.6365 28.9918 6.2
      vertex 59.0205 30.9073 6.2
      vertex 59.1477 28.9102 6.2
    endloop
  endfacet
  facet normal 0 0 1
    outer loop
      vertex 59.0205 30.9073 6.2
      vertex 58.6523 28.9102 6.2
      vertex 59.1477 28.9102 6.2
    endloop
  endfacet
  facet normal 0 0 1
    outer loop
      vertex 58.5454 30.965 6.2
      vertex 58.6523 28.9102 6.2
      vertex 59.0205 30.9073 6.2
    endloop
  endfacet
  facet normal 0 0 1
    outer loop
      vertex 58.5454 30.965 6.2
      vertex 58.1635 28.9918 6.2
      vertex 58.6523 28.9102 6.2
    endloop
  endfacet
  facet normal 0 0 1
    outer loop
      vertex 57.2592 29.3885 6.2
      vertex 58.5454 30.965 6.2
      vertex 58.1515 31.2369 6.2
    endloop
  endfacet
  facet normal 0 0 1
    outer loop
      vertex 56.2616 30.4722 6.2
      vertex 58.1515 31.2369 6.2
      vertex 57.9291 31.6607 6.2
    endloop
  endfacet
  facet normal 0 0 1
    outer loop
      vertex 58.5454 30.965 6.2
      vertex 57.6949 29.1527 6.2
      vertex 58.1635 28.9918 6.2
    endloop
  endfacet
  facet normal -0 0 1
    outer loop
      vertex 56.5326 33.7426 6.2
      vertex 58.1515 32.5631 6.2
      vertex 56.8682 34.1072 6.2
    endloop
  endfacet
  facet normal -0 0 1
    outer loop
      vertex 56.2616 33.3278 6.2
      vertex 58.1515 32.5631 6.2
      vertex 56.5326 33.7426 6.2
    endloop
  endfacet
  facet normal 0 0 1
    outer loop
      vertex 58.5454 30.965 6.2
      vertex 57.2592 29.3885 6.2
      vertex 57.6949 29.1527 6.2
    endloop
  endfacet
  facet normal 0 0 1
    outer loop
      vertex 58.1515 32.5631 6.2
      vertex 56.2616 33.3278 6.2
      vertex 57.9291 32.1393 6.2
    endloop
  endfacet
  facet normal 0 0 1
    outer loop
      vertex 58.1515 31.2369 6.2
      vertex 56.8682 29.6928 6.2
      vertex 57.2592 29.3885 6.2
    endloop
  endfacet
  facet normal -0 0 1
    outer loop
      vertex 56.0625 32.8741 6.2
      vertex 57.9291 32.1393 6.2
      vertex 56.2616 33.3278 6.2
    endloop
  endfacet
  facet normal 0 0 1
    outer loop
      vertex 58.1515 31.2369 6.2
      vertex 56.5326 30.0574 6.2
      vertex 56.8682 29.6928 6.2
    endloop
  endfacet
  facet normal -0 0 1
    outer loop
      vertex 55.9409 32.3938 6.2
      vertex 57.9291 32.1393 6.2
      vertex 56.0625 32.8741 6.2
    endloop
  endfacet
  facet normal 0 0 1
    outer loop
      vertex 58.1515 31.2369 6.2
      vertex 56.2616 30.4722 6.2
      vertex 56.5326 30.0574 6.2
    endloop
  endfacet
  facet normal 0 0 1
    outer loop
      vertex 55.9 31.9 6.2
      vertex 57.9291 32.1393 6.2
      vertex 55.9409 32.3938 6.2
    endloop
  endfacet
  facet normal 0 0 1
    outer loop
      vertex 57.9291 31.6607 6.2
      vertex 56.0625 30.9259 6.2
      vertex 56.2616 30.4722 6.2
    endloop
  endfacet
  facet normal 0 0 1
    outer loop
      vertex 57.9291 32.1393 6.2
      vertex 55.9 31.9 6.2
      vertex 57.9291 31.6607 6.2
    endloop
  endfacet
  facet normal 0 0 1
    outer loop
      vertex 57.9291 31.6607 6.2
      vertex 55.9409 31.4062 6.2
      vertex 56.0625 30.9259 6.2
    endloop
  endfacet
  facet normal 0 0 1
    outer loop
      vertex 57.9291 31.6607 6.2
      vertex 55.9 31.9 6.2
      vertex 55.9409 31.4062 6.2
    endloop
  endfacet
  facet normal 0.614178 -0.789167 0
    outer loop
      vertex 60.5408 29.3885 2.2
      vertex 60.9318 29.6928 6.2
      vertex 60.5408 29.3885 6.2
    endloop
  endfacet
  facet normal 0.614178 -0.789167 0
    outer loop
      vertex 60.9318 29.6928 6.2
      vertex 60.5408 29.3885 2.2
      vertex 60.9318 29.6928 2.2
    endloop
  endfacet
  facet normal -0.324753 0.945799 0
    outer loop
      vertex 58.1635 34.8082 2.2
      vertex 57.6949 34.6473 6.2
      vertex 58.1635 34.8082 6.2
    endloop
  endfacet
  facet normal -0.324753 0.945799 0
    outer loop
      vertex 57.6949 34.6473 6.2
      vertex 58.1635 34.8082 2.2
      vertex 57.6949 34.6473 2.2
    endloop
  endfacet
  facet normal -0.614178 -0.789167 0
    outer loop
      vertex 56.8682 29.6928 2.2
      vertex 57.2592 29.3885 6.2
      vertex 56.8682 29.6928 6.2
    endloop
  endfacet
  facet normal -0.614178 -0.789167 -0
    outer loop
      vertex 57.2592 29.3885 6.2
      vertex 56.8682 29.6928 2.2
      vertex 57.2592 29.3885 2.2
    endloop
  endfacet
  facet normal -0.164661 -0.98635 0
    outer loop
      vertex 58.1635 28.9918 2.2
      vertex 58.6523 28.9102 6.2
      vertex 58.1635 28.9918 6.2
    endloop
  endfacet
  facet normal -0.164661 -0.98635 -0
    outer loop
      vertex 58.6523 28.9102 6.2
      vertex 58.1635 28.9918 2.2
      vertex 58.6523 28.9102 2.2
    endloop
  endfacet
  facet normal 0.56808 -0.822974 0
    outer loop
      vertex 58.1515 32.5631 2.2
      vertex 58.5454 32.835 6.2
      vertex 58.1515 32.5631 6.2
    endloop
  endfacet
  facet normal 0.56808 -0.822974 0
    outer loop
      vertex 58.5454 32.835 6.2
      vertex 58.1515 32.5631 2.2
      vertex 58.5454 32.835 2.2
    endloop
  endfacet
  facet normal -0.748538 -0.663092 0
    outer loop
      vertex 59.7855 32.3647 2.2
      vertex 59.4681 32.723 6.2
      vertex 59.4681 32.723 2.2
    endloop
  endfacet
  facet normal -0.748538 -0.663092 0
    outer loop
      vertex 59.4681 32.723 6.2
      vertex 59.7855 32.3647 2.2
      vertex 59.7855 32.3647 6.2
    endloop
  endfacet
  facet normal -0.97096 -0.23924 0
    outer loop
      vertex 59.9 31.9 2.2
      vertex 59.7855 32.3647 6.2
      vertex 59.7855 32.3647 2.2
    endloop
  endfacet
  facet normal -0.97096 -0.23924 0
    outer loop
      vertex 59.7855 32.3647 6.2
      vertex 59.9 31.9 2.2
      vertex 59.9 31.9 6.2
    endloop
  endfacet
  facet normal 1 -0 0
    outer loop
      vertex 57.9291 31.6607 6.2
      vertex 57.9291 32.1393 2.2
      vertex 57.9291 32.1393 6.2
    endloop
  endfacet
  facet normal 1 0 0
    outer loop
      vertex 57.9291 32.1393 2.2
      vertex 57.9291 31.6607 6.2
      vertex 57.9291 31.6607 2.2
    endloop
  endfacet
  facet normal 0.88548 -0.464678 0
    outer loop
      vertex 57.9291 32.1393 6.2
      vertex 58.1515 32.5631 2.2
      vertex 58.1515 32.5631 6.2
    endloop
  endfacet
  facet normal 0.88548 -0.464678 0
    outer loop
      vertex 58.1515 32.5631 2.2
      vertex 57.9291 32.1393 6.2
      vertex 57.9291 32.1393 2.2
    endloop
  endfacet
  facet normal -0.97096 0.23924 0
    outer loop
      vertex 59.7855 31.4353 2.2
      vertex 59.9 31.9 6.2
      vertex 59.9 31.9 2.2
    endloop
  endfacet
  facet normal -0.97096 0.23924 0
    outer loop
      vertex 59.9 31.9 6.2
      vertex 59.7855 31.4353 2.2
      vertex 59.7855 31.4353 6.2
    endloop
  endfacet
  facet normal 0.120562 0.992706 -0
    outer loop
      vertex 59.0205 30.9073 2.2
      vertex 58.5454 30.965 6.2
      vertex 59.0205 30.9073 6.2
    endloop
  endfacet
  facet normal 0.120562 0.992706 0
    outer loop
      vertex 58.5454 30.965 6.2
      vertex 59.0205 30.9073 2.2
      vertex 58.5454 30.965 2.2
    endloop
  endfacet
  facet normal -0.748538 0.663092 0
    outer loop
      vertex 59.4681 31.077 2.2
      vertex 59.7855 31.4353 6.2
      vertex 59.7855 31.4353 2.2
    endloop
  endfacet
  facet normal -0.748538 0.663092 0
    outer loop
      vertex 59.7855 31.4353 6.2
      vertex 59.4681 31.077 2.2
      vertex 59.4681 31.077 6.2
    endloop
  endfacet
  facet normal -0.354509 0.935052 0
    outer loop
      vertex 59.4681 31.077 2.2
      vertex 59.0205 30.9073 6.2
      vertex 59.4681 31.077 6.2
    endloop
  endfacet
  facet normal -0.354509 0.935052 0
    outer loop
      vertex 59.0205 30.9073 6.2
      vertex 59.4681 31.077 2.2
      vertex 59.0205 30.9073 2.2
    endloop
  endfacet
  facet normal 0.120562 -0.992706 0
    outer loop
      vertex 58.5454 32.835 2.2
      vertex 59.0205 32.8927 6.2
      vertex 58.5454 32.835 6.2
    endloop
  endfacet
  facet normal 0.120562 -0.992706 0
    outer loop
      vertex 59.0205 32.8927 6.2
      vertex 58.5454 32.835 2.2
      vertex 59.0205 32.8927 2.2
    endloop
  endfacet
  facet normal -0.354509 -0.935052 0
    outer loop
      vertex 59.0205 32.8927 2.2
      vertex 59.4681 32.723 6.2
      vertex 59.0205 32.8927 6.2
    endloop
  endfacet
  facet normal -0.354509 -0.935052 -0
    outer loop
      vertex 59.4681 32.723 6.2
      vertex 59.0205 32.8927 2.2
      vertex 59.4681 32.723 2.2
    endloop
  endfacet
  facet normal 0.56808 0.822974 -0
    outer loop
      vertex 58.5454 30.965 2.2
      vertex 58.1515 31.2369 6.2
      vertex 58.5454 30.965 6.2
    endloop
  endfacet
  facet normal 0.56808 0.822974 0
    outer loop
      vertex 58.1515 31.2369 6.2
      vertex 58.5454 30.965 2.2
      vertex 58.1515 31.2369 2.2
    endloop
  endfacet
  facet normal 0.88548 0.464678 0
    outer loop
      vertex 58.1515 31.2369 6.2
      vertex 57.9291 31.6607 2.2
      vertex 57.9291 31.6607 6.2
    endloop
  endfacet
  facet normal 0.88548 0.464678 0
    outer loop
      vertex 57.9291 31.6607 2.2
      vertex 58.1515 31.2369 6.2
      vertex 58.1515 31.2369 2.2
    endloop
  endfacet
  facet normal -0.164661 0.98635 0
    outer loop
      vertex 58.6523 56.3898 2.2
      vertex 58.1635 56.3082 6.2
      vertex 58.6523 56.3898 6.2
    endloop
  endfacet
  facet normal -0.164661 0.98635 0
    outer loop
      vertex 58.1635 56.3082 6.2
      vertex 58.6523 56.3898 2.2
      vertex 58.1635 56.3082 2.2
    endloop
  endfacet
  facet normal 0.969366 0.245621 0
    outer loop
      vertex 61.8591 53.8938 6.2
      vertex 61.7374 54.3741 2.2
      vertex 61.7374 54.3741 6.2
    endloop
  endfacet
  facet normal 0.969366 0.245621 0
    outer loop
      vertex 61.7374 54.3741 2.2
      vertex 61.8591 53.8938 6.2
      vertex 61.8591 53.8938 2.2
    endloop
  endfacet
  facet normal 0.996587 0.0825444 0
    outer loop
      vertex 61.9 53.4 6.2
      vertex 61.8591 53.8938 2.2
      vertex 61.8591 53.8938 6.2
    endloop
  endfacet
  facet normal 0.996587 0.0825444 0
    outer loop
      vertex 61.8591 53.8938 2.2
      vertex 61.9 53.4 6.2
      vertex 61.9 53.4 2.2
    endloop
  endfacet
  facet normal 0.915782 0.401676 0
    outer loop
      vertex 61.7374 54.3741 6.2
      vertex 61.5384 54.8278 2.2
      vertex 61.5384 54.8278 6.2
    endloop
  endfacet
  facet normal 0.915782 0.401676 0
    outer loop
      vertex 61.5384 54.8278 2.2
      vertex 61.7374 54.3741 6.2
      vertex 61.7374 54.3741 2.2
    endloop
  endfacet
  facet normal 0.475964 -0.879464 0
    outer loop
      vertex 60.1051 50.6527 2.2
      vertex 60.5408 50.8885 6.2
      vertex 60.1051 50.6527 6.2
    endloop
  endfacet
  facet normal 0.475964 -0.879464 0
    outer loop
      vertex 60.5408 50.8885 6.2
      vertex 60.1051 50.6527 2.2
      vertex 60.5408 50.8885 2.2
    endloop
  endfacet
  facet normal -0.324753 -0.945799 0
    outer loop
      vertex 57.6949 50.6527 2.2
      vertex 58.1635 50.4918 6.2
      vertex 57.6949 50.6527 6.2
    endloop
  endfacet
  facet normal -0.324753 -0.945799 -0
    outer loop
      vertex 58.1635 50.4918 6.2
      vertex 57.6949 50.6527 2.2
      vertex 58.1635 50.4918 2.2
    endloop
  endfacet
  facet normal -0.996587 -0.0825444 0
    outer loop
      vertex 55.9409 52.9062 2.2
      vertex 55.9 53.4 6.2
      vertex 55.9 53.4 2.2
    endloop
  endfacet
  facet normal -0.996587 -0.0825444 0
    outer loop
      vertex 55.9 53.4 6.2
      vertex 55.9409 52.9062 2.2
      vertex 55.9409 52.9062 6.2
    endloop
  endfacet
  facet normal 0.996587 -0.0825444 0
    outer loop
      vertex 61.8591 52.9062 6.2
      vertex 61.9 53.4 2.2
      vertex 61.9 53.4 6.2
    endloop
  endfacet
  facet normal 0.996587 -0.0825444 0
    outer loop
      vertex 61.9 53.4 2.2
      vertex 61.8591 52.9062 6.2
      vertex 61.8591 52.9062 2.2
    endloop
  endfacet
  facet normal 0.837169 0.546945 0
    outer loop
      vertex 61.5384 54.8278 6.2
      vertex 61.2674 55.2426 2.2
      vertex 61.2674 55.2426 6.2
    endloop
  endfacet
  facet normal 0.837169 0.546945 0
    outer loop
      vertex 61.2674 55.2426 2.2
      vertex 61.5384 54.8278 6.2
      vertex 61.5384 54.8278 2.2
    endloop
  endfacet
  facet normal 0.837169 -0.546945 0
    outer loop
      vertex 61.2674 51.5574 6.2
      vertex 61.5384 51.9722 2.2
      vertex 61.5384 51.9722 6.2
    endloop
  endfacet
  facet normal 0.837169 -0.546945 0
    outer loop
      vertex 61.5384 51.9722 2.2
      vertex 61.2674 51.5574 6.2
      vertex 61.2674 51.5574 2.2
    endloop
  endfacet
  facet normal -0.996587 0.0825444 0
    outer loop
      vertex 55.9 53.4 2.2
      vertex 55.9409 53.8938 6.2
      vertex 55.9409 53.8938 2.2
    endloop
  endfacet
  facet normal -0.996587 0.0825444 0
    outer loop
      vertex 55.9409 53.8938 6.2
      vertex 55.9 53.4 2.2
      vertex 55.9 53.4 6.2
    endloop
  endfacet
  facet normal -0.735762 0.67724 0
    outer loop
      vertex 56.5326 55.2426 2.2
      vertex 56.8682 55.6072 6.2
      vertex 56.8682 55.6072 2.2
    endloop
  endfacet
  facet normal -0.735762 0.67724 0
    outer loop
      vertex 56.8682 55.6072 6.2
      vertex 56.5326 55.2426 2.2
      vertex 56.5326 55.2426 6.2
    endloop
  endfacet
  facet normal 0 1 -0
    outer loop
      vertex 59.1477 56.3898 2.2
      vertex 58.6523 56.3898 6.2
      vertex 59.1477 56.3898 6.2
    endloop
  endfacet
  facet normal 0 1 0
    outer loop
      vertex 58.6523 56.3898 6.2
      vertex 59.1477 56.3898 2.2
      vertex 58.6523 56.3898 2.2
    endloop
  endfacet
  facet normal 0.164661 -0.98635 0
    outer loop
      vertex 59.1477 50.4102 2.2
      vertex 59.6365 50.4918 6.2
      vertex 59.1477 50.4102 6.2
    endloop
  endfacet
  facet normal 0.164661 -0.98635 0
    outer loop
      vertex 59.6365 50.4918 6.2
      vertex 59.1477 50.4102 2.2
      vertex 59.6365 50.4918 2.2
    endloop
  endfacet
  facet normal -0.614178 0.789167 0
    outer loop
      vertex 57.2592 55.9115 2.2
      vertex 56.8682 55.6072 6.2
      vertex 57.2592 55.9115 6.2
    endloop
  endfacet
  facet normal -0.614178 0.789167 0
    outer loop
      vertex 56.8682 55.6072 6.2
      vertex 57.2592 55.9115 2.2
      vertex 56.8682 55.6072 2.2
    endloop
  endfacet
  facet normal -0.969414 -0.245431 0
    outer loop
      vertex 56.0625 52.4259 2.2
      vertex 55.9409 52.9062 6.2
      vertex 55.9409 52.9062 2.2
    endloop
  endfacet
  facet normal -0.969414 -0.245431 0
    outer loop
      vertex 55.9409 52.9062 6.2
      vertex 56.0625 52.4259 2.2
      vertex 56.0625 52.4259 6.2
    endloop
  endfacet
  facet normal -0.475964 0.879464 0
    outer loop
      vertex 57.6949 56.1473 2.2
      vertex 57.2592 55.9115 6.2
      vertex 57.6949 56.1473 6.2
    endloop
  endfacet
  facet normal -0.475964 0.879464 0
    outer loop
      vertex 57.2592 55.9115 6.2
      vertex 57.6949 56.1473 2.2
      vertex 57.2592 55.9115 2.2
    endloop
  endfacet
  facet normal 0.475964 0.879464 -0
    outer loop
      vertex 60.5408 55.9115 2.2
      vertex 60.1051 56.1473 6.2
      vertex 60.5408 55.9115 6.2
    endloop
  endfacet
  facet normal 0.475964 0.879464 0
    outer loop
      vertex 60.1051 56.1473 6.2
      vertex 60.5408 55.9115 2.2
      vertex 60.1051 56.1473 2.2
    endloop
  endfacet
  facet normal 0.735762 -0.67724 0
    outer loop
      vertex 60.9318 51.1928 6.2
      vertex 61.2674 51.5574 2.2
      vertex 61.2674 51.5574 6.2
    endloop
  endfacet
  facet normal 0.735762 -0.67724 0
    outer loop
      vertex 61.2674 51.5574 2.2
      vertex 60.9318 51.1928 6.2
      vertex 60.9318 51.1928 2.2
    endloop
  endfacet
  facet normal 0.324753 -0.945799 0
    outer loop
      vertex 59.6365 50.4918 2.2
      vertex 60.1051 50.6527 6.2
      vertex 59.6365 50.4918 6.2
    endloop
  endfacet
  facet normal 0.324753 -0.945799 0
    outer loop
      vertex 60.1051 50.6527 6.2
      vertex 59.6365 50.4918 2.2
      vertex 60.1051 50.6527 2.2
    endloop
  endfacet
  facet normal -0.735762 -0.67724 0
    outer loop
      vertex 56.8682 51.1928 2.2
      vertex 56.5326 51.5574 6.2
      vertex 56.5326 51.5574 2.2
    endloop
  endfacet
  facet normal -0.735762 -0.67724 0
    outer loop
      vertex 56.5326 51.5574 6.2
      vertex 56.8682 51.1928 2.2
      vertex 56.8682 51.1928 6.2
    endloop
  endfacet
  facet normal 0.969366 -0.245621 0
    outer loop
      vertex 61.7374 52.4259 6.2
      vertex 61.8591 52.9062 2.2
      vertex 61.8591 52.9062 6.2
    endloop
  endfacet
  facet normal 0.969366 -0.245621 0
    outer loop
      vertex 61.8591 52.9062 2.2
      vertex 61.7374 52.4259 6.2
      vertex 61.7374 52.4259 2.2
    endloop
  endfacet
  facet normal -0.475964 -0.879464 0
    outer loop
      vertex 57.2592 50.8885 2.2
      vertex 57.6949 50.6527 6.2
      vertex 57.2592 50.8885 6.2
    endloop
  endfacet
  facet normal -0.475964 -0.879464 -0
    outer loop
      vertex 57.6949 50.6527 6.2
      vertex 57.2592 50.8885 2.2
      vertex 57.6949 50.6527 2.2
    endloop
  endfacet
  facet normal 0.324753 0.945799 -0
    outer loop
      vertex 60.1051 56.1473 2.2
      vertex 59.6365 56.3082 6.2
      vertex 60.1051 56.1473 6.2
    endloop
  endfacet
  facet normal 0.324753 0.945799 0
    outer loop
      vertex 59.6365 56.3082 6.2
      vertex 60.1051 56.1473 2.2
      vertex 59.6365 56.3082 2.2
    endloop
  endfacet
  facet normal 0.614178 0.789167 -0
    outer loop
      vertex 60.9318 55.6072 2.2
      vertex 60.5408 55.9115 6.2
      vertex 60.9318 55.6072 6.2
    endloop
  endfacet
  facet normal 0.614178 0.789167 0
    outer loop
      vertex 60.5408 55.9115 6.2
      vertex 60.9318 55.6072 2.2
      vertex 60.5408 55.9115 2.2
    endloop
  endfacet
  facet normal -0.837169 -0.546945 0
    outer loop
      vertex 56.5326 51.5574 2.2
      vertex 56.2616 51.9722 6.2
      vertex 56.2616 51.9722 2.2
    endloop
  endfacet
  facet normal -0.837169 -0.546945 0
    outer loop
      vertex 56.2616 51.9722 6.2
      vertex 56.5326 51.5574 2.2
      vertex 56.5326 51.5574 6.2
    endloop
  endfacet
  facet normal -0.915707 -0.401846 0
    outer loop
      vertex 56.2616 51.9722 2.2
      vertex 56.0625 52.4259 6.2
      vertex 56.0625 52.4259 2.2
    endloop
  endfacet
  facet normal -0.915707 -0.401846 0
    outer loop
      vertex 56.0625 52.4259 6.2
      vertex 56.2616 51.9722 2.2
      vertex 56.2616 51.9722 6.2
    endloop
  endfacet
  facet normal -0.915707 0.401846 0
    outer loop
      vertex 56.0625 54.3741 2.2
      vertex 56.2616 54.8278 6.2
      vertex 56.2616 54.8278 2.2
    endloop
  endfacet
  facet normal -0.915707 0.401846 0
    outer loop
      vertex 56.2616 54.8278 6.2
      vertex 56.0625 54.3741 2.2
      vertex 56.0625 54.3741 6.2
    endloop
  endfacet
  facet normal 0.735762 0.67724 0
    outer loop
      vertex 61.2674 55.2426 6.2
      vertex 60.9318 55.6072 2.2
      vertex 60.9318 55.6072 6.2
    endloop
  endfacet
  facet normal 0.735762 0.67724 0
    outer loop
      vertex 60.9318 55.6072 2.2
      vertex 61.2674 55.2426 6.2
      vertex 61.2674 55.2426 2.2
    endloop
  endfacet
  facet normal 0 -1 0
    outer loop
      vertex 58.6523 50.4102 2.2
      vertex 59.1477 50.4102 6.2
      vertex 58.6523 50.4102 6.2
    endloop
  endfacet
  facet normal 0 -1 -0
    outer loop
      vertex 59.1477 50.4102 6.2
      vertex 58.6523 50.4102 2.2
      vertex 59.1477 50.4102 2.2
    endloop
  endfacet
  facet normal 0.915782 -0.401676 0
    outer loop
      vertex 61.5384 51.9722 6.2
      vertex 61.7374 52.4259 2.2
      vertex 61.7374 52.4259 6.2
    endloop
  endfacet
  facet normal 0.915782 -0.401676 0
    outer loop
      vertex 61.7374 52.4259 2.2
      vertex 61.5384 51.9722 6.2
      vertex 61.5384 51.9722 2.2
    endloop
  endfacet
  facet normal -0.969414 0.245431 0
    outer loop
      vertex 55.9409 53.8938 2.2
      vertex 56.0625 54.3741 6.2
      vertex 56.0625 54.3741 2.2
    endloop
  endfacet
  facet normal -0.969414 0.245431 0
    outer loop
      vertex 56.0625 54.3741 6.2
      vertex 55.9409 53.8938 2.2
      vertex 55.9409 53.8938 6.2
    endloop
  endfacet
  facet normal -0.837169 0.546945 0
    outer loop
      vertex 56.2616 54.8278 2.2
      vertex 56.5326 55.2426 6.2
      vertex 56.5326 55.2426 2.2
    endloop
  endfacet
  facet normal -0.837169 0.546945 0
    outer loop
      vertex 56.5326 55.2426 6.2
      vertex 56.2616 54.8278 2.2
      vertex 56.2616 54.8278 6.2
    endloop
  endfacet
  facet normal 0.164661 0.98635 -0
    outer loop
      vertex 59.6365 56.3082 2.2
      vertex 59.1477 56.3898 6.2
      vertex 59.6365 56.3082 6.2
    endloop
  endfacet
  facet normal 0.164661 0.98635 0
    outer loop
      vertex 59.1477 56.3898 6.2
      vertex 59.6365 56.3082 2.2
      vertex 59.1477 56.3898 2.2
    endloop
  endfacet
  facet normal 0 0 1
    outer loop
      vertex 59.9 53.4 6.2
      vertex 61.9 53.4 6.2
      vertex 61.8591 53.8938 6.2
    endloop
  endfacet
  facet normal 0 0 1
    outer loop
      vertex 59.7855 53.8647 6.2
      vertex 61.8591 53.8938 6.2
      vertex 61.7374 54.3741 6.2
    endloop
  endfacet
  facet normal 0 0 1
    outer loop
      vertex 61.9 53.4 6.2
      vertex 59.9 53.4 6.2
      vertex 61.8591 52.9062 6.2
    endloop
  endfacet
  facet normal 0 0 1
    outer loop
      vertex 59.7855 53.8647 6.2
      vertex 61.7374 54.3741 6.2
      vertex 61.5384 54.8278 6.2
    endloop
  endfacet
  facet normal -0 0 1
    outer loop
      vertex 59.7855 52.9353 6.2
      vertex 61.8591 52.9062 6.2
      vertex 59.9 53.4 6.2
    endloop
  endfacet
  facet normal 0 0 1
    outer loop
      vertex 59.7855 53.8647 6.2
      vertex 61.5384 54.8278 6.2
      vertex 61.2674 55.2426 6.2
    endloop
  endfacet
  facet normal 0 0 1
    outer loop
      vertex 61.8591 52.9062 6.2
      vertex 59.7855 52.9353 6.2
      vertex 61.7374 52.4259 6.2
    endloop
  endfacet
  facet normal 0 0 1
    outer loop
      vertex 59.4681 54.223 6.2
      vertex 61.2674 55.2426 6.2
      vertex 60.9318 55.6072 6.2
    endloop
  endfacet
  facet normal 0 0 1
    outer loop
      vertex 61.7374 52.4259 6.2
      vertex 59.7855 52.9353 6.2
      vertex 61.5384 51.9722 6.2
    endloop
  endfacet
  facet normal 0 0 1
    outer loop
      vertex 59.4681 54.223 6.2
      vertex 60.9318 55.6072 6.2
      vertex 60.5408 55.9115 6.2
    endloop
  endfacet
  facet normal 0 0 1
    outer loop
      vertex 61.5384 51.9722 6.2
      vertex 59.7855 52.9353 6.2
      vertex 61.2674 51.5574 6.2
    endloop
  endfacet
  facet normal 0 0 1
    outer loop
      vertex 59.4681 54.223 6.2
      vertex 60.5408 55.9115 6.2
      vertex 60.1051 56.1473 6.2
    endloop
  endfacet
  facet normal -0 0 1
    outer loop
      vertex 59.4681 52.577 6.2
      vertex 61.2674 51.5574 6.2
      vertex 59.7855 52.9353 6.2
    endloop
  endfacet
  facet normal 0 0 1
    outer loop
      vertex 61.2674 51.5574 6.2
      vertex 59.4681 52.577 6.2
      vertex 60.9318 51.1928 6.2
    endloop
  endfacet
  facet normal 0 0 1
    outer loop
      vertex 61.8591 53.8938 6.2
      vertex 59.7855 53.8647 6.2
      vertex 59.9 53.4 6.2
    endloop
  endfacet
  facet normal 0 0 1
    outer loop
      vertex 59.0205 54.3927 6.2
      vertex 60.1051 56.1473 6.2
      vertex 59.6365 56.3082 6.2
    endloop
  endfacet
  facet normal 0 0 1
    outer loop
      vertex 61.2674 55.2426 6.2
      vertex 59.4681 54.223 6.2
      vertex 59.7855 53.8647 6.2
    endloop
  endfacet
  facet normal 0 0 1
    outer loop
      vertex 59.0205 54.3927 6.2
      vertex 59.6365 56.3082 6.2
      vertex 59.1477 56.3898 6.2
    endloop
  endfacet
  facet normal 0 0 1
    outer loop
      vertex 60.1051 56.1473 6.2
      vertex 59.0205 54.3927 6.2
      vertex 59.4681 54.223 6.2
    endloop
  endfacet
  facet normal -0 0 1
    outer loop
      vertex 58.6523 56.3898 6.2
      vertex 59.0205 54.3927 6.2
      vertex 59.1477 56.3898 6.2
    endloop
  endfacet
  facet normal 0 0 1
    outer loop
      vertex 58.6523 56.3898 6.2
      vertex 58.5454 54.335 6.2
      vertex 59.0205 54.3927 6.2
    endloop
  endfacet
  facet normal -0 0 1
    outer loop
      vertex 58.1635 56.3082 6.2
      vertex 58.5454 54.335 6.2
      vertex 58.6523 56.3898 6.2
    endloop
  endfacet
  facet normal -0 0 1
    outer loop
      vertex 57.6949 56.1473 6.2
      vertex 58.5454 54.335 6.2
      vertex 58.1635 56.3082 6.2
    endloop
  endfacet
  facet normal -0 0 1
    outer loop
      vertex 57.2592 55.9115 6.2
      vertex 58.5454 54.335 6.2
      vertex 57.6949 56.1473 6.2
    endloop
  endfacet
  facet normal -0 0 1
    outer loop
      vertex 56.8682 55.6072 6.2
      vertex 58.1515 54.0631 6.2
      vertex 57.2592 55.9115 6.2
    endloop
  endfacet
  facet normal 0 0 1
    outer loop
      vertex 58.5454 54.335 6.2
      vertex 57.2592 55.9115 6.2
      vertex 58.1515 54.0631 6.2
    endloop
  endfacet
  facet normal 0 0 1
    outer loop
      vertex 60.9318 51.1928 6.2
      vertex 59.4681 52.577 6.2
      vertex 60.5408 50.8885 6.2
    endloop
  endfacet
  facet normal 0 0 1
    outer loop
      vertex 60.5408 50.8885 6.2
      vertex 59.4681 52.577 6.2
      vertex 60.1051 50.6527 6.2
    endloop
  endfacet
  facet normal -0 0 1
    outer loop
      vertex 59.0205 52.4073 6.2
      vertex 60.1051 50.6527 6.2
      vertex 59.4681 52.577 6.2
    endloop
  endfacet
  facet normal 0 0 1
    outer loop
      vertex 60.1051 50.6527 6.2
      vertex 59.0205 52.4073 6.2
      vertex 59.6365 50.4918 6.2
    endloop
  endfacet
  facet normal 0 0 1
    outer loop
      vertex 59.6365 50.4918 6.2
      vertex 59.0205 52.4073 6.2
      vertex 59.1477 50.4102 6.2
    endloop
  endfacet
  facet normal 0 0 1
    outer loop
      vertex 59.0205 52.4073 6.2
      vertex 58.6523 50.4102 6.2
      vertex 59.1477 50.4102 6.2
    endloop
  endfacet
  facet normal 0 0 1
    outer loop
      vertex 58.5454 52.465 6.2
      vertex 58.6523 50.4102 6.2
      vertex 59.0205 52.4073 6.2
    endloop
  endfacet
  facet normal 0 0 1
    outer loop
      vertex 58.5454 52.465 6.2
      vertex 58.1635 50.4918 6.2
      vertex 58.6523 50.4102 6.2
    endloop
  endfacet
  facet normal 0 0 1
    outer loop
      vertex 57.2592 50.8885 6.2
      vertex 58.5454 52.465 6.2
      vertex 58.1515 52.7369 6.2
    endloop
  endfacet
  facet normal 0 0 1
    outer loop
      vertex 56.2616 51.9722 6.2
      vertex 58.1515 52.7369 6.2
      vertex 57.9291 53.1607 6.2
    endloop
  endfacet
  facet normal 0 0 1
    outer loop
      vertex 58.5454 52.465 6.2
      vertex 57.6949 50.6527 6.2
      vertex 58.1635 50.4918 6.2
    endloop
  endfacet
  facet normal -0 0 1
    outer loop
      vertex 56.5326 55.2426 6.2
      vertex 58.1515 54.0631 6.2
      vertex 56.8682 55.6072 6.2
    endloop
  endfacet
  facet normal -0 0 1
    outer loop
      vertex 56.2616 54.8278 6.2
      vertex 58.1515 54.0631 6.2
      vertex 56.5326 55.2426 6.2
    endloop
  endfacet
  facet normal 0 0 1
    outer loop
      vertex 58.5454 52.465 6.2
      vertex 57.2592 50.8885 6.2
      vertex 57.6949 50.6527 6.2
    endloop
  endfacet
  facet normal 0 0 1
    outer loop
      vertex 58.1515 54.0631 6.2
      vertex 56.2616 54.8278 6.2
      vertex 57.9291 53.6393 6.2
    endloop
  endfacet
  facet normal 0 0 1
    outer loop
      vertex 58.1515 52.7369 6.2
      vertex 56.8682 51.1928 6.2
      vertex 57.2592 50.8885 6.2
    endloop
  endfacet
  facet normal -0 0 1
    outer loop
      vertex 56.0625 54.3741 6.2
      vertex 57.9291 53.6393 6.2
      vertex 56.2616 54.8278 6.2
    endloop
  endfacet
  facet normal 0 0 1
    outer loop
      vertex 58.1515 52.7369 6.2
      vertex 56.5326 51.5574 6.2
      vertex 56.8682 51.1928 6.2
    endloop
  endfacet
  facet normal -0 0 1
    outer loop
      vertex 55.9409 53.8938 6.2
      vertex 57.9291 53.6393 6.2
      vertex 56.0625 54.3741 6.2
    endloop
  endfacet
  facet normal 0 0 1
    outer loop
      vertex 58.1515 52.7369 6.2
      vertex 56.2616 51.9722 6.2
      vertex 56.5326 51.5574 6.2
    endloop
  endfacet
  facet normal 0 0 1
    outer loop
      vertex 55.9 53.4 6.2
      vertex 57.9291 53.6393 6.2
      vertex 55.9409 53.8938 6.2
    endloop
  endfacet
  facet normal 0 0 1
    outer loop
      vertex 57.9291 53.1607 6.2
      vertex 56.0625 52.4259 6.2
      vertex 56.2616 51.9722 6.2
    endloop
  endfacet
  facet normal 0 0 1
    outer loop
      vertex 57.9291 53.6393 6.2
      vertex 55.9 53.4 6.2
      vertex 57.9291 53.1607 6.2
    endloop
  endfacet
  facet normal 0 0 1
    outer loop
      vertex 57.9291 53.1607 6.2
      vertex 55.9409 52.9062 6.2
      vertex 56.0625 52.4259 6.2
    endloop
  endfacet
  facet normal 0 0 1
    outer loop
      vertex 57.9291 53.1607 6.2
      vertex 55.9 53.4 6.2
      vertex 55.9409 52.9062 6.2
    endloop
  endfacet
  facet normal 0.614178 -0.789167 0
    outer loop
      vertex 60.5408 50.8885 2.2
      vertex 60.9318 51.1928 6.2
      vertex 60.5408 50.8885 6.2
    endloop
  endfacet
  facet normal 0.614178 -0.789167 0
    outer loop
      vertex 60.9318 51.1928 6.2
      vertex 60.5408 50.8885 2.2
      vertex 60.9318 51.1928 2.2
    endloop
  endfacet
  facet normal -0.324753 0.945799 0
    outer loop
      vertex 58.1635 56.3082 2.2
      vertex 57.6949 56.1473 6.2
      vertex 58.1635 56.3082 6.2
    endloop
  endfacet
  facet normal -0.324753 0.945799 0
    outer loop
      vertex 57.6949 56.1473 6.2
      vertex 58.1635 56.3082 2.2
      vertex 57.6949 56.1473 2.2
    endloop
  endfacet
  facet normal -0.614178 -0.789167 0
    outer loop
      vertex 56.8682 51.1928 2.2
      vertex 57.2592 50.8885 6.2
      vertex 56.8682 51.1928 6.2
    endloop
  endfacet
  facet normal -0.614178 -0.789167 -0
    outer loop
      vertex 57.2592 50.8885 6.2
      vertex 56.8682 51.1928 2.2
      vertex 57.2592 50.8885 2.2
    endloop
  endfacet
  facet normal -0.164661 -0.98635 0
    outer loop
      vertex 58.1635 50.4918 2.2
      vertex 58.6523 50.4102 6.2
      vertex 58.1635 50.4918 6.2
    endloop
  endfacet
  facet normal -0.164661 -0.98635 -0
    outer loop
      vertex 58.6523 50.4102 6.2
      vertex 58.1635 50.4918 2.2
      vertex 58.6523 50.4102 2.2
    endloop
  endfacet
  facet normal 0.56808 -0.822974 0
    outer loop
      vertex 58.1515 54.0631 2.2
      vertex 58.5454 54.335 6.2
      vertex 58.1515 54.0631 6.2
    endloop
  endfacet
  facet normal 0.56808 -0.822974 0
    outer loop
      vertex 58.5454 54.335 6.2
      vertex 58.1515 54.0631 2.2
      vertex 58.5454 54.335 2.2
    endloop
  endfacet
  facet normal -0.748538 -0.663092 0
    outer loop
      vertex 59.7855 53.8647 2.2
      vertex 59.4681 54.223 6.2
      vertex 59.4681 54.223 2.2
    endloop
  endfacet
  facet normal -0.748538 -0.663092 0
    outer loop
      vertex 59.4681 54.223 6.2
      vertex 59.7855 53.8647 2.2
      vertex 59.7855 53.8647 6.2
    endloop
  endfacet
  facet normal -0.97096 -0.23924 0
    outer loop
      vertex 59.9 53.4 2.2
      vertex 59.7855 53.8647 6.2
      vertex 59.7855 53.8647 2.2
    endloop
  endfacet
  facet normal -0.97096 -0.23924 0
    outer loop
      vertex 59.7855 53.8647 6.2
      vertex 59.9 53.4 2.2
      vertex 59.9 53.4 6.2
    endloop
  endfacet
  facet normal 1 -0 0
    outer loop
      vertex 57.9291 53.1607 6.2
      vertex 57.9291 53.6393 2.2
      vertex 57.9291 53.6393 6.2
    endloop
  endfacet
  facet normal 1 0 0
    outer loop
      vertex 57.9291 53.6393 2.2
      vertex 57.9291 53.1607 6.2
      vertex 57.9291 53.1607 2.2
    endloop
  endfacet
  facet normal 0.88548 -0.464678 0
    outer loop
      vertex 57.9291 53.6393 6.2
      vertex 58.1515 54.0631 2.2
      vertex 58.1515 54.0631 6.2
    endloop
  endfacet
  facet normal 0.88548 -0.464678 0
    outer loop
      vertex 58.1515 54.0631 2.2
      vertex 57.9291 53.6393 6.2
      vertex 57.9291 53.6393 2.2
    endloop
  endfacet
  facet normal -0.97096 0.23924 0
    outer loop
      vertex 59.7855 52.9353 2.2
      vertex 59.9 53.4 6.2
      vertex 59.9 53.4 2.2
    endloop
  endfacet
  facet normal -0.97096 0.23924 0
    outer loop
      vertex 59.9 53.4 6.2
      vertex 59.7855 52.9353 2.2
      vertex 59.7855 52.9353 6.2
    endloop
  endfacet
  facet normal 0.120562 0.992706 -0
    outer loop
      vertex 59.0205 52.4073 2.2
      vertex 58.5454 52.465 6.2
      vertex 59.0205 52.4073 6.2
    endloop
  endfacet
  facet normal 0.120562 0.992706 0
    outer loop
      vertex 58.5454 52.465 6.2
      vertex 59.0205 52.4073 2.2
      vertex 58.5454 52.465 2.2
    endloop
  endfacet
  facet normal -0.748538 0.663092 0
    outer loop
      vertex 59.4681 52.577 2.2
      vertex 59.7855 52.9353 6.2
      vertex 59.7855 52.9353 2.2
    endloop
  endfacet
  facet normal -0.748538 0.663092 0
    outer loop
      vertex 59.7855 52.9353 6.2
      vertex 59.4681 52.577 2.2
      vertex 59.4681 52.577 6.2
    endloop
  endfacet
  facet normal -0.354509 0.935052 0
    outer loop
      vertex 59.4681 52.577 2.2
      vertex 59.0205 52.4073 6.2
      vertex 59.4681 52.577 6.2
    endloop
  endfacet
  facet normal -0.354509 0.935052 0
    outer loop
      vertex 59.0205 52.4073 6.2
      vertex 59.4681 52.577 2.2
      vertex 59.0205 52.4073 2.2
    endloop
  endfacet
  facet normal 0.120562 -0.992706 0
    outer loop
      vertex 58.5454 54.335 2.2
      vertex 59.0205 54.3927 6.2
      vertex 58.5454 54.335 6.2
    endloop
  endfacet
  facet normal 0.120562 -0.992706 0
    outer loop
      vertex 59.0205 54.3927 6.2
      vertex 58.5454 54.335 2.2
      vertex 59.0205 54.3927 2.2
    endloop
  endfacet
  facet normal -0.354509 -0.935052 0
    outer loop
      vertex 59.0205 54.3927 2.2
      vertex 59.4681 54.223 6.2
      vertex 59.0205 54.3927 6.2
    endloop
  endfacet
  facet normal -0.354509 -0.935052 -0
    outer loop
      vertex 59.4681 54.223 6.2
      vertex 59.0205 54.3927 2.2
      vertex 59.4681 54.223 2.2
    endloop
  endfacet
  facet normal 0.56808 0.822974 -0
    outer loop
      vertex 58.5454 52.465 2.2
      vertex 58.1515 52.7369 6.2
      vertex 58.5454 52.465 6.2
    endloop
  endfacet
  facet normal 0.56808 0.822974 0
    outer loop
      vertex 58.1515 52.7369 6.2
      vertex 58.5454 52.465 2.2
      vertex 58.1515 52.7369 2.2
    endloop
  endfacet
  facet normal 0.88548 0.464678 0
    outer loop
      vertex 58.1515 52.7369 6.2
      vertex 57.9291 53.1607 2.2
      vertex 57.9291 53.1607 6.2
    endloop
  endfacet
  facet normal 0.88548 0.464678 0
    outer loop
      vertex 57.9291 53.1607 2.2
      vertex 58.1515 52.7369 6.2
      vertex 58.1515 52.7369 2.2
    endloop
  endfacet
  facet normal -0.164661 0.98635 0
    outer loop
      vertex 74.6523 59.8898 2.2
      vertex 74.1635 59.8082 6.2
      vertex 74.6523 59.8898 6.2
    endloop
  endfacet
  facet normal -0.164661 0.98635 0
    outer loop
      vertex 74.1635 59.8082 6.2
      vertex 74.6523 59.8898 2.2
      vertex 74.1635 59.8082 2.2
    endloop
  endfacet
  facet normal 0.969366 0.245621 0
    outer loop
      vertex 77.8591 57.3938 6.2
      vertex 77.7374 57.8741 2.2
      vertex 77.7374 57.8741 6.2
    endloop
  endfacet
  facet normal 0.969366 0.245621 0
    outer loop
      vertex 77.7374 57.8741 2.2
      vertex 77.8591 57.3938 6.2
      vertex 77.8591 57.3938 2.2
    endloop
  endfacet
  facet normal 0.996587 0.0825444 0
    outer loop
      vertex 77.9 56.9 6.2
      vertex 77.8591 57.3938 2.2
      vertex 77.8591 57.3938 6.2
    endloop
  endfacet
  facet normal 0.996587 0.0825444 0
    outer loop
      vertex 77.8591 57.3938 2.2
      vertex 77.9 56.9 6.2
      vertex 77.9 56.9 2.2
    endloop
  endfacet
  facet normal 0.915782 0.401676 0
    outer loop
      vertex 77.7374 57.8741 6.2
      vertex 77.5384 58.3278 2.2
      vertex 77.5384 58.3278 6.2
    endloop
  endfacet
  facet normal 0.915782 0.401676 0
    outer loop
      vertex 77.5384 58.3278 2.2
      vertex 77.7374 57.8741 6.2
      vertex 77.7374 57.8741 2.2
    endloop
  endfacet
  facet normal 0.475964 -0.879464 0
    outer loop
      vertex 76.1051 54.1527 2.2
      vertex 76.5408 54.3885 6.2
      vertex 76.1051 54.1527 6.2
    endloop
  endfacet
  facet normal 0.475964 -0.879464 0
    outer loop
      vertex 76.5408 54.3885 6.2
      vertex 76.1051 54.1527 2.2
      vertex 76.5408 54.3885 2.2
    endloop
  endfacet
  facet normal -0.324753 -0.945799 0
    outer loop
      vertex 73.6949 54.1527 2.2
      vertex 74.1635 53.9918 6.2
      vertex 73.6949 54.1527 6.2
    endloop
  endfacet
  facet normal -0.324753 -0.945799 -0
    outer loop
      vertex 74.1635 53.9918 6.2
      vertex 73.6949 54.1527 2.2
      vertex 74.1635 53.9918 2.2
    endloop
  endfacet
  facet normal -0.996587 -0.0825444 0
    outer loop
      vertex 71.9409 56.4062 2.2
      vertex 71.9 56.9 6.2
      vertex 71.9 56.9 2.2
    endloop
  endfacet
  facet normal -0.996587 -0.0825444 0
    outer loop
      vertex 71.9 56.9 6.2
      vertex 71.9409 56.4062 2.2
      vertex 71.9409 56.4062 6.2
    endloop
  endfacet
  facet normal 0.996587 -0.0825444 0
    outer loop
      vertex 77.8591 56.4062 6.2
      vertex 77.9 56.9 2.2
      vertex 77.9 56.9 6.2
    endloop
  endfacet
  facet normal 0.996587 -0.0825444 0
    outer loop
      vertex 77.9 56.9 2.2
      vertex 77.8591 56.4062 6.2
      vertex 77.8591 56.4062 2.2
    endloop
  endfacet
  facet normal 0.837169 0.546945 0
    outer loop
      vertex 77.5384 58.3278 6.2
      vertex 77.2674 58.7426 2.2
      vertex 77.2674 58.7426 6.2
    endloop
  endfacet
  facet normal 0.837169 0.546945 0
    outer loop
      vertex 77.2674 58.7426 2.2
      vertex 77.5384 58.3278 6.2
      vertex 77.5384 58.3278 2.2
    endloop
  endfacet
  facet normal 0.837169 -0.546945 0
    outer loop
      vertex 77.2674 55.0574 6.2
      vertex 77.5384 55.4722 2.2
      vertex 77.5384 55.4722 6.2
    endloop
  endfacet
  facet normal 0.837169 -0.546945 0
    outer loop
      vertex 77.5384 55.4722 2.2
      vertex 77.2674 55.0574 6.2
      vertex 77.2674 55.0574 2.2
    endloop
  endfacet
  facet normal -0.996587 0.0825444 0
    outer loop
      vertex 71.9 56.9 2.2
      vertex 71.9409 57.3938 6.2
      vertex 71.9409 57.3938 2.2
    endloop
  endfacet
  facet normal -0.996587 0.0825444 0
    outer loop
      vertex 71.9409 57.3938 6.2
      vertex 71.9 56.9 2.2
      vertex 71.9 56.9 6.2
    endloop
  endfacet
  facet normal -0.735762 0.67724 0
    outer loop
      vertex 72.5326 58.7426 2.2
      vertex 72.8682 59.1072 6.2
      vertex 72.8682 59.1072 2.2
    endloop
  endfacet
  facet normal -0.735762 0.67724 0
    outer loop
      vertex 72.8682 59.1072 6.2
      vertex 72.5326 58.7426 2.2
      vertex 72.5326 58.7426 6.2
    endloop
  endfacet
  facet normal 0 1 -0
    outer loop
      vertex 75.1477 59.8898 2.2
      vertex 74.6523 59.8898 6.2
      vertex 75.1477 59.8898 6.2
    endloop
  endfacet
  facet normal 0 1 0
    outer loop
      vertex 74.6523 59.8898 6.2
      vertex 75.1477 59.8898 2.2
      vertex 74.6523 59.8898 2.2
    endloop
  endfacet
  facet normal 0.164661 -0.98635 0
    outer loop
      vertex 75.1477 53.9102 2.2
      vertex 75.6365 53.9918 6.2
      vertex 75.1477 53.9102 6.2
    endloop
  endfacet
  facet normal 0.164661 -0.98635 0
    outer loop
      vertex 75.6365 53.9918 6.2
      vertex 75.1477 53.9102 2.2
      vertex 75.6365 53.9918 2.2
    endloop
  endfacet
  facet normal -0.614178 0.789167 0
    outer loop
      vertex 73.2592 59.4115 2.2
      vertex 72.8682 59.1072 6.2
      vertex 73.2592 59.4115 6.2
    endloop
  endfacet
  facet normal -0.614178 0.789167 0
    outer loop
      vertex 72.8682 59.1072 6.2
      vertex 73.2592 59.4115 2.2
      vertex 72.8682 59.1072 2.2
    endloop
  endfacet
  facet normal -0.969414 -0.245431 0
    outer loop
      vertex 72.0625 55.9259 2.2
      vertex 71.9409 56.4062 6.2
      vertex 71.9409 56.4062 2.2
    endloop
  endfacet
  facet normal -0.969414 -0.245431 0
    outer loop
      vertex 71.9409 56.4062 6.2
      vertex 72.0625 55.9259 2.2
      vertex 72.0625 55.9259 6.2
    endloop
  endfacet
  facet normal -0.475964 0.879464 0
    outer loop
      vertex 73.6949 59.6473 2.2
      vertex 73.2592 59.4115 6.2
      vertex 73.6949 59.6473 6.2
    endloop
  endfacet
  facet normal -0.475964 0.879464 0
    outer loop
      vertex 73.2592 59.4115 6.2
      vertex 73.6949 59.6473 2.2
      vertex 73.2592 59.4115 2.2
    endloop
  endfacet
  facet normal 0.475964 0.879464 -0
    outer loop
      vertex 76.5408 59.4115 2.2
      vertex 76.1051 59.6473 6.2
      vertex 76.5408 59.4115 6.2
    endloop
  endfacet
  facet normal 0.475964 0.879464 0
    outer loop
      vertex 76.1051 59.6473 6.2
      vertex 76.5408 59.4115 2.2
      vertex 76.1051 59.6473 2.2
    endloop
  endfacet
  facet normal 0.735762 -0.67724 0
    outer loop
      vertex 76.9318 54.6928 6.2
      vertex 77.2674 55.0574 2.2
      vertex 77.2674 55.0574 6.2
    endloop
  endfacet
  facet normal 0.735762 -0.67724 0
    outer loop
      vertex 77.2674 55.0574 2.2
      vertex 76.9318 54.6928 6.2
      vertex 76.9318 54.6928 2.2
    endloop
  endfacet
  facet normal 0.324753 -0.945799 0
    outer loop
      vertex 75.6365 53.9918 2.2
      vertex 76.1051 54.1527 6.2
      vertex 75.6365 53.9918 6.2
    endloop
  endfacet
  facet normal 0.324753 -0.945799 0
    outer loop
      vertex 76.1051 54.1527 6.2
      vertex 75.6365 53.9918 2.2
      vertex 76.1051 54.1527 2.2
    endloop
  endfacet
  facet normal -0.735762 -0.67724 0
    outer loop
      vertex 72.8682 54.6928 2.2
      vertex 72.5326 55.0574 6.2
      vertex 72.5326 55.0574 2.2
    endloop
  endfacet
  facet normal -0.735762 -0.67724 0
    outer loop
      vertex 72.5326 55.0574 6.2
      vertex 72.8682 54.6928 2.2
      vertex 72.8682 54.6928 6.2
    endloop
  endfacet
  facet normal 0.969366 -0.245621 0
    outer loop
      vertex 77.7374 55.9259 6.2
      vertex 77.8591 56.4062 2.2
      vertex 77.8591 56.4062 6.2
    endloop
  endfacet
  facet normal 0.969366 -0.245621 0
    outer loop
      vertex 77.8591 56.4062 2.2
      vertex 77.7374 55.9259 6.2
      vertex 77.7374 55.9259 2.2
    endloop
  endfacet
  facet normal -0.475964 -0.879464 0
    outer loop
      vertex 73.2592 54.3885 2.2
      vertex 73.6949 54.1527 6.2
      vertex 73.2592 54.3885 6.2
    endloop
  endfacet
  facet normal -0.475964 -0.879464 -0
    outer loop
      vertex 73.6949 54.1527 6.2
      vertex 73.2592 54.3885 2.2
      vertex 73.6949 54.1527 2.2
    endloop
  endfacet
  facet normal 0.324753 0.945799 -0
    outer loop
      vertex 76.1051 59.6473 2.2
      vertex 75.6365 59.8082 6.2
      vertex 76.1051 59.6473 6.2
    endloop
  endfacet
  facet normal 0.324753 0.945799 0
    outer loop
      vertex 75.6365 59.8082 6.2
      vertex 76.1051 59.6473 2.2
      vertex 75.6365 59.8082 2.2
    endloop
  endfacet
  facet normal 0.614178 0.789167 -0
    outer loop
      vertex 76.9318 59.1072 2.2
      vertex 76.5408 59.4115 6.2
      vertex 76.9318 59.1072 6.2
    endloop
  endfacet
  facet normal 0.614178 0.789167 0
    outer loop
      vertex 76.5408 59.4115 6.2
      vertex 76.9318 59.1072 2.2
      vertex 76.5408 59.4115 2.2
    endloop
  endfacet
  facet normal -0.837169 -0.546945 0
    outer loop
      vertex 72.5326 55.0574 2.2
      vertex 72.2616 55.4722 6.2
      vertex 72.2616 55.4722 2.2
    endloop
  endfacet
  facet normal -0.837169 -0.546945 0
    outer loop
      vertex 72.2616 55.4722 6.2
      vertex 72.5326 55.0574 2.2
      vertex 72.5326 55.0574 6.2
    endloop
  endfacet
  facet normal -0.915707 -0.401846 0
    outer loop
      vertex 72.2616 55.4722 2.2
      vertex 72.0625 55.9259 6.2
      vertex 72.0625 55.9259 2.2
    endloop
  endfacet
  facet normal -0.915707 -0.401846 0
    outer loop
      vertex 72.0625 55.9259 6.2
      vertex 72.2616 55.4722 2.2
      vertex 72.2616 55.4722 6.2
    endloop
  endfacet
  facet normal -0.915707 0.401846 0
    outer loop
      vertex 72.0625 57.8741 2.2
      vertex 72.2616 58.3278 6.2
      vertex 72.2616 58.3278 2.2
    endloop
  endfacet
  facet normal -0.915707 0.401846 0
    outer loop
      vertex 72.2616 58.3278 6.2
      vertex 72.0625 57.8741 2.2
      vertex 72.0625 57.8741 6.2
    endloop
  endfacet
  facet normal 0.735762 0.67724 0
    outer loop
      vertex 77.2674 58.7426 6.2
      vertex 76.9318 59.1072 2.2
      vertex 76.9318 59.1072 6.2
    endloop
  endfacet
  facet normal 0.735762 0.67724 0
    outer loop
      vertex 76.9318 59.1072 2.2
      vertex 77.2674 58.7426 6.2
      vertex 77.2674 58.7426 2.2
    endloop
  endfacet
  facet normal 0 -1 0
    outer loop
      vertex 74.6523 53.9102 2.2
      vertex 75.1477 53.9102 6.2
      vertex 74.6523 53.9102 6.2
    endloop
  endfacet
  facet normal 0 -1 -0
    outer loop
      vertex 75.1477 53.9102 6.2
      vertex 74.6523 53.9102 2.2
      vertex 75.1477 53.9102 2.2
    endloop
  endfacet
  facet normal 0.915782 -0.401676 0
    outer loop
      vertex 77.5384 55.4722 6.2
      vertex 77.7374 55.9259 2.2
      vertex 77.7374 55.9259 6.2
    endloop
  endfacet
  facet normal 0.915782 -0.401676 0
    outer loop
      vertex 77.7374 55.9259 2.2
      vertex 77.5384 55.4722 6.2
      vertex 77.5384 55.4722 2.2
    endloop
  endfacet
  facet normal -0.969414 0.245431 0
    outer loop
      vertex 71.9409 57.3938 2.2
      vertex 72.0625 57.8741 6.2
      vertex 72.0625 57.8741 2.2
    endloop
  endfacet
  facet normal -0.969414 0.245431 0
    outer loop
      vertex 72.0625 57.8741 6.2
      vertex 71.9409 57.3938 2.2
      vertex 71.9409 57.3938 6.2
    endloop
  endfacet
  facet normal -0.837169 0.546945 0
    outer loop
      vertex 72.2616 58.3278 2.2
      vertex 72.5326 58.7426 6.2
      vertex 72.5326 58.7426 2.2
    endloop
  endfacet
  facet normal -0.837169 0.546945 0
    outer loop
      vertex 72.5326 58.7426 6.2
      vertex 72.2616 58.3278 2.2
      vertex 72.2616 58.3278 6.2
    endloop
  endfacet
  facet normal 0.164661 0.98635 -0
    outer loop
      vertex 75.6365 59.8082 2.2
      vertex 75.1477 59.8898 6.2
      vertex 75.6365 59.8082 6.2
    endloop
  endfacet
  facet normal 0.164661 0.98635 0
    outer loop
      vertex 75.1477 59.8898 6.2
      vertex 75.6365 59.8082 2.2
      vertex 75.1477 59.8898 2.2
    endloop
  endfacet
  facet normal 0 0 1
    outer loop
      vertex 75.9 56.9 6.2
      vertex 77.9 56.9 6.2
      vertex 77.8591 57.3938 6.2
    endloop
  endfacet
  facet normal 0 0 1
    outer loop
      vertex 75.7855 57.3647 6.2
      vertex 77.8591 57.3938 6.2
      vertex 77.7374 57.8741 6.2
    endloop
  endfacet
  facet normal 0 0 1
    outer loop
      vertex 77.9 56.9 6.2
      vertex 75.9 56.9 6.2
      vertex 77.8591 56.4062 6.2
    endloop
  endfacet
  facet normal 0 0 1
    outer loop
      vertex 75.7855 57.3647 6.2
      vertex 77.7374 57.8741 6.2
      vertex 77.5384 58.3278 6.2
    endloop
  endfacet
  facet normal -0 0 1
    outer loop
      vertex 75.7855 56.4353 6.2
      vertex 77.8591 56.4062 6.2
      vertex 75.9 56.9 6.2
    endloop
  endfacet
  facet normal 0 0 1
    outer loop
      vertex 75.7855 57.3647 6.2
      vertex 77.5384 58.3278 6.2
      vertex 77.2674 58.7426 6.2
    endloop
  endfacet
  facet normal 0 0 1
    outer loop
      vertex 77.8591 56.4062 6.2
      vertex 75.7855 56.4353 6.2
      vertex 77.7374 55.9259 6.2
    endloop
  endfacet
  facet normal 0 0 1
    outer loop
      vertex 75.4681 57.723 6.2
      vertex 77.2674 58.7426 6.2
      vertex 76.9318 59.1072 6.2
    endloop
  endfacet
  facet normal 0 0 1
    outer loop
      vertex 77.7374 55.9259 6.2
      vertex 75.7855 56.4353 6.2
      vertex 77.5384 55.4722 6.2
    endloop
  endfacet
  facet normal 0 0 1
    outer loop
      vertex 75.4681 57.723 6.2
      vertex 76.9318 59.1072 6.2
      vertex 76.5408 59.4115 6.2
    endloop
  endfacet
  facet normal 0 0 1
    outer loop
      vertex 77.5384 55.4722 6.2
      vertex 75.7855 56.4353 6.2
      vertex 77.2674 55.0574 6.2
    endloop
  endfacet
  facet normal 0 0 1
    outer loop
      vertex 75.4681 57.723 6.2
      vertex 76.5408 59.4115 6.2
      vertex 76.1051 59.6473 6.2
    endloop
  endfacet
  facet normal -0 0 1
    outer loop
      vertex 75.4681 56.077 6.2
      vertex 77.2674 55.0574 6.2
      vertex 75.7855 56.4353 6.2
    endloop
  endfacet
  facet normal 0 0 1
    outer loop
      vertex 77.2674 55.0574 6.2
      vertex 75.4681 56.077 6.2
      vertex 76.9318 54.6928 6.2
    endloop
  endfacet
  facet normal 0 0 1
    outer loop
      vertex 77.8591 57.3938 6.2
      vertex 75.7855 57.3647 6.2
      vertex 75.9 56.9 6.2
    endloop
  endfacet
  facet normal 0 0 1
    outer loop
      vertex 75.0205 57.8927 6.2
      vertex 76.1051 59.6473 6.2
      vertex 75.6365 59.8082 6.2
    endloop
  endfacet
  facet normal 0 0 1
    outer loop
      vertex 77.2674 58.7426 6.2
      vertex 75.4681 57.723 6.2
      vertex 75.7855 57.3647 6.2
    endloop
  endfacet
  facet normal 0 0 1
    outer loop
      vertex 75.0205 57.8927 6.2
      vertex 75.6365 59.8082 6.2
      vertex 75.1477 59.8898 6.2
    endloop
  endfacet
  facet normal 0 0 1
    outer loop
      vertex 76.1051 59.6473 6.2
      vertex 75.0205 57.8927 6.2
      vertex 75.4681 57.723 6.2
    endloop
  endfacet
  facet normal -0 0 1
    outer loop
      vertex 74.6523 59.8898 6.2
      vertex 75.0205 57.8927 6.2
      vertex 75.1477 59.8898 6.2
    endloop
  endfacet
  facet normal 0 0 1
    outer loop
      vertex 74.6523 59.8898 6.2
      vertex 74.5454 57.835 6.2
      vertex 75.0205 57.8927 6.2
    endloop
  endfacet
  facet normal -0 0 1
    outer loop
      vertex 74.1635 59.8082 6.2
      vertex 74.5454 57.835 6.2
      vertex 74.6523 59.8898 6.2
    endloop
  endfacet
  facet normal -0 0 1
    outer loop
      vertex 73.6949 59.6473 6.2
      vertex 74.5454 57.835 6.2
      vertex 74.1635 59.8082 6.2
    endloop
  endfacet
  facet normal -0 0 1
    outer loop
      vertex 73.2592 59.4115 6.2
      vertex 74.5454 57.835 6.2
      vertex 73.6949 59.6473 6.2
    endloop
  endfacet
  facet normal -0 0 1
    outer loop
      vertex 72.8682 59.1072 6.2
      vertex 74.1515 57.5631 6.2
      vertex 73.2592 59.4115 6.2
    endloop
  endfacet
  facet normal 0 0 1
    outer loop
      vertex 74.5454 57.835 6.2
      vertex 73.2592 59.4115 6.2
      vertex 74.1515 57.5631 6.2
    endloop
  endfacet
  facet normal 0 0 1
    outer loop
      vertex 76.9318 54.6928 6.2
      vertex 75.4681 56.077 6.2
      vertex 76.5408 54.3885 6.2
    endloop
  endfacet
  facet normal 0 0 1
    outer loop
      vertex 76.5408 54.3885 6.2
      vertex 75.4681 56.077 6.2
      vertex 76.1051 54.1527 6.2
    endloop
  endfacet
  facet normal -0 0 1
    outer loop
      vertex 75.0205 55.9073 6.2
      vertex 76.1051 54.1527 6.2
      vertex 75.4681 56.077 6.2
    endloop
  endfacet
  facet normal 0 0 1
    outer loop
      vertex 76.1051 54.1527 6.2
      vertex 75.0205 55.9073 6.2
      vertex 75.6365 53.9918 6.2
    endloop
  endfacet
  facet normal 0 0 1
    outer loop
      vertex 75.6365 53.9918 6.2
      vertex 75.0205 55.9073 6.2
      vertex 75.1477 53.9102 6.2
    endloop
  endfacet
  facet normal 0 0 1
    outer loop
      vertex 75.0205 55.9073 6.2
      vertex 74.6523 53.9102 6.2
      vertex 75.1477 53.9102 6.2
    endloop
  endfacet
  facet normal 0 0 1
    outer loop
      vertex 74.5454 55.965 6.2
      vertex 74.6523 53.9102 6.2
      vertex 75.0205 55.9073 6.2
    endloop
  endfacet
  facet normal 0 0 1
    outer loop
      vertex 74.5454 55.965 6.2
      vertex 74.1635 53.9918 6.2
      vertex 74.6523 53.9102 6.2
    endloop
  endfacet
  facet normal 0 0 1
    outer loop
      vertex 73.2592 54.3885 6.2
      vertex 74.5454 55.965 6.2
      vertex 74.1515 56.2369 6.2
    endloop
  endfacet
  facet normal 0 0 1
    outer loop
      vertex 72.2616 55.4722 6.2
      vertex 74.1515 56.2369 6.2
      vertex 73.9291 56.6607 6.2
    endloop
  endfacet
  facet normal 0 0 1
    outer loop
      vertex 74.5454 55.965 6.2
      vertex 73.6949 54.1527 6.2
      vertex 74.1635 53.9918 6.2
    endloop
  endfacet
  facet normal -0 0 1
    outer loop
      vertex 72.5326 58.7426 6.2
      vertex 74.1515 57.5631 6.2
      vertex 72.8682 59.1072 6.2
    endloop
  endfacet
  facet normal -0 0 1
    outer loop
      vertex 72.2616 58.3278 6.2
      vertex 74.1515 57.5631 6.2
      vertex 72.5326 58.7426 6.2
    endloop
  endfacet
  facet normal 0 0 1
    outer loop
      vertex 74.5454 55.965 6.2
      vertex 73.2592 54.3885 6.2
      vertex 73.6949 54.1527 6.2
    endloop
  endfacet
  facet normal 0 0 1
    outer loop
      vertex 74.1515 57.5631 6.2
      vertex 72.2616 58.3278 6.2
      vertex 73.9291 57.1393 6.2
    endloop
  endfacet
  facet normal 0 0 1
    outer loop
      vertex 74.1515 56.2369 6.2
      vertex 72.8682 54.6928 6.2
      vertex 73.2592 54.3885 6.2
    endloop
  endfacet
  facet normal -0 0 1
    outer loop
      vertex 72.0625 57.8741 6.2
      vertex 73.9291 57.1393 6.2
      vertex 72.2616 58.3278 6.2
    endloop
  endfacet
  facet normal 0 0 1
    outer loop
      vertex 74.1515 56.2369 6.2
      vertex 72.5326 55.0574 6.2
      vertex 72.8682 54.6928 6.2
    endloop
  endfacet
  facet normal -0 0 1
    outer loop
      vertex 71.9409 57.3938 6.2
      vertex 73.9291 57.1393 6.2
      vertex 72.0625 57.8741 6.2
    endloop
  endfacet
  facet normal 0 0 1
    outer loop
      vertex 74.1515 56.2369 6.2
      vertex 72.2616 55.4722 6.2
      vertex 72.5326 55.0574 6.2
    endloop
  endfacet
  facet normal 0 0 1
    outer loop
      vertex 71.9 56.9 6.2
      vertex 73.9291 57.1393 6.2
      vertex 71.9409 57.3938 6.2
    endloop
  endfacet
  facet normal 0 0 1
    outer loop
      vertex 73.9291 56.6607 6.2
      vertex 72.0625 55.9259 6.2
      vertex 72.2616 55.4722 6.2
    endloop
  endfacet
  facet normal 0 0 1
    outer loop
      vertex 73.9291 57.1393 6.2
      vertex 71.9 56.9 6.2
      vertex 73.9291 56.6607 6.2
    endloop
  endfacet
  facet normal 0 0 1
    outer loop
      vertex 73.9291 56.6607 6.2
      vertex 71.9409 56.4062 6.2
      vertex 72.0625 55.9259 6.2
    endloop
  endfacet
  facet normal 0 0 1
    outer loop
      vertex 73.9291 56.6607 6.2
      vertex 71.9 56.9 6.2
      vertex 71.9409 56.4062 6.2
    endloop
  endfacet
  facet normal 0.614178 -0.789167 0
    outer loop
      vertex 76.5408 54.3885 2.2
      vertex 76.9318 54.6928 6.2
      vertex 76.5408 54.3885 6.2
    endloop
  endfacet
  facet normal 0.614178 -0.789167 0
    outer loop
      vertex 76.9318 54.6928 6.2
      vertex 76.5408 54.3885 2.2
      vertex 76.9318 54.6928 2.2
    endloop
  endfacet
  facet normal -0.324753 0.945799 0
    outer loop
      vertex 74.1635 59.8082 2.2
      vertex 73.6949 59.6473 6.2
      vertex 74.1635 59.8082 6.2
    endloop
  endfacet
  facet normal -0.324753 0.945799 0
    outer loop
      vertex 73.6949 59.6473 6.2
      vertex 74.1635 59.8082 2.2
      vertex 73.6949 59.6473 2.2
    endloop
  endfacet
  facet normal -0.614178 -0.789167 0
    outer loop
      vertex 72.8682 54.6928 2.2
      vertex 73.2592 54.3885 6.2
      vertex 72.8682 54.6928 6.2
    endloop
  endfacet
  facet normal -0.614178 -0.789167 -0
    outer loop
      vertex 73.2592 54.3885 6.2
      vertex 72.8682 54.6928 2.2
      vertex 73.2592 54.3885 2.2
    endloop
  endfacet
  facet normal -0.164661 -0.98635 0
    outer loop
      vertex 74.1635 53.9918 2.2
      vertex 74.6523 53.9102 6.2
      vertex 74.1635 53.9918 6.2
    endloop
  endfacet
  facet normal -0.164661 -0.98635 -0
    outer loop
      vertex 74.6523 53.9102 6.2
      vertex 74.1635 53.9918 2.2
      vertex 74.6523 53.9102 2.2
    endloop
  endfacet
  facet normal 0.56808 -0.822974 0
    outer loop
      vertex 74.1515 57.5631 2.2
      vertex 74.5454 57.835 6.2
      vertex 74.1515 57.5631 6.2
    endloop
  endfacet
  facet normal 0.56808 -0.822974 0
    outer loop
      vertex 74.5454 57.835 6.2
      vertex 74.1515 57.5631 2.2
      vertex 74.5454 57.835 2.2
    endloop
  endfacet
  facet normal -0.748538 -0.663092 0
    outer loop
      vertex 75.7855 57.3647 2.2
      vertex 75.4681 57.723 6.2
      vertex 75.4681 57.723 2.2
    endloop
  endfacet
  facet normal -0.748538 -0.663092 0
    outer loop
      vertex 75.4681 57.723 6.2
      vertex 75.7855 57.3647 2.2
      vertex 75.7855 57.3647 6.2
    endloop
  endfacet
  facet normal -0.97096 -0.23924 0
    outer loop
      vertex 75.9 56.9 2.2
      vertex 75.7855 57.3647 6.2
      vertex 75.7855 57.3647 2.2
    endloop
  endfacet
  facet normal -0.97096 -0.23924 0
    outer loop
      vertex 75.7855 57.3647 6.2
      vertex 75.9 56.9 2.2
      vertex 75.9 56.9 6.2
    endloop
  endfacet
  facet normal 1 -0 0
    outer loop
      vertex 73.9291 56.6607 6.2
      vertex 73.9291 57.1393 2.2
      vertex 73.9291 57.1393 6.2
    endloop
  endfacet
  facet normal 1 0 0
    outer loop
      vertex 73.9291 57.1393 2.2
      vertex 73.9291 56.6607 6.2
      vertex 73.9291 56.6607 2.2
    endloop
  endfacet
  facet normal 0.88548 -0.464678 0
    outer loop
      vertex 73.9291 57.1393 6.2
      vertex 74.1515 57.5631 2.2
      vertex 74.1515 57.5631 6.2
    endloop
  endfacet
  facet normal 0.88548 -0.464678 0
    outer loop
      vertex 74.1515 57.5631 2.2
      vertex 73.9291 57.1393 6.2
      vertex 73.9291 57.1393 2.2
    endloop
  endfacet
  facet normal -0.97096 0.23924 0
    outer loop
      vertex 75.7855 56.4353 2.2
      vertex 75.9 56.9 6.2
      vertex 75.9 56.9 2.2
    endloop
  endfacet
  facet normal -0.97096 0.23924 0
    outer loop
      vertex 75.9 56.9 6.2
      vertex 75.7855 56.4353 2.2
      vertex 75.7855 56.4353 6.2
    endloop
  endfacet
  facet normal 0.120562 0.992706 -0
    outer loop
      vertex 75.0205 55.9073 2.2
      vertex 74.5454 55.965 6.2
      vertex 75.0205 55.9073 6.2
    endloop
  endfacet
  facet normal 0.120562 0.992706 0
    outer loop
      vertex 74.5454 55.965 6.2
      vertex 75.0205 55.9073 2.2
      vertex 74.5454 55.965 2.2
    endloop
  endfacet
  facet normal -0.748538 0.663092 0
    outer loop
      vertex 75.4681 56.077 2.2
      vertex 75.7855 56.4353 6.2
      vertex 75.7855 56.4353 2.2
    endloop
  endfacet
  facet normal -0.748538 0.663092 0
    outer loop
      vertex 75.7855 56.4353 6.2
      vertex 75.4681 56.077 2.2
      vertex 75.4681 56.077 6.2
    endloop
  endfacet
  facet normal -0.354509 0.935052 0
    outer loop
      vertex 75.4681 56.077 2.2
      vertex 75.0205 55.9073 6.2
      vertex 75.4681 56.077 6.2
    endloop
  endfacet
  facet normal -0.354509 0.935052 0
    outer loop
      vertex 75.0205 55.9073 6.2
      vertex 75.4681 56.077 2.2
      vertex 75.0205 55.9073 2.2
    endloop
  endfacet
  facet normal 0.120562 -0.992706 0
    outer loop
      vertex 74.5454 57.835 2.2
      vertex 75.0205 57.8927 6.2
      vertex 74.5454 57.835 6.2
    endloop
  endfacet
  facet normal 0.120562 -0.992706 0
    outer loop
      vertex 75.0205 57.8927 6.2
      vertex 74.5454 57.835 2.2
      vertex 75.0205 57.8927 2.2
    endloop
  endfacet
  facet normal -0.354509 -0.935052 0
    outer loop
      vertex 75.0205 57.8927 2.2
      vertex 75.4681 57.723 6.2
      vertex 75.0205 57.8927 6.2
    endloop
  endfacet
  facet normal -0.354509 -0.935052 -0
    outer loop
      vertex 75.4681 57.723 6.2
      vertex 75.0205 57.8927 2.2
      vertex 75.4681 57.723 2.2
    endloop
  endfacet
  facet normal 0.56808 0.822974 -0
    outer loop
      vertex 74.5454 55.965 2.2
      vertex 74.1515 56.2369 6.2
      vertex 74.5454 55.965 6.2
    endloop
  endfacet
  facet normal 0.56808 0.822974 0
    outer loop
      vertex 74.1515 56.2369 6.2
      vertex 74.5454 55.965 2.2
      vertex 74.1515 56.2369 2.2
    endloop
  endfacet
  facet normal 0.88548 0.464678 0
    outer loop
      vertex 74.1515 56.2369 6.2
      vertex 73.9291 56.6607 2.2
      vertex 73.9291 56.6607 6.2
    endloop
  endfacet
  facet normal 0.88548 0.464678 0
    outer loop
      vertex 73.9291 56.6607 2.2
      vertex 74.1515 56.2369 6.2
      vertex 74.1515 56.2369 2.2
    endloop
  endfacet
  facet normal -0.164661 0.98635 0
    outer loop
      vertex 95.0523 75.1898 2.2
      vertex 94.5635 75.1082 6.2
      vertex 95.0523 75.1898 6.2
    endloop
  endfacet
  facet normal -0.164661 0.98635 0
    outer loop
      vertex 94.5635 75.1082 6.2
      vertex 95.0523 75.1898 2.2
      vertex 94.5635 75.1082 2.2
    endloop
  endfacet
  facet normal 0.969414 0.245431 0
    outer loop
      vertex 98.2591 72.6938 6.2
      vertex 98.1375 73.1741 2.2
      vertex 98.1375 73.1741 6.2
    endloop
  endfacet
  facet normal 0.969414 0.245431 0
    outer loop
      vertex 98.1375 73.1741 2.2
      vertex 98.2591 72.6938 6.2
      vertex 98.2591 72.6938 2.2
    endloop
  endfacet
  facet normal 0.996587 0.0825444 0
    outer loop
      vertex 98.3 72.2 6.2
      vertex 98.2591 72.6938 2.2
      vertex 98.2591 72.6938 6.2
    endloop
  endfacet
  facet normal 0.996587 0.0825444 0
    outer loop
      vertex 98.2591 72.6938 2.2
      vertex 98.3 72.2 6.2
      vertex 98.3 72.2 2.2
    endloop
  endfacet
  facet normal 0.915707 0.401846 0
    outer loop
      vertex 98.1375 73.1741 6.2
      vertex 97.9384 73.6278 2.2
      vertex 97.9384 73.6278 6.2
    endloop
  endfacet
  facet normal 0.915707 0.401846 0
    outer loop
      vertex 97.9384 73.6278 2.2
      vertex 98.1375 73.1741 6.2
      vertex 98.1375 73.1741 2.2
    endloop
  endfacet
  facet normal 0.475964 -0.879464 0
    outer loop
      vertex 96.5051 69.4527 2.2
      vertex 96.9408 69.6885 6.2
      vertex 96.5051 69.4527 6.2
    endloop
  endfacet
  facet normal 0.475964 -0.879464 0
    outer loop
      vertex 96.9408 69.6885 6.2
      vertex 96.5051 69.4527 2.2
      vertex 96.9408 69.6885 2.2
    endloop
  endfacet
  facet normal -0.324753 -0.945799 0
    outer loop
      vertex 94.0949 69.4527 2.2
      vertex 94.5635 69.2918 6.2
      vertex 94.0949 69.4527 6.2
    endloop
  endfacet
  facet normal -0.324753 -0.945799 -0
    outer loop
      vertex 94.5635 69.2918 6.2
      vertex 94.0949 69.4527 2.2
      vertex 94.5635 69.2918 2.2
    endloop
  endfacet
  facet normal -0.996587 -0.0825444 0
    outer loop
      vertex 92.3409 71.7062 2.2
      vertex 92.3 72.2 6.2
      vertex 92.3 72.2 2.2
    endloop
  endfacet
  facet normal -0.996587 -0.0825444 0
    outer loop
      vertex 92.3 72.2 6.2
      vertex 92.3409 71.7062 2.2
      vertex 92.3409 71.7062 6.2
    endloop
  endfacet
  facet normal 0.996587 -0.0825444 0
    outer loop
      vertex 98.2591 71.7062 6.2
      vertex 98.3 72.2 2.2
      vertex 98.3 72.2 6.2
    endloop
  endfacet
  facet normal 0.996587 -0.0825444 0
    outer loop
      vertex 98.3 72.2 2.2
      vertex 98.2591 71.7062 6.2
      vertex 98.2591 71.7062 2.2
    endloop
  endfacet
  facet normal 0.837169 0.546945 0
    outer loop
      vertex 97.9384 73.6278 6.2
      vertex 97.6674 74.0426 2.2
      vertex 97.6674 74.0426 6.2
    endloop
  endfacet
  facet normal 0.837169 0.546945 0
    outer loop
      vertex 97.6674 74.0426 2.2
      vertex 97.9384 73.6278 6.2
      vertex 97.9384 73.6278 2.2
    endloop
  endfacet
  facet normal 0.837169 -0.546945 0
    outer loop
      vertex 97.6674 70.3574 6.2
      vertex 97.9384 70.7722 2.2
      vertex 97.9384 70.7722 6.2
    endloop
  endfacet
  facet normal 0.837169 -0.546945 0
    outer loop
      vertex 97.9384 70.7722 2.2
      vertex 97.6674 70.3574 6.2
      vertex 97.6674 70.3574 2.2
    endloop
  endfacet
  facet normal -0.996587 0.0825444 0
    outer loop
      vertex 92.3 72.2 2.2
      vertex 92.3409 72.6938 6.2
      vertex 92.3409 72.6938 2.2
    endloop
  endfacet
  facet normal -0.996587 0.0825444 0
    outer loop
      vertex 92.3409 72.6938 6.2
      vertex 92.3 72.2 2.2
      vertex 92.3 72.2 6.2
    endloop
  endfacet
  facet normal -0.735762 0.67724 0
    outer loop
      vertex 92.9326 74.0426 2.2
      vertex 93.2682 74.4072 6.2
      vertex 93.2682 74.4072 2.2
    endloop
  endfacet
  facet normal -0.735762 0.67724 0
    outer loop
      vertex 93.2682 74.4072 6.2
      vertex 92.9326 74.0426 2.2
      vertex 92.9326 74.0426 6.2
    endloop
  endfacet
  facet normal 0 1 -0
    outer loop
      vertex 95.5477 75.1898 2.2
      vertex 95.0523 75.1898 6.2
      vertex 95.5477 75.1898 6.2
    endloop
  endfacet
  facet normal 0 1 0
    outer loop
      vertex 95.0523 75.1898 6.2
      vertex 95.5477 75.1898 2.2
      vertex 95.0523 75.1898 2.2
    endloop
  endfacet
  facet normal 0.164464 -0.986383 0
    outer loop
      vertex 95.5477 69.2103 2.2
      vertex 96.0365 69.2918 6.2
      vertex 95.5477 69.2103 6.2
    endloop
  endfacet
  facet normal 0.164464 -0.986383 0
    outer loop
      vertex 96.0365 69.2918 6.2
      vertex 95.5477 69.2103 2.2
      vertex 96.0365 69.2918 2.2
    endloop
  endfacet
  facet normal -0.614178 0.789167 0
    outer loop
      vertex 93.6592 74.7115 2.2
      vertex 93.2682 74.4072 6.2
      vertex 93.6592 74.7115 6.2
    endloop
  endfacet
  facet normal -0.614178 0.789167 0
    outer loop
      vertex 93.2682 74.4072 6.2
      vertex 93.6592 74.7115 2.2
      vertex 93.2682 74.4072 2.2
    endloop
  endfacet
  facet normal -0.969414 -0.245431 0
    outer loop
      vertex 92.4625 71.2259 2.2
      vertex 92.3409 71.7062 6.2
      vertex 92.3409 71.7062 2.2
    endloop
  endfacet
  facet normal -0.969414 -0.245431 0
    outer loop
      vertex 92.3409 71.7062 6.2
      vertex 92.4625 71.2259 2.2
      vertex 92.4625 71.2259 6.2
    endloop
  endfacet
  facet normal -0.475964 0.879464 0
    outer loop
      vertex 94.0949 74.9473 2.2
      vertex 93.6592 74.7115 6.2
      vertex 94.0949 74.9473 6.2
    endloop
  endfacet
  facet normal -0.475964 0.879464 0
    outer loop
      vertex 93.6592 74.7115 6.2
      vertex 94.0949 74.9473 2.2
      vertex 93.6592 74.7115 2.2
    endloop
  endfacet
  facet normal 0.475964 0.879464 -0
    outer loop
      vertex 96.9408 74.7115 2.2
      vertex 96.5051 74.9473 6.2
      vertex 96.9408 74.7115 6.2
    endloop
  endfacet
  facet normal 0.475964 0.879464 0
    outer loop
      vertex 96.5051 74.9473 6.2
      vertex 96.9408 74.7115 2.2
      vertex 96.5051 74.9473 2.2
    endloop
  endfacet
  facet normal 0.735762 -0.67724 0
    outer loop
      vertex 97.3318 69.9928 6.2
      vertex 97.6674 70.3574 2.2
      vertex 97.6674 70.3574 6.2
    endloop
  endfacet
  facet normal 0.735762 -0.67724 0
    outer loop
      vertex 97.6674 70.3574 2.2
      vertex 97.3318 69.9928 6.2
      vertex 97.3318 69.9928 2.2
    endloop
  endfacet
  facet normal 0.324753 -0.945799 0
    outer loop
      vertex 96.0365 69.2918 2.2
      vertex 96.5051 69.4527 6.2
      vertex 96.0365 69.2918 6.2
    endloop
  endfacet
  facet normal 0.324753 -0.945799 0
    outer loop
      vertex 96.5051 69.4527 6.2
      vertex 96.0365 69.2918 2.2
      vertex 96.5051 69.4527 2.2
    endloop
  endfacet
  facet normal -0.735762 -0.67724 0
    outer loop
      vertex 93.2682 69.9928 2.2
      vertex 92.9326 70.3574 6.2
      vertex 92.9326 70.3574 2.2
    endloop
  endfacet
  facet normal -0.735762 -0.67724 0
    outer loop
      vertex 92.9326 70.3574 6.2
      vertex 93.2682 69.9928 2.2
      vertex 93.2682 69.9928 6.2
    endloop
  endfacet
  facet normal 0.969414 -0.245431 0
    outer loop
      vertex 98.1375 71.2259 6.2
      vertex 98.2591 71.7062 2.2
      vertex 98.2591 71.7062 6.2
    endloop
  endfacet
  facet normal 0.969414 -0.245431 0
    outer loop
      vertex 98.2591 71.7062 2.2
      vertex 98.1375 71.2259 6.2
      vertex 98.1375 71.2259 2.2
    endloop
  endfacet
  facet normal -0.475964 -0.879464 0
    outer loop
      vertex 93.6592 69.6885 2.2
      vertex 94.0949 69.4527 6.2
      vertex 93.6592 69.6885 6.2
    endloop
  endfacet
  facet normal -0.475964 -0.879464 -0
    outer loop
      vertex 94.0949 69.4527 6.2
      vertex 93.6592 69.6885 2.2
      vertex 94.0949 69.4527 2.2
    endloop
  endfacet
  facet normal 0.324753 0.945799 -0
    outer loop
      vertex 96.5051 74.9473 2.2
      vertex 96.0365 75.1082 6.2
      vertex 96.5051 74.9473 6.2
    endloop
  endfacet
  facet normal 0.324753 0.945799 0
    outer loop
      vertex 96.0365 75.1082 6.2
      vertex 96.5051 74.9473 2.2
      vertex 96.0365 75.1082 2.2
    endloop
  endfacet
  facet normal 0.614178 0.789167 -0
    outer loop
      vertex 97.3318 74.4072 2.2
      vertex 96.9408 74.7115 6.2
      vertex 97.3318 74.4072 6.2
    endloop
  endfacet
  facet normal 0.614178 0.789167 0
    outer loop
      vertex 96.9408 74.7115 6.2
      vertex 97.3318 74.4072 2.2
      vertex 96.9408 74.7115 2.2
    endloop
  endfacet
  facet normal -0.837169 -0.546945 0
    outer loop
      vertex 92.9326 70.3574 2.2
      vertex 92.6616 70.7722 6.2
      vertex 92.6616 70.7722 2.2
    endloop
  endfacet
  facet normal -0.837169 -0.546945 0
    outer loop
      vertex 92.6616 70.7722 6.2
      vertex 92.9326 70.3574 2.2
      vertex 92.9326 70.3574 6.2
    endloop
  endfacet
  facet normal -0.915707 -0.401846 0
    outer loop
      vertex 92.6616 70.7722 2.2
      vertex 92.4625 71.2259 6.2
      vertex 92.4625 71.2259 2.2
    endloop
  endfacet
  facet normal -0.915707 -0.401846 0
    outer loop
      vertex 92.4625 71.2259 6.2
      vertex 92.6616 70.7722 2.2
      vertex 92.6616 70.7722 6.2
    endloop
  endfacet
  facet normal -0.915707 0.401846 0
    outer loop
      vertex 92.4625 73.1741 2.2
      vertex 92.6616 73.6278 6.2
      vertex 92.6616 73.6278 2.2
    endloop
  endfacet
  facet normal -0.915707 0.401846 0
    outer loop
      vertex 92.6616 73.6278 6.2
      vertex 92.4625 73.1741 2.2
      vertex 92.4625 73.1741 6.2
    endloop
  endfacet
  facet normal 0.735762 0.67724 0
    outer loop
      vertex 97.6674 74.0426 6.2
      vertex 97.3318 74.4072 2.2
      vertex 97.3318 74.4072 6.2
    endloop
  endfacet
  facet normal 0.735762 0.67724 0
    outer loop
      vertex 97.3318 74.4072 2.2
      vertex 97.6674 74.0426 6.2
      vertex 97.6674 74.0426 2.2
    endloop
  endfacet
  facet normal 0 -1 0
    outer loop
      vertex 95.0523 69.2103 2.2
      vertex 95.5477 69.2103 6.2
      vertex 95.0523 69.2103 6.2
    endloop
  endfacet
  facet normal 0 -1 -0
    outer loop
      vertex 95.5477 69.2103 6.2
      vertex 95.0523 69.2103 2.2
      vertex 95.5477 69.2103 2.2
    endloop
  endfacet
  facet normal 0.915707 -0.401846 0
    outer loop
      vertex 97.9384 70.7722 6.2
      vertex 98.1375 71.2259 2.2
      vertex 98.1375 71.2259 6.2
    endloop
  endfacet
  facet normal 0.915707 -0.401846 0
    outer loop
      vertex 98.1375 71.2259 2.2
      vertex 97.9384 70.7722 6.2
      vertex 97.9384 70.7722 2.2
    endloop
  endfacet
  facet normal -0.969414 0.245431 0
    outer loop
      vertex 92.3409 72.6938 2.2
      vertex 92.4625 73.1741 6.2
      vertex 92.4625 73.1741 2.2
    endloop
  endfacet
  facet normal -0.969414 0.245431 0
    outer loop
      vertex 92.4625 73.1741 6.2
      vertex 92.3409 72.6938 2.2
      vertex 92.3409 72.6938 6.2
    endloop
  endfacet
  facet normal -0.837169 0.546945 0
    outer loop
      vertex 92.6616 73.6278 2.2
      vertex 92.9326 74.0426 6.2
      vertex 92.9326 74.0426 2.2
    endloop
  endfacet
  facet normal -0.837169 0.546945 0
    outer loop
      vertex 92.9326 74.0426 6.2
      vertex 92.6616 73.6278 2.2
      vertex 92.6616 73.6278 6.2
    endloop
  endfacet
  facet normal 0.164661 0.98635 -0
    outer loop
      vertex 96.0365 75.1082 2.2
      vertex 95.5477 75.1898 6.2
      vertex 96.0365 75.1082 6.2
    endloop
  endfacet
  facet normal 0.164661 0.98635 0
    outer loop
      vertex 95.5477 75.1898 6.2
      vertex 96.0365 75.1082 2.2
      vertex 95.5477 75.1898 2.2
    endloop
  endfacet
  facet normal 0 0 1
    outer loop
      vertex 96.3 72.2 6.2
      vertex 98.3 72.2 6.2
      vertex 98.2591 72.6938 6.2
    endloop
  endfacet
  facet normal 0 0 1
    outer loop
      vertex 96.1855 72.6647 6.2
      vertex 98.2591 72.6938 6.2
      vertex 98.1375 73.1741 6.2
    endloop
  endfacet
  facet normal 0 0 1
    outer loop
      vertex 98.3 72.2 6.2
      vertex 96.3 72.2 6.2
      vertex 98.2591 71.7062 6.2
    endloop
  endfacet
  facet normal 0 0 1
    outer loop
      vertex 96.1855 72.6647 6.2
      vertex 98.1375 73.1741 6.2
      vertex 97.9384 73.6278 6.2
    endloop
  endfacet
  facet normal -0 0 1
    outer loop
      vertex 96.1855 71.7353 6.2
      vertex 98.2591 71.7062 6.2
      vertex 96.3 72.2 6.2
    endloop
  endfacet
  facet normal 0 0 1
    outer loop
      vertex 96.1855 72.6647 6.2
      vertex 97.9384 73.6278 6.2
      vertex 97.6674 74.0426 6.2
    endloop
  endfacet
  facet normal 0 0 1
    outer loop
      vertex 98.2591 71.7062 6.2
      vertex 96.1855 71.7353 6.2
      vertex 98.1375 71.2259 6.2
    endloop
  endfacet
  facet normal 0 0 1
    outer loop
      vertex 95.8681 73.023 6.2
      vertex 97.6674 74.0426 6.2
      vertex 97.3318 74.4072 6.2
    endloop
  endfacet
  facet normal 0 0 1
    outer loop
      vertex 98.1375 71.2259 6.2
      vertex 96.1855 71.7353 6.2
      vertex 97.9384 70.7722 6.2
    endloop
  endfacet
  facet normal 0 0 1
    outer loop
      vertex 95.8681 73.023 6.2
      vertex 97.3318 74.4072 6.2
      vertex 96.9408 74.7115 6.2
    endloop
  endfacet
  facet normal 0 0 1
    outer loop
      vertex 97.9384 70.7722 6.2
      vertex 96.1855 71.7353 6.2
      vertex 97.6674 70.3574 6.2
    endloop
  endfacet
  facet normal 0 0 1
    outer loop
      vertex 95.8681 73.023 6.2
      vertex 96.9408 74.7115 6.2
      vertex 96.5051 74.9473 6.2
    endloop
  endfacet
  facet normal -0 0 1
    outer loop
      vertex 95.8681 71.377 6.2
      vertex 97.6674 70.3574 6.2
      vertex 96.1855 71.7353 6.2
    endloop
  endfacet
  facet normal 0 0 1
    outer loop
      vertex 97.6674 70.3574 6.2
      vertex 95.8681 71.377 6.2
      vertex 97.3318 69.9928 6.2
    endloop
  endfacet
  facet normal 0 0 1
    outer loop
      vertex 98.2591 72.6938 6.2
      vertex 96.1855 72.6647 6.2
      vertex 96.3 72.2 6.2
    endloop
  endfacet
  facet normal 0 0 1
    outer loop
      vertex 95.4205 73.1927 6.2
      vertex 96.5051 74.9473 6.2
      vertex 96.0365 75.1082 6.2
    endloop
  endfacet
  facet normal 0 0 1
    outer loop
      vertex 97.6674 74.0426 6.2
      vertex 95.8681 73.023 6.2
      vertex 96.1855 72.6647 6.2
    endloop
  endfacet
  facet normal 0 0 1
    outer loop
      vertex 95.4205 73.1927 6.2
      vertex 96.0365 75.1082 6.2
      vertex 95.5477 75.1898 6.2
    endloop
  endfacet
  facet normal 0 0 1
    outer loop
      vertex 96.5051 74.9473 6.2
      vertex 95.4205 73.1927 6.2
      vertex 95.8681 73.023 6.2
    endloop
  endfacet
  facet normal -0 0 1
    outer loop
      vertex 95.0523 75.1898 6.2
      vertex 95.4205 73.1927 6.2
      vertex 95.5477 75.1898 6.2
    endloop
  endfacet
  facet normal 0 0 1
    outer loop
      vertex 95.0523 75.1898 6.2
      vertex 94.9454 73.135 6.2
      vertex 95.4205 73.1927 6.2
    endloop
  endfacet
  facet normal -0 0 1
    outer loop
      vertex 94.5635 75.1082 6.2
      vertex 94.9454 73.135 6.2
      vertex 95.0523 75.1898 6.2
    endloop
  endfacet
  facet normal -0 0 1
    outer loop
      vertex 94.0949 74.9473 6.2
      vertex 94.9454 73.135 6.2
      vertex 94.5635 75.1082 6.2
    endloop
  endfacet
  facet normal -0 0 1
    outer loop
      vertex 93.6592 74.7115 6.2
      vertex 94.9454 73.135 6.2
      vertex 94.0949 74.9473 6.2
    endloop
  endfacet
  facet normal -0 0 1
    outer loop
      vertex 93.2682 74.4072 6.2
      vertex 94.5515 72.8631 6.2
      vertex 93.6592 74.7115 6.2
    endloop
  endfacet
  facet normal 0 0 1
    outer loop
      vertex 94.9454 73.135 6.2
      vertex 93.6592 74.7115 6.2
      vertex 94.5515 72.8631 6.2
    endloop
  endfacet
  facet normal 0 0 1
    outer loop
      vertex 97.3318 69.9928 6.2
      vertex 95.8681 71.377 6.2
      vertex 96.9408 69.6885 6.2
    endloop
  endfacet
  facet normal 0 0 1
    outer loop
      vertex 96.9408 69.6885 6.2
      vertex 95.8681 71.377 6.2
      vertex 96.5051 69.4527 6.2
    endloop
  endfacet
  facet normal -0 0 1
    outer loop
      vertex 95.4205 71.2073 6.2
      vertex 96.5051 69.4527 6.2
      vertex 95.8681 71.377 6.2
    endloop
  endfacet
  facet normal 0 0 1
    outer loop
      vertex 96.5051 69.4527 6.2
      vertex 95.4205 71.2073 6.2
      vertex 96.0365 69.2918 6.2
    endloop
  endfacet
  facet normal 0 0 1
    outer loop
      vertex 96.0365 69.2918 6.2
      vertex 95.4205 71.2073 6.2
      vertex 95.5477 69.2103 6.2
    endloop
  endfacet
  facet normal 0 0 1
    outer loop
      vertex 95.4205 71.2073 6.2
      vertex 95.0523 69.2103 6.2
      vertex 95.5477 69.2103 6.2
    endloop
  endfacet
  facet normal 0 0 1
    outer loop
      vertex 94.9454 71.265 6.2
      vertex 95.0523 69.2103 6.2
      vertex 95.4205 71.2073 6.2
    endloop
  endfacet
  facet normal 0 0 1
    outer loop
      vertex 94.9454 71.265 6.2
      vertex 94.5635 69.2918 6.2
      vertex 95.0523 69.2103 6.2
    endloop
  endfacet
  facet normal 0 0 1
    outer loop
      vertex 93.6592 69.6885 6.2
      vertex 94.9454 71.265 6.2
      vertex 94.5515 71.5369 6.2
    endloop
  endfacet
  facet normal 0 0 1
    outer loop
      vertex 92.6616 70.7722 6.2
      vertex 94.5515 71.5369 6.2
      vertex 94.3291 71.9607 6.2
    endloop
  endfacet
  facet normal 0 0 1
    outer loop
      vertex 94.9454 71.265 6.2
      vertex 94.0949 69.4527 6.2
      vertex 94.5635 69.2918 6.2
    endloop
  endfacet
  facet normal -0 0 1
    outer loop
      vertex 92.9326 74.0426 6.2
      vertex 94.5515 72.8631 6.2
      vertex 93.2682 74.4072 6.2
    endloop
  endfacet
  facet normal -0 0 1
    outer loop
      vertex 92.6616 73.6278 6.2
      vertex 94.5515 72.8631 6.2
      vertex 92.9326 74.0426 6.2
    endloop
  endfacet
  facet normal 0 0 1
    outer loop
      vertex 94.9454 71.265 6.2
      vertex 93.6592 69.6885 6.2
      vertex 94.0949 69.4527 6.2
    endloop
  endfacet
  facet normal 0 0 1
    outer loop
      vertex 94.5515 72.8631 6.2
      vertex 92.6616 73.6278 6.2
      vertex 94.3291 72.4393 6.2
    endloop
  endfacet
  facet normal 0 0 1
    outer loop
      vertex 94.5515 71.5369 6.2
      vertex 93.2682 69.9928 6.2
      vertex 93.6592 69.6885 6.2
    endloop
  endfacet
  facet normal -0 0 1
    outer loop
      vertex 92.4625 73.1741 6.2
      vertex 94.3291 72.4393 6.2
      vertex 92.6616 73.6278 6.2
    endloop
  endfacet
  facet normal 0 0 1
    outer loop
      vertex 94.5515 71.5369 6.2
      vertex 92.9326 70.3574 6.2
      vertex 93.2682 69.9928 6.2
    endloop
  endfacet
  facet normal -0 0 1
    outer loop
      vertex 92.3409 72.6938 6.2
      vertex 94.3291 72.4393 6.2
      vertex 92.4625 73.1741 6.2
    endloop
  endfacet
  facet normal 0 0 1
    outer loop
      vertex 94.5515 71.5369 6.2
      vertex 92.6616 70.7722 6.2
      vertex 92.9326 70.3574 6.2
    endloop
  endfacet
  facet normal 0 0 1
    outer loop
      vertex 92.3 72.2 6.2
      vertex 94.3291 72.4393 6.2
      vertex 92.3409 72.6938 6.2
    endloop
  endfacet
  facet normal 0 0 1
    outer loop
      vertex 94.3291 71.9607 6.2
      vertex 92.4625 71.2259 6.2
      vertex 92.6616 70.7722 6.2
    endloop
  endfacet
  facet normal 0 0 1
    outer loop
      vertex 94.3291 72.4393 6.2
      vertex 92.3 72.2 6.2
      vertex 94.3291 71.9607 6.2
    endloop
  endfacet
  facet normal 0 0 1
    outer loop
      vertex 94.3291 71.9607 6.2
      vertex 92.3409 71.7062 6.2
      vertex 92.4625 71.2259 6.2
    endloop
  endfacet
  facet normal 0 0 1
    outer loop
      vertex 94.3291 71.9607 6.2
      vertex 92.3 72.2 6.2
      vertex 92.3409 71.7062 6.2
    endloop
  endfacet
  facet normal 0.614178 -0.789167 0
    outer loop
      vertex 96.9408 69.6885 2.2
      vertex 97.3318 69.9928 6.2
      vertex 96.9408 69.6885 6.2
    endloop
  endfacet
  facet normal 0.614178 -0.789167 0
    outer loop
      vertex 97.3318 69.9928 6.2
      vertex 96.9408 69.6885 2.2
      vertex 97.3318 69.9928 2.2
    endloop
  endfacet
  facet normal -0.324753 0.945799 0
    outer loop
      vertex 94.5635 75.1082 2.2
      vertex 94.0949 74.9473 6.2
      vertex 94.5635 75.1082 6.2
    endloop
  endfacet
  facet normal -0.324753 0.945799 0
    outer loop
      vertex 94.0949 74.9473 6.2
      vertex 94.5635 75.1082 2.2
      vertex 94.0949 74.9473 2.2
    endloop
  endfacet
  facet normal -0.614178 -0.789167 0
    outer loop
      vertex 93.2682 69.9928 2.2
      vertex 93.6592 69.6885 6.2
      vertex 93.2682 69.9928 6.2
    endloop
  endfacet
  facet normal -0.614178 -0.789167 -0
    outer loop
      vertex 93.6592 69.6885 6.2
      vertex 93.2682 69.9928 2.2
      vertex 93.6592 69.6885 2.2
    endloop
  endfacet
  facet normal -0.164464 -0.986383 0
    outer loop
      vertex 94.5635 69.2918 2.2
      vertex 95.0523 69.2103 6.2
      vertex 94.5635 69.2918 6.2
    endloop
  endfacet
  facet normal -0.164464 -0.986383 -0
    outer loop
      vertex 95.0523 69.2103 6.2
      vertex 94.5635 69.2918 2.2
      vertex 95.0523 69.2103 2.2
    endloop
  endfacet
  facet normal 0.56808 -0.822974 0
    outer loop
      vertex 94.5515 72.8631 2.2
      vertex 94.9454 73.135 6.2
      vertex 94.5515 72.8631 6.2
    endloop
  endfacet
  facet normal 0.56808 -0.822974 0
    outer loop
      vertex 94.9454 73.135 6.2
      vertex 94.5515 72.8631 2.2
      vertex 94.9454 73.135 2.2
    endloop
  endfacet
  facet normal -0.748538 -0.663092 0
    outer loop
      vertex 96.1855 72.6647 2.2
      vertex 95.8681 73.023 6.2
      vertex 95.8681 73.023 2.2
    endloop
  endfacet
  facet normal -0.748538 -0.663092 0
    outer loop
      vertex 95.8681 73.023 6.2
      vertex 96.1855 72.6647 2.2
      vertex 96.1855 72.6647 6.2
    endloop
  endfacet
  facet normal -0.97096 -0.23924 0
    outer loop
      vertex 96.3 72.2 2.2
      vertex 96.1855 72.6647 6.2
      vertex 96.1855 72.6647 2.2
    endloop
  endfacet
  facet normal -0.97096 -0.23924 0
    outer loop
      vertex 96.1855 72.6647 6.2
      vertex 96.3 72.2 2.2
      vertex 96.3 72.2 6.2
    endloop
  endfacet
  facet normal 1 -0 0
    outer loop
      vertex 94.3291 71.9607 6.2
      vertex 94.3291 72.4393 2.2
      vertex 94.3291 72.4393 6.2
    endloop
  endfacet
  facet normal 1 0 0
    outer loop
      vertex 94.3291 72.4393 2.2
      vertex 94.3291 71.9607 6.2
      vertex 94.3291 71.9607 2.2
    endloop
  endfacet
  facet normal 0.88548 -0.464678 0
    outer loop
      vertex 94.3291 72.4393 6.2
      vertex 94.5515 72.8631 2.2
      vertex 94.5515 72.8631 6.2
    endloop
  endfacet
  facet normal 0.88548 -0.464678 0
    outer loop
      vertex 94.5515 72.8631 2.2
      vertex 94.3291 72.4393 6.2
      vertex 94.3291 72.4393 2.2
    endloop
  endfacet
  facet normal -0.97096 0.23924 0
    outer loop
      vertex 96.1855 71.7353 2.2
      vertex 96.3 72.2 6.2
      vertex 96.3 72.2 2.2
    endloop
  endfacet
  facet normal -0.97096 0.23924 0
    outer loop
      vertex 96.3 72.2 6.2
      vertex 96.1855 71.7353 2.2
      vertex 96.1855 71.7353 6.2
    endloop
  endfacet
  facet normal 0.120562 0.992706 -0
    outer loop
      vertex 95.4205 71.2073 2.2
      vertex 94.9454 71.265 6.2
      vertex 95.4205 71.2073 6.2
    endloop
  endfacet
  facet normal 0.120562 0.992706 0
    outer loop
      vertex 94.9454 71.265 6.2
      vertex 95.4205 71.2073 2.2
      vertex 94.9454 71.265 2.2
    endloop
  endfacet
  facet normal -0.748538 0.663092 0
    outer loop
      vertex 95.8681 71.377 2.2
      vertex 96.1855 71.7353 6.2
      vertex 96.1855 71.7353 2.2
    endloop
  endfacet
  facet normal -0.748538 0.663092 0
    outer loop
      vertex 96.1855 71.7353 6.2
      vertex 95.8681 71.377 2.2
      vertex 95.8681 71.377 6.2
    endloop
  endfacet
  facet normal -0.354509 0.935052 0
    outer loop
      vertex 95.8681 71.377 2.2
      vertex 95.4205 71.2073 6.2
      vertex 95.8681 71.377 6.2
    endloop
  endfacet
  facet normal -0.354509 0.935052 0
    outer loop
      vertex 95.4205 71.2073 6.2
      vertex 95.8681 71.377 2.2
      vertex 95.4205 71.2073 2.2
    endloop
  endfacet
  facet normal 0.120562 -0.992706 0
    outer loop
      vertex 94.9454 73.135 2.2
      vertex 95.4205 73.1927 6.2
      vertex 94.9454 73.135 6.2
    endloop
  endfacet
  facet normal 0.120562 -0.992706 0
    outer loop
      vertex 95.4205 73.1927 6.2
      vertex 94.9454 73.135 2.2
      vertex 95.4205 73.1927 2.2
    endloop
  endfacet
  facet normal -0.354509 -0.935052 0
    outer loop
      vertex 95.4205 73.1927 2.2
      vertex 95.8681 73.023 6.2
      vertex 95.4205 73.1927 6.2
    endloop
  endfacet
  facet normal -0.354509 -0.935052 -0
    outer loop
      vertex 95.8681 73.023 6.2
      vertex 95.4205 73.1927 2.2
      vertex 95.8681 73.023 2.2
    endloop
  endfacet
  facet normal 0.56808 0.822974 -0
    outer loop
      vertex 94.9454 71.265 2.2
      vertex 94.5515 71.5369 6.2
      vertex 94.9454 71.265 6.2
    endloop
  endfacet
  facet normal 0.56808 0.822974 0
    outer loop
      vertex 94.5515 71.5369 6.2
      vertex 94.9454 71.265 2.2
      vertex 94.5515 71.5369 2.2
    endloop
  endfacet
  facet normal 0.88548 0.464678 0
    outer loop
      vertex 94.5515 71.5369 6.2
      vertex 94.3291 71.9607 2.2
      vertex 94.3291 71.9607 6.2
    endloop
  endfacet
  facet normal 0.88548 0.464678 0
    outer loop
      vertex 94.3291 71.9607 2.2
      vertex 94.5515 71.5369 6.2
      vertex 94.5515 71.5369 2.2
    endloop
  endfacet
  facet normal -0.164661 0.98635 0
    outer loop
      vertex 72.6523 17.8898 2.2
      vertex 72.1635 17.8082 6.2
      vertex 72.6523 17.8898 6.2
    endloop
  endfacet
  facet normal -0.164661 0.98635 0
    outer loop
      vertex 72.1635 17.8082 6.2
      vertex 72.6523 17.8898 2.2
      vertex 72.1635 17.8082 2.2
    endloop
  endfacet
  facet normal 0.969366 0.245621 0
    outer loop
      vertex 75.8591 15.3938 6.2
      vertex 75.7374 15.8741 2.2
      vertex 75.7374 15.8741 6.2
    endloop
  endfacet
  facet normal 0.969366 0.245621 0
    outer loop
      vertex 75.7374 15.8741 2.2
      vertex 75.8591 15.3938 6.2
      vertex 75.8591 15.3938 2.2
    endloop
  endfacet
  facet normal 0.996587 0.0825444 0
    outer loop
      vertex 75.9 14.9 6.2
      vertex 75.8591 15.3938 2.2
      vertex 75.8591 15.3938 6.2
    endloop
  endfacet
  facet normal 0.996587 0.0825444 0
    outer loop
      vertex 75.8591 15.3938 2.2
      vertex 75.9 14.9 6.2
      vertex 75.9 14.9 2.2
    endloop
  endfacet
  facet normal 0.915782 0.401676 0
    outer loop
      vertex 75.7374 15.8741 6.2
      vertex 75.5384 16.3278 2.2
      vertex 75.5384 16.3278 6.2
    endloop
  endfacet
  facet normal 0.915782 0.401676 0
    outer loop
      vertex 75.5384 16.3278 2.2
      vertex 75.7374 15.8741 6.2
      vertex 75.7374 15.8741 2.2
    endloop
  endfacet
  facet normal 0.475964 -0.879464 0
    outer loop
      vertex 74.1051 12.1527 2.2
      vertex 74.5408 12.3885 6.2
      vertex 74.1051 12.1527 6.2
    endloop
  endfacet
  facet normal 0.475964 -0.879464 0
    outer loop
      vertex 74.5408 12.3885 6.2
      vertex 74.1051 12.1527 2.2
      vertex 74.5408 12.3885 2.2
    endloop
  endfacet
  facet normal -0.324753 -0.945799 0
    outer loop
      vertex 71.6949 12.1527 2.2
      vertex 72.1635 11.9918 6.2
      vertex 71.6949 12.1527 6.2
    endloop
  endfacet
  facet normal -0.324753 -0.945799 -0
    outer loop
      vertex 72.1635 11.9918 6.2
      vertex 71.6949 12.1527 2.2
      vertex 72.1635 11.9918 2.2
    endloop
  endfacet
  facet normal -0.996587 -0.0825444 0
    outer loop
      vertex 69.9409 14.4062 2.2
      vertex 69.9 14.9 6.2
      vertex 69.9 14.9 2.2
    endloop
  endfacet
  facet normal -0.996587 -0.0825444 0
    outer loop
      vertex 69.9 14.9 6.2
      vertex 69.9409 14.4062 2.2
      vertex 69.9409 14.4062 6.2
    endloop
  endfacet
  facet normal 0.996587 -0.0825444 0
    outer loop
      vertex 75.8591 14.4062 6.2
      vertex 75.9 14.9 2.2
      vertex 75.9 14.9 6.2
    endloop
  endfacet
  facet normal 0.996587 -0.0825444 0
    outer loop
      vertex 75.9 14.9 2.2
      vertex 75.8591 14.4062 6.2
      vertex 75.8591 14.4062 2.2
    endloop
  endfacet
  facet normal 0.837169 0.546945 0
    outer loop
      vertex 75.5384 16.3278 6.2
      vertex 75.2674 16.7426 2.2
      vertex 75.2674 16.7426 6.2
    endloop
  endfacet
  facet normal 0.837169 0.546945 0
    outer loop
      vertex 75.2674 16.7426 2.2
      vertex 75.5384 16.3278 6.2
      vertex 75.5384 16.3278 2.2
    endloop
  endfacet
  facet normal 0.837169 -0.546945 0
    outer loop
      vertex 75.2674 13.0574 6.2
      vertex 75.5384 13.4722 2.2
      vertex 75.5384 13.4722 6.2
    endloop
  endfacet
  facet normal 0.837169 -0.546945 0
    outer loop
      vertex 75.5384 13.4722 2.2
      vertex 75.2674 13.0574 6.2
      vertex 75.2674 13.0574 2.2
    endloop
  endfacet
  facet normal -0.996587 0.0825444 0
    outer loop
      vertex 69.9 14.9 2.2
      vertex 69.9409 15.3938 6.2
      vertex 69.9409 15.3938 2.2
    endloop
  endfacet
  facet normal -0.996587 0.0825444 0
    outer loop
      vertex 69.9409 15.3938 6.2
      vertex 69.9 14.9 2.2
      vertex 69.9 14.9 6.2
    endloop
  endfacet
  facet normal -0.735762 0.67724 0
    outer loop
      vertex 70.5326 16.7426 2.2
      vertex 70.8682 17.1072 6.2
      vertex 70.8682 17.1072 2.2
    endloop
  endfacet
  facet normal -0.735762 0.67724 0
    outer loop
      vertex 70.8682 17.1072 6.2
      vertex 70.5326 16.7426 2.2
      vertex 70.5326 16.7426 6.2
    endloop
  endfacet
  facet normal 0 1 -0
    outer loop
      vertex 73.1477 17.8898 2.2
      vertex 72.6523 17.8898 6.2
      vertex 73.1477 17.8898 6.2
    endloop
  endfacet
  facet normal 0 1 0
    outer loop
      vertex 72.6523 17.8898 6.2
      vertex 73.1477 17.8898 2.2
      vertex 72.6523 17.8898 2.2
    endloop
  endfacet
  facet normal 0.164661 -0.98635 0
    outer loop
      vertex 73.1477 11.9102 2.2
      vertex 73.6365 11.9918 6.2
      vertex 73.1477 11.9102 6.2
    endloop
  endfacet
  facet normal 0.164661 -0.98635 0
    outer loop
      vertex 73.6365 11.9918 6.2
      vertex 73.1477 11.9102 2.2
      vertex 73.6365 11.9918 2.2
    endloop
  endfacet
  facet normal -0.614178 0.789167 0
    outer loop
      vertex 71.2592 17.4115 2.2
      vertex 70.8682 17.1072 6.2
      vertex 71.2592 17.4115 6.2
    endloop
  endfacet
  facet normal -0.614178 0.789167 0
    outer loop
      vertex 70.8682 17.1072 6.2
      vertex 71.2592 17.4115 2.2
      vertex 70.8682 17.1072 2.2
    endloop
  endfacet
  facet normal -0.969414 -0.245431 0
    outer loop
      vertex 70.0625 13.9259 2.2
      vertex 69.9409 14.4062 6.2
      vertex 69.9409 14.4062 2.2
    endloop
  endfacet
  facet normal -0.969414 -0.245431 0
    outer loop
      vertex 69.9409 14.4062 6.2
      vertex 70.0625 13.9259 2.2
      vertex 70.0625 13.9259 6.2
    endloop
  endfacet
  facet normal -0.475964 0.879464 0
    outer loop
      vertex 71.6949 17.6473 2.2
      vertex 71.2592 17.4115 6.2
      vertex 71.6949 17.6473 6.2
    endloop
  endfacet
  facet normal -0.475964 0.879464 0
    outer loop
      vertex 71.2592 17.4115 6.2
      vertex 71.6949 17.6473 2.2
      vertex 71.2592 17.4115 2.2
    endloop
  endfacet
  facet normal 0.475964 0.879464 -0
    outer loop
      vertex 74.5408 17.4115 2.2
      vertex 74.1051 17.6473 6.2
      vertex 74.5408 17.4115 6.2
    endloop
  endfacet
  facet normal 0.475964 0.879464 0
    outer loop
      vertex 74.1051 17.6473 6.2
      vertex 74.5408 17.4115 2.2
      vertex 74.1051 17.6473 2.2
    endloop
  endfacet
  facet normal 0.735762 -0.67724 0
    outer loop
      vertex 74.9318 12.6928 6.2
      vertex 75.2674 13.0574 2.2
      vertex 75.2674 13.0574 6.2
    endloop
  endfacet
  facet normal 0.735762 -0.67724 0
    outer loop
      vertex 75.2674 13.0574 2.2
      vertex 74.9318 12.6928 6.2
      vertex 74.9318 12.6928 2.2
    endloop
  endfacet
  facet normal 0.324753 -0.945799 0
    outer loop
      vertex 73.6365 11.9918 2.2
      vertex 74.1051 12.1527 6.2
      vertex 73.6365 11.9918 6.2
    endloop
  endfacet
  facet normal 0.324753 -0.945799 0
    outer loop
      vertex 74.1051 12.1527 6.2
      vertex 73.6365 11.9918 2.2
      vertex 74.1051 12.1527 2.2
    endloop
  endfacet
  facet normal -0.735762 -0.67724 0
    outer loop
      vertex 70.8682 12.6928 2.2
      vertex 70.5326 13.0574 6.2
      vertex 70.5326 13.0574 2.2
    endloop
  endfacet
  facet normal -0.735762 -0.67724 0
    outer loop
      vertex 70.5326 13.0574 6.2
      vertex 70.8682 12.6928 2.2
      vertex 70.8682 12.6928 6.2
    endloop
  endfacet
  facet normal 0.969366 -0.245621 0
    outer loop
      vertex 75.7374 13.9259 6.2
      vertex 75.8591 14.4062 2.2
      vertex 75.8591 14.4062 6.2
    endloop
  endfacet
  facet normal 0.969366 -0.245621 0
    outer loop
      vertex 75.8591 14.4062 2.2
      vertex 75.7374 13.9259 6.2
      vertex 75.7374 13.9259 2.2
    endloop
  endfacet
  facet normal -0.475964 -0.879464 0
    outer loop
      vertex 71.2592 12.3885 2.2
      vertex 71.6949 12.1527 6.2
      vertex 71.2592 12.3885 6.2
    endloop
  endfacet
  facet normal -0.475964 -0.879464 -0
    outer loop
      vertex 71.6949 12.1527 6.2
      vertex 71.2592 12.3885 2.2
      vertex 71.6949 12.1527 2.2
    endloop
  endfacet
  facet normal 0.324753 0.945799 -0
    outer loop
      vertex 74.1051 17.6473 2.2
      vertex 73.6365 17.8082 6.2
      vertex 74.1051 17.6473 6.2
    endloop
  endfacet
  facet normal 0.324753 0.945799 0
    outer loop
      vertex 73.6365 17.8082 6.2
      vertex 74.1051 17.6473 2.2
      vertex 73.6365 17.8082 2.2
    endloop
  endfacet
  facet normal 0.614178 0.789167 -0
    outer loop
      vertex 74.9318 17.1072 2.2
      vertex 74.5408 17.4115 6.2
      vertex 74.9318 17.1072 6.2
    endloop
  endfacet
  facet normal 0.614178 0.789167 0
    outer loop
      vertex 74.5408 17.4115 6.2
      vertex 74.9318 17.1072 2.2
      vertex 74.5408 17.4115 2.2
    endloop
  endfacet
  facet normal -0.837169 -0.546945 0
    outer loop
      vertex 70.5326 13.0574 2.2
      vertex 70.2616 13.4722 6.2
      vertex 70.2616 13.4722 2.2
    endloop
  endfacet
  facet normal -0.837169 -0.546945 0
    outer loop
      vertex 70.2616 13.4722 6.2
      vertex 70.5326 13.0574 2.2
      vertex 70.5326 13.0574 6.2
    endloop
  endfacet
  facet normal -0.915707 -0.401846 0
    outer loop
      vertex 70.2616 13.4722 2.2
      vertex 70.0625 13.9259 6.2
      vertex 70.0625 13.9259 2.2
    endloop
  endfacet
  facet normal -0.915707 -0.401846 0
    outer loop
      vertex 70.0625 13.9259 6.2
      vertex 70.2616 13.4722 2.2
      vertex 70.2616 13.4722 6.2
    endloop
  endfacet
  facet normal -0.915707 0.401846 0
    outer loop
      vertex 70.0625 15.8741 2.2
      vertex 70.2616 16.3278 6.2
      vertex 70.2616 16.3278 2.2
    endloop
  endfacet
  facet normal -0.915707 0.401846 0
    outer loop
      vertex 70.2616 16.3278 6.2
      vertex 70.0625 15.8741 2.2
      vertex 70.0625 15.8741 6.2
    endloop
  endfacet
  facet normal 0.735762 0.67724 0
    outer loop
      vertex 75.2674 16.7426 6.2
      vertex 74.9318 17.1072 2.2
      vertex 74.9318 17.1072 6.2
    endloop
  endfacet
  facet normal 0.735762 0.67724 0
    outer loop
      vertex 74.9318 17.1072 2.2
      vertex 75.2674 16.7426 6.2
      vertex 75.2674 16.7426 2.2
    endloop
  endfacet
  facet normal 0 -1 0
    outer loop
      vertex 72.6523 11.9102 2.2
      vertex 73.1477 11.9102 6.2
      vertex 72.6523 11.9102 6.2
    endloop
  endfacet
  facet normal 0 -1 -0
    outer loop
      vertex 73.1477 11.9102 6.2
      vertex 72.6523 11.9102 2.2
      vertex 73.1477 11.9102 2.2
    endloop
  endfacet
  facet normal 0.915782 -0.401676 0
    outer loop
      vertex 75.5384 13.4722 6.2
      vertex 75.7374 13.9259 2.2
      vertex 75.7374 13.9259 6.2
    endloop
  endfacet
  facet normal 0.915782 -0.401676 0
    outer loop
      vertex 75.7374 13.9259 2.2
      vertex 75.5384 13.4722 6.2
      vertex 75.5384 13.4722 2.2
    endloop
  endfacet
  facet normal -0.969414 0.245431 0
    outer loop
      vertex 69.9409 15.3938 2.2
      vertex 70.0625 15.8741 6.2
      vertex 70.0625 15.8741 2.2
    endloop
  endfacet
  facet normal -0.969414 0.245431 0
    outer loop
      vertex 70.0625 15.8741 6.2
      vertex 69.9409 15.3938 2.2
      vertex 69.9409 15.3938 6.2
    endloop
  endfacet
  facet normal -0.837169 0.546945 0
    outer loop
      vertex 70.2616 16.3278 2.2
      vertex 70.5326 16.7426 6.2
      vertex 70.5326 16.7426 2.2
    endloop
  endfacet
  facet normal -0.837169 0.546945 0
    outer loop
      vertex 70.5326 16.7426 6.2
      vertex 70.2616 16.3278 2.2
      vertex 70.2616 16.3278 6.2
    endloop
  endfacet
  facet normal 0.164661 0.98635 -0
    outer loop
      vertex 73.6365 17.8082 2.2
      vertex 73.1477 17.8898 6.2
      vertex 73.6365 17.8082 6.2
    endloop
  endfacet
  facet normal 0.164661 0.98635 0
    outer loop
      vertex 73.1477 17.8898 6.2
      vertex 73.6365 17.8082 2.2
      vertex 73.1477 17.8898 2.2
    endloop
  endfacet
  facet normal 0 0 1
    outer loop
      vertex 73.9 14.9 6.2
      vertex 75.9 14.9 6.2
      vertex 75.8591 15.3938 6.2
    endloop
  endfacet
  facet normal 0 0 1
    outer loop
      vertex 73.7855 15.3647 6.2
      vertex 75.8591 15.3938 6.2
      vertex 75.7374 15.8741 6.2
    endloop
  endfacet
  facet normal 0 0 1
    outer loop
      vertex 75.9 14.9 6.2
      vertex 73.9 14.9 6.2
      vertex 75.8591 14.4062 6.2
    endloop
  endfacet
  facet normal 0 0 1
    outer loop
      vertex 73.7855 15.3647 6.2
      vertex 75.7374 15.8741 6.2
      vertex 75.5384 16.3278 6.2
    endloop
  endfacet
  facet normal -0 0 1
    outer loop
      vertex 73.7855 14.4353 6.2
      vertex 75.8591 14.4062 6.2
      vertex 73.9 14.9 6.2
    endloop
  endfacet
  facet normal 0 0 1
    outer loop
      vertex 73.7855 15.3647 6.2
      vertex 75.5384 16.3278 6.2
      vertex 75.2674 16.7426 6.2
    endloop
  endfacet
  facet normal 0 0 1
    outer loop
      vertex 75.8591 14.4062 6.2
      vertex 73.7855 14.4353 6.2
      vertex 75.7374 13.9259 6.2
    endloop
  endfacet
  facet normal 0 0 1
    outer loop
      vertex 73.4681 15.723 6.2
      vertex 75.2674 16.7426 6.2
      vertex 74.9318 17.1072 6.2
    endloop
  endfacet
  facet normal 0 0 1
    outer loop
      vertex 75.7374 13.9259 6.2
      vertex 73.7855 14.4353 6.2
      vertex 75.5384 13.4722 6.2
    endloop
  endfacet
  facet normal 0 0 1
    outer loop
      vertex 73.4681 15.723 6.2
      vertex 74.9318 17.1072 6.2
      vertex 74.5408 17.4115 6.2
    endloop
  endfacet
  facet normal 0 0 1
    outer loop
      vertex 75.5384 13.4722 6.2
      vertex 73.7855 14.4353 6.2
      vertex 75.2674 13.0574 6.2
    endloop
  endfacet
  facet normal 0 0 1
    outer loop
      vertex 73.4681 15.723 6.2
      vertex 74.5408 17.4115 6.2
      vertex 74.1051 17.6473 6.2
    endloop
  endfacet
  facet normal -0 0 1
    outer loop
      vertex 73.4681 14.077 6.2
      vertex 75.2674 13.0574 6.2
      vertex 73.7855 14.4353 6.2
    endloop
  endfacet
  facet normal 0 0 1
    outer loop
      vertex 75.2674 13.0574 6.2
      vertex 73.4681 14.077 6.2
      vertex 74.9318 12.6928 6.2
    endloop
  endfacet
  facet normal 0 0 1
    outer loop
      vertex 75.8591 15.3938 6.2
      vertex 73.7855 15.3647 6.2
      vertex 73.9 14.9 6.2
    endloop
  endfacet
  facet normal 0 0 1
    outer loop
      vertex 73.0205 15.8927 6.2
      vertex 74.1051 17.6473 6.2
      vertex 73.6365 17.8082 6.2
    endloop
  endfacet
  facet normal 0 0 1
    outer loop
      vertex 75.2674 16.7426 6.2
      vertex 73.4681 15.723 6.2
      vertex 73.7855 15.3647 6.2
    endloop
  endfacet
  facet normal 0 0 1
    outer loop
      vertex 73.0205 15.8927 6.2
      vertex 73.6365 17.8082 6.2
      vertex 73.1477 17.8898 6.2
    endloop
  endfacet
  facet normal 0 0 1
    outer loop
      vertex 74.1051 17.6473 6.2
      vertex 73.0205 15.8927 6.2
      vertex 73.4681 15.723 6.2
    endloop
  endfacet
  facet normal -0 0 1
    outer loop
      vertex 72.6523 17.8898 6.2
      vertex 73.0205 15.8927 6.2
      vertex 73.1477 17.8898 6.2
    endloop
  endfacet
  facet normal 0 0 1
    outer loop
      vertex 72.6523 17.8898 6.2
      vertex 72.5454 15.835 6.2
      vertex 73.0205 15.8927 6.2
    endloop
  endfacet
  facet normal -0 0 1
    outer loop
      vertex 72.1635 17.8082 6.2
      vertex 72.5454 15.835 6.2
      vertex 72.6523 17.8898 6.2
    endloop
  endfacet
  facet normal -0 0 1
    outer loop
      vertex 71.6949 17.6473 6.2
      vertex 72.5454 15.835 6.2
      vertex 72.1635 17.8082 6.2
    endloop
  endfacet
  facet normal -0 0 1
    outer loop
      vertex 71.2592 17.4115 6.2
      vertex 72.5454 15.835 6.2
      vertex 71.6949 17.6473 6.2
    endloop
  endfacet
  facet normal -0 0 1
    outer loop
      vertex 70.8682 17.1072 6.2
      vertex 72.1515 15.5631 6.2
      vertex 71.2592 17.4115 6.2
    endloop
  endfacet
  facet normal 0 0 1
    outer loop
      vertex 72.5454 15.835 6.2
      vertex 71.2592 17.4115 6.2
      vertex 72.1515 15.5631 6.2
    endloop
  endfacet
  facet normal 0 0 1
    outer loop
      vertex 74.9318 12.6928 6.2
      vertex 73.4681 14.077 6.2
      vertex 74.5408 12.3885 6.2
    endloop
  endfacet
  facet normal 0 0 1
    outer loop
      vertex 74.5408 12.3885 6.2
      vertex 73.4681 14.077 6.2
      vertex 74.1051 12.1527 6.2
    endloop
  endfacet
  facet normal -0 0 1
    outer loop
      vertex 73.0205 13.9073 6.2
      vertex 74.1051 12.1527 6.2
      vertex 73.4681 14.077 6.2
    endloop
  endfacet
  facet normal 0 0 1
    outer loop
      vertex 74.1051 12.1527 6.2
      vertex 73.0205 13.9073 6.2
      vertex 73.6365 11.9918 6.2
    endloop
  endfacet
  facet normal 0 0 1
    outer loop
      vertex 73.6365 11.9918 6.2
      vertex 73.0205 13.9073 6.2
      vertex 73.1477 11.9102 6.2
    endloop
  endfacet
  facet normal 0 0 1
    outer loop
      vertex 73.0205 13.9073 6.2
      vertex 72.6523 11.9102 6.2
      vertex 73.1477 11.9102 6.2
    endloop
  endfacet
  facet normal 0 0 1
    outer loop
      vertex 72.5454 13.965 6.2
      vertex 72.6523 11.9102 6.2
      vertex 73.0205 13.9073 6.2
    endloop
  endfacet
  facet normal 0 0 1
    outer loop
      vertex 72.5454 13.965 6.2
      vertex 72.1635 11.9918 6.2
      vertex 72.6523 11.9102 6.2
    endloop
  endfacet
  facet normal 0 0 1
    outer loop
      vertex 71.2592 12.3885 6.2
      vertex 72.5454 13.965 6.2
      vertex 72.1515 14.2369 6.2
    endloop
  endfacet
  facet normal 0 0 1
    outer loop
      vertex 70.2616 13.4722 6.2
      vertex 72.1515 14.2369 6.2
      vertex 71.9291 14.6607 6.2
    endloop
  endfacet
  facet normal 0 0 1
    outer loop
      vertex 72.5454 13.965 6.2
      vertex 71.6949 12.1527 6.2
      vertex 72.1635 11.9918 6.2
    endloop
  endfacet
  facet normal -0 0 1
    outer loop
      vertex 70.5326 16.7426 6.2
      vertex 72.1515 15.5631 6.2
      vertex 70.8682 17.1072 6.2
    endloop
  endfacet
  facet normal -0 0 1
    outer loop
      vertex 70.2616 16.3278 6.2
      vertex 72.1515 15.5631 6.2
      vertex 70.5326 16.7426 6.2
    endloop
  endfacet
  facet normal 0 0 1
    outer loop
      vertex 72.5454 13.965 6.2
      vertex 71.2592 12.3885 6.2
      vertex 71.6949 12.1527 6.2
    endloop
  endfacet
  facet normal 0 0 1
    outer loop
      vertex 72.1515 15.5631 6.2
      vertex 70.2616 16.3278 6.2
      vertex 71.9291 15.1393 6.2
    endloop
  endfacet
  facet normal 0 0 1
    outer loop
      vertex 72.1515 14.2369 6.2
      vertex 70.8682 12.6928 6.2
      vertex 71.2592 12.3885 6.2
    endloop
  endfacet
  facet normal -0 0 1
    outer loop
      vertex 70.0625 15.8741 6.2
      vertex 71.9291 15.1393 6.2
      vertex 70.2616 16.3278 6.2
    endloop
  endfacet
  facet normal 0 0 1
    outer loop
      vertex 72.1515 14.2369 6.2
      vertex 70.5326 13.0574 6.2
      vertex 70.8682 12.6928 6.2
    endloop
  endfacet
  facet normal -0 0 1
    outer loop
      vertex 69.9409 15.3938 6.2
      vertex 71.9291 15.1393 6.2
      vertex 70.0625 15.8741 6.2
    endloop
  endfacet
  facet normal 0 0 1
    outer loop
      vertex 72.1515 14.2369 6.2
      vertex 70.2616 13.4722 6.2
      vertex 70.5326 13.0574 6.2
    endloop
  endfacet
  facet normal 0 0 1
    outer loop
      vertex 69.9 14.9 6.2
      vertex 71.9291 15.1393 6.2
      vertex 69.9409 15.3938 6.2
    endloop
  endfacet
  facet normal 0 0 1
    outer loop
      vertex 71.9291 14.6607 6.2
      vertex 70.0625 13.9259 6.2
      vertex 70.2616 13.4722 6.2
    endloop
  endfacet
  facet normal 0 0 1
    outer loop
      vertex 71.9291 15.1393 6.2
      vertex 69.9 14.9 6.2
      vertex 71.9291 14.6607 6.2
    endloop
  endfacet
  facet normal 0 0 1
    outer loop
      vertex 71.9291 14.6607 6.2
      vertex 69.9409 14.4062 6.2
      vertex 70.0625 13.9259 6.2
    endloop
  endfacet
  facet normal 0 0 1
    outer loop
      vertex 71.9291 14.6607 6.2
      vertex 69.9 14.9 6.2
      vertex 69.9409 14.4062 6.2
    endloop
  endfacet
  facet normal 0.614178 -0.789167 0
    outer loop
      vertex 74.5408 12.3885 2.2
      vertex 74.9318 12.6928 6.2
      vertex 74.5408 12.3885 6.2
    endloop
  endfacet
  facet normal 0.614178 -0.789167 0
    outer loop
      vertex 74.9318 12.6928 6.2
      vertex 74.5408 12.3885 2.2
      vertex 74.9318 12.6928 2.2
    endloop
  endfacet
  facet normal -0.324753 0.945799 0
    outer loop
      vertex 72.1635 17.8082 2.2
      vertex 71.6949 17.6473 6.2
      vertex 72.1635 17.8082 6.2
    endloop
  endfacet
  facet normal -0.324753 0.945799 0
    outer loop
      vertex 71.6949 17.6473 6.2
      vertex 72.1635 17.8082 2.2
      vertex 71.6949 17.6473 2.2
    endloop
  endfacet
  facet normal -0.614178 -0.789167 0
    outer loop
      vertex 70.8682 12.6928 2.2
      vertex 71.2592 12.3885 6.2
      vertex 70.8682 12.6928 6.2
    endloop
  endfacet
  facet normal -0.614178 -0.789167 -0
    outer loop
      vertex 71.2592 12.3885 6.2
      vertex 70.8682 12.6928 2.2
      vertex 71.2592 12.3885 2.2
    endloop
  endfacet
  facet normal -0.164661 -0.98635 0
    outer loop
      vertex 72.1635 11.9918 2.2
      vertex 72.6523 11.9102 6.2
      vertex 72.1635 11.9918 6.2
    endloop
  endfacet
  facet normal -0.164661 -0.98635 -0
    outer loop
      vertex 72.6523 11.9102 6.2
      vertex 72.1635 11.9918 2.2
      vertex 72.6523 11.9102 2.2
    endloop
  endfacet
  facet normal 0.56808 -0.822974 0
    outer loop
      vertex 72.1515 15.5631 2.2
      vertex 72.5454 15.835 6.2
      vertex 72.1515 15.5631 6.2
    endloop
  endfacet
  facet normal 0.56808 -0.822974 0
    outer loop
      vertex 72.5454 15.835 6.2
      vertex 72.1515 15.5631 2.2
      vertex 72.5454 15.835 2.2
    endloop
  endfacet
  facet normal -0.748538 -0.663092 0
    outer loop
      vertex 73.7855 15.3647 2.2
      vertex 73.4681 15.723 6.2
      vertex 73.4681 15.723 2.2
    endloop
  endfacet
  facet normal -0.748538 -0.663092 0
    outer loop
      vertex 73.4681 15.723 6.2
      vertex 73.7855 15.3647 2.2
      vertex 73.7855 15.3647 6.2
    endloop
  endfacet
  facet normal -0.97096 -0.23924 0
    outer loop
      vertex 73.9 14.9 2.2
      vertex 73.7855 15.3647 6.2
      vertex 73.7855 15.3647 2.2
    endloop
  endfacet
  facet normal -0.97096 -0.23924 0
    outer loop
      vertex 73.7855 15.3647 6.2
      vertex 73.9 14.9 2.2
      vertex 73.9 14.9 6.2
    endloop
  endfacet
  facet normal 1 -0 0
    outer loop
      vertex 71.9291 14.6607 6.2
      vertex 71.9291 15.1393 2.2
      vertex 71.9291 15.1393 6.2
    endloop
  endfacet
  facet normal 1 0 0
    outer loop
      vertex 71.9291 15.1393 2.2
      vertex 71.9291 14.6607 6.2
      vertex 71.9291 14.6607 2.2
    endloop
  endfacet
  facet normal 0.88548 -0.464678 0
    outer loop
      vertex 71.9291 15.1393 6.2
      vertex 72.1515 15.5631 2.2
      vertex 72.1515 15.5631 6.2
    endloop
  endfacet
  facet normal 0.88548 -0.464678 0
    outer loop
      vertex 72.1515 15.5631 2.2
      vertex 71.9291 15.1393 6.2
      vertex 71.9291 15.1393 2.2
    endloop
  endfacet
  facet normal -0.97096 0.23924 0
    outer loop
      vertex 73.7855 14.4353 2.2
      vertex 73.9 14.9 6.2
      vertex 73.9 14.9 2.2
    endloop
  endfacet
  facet normal -0.97096 0.23924 0
    outer loop
      vertex 73.9 14.9 6.2
      vertex 73.7855 14.4353 2.2
      vertex 73.7855 14.4353 6.2
    endloop
  endfacet
  facet normal 0.120562 0.992706 -0
    outer loop
      vertex 73.0205 13.9073 2.2
      vertex 72.5454 13.965 6.2
      vertex 73.0205 13.9073 6.2
    endloop
  endfacet
  facet normal 0.120562 0.992706 0
    outer loop
      vertex 72.5454 13.965 6.2
      vertex 73.0205 13.9073 2.2
      vertex 72.5454 13.965 2.2
    endloop
  endfacet
  facet normal -0.748538 0.663092 0
    outer loop
      vertex 73.4681 14.077 2.2
      vertex 73.7855 14.4353 6.2
      vertex 73.7855 14.4353 2.2
    endloop
  endfacet
  facet normal -0.748538 0.663092 0
    outer loop
      vertex 73.7855 14.4353 6.2
      vertex 73.4681 14.077 2.2
      vertex 73.4681 14.077 6.2
    endloop
  endfacet
  facet normal -0.354509 0.935052 0
    outer loop
      vertex 73.4681 14.077 2.2
      vertex 73.0205 13.9073 6.2
      vertex 73.4681 14.077 6.2
    endloop
  endfacet
  facet normal -0.354509 0.935052 0
    outer loop
      vertex 73.0205 13.9073 6.2
      vertex 73.4681 14.077 2.2
      vertex 73.0205 13.9073 2.2
    endloop
  endfacet
  facet normal 0.120562 -0.992706 0
    outer loop
      vertex 72.5454 15.835 2.2
      vertex 73.0205 15.8927 6.2
      vertex 72.5454 15.835 6.2
    endloop
  endfacet
  facet normal 0.120562 -0.992706 0
    outer loop
      vertex 73.0205 15.8927 6.2
      vertex 72.5454 15.835 2.2
      vertex 73.0205 15.8927 2.2
    endloop
  endfacet
  facet normal -0.354509 -0.935052 0
    outer loop
      vertex 73.0205 15.8927 2.2
      vertex 73.4681 15.723 6.2
      vertex 73.0205 15.8927 6.2
    endloop
  endfacet
  facet normal -0.354509 -0.935052 -0
    outer loop
      vertex 73.4681 15.723 6.2
      vertex 73.0205 15.8927 2.2
      vertex 73.4681 15.723 2.2
    endloop
  endfacet
  facet normal 0.56808 0.822974 -0
    outer loop
      vertex 72.5454 13.965 2.2
      vertex 72.1515 14.2369 6.2
      vertex 72.5454 13.965 6.2
    endloop
  endfacet
  facet normal 0.56808 0.822974 0
    outer loop
      vertex 72.1515 14.2369 6.2
      vertex 72.5454 13.965 2.2
      vertex 72.1515 14.2369 2.2
    endloop
  endfacet
  facet normal 0.88548 0.464678 0
    outer loop
      vertex 72.1515 14.2369 6.2
      vertex 71.9291 14.6607 2.2
      vertex 71.9291 14.6607 6.2
    endloop
  endfacet
  facet normal 0.88548 0.464678 0
    outer loop
      vertex 71.9291 14.6607 2.2
      vertex 72.1515 14.2369 6.2
      vertex 72.1515 14.2369 2.2
    endloop
  endfacet
  facet normal -0.164661 0.98635 0
    outer loop
      vertex 72.6523 38.8898 2.2
      vertex 72.1635 38.8082 6.2
      vertex 72.6523 38.8898 6.2
    endloop
  endfacet
  facet normal -0.164661 0.98635 0
    outer loop
      vertex 72.1635 38.8082 6.2
      vertex 72.6523 38.8898 2.2
      vertex 72.1635 38.8082 2.2
    endloop
  endfacet
  facet normal 0.969366 0.245621 0
    outer loop
      vertex 75.8591 36.3938 6.2
      vertex 75.7374 36.8741 2.2
      vertex 75.7374 36.8741 6.2
    endloop
  endfacet
  facet normal 0.969366 0.245621 0
    outer loop
      vertex 75.7374 36.8741 2.2
      vertex 75.8591 36.3938 6.2
      vertex 75.8591 36.3938 2.2
    endloop
  endfacet
  facet normal 0.996587 0.0825444 0
    outer loop
      vertex 75.9 35.9 6.2
      vertex 75.8591 36.3938 2.2
      vertex 75.8591 36.3938 6.2
    endloop
  endfacet
  facet normal 0.996587 0.0825444 0
    outer loop
      vertex 75.8591 36.3938 2.2
      vertex 75.9 35.9 6.2
      vertex 75.9 35.9 2.2
    endloop
  endfacet
  facet normal 0.915782 0.401676 0
    outer loop
      vertex 75.7374 36.8741 6.2
      vertex 75.5384 37.3278 2.2
      vertex 75.5384 37.3278 6.2
    endloop
  endfacet
  facet normal 0.915782 0.401676 0
    outer loop
      vertex 75.5384 37.3278 2.2
      vertex 75.7374 36.8741 6.2
      vertex 75.7374 36.8741 2.2
    endloop
  endfacet
  facet normal 0.475964 -0.879464 0
    outer loop
      vertex 74.1051 33.1527 2.2
      vertex 74.5408 33.3885 6.2
      vertex 74.1051 33.1527 6.2
    endloop
  endfacet
  facet normal 0.475964 -0.879464 0
    outer loop
      vertex 74.5408 33.3885 6.2
      vertex 74.1051 33.1527 2.2
      vertex 74.5408 33.3885 2.2
    endloop
  endfacet
  facet normal -0.324753 -0.945799 0
    outer loop
      vertex 71.6949 33.1527 2.2
      vertex 72.1635 32.9918 6.2
      vertex 71.6949 33.1527 6.2
    endloop
  endfacet
  facet normal -0.324753 -0.945799 -0
    outer loop
      vertex 72.1635 32.9918 6.2
      vertex 71.6949 33.1527 2.2
      vertex 72.1635 32.9918 2.2
    endloop
  endfacet
  facet normal -0.996587 -0.0825444 0
    outer loop
      vertex 69.9409 35.4062 2.2
      vertex 69.9 35.9 6.2
      vertex 69.9 35.9 2.2
    endloop
  endfacet
  facet normal -0.996587 -0.0825444 0
    outer loop
      vertex 69.9 35.9 6.2
      vertex 69.9409 35.4062 2.2
      vertex 69.9409 35.4062 6.2
    endloop
  endfacet
  facet normal 0.996587 -0.0825444 0
    outer loop
      vertex 75.8591 35.4062 6.2
      vertex 75.9 35.9 2.2
      vertex 75.9 35.9 6.2
    endloop
  endfacet
  facet normal 0.996587 -0.0825444 0
    outer loop
      vertex 75.9 35.9 2.2
      vertex 75.8591 35.4062 6.2
      vertex 75.8591 35.4062 2.2
    endloop
  endfacet
  facet normal 0.837169 0.546945 0
    outer loop
      vertex 75.5384 37.3278 6.2
      vertex 75.2674 37.7426 2.2
      vertex 75.2674 37.7426 6.2
    endloop
  endfacet
  facet normal 0.837169 0.546945 0
    outer loop
      vertex 75.2674 37.7426 2.2
      vertex 75.5384 37.3278 6.2
      vertex 75.5384 37.3278 2.2
    endloop
  endfacet
  facet normal 0.837169 -0.546945 0
    outer loop
      vertex 75.2674 34.0574 6.2
      vertex 75.5384 34.4722 2.2
      vertex 75.5384 34.4722 6.2
    endloop
  endfacet
  facet normal 0.837169 -0.546945 0
    outer loop
      vertex 75.5384 34.4722 2.2
      vertex 75.2674 34.0574 6.2
      vertex 75.2674 34.0574 2.2
    endloop
  endfacet
  facet normal -0.996587 0.0825444 0
    outer loop
      vertex 69.9 35.9 2.2
      vertex 69.9409 36.3938 6.2
      vertex 69.9409 36.3938 2.2
    endloop
  endfacet
  facet normal -0.996587 0.0825444 0
    outer loop
      vertex 69.9409 36.3938 6.2
      vertex 69.9 35.9 2.2
      vertex 69.9 35.9 6.2
    endloop
  endfacet
  facet normal -0.735762 0.67724 0
    outer loop
      vertex 70.5326 37.7426 2.2
      vertex 70.8682 38.1072 6.2
      vertex 70.8682 38.1072 2.2
    endloop
  endfacet
  facet normal -0.735762 0.67724 0
    outer loop
      vertex 70.8682 38.1072 6.2
      vertex 70.5326 37.7426 2.2
      vertex 70.5326 37.7426 6.2
    endloop
  endfacet
  facet normal 0 1 -0
    outer loop
      vertex 73.1477 38.8898 2.2
      vertex 72.6523 38.8898 6.2
      vertex 73.1477 38.8898 6.2
    endloop
  endfacet
  facet normal 0 1 0
    outer loop
      vertex 72.6523 38.8898 6.2
      vertex 73.1477 38.8898 2.2
      vertex 72.6523 38.8898 2.2
    endloop
  endfacet
  facet normal 0.164661 -0.98635 0
    outer loop
      vertex 73.1477 32.9102 2.2
      vertex 73.6365 32.9918 6.2
      vertex 73.1477 32.9102 6.2
    endloop
  endfacet
  facet normal 0.164661 -0.98635 0
    outer loop
      vertex 73.6365 32.9918 6.2
      vertex 73.1477 32.9102 2.2
      vertex 73.6365 32.9918 2.2
    endloop
  endfacet
  facet normal -0.614178 0.789167 0
    outer loop
      vertex 71.2592 38.4115 2.2
      vertex 70.8682 38.1072 6.2
      vertex 71.2592 38.4115 6.2
    endloop
  endfacet
  facet normal -0.614178 0.789167 0
    outer loop
      vertex 70.8682 38.1072 6.2
      vertex 71.2592 38.4115 2.2
      vertex 70.8682 38.1072 2.2
    endloop
  endfacet
  facet normal -0.969414 -0.245431 0
    outer loop
      vertex 70.0625 34.9259 2.2
      vertex 69.9409 35.4062 6.2
      vertex 69.9409 35.4062 2.2
    endloop
  endfacet
  facet normal -0.969414 -0.245431 0
    outer loop
      vertex 69.9409 35.4062 6.2
      vertex 70.0625 34.9259 2.2
      vertex 70.0625 34.9259 6.2
    endloop
  endfacet
  facet normal -0.475964 0.879464 0
    outer loop
      vertex 71.6949 38.6473 2.2
      vertex 71.2592 38.4115 6.2
      vertex 71.6949 38.6473 6.2
    endloop
  endfacet
  facet normal -0.475964 0.879464 0
    outer loop
      vertex 71.2592 38.4115 6.2
      vertex 71.6949 38.6473 2.2
      vertex 71.2592 38.4115 2.2
    endloop
  endfacet
  facet normal 0.475964 0.879464 -0
    outer loop
      vertex 74.5408 38.4115 2.2
      vertex 74.1051 38.6473 6.2
      vertex 74.5408 38.4115 6.2
    endloop
  endfacet
  facet normal 0.475964 0.879464 0
    outer loop
      vertex 74.1051 38.6473 6.2
      vertex 74.5408 38.4115 2.2
      vertex 74.1051 38.6473 2.2
    endloop
  endfacet
  facet normal 0.735762 -0.67724 0
    outer loop
      vertex 74.9318 33.6928 6.2
      vertex 75.2674 34.0574 2.2
      vertex 75.2674 34.0574 6.2
    endloop
  endfacet
  facet normal 0.735762 -0.67724 0
    outer loop
      vertex 75.2674 34.0574 2.2
      vertex 74.9318 33.6928 6.2
      vertex 74.9318 33.6928 2.2
    endloop
  endfacet
  facet normal 0.324753 -0.945799 0
    outer loop
      vertex 73.6365 32.9918 2.2
      vertex 74.1051 33.1527 6.2
      vertex 73.6365 32.9918 6.2
    endloop
  endfacet
  facet normal 0.324753 -0.945799 0
    outer loop
      vertex 74.1051 33.1527 6.2
      vertex 73.6365 32.9918 2.2
      vertex 74.1051 33.1527 2.2
    endloop
  endfacet
  facet normal -0.735762 -0.67724 0
    outer loop
      vertex 70.8682 33.6928 2.2
      vertex 70.5326 34.0574 6.2
      vertex 70.5326 34.0574 2.2
    endloop
  endfacet
  facet normal -0.735762 -0.67724 0
    outer loop
      vertex 70.5326 34.0574 6.2
      vertex 70.8682 33.6928 2.2
      vertex 70.8682 33.6928 6.2
    endloop
  endfacet
  facet normal 0.969366 -0.245621 0
    outer loop
      vertex 75.7374 34.9259 6.2
      vertex 75.8591 35.4062 2.2
      vertex 75.8591 35.4062 6.2
    endloop
  endfacet
  facet normal 0.969366 -0.245621 0
    outer loop
      vertex 75.8591 35.4062 2.2
      vertex 75.7374 34.9259 6.2
      vertex 75.7374 34.9259 2.2
    endloop
  endfacet
  facet normal -0.475964 -0.879464 0
    outer loop
      vertex 71.2592 33.3885 2.2
      vertex 71.6949 33.1527 6.2
      vertex 71.2592 33.3885 6.2
    endloop
  endfacet
  facet normal -0.475964 -0.879464 -0
    outer loop
      vertex 71.6949 33.1527 6.2
      vertex 71.2592 33.3885 2.2
      vertex 71.6949 33.1527 2.2
    endloop
  endfacet
  facet normal 0.324753 0.945799 -0
    outer loop
      vertex 74.1051 38.6473 2.2
      vertex 73.6365 38.8082 6.2
      vertex 74.1051 38.6473 6.2
    endloop
  endfacet
  facet normal 0.324753 0.945799 0
    outer loop
      vertex 73.6365 38.8082 6.2
      vertex 74.1051 38.6473 2.2
      vertex 73.6365 38.8082 2.2
    endloop
  endfacet
  facet normal 0.614178 0.789167 -0
    outer loop
      vertex 74.9318 38.1072 2.2
      vertex 74.5408 38.4115 6.2
      vertex 74.9318 38.1072 6.2
    endloop
  endfacet
  facet normal 0.614178 0.789167 0
    outer loop
      vertex 74.5408 38.4115 6.2
      vertex 74.9318 38.1072 2.2
      vertex 74.5408 38.4115 2.2
    endloop
  endfacet
  facet normal -0.837169 -0.546945 0
    outer loop
      vertex 70.5326 34.0574 2.2
      vertex 70.2616 34.4722 6.2
      vertex 70.2616 34.4722 2.2
    endloop
  endfacet
  facet normal -0.837169 -0.546945 0
    outer loop
      vertex 70.2616 34.4722 6.2
      vertex 70.5326 34.0574 2.2
      vertex 70.5326 34.0574 6.2
    endloop
  endfacet
  facet normal -0.915707 -0.401846 0
    outer loop
      vertex 70.2616 34.4722 2.2
      vertex 70.0625 34.9259 6.2
      vertex 70.0625 34.9259 2.2
    endloop
  endfacet
  facet normal -0.915707 -0.401846 0
    outer loop
      vertex 70.0625 34.9259 6.2
      vertex 70.2616 34.4722 2.2
      vertex 70.2616 34.4722 6.2
    endloop
  endfacet
  facet normal -0.915707 0.401846 0
    outer loop
      vertex 70.0625 36.8741 2.2
      vertex 70.2616 37.3278 6.2
      vertex 70.2616 37.3278 2.2
    endloop
  endfacet
  facet normal -0.915707 0.401846 0
    outer loop
      vertex 70.2616 37.3278 6.2
      vertex 70.0625 36.8741 2.2
      vertex 70.0625 36.8741 6.2
    endloop
  endfacet
  facet normal 0.735762 0.67724 0
    outer loop
      vertex 75.2674 37.7426 6.2
      vertex 74.9318 38.1072 2.2
      vertex 74.9318 38.1072 6.2
    endloop
  endfacet
  facet normal 0.735762 0.67724 0
    outer loop
      vertex 74.9318 38.1072 2.2
      vertex 75.2674 37.7426 6.2
      vertex 75.2674 37.7426 2.2
    endloop
  endfacet
  facet normal 0 -1 0
    outer loop
      vertex 72.6523 32.9102 2.2
      vertex 73.1477 32.9102 6.2
      vertex 72.6523 32.9102 6.2
    endloop
  endfacet
  facet normal 0 -1 -0
    outer loop
      vertex 73.1477 32.9102 6.2
      vertex 72.6523 32.9102 2.2
      vertex 73.1477 32.9102 2.2
    endloop
  endfacet
  facet normal 0.915782 -0.401676 0
    outer loop
      vertex 75.5384 34.4722 6.2
      vertex 75.7374 34.9259 2.2
      vertex 75.7374 34.9259 6.2
    endloop
  endfacet
  facet normal 0.915782 -0.401676 0
    outer loop
      vertex 75.7374 34.9259 2.2
      vertex 75.5384 34.4722 6.2
      vertex 75.5384 34.4722 2.2
    endloop
  endfacet
  facet normal -0.969414 0.245431 0
    outer loop
      vertex 69.9409 36.3938 2.2
      vertex 70.0625 36.8741 6.2
      vertex 70.0625 36.8741 2.2
    endloop
  endfacet
  facet normal -0.969414 0.245431 0
    outer loop
      vertex 70.0625 36.8741 6.2
      vertex 69.9409 36.3938 2.2
      vertex 69.9409 36.3938 6.2
    endloop
  endfacet
  facet normal -0.837169 0.546945 0
    outer loop
      vertex 70.2616 37.3278 2.2
      vertex 70.5326 37.7426 6.2
      vertex 70.5326 37.7426 2.2
    endloop
  endfacet
  facet normal -0.837169 0.546945 0
    outer loop
      vertex 70.5326 37.7426 6.2
      vertex 70.2616 37.3278 2.2
      vertex 70.2616 37.3278 6.2
    endloop
  endfacet
  facet normal 0.164661 0.98635 -0
    outer loop
      vertex 73.6365 38.8082 2.2
      vertex 73.1477 38.8898 6.2
      vertex 73.6365 38.8082 6.2
    endloop
  endfacet
  facet normal 0.164661 0.98635 0
    outer loop
      vertex 73.1477 38.8898 6.2
      vertex 73.6365 38.8082 2.2
      vertex 73.1477 38.8898 2.2
    endloop
  endfacet
  facet normal 0 0 1
    outer loop
      vertex 73.9 35.9 6.2
      vertex 75.9 35.9 6.2
      vertex 75.8591 36.3938 6.2
    endloop
  endfacet
  facet normal 0 0 1
    outer loop
      vertex 73.7855 36.3647 6.2
      vertex 75.8591 36.3938 6.2
      vertex 75.7374 36.8741 6.2
    endloop
  endfacet
  facet normal 0 0 1
    outer loop
      vertex 75.9 35.9 6.2
      vertex 73.9 35.9 6.2
      vertex 75.8591 35.4062 6.2
    endloop
  endfacet
  facet normal 0 0 1
    outer loop
      vertex 73.7855 36.3647 6.2
      vertex 75.7374 36.8741 6.2
      vertex 75.5384 37.3278 6.2
    endloop
  endfacet
  facet normal -0 0 1
    outer loop
      vertex 73.7855 35.4353 6.2
      vertex 75.8591 35.4062 6.2
      vertex 73.9 35.9 6.2
    endloop
  endfacet
  facet normal 0 0 1
    outer loop
      vertex 73.7855 36.3647 6.2
      vertex 75.5384 37.3278 6.2
      vertex 75.2674 37.7426 6.2
    endloop
  endfacet
  facet normal 0 0 1
    outer loop
      vertex 75.8591 35.4062 6.2
      vertex 73.7855 35.4353 6.2
      vertex 75.7374 34.9259 6.2
    endloop
  endfacet
  facet normal 0 0 1
    outer loop
      vertex 73.4681 36.723 6.2
      vertex 75.2674 37.7426 6.2
      vertex 74.9318 38.1072 6.2
    endloop
  endfacet
  facet normal 0 0 1
    outer loop
      vertex 75.7374 34.9259 6.2
      vertex 73.7855 35.4353 6.2
      vertex 75.5384 34.4722 6.2
    endloop
  endfacet
  facet normal 0 0 1
    outer loop
      vertex 73.4681 36.723 6.2
      vertex 74.9318 38.1072 6.2
      vertex 74.5408 38.4115 6.2
    endloop
  endfacet
  facet normal 0 0 1
    outer loop
      vertex 75.5384 34.4722 6.2
      vertex 73.7855 35.4353 6.2
      vertex 75.2674 34.0574 6.2
    endloop
  endfacet
  facet normal 0 0 1
    outer loop
      vertex 73.4681 36.723 6.2
      vertex 74.5408 38.4115 6.2
      vertex 74.1051 38.6473 6.2
    endloop
  endfacet
  facet normal -0 0 1
    outer loop
      vertex 73.4681 35.077 6.2
      vertex 75.2674 34.0574 6.2
      vertex 73.7855 35.4353 6.2
    endloop
  endfacet
  facet normal 0 0 1
    outer loop
      vertex 75.2674 34.0574 6.2
      vertex 73.4681 35.077 6.2
      vertex 74.9318 33.6928 6.2
    endloop
  endfacet
  facet normal 0 0 1
    outer loop
      vertex 75.8591 36.3938 6.2
      vertex 73.7855 36.3647 6.2
      vertex 73.9 35.9 6.2
    endloop
  endfacet
  facet normal 0 0 1
    outer loop
      vertex 73.0205 36.8927 6.2
      vertex 74.1051 38.6473 6.2
      vertex 73.6365 38.8082 6.2
    endloop
  endfacet
  facet normal 0 0 1
    outer loop
      vertex 75.2674 37.7426 6.2
      vertex 73.4681 36.723 6.2
      vertex 73.7855 36.3647 6.2
    endloop
  endfacet
  facet normal 0 0 1
    outer loop
      vertex 73.0205 36.8927 6.2
      vertex 73.6365 38.8082 6.2
      vertex 73.1477 38.8898 6.2
    endloop
  endfacet
  facet normal 0 0 1
    outer loop
      vertex 74.1051 38.6473 6.2
      vertex 73.0205 36.8927 6.2
      vertex 73.4681 36.723 6.2
    endloop
  endfacet
  facet normal -0 0 1
    outer loop
      vertex 72.6523 38.8898 6.2
      vertex 73.0205 36.8927 6.2
      vertex 73.1477 38.8898 6.2
    endloop
  endfacet
  facet normal 0 0 1
    outer loop
      vertex 72.6523 38.8898 6.2
      vertex 72.5454 36.835 6.2
      vertex 73.0205 36.8927 6.2
    endloop
  endfacet
  facet normal -0 0 1
    outer loop
      vertex 72.1635 38.8082 6.2
      vertex 72.5454 36.835 6.2
      vertex 72.6523 38.8898 6.2
    endloop
  endfacet
  facet normal -0 0 1
    outer loop
      vertex 71.6949 38.6473 6.2
      vertex 72.5454 36.835 6.2
      vertex 72.1635 38.8082 6.2
    endloop
  endfacet
  facet normal -0 0 1
    outer loop
      vertex 71.2592 38.4115 6.2
      vertex 72.5454 36.835 6.2
      vertex 71.6949 38.6473 6.2
    endloop
  endfacet
  facet normal -0 0 1
    outer loop
      vertex 70.8682 38.1072 6.2
      vertex 72.1515 36.5631 6.2
      vertex 71.2592 38.4115 6.2
    endloop
  endfacet
  facet normal 0 0 1
    outer loop
      vertex 72.5454 36.835 6.2
      vertex 71.2592 38.4115 6.2
      vertex 72.1515 36.5631 6.2
    endloop
  endfacet
  facet normal 0 0 1
    outer loop
      vertex 74.9318 33.6928 6.2
      vertex 73.4681 35.077 6.2
      vertex 74.5408 33.3885 6.2
    endloop
  endfacet
  facet normal 0 0 1
    outer loop
      vertex 74.5408 33.3885 6.2
      vertex 73.4681 35.077 6.2
      vertex 74.1051 33.1527 6.2
    endloop
  endfacet
  facet normal -0 0 1
    outer loop
      vertex 73.0205 34.9073 6.2
      vertex 74.1051 33.1527 6.2
      vertex 73.4681 35.077 6.2
    endloop
  endfacet
  facet normal 0 0 1
    outer loop
      vertex 74.1051 33.1527 6.2
      vertex 73.0205 34.9073 6.2
      vertex 73.6365 32.9918 6.2
    endloop
  endfacet
  facet normal 0 0 1
    outer loop
      vertex 73.6365 32.9918 6.2
      vertex 73.0205 34.9073 6.2
      vertex 73.1477 32.9102 6.2
    endloop
  endfacet
  facet normal 0 0 1
    outer loop
      vertex 73.0205 34.9073 6.2
      vertex 72.6523 32.9102 6.2
      vertex 73.1477 32.9102 6.2
    endloop
  endfacet
  facet normal 0 0 1
    outer loop
      vertex 72.5454 34.965 6.2
      vertex 72.6523 32.9102 6.2
      vertex 73.0205 34.9073 6.2
    endloop
  endfacet
  facet normal 0 0 1
    outer loop
      vertex 72.5454 34.965 6.2
      vertex 72.1635 32.9918 6.2
      vertex 72.6523 32.9102 6.2
    endloop
  endfacet
  facet normal 0 0 1
    outer loop
      vertex 71.2592 33.3885 6.2
      vertex 72.5454 34.965 6.2
      vertex 72.1515 35.2369 6.2
    endloop
  endfacet
  facet normal 0 0 1
    outer loop
      vertex 70.2616 34.4722 6.2
      vertex 72.1515 35.2369 6.2
      vertex 71.9291 35.6607 6.2
    endloop
  endfacet
  facet normal 0 0 1
    outer loop
      vertex 72.5454 34.965 6.2
      vertex 71.6949 33.1527 6.2
      vertex 72.1635 32.9918 6.2
    endloop
  endfacet
  facet normal -0 0 1
    outer loop
      vertex 70.5326 37.7426 6.2
      vertex 72.1515 36.5631 6.2
      vertex 70.8682 38.1072 6.2
    endloop
  endfacet
  facet normal -0 0 1
    outer loop
      vertex 70.2616 37.3278 6.2
      vertex 72.1515 36.5631 6.2
      vertex 70.5326 37.7426 6.2
    endloop
  endfacet
  facet normal 0 0 1
    outer loop
      vertex 72.5454 34.965 6.2
      vertex 71.2592 33.3885 6.2
      vertex 71.6949 33.1527 6.2
    endloop
  endfacet
  facet normal 0 0 1
    outer loop
      vertex 72.1515 36.5631 6.2
      vertex 70.2616 37.3278 6.2
      vertex 71.9291 36.1393 6.2
    endloop
  endfacet
  facet normal 0 0 1
    outer loop
      vertex 72.1515 35.2369 6.2
      vertex 70.8682 33.6928 6.2
      vertex 71.2592 33.3885 6.2
    endloop
  endfacet
  facet normal -0 0 1
    outer loop
      vertex 70.0625 36.8741 6.2
      vertex 71.9291 36.1393 6.2
      vertex 70.2616 37.3278 6.2
    endloop
  endfacet
  facet normal 0 0 1
    outer loop
      vertex 72.1515 35.2369 6.2
      vertex 70.5326 34.0574 6.2
      vertex 70.8682 33.6928 6.2
    endloop
  endfacet
  facet normal -0 0 1
    outer loop
      vertex 69.9409 36.3938 6.2
      vertex 71.9291 36.1393 6.2
      vertex 70.0625 36.8741 6.2
    endloop
  endfacet
  facet normal 0 0 1
    outer loop
      vertex 72.1515 35.2369 6.2
      vertex 70.2616 34.4722 6.2
      vertex 70.5326 34.0574 6.2
    endloop
  endfacet
  facet normal 0 0 1
    outer loop
      vertex 69.9 35.9 6.2
      vertex 71.9291 36.1393 6.2
      vertex 69.9409 36.3938 6.2
    endloop
  endfacet
  facet normal 0 0 1
    outer loop
      vertex 71.9291 35.6607 6.2
      vertex 70.0625 34.9259 6.2
      vertex 70.2616 34.4722 6.2
    endloop
  endfacet
  facet normal 0 0 1
    outer loop
      vertex 71.9291 36.1393 6.2
      vertex 69.9 35.9 6.2
      vertex 71.9291 35.6607 6.2
    endloop
  endfacet
  facet normal 0 0 1
    outer loop
      vertex 71.9291 35.6607 6.2
      vertex 69.9409 35.4062 6.2
      vertex 70.0625 34.9259 6.2
    endloop
  endfacet
  facet normal 0 0 1
    outer loop
      vertex 71.9291 35.6607 6.2
      vertex 69.9 35.9 6.2
      vertex 69.9409 35.4062 6.2
    endloop
  endfacet
  facet normal 0.614178 -0.789167 0
    outer loop
      vertex 74.5408 33.3885 2.2
      vertex 74.9318 33.6928 6.2
      vertex 74.5408 33.3885 6.2
    endloop
  endfacet
  facet normal 0.614178 -0.789167 0
    outer loop
      vertex 74.9318 33.6928 6.2
      vertex 74.5408 33.3885 2.2
      vertex 74.9318 33.6928 2.2
    endloop
  endfacet
  facet normal -0.324753 0.945799 0
    outer loop
      vertex 72.1635 38.8082 2.2
      vertex 71.6949 38.6473 6.2
      vertex 72.1635 38.8082 6.2
    endloop
  endfacet
  facet normal -0.324753 0.945799 0
    outer loop
      vertex 71.6949 38.6473 6.2
      vertex 72.1635 38.8082 2.2
      vertex 71.6949 38.6473 2.2
    endloop
  endfacet
  facet normal -0.614178 -0.789167 0
    outer loop
      vertex 70.8682 33.6928 2.2
      vertex 71.2592 33.3885 6.2
      vertex 70.8682 33.6928 6.2
    endloop
  endfacet
  facet normal -0.614178 -0.789167 -0
    outer loop
      vertex 71.2592 33.3885 6.2
      vertex 70.8682 33.6928 2.2
      vertex 71.2592 33.3885 2.2
    endloop
  endfacet
  facet normal -0.164661 -0.98635 0
    outer loop
      vertex 72.1635 32.9918 2.2
      vertex 72.6523 32.9102 6.2
      vertex 72.1635 32.9918 6.2
    endloop
  endfacet
  facet normal -0.164661 -0.98635 -0
    outer loop
      vertex 72.6523 32.9102 6.2
      vertex 72.1635 32.9918 2.2
      vertex 72.6523 32.9102 2.2
    endloop
  endfacet
  facet normal 0.56808 -0.822974 0
    outer loop
      vertex 72.1515 36.5631 2.2
      vertex 72.5454 36.835 6.2
      vertex 72.1515 36.5631 6.2
    endloop
  endfacet
  facet normal 0.56808 -0.822974 0
    outer loop
      vertex 72.5454 36.835 6.2
      vertex 72.1515 36.5631 2.2
      vertex 72.5454 36.835 2.2
    endloop
  endfacet
  facet normal -0.748538 -0.663092 0
    outer loop
      vertex 73.7855 36.3647 2.2
      vertex 73.4681 36.723 6.2
      vertex 73.4681 36.723 2.2
    endloop
  endfacet
  facet normal -0.748538 -0.663092 0
    outer loop
      vertex 73.4681 36.723 6.2
      vertex 73.7855 36.3647 2.2
      vertex 73.7855 36.3647 6.2
    endloop
  endfacet
  facet normal -0.97096 -0.23924 0
    outer loop
      vertex 73.9 35.9 2.2
      vertex 73.7855 36.3647 6.2
      vertex 73.7855 36.3647 2.2
    endloop
  endfacet
  facet normal -0.97096 -0.23924 0
    outer loop
      vertex 73.7855 36.3647 6.2
      vertex 73.9 35.9 2.2
      vertex 73.9 35.9 6.2
    endloop
  endfacet
  facet normal 1 -0 0
    outer loop
      vertex 71.9291 35.6607 6.2
      vertex 71.9291 36.1393 2.2
      vertex 71.9291 36.1393 6.2
    endloop
  endfacet
  facet normal 1 0 0
    outer loop
      vertex 71.9291 36.1393 2.2
      vertex 71.9291 35.6607 6.2
      vertex 71.9291 35.6607 2.2
    endloop
  endfacet
  facet normal 0.88548 -0.464678 0
    outer loop
      vertex 71.9291 36.1393 6.2
      vertex 72.1515 36.5631 2.2
      vertex 72.1515 36.5631 6.2
    endloop
  endfacet
  facet normal 0.88548 -0.464678 0
    outer loop
      vertex 72.1515 36.5631 2.2
      vertex 71.9291 36.1393 6.2
      vertex 71.9291 36.1393 2.2
    endloop
  endfacet
  facet normal -0.97096 0.23924 0
    outer loop
      vertex 73.7855 35.4353 2.2
      vertex 73.9 35.9 6.2
      vertex 73.9 35.9 2.2
    endloop
  endfacet
  facet normal -0.97096 0.23924 0
    outer loop
      vertex 73.9 35.9 6.2
      vertex 73.7855 35.4353 2.2
      vertex 73.7855 35.4353 6.2
    endloop
  endfacet
  facet normal 0.120562 0.992706 -0
    outer loop
      vertex 73.0205 34.9073 2.2
      vertex 72.5454 34.965 6.2
      vertex 73.0205 34.9073 6.2
    endloop
  endfacet
  facet normal 0.120562 0.992706 0
    outer loop
      vertex 72.5454 34.965 6.2
      vertex 73.0205 34.9073 2.2
      vertex 72.5454 34.965 2.2
    endloop
  endfacet
  facet normal -0.748538 0.663092 0
    outer loop
      vertex 73.4681 35.077 2.2
      vertex 73.7855 35.4353 6.2
      vertex 73.7855 35.4353 2.2
    endloop
  endfacet
  facet normal -0.748538 0.663092 0
    outer loop
      vertex 73.7855 35.4353 6.2
      vertex 73.4681 35.077 2.2
      vertex 73.4681 35.077 6.2
    endloop
  endfacet
  facet normal -0.354509 0.935052 0
    outer loop
      vertex 73.4681 35.077 2.2
      vertex 73.0205 34.9073 6.2
      vertex 73.4681 35.077 6.2
    endloop
  endfacet
  facet normal -0.354509 0.935052 0
    outer loop
      vertex 73.0205 34.9073 6.2
      vertex 73.4681 35.077 2.2
      vertex 73.0205 34.9073 2.2
    endloop
  endfacet
  facet normal 0.120562 -0.992706 0
    outer loop
      vertex 72.5454 36.835 2.2
      vertex 73.0205 36.8927 6.2
      vertex 72.5454 36.835 6.2
    endloop
  endfacet
  facet normal 0.120562 -0.992706 0
    outer loop
      vertex 73.0205 36.8927 6.2
      vertex 72.5454 36.835 2.2
      vertex 73.0205 36.8927 2.2
    endloop
  endfacet
  facet normal -0.354509 -0.935052 0
    outer loop
      vertex 73.0205 36.8927 2.2
      vertex 73.4681 36.723 6.2
      vertex 73.0205 36.8927 6.2
    endloop
  endfacet
  facet normal -0.354509 -0.935052 -0
    outer loop
      vertex 73.4681 36.723 6.2
      vertex 73.0205 36.8927 2.2
      vertex 73.4681 36.723 2.2
    endloop
  endfacet
  facet normal 0.56808 0.822974 -0
    outer loop
      vertex 72.5454 34.965 2.2
      vertex 72.1515 35.2369 6.2
      vertex 72.5454 34.965 6.2
    endloop
  endfacet
  facet normal 0.56808 0.822974 0
    outer loop
      vertex 72.1515 35.2369 6.2
      vertex 72.5454 34.965 2.2
      vertex 72.1515 35.2369 2.2
    endloop
  endfacet
  facet normal 0.88548 0.464678 0
    outer loop
      vertex 72.1515 35.2369 6.2
      vertex 71.9291 35.6607 2.2
      vertex 71.9291 35.6607 6.2
    endloop
  endfacet
  facet normal 0.88548 0.464678 0
    outer loop
      vertex 71.9291 35.6607 2.2
      vertex 72.1515 35.2369 6.2
      vertex 72.1515 35.2369 2.2
    endloop
  endfacet
  facet normal -0.164923 0.986306 0
    outer loop
      vertex 117.652 17.8898 2.2
      vertex 117.164 17.8082 6.2
      vertex 117.652 17.8898 6.2
    endloop
  endfacet
  facet normal -0.164923 0.986306 0
    outer loop
      vertex 117.164 17.8082 6.2
      vertex 117.652 17.8898 2.2
      vertex 117.164 17.8082 2.2
    endloop
  endfacet
  facet normal 0.969222 0.24619 0
    outer loop
      vertex 120.859 15.3938 6.2
      vertex 120.737 15.8741 2.2
      vertex 120.737 15.8741 6.2
    endloop
  endfacet
  facet normal 0.969222 0.24619 0
    outer loop
      vertex 120.737 15.8741 2.2
      vertex 120.859 15.3938 6.2
      vertex 120.859 15.3938 2.2
    endloop
  endfacet
  facet normal 0.996571 0.0827448 0
    outer loop
      vertex 120.9 14.9 6.2
      vertex 120.859 15.3938 2.2
      vertex 120.859 15.3938 6.2
    endloop
  endfacet
  facet normal 0.996571 0.0827448 0
    outer loop
      vertex 120.859 15.3938 2.2
      vertex 120.9 14.9 6.2
      vertex 120.9 14.9 2.2
    endloop
  endfacet
  facet normal 0.915782 0.401676 0
    outer loop
      vertex 120.737 15.8741 6.2
      vertex 120.538 16.3278 2.2
      vertex 120.538 16.3278 6.2
    endloop
  endfacet
  facet normal 0.915782 0.401676 0
    outer loop
      vertex 120.538 16.3278 2.2
      vertex 120.737 15.8741 6.2
      vertex 120.737 15.8741 2.2
    endloop
  endfacet
  facet normal 0.475711 -0.879602 0
    outer loop
      vertex 119.105 12.1527 2.2
      vertex 119.541 12.3885 6.2
      vertex 119.105 12.1527 6.2
    endloop
  endfacet
  facet normal 0.475711 -0.879602 0
    outer loop
      vertex 119.541 12.3885 6.2
      vertex 119.105 12.1527 2.2
      vertex 119.541 12.3885 2.2
    endloop
  endfacet
  facet normal -0.324505 -0.945884 0
    outer loop
      vertex 116.695 12.1527 2.2
      vertex 117.164 11.9918 6.2
      vertex 116.695 12.1527 6.2
    endloop
  endfacet
  facet normal -0.324505 -0.945884 -0
    outer loop
      vertex 117.164 11.9918 6.2
      vertex 116.695 12.1527 2.2
      vertex 117.164 11.9918 2.2
    endloop
  endfacet
  facet normal -0.996571 -0.0827448 0
    outer loop
      vertex 114.941 14.4062 2.2
      vertex 114.9 14.9 6.2
      vertex 114.9 14.9 2.2
    endloop
  endfacet
  facet normal -0.996571 -0.0827448 0
    outer loop
      vertex 114.9 14.9 6.2
      vertex 114.941 14.4062 2.2
      vertex 114.941 14.4062 6.2
    endloop
  endfacet
  facet normal 0.996571 -0.0827448 0
    outer loop
      vertex 120.859 14.4062 6.2
      vertex 120.9 14.9 2.2
      vertex 120.9 14.9 6.2
    endloop
  endfacet
  facet normal 0.996571 -0.0827448 0
    outer loop
      vertex 120.9 14.9 2.2
      vertex 120.859 14.4062 6.2
      vertex 120.859 14.4062 2.2
    endloop
  endfacet
  facet normal 0.837169 0.546945 0
    outer loop
      vertex 120.538 16.3278 6.2
      vertex 120.267 16.7426 2.2
      vertex 120.267 16.7426 6.2
    endloop
  endfacet
  facet normal 0.837169 0.546945 0
    outer loop
      vertex 120.267 16.7426 2.2
      vertex 120.538 16.3278 6.2
      vertex 120.538 16.3278 2.2
    endloop
  endfacet
  facet normal 0.837169 -0.546945 0
    outer loop
      vertex 120.267 13.0574 6.2
      vertex 120.538 13.4722 2.2
      vertex 120.538 13.4722 6.2
    endloop
  endfacet
  facet normal 0.837169 -0.546945 0
    outer loop
      vertex 120.538 13.4722 2.2
      vertex 120.267 13.0574 6.2
      vertex 120.267 13.0574 2.2
    endloop
  endfacet
  facet normal -0.996571 0.0827448 0
    outer loop
      vertex 114.9 14.9 2.2
      vertex 114.941 15.3938 6.2
      vertex 114.941 15.3938 2.2
    endloop
  endfacet
  facet normal -0.996571 0.0827448 0
    outer loop
      vertex 114.941 15.3938 6.2
      vertex 114.9 14.9 2.2
      vertex 114.9 14.9 6.2
    endloop
  endfacet
  facet normal -0.736366 0.676584 0
    outer loop
      vertex 115.533 16.7426 2.2
      vertex 115.868 17.1072 6.2
      vertex 115.868 17.1072 2.2
    endloop
  endfacet
  facet normal -0.736366 0.676584 0
    outer loop
      vertex 115.868 17.1072 6.2
      vertex 115.533 16.7426 2.2
      vertex 115.533 16.7426 6.2
    endloop
  endfacet
  facet normal 0 1 -0
    outer loop
      vertex 118.148 17.8898 2.2
      vertex 117.652 17.8898 6.2
      vertex 118.148 17.8898 6.2
    endloop
  endfacet
  facet normal 0 1 0
    outer loop
      vertex 117.652 17.8898 6.2
      vertex 118.148 17.8898 2.2
      vertex 117.652 17.8898 2.2
    endloop
  endfacet
  facet normal 0.164923 -0.986306 0
    outer loop
      vertex 118.148 11.9102 2.2
      vertex 118.636 11.9918 6.2
      vertex 118.148 11.9102 6.2
    endloop
  endfacet
  facet normal 0.164923 -0.986306 0
    outer loop
      vertex 118.636 11.9918 6.2
      vertex 118.148 11.9102 2.2
      vertex 118.636 11.9918 2.2
    endloop
  endfacet
  facet normal -0.614178 0.789167 0
    outer loop
      vertex 116.259 17.4115 2.2
      vertex 115.868 17.1072 6.2
      vertex 116.259 17.4115 6.2
    endloop
  endfacet
  facet normal -0.614178 0.789167 0
    outer loop
      vertex 115.868 17.1072 6.2
      vertex 116.259 17.4115 2.2
      vertex 115.868 17.1072 2.2
    endloop
  endfacet
  facet normal -0.969222 -0.24619 0
    outer loop
      vertex 115.063 13.9259 2.2
      vertex 114.941 14.4062 6.2
      vertex 114.941 14.4062 2.2
    endloop
  endfacet
  facet normal -0.969222 -0.24619 0
    outer loop
      vertex 114.941 14.4062 6.2
      vertex 115.063 13.9259 2.2
      vertex 115.063 13.9259 6.2
    endloop
  endfacet
  facet normal -0.475711 0.879602 0
    outer loop
      vertex 116.695 17.6473 2.2
      vertex 116.259 17.4115 6.2
      vertex 116.695 17.6473 6.2
    endloop
  endfacet
  facet normal -0.475711 0.879602 0
    outer loop
      vertex 116.259 17.4115 6.2
      vertex 116.695 17.6473 2.2
      vertex 116.259 17.4115 2.2
    endloop
  endfacet
  facet normal 0.475711 0.879602 -0
    outer loop
      vertex 119.541 17.4115 2.2
      vertex 119.105 17.6473 6.2
      vertex 119.541 17.4115 6.2
    endloop
  endfacet
  facet normal 0.475711 0.879602 0
    outer loop
      vertex 119.105 17.6473 6.2
      vertex 119.541 17.4115 2.2
      vertex 119.105 17.6473 2.2
    endloop
  endfacet
  facet normal 0.736366 -0.676584 0
    outer loop
      vertex 119.932 12.6928 6.2
      vertex 120.267 13.0574 2.2
      vertex 120.267 13.0574 6.2
    endloop
  endfacet
  facet normal 0.736366 -0.676584 0
    outer loop
      vertex 120.267 13.0574 2.2
      vertex 119.932 12.6928 6.2
      vertex 119.932 12.6928 2.2
    endloop
  endfacet
  facet normal 0.324505 -0.945884 0
    outer loop
      vertex 118.636 11.9918 2.2
      vertex 119.105 12.1527 6.2
      vertex 118.636 11.9918 6.2
    endloop
  endfacet
  facet normal 0.324505 -0.945884 0
    outer loop
      vertex 119.105 12.1527 6.2
      vertex 118.636 11.9918 2.2
      vertex 119.105 12.1527 2.2
    endloop
  endfacet
  facet normal -0.736366 -0.676584 0
    outer loop
      vertex 115.868 12.6928 2.2
      vertex 115.533 13.0574 6.2
      vertex 115.533 13.0574 2.2
    endloop
  endfacet
  facet normal -0.736366 -0.676584 0
    outer loop
      vertex 115.533 13.0574 6.2
      vertex 115.868 12.6928 2.2
      vertex 115.868 12.6928 6.2
    endloop
  endfacet
  facet normal 0.969222 -0.24619 0
    outer loop
      vertex 120.737 13.9259 6.2
      vertex 120.859 14.4062 2.2
      vertex 120.859 14.4062 6.2
    endloop
  endfacet
  facet normal 0.969222 -0.24619 0
    outer loop
      vertex 120.859 14.4062 2.2
      vertex 120.737 13.9259 6.2
      vertex 120.737 13.9259 2.2
    endloop
  endfacet
  facet normal -0.475711 -0.879602 0
    outer loop
      vertex 116.259 12.3885 2.2
      vertex 116.695 12.1527 6.2
      vertex 116.259 12.3885 6.2
    endloop
  endfacet
  facet normal -0.475711 -0.879602 -0
    outer loop
      vertex 116.695 12.1527 6.2
      vertex 116.259 12.3885 2.2
      vertex 116.695 12.1527 2.2
    endloop
  endfacet
  facet normal 0.324505 0.945884 -0
    outer loop
      vertex 119.105 17.6473 2.2
      vertex 118.636 17.8082 6.2
      vertex 119.105 17.6473 6.2
    endloop
  endfacet
  facet normal 0.324505 0.945884 0
    outer loop
      vertex 118.636 17.8082 6.2
      vertex 119.105 17.6473 2.2
      vertex 118.636 17.8082 2.2
    endloop
  endfacet
  facet normal 0.614178 0.789167 -0
    outer loop
      vertex 119.932 17.1072 2.2
      vertex 119.541 17.4115 6.2
      vertex 119.932 17.1072 6.2
    endloop
  endfacet
  facet normal 0.614178 0.789167 0
    outer loop
      vertex 119.541 17.4115 6.2
      vertex 119.932 17.1072 2.2
      vertex 119.541 17.4115 2.2
    endloop
  endfacet
  facet normal -0.837169 -0.546945 0
    outer loop
      vertex 115.533 13.0574 2.2
      vertex 115.262 13.4722 6.2
      vertex 115.262 13.4722 2.2
    endloop
  endfacet
  facet normal -0.837169 -0.546945 0
    outer loop
      vertex 115.262 13.4722 6.2
      vertex 115.533 13.0574 2.2
      vertex 115.533 13.0574 6.2
    endloop
  endfacet
  facet normal -0.915782 -0.401676 0
    outer loop
      vertex 115.262 13.4722 2.2
      vertex 115.063 13.9259 6.2
      vertex 115.063 13.9259 2.2
    endloop
  endfacet
  facet normal -0.915782 -0.401676 0
    outer loop
      vertex 115.063 13.9259 6.2
      vertex 115.262 13.4722 2.2
      vertex 115.262 13.4722 6.2
    endloop
  endfacet
  facet normal -0.915782 0.401676 0
    outer loop
      vertex 115.063 15.8741 2.2
      vertex 115.262 16.3278 6.2
      vertex 115.262 16.3278 2.2
    endloop
  endfacet
  facet normal -0.915782 0.401676 0
    outer loop
      vertex 115.262 16.3278 6.2
      vertex 115.063 15.8741 2.2
      vertex 115.063 15.8741 6.2
    endloop
  endfacet
  facet normal 0.736366 0.676584 0
    outer loop
      vertex 120.267 16.7426 6.2
      vertex 119.932 17.1072 2.2
      vertex 119.932 17.1072 6.2
    endloop
  endfacet
  facet normal 0.736366 0.676584 0
    outer loop
      vertex 119.932 17.1072 2.2
      vertex 120.267 16.7426 6.2
      vertex 120.267 16.7426 2.2
    endloop
  endfacet
  facet normal 0 -1 0
    outer loop
      vertex 117.652 11.9102 2.2
      vertex 118.148 11.9102 6.2
      vertex 117.652 11.9102 6.2
    endloop
  endfacet
  facet normal 0 -1 -0
    outer loop
      vertex 118.148 11.9102 6.2
      vertex 117.652 11.9102 2.2
      vertex 118.148 11.9102 2.2
    endloop
  endfacet
  facet normal 0.915782 -0.401676 0
    outer loop
      vertex 120.538 13.4722 6.2
      vertex 120.737 13.9259 2.2
      vertex 120.737 13.9259 6.2
    endloop
  endfacet
  facet normal 0.915782 -0.401676 0
    outer loop
      vertex 120.737 13.9259 2.2
      vertex 120.538 13.4722 6.2
      vertex 120.538 13.4722 2.2
    endloop
  endfacet
  facet normal -0.969222 0.24619 0
    outer loop
      vertex 114.941 15.3938 2.2
      vertex 115.063 15.8741 6.2
      vertex 115.063 15.8741 2.2
    endloop
  endfacet
  facet normal -0.969222 0.24619 0
    outer loop
      vertex 115.063 15.8741 6.2
      vertex 114.941 15.3938 2.2
      vertex 114.941 15.3938 6.2
    endloop
  endfacet
  facet normal -0.837169 0.546945 0
    outer loop
      vertex 115.262 16.3278 2.2
      vertex 115.533 16.7426 6.2
      vertex 115.533 16.7426 2.2
    endloop
  endfacet
  facet normal -0.837169 0.546945 0
    outer loop
      vertex 115.533 16.7426 6.2
      vertex 115.262 16.3278 2.2
      vertex 115.262 16.3278 6.2
    endloop
  endfacet
  facet normal 0.164923 0.986306 -0
    outer loop
      vertex 118.636 17.8082 2.2
      vertex 118.148 17.8898 6.2
      vertex 118.636 17.8082 6.2
    endloop
  endfacet
  facet normal 0.164923 0.986306 0
    outer loop
      vertex 118.148 17.8898 6.2
      vertex 118.636 17.8082 2.2
      vertex 118.148 17.8898 2.2
    endloop
  endfacet
  facet normal 0 0 1
    outer loop
      vertex 118.9 14.9 6.2
      vertex 120.9 14.9 6.2
      vertex 120.859 15.3938 6.2
    endloop
  endfacet
  facet normal 0 0 1
    outer loop
      vertex 118.785 15.3647 6.2
      vertex 120.859 15.3938 6.2
      vertex 120.737 15.8741 6.2
    endloop
  endfacet
  facet normal 0 0 1
    outer loop
      vertex 120.9 14.9 6.2
      vertex 118.9 14.9 6.2
      vertex 120.859 14.4062 6.2
    endloop
  endfacet
  facet normal 0 0 1
    outer loop
      vertex 118.785 15.3647 6.2
      vertex 120.737 15.8741 6.2
      vertex 120.538 16.3278 6.2
    endloop
  endfacet
  facet normal -0 0 1
    outer loop
      vertex 118.785 14.4353 6.2
      vertex 120.859 14.4062 6.2
      vertex 118.9 14.9 6.2
    endloop
  endfacet
  facet normal 0 0 1
    outer loop
      vertex 118.785 15.3647 6.2
      vertex 120.538 16.3278 6.2
      vertex 120.267 16.7426 6.2
    endloop
  endfacet
  facet normal 0 0 1
    outer loop
      vertex 120.859 14.4062 6.2
      vertex 118.785 14.4353 6.2
      vertex 120.737 13.9259 6.2
    endloop
  endfacet
  facet normal 0 0 1
    outer loop
      vertex 118.468 15.723 6.2
      vertex 120.267 16.7426 6.2
      vertex 119.932 17.1072 6.2
    endloop
  endfacet
  facet normal 0 0 1
    outer loop
      vertex 120.737 13.9259 6.2
      vertex 118.785 14.4353 6.2
      vertex 120.538 13.4722 6.2
    endloop
  endfacet
  facet normal 0 0 1
    outer loop
      vertex 118.468 15.723 6.2
      vertex 119.932 17.1072 6.2
      vertex 119.541 17.4115 6.2
    endloop
  endfacet
  facet normal 0 0 1
    outer loop
      vertex 120.538 13.4722 6.2
      vertex 118.785 14.4353 6.2
      vertex 120.267 13.0574 6.2
    endloop
  endfacet
  facet normal 0 0 1
    outer loop
      vertex 118.468 15.723 6.2
      vertex 119.541 17.4115 6.2
      vertex 119.105 17.6473 6.2
    endloop
  endfacet
  facet normal -0 0 1
    outer loop
      vertex 118.468 14.077 6.2
      vertex 120.267 13.0574 6.2
      vertex 118.785 14.4353 6.2
    endloop
  endfacet
  facet normal 0 0 1
    outer loop
      vertex 120.267 13.0574 6.2
      vertex 118.468 14.077 6.2
      vertex 119.932 12.6928 6.2
    endloop
  endfacet
  facet normal 0 0 1
    outer loop
      vertex 120.859 15.3938 6.2
      vertex 118.785 15.3647 6.2
      vertex 118.9 14.9 6.2
    endloop
  endfacet
  facet normal 0 0 1
    outer loop
      vertex 118.021 15.8927 6.2
      vertex 119.105 17.6473 6.2
      vertex 118.636 17.8082 6.2
    endloop
  endfacet
  facet normal 0 0 1
    outer loop
      vertex 120.267 16.7426 6.2
      vertex 118.468 15.723 6.2
      vertex 118.785 15.3647 6.2
    endloop
  endfacet
  facet normal 0 0 1
    outer loop
      vertex 118.021 15.8927 6.2
      vertex 118.636 17.8082 6.2
      vertex 118.148 17.8898 6.2
    endloop
  endfacet
  facet normal 0 0 1
    outer loop
      vertex 119.105 17.6473 6.2
      vertex 118.021 15.8927 6.2
      vertex 118.468 15.723 6.2
    endloop
  endfacet
  facet normal -0 0 1
    outer loop
      vertex 117.652 17.8898 6.2
      vertex 118.021 15.8927 6.2
      vertex 118.148 17.8898 6.2
    endloop
  endfacet
  facet normal 0 0 1
    outer loop
      vertex 117.652 17.8898 6.2
      vertex 117.545 15.835 6.2
      vertex 118.021 15.8927 6.2
    endloop
  endfacet
  facet normal -0 0 1
    outer loop
      vertex 117.164 17.8082 6.2
      vertex 117.545 15.835 6.2
      vertex 117.652 17.8898 6.2
    endloop
  endfacet
  facet normal -0 0 1
    outer loop
      vertex 116.695 17.6473 6.2
      vertex 117.545 15.835 6.2
      vertex 117.164 17.8082 6.2
    endloop
  endfacet
  facet normal -0 0 1
    outer loop
      vertex 116.259 17.4115 6.2
      vertex 117.545 15.835 6.2
      vertex 116.695 17.6473 6.2
    endloop
  endfacet
  facet normal -0 0 1
    outer loop
      vertex 115.868 17.1072 6.2
      vertex 117.151 15.5631 6.2
      vertex 116.259 17.4115 6.2
    endloop
  endfacet
  facet normal 0 0 1
    outer loop
      vertex 117.545 15.835 6.2
      vertex 116.259 17.4115 6.2
      vertex 117.151 15.5631 6.2
    endloop
  endfacet
  facet normal 0 0 1
    outer loop
      vertex 119.932 12.6928 6.2
      vertex 118.468 14.077 6.2
      vertex 119.541 12.3885 6.2
    endloop
  endfacet
  facet normal 0 0 1
    outer loop
      vertex 119.541 12.3885 6.2
      vertex 118.468 14.077 6.2
      vertex 119.105 12.1527 6.2
    endloop
  endfacet
  facet normal -0 0 1
    outer loop
      vertex 118.021 13.9073 6.2
      vertex 119.105 12.1527 6.2
      vertex 118.468 14.077 6.2
    endloop
  endfacet
  facet normal 0 0 1
    outer loop
      vertex 119.105 12.1527 6.2
      vertex 118.021 13.9073 6.2
      vertex 118.636 11.9918 6.2
    endloop
  endfacet
  facet normal 0 0 1
    outer loop
      vertex 118.636 11.9918 6.2
      vertex 118.021 13.9073 6.2
      vertex 118.148 11.9102 6.2
    endloop
  endfacet
  facet normal 0 0 1
    outer loop
      vertex 118.021 13.9073 6.2
      vertex 117.652 11.9102 6.2
      vertex 118.148 11.9102 6.2
    endloop
  endfacet
  facet normal 0 0 1
    outer loop
      vertex 117.545 13.965 6.2
      vertex 117.652 11.9102 6.2
      vertex 118.021 13.9073 6.2
    endloop
  endfacet
  facet normal 0 0 1
    outer loop
      vertex 117.545 13.965 6.2
      vertex 117.164 11.9918 6.2
      vertex 117.652 11.9102 6.2
    endloop
  endfacet
  facet normal 0 0 1
    outer loop
      vertex 116.259 12.3885 6.2
      vertex 117.545 13.965 6.2
      vertex 117.151 14.2369 6.2
    endloop
  endfacet
  facet normal 0 0 1
    outer loop
      vertex 115.262 13.4722 6.2
      vertex 117.151 14.2369 6.2
      vertex 116.929 14.6607 6.2
    endloop
  endfacet
  facet normal 0 0 1
    outer loop
      vertex 117.545 13.965 6.2
      vertex 116.695 12.1527 6.2
      vertex 117.164 11.9918 6.2
    endloop
  endfacet
  facet normal -0 0 1
    outer loop
      vertex 115.533 16.7426 6.2
      vertex 117.151 15.5631 6.2
      vertex 115.868 17.1072 6.2
    endloop
  endfacet
  facet normal -0 0 1
    outer loop
      vertex 115.262 16.3278 6.2
      vertex 117.151 15.5631 6.2
      vertex 115.533 16.7426 6.2
    endloop
  endfacet
  facet normal 0 0 1
    outer loop
      vertex 117.545 13.965 6.2
      vertex 116.259 12.3885 6.2
      vertex 116.695 12.1527 6.2
    endloop
  endfacet
  facet normal 0 0 1
    outer loop
      vertex 117.151 15.5631 6.2
      vertex 115.262 16.3278 6.2
      vertex 116.929 15.1393 6.2
    endloop
  endfacet
  facet normal 0 0 1
    outer loop
      vertex 117.151 14.2369 6.2
      vertex 115.868 12.6928 6.2
      vertex 116.259 12.3885 6.2
    endloop
  endfacet
  facet normal -0 0 1
    outer loop
      vertex 115.063 15.8741 6.2
      vertex 116.929 15.1393 6.2
      vertex 115.262 16.3278 6.2
    endloop
  endfacet
  facet normal 0 0 1
    outer loop
      vertex 117.151 14.2369 6.2
      vertex 115.533 13.0574 6.2
      vertex 115.868 12.6928 6.2
    endloop
  endfacet
  facet normal -0 0 1
    outer loop
      vertex 114.941 15.3938 6.2
      vertex 116.929 15.1393 6.2
      vertex 115.063 15.8741 6.2
    endloop
  endfacet
  facet normal 0 0 1
    outer loop
      vertex 117.151 14.2369 6.2
      vertex 115.262 13.4722 6.2
      vertex 115.533 13.0574 6.2
    endloop
  endfacet
  facet normal 0 0 1
    outer loop
      vertex 114.9 14.9 6.2
      vertex 116.929 15.1393 6.2
      vertex 114.941 15.3938 6.2
    endloop
  endfacet
  facet normal 0 0 1
    outer loop
      vertex 116.929 14.6607 6.2
      vertex 115.063 13.9259 6.2
      vertex 115.262 13.4722 6.2
    endloop
  endfacet
  facet normal 0 0 1
    outer loop
      vertex 116.929 15.1393 6.2
      vertex 114.9 14.9 6.2
      vertex 116.929 14.6607 6.2
    endloop
  endfacet
  facet normal 0 0 1
    outer loop
      vertex 116.929 14.6607 6.2
      vertex 114.941 14.4062 6.2
      vertex 115.063 13.9259 6.2
    endloop
  endfacet
  facet normal 0 0 1
    outer loop
      vertex 116.929 14.6607 6.2
      vertex 114.9 14.9 6.2
      vertex 114.941 14.4062 6.2
    endloop
  endfacet
  facet normal 0.614178 -0.789167 0
    outer loop
      vertex 119.541 12.3885 2.2
      vertex 119.932 12.6928 6.2
      vertex 119.541 12.3885 6.2
    endloop
  endfacet
  facet normal 0.614178 -0.789167 0
    outer loop
      vertex 119.932 12.6928 6.2
      vertex 119.541 12.3885 2.2
      vertex 119.932 12.6928 2.2
    endloop
  endfacet
  facet normal -0.324505 0.945884 0
    outer loop
      vertex 117.164 17.8082 2.2
      vertex 116.695 17.6473 6.2
      vertex 117.164 17.8082 6.2
    endloop
  endfacet
  facet normal -0.324505 0.945884 0
    outer loop
      vertex 116.695 17.6473 6.2
      vertex 117.164 17.8082 2.2
      vertex 116.695 17.6473 2.2
    endloop
  endfacet
  facet normal -0.614178 -0.789167 0
    outer loop
      vertex 115.868 12.6928 2.2
      vertex 116.259 12.3885 6.2
      vertex 115.868 12.6928 6.2
    endloop
  endfacet
  facet normal -0.614178 -0.789167 -0
    outer loop
      vertex 116.259 12.3885 6.2
      vertex 115.868 12.6928 2.2
      vertex 116.259 12.3885 2.2
    endloop
  endfacet
  facet normal -0.164923 -0.986306 0
    outer loop
      vertex 117.164 11.9918 2.2
      vertex 117.652 11.9102 6.2
      vertex 117.164 11.9918 6.2
    endloop
  endfacet
  facet normal -0.164923 -0.986306 -0
    outer loop
      vertex 117.652 11.9102 6.2
      vertex 117.164 11.9918 2.2
      vertex 117.652 11.9102 2.2
    endloop
  endfacet
  facet normal 0.567982 -0.823041 0
    outer loop
      vertex 117.151 15.5631 2.2
      vertex 117.545 15.835 6.2
      vertex 117.151 15.5631 6.2
    endloop
  endfacet
  facet normal 0.567982 -0.823041 0
    outer loop
      vertex 117.545 15.835 6.2
      vertex 117.151 15.5631 2.2
      vertex 117.545 15.835 2.2
    endloop
  endfacet
  facet normal -0.748953 -0.662623 0
    outer loop
      vertex 118.785 15.3647 2.2
      vertex 118.468 15.723 6.2
      vertex 118.468 15.723 2.2
    endloop
  endfacet
  facet normal -0.748953 -0.662623 0
    outer loop
      vertex 118.468 15.723 6.2
      vertex 118.785 15.3647 2.2
      vertex 118.785 15.3647 6.2
    endloop
  endfacet
  facet normal -0.970717 -0.240225 0
    outer loop
      vertex 118.9 14.9 2.2
      vertex 118.785 15.3647 6.2
      vertex 118.785 15.3647 2.2
    endloop
  endfacet
  facet normal -0.970717 -0.240225 0
    outer loop
      vertex 118.785 15.3647 6.2
      vertex 118.9 14.9 2.2
      vertex 118.9 14.9 6.2
    endloop
  endfacet
  facet normal 1 -0 0
    outer loop
      vertex 116.929 14.6607 6.2
      vertex 116.929 15.1393 2.2
      vertex 116.929 15.1393 6.2
    endloop
  endfacet
  facet normal 1 0 0
    outer loop
      vertex 116.929 15.1393 2.2
      vertex 116.929 14.6607 6.2
      vertex 116.929 14.6607 2.2
    endloop
  endfacet
  facet normal 0.885823 -0.464023 0
    outer loop
      vertex 116.929 15.1393 6.2
      vertex 117.151 15.5631 2.2
      vertex 117.151 15.5631 6.2
    endloop
  endfacet
  facet normal 0.885823 -0.464023 0
    outer loop
      vertex 117.151 15.5631 2.2
      vertex 116.929 15.1393 6.2
      vertex 116.929 15.1393 2.2
    endloop
  endfacet
  facet normal -0.970717 0.240225 0
    outer loop
      vertex 118.785 14.4353 2.2
      vertex 118.9 14.9 6.2
      vertex 118.9 14.9 2.2
    endloop
  endfacet
  facet normal -0.970717 0.240225 0
    outer loop
      vertex 118.9 14.9 6.2
      vertex 118.785 14.4353 2.2
      vertex 118.785 14.4353 6.2
    endloop
  endfacet
  facet normal 0.120338 0.992733 -0
    outer loop
      vertex 118.021 13.9073 2.2
      vertex 117.545 13.965 6.2
      vertex 118.021 13.9073 6.2
    endloop
  endfacet
  facet normal 0.120338 0.992733 0
    outer loop
      vertex 117.545 13.965 6.2
      vertex 118.021 13.9073 2.2
      vertex 117.545 13.965 2.2
    endloop
  endfacet
  facet normal -0.748953 0.662623 0
    outer loop
      vertex 118.468 14.077 2.2
      vertex 118.785 14.4353 6.2
      vertex 118.785 14.4353 2.2
    endloop
  endfacet
  facet normal -0.748953 0.662623 0
    outer loop
      vertex 118.785 14.4353 6.2
      vertex 118.468 14.077 2.2
      vertex 118.468 14.077 6.2
    endloop
  endfacet
  facet normal -0.354925 0.934895 0
    outer loop
      vertex 118.468 14.077 2.2
      vertex 118.021 13.9073 6.2
      vertex 118.468 14.077 6.2
    endloop
  endfacet
  facet normal -0.354925 0.934895 0
    outer loop
      vertex 118.021 13.9073 6.2
      vertex 118.468 14.077 2.2
      vertex 118.021 13.9073 2.2
    endloop
  endfacet
  facet normal 0.120338 -0.992733 0
    outer loop
      vertex 117.545 15.835 2.2
      vertex 118.021 15.8927 6.2
      vertex 117.545 15.835 6.2
    endloop
  endfacet
  facet normal 0.120338 -0.992733 0
    outer loop
      vertex 118.021 15.8927 6.2
      vertex 117.545 15.835 2.2
      vertex 118.021 15.8927 2.2
    endloop
  endfacet
  facet normal -0.354925 -0.934895 0
    outer loop
      vertex 118.021 15.8927 2.2
      vertex 118.468 15.723 6.2
      vertex 118.021 15.8927 6.2
    endloop
  endfacet
  facet normal -0.354925 -0.934895 -0
    outer loop
      vertex 118.468 15.723 6.2
      vertex 118.021 15.8927 2.2
      vertex 118.468 15.723 2.2
    endloop
  endfacet
  facet normal 0.567982 0.823041 -0
    outer loop
      vertex 117.545 13.965 2.2
      vertex 117.151 14.2369 6.2
      vertex 117.545 13.965 6.2
    endloop
  endfacet
  facet normal 0.567982 0.823041 0
    outer loop
      vertex 117.151 14.2369 6.2
      vertex 117.545 13.965 2.2
      vertex 117.151 14.2369 2.2
    endloop
  endfacet
  facet normal 0.885823 0.464023 0
    outer loop
      vertex 117.151 14.2369 6.2
      vertex 116.929 14.6607 2.2
      vertex 116.929 14.6607 6.2
    endloop
  endfacet
  facet normal 0.885823 0.464023 0
    outer loop
      vertex 116.929 14.6607 2.2
      vertex 117.151 14.2369 6.2
      vertex 117.151 14.2369 2.2
    endloop
  endfacet
  facet normal -0.164923 0.986306 0
    outer loop
      vertex 117.652 38.8898 2.2
      vertex 117.164 38.8082 6.2
      vertex 117.652 38.8898 6.2
    endloop
  endfacet
  facet normal -0.164923 0.986306 0
    outer loop
      vertex 117.164 38.8082 6.2
      vertex 117.652 38.8898 2.2
      vertex 117.164 38.8082 2.2
    endloop
  endfacet
  facet normal 0.969222 0.24619 0
    outer loop
      vertex 120.859 36.3938 6.2
      vertex 120.737 36.8741 2.2
      vertex 120.737 36.8741 6.2
    endloop
  endfacet
  facet normal 0.969222 0.24619 0
    outer loop
      vertex 120.737 36.8741 2.2
      vertex 120.859 36.3938 6.2
      vertex 120.859 36.3938 2.2
    endloop
  endfacet
  facet normal 0.996571 0.0827448 0
    outer loop
      vertex 120.9 35.9 6.2
      vertex 120.859 36.3938 2.2
      vertex 120.859 36.3938 6.2
    endloop
  endfacet
  facet normal 0.996571 0.0827448 0
    outer loop
      vertex 120.859 36.3938 2.2
      vertex 120.9 35.9 6.2
      vertex 120.9 35.9 2.2
    endloop
  endfacet
  facet normal 0.915782 0.401676 0
    outer loop
      vertex 120.737 36.8741 6.2
      vertex 120.538 37.3278 2.2
      vertex 120.538 37.3278 6.2
    endloop
  endfacet
  facet normal 0.915782 0.401676 0
    outer loop
      vertex 120.538 37.3278 2.2
      vertex 120.737 36.8741 6.2
      vertex 120.737 36.8741 2.2
    endloop
  endfacet
  facet normal 0.475711 -0.879602 0
    outer loop
      vertex 119.105 33.1527 2.2
      vertex 119.541 33.3885 6.2
      vertex 119.105 33.1527 6.2
    endloop
  endfacet
  facet normal 0.475711 -0.879602 0
    outer loop
      vertex 119.541 33.3885 6.2
      vertex 119.105 33.1527 2.2
      vertex 119.541 33.3885 2.2
    endloop
  endfacet
  facet normal -0.324505 -0.945884 0
    outer loop
      vertex 116.695 33.1527 2.2
      vertex 117.164 32.9918 6.2
      vertex 116.695 33.1527 6.2
    endloop
  endfacet
  facet normal -0.324505 -0.945884 -0
    outer loop
      vertex 117.164 32.9918 6.2
      vertex 116.695 33.1527 2.2
      vertex 117.164 32.9918 2.2
    endloop
  endfacet
  facet normal -0.996571 -0.0827448 0
    outer loop
      vertex 114.941 35.4062 2.2
      vertex 114.9 35.9 6.2
      vertex 114.9 35.9 2.2
    endloop
  endfacet
  facet normal -0.996571 -0.0827448 0
    outer loop
      vertex 114.9 35.9 6.2
      vertex 114.941 35.4062 2.2
      vertex 114.941 35.4062 6.2
    endloop
  endfacet
  facet normal 0.996571 -0.0827448 0
    outer loop
      vertex 120.859 35.4062 6.2
      vertex 120.9 35.9 2.2
      vertex 120.9 35.9 6.2
    endloop
  endfacet
  facet normal 0.996571 -0.0827448 0
    outer loop
      vertex 120.9 35.9 2.2
      vertex 120.859 35.4062 6.2
      vertex 120.859 35.4062 2.2
    endloop
  endfacet
  facet normal 0.837169 0.546945 0
    outer loop
      vertex 120.538 37.3278 6.2
      vertex 120.267 37.7426 2.2
      vertex 120.267 37.7426 6.2
    endloop
  endfacet
  facet normal 0.837169 0.546945 0
    outer loop
      vertex 120.267 37.7426 2.2
      vertex 120.538 37.3278 6.2
      vertex 120.538 37.3278 2.2
    endloop
  endfacet
  facet normal 0.837169 -0.546945 0
    outer loop
      vertex 120.267 34.0574 6.2
      vertex 120.538 34.4722 2.2
      vertex 120.538 34.4722 6.2
    endloop
  endfacet
  facet normal 0.837169 -0.546945 0
    outer loop
      vertex 120.538 34.4722 2.2
      vertex 120.267 34.0574 6.2
      vertex 120.267 34.0574 2.2
    endloop
  endfacet
  facet normal -0.996571 0.0827448 0
    outer loop
      vertex 114.9 35.9 2.2
      vertex 114.941 36.3938 6.2
      vertex 114.941 36.3938 2.2
    endloop
  endfacet
  facet normal -0.996571 0.0827448 0
    outer loop
      vertex 114.941 36.3938 6.2
      vertex 114.9 35.9 2.2
      vertex 114.9 35.9 6.2
    endloop
  endfacet
  facet normal -0.736366 0.676584 0
    outer loop
      vertex 115.533 37.7426 2.2
      vertex 115.868 38.1072 6.2
      vertex 115.868 38.1072 2.2
    endloop
  endfacet
  facet normal -0.736366 0.676584 0
    outer loop
      vertex 115.868 38.1072 6.2
      vertex 115.533 37.7426 2.2
      vertex 115.533 37.7426 6.2
    endloop
  endfacet
  facet normal 0 1 -0
    outer loop
      vertex 118.148 38.8898 2.2
      vertex 117.652 38.8898 6.2
      vertex 118.148 38.8898 6.2
    endloop
  endfacet
  facet normal 0 1 0
    outer loop
      vertex 117.652 38.8898 6.2
      vertex 118.148 38.8898 2.2
      vertex 117.652 38.8898 2.2
    endloop
  endfacet
  facet normal 0.164923 -0.986306 0
    outer loop
      vertex 118.148 32.9102 2.2
      vertex 118.636 32.9918 6.2
      vertex 118.148 32.9102 6.2
    endloop
  endfacet
  facet normal 0.164923 -0.986306 0
    outer loop
      vertex 118.636 32.9918 6.2
      vertex 118.148 32.9102 2.2
      vertex 118.636 32.9918 2.2
    endloop
  endfacet
  facet normal -0.614178 0.789167 0
    outer loop
      vertex 116.259 38.4115 2.2
      vertex 115.868 38.1072 6.2
      vertex 116.259 38.4115 6.2
    endloop
  endfacet
  facet normal -0.614178 0.789167 0
    outer loop
      vertex 115.868 38.1072 6.2
      vertex 116.259 38.4115 2.2
      vertex 115.868 38.1072 2.2
    endloop
  endfacet
  facet normal -0.969222 -0.24619 0
    outer loop
      vertex 115.063 34.9259 2.2
      vertex 114.941 35.4062 6.2
      vertex 114.941 35.4062 2.2
    endloop
  endfacet
  facet normal -0.969222 -0.24619 0
    outer loop
      vertex 114.941 35.4062 6.2
      vertex 115.063 34.9259 2.2
      vertex 115.063 34.9259 6.2
    endloop
  endfacet
  facet normal -0.475711 0.879602 0
    outer loop
      vertex 116.695 38.6473 2.2
      vertex 116.259 38.4115 6.2
      vertex 116.695 38.6473 6.2
    endloop
  endfacet
  facet normal -0.475711 0.879602 0
    outer loop
      vertex 116.259 38.4115 6.2
      vertex 116.695 38.6473 2.2
      vertex 116.259 38.4115 2.2
    endloop
  endfacet
  facet normal 0.475711 0.879602 -0
    outer loop
      vertex 119.541 38.4115 2.2
      vertex 119.105 38.6473 6.2
      vertex 119.541 38.4115 6.2
    endloop
  endfacet
  facet normal 0.475711 0.879602 0
    outer loop
      vertex 119.105 38.6473 6.2
      vertex 119.541 38.4115 2.2
      vertex 119.105 38.6473 2.2
    endloop
  endfacet
  facet normal 0.736366 -0.676584 0
    outer loop
      vertex 119.932 33.6928 6.2
      vertex 120.267 34.0574 2.2
      vertex 120.267 34.0574 6.2
    endloop
  endfacet
  facet normal 0.736366 -0.676584 0
    outer loop
      vertex 120.267 34.0574 2.2
      vertex 119.932 33.6928 6.2
      vertex 119.932 33.6928 2.2
    endloop
  endfacet
  facet normal 0.324505 -0.945884 0
    outer loop
      vertex 118.636 32.9918 2.2
      vertex 119.105 33.1527 6.2
      vertex 118.636 32.9918 6.2
    endloop
  endfacet
  facet normal 0.324505 -0.945884 0
    outer loop
      vertex 119.105 33.1527 6.2
      vertex 118.636 32.9918 2.2
      vertex 119.105 33.1527 2.2
    endloop
  endfacet
  facet normal -0.736366 -0.676584 0
    outer loop
      vertex 115.868 33.6928 2.2
      vertex 115.533 34.0574 6.2
      vertex 115.533 34.0574 2.2
    endloop
  endfacet
  facet normal -0.736366 -0.676584 0
    outer loop
      vertex 115.533 34.0574 6.2
      vertex 115.868 33.6928 2.2
      vertex 115.868 33.6928 6.2
    endloop
  endfacet
  facet normal 0.969222 -0.24619 0
    outer loop
      vertex 120.737 34.9259 6.2
      vertex 120.859 35.4062 2.2
      vertex 120.859 35.4062 6.2
    endloop
  endfacet
  facet normal 0.969222 -0.24619 0
    outer loop
      vertex 120.859 35.4062 2.2
      vertex 120.737 34.9259 6.2
      vertex 120.737 34.9259 2.2
    endloop
  endfacet
  facet normal -0.475711 -0.879602 0
    outer loop
      vertex 116.259 33.3885 2.2
      vertex 116.695 33.1527 6.2
      vertex 116.259 33.3885 6.2
    endloop
  endfacet
  facet normal -0.475711 -0.879602 -0
    outer loop
      vertex 116.695 33.1527 6.2
      vertex 116.259 33.3885 2.2
      vertex 116.695 33.1527 2.2
    endloop
  endfacet
  facet normal 0.324505 0.945884 -0
    outer loop
      vertex 119.105 38.6473 2.2
      vertex 118.636 38.8082 6.2
      vertex 119.105 38.6473 6.2
    endloop
  endfacet
  facet normal 0.324505 0.945884 0
    outer loop
      vertex 118.636 38.8082 6.2
      vertex 119.105 38.6473 2.2
      vertex 118.636 38.8082 2.2
    endloop
  endfacet
  facet normal 0.614178 0.789167 -0
    outer loop
      vertex 119.932 38.1072 2.2
      vertex 119.541 38.4115 6.2
      vertex 119.932 38.1072 6.2
    endloop
  endfacet
  facet normal 0.614178 0.789167 0
    outer loop
      vertex 119.541 38.4115 6.2
      vertex 119.932 38.1072 2.2
      vertex 119.541 38.4115 2.2
    endloop
  endfacet
  facet normal -0.837169 -0.546945 0
    outer loop
      vertex 115.533 34.0574 2.2
      vertex 115.262 34.4722 6.2
      vertex 115.262 34.4722 2.2
    endloop
  endfacet
  facet normal -0.837169 -0.546945 0
    outer loop
      vertex 115.262 34.4722 6.2
      vertex 115.533 34.0574 2.2
      vertex 115.533 34.0574 6.2
    endloop
  endfacet
  facet normal -0.915782 -0.401676 0
    outer loop
      vertex 115.262 34.4722 2.2
      vertex 115.063 34.9259 6.2
      vertex 115.063 34.9259 2.2
    endloop
  endfacet
  facet normal -0.915782 -0.401676 0
    outer loop
      vertex 115.063 34.9259 6.2
      vertex 115.262 34.4722 2.2
      vertex 115.262 34.4722 6.2
    endloop
  endfacet
  facet normal -0.915782 0.401676 0
    outer loop
      vertex 115.063 36.8741 2.2
      vertex 115.262 37.3278 6.2
      vertex 115.262 37.3278 2.2
    endloop
  endfacet
  facet normal -0.915782 0.401676 0
    outer loop
      vertex 115.262 37.3278 6.2
      vertex 115.063 36.8741 2.2
      vertex 115.063 36.8741 6.2
    endloop
  endfacet
  facet normal 0.736366 0.676584 0
    outer loop
      vertex 120.267 37.7426 6.2
      vertex 119.932 38.1072 2.2
      vertex 119.932 38.1072 6.2
    endloop
  endfacet
  facet normal 0.736366 0.676584 0
    outer loop
      vertex 119.932 38.1072 2.2
      vertex 120.267 37.7426 6.2
      vertex 120.267 37.7426 2.2
    endloop
  endfacet
  facet normal 0 -1 0
    outer loop
      vertex 117.652 32.9102 2.2
      vertex 118.148 32.9102 6.2
      vertex 117.652 32.9102 6.2
    endloop
  endfacet
  facet normal 0 -1 -0
    outer loop
      vertex 118.148 32.9102 6.2
      vertex 117.652 32.9102 2.2
      vertex 118.148 32.9102 2.2
    endloop
  endfacet
  facet normal 0.915782 -0.401676 0
    outer loop
      vertex 120.538 34.4722 6.2
      vertex 120.737 34.9259 2.2
      vertex 120.737 34.9259 6.2
    endloop
  endfacet
  facet normal 0.915782 -0.401676 0
    outer loop
      vertex 120.737 34.9259 2.2
      vertex 120.538 34.4722 6.2
      vertex 120.538 34.4722 2.2
    endloop
  endfacet
  facet normal -0.969222 0.24619 0
    outer loop
      vertex 114.941 36.3938 2.2
      vertex 115.063 36.8741 6.2
      vertex 115.063 36.8741 2.2
    endloop
  endfacet
  facet normal -0.969222 0.24619 0
    outer loop
      vertex 115.063 36.8741 6.2
      vertex 114.941 36.3938 2.2
      vertex 114.941 36.3938 6.2
    endloop
  endfacet
  facet normal -0.837169 0.546945 0
    outer loop
      vertex 115.262 37.3278 2.2
      vertex 115.533 37.7426 6.2
      vertex 115.533 37.7426 2.2
    endloop
  endfacet
  facet normal -0.837169 0.546945 0
    outer loop
      vertex 115.533 37.7426 6.2
      vertex 115.262 37.3278 2.2
      vertex 115.262 37.3278 6.2
    endloop
  endfacet
  facet normal 0.164923 0.986306 -0
    outer loop
      vertex 118.636 38.8082 2.2
      vertex 118.148 38.8898 6.2
      vertex 118.636 38.8082 6.2
    endloop
  endfacet
  facet normal 0.164923 0.986306 0
    outer loop
      vertex 118.148 38.8898 6.2
      vertex 118.636 38.8082 2.2
      vertex 118.148 38.8898 2.2
    endloop
  endfacet
  facet normal 0 0 1
    outer loop
      vertex 118.9 35.9 6.2
      vertex 120.9 35.9 6.2
      vertex 120.859 36.3938 6.2
    endloop
  endfacet
  facet normal 0 0 1
    outer loop
      vertex 118.785 36.3647 6.2
      vertex 120.859 36.3938 6.2
      vertex 120.737 36.8741 6.2
    endloop
  endfacet
  facet normal 0 0 1
    outer loop
      vertex 120.9 35.9 6.2
      vertex 118.9 35.9 6.2
      vertex 120.859 35.4062 6.2
    endloop
  endfacet
  facet normal 0 0 1
    outer loop
      vertex 118.785 36.3647 6.2
      vertex 120.737 36.8741 6.2
      vertex 120.538 37.3278 6.2
    endloop
  endfacet
  facet normal -0 0 1
    outer loop
      vertex 118.785 35.4353 6.2
      vertex 120.859 35.4062 6.2
      vertex 118.9 35.9 6.2
    endloop
  endfacet
  facet normal 0 0 1
    outer loop
      vertex 118.785 36.3647 6.2
      vertex 120.538 37.3278 6.2
      vertex 120.267 37.7426 6.2
    endloop
  endfacet
  facet normal 0 0 1
    outer loop
      vertex 120.859 35.4062 6.2
      vertex 118.785 35.4353 6.2
      vertex 120.737 34.9259 6.2
    endloop
  endfacet
  facet normal 0 0 1
    outer loop
      vertex 118.468 36.723 6.2
      vertex 120.267 37.7426 6.2
      vertex 119.932 38.1072 6.2
    endloop
  endfacet
  facet normal 0 0 1
    outer loop
      vertex 120.737 34.9259 6.2
      vertex 118.785 35.4353 6.2
      vertex 120.538 34.4722 6.2
    endloop
  endfacet
  facet normal 0 0 1
    outer loop
      vertex 118.468 36.723 6.2
      vertex 119.932 38.1072 6.2
      vertex 119.541 38.4115 6.2
    endloop
  endfacet
  facet normal 0 0 1
    outer loop
      vertex 120.538 34.4722 6.2
      vertex 118.785 35.4353 6.2
      vertex 120.267 34.0574 6.2
    endloop
  endfacet
  facet normal 0 0 1
    outer loop
      vertex 118.468 36.723 6.2
      vertex 119.541 38.4115 6.2
      vertex 119.105 38.6473 6.2
    endloop
  endfacet
  facet normal -0 0 1
    outer loop
      vertex 118.468 35.077 6.2
      vertex 120.267 34.0574 6.2
      vertex 118.785 35.4353 6.2
    endloop
  endfacet
  facet normal 0 0 1
    outer loop
      vertex 120.267 34.0574 6.2
      vertex 118.468 35.077 6.2
      vertex 119.932 33.6928 6.2
    endloop
  endfacet
  facet normal 0 0 1
    outer loop
      vertex 120.859 36.3938 6.2
      vertex 118.785 36.3647 6.2
      vertex 118.9 35.9 6.2
    endloop
  endfacet
  facet normal 0 0 1
    outer loop
      vertex 118.021 36.8927 6.2
      vertex 119.105 38.6473 6.2
      vertex 118.636 38.8082 6.2
    endloop
  endfacet
  facet normal 0 0 1
    outer loop
      vertex 120.267 37.7426 6.2
      vertex 118.468 36.723 6.2
      vertex 118.785 36.3647 6.2
    endloop
  endfacet
  facet normal 0 0 1
    outer loop
      vertex 118.021 36.8927 6.2
      vertex 118.636 38.8082 6.2
      vertex 118.148 38.8898 6.2
    endloop
  endfacet
  facet normal 0 0 1
    outer loop
      vertex 119.105 38.6473 6.2
      vertex 118.021 36.8927 6.2
      vertex 118.468 36.723 6.2
    endloop
  endfacet
  facet normal -0 0 1
    outer loop
      vertex 117.652 38.8898 6.2
      vertex 118.021 36.8927 6.2
      vertex 118.148 38.8898 6.2
    endloop
  endfacet
  facet normal 0 0 1
    outer loop
      vertex 117.652 38.8898 6.2
      vertex 117.545 36.835 6.2
      vertex 118.021 36.8927 6.2
    endloop
  endfacet
  facet normal -0 0 1
    outer loop
      vertex 117.164 38.8082 6.2
      vertex 117.545 36.835 6.2
      vertex 117.652 38.8898 6.2
    endloop
  endfacet
  facet normal -0 0 1
    outer loop
      vertex 116.695 38.6473 6.2
      vertex 117.545 36.835 6.2
      vertex 117.164 38.8082 6.2
    endloop
  endfacet
  facet normal -0 0 1
    outer loop
      vertex 116.259 38.4115 6.2
      vertex 117.545 36.835 6.2
      vertex 116.695 38.6473 6.2
    endloop
  endfacet
  facet normal -0 0 1
    outer loop
      vertex 115.868 38.1072 6.2
      vertex 117.151 36.5631 6.2
      vertex 116.259 38.4115 6.2
    endloop
  endfacet
  facet normal 0 0 1
    outer loop
      vertex 117.545 36.835 6.2
      vertex 116.259 38.4115 6.2
      vertex 117.151 36.5631 6.2
    endloop
  endfacet
  facet normal 0 0 1
    outer loop
      vertex 119.932 33.6928 6.2
      vertex 118.468 35.077 6.2
      vertex 119.541 33.3885 6.2
    endloop
  endfacet
  facet normal 0 0 1
    outer loop
      vertex 119.541 33.3885 6.2
      vertex 118.468 35.077 6.2
      vertex 119.105 33.1527 6.2
    endloop
  endfacet
  facet normal -0 0 1
    outer loop
      vertex 118.021 34.9073 6.2
      vertex 119.105 33.1527 6.2
      vertex 118.468 35.077 6.2
    endloop
  endfacet
  facet normal 0 0 1
    outer loop
      vertex 119.105 33.1527 6.2
      vertex 118.021 34.9073 6.2
      vertex 118.636 32.9918 6.2
    endloop
  endfacet
  facet normal 0 0 1
    outer loop
      vertex 118.636 32.9918 6.2
      vertex 118.021 34.9073 6.2
      vertex 118.148 32.9102 6.2
    endloop
  endfacet
  facet normal 0 0 1
    outer loop
      vertex 118.021 34.9073 6.2
      vertex 117.652 32.9102 6.2
      vertex 118.148 32.9102 6.2
    endloop
  endfacet
  facet normal 0 0 1
    outer loop
      vertex 117.545 34.965 6.2
      vertex 117.652 32.9102 6.2
      vertex 118.021 34.9073 6.2
    endloop
  endfacet
  facet normal 0 0 1
    outer loop
      vertex 117.545 34.965 6.2
      vertex 117.164 32.9918 6.2
      vertex 117.652 32.9102 6.2
    endloop
  endfacet
  facet normal 0 0 1
    outer loop
      vertex 116.259 33.3885 6.2
      vertex 117.545 34.965 6.2
      vertex 117.151 35.2369 6.2
    endloop
  endfacet
  facet normal 0 0 1
    outer loop
      vertex 115.262 34.4722 6.2
      vertex 117.151 35.2369 6.2
      vertex 116.929 35.6607 6.2
    endloop
  endfacet
  facet normal 0 0 1
    outer loop
      vertex 117.545 34.965 6.2
      vertex 116.695 33.1527 6.2
      vertex 117.164 32.9918 6.2
    endloop
  endfacet
  facet normal -0 0 1
    outer loop
      vertex 115.533 37.7426 6.2
      vertex 117.151 36.5631 6.2
      vertex 115.868 38.1072 6.2
    endloop
  endfacet
  facet normal -0 0 1
    outer loop
      vertex 115.262 37.3278 6.2
      vertex 117.151 36.5631 6.2
      vertex 115.533 37.7426 6.2
    endloop
  endfacet
  facet normal 0 0 1
    outer loop
      vertex 117.545 34.965 6.2
      vertex 116.259 33.3885 6.2
      vertex 116.695 33.1527 6.2
    endloop
  endfacet
  facet normal 0 0 1
    outer loop
      vertex 117.151 36.5631 6.2
      vertex 115.262 37.3278 6.2
      vertex 116.929 36.1393 6.2
    endloop
  endfacet
  facet normal 0 0 1
    outer loop
      vertex 117.151 35.2369 6.2
      vertex 115.868 33.6928 6.2
      vertex 116.259 33.3885 6.2
    endloop
  endfacet
  facet normal -0 0 1
    outer loop
      vertex 115.063 36.8741 6.2
      vertex 116.929 36.1393 6.2
      vertex 115.262 37.3278 6.2
    endloop
  endfacet
  facet normal 0 0 1
    outer loop
      vertex 117.151 35.2369 6.2
      vertex 115.533 34.0574 6.2
      vertex 115.868 33.6928 6.2
    endloop
  endfacet
  facet normal -0 0 1
    outer loop
      vertex 114.941 36.3938 6.2
      vertex 116.929 36.1393 6.2
      vertex 115.063 36.8741 6.2
    endloop
  endfacet
  facet normal 0 0 1
    outer loop
      vertex 117.151 35.2369 6.2
      vertex 115.262 34.4722 6.2
      vertex 115.533 34.0574 6.2
    endloop
  endfacet
  facet normal 0 0 1
    outer loop
      vertex 114.9 35.9 6.2
      vertex 116.929 36.1393 6.2
      vertex 114.941 36.3938 6.2
    endloop
  endfacet
  facet normal 0 0 1
    outer loop
      vertex 116.929 35.6607 6.2
      vertex 115.063 34.9259 6.2
      vertex 115.262 34.4722 6.2
    endloop
  endfacet
  facet normal 0 0 1
    outer loop
      vertex 116.929 36.1393 6.2
      vertex 114.9 35.9 6.2
      vertex 116.929 35.6607 6.2
    endloop
  endfacet
  facet normal 0 0 1
    outer loop
      vertex 116.929 35.6607 6.2
      vertex 114.941 35.4062 6.2
      vertex 115.063 34.9259 6.2
    endloop
  endfacet
  facet normal 0 0 1
    outer loop
      vertex 116.929 35.6607 6.2
      vertex 114.9 35.9 6.2
      vertex 114.941 35.4062 6.2
    endloop
  endfacet
  facet normal 0.614178 -0.789167 0
    outer loop
      vertex 119.541 33.3885 2.2
      vertex 119.932 33.6928 6.2
      vertex 119.541 33.3885 6.2
    endloop
  endfacet
  facet normal 0.614178 -0.789167 0
    outer loop
      vertex 119.932 33.6928 6.2
      vertex 119.541 33.3885 2.2
      vertex 119.932 33.6928 2.2
    endloop
  endfacet
  facet normal -0.324505 0.945884 0
    outer loop
      vertex 117.164 38.8082 2.2
      vertex 116.695 38.6473 6.2
      vertex 117.164 38.8082 6.2
    endloop
  endfacet
  facet normal -0.324505 0.945884 0
    outer loop
      vertex 116.695 38.6473 6.2
      vertex 117.164 38.8082 2.2
      vertex 116.695 38.6473 2.2
    endloop
  endfacet
  facet normal -0.614178 -0.789167 0
    outer loop
      vertex 115.868 33.6928 2.2
      vertex 116.259 33.3885 6.2
      vertex 115.868 33.6928 6.2
    endloop
  endfacet
  facet normal -0.614178 -0.789167 -0
    outer loop
      vertex 116.259 33.3885 6.2
      vertex 115.868 33.6928 2.2
      vertex 116.259 33.3885 2.2
    endloop
  endfacet
  facet normal -0.164923 -0.986306 0
    outer loop
      vertex 117.164 32.9918 2.2
      vertex 117.652 32.9102 6.2
      vertex 117.164 32.9918 6.2
    endloop
  endfacet
  facet normal -0.164923 -0.986306 -0
    outer loop
      vertex 117.652 32.9102 6.2
      vertex 117.164 32.9918 2.2
      vertex 117.652 32.9102 2.2
    endloop
  endfacet
  facet normal 0.567982 -0.823041 0
    outer loop
      vertex 117.151 36.5631 2.2
      vertex 117.545 36.835 6.2
      vertex 117.151 36.5631 6.2
    endloop
  endfacet
  facet normal 0.567982 -0.823041 0
    outer loop
      vertex 117.545 36.835 6.2
      vertex 117.151 36.5631 2.2
      vertex 117.545 36.835 2.2
    endloop
  endfacet
  facet normal -0.748953 -0.662623 0
    outer loop
      vertex 118.785 36.3647 2.2
      vertex 118.468 36.723 6.2
      vertex 118.468 36.723 2.2
    endloop
  endfacet
  facet normal -0.748953 -0.662623 0
    outer loop
      vertex 118.468 36.723 6.2
      vertex 118.785 36.3647 2.2
      vertex 118.785 36.3647 6.2
    endloop
  endfacet
  facet normal -0.970717 -0.240225 0
    outer loop
      vertex 118.9 35.9 2.2
      vertex 118.785 36.3647 6.2
      vertex 118.785 36.3647 2.2
    endloop
  endfacet
  facet normal -0.970717 -0.240225 0
    outer loop
      vertex 118.785 36.3647 6.2
      vertex 118.9 35.9 2.2
      vertex 118.9 35.9 6.2
    endloop
  endfacet
  facet normal 1 -0 0
    outer loop
      vertex 116.929 35.6607 6.2
      vertex 116.929 36.1393 2.2
      vertex 116.929 36.1393 6.2
    endloop
  endfacet
  facet normal 1 0 0
    outer loop
      vertex 116.929 36.1393 2.2
      vertex 116.929 35.6607 6.2
      vertex 116.929 35.6607 2.2
    endloop
  endfacet
  facet normal 0.885823 -0.464023 0
    outer loop
      vertex 116.929 36.1393 6.2
      vertex 117.151 36.5631 2.2
      vertex 117.151 36.5631 6.2
    endloop
  endfacet
  facet normal 0.885823 -0.464023 0
    outer loop
      vertex 117.151 36.5631 2.2
      vertex 116.929 36.1393 6.2
      vertex 116.929 36.1393 2.2
    endloop
  endfacet
  facet normal -0.970717 0.240225 0
    outer loop
      vertex 118.785 35.4353 2.2
      vertex 118.9 35.9 6.2
      vertex 118.9 35.9 2.2
    endloop
  endfacet
  facet normal -0.970717 0.240225 0
    outer loop
      vertex 118.9 35.9 6.2
      vertex 118.785 35.4353 2.2
      vertex 118.785 35.4353 6.2
    endloop
  endfacet
  facet normal 0.120338 0.992733 -0
    outer loop
      vertex 118.021 34.9073 2.2
      vertex 117.545 34.965 6.2
      vertex 118.021 34.9073 6.2
    endloop
  endfacet
  facet normal 0.120338 0.992733 0
    outer loop
      vertex 117.545 34.965 6.2
      vertex 118.021 34.9073 2.2
      vertex 117.545 34.965 2.2
    endloop
  endfacet
  facet normal -0.748953 0.662623 0
    outer loop
      vertex 118.468 35.077 2.2
      vertex 118.785 35.4353 6.2
      vertex 118.785 35.4353 2.2
    endloop
  endfacet
  facet normal -0.748953 0.662623 0
    outer loop
      vertex 118.785 35.4353 6.2
      vertex 118.468 35.077 2.2
      vertex 118.468 35.077 6.2
    endloop
  endfacet
  facet normal -0.354925 0.934895 0
    outer loop
      vertex 118.468 35.077 2.2
      vertex 118.021 34.9073 6.2
      vertex 118.468 35.077 6.2
    endloop
  endfacet
  facet normal -0.354925 0.934895 0
    outer loop
      vertex 118.021 34.9073 6.2
      vertex 118.468 35.077 2.2
      vertex 118.021 34.9073 2.2
    endloop
  endfacet
  facet normal 0.120338 -0.992733 0
    outer loop
      vertex 117.545 36.835 2.2
      vertex 118.021 36.8927 6.2
      vertex 117.545 36.835 6.2
    endloop
  endfacet
  facet normal 0.120338 -0.992733 0
    outer loop
      vertex 118.021 36.8927 6.2
      vertex 117.545 36.835 2.2
      vertex 118.021 36.8927 2.2
    endloop
  endfacet
  facet normal -0.354925 -0.934895 0
    outer loop
      vertex 118.021 36.8927 2.2
      vertex 118.468 36.723 6.2
      vertex 118.021 36.8927 6.2
    endloop
  endfacet
  facet normal -0.354925 -0.934895 -0
    outer loop
      vertex 118.468 36.723 6.2
      vertex 118.021 36.8927 2.2
      vertex 118.468 36.723 2.2
    endloop
  endfacet
  facet normal 0.567982 0.823041 -0
    outer loop
      vertex 117.545 34.965 2.2
      vertex 117.151 35.2369 6.2
      vertex 117.545 34.965 6.2
    endloop
  endfacet
  facet normal 0.567982 0.823041 0
    outer loop
      vertex 117.151 35.2369 6.2
      vertex 117.545 34.965 2.2
      vertex 117.151 35.2369 2.2
    endloop
  endfacet
  facet normal 0.885823 0.464023 0
    outer loop
      vertex 117.151 35.2369 6.2
      vertex 116.929 35.6607 2.2
      vertex 116.929 35.6607 6.2
    endloop
  endfacet
  facet normal 0.885823 0.464023 0
    outer loop
      vertex 116.929 35.6607 2.2
      vertex 117.151 35.2369 6.2
      vertex 117.151 35.2369 2.2
    endloop
  endfacet
endsolid OpenSCAD_Model
