solid OpenSCAD_Model
  facet normal 0.881919 0.4714 0
    outer loop
      vertex 15.8716 33.2481 6.5
      vertex 15.5944 33.7667 2.5
      vertex 15.5944 33.7667 6.5
    endloop
  endfacet
  facet normal 0.881919 0.4714 0
    outer loop
      vertex 15.5944 33.7667 2.5
      vertex 15.8716 33.2481 6.5
      vertex 15.8716 33.2481 2.5
    endloop
  endfacet
  facet normal -0.097938 0.995193 0
    outer loop
      vertex 13.1 35.1 2.5
      vertex 12.5147 35.0424 6.5
      vertex 13.1 35.1 6.5
    endloop
  endfacet
  facet normal -0.097938 0.995193 0
    outer loop
      vertex 12.5147 35.0424 6.5
      vertex 13.1 35.1 2.5
      vertex 12.5147 35.0424 2.5
    endloop
  endfacet
  facet normal -0.995193 -0.097938 0
    outer loop
      vertex 10.1576 31.5147 2.5
      vertex 10.1 32.1 6.5
      vertex 10.1 32.1 2.5
    endloop
  endfacet
  facet normal -0.995193 -0.097938 0
    outer loop
      vertex 10.1 32.1 6.5
      vertex 10.1576 31.5147 2.5
      vertex 10.1576 31.5147 6.5
    endloop
  endfacet
  facet normal 0.956904 0.290404 0
    outer loop
      vertex 16.0424 32.6853 6.5
      vertex 15.8716 33.2481 2.5
      vertex 15.8716 33.2481 6.5
    endloop
  endfacet
  facet normal 0.956904 0.290404 0
    outer loop
      vertex 15.8716 33.2481 2.5
      vertex 16.0424 32.6853 6.5
      vertex 16.0424 32.6853 2.5
    endloop
  endfacet
  facet normal 0.995193 -0.097938 0
    outer loop
      vertex 16.0424 31.5147 6.5
      vertex 16.1 32.1 2.5
      vertex 16.1 32.1 6.5
    endloop
  endfacet
  facet normal 0.995193 -0.097938 0
    outer loop
      vertex 16.1 32.1 2.5
      vertex 16.0424 31.5147 6.5
      vertex 16.0424 31.5147 2.5
    endloop
  endfacet
  facet normal 0.471329 0.881957 -0
    outer loop
      vertex 14.7667 34.5944 2.5
      vertex 14.248 34.8716 6.5
      vertex 14.7667 34.5944 6.5
    endloop
  endfacet
  facet normal 0.471329 0.881957 0
    outer loop
      vertex 14.248 34.8716 6.5
      vertex 14.7667 34.5944 2.5
      vertex 14.248 34.8716 2.5
    endloop
  endfacet
  facet normal 0.772994 0.634413 0
    outer loop
      vertex 15.5944 33.7667 6.5
      vertex 15.2213 34.2213 2.5
      vertex 15.2213 34.2213 6.5
    endloop
  endfacet
  facet normal 0.772994 0.634413 0
    outer loop
      vertex 15.2213 34.2213 2.5
      vertex 15.5944 33.7667 6.5
      vertex 15.5944 33.7667 2.5
    endloop
  endfacet
  facet normal -0.956904 0.290404 0
    outer loop
      vertex 10.1576 32.6853 2.5
      vertex 10.3284 33.2481 6.5
      vertex 10.3284 33.2481 2.5
    endloop
  endfacet
  facet normal -0.956904 0.290404 0
    outer loop
      vertex 10.3284 33.2481 6.5
      vertex 10.1576 32.6853 2.5
      vertex 10.1576 32.6853 6.5
    endloop
  endfacet
  facet normal -0.95689 -0.290451 0
    outer loop
      vertex 10.3284 30.952 2.5
      vertex 10.1576 31.5147 6.5
      vertex 10.1576 31.5147 2.5
    endloop
  endfacet
  facet normal -0.95689 -0.290451 0
    outer loop
      vertex 10.1576 31.5147 6.5
      vertex 10.3284 30.952 2.5
      vertex 10.3284 30.952 6.5
    endloop
  endfacet
  facet normal 0.995193 0.097938 0
    outer loop
      vertex 16.1 32.1 6.5
      vertex 16.0424 32.6853 2.5
      vertex 16.0424 32.6853 6.5
    endloop
  endfacet
  facet normal 0.995193 0.097938 0
    outer loop
      vertex 16.0424 32.6853 2.5
      vertex 16.1 32.1 6.5
      vertex 16.1 32.1 2.5
    endloop
  endfacet
  facet normal -0.471329 0.881957 0
    outer loop
      vertex 11.952 34.8716 2.5
      vertex 11.4333 34.5944 6.5
      vertex 11.952 34.8716 6.5
    endloop
  endfacet
  facet normal -0.471329 0.881957 0
    outer loop
      vertex 11.4333 34.5944 6.5
      vertex 11.952 34.8716 2.5
      vertex 11.4333 34.5944 2.5
    endloop
  endfacet
  facet normal -0.290451 -0.95689 0
    outer loop
      vertex 11.952 29.3284 2.5
      vertex 12.5147 29.1576 6.5
      vertex 11.952 29.3284 6.5
    endloop
  endfacet
  facet normal -0.290451 -0.95689 -0
    outer loop
      vertex 12.5147 29.1576 6.5
      vertex 11.952 29.3284 2.5
      vertex 12.5147 29.1576 2.5
    endloop
  endfacet
  facet normal 0.097938 0.995193 -0
    outer loop
      vertex 13.6853 35.0424 2.5
      vertex 13.1 35.1 6.5
      vertex 13.6853 35.0424 6.5
    endloop
  endfacet
  facet normal 0.097938 0.995193 0
    outer loop
      vertex 13.1 35.1 6.5
      vertex 13.6853 35.0424 2.5
      vertex 13.1 35.1 2.5
    endloop
  endfacet
  facet normal 0.634413 -0.772994 0
    outer loop
      vertex 14.7667 29.6056 2.5
      vertex 15.2213 29.9787 6.5
      vertex 14.7667 29.6056 6.5
    endloop
  endfacet
  facet normal 0.634413 -0.772994 0
    outer loop
      vertex 15.2213 29.9787 6.5
      vertex 14.7667 29.6056 2.5
      vertex 15.2213 29.9787 2.5
    endloop
  endfacet
  facet normal 0.097938 -0.995193 0
    outer loop
      vertex 13.1 29.1 2.5
      vertex 13.6853 29.1576 6.5
      vertex 13.1 29.1 6.5
    endloop
  endfacet
  facet normal 0.097938 -0.995193 0
    outer loop
      vertex 13.6853 29.1576 6.5
      vertex 13.1 29.1 2.5
      vertex 13.6853 29.1576 2.5
    endloop
  endfacet
  facet normal -0.995193 0.097938 0
    outer loop
      vertex 10.1 32.1 2.5
      vertex 10.1576 32.6853 6.5
      vertex 10.1576 32.6853 2.5
    endloop
  endfacet
  facet normal -0.995193 0.097938 0
    outer loop
      vertex 10.1576 32.6853 6.5
      vertex 10.1 32.1 2.5
      vertex 10.1 32.1 6.5
    endloop
  endfacet
  facet normal -0.634413 -0.772994 0
    outer loop
      vertex 10.9787 29.9787 2.5
      vertex 11.4333 29.6056 6.5
      vertex 10.9787 29.9787 6.5
    endloop
  endfacet
  facet normal -0.634413 -0.772994 -0
    outer loop
      vertex 11.4333 29.6056 6.5
      vertex 10.9787 29.9787 2.5
      vertex 11.4333 29.6056 2.5
    endloop
  endfacet
  facet normal -0.290451 0.95689 0
    outer loop
      vertex 12.5147 35.0424 2.5
      vertex 11.952 34.8716 6.5
      vertex 12.5147 35.0424 6.5
    endloop
  endfacet
  facet normal -0.290451 0.95689 0
    outer loop
      vertex 11.952 34.8716 6.5
      vertex 12.5147 35.0424 2.5
      vertex 11.952 34.8716 2.5
    endloop
  endfacet
  facet normal 0.471329 -0.881957 0
    outer loop
      vertex 14.248 29.3284 2.5
      vertex 14.7667 29.6056 6.5
      vertex 14.248 29.3284 6.5
    endloop
  endfacet
  facet normal 0.471329 -0.881957 0
    outer loop
      vertex 14.7667 29.6056 6.5
      vertex 14.248 29.3284 2.5
      vertex 14.7667 29.6056 2.5
    endloop
  endfacet
  facet normal 0.290451 0.95689 -0
    outer loop
      vertex 14.248 34.8716 2.5
      vertex 13.6853 35.0424 6.5
      vertex 14.248 34.8716 6.5
    endloop
  endfacet
  facet normal 0.290451 0.95689 0
    outer loop
      vertex 13.6853 35.0424 6.5
      vertex 14.248 34.8716 2.5
      vertex 13.6853 35.0424 2.5
    endloop
  endfacet
  facet normal 0.634413 0.772994 -0
    outer loop
      vertex 15.2213 34.2213 2.5
      vertex 14.7667 34.5944 6.5
      vertex 15.2213 34.2213 6.5
    endloop
  endfacet
  facet normal 0.634413 0.772994 0
    outer loop
      vertex 14.7667 34.5944 6.5
      vertex 15.2213 34.2213 2.5
      vertex 14.7667 34.5944 2.5
    endloop
  endfacet
  facet normal -0.772994 0.634413 0
    outer loop
      vertex 10.6056 33.7667 2.5
      vertex 10.9787 34.2213 6.5
      vertex 10.9787 34.2213 2.5
    endloop
  endfacet
  facet normal -0.772994 0.634413 0
    outer loop
      vertex 10.9787 34.2213 6.5
      vertex 10.6056 33.7667 2.5
      vertex 10.6056 33.7667 6.5
    endloop
  endfacet
  facet normal -0.634413 0.772994 0
    outer loop
      vertex 11.4333 34.5944 2.5
      vertex 10.9787 34.2213 6.5
      vertex 11.4333 34.5944 6.5
    endloop
  endfacet
  facet normal -0.634413 0.772994 0
    outer loop
      vertex 10.9787 34.2213 6.5
      vertex 11.4333 34.5944 2.5
      vertex 10.9787 34.2213 2.5
    endloop
  endfacet
  facet normal 0 0 1
    outer loop
      vertex 14.1 32.1 6.5
      vertex 16.1 32.1 6.5
      vertex 16.0424 32.6853 6.5
    endloop
  endfacet
  facet normal 0 0 1
    outer loop
      vertex 13.9413 32.6406 6.5
      vertex 16.0424 32.6853 6.5
      vertex 15.8716 33.2481 6.5
    endloop
  endfacet
  facet normal 0 0 1
    outer loop
      vertex 16.1 32.1 6.5
      vertex 14.1 32.1 6.5
      vertex 16.0424 31.5147 6.5
    endloop
  endfacet
  facet normal 0 0 1
    outer loop
      vertex 13.9413 32.6406 6.5
      vertex 15.8716 33.2481 6.5
      vertex 15.5944 33.7667 6.5
    endloop
  endfacet
  facet normal -0 0 1
    outer loop
      vertex 13.9413 31.5594 6.5
      vertex 16.0424 31.5147 6.5
      vertex 14.1 32.1 6.5
    endloop
  endfacet
  facet normal 0 0 1
    outer loop
      vertex 13.9413 32.6406 6.5
      vertex 15.5944 33.7667 6.5
      vertex 15.2213 34.2213 6.5
    endloop
  endfacet
  facet normal 0 0 1
    outer loop
      vertex 16.0424 31.5147 6.5
      vertex 13.9413 31.5594 6.5
      vertex 15.8716 30.952 6.5
    endloop
  endfacet
  facet normal 0 0 1
    outer loop
      vertex 13.5154 33.0096 6.5
      vertex 15.2213 34.2213 6.5
      vertex 14.7667 34.5944 6.5
    endloop
  endfacet
  facet normal 0 0 1
    outer loop
      vertex 15.8716 30.952 6.5
      vertex 13.9413 31.5594 6.5
      vertex 15.5944 30.4333 6.5
    endloop
  endfacet
  facet normal 0 0 1
    outer loop
      vertex 13.5154 33.0096 6.5
      vertex 14.7667 34.5944 6.5
      vertex 14.248 34.8716 6.5
    endloop
  endfacet
  facet normal 0 0 1
    outer loop
      vertex 15.5944 30.4333 6.5
      vertex 13.9413 31.5594 6.5
      vertex 15.2213 29.9787 6.5
    endloop
  endfacet
  facet normal -0 0 1
    outer loop
      vertex 13.5154 31.1904 6.5
      vertex 15.2213 29.9787 6.5
      vertex 13.9413 31.5594 6.5
    endloop
  endfacet
  facet normal 0 0 1
    outer loop
      vertex 16.0424 32.6853 6.5
      vertex 13.9413 32.6406 6.5
      vertex 14.1 32.1 6.5
    endloop
  endfacet
  facet normal 0 0 1
    outer loop
      vertex 13.5154 33.0096 6.5
      vertex 14.248 34.8716 6.5
      vertex 13.6853 35.0424 6.5
    endloop
  endfacet
  facet normal 0 0 1
    outer loop
      vertex 15.2213 34.2213 6.5
      vertex 13.5154 33.0096 6.5
      vertex 13.9413 32.6406 6.5
    endloop
  endfacet
  facet normal 0 0 1
    outer loop
      vertex 12.9577 33.0898 6.5
      vertex 13.6853 35.0424 6.5
      vertex 13.1 35.1 6.5
    endloop
  endfacet
  facet normal 0 0 1
    outer loop
      vertex 13.6853 35.0424 6.5
      vertex 12.9577 33.0898 6.5
      vertex 13.5154 33.0096 6.5
    endloop
  endfacet
  facet normal -0 0 1
    outer loop
      vertex 12.5147 35.0424 6.5
      vertex 12.9577 33.0898 6.5
      vertex 13.1 35.1 6.5
    endloop
  endfacet
  facet normal -0 0 1
    outer loop
      vertex 11.952 34.8716 6.5
      vertex 12.9577 33.0898 6.5
      vertex 12.5147 35.0424 6.5
    endloop
  endfacet
  facet normal 0 0 1
    outer loop
      vertex 12.9577 33.0898 6.5
      vertex 11.952 34.8716 6.5
      vertex 12.4451 32.8557 6.5
    endloop
  endfacet
  facet normal -0 0 1
    outer loop
      vertex 10.9787 34.2213 6.5
      vertex 12.4451 32.8557 6.5
      vertex 11.4333 34.5944 6.5
    endloop
  endfacet
  facet normal -0 0 1
    outer loop
      vertex 11.4333 34.5944 6.5
      vertex 12.4451 32.8557 6.5
      vertex 11.952 34.8716 6.5
    endloop
  endfacet
  facet normal 0 0 1
    outer loop
      vertex 15.2213 29.9787 6.5
      vertex 13.5154 31.1904 6.5
      vertex 14.7667 29.6056 6.5
    endloop
  endfacet
  facet normal 0 0 1
    outer loop
      vertex 14.7667 29.6056 6.5
      vertex 13.5154 31.1904 6.5
      vertex 14.248 29.3284 6.5
    endloop
  endfacet
  facet normal 0 0 1
    outer loop
      vertex 14.248 29.3284 6.5
      vertex 13.5154 31.1904 6.5
      vertex 13.6853 29.1576 6.5
    endloop
  endfacet
  facet normal -0 0 1
    outer loop
      vertex 12.9577 31.1102 6.5
      vertex 13.6853 29.1576 6.5
      vertex 13.5154 31.1904 6.5
    endloop
  endfacet
  facet normal 0 0 1
    outer loop
      vertex 13.6853 29.1576 6.5
      vertex 12.9577 31.1102 6.5
      vertex 13.1 29.1 6.5
    endloop
  endfacet
  facet normal 0 0 1
    outer loop
      vertex 12.9577 31.1102 6.5
      vertex 12.5147 29.1576 6.5
      vertex 13.1 29.1 6.5
    endloop
  endfacet
  facet normal 0 0 1
    outer loop
      vertex 11.952 29.3284 6.5
      vertex 12.9577 31.1102 6.5
      vertex 12.4451 31.3443 6.5
    endloop
  endfacet
  facet normal 0 0 1
    outer loop
      vertex 10.6056 30.4333 6.5
      vertex 12.4451 31.3443 6.5
      vertex 12.1405 31.8183 6.5
    endloop
  endfacet
  facet normal 0 0 1
    outer loop
      vertex 12.9577 31.1102 6.5
      vertex 11.952 29.3284 6.5
      vertex 12.5147 29.1576 6.5
    endloop
  endfacet
  facet normal -0 0 1
    outer loop
      vertex 10.6056 33.7667 6.5
      vertex 12.4451 32.8557 6.5
      vertex 10.9787 34.2213 6.5
    endloop
  endfacet
  facet normal 0 0 1
    outer loop
      vertex 12.4451 32.8557 6.5
      vertex 10.6056 33.7667 6.5
      vertex 12.1405 32.3817 6.5
    endloop
  endfacet
  facet normal 0 0 1
    outer loop
      vertex 12.4451 31.3443 6.5
      vertex 11.4333 29.6056 6.5
      vertex 11.952 29.3284 6.5
    endloop
  endfacet
  facet normal -0 0 1
    outer loop
      vertex 10.3284 33.2481 6.5
      vertex 12.1405 32.3817 6.5
      vertex 10.6056 33.7667 6.5
    endloop
  endfacet
  facet normal 0 0 1
    outer loop
      vertex 12.4451 31.3443 6.5
      vertex 10.9787 29.9787 6.5
      vertex 11.4333 29.6056 6.5
    endloop
  endfacet
  facet normal -0 0 1
    outer loop
      vertex 10.1576 32.6853 6.5
      vertex 12.1405 32.3817 6.5
      vertex 10.3284 33.2481 6.5
    endloop
  endfacet
  facet normal 0 0 1
    outer loop
      vertex 12.4451 31.3443 6.5
      vertex 10.6056 30.4333 6.5
      vertex 10.9787 29.9787 6.5
    endloop
  endfacet
  facet normal 0 0 1
    outer loop
      vertex 10.1 32.1 6.5
      vertex 12.1405 32.3817 6.5
      vertex 10.1576 32.6853 6.5
    endloop
  endfacet
  facet normal 0 0 1
    outer loop
      vertex 12.1405 31.8183 6.5
      vertex 10.3284 30.952 6.5
      vertex 10.6056 30.4333 6.5
    endloop
  endfacet
  facet normal 0 0 1
    outer loop
      vertex 12.1405 32.3817 6.5
      vertex 10.1 32.1 6.5
      vertex 12.1405 31.8183 6.5
    endloop
  endfacet
  facet normal 0 0 1
    outer loop
      vertex 12.1405 31.8183 6.5
      vertex 10.1576 31.5147 6.5
      vertex 10.3284 30.952 6.5
    endloop
  endfacet
  facet normal 0 0 1
    outer loop
      vertex 12.1405 31.8183 6.5
      vertex 10.1 32.1 6.5
      vertex 10.1576 31.5147 6.5
    endloop
  endfacet
  facet normal -0.772994 -0.634413 0
    outer loop
      vertex 10.9787 29.9787 2.5
      vertex 10.6056 30.4333 6.5
      vertex 10.6056 30.4333 2.5
    endloop
  endfacet
  facet normal -0.772994 -0.634413 0
    outer loop
      vertex 10.6056 30.4333 6.5
      vertex 10.9787 29.9787 2.5
      vertex 10.9787 29.9787 6.5
    endloop
  endfacet
  facet normal -0.881957 -0.471329 0
    outer loop
      vertex 10.6056 30.4333 2.5
      vertex 10.3284 30.952 6.5
      vertex 10.3284 30.952 2.5
    endloop
  endfacet
  facet normal -0.881957 -0.471329 0
    outer loop
      vertex 10.3284 30.952 6.5
      vertex 10.6056 30.4333 2.5
      vertex 10.6056 30.4333 6.5
    endloop
  endfacet
  facet normal 0.290451 -0.95689 0
    outer loop
      vertex 13.6853 29.1576 2.5
      vertex 14.248 29.3284 6.5
      vertex 13.6853 29.1576 6.5
    endloop
  endfacet
  facet normal 0.290451 -0.95689 0
    outer loop
      vertex 14.248 29.3284 6.5
      vertex 13.6853 29.1576 2.5
      vertex 14.248 29.3284 2.5
    endloop
  endfacet
  facet normal -0.881919 0.4714 0
    outer loop
      vertex 10.3284 33.2481 2.5
      vertex 10.6056 33.7667 6.5
      vertex 10.6056 33.7667 2.5
    endloop
  endfacet
  facet normal -0.881919 0.4714 0
    outer loop
      vertex 10.6056 33.7667 6.5
      vertex 10.3284 33.2481 2.5
      vertex 10.3284 33.2481 6.5
    endloop
  endfacet
  facet normal 0.881957 -0.471329 0
    outer loop
      vertex 15.5944 30.4333 6.5
      vertex 15.8716 30.952 2.5
      vertex 15.8716 30.952 6.5
    endloop
  endfacet
  facet normal 0.881957 -0.471329 0
    outer loop
      vertex 15.8716 30.952 2.5
      vertex 15.5944 30.4333 6.5
      vertex 15.5944 30.4333 2.5
    endloop
  endfacet
  facet normal 0.772994 -0.634413 0
    outer loop
      vertex 15.2213 29.9787 6.5
      vertex 15.5944 30.4333 2.5
      vertex 15.5944 30.4333 6.5
    endloop
  endfacet
  facet normal 0.772994 -0.634413 0
    outer loop
      vertex 15.5944 30.4333 2.5
      vertex 15.2213 29.9787 6.5
      vertex 15.2213 29.9787 2.5
    endloop
  endfacet
  facet normal -0.097938 -0.995193 0
    outer loop
      vertex 12.5147 29.1576 2.5
      vertex 13.1 29.1 6.5
      vertex 12.5147 29.1576 6.5
    endloop
  endfacet
  facet normal -0.097938 -0.995193 -0
    outer loop
      vertex 13.1 29.1 6.5
      vertex 12.5147 29.1576 2.5
      vertex 13.1 29.1 2.5
    endloop
  endfacet
  facet normal -0.471329 -0.881957 0
    outer loop
      vertex 11.4333 29.6056 2.5
      vertex 11.952 29.3284 6.5
      vertex 11.4333 29.6056 6.5
    endloop
  endfacet
  facet normal -0.471329 -0.881957 -0
    outer loop
      vertex 11.952 29.3284 6.5
      vertex 11.4333 29.6056 2.5
      vertex 11.952 29.3284 2.5
    endloop
  endfacet
  facet normal 0.95689 -0.290451 0
    outer loop
      vertex 15.8716 30.952 6.5
      vertex 16.0424 31.5147 2.5
      vertex 16.0424 31.5147 6.5
    endloop
  endfacet
  facet normal 0.95689 -0.290451 0
    outer loop
      vertex 16.0424 31.5147 2.5
      vertex 15.8716 30.952 6.5
      vertex 15.8716 30.952 2.5
    endloop
  endfacet
  facet normal 0.841271 0.540614 0
    outer loop
      vertex 12.4451 31.3443 6.5
      vertex 12.1405 31.8183 2.5
      vertex 12.1405 31.8183 6.5
    endloop
  endfacet
  facet normal 0.841271 0.540614 0
    outer loop
      vertex 12.1405 31.8183 2.5
      vertex 12.4451 31.3443 6.5
      vertex 12.4451 31.3443 2.5
    endloop
  endfacet
  facet normal -0.654816 -0.755789 0
    outer loop
      vertex 13.5154 33.0096 2.5
      vertex 13.9413 32.6406 6.5
      vertex 13.5154 33.0096 6.5
    endloop
  endfacet
  facet normal -0.654816 -0.755789 -0
    outer loop
      vertex 13.9413 32.6406 6.5
      vertex 13.5154 33.0096 2.5
      vertex 13.9413 32.6406 2.5
    endloop
  endfacet
  facet normal -0.95951 -0.281676 0
    outer loop
      vertex 14.1 32.1 2.5
      vertex 13.9413 32.6406 6.5
      vertex 13.9413 32.6406 2.5
    endloop
  endfacet
  facet normal -0.95951 -0.281676 0
    outer loop
      vertex 13.9413 32.6406 6.5
      vertex 14.1 32.1 2.5
      vertex 14.1 32.1 6.5
    endloop
  endfacet
  facet normal -0.142341 -0.989818 0
    outer loop
      vertex 12.9577 33.0898 2.5
      vertex 13.5154 33.0096 6.5
      vertex 12.9577 33.0898 6.5
    endloop
  endfacet
  facet normal -0.142341 -0.989818 -0
    outer loop
      vertex 13.5154 33.0096 6.5
      vertex 12.9577 33.0898 2.5
      vertex 13.5154 33.0096 2.5
    endloop
  endfacet
  facet normal -0.654816 0.755789 0
    outer loop
      vertex 13.9413 31.5594 2.5
      vertex 13.5154 31.1904 6.5
      vertex 13.9413 31.5594 6.5
    endloop
  endfacet
  facet normal -0.654816 0.755789 0
    outer loop
      vertex 13.5154 31.1904 6.5
      vertex 13.9413 31.5594 2.5
      vertex 13.5154 31.1904 2.5
    endloop
  endfacet
  facet normal 0.41542 -0.90963 0
    outer loop
      vertex 12.4451 32.8557 2.5
      vertex 12.9577 33.0898 6.5
      vertex 12.4451 32.8557 6.5
    endloop
  endfacet
  facet normal 0.41542 -0.90963 0
    outer loop
      vertex 12.9577 33.0898 6.5
      vertex 12.4451 32.8557 2.5
      vertex 12.9577 33.0898 2.5
    endloop
  endfacet
  facet normal -0.95951 0.281676 0
    outer loop
      vertex 13.9413 31.5594 2.5
      vertex 14.1 32.1 6.5
      vertex 14.1 32.1 2.5
    endloop
  endfacet
  facet normal -0.95951 0.281676 0
    outer loop
      vertex 14.1 32.1 6.5
      vertex 13.9413 31.5594 2.5
      vertex 13.9413 31.5594 6.5
    endloop
  endfacet
  facet normal 1 -0 0
    outer loop
      vertex 12.1405 31.8183 6.5
      vertex 12.1405 32.3817 2.5
      vertex 12.1405 32.3817 6.5
    endloop
  endfacet
  facet normal 1 0 0
    outer loop
      vertex 12.1405 32.3817 2.5
      vertex 12.1405 31.8183 6.5
      vertex 12.1405 31.8183 2.5
    endloop
  endfacet
  facet normal -0.142341 0.989818 0
    outer loop
      vertex 13.5154 31.1904 2.5
      vertex 12.9577 31.1102 6.5
      vertex 13.5154 31.1904 6.5
    endloop
  endfacet
  facet normal -0.142341 0.989818 0
    outer loop
      vertex 12.9577 31.1102 6.5
      vertex 13.5154 31.1904 2.5
      vertex 12.9577 31.1102 2.5
    endloop
  endfacet
  facet normal 0.841271 -0.540614 0
    outer loop
      vertex 12.1405 32.3817 6.5
      vertex 12.4451 32.8557 2.5
      vertex 12.4451 32.8557 6.5
    endloop
  endfacet
  facet normal 0.841271 -0.540614 0
    outer loop
      vertex 12.4451 32.8557 2.5
      vertex 12.1405 32.3817 6.5
      vertex 12.1405 32.3817 2.5
    endloop
  endfacet
  facet normal 0.41542 0.90963 -0
    outer loop
      vertex 12.9577 31.1102 2.5
      vertex 12.4451 31.3443 6.5
      vertex 12.9577 31.1102 6.5
    endloop
  endfacet
  facet normal 0.41542 0.90963 0
    outer loop
      vertex 12.4451 31.3443 6.5
      vertex 12.9577 31.1102 2.5
      vertex 12.4451 31.3443 2.5
    endloop
  endfacet
  facet normal 0.881919 0.4714 0
    outer loop
      vertex 15.8716 54.7481 6.5
      vertex 15.5944 55.2667 2.5
      vertex 15.5944 55.2667 6.5
    endloop
  endfacet
  facet normal 0.881919 0.4714 0
    outer loop
      vertex 15.5944 55.2667 2.5
      vertex 15.8716 54.7481 6.5
      vertex 15.8716 54.7481 2.5
    endloop
  endfacet
  facet normal -0.097938 0.995193 0
    outer loop
      vertex 13.1 56.6 2.5
      vertex 12.5147 56.5424 6.5
      vertex 13.1 56.6 6.5
    endloop
  endfacet
  facet normal -0.097938 0.995193 0
    outer loop
      vertex 12.5147 56.5424 6.5
      vertex 13.1 56.6 2.5
      vertex 12.5147 56.5424 2.5
    endloop
  endfacet
  facet normal -0.995193 -0.097938 0
    outer loop
      vertex 10.1576 53.0147 2.5
      vertex 10.1 53.6 6.5
      vertex 10.1 53.6 2.5
    endloop
  endfacet
  facet normal -0.995193 -0.097938 0
    outer loop
      vertex 10.1 53.6 6.5
      vertex 10.1576 53.0147 2.5
      vertex 10.1576 53.0147 6.5
    endloop
  endfacet
  facet normal 0.956904 0.290404 0
    outer loop
      vertex 16.0424 54.1853 6.5
      vertex 15.8716 54.7481 2.5
      vertex 15.8716 54.7481 6.5
    endloop
  endfacet
  facet normal 0.956904 0.290404 0
    outer loop
      vertex 15.8716 54.7481 2.5
      vertex 16.0424 54.1853 6.5
      vertex 16.0424 54.1853 2.5
    endloop
  endfacet
  facet normal 0.995193 -0.097938 0
    outer loop
      vertex 16.0424 53.0147 6.5
      vertex 16.1 53.6 2.5
      vertex 16.1 53.6 6.5
    endloop
  endfacet
  facet normal 0.995193 -0.097938 0
    outer loop
      vertex 16.1 53.6 2.5
      vertex 16.0424 53.0147 6.5
      vertex 16.0424 53.0147 2.5
    endloop
  endfacet
  facet normal 0.471329 0.881957 -0
    outer loop
      vertex 14.7667 56.0944 2.5
      vertex 14.248 56.3716 6.5
      vertex 14.7667 56.0944 6.5
    endloop
  endfacet
  facet normal 0.471329 0.881957 0
    outer loop
      vertex 14.248 56.3716 6.5
      vertex 14.7667 56.0944 2.5
      vertex 14.248 56.3716 2.5
    endloop
  endfacet
  facet normal 0.772994 0.634413 0
    outer loop
      vertex 15.5944 55.2667 6.5
      vertex 15.2213 55.7213 2.5
      vertex 15.2213 55.7213 6.5
    endloop
  endfacet
  facet normal 0.772994 0.634413 0
    outer loop
      vertex 15.2213 55.7213 2.5
      vertex 15.5944 55.2667 6.5
      vertex 15.5944 55.2667 2.5
    endloop
  endfacet
  facet normal -0.956904 0.290404 0
    outer loop
      vertex 10.1576 54.1853 2.5
      vertex 10.3284 54.7481 6.5
      vertex 10.3284 54.7481 2.5
    endloop
  endfacet
  facet normal -0.956904 0.290404 0
    outer loop
      vertex 10.3284 54.7481 6.5
      vertex 10.1576 54.1853 2.5
      vertex 10.1576 54.1853 6.5
    endloop
  endfacet
  facet normal -0.95689 -0.290451 0
    outer loop
      vertex 10.3284 52.452 2.5
      vertex 10.1576 53.0147 6.5
      vertex 10.1576 53.0147 2.5
    endloop
  endfacet
  facet normal -0.95689 -0.290451 0
    outer loop
      vertex 10.1576 53.0147 6.5
      vertex 10.3284 52.452 2.5
      vertex 10.3284 52.452 6.5
    endloop
  endfacet
  facet normal 0.995193 0.097938 0
    outer loop
      vertex 16.1 53.6 6.5
      vertex 16.0424 54.1853 2.5
      vertex 16.0424 54.1853 6.5
    endloop
  endfacet
  facet normal 0.995193 0.097938 0
    outer loop
      vertex 16.0424 54.1853 2.5
      vertex 16.1 53.6 6.5
      vertex 16.1 53.6 2.5
    endloop
  endfacet
  facet normal -0.471329 0.881957 0
    outer loop
      vertex 11.952 56.3716 2.5
      vertex 11.4333 56.0944 6.5
      vertex 11.952 56.3716 6.5
    endloop
  endfacet
  facet normal -0.471329 0.881957 0
    outer loop
      vertex 11.4333 56.0944 6.5
      vertex 11.952 56.3716 2.5
      vertex 11.4333 56.0944 2.5
    endloop
  endfacet
  facet normal -0.290451 -0.95689 0
    outer loop
      vertex 11.952 50.8284 2.5
      vertex 12.5147 50.6576 6.5
      vertex 11.952 50.8284 6.5
    endloop
  endfacet
  facet normal -0.290451 -0.95689 -0
    outer loop
      vertex 12.5147 50.6576 6.5
      vertex 11.952 50.8284 2.5
      vertex 12.5147 50.6576 2.5
    endloop
  endfacet
  facet normal 0.097938 0.995193 -0
    outer loop
      vertex 13.6853 56.5424 2.5
      vertex 13.1 56.6 6.5
      vertex 13.6853 56.5424 6.5
    endloop
  endfacet
  facet normal 0.097938 0.995193 0
    outer loop
      vertex 13.1 56.6 6.5
      vertex 13.6853 56.5424 2.5
      vertex 13.1 56.6 2.5
    endloop
  endfacet
  facet normal 0.634413 -0.772994 0
    outer loop
      vertex 14.7667 51.1056 2.5
      vertex 15.2213 51.4787 6.5
      vertex 14.7667 51.1056 6.5
    endloop
  endfacet
  facet normal 0.634413 -0.772994 0
    outer loop
      vertex 15.2213 51.4787 6.5
      vertex 14.7667 51.1056 2.5
      vertex 15.2213 51.4787 2.5
    endloop
  endfacet
  facet normal 0.097938 -0.995193 0
    outer loop
      vertex 13.1 50.6 2.5
      vertex 13.6853 50.6576 6.5
      vertex 13.1 50.6 6.5
    endloop
  endfacet
  facet normal 0.097938 -0.995193 0
    outer loop
      vertex 13.6853 50.6576 6.5
      vertex 13.1 50.6 2.5
      vertex 13.6853 50.6576 2.5
    endloop
  endfacet
  facet normal -0.995193 0.097938 0
    outer loop
      vertex 10.1 53.6 2.5
      vertex 10.1576 54.1853 6.5
      vertex 10.1576 54.1853 2.5
    endloop
  endfacet
  facet normal -0.995193 0.097938 0
    outer loop
      vertex 10.1576 54.1853 6.5
      vertex 10.1 53.6 2.5
      vertex 10.1 53.6 6.5
    endloop
  endfacet
  facet normal -0.634413 -0.772994 0
    outer loop
      vertex 10.9787 51.4787 2.5
      vertex 11.4333 51.1056 6.5
      vertex 10.9787 51.4787 6.5
    endloop
  endfacet
  facet normal -0.634413 -0.772994 -0
    outer loop
      vertex 11.4333 51.1056 6.5
      vertex 10.9787 51.4787 2.5
      vertex 11.4333 51.1056 2.5
    endloop
  endfacet
  facet normal -0.290451 0.95689 0
    outer loop
      vertex 12.5147 56.5424 2.5
      vertex 11.952 56.3716 6.5
      vertex 12.5147 56.5424 6.5
    endloop
  endfacet
  facet normal -0.290451 0.95689 0
    outer loop
      vertex 11.952 56.3716 6.5
      vertex 12.5147 56.5424 2.5
      vertex 11.952 56.3716 2.5
    endloop
  endfacet
  facet normal 0.471329 -0.881957 0
    outer loop
      vertex 14.248 50.8284 2.5
      vertex 14.7667 51.1056 6.5
      vertex 14.248 50.8284 6.5
    endloop
  endfacet
  facet normal 0.471329 -0.881957 0
    outer loop
      vertex 14.7667 51.1056 6.5
      vertex 14.248 50.8284 2.5
      vertex 14.7667 51.1056 2.5
    endloop
  endfacet
  facet normal 0.290451 0.95689 -0
    outer loop
      vertex 14.248 56.3716 2.5
      vertex 13.6853 56.5424 6.5
      vertex 14.248 56.3716 6.5
    endloop
  endfacet
  facet normal 0.290451 0.95689 0
    outer loop
      vertex 13.6853 56.5424 6.5
      vertex 14.248 56.3716 2.5
      vertex 13.6853 56.5424 2.5
    endloop
  endfacet
  facet normal 0.634413 0.772994 -0
    outer loop
      vertex 15.2213 55.7213 2.5
      vertex 14.7667 56.0944 6.5
      vertex 15.2213 55.7213 6.5
    endloop
  endfacet
  facet normal 0.634413 0.772994 0
    outer loop
      vertex 14.7667 56.0944 6.5
      vertex 15.2213 55.7213 2.5
      vertex 14.7667 56.0944 2.5
    endloop
  endfacet
  facet normal -0.772994 0.634413 0
    outer loop
      vertex 10.6056 55.2667 2.5
      vertex 10.9787 55.7213 6.5
      vertex 10.9787 55.7213 2.5
    endloop
  endfacet
  facet normal -0.772994 0.634413 0
    outer loop
      vertex 10.9787 55.7213 6.5
      vertex 10.6056 55.2667 2.5
      vertex 10.6056 55.2667 6.5
    endloop
  endfacet
  facet normal -0.634413 0.772994 0
    outer loop
      vertex 11.4333 56.0944 2.5
      vertex 10.9787 55.7213 6.5
      vertex 11.4333 56.0944 6.5
    endloop
  endfacet
  facet normal -0.634413 0.772994 0
    outer loop
      vertex 10.9787 55.7213 6.5
      vertex 11.4333 56.0944 2.5
      vertex 10.9787 55.7213 2.5
    endloop
  endfacet
  facet normal 0 0 1
    outer loop
      vertex 14.1 53.6 6.5
      vertex 16.1 53.6 6.5
      vertex 16.0424 54.1853 6.5
    endloop
  endfacet
  facet normal 0 0 1
    outer loop
      vertex 13.9413 54.1406 6.5
      vertex 16.0424 54.1853 6.5
      vertex 15.8716 54.7481 6.5
    endloop
  endfacet
  facet normal 0 0 1
    outer loop
      vertex 16.1 53.6 6.5
      vertex 14.1 53.6 6.5
      vertex 16.0424 53.0147 6.5
    endloop
  endfacet
  facet normal 0 0 1
    outer loop
      vertex 13.9413 54.1406 6.5
      vertex 15.8716 54.7481 6.5
      vertex 15.5944 55.2667 6.5
    endloop
  endfacet
  facet normal -0 0 1
    outer loop
      vertex 13.9413 53.0594 6.5
      vertex 16.0424 53.0147 6.5
      vertex 14.1 53.6 6.5
    endloop
  endfacet
  facet normal 0 0 1
    outer loop
      vertex 13.9413 54.1406 6.5
      vertex 15.5944 55.2667 6.5
      vertex 15.2213 55.7213 6.5
    endloop
  endfacet
  facet normal 0 0 1
    outer loop
      vertex 16.0424 53.0147 6.5
      vertex 13.9413 53.0594 6.5
      vertex 15.8716 52.452 6.5
    endloop
  endfacet
  facet normal 0 0 1
    outer loop
      vertex 13.5154 54.5096 6.5
      vertex 15.2213 55.7213 6.5
      vertex 14.7667 56.0944 6.5
    endloop
  endfacet
  facet normal 0 0 1
    outer loop
      vertex 15.8716 52.452 6.5
      vertex 13.9413 53.0594 6.5
      vertex 15.5944 51.9333 6.5
    endloop
  endfacet
  facet normal 0 0 1
    outer loop
      vertex 13.5154 54.5096 6.5
      vertex 14.7667 56.0944 6.5
      vertex 14.248 56.3716 6.5
    endloop
  endfacet
  facet normal 0 0 1
    outer loop
      vertex 15.5944 51.9333 6.5
      vertex 13.9413 53.0594 6.5
      vertex 15.2213 51.4787 6.5
    endloop
  endfacet
  facet normal -0 0 1
    outer loop
      vertex 13.5154 52.6904 6.5
      vertex 15.2213 51.4787 6.5
      vertex 13.9413 53.0594 6.5
    endloop
  endfacet
  facet normal 0 0 1
    outer loop
      vertex 16.0424 54.1853 6.5
      vertex 13.9413 54.1406 6.5
      vertex 14.1 53.6 6.5
    endloop
  endfacet
  facet normal 0 0 1
    outer loop
      vertex 13.5154 54.5096 6.5
      vertex 14.248 56.3716 6.5
      vertex 13.6853 56.5424 6.5
    endloop
  endfacet
  facet normal 0 0 1
    outer loop
      vertex 15.2213 55.7213 6.5
      vertex 13.5154 54.5096 6.5
      vertex 13.9413 54.1406 6.5
    endloop
  endfacet
  facet normal 0 0 1
    outer loop
      vertex 12.9577 54.5898 6.5
      vertex 13.6853 56.5424 6.5
      vertex 13.1 56.6 6.5
    endloop
  endfacet
  facet normal 0 0 1
    outer loop
      vertex 13.6853 56.5424 6.5
      vertex 12.9577 54.5898 6.5
      vertex 13.5154 54.5096 6.5
    endloop
  endfacet
  facet normal -0 0 1
    outer loop
      vertex 12.5147 56.5424 6.5
      vertex 12.9577 54.5898 6.5
      vertex 13.1 56.6 6.5
    endloop
  endfacet
  facet normal -0 0 1
    outer loop
      vertex 11.952 56.3716 6.5
      vertex 12.9577 54.5898 6.5
      vertex 12.5147 56.5424 6.5
    endloop
  endfacet
  facet normal 0 0 1
    outer loop
      vertex 12.9577 54.5898 6.5
      vertex 11.952 56.3716 6.5
      vertex 12.4451 54.3557 6.5
    endloop
  endfacet
  facet normal -0 0 1
    outer loop
      vertex 10.9787 55.7213 6.5
      vertex 12.4451 54.3557 6.5
      vertex 11.4333 56.0944 6.5
    endloop
  endfacet
  facet normal -0 0 1
    outer loop
      vertex 11.4333 56.0944 6.5
      vertex 12.4451 54.3557 6.5
      vertex 11.952 56.3716 6.5
    endloop
  endfacet
  facet normal 0 0 1
    outer loop
      vertex 15.2213 51.4787 6.5
      vertex 13.5154 52.6904 6.5
      vertex 14.7667 51.1056 6.5
    endloop
  endfacet
  facet normal 0 0 1
    outer loop
      vertex 14.7667 51.1056 6.5
      vertex 13.5154 52.6904 6.5
      vertex 14.248 50.8284 6.5
    endloop
  endfacet
  facet normal 0 0 1
    outer loop
      vertex 14.248 50.8284 6.5
      vertex 13.5154 52.6904 6.5
      vertex 13.6853 50.6576 6.5
    endloop
  endfacet
  facet normal -0 0 1
    outer loop
      vertex 12.9577 52.6102 6.5
      vertex 13.6853 50.6576 6.5
      vertex 13.5154 52.6904 6.5
    endloop
  endfacet
  facet normal 0 0 1
    outer loop
      vertex 13.6853 50.6576 6.5
      vertex 12.9577 52.6102 6.5
      vertex 13.1 50.6 6.5
    endloop
  endfacet
  facet normal 0 0 1
    outer loop
      vertex 12.9577 52.6102 6.5
      vertex 12.5147 50.6576 6.5
      vertex 13.1 50.6 6.5
    endloop
  endfacet
  facet normal 0 0 1
    outer loop
      vertex 11.952 50.8284 6.5
      vertex 12.9577 52.6102 6.5
      vertex 12.4451 52.8442 6.5
    endloop
  endfacet
  facet normal 0 0 1
    outer loop
      vertex 10.6056 51.9333 6.5
      vertex 12.4451 52.8442 6.5
      vertex 12.1405 53.3183 6.5
    endloop
  endfacet
  facet normal 0 0 1
    outer loop
      vertex 12.9577 52.6102 6.5
      vertex 11.952 50.8284 6.5
      vertex 12.5147 50.6576 6.5
    endloop
  endfacet
  facet normal -0 0 1
    outer loop
      vertex 10.6056 55.2667 6.5
      vertex 12.4451 54.3557 6.5
      vertex 10.9787 55.7213 6.5
    endloop
  endfacet
  facet normal 0 0 1
    outer loop
      vertex 12.4451 54.3557 6.5
      vertex 10.6056 55.2667 6.5
      vertex 12.1405 53.8817 6.5
    endloop
  endfacet
  facet normal 0 0 1
    outer loop
      vertex 12.4451 52.8442 6.5
      vertex 11.4333 51.1056 6.5
      vertex 11.952 50.8284 6.5
    endloop
  endfacet
  facet normal -0 0 1
    outer loop
      vertex 10.3284 54.7481 6.5
      vertex 12.1405 53.8817 6.5
      vertex 10.6056 55.2667 6.5
    endloop
  endfacet
  facet normal 0 0 1
    outer loop
      vertex 12.4451 52.8442 6.5
      vertex 10.9787 51.4787 6.5
      vertex 11.4333 51.1056 6.5
    endloop
  endfacet
  facet normal -0 0 1
    outer loop
      vertex 10.1576 54.1853 6.5
      vertex 12.1405 53.8817 6.5
      vertex 10.3284 54.7481 6.5
    endloop
  endfacet
  facet normal 0 0 1
    outer loop
      vertex 12.4451 52.8442 6.5
      vertex 10.6056 51.9333 6.5
      vertex 10.9787 51.4787 6.5
    endloop
  endfacet
  facet normal 0 0 1
    outer loop
      vertex 10.1 53.6 6.5
      vertex 12.1405 53.8817 6.5
      vertex 10.1576 54.1853 6.5
    endloop
  endfacet
  facet normal 0 0 1
    outer loop
      vertex 12.1405 53.3183 6.5
      vertex 10.3284 52.452 6.5
      vertex 10.6056 51.9333 6.5
    endloop
  endfacet
  facet normal 0 0 1
    outer loop
      vertex 12.1405 53.8817 6.5
      vertex 10.1 53.6 6.5
      vertex 12.1405 53.3183 6.5
    endloop
  endfacet
  facet normal 0 0 1
    outer loop
      vertex 12.1405 53.3183 6.5
      vertex 10.1576 53.0147 6.5
      vertex 10.3284 52.452 6.5
    endloop
  endfacet
  facet normal 0 0 1
    outer loop
      vertex 12.1405 53.3183 6.5
      vertex 10.1 53.6 6.5
      vertex 10.1576 53.0147 6.5
    endloop
  endfacet
  facet normal -0.772994 -0.634413 0
    outer loop
      vertex 10.9787 51.4787 2.5
      vertex 10.6056 51.9333 6.5
      vertex 10.6056 51.9333 2.5
    endloop
  endfacet
  facet normal -0.772994 -0.634413 0
    outer loop
      vertex 10.6056 51.9333 6.5
      vertex 10.9787 51.4787 2.5
      vertex 10.9787 51.4787 6.5
    endloop
  endfacet
  facet normal -0.881957 -0.471329 0
    outer loop
      vertex 10.6056 51.9333 2.5
      vertex 10.3284 52.452 6.5
      vertex 10.3284 52.452 2.5
    endloop
  endfacet
  facet normal -0.881957 -0.471329 0
    outer loop
      vertex 10.3284 52.452 6.5
      vertex 10.6056 51.9333 2.5
      vertex 10.6056 51.9333 6.5
    endloop
  endfacet
  facet normal 0.290451 -0.95689 0
    outer loop
      vertex 13.6853 50.6576 2.5
      vertex 14.248 50.8284 6.5
      vertex 13.6853 50.6576 6.5
    endloop
  endfacet
  facet normal 0.290451 -0.95689 0
    outer loop
      vertex 14.248 50.8284 6.5
      vertex 13.6853 50.6576 2.5
      vertex 14.248 50.8284 2.5
    endloop
  endfacet
  facet normal -0.881919 0.4714 0
    outer loop
      vertex 10.3284 54.7481 2.5
      vertex 10.6056 55.2667 6.5
      vertex 10.6056 55.2667 2.5
    endloop
  endfacet
  facet normal -0.881919 0.4714 0
    outer loop
      vertex 10.6056 55.2667 6.5
      vertex 10.3284 54.7481 2.5
      vertex 10.3284 54.7481 6.5
    endloop
  endfacet
  facet normal 0.881957 -0.471329 0
    outer loop
      vertex 15.5944 51.9333 6.5
      vertex 15.8716 52.452 2.5
      vertex 15.8716 52.452 6.5
    endloop
  endfacet
  facet normal 0.881957 -0.471329 0
    outer loop
      vertex 15.8716 52.452 2.5
      vertex 15.5944 51.9333 6.5
      vertex 15.5944 51.9333 2.5
    endloop
  endfacet
  facet normal 0.772994 -0.634413 0
    outer loop
      vertex 15.2213 51.4787 6.5
      vertex 15.5944 51.9333 2.5
      vertex 15.5944 51.9333 6.5
    endloop
  endfacet
  facet normal 0.772994 -0.634413 0
    outer loop
      vertex 15.5944 51.9333 2.5
      vertex 15.2213 51.4787 6.5
      vertex 15.2213 51.4787 2.5
    endloop
  endfacet
  facet normal -0.097938 -0.995193 0
    outer loop
      vertex 12.5147 50.6576 2.5
      vertex 13.1 50.6 6.5
      vertex 12.5147 50.6576 6.5
    endloop
  endfacet
  facet normal -0.097938 -0.995193 -0
    outer loop
      vertex 13.1 50.6 6.5
      vertex 12.5147 50.6576 2.5
      vertex 13.1 50.6 2.5
    endloop
  endfacet
  facet normal -0.471329 -0.881957 0
    outer loop
      vertex 11.4333 51.1056 2.5
      vertex 11.952 50.8284 6.5
      vertex 11.4333 51.1056 6.5
    endloop
  endfacet
  facet normal -0.471329 -0.881957 -0
    outer loop
      vertex 11.952 50.8284 6.5
      vertex 11.4333 51.1056 2.5
      vertex 11.952 50.8284 2.5
    endloop
  endfacet
  facet normal 0.95689 -0.290451 0
    outer loop
      vertex 15.8716 52.452 6.5
      vertex 16.0424 53.0147 2.5
      vertex 16.0424 53.0147 6.5
    endloop
  endfacet
  facet normal 0.95689 -0.290451 0
    outer loop
      vertex 16.0424 53.0147 2.5
      vertex 15.8716 52.452 6.5
      vertex 15.8716 52.452 2.5
    endloop
  endfacet
  facet normal 0.841323 0.540533 0
    outer loop
      vertex 12.4451 52.8442 6.5
      vertex 12.1405 53.3183 2.5
      vertex 12.1405 53.3183 6.5
    endloop
  endfacet
  facet normal 0.841323 0.540533 0
    outer loop
      vertex 12.1405 53.3183 2.5
      vertex 12.4451 52.8442 6.5
      vertex 12.4451 52.8442 2.5
    endloop
  endfacet
  facet normal -0.654816 -0.755789 0
    outer loop
      vertex 13.5154 54.5096 2.5
      vertex 13.9413 54.1406 6.5
      vertex 13.5154 54.5096 6.5
    endloop
  endfacet
  facet normal -0.654816 -0.755789 -0
    outer loop
      vertex 13.9413 54.1406 6.5
      vertex 13.5154 54.5096 2.5
      vertex 13.9413 54.1406 2.5
    endloop
  endfacet
  facet normal -0.95951 -0.281676 0
    outer loop
      vertex 14.1 53.6 2.5
      vertex 13.9413 54.1406 6.5
      vertex 13.9413 54.1406 2.5
    endloop
  endfacet
  facet normal -0.95951 -0.281676 0
    outer loop
      vertex 13.9413 54.1406 6.5
      vertex 14.1 53.6 2.5
      vertex 14.1 53.6 6.5
    endloop
  endfacet
  facet normal -0.142341 -0.989818 0
    outer loop
      vertex 12.9577 54.5898 2.5
      vertex 13.5154 54.5096 6.5
      vertex 12.9577 54.5898 6.5
    endloop
  endfacet
  facet normal -0.142341 -0.989818 -0
    outer loop
      vertex 13.5154 54.5096 6.5
      vertex 12.9577 54.5898 2.5
      vertex 13.5154 54.5096 2.5
    endloop
  endfacet
  facet normal -0.654816 0.755789 0
    outer loop
      vertex 13.9413 53.0594 2.5
      vertex 13.5154 52.6904 6.5
      vertex 13.9413 53.0594 6.5
    endloop
  endfacet
  facet normal -0.654816 0.755789 0
    outer loop
      vertex 13.5154 52.6904 6.5
      vertex 13.9413 53.0594 2.5
      vertex 13.5154 52.6904 2.5
    endloop
  endfacet
  facet normal 0.41542 -0.90963 0
    outer loop
      vertex 12.4451 54.3557 2.5
      vertex 12.9577 54.5898 6.5
      vertex 12.4451 54.3557 6.5
    endloop
  endfacet
  facet normal 0.41542 -0.90963 0
    outer loop
      vertex 12.9577 54.5898 6.5
      vertex 12.4451 54.3557 2.5
      vertex 12.9577 54.5898 2.5
    endloop
  endfacet
  facet normal -0.95951 0.281676 0
    outer loop
      vertex 13.9413 53.0594 2.5
      vertex 14.1 53.6 6.5
      vertex 14.1 53.6 2.5
    endloop
  endfacet
  facet normal -0.95951 0.281676 0
    outer loop
      vertex 14.1 53.6 6.5
      vertex 13.9413 53.0594 2.5
      vertex 13.9413 53.0594 6.5
    endloop
  endfacet
  facet normal 1 -0 0
    outer loop
      vertex 12.1405 53.3183 6.5
      vertex 12.1405 53.8817 2.5
      vertex 12.1405 53.8817 6.5
    endloop
  endfacet
  facet normal 1 0 0
    outer loop
      vertex 12.1405 53.8817 2.5
      vertex 12.1405 53.3183 6.5
      vertex 12.1405 53.3183 2.5
    endloop
  endfacet
  facet normal -0.142341 0.989818 0
    outer loop
      vertex 13.5154 52.6904 2.5
      vertex 12.9577 52.6102 6.5
      vertex 13.5154 52.6904 6.5
    endloop
  endfacet
  facet normal -0.142341 0.989818 0
    outer loop
      vertex 12.9577 52.6102 6.5
      vertex 13.5154 52.6904 2.5
      vertex 12.9577 52.6102 2.5
    endloop
  endfacet
  facet normal 0.841271 -0.540614 0
    outer loop
      vertex 12.1405 53.8817 6.5
      vertex 12.4451 54.3557 2.5
      vertex 12.4451 54.3557 6.5
    endloop
  endfacet
  facet normal 0.841271 -0.540614 0
    outer loop
      vertex 12.4451 54.3557 2.5
      vertex 12.1405 53.8817 6.5
      vertex 12.1405 53.8817 2.5
    endloop
  endfacet
  facet normal 0.415273 0.909697 -0
    outer loop
      vertex 12.9577 52.6102 2.5
      vertex 12.4451 52.8442 6.5
      vertex 12.9577 52.6102 6.5
    endloop
  endfacet
  facet normal 0.415273 0.909697 0
    outer loop
      vertex 12.4451 52.8442 6.5
      vertex 12.9577 52.6102 2.5
      vertex 12.4451 52.8442 2.5
    endloop
  endfacet
  facet normal 0.881919 0.4714 0
    outer loop
      vertex 61.8716 33.2481 6.5
      vertex 61.5944 33.7667 2.5
      vertex 61.5944 33.7667 6.5
    endloop
  endfacet
  facet normal 0.881919 0.4714 0
    outer loop
      vertex 61.5944 33.7667 2.5
      vertex 61.8716 33.2481 6.5
      vertex 61.8716 33.2481 2.5
    endloop
  endfacet
  facet normal -0.097938 0.995193 0
    outer loop
      vertex 59.1 35.1 2.5
      vertex 58.5147 35.0424 6.5
      vertex 59.1 35.1 6.5
    endloop
  endfacet
  facet normal -0.097938 0.995193 0
    outer loop
      vertex 58.5147 35.0424 6.5
      vertex 59.1 35.1 2.5
      vertex 58.5147 35.0424 2.5
    endloop
  endfacet
  facet normal -0.995193 -0.097938 0
    outer loop
      vertex 56.1576 31.5147 2.5
      vertex 56.1 32.1 6.5
      vertex 56.1 32.1 2.5
    endloop
  endfacet
  facet normal -0.995193 -0.097938 0
    outer loop
      vertex 56.1 32.1 6.5
      vertex 56.1576 31.5147 2.5
      vertex 56.1576 31.5147 6.5
    endloop
  endfacet
  facet normal 0.956904 0.290404 0
    outer loop
      vertex 62.0424 32.6853 6.5
      vertex 61.8716 33.2481 2.5
      vertex 61.8716 33.2481 6.5
    endloop
  endfacet
  facet normal 0.956904 0.290404 0
    outer loop
      vertex 61.8716 33.2481 2.5
      vertex 62.0424 32.6853 6.5
      vertex 62.0424 32.6853 2.5
    endloop
  endfacet
  facet normal 0.995193 -0.097938 0
    outer loop
      vertex 62.0424 31.5147 6.5
      vertex 62.1 32.1 2.5
      vertex 62.1 32.1 6.5
    endloop
  endfacet
  facet normal 0.995193 -0.097938 0
    outer loop
      vertex 62.1 32.1 2.5
      vertex 62.0424 31.5147 6.5
      vertex 62.0424 31.5147 2.5
    endloop
  endfacet
  facet normal 0.4714 0.881919 -0
    outer loop
      vertex 60.7667 34.5944 2.5
      vertex 60.2481 34.8716 6.5
      vertex 60.7667 34.5944 6.5
    endloop
  endfacet
  facet normal 0.4714 0.881919 0
    outer loop
      vertex 60.2481 34.8716 6.5
      vertex 60.7667 34.5944 2.5
      vertex 60.2481 34.8716 2.5
    endloop
  endfacet
  facet normal 0.772994 0.634413 0
    outer loop
      vertex 61.5944 33.7667 6.5
      vertex 61.2213 34.2213 2.5
      vertex 61.2213 34.2213 6.5
    endloop
  endfacet
  facet normal 0.772994 0.634413 0
    outer loop
      vertex 61.2213 34.2213 2.5
      vertex 61.5944 33.7667 6.5
      vertex 61.5944 33.7667 2.5
    endloop
  endfacet
  facet normal -0.956904 0.290404 0
    outer loop
      vertex 56.1576 32.6853 2.5
      vertex 56.3284 33.2481 6.5
      vertex 56.3284 33.2481 2.5
    endloop
  endfacet
  facet normal -0.956904 0.290404 0
    outer loop
      vertex 56.3284 33.2481 6.5
      vertex 56.1576 32.6853 2.5
      vertex 56.1576 32.6853 6.5
    endloop
  endfacet
  facet normal -0.95689 -0.290451 0
    outer loop
      vertex 56.3284 30.952 2.5
      vertex 56.1576 31.5147 6.5
      vertex 56.1576 31.5147 2.5
    endloop
  endfacet
  facet normal -0.95689 -0.290451 0
    outer loop
      vertex 56.1576 31.5147 6.5
      vertex 56.3284 30.952 2.5
      vertex 56.3284 30.952 6.5
    endloop
  endfacet
  facet normal 0.995193 0.097938 0
    outer loop
      vertex 62.1 32.1 6.5
      vertex 62.0424 32.6853 2.5
      vertex 62.0424 32.6853 6.5
    endloop
  endfacet
  facet normal 0.995193 0.097938 0
    outer loop
      vertex 62.0424 32.6853 2.5
      vertex 62.1 32.1 6.5
      vertex 62.1 32.1 2.5
    endloop
  endfacet
  facet normal -0.471329 0.881957 0
    outer loop
      vertex 57.952 34.8716 2.5
      vertex 57.4333 34.5944 6.5
      vertex 57.952 34.8716 6.5
    endloop
  endfacet
  facet normal -0.471329 0.881957 0
    outer loop
      vertex 57.4333 34.5944 6.5
      vertex 57.952 34.8716 2.5
      vertex 57.4333 34.5944 2.5
    endloop
  endfacet
  facet normal -0.290451 -0.95689 0
    outer loop
      vertex 57.952 29.3284 2.5
      vertex 58.5147 29.1576 6.5
      vertex 57.952 29.3284 6.5
    endloop
  endfacet
  facet normal -0.290451 -0.95689 -0
    outer loop
      vertex 58.5147 29.1576 6.5
      vertex 57.952 29.3284 2.5
      vertex 58.5147 29.1576 2.5
    endloop
  endfacet
  facet normal 0.097938 0.995193 -0
    outer loop
      vertex 59.6853 35.0424 2.5
      vertex 59.1 35.1 6.5
      vertex 59.6853 35.0424 6.5
    endloop
  endfacet
  facet normal 0.097938 0.995193 0
    outer loop
      vertex 59.1 35.1 6.5
      vertex 59.6853 35.0424 2.5
      vertex 59.1 35.1 2.5
    endloop
  endfacet
  facet normal 0.634413 -0.772994 0
    outer loop
      vertex 60.7667 29.6056 2.5
      vertex 61.2213 29.9787 6.5
      vertex 60.7667 29.6056 6.5
    endloop
  endfacet
  facet normal 0.634413 -0.772994 0
    outer loop
      vertex 61.2213 29.9787 6.5
      vertex 60.7667 29.6056 2.5
      vertex 61.2213 29.9787 2.5
    endloop
  endfacet
  facet normal 0.097938 -0.995193 0
    outer loop
      vertex 59.1 29.1 2.5
      vertex 59.6853 29.1576 6.5
      vertex 59.1 29.1 6.5
    endloop
  endfacet
  facet normal 0.097938 -0.995193 0
    outer loop
      vertex 59.6853 29.1576 6.5
      vertex 59.1 29.1 2.5
      vertex 59.6853 29.1576 2.5
    endloop
  endfacet
  facet normal -0.995193 0.097938 0
    outer loop
      vertex 56.1 32.1 2.5
      vertex 56.1576 32.6853 6.5
      vertex 56.1576 32.6853 2.5
    endloop
  endfacet
  facet normal -0.995193 0.097938 0
    outer loop
      vertex 56.1576 32.6853 6.5
      vertex 56.1 32.1 2.5
      vertex 56.1 32.1 6.5
    endloop
  endfacet
  facet normal -0.634413 -0.772994 0
    outer loop
      vertex 56.9787 29.9787 2.5
      vertex 57.4333 29.6056 6.5
      vertex 56.9787 29.9787 6.5
    endloop
  endfacet
  facet normal -0.634413 -0.772994 -0
    outer loop
      vertex 57.4333 29.6056 6.5
      vertex 56.9787 29.9787 2.5
      vertex 57.4333 29.6056 2.5
    endloop
  endfacet
  facet normal -0.290451 0.95689 0
    outer loop
      vertex 58.5147 35.0424 2.5
      vertex 57.952 34.8716 6.5
      vertex 58.5147 35.0424 6.5
    endloop
  endfacet
  facet normal -0.290451 0.95689 0
    outer loop
      vertex 57.952 34.8716 6.5
      vertex 58.5147 35.0424 2.5
      vertex 57.952 34.8716 2.5
    endloop
  endfacet
  facet normal 0.4714 -0.881919 0
    outer loop
      vertex 60.2481 29.3284 2.5
      vertex 60.7667 29.6056 6.5
      vertex 60.2481 29.3284 6.5
    endloop
  endfacet
  facet normal 0.4714 -0.881919 0
    outer loop
      vertex 60.7667 29.6056 6.5
      vertex 60.2481 29.3284 2.5
      vertex 60.7667 29.6056 2.5
    endloop
  endfacet
  facet normal 0.290404 0.956904 -0
    outer loop
      vertex 60.2481 34.8716 2.5
      vertex 59.6853 35.0424 6.5
      vertex 60.2481 34.8716 6.5
    endloop
  endfacet
  facet normal 0.290404 0.956904 0
    outer loop
      vertex 59.6853 35.0424 6.5
      vertex 60.2481 34.8716 2.5
      vertex 59.6853 35.0424 2.5
    endloop
  endfacet
  facet normal 0.634413 0.772994 -0
    outer loop
      vertex 61.2213 34.2213 2.5
      vertex 60.7667 34.5944 6.5
      vertex 61.2213 34.2213 6.5
    endloop
  endfacet
  facet normal 0.634413 0.772994 0
    outer loop
      vertex 60.7667 34.5944 6.5
      vertex 61.2213 34.2213 2.5
      vertex 60.7667 34.5944 2.5
    endloop
  endfacet
  facet normal -0.772994 0.634413 0
    outer loop
      vertex 56.6056 33.7667 2.5
      vertex 56.9787 34.2213 6.5
      vertex 56.9787 34.2213 2.5
    endloop
  endfacet
  facet normal -0.772994 0.634413 0
    outer loop
      vertex 56.9787 34.2213 6.5
      vertex 56.6056 33.7667 2.5
      vertex 56.6056 33.7667 6.5
    endloop
  endfacet
  facet normal -0.634413 0.772994 0
    outer loop
      vertex 57.4333 34.5944 2.5
      vertex 56.9787 34.2213 6.5
      vertex 57.4333 34.5944 6.5
    endloop
  endfacet
  facet normal -0.634413 0.772994 0
    outer loop
      vertex 56.9787 34.2213 6.5
      vertex 57.4333 34.5944 2.5
      vertex 56.9787 34.2213 2.5
    endloop
  endfacet
  facet normal 0 0 1
    outer loop
      vertex 60.1 32.1 6.5
      vertex 62.1 32.1 6.5
      vertex 62.0424 32.6853 6.5
    endloop
  endfacet
  facet normal 0 0 1
    outer loop
      vertex 59.9413 32.6406 6.5
      vertex 62.0424 32.6853 6.5
      vertex 61.8716 33.2481 6.5
    endloop
  endfacet
  facet normal 0 0 1
    outer loop
      vertex 62.1 32.1 6.5
      vertex 60.1 32.1 6.5
      vertex 62.0424 31.5147 6.5
    endloop
  endfacet
  facet normal 0 0 1
    outer loop
      vertex 59.9413 32.6406 6.5
      vertex 61.8716 33.2481 6.5
      vertex 61.5944 33.7667 6.5
    endloop
  endfacet
  facet normal -0 0 1
    outer loop
      vertex 59.9413 31.5594 6.5
      vertex 62.0424 31.5147 6.5
      vertex 60.1 32.1 6.5
    endloop
  endfacet
  facet normal 0 0 1
    outer loop
      vertex 59.9413 32.6406 6.5
      vertex 61.5944 33.7667 6.5
      vertex 61.2213 34.2213 6.5
    endloop
  endfacet
  facet normal 0 0 1
    outer loop
      vertex 62.0424 31.5147 6.5
      vertex 59.9413 31.5594 6.5
      vertex 61.8716 30.952 6.5
    endloop
  endfacet
  facet normal 0 0 1
    outer loop
      vertex 59.5154 33.0096 6.5
      vertex 61.2213 34.2213 6.5
      vertex 60.7667 34.5944 6.5
    endloop
  endfacet
  facet normal 0 0 1
    outer loop
      vertex 61.8716 30.952 6.5
      vertex 59.9413 31.5594 6.5
      vertex 61.5944 30.4333 6.5
    endloop
  endfacet
  facet normal 0 0 1
    outer loop
      vertex 59.5154 33.0096 6.5
      vertex 60.7667 34.5944 6.5
      vertex 60.2481 34.8716 6.5
    endloop
  endfacet
  facet normal 0 0 1
    outer loop
      vertex 61.5944 30.4333 6.5
      vertex 59.9413 31.5594 6.5
      vertex 61.2213 29.9787 6.5
    endloop
  endfacet
  facet normal -0 0 1
    outer loop
      vertex 59.5154 31.1904 6.5
      vertex 61.2213 29.9787 6.5
      vertex 59.9413 31.5594 6.5
    endloop
  endfacet
  facet normal 0 0 1
    outer loop
      vertex 62.0424 32.6853 6.5
      vertex 59.9413 32.6406 6.5
      vertex 60.1 32.1 6.5
    endloop
  endfacet
  facet normal 0 0 1
    outer loop
      vertex 59.5154 33.0096 6.5
      vertex 60.2481 34.8716 6.5
      vertex 59.6853 35.0424 6.5
    endloop
  endfacet
  facet normal 0 0 1
    outer loop
      vertex 61.2213 34.2213 6.5
      vertex 59.5154 33.0096 6.5
      vertex 59.9413 32.6406 6.5
    endloop
  endfacet
  facet normal 0 0 1
    outer loop
      vertex 58.9577 33.0898 6.5
      vertex 59.6853 35.0424 6.5
      vertex 59.1 35.1 6.5
    endloop
  endfacet
  facet normal 0 0 1
    outer loop
      vertex 59.6853 35.0424 6.5
      vertex 58.9577 33.0898 6.5
      vertex 59.5154 33.0096 6.5
    endloop
  endfacet
  facet normal -0 0 1
    outer loop
      vertex 58.5147 35.0424 6.5
      vertex 58.9577 33.0898 6.5
      vertex 59.1 35.1 6.5
    endloop
  endfacet
  facet normal -0 0 1
    outer loop
      vertex 57.952 34.8716 6.5
      vertex 58.9577 33.0898 6.5
      vertex 58.5147 35.0424 6.5
    endloop
  endfacet
  facet normal 0 0 1
    outer loop
      vertex 58.9577 33.0898 6.5
      vertex 57.952 34.8716 6.5
      vertex 58.4451 32.8557 6.5
    endloop
  endfacet
  facet normal -0 0 1
    outer loop
      vertex 56.9787 34.2213 6.5
      vertex 58.4451 32.8557 6.5
      vertex 57.4333 34.5944 6.5
    endloop
  endfacet
  facet normal -0 0 1
    outer loop
      vertex 57.4333 34.5944 6.5
      vertex 58.4451 32.8557 6.5
      vertex 57.952 34.8716 6.5
    endloop
  endfacet
  facet normal 0 0 1
    outer loop
      vertex 61.2213 29.9787 6.5
      vertex 59.5154 31.1904 6.5
      vertex 60.7667 29.6056 6.5
    endloop
  endfacet
  facet normal 0 0 1
    outer loop
      vertex 60.7667 29.6056 6.5
      vertex 59.5154 31.1904 6.5
      vertex 60.2481 29.3284 6.5
    endloop
  endfacet
  facet normal 0 0 1
    outer loop
      vertex 60.2481 29.3284 6.5
      vertex 59.5154 31.1904 6.5
      vertex 59.6853 29.1576 6.5
    endloop
  endfacet
  facet normal -0 0 1
    outer loop
      vertex 58.9577 31.1102 6.5
      vertex 59.6853 29.1576 6.5
      vertex 59.5154 31.1904 6.5
    endloop
  endfacet
  facet normal 0 0 1
    outer loop
      vertex 59.6853 29.1576 6.5
      vertex 58.9577 31.1102 6.5
      vertex 59.1 29.1 6.5
    endloop
  endfacet
  facet normal 0 0 1
    outer loop
      vertex 58.9577 31.1102 6.5
      vertex 58.5147 29.1576 6.5
      vertex 59.1 29.1 6.5
    endloop
  endfacet
  facet normal 0 0 1
    outer loop
      vertex 57.952 29.3284 6.5
      vertex 58.9577 31.1102 6.5
      vertex 58.4451 31.3443 6.5
    endloop
  endfacet
  facet normal 0 0 1
    outer loop
      vertex 56.6056 30.4333 6.5
      vertex 58.4451 31.3443 6.5
      vertex 58.1405 31.8183 6.5
    endloop
  endfacet
  facet normal 0 0 1
    outer loop
      vertex 58.9577 31.1102 6.5
      vertex 57.952 29.3284 6.5
      vertex 58.5147 29.1576 6.5
    endloop
  endfacet
  facet normal -0 0 1
    outer loop
      vertex 56.6056 33.7667 6.5
      vertex 58.4451 32.8557 6.5
      vertex 56.9787 34.2213 6.5
    endloop
  endfacet
  facet normal 0 0 1
    outer loop
      vertex 58.4451 32.8557 6.5
      vertex 56.6056 33.7667 6.5
      vertex 58.1405 32.3817 6.5
    endloop
  endfacet
  facet normal 0 0 1
    outer loop
      vertex 58.4451 31.3443 6.5
      vertex 57.4333 29.6056 6.5
      vertex 57.952 29.3284 6.5
    endloop
  endfacet
  facet normal -0 0 1
    outer loop
      vertex 56.3284 33.2481 6.5
      vertex 58.1405 32.3817 6.5
      vertex 56.6056 33.7667 6.5
    endloop
  endfacet
  facet normal 0 0 1
    outer loop
      vertex 58.4451 31.3443 6.5
      vertex 56.9787 29.9787 6.5
      vertex 57.4333 29.6056 6.5
    endloop
  endfacet
  facet normal -0 0 1
    outer loop
      vertex 56.1576 32.6853 6.5
      vertex 58.1405 32.3817 6.5
      vertex 56.3284 33.2481 6.5
    endloop
  endfacet
  facet normal 0 0 1
    outer loop
      vertex 58.4451 31.3443 6.5
      vertex 56.6056 30.4333 6.5
      vertex 56.9787 29.9787 6.5
    endloop
  endfacet
  facet normal 0 0 1
    outer loop
      vertex 56.1 32.1 6.5
      vertex 58.1405 32.3817 6.5
      vertex 56.1576 32.6853 6.5
    endloop
  endfacet
  facet normal 0 0 1
    outer loop
      vertex 58.1405 31.8183 6.5
      vertex 56.3284 30.952 6.5
      vertex 56.6056 30.4333 6.5
    endloop
  endfacet
  facet normal 0 0 1
    outer loop
      vertex 58.1405 32.3817 6.5
      vertex 56.1 32.1 6.5
      vertex 58.1405 31.8183 6.5
    endloop
  endfacet
  facet normal 0 0 1
    outer loop
      vertex 58.1405 31.8183 6.5
      vertex 56.1576 31.5147 6.5
      vertex 56.3284 30.952 6.5
    endloop
  endfacet
  facet normal 0 0 1
    outer loop
      vertex 58.1405 31.8183 6.5
      vertex 56.1 32.1 6.5
      vertex 56.1576 31.5147 6.5
    endloop
  endfacet
  facet normal -0.772994 -0.634413 0
    outer loop
      vertex 56.9787 29.9787 2.5
      vertex 56.6056 30.4333 6.5
      vertex 56.6056 30.4333 2.5
    endloop
  endfacet
  facet normal -0.772994 -0.634413 0
    outer loop
      vertex 56.6056 30.4333 6.5
      vertex 56.9787 29.9787 2.5
      vertex 56.9787 29.9787 6.5
    endloop
  endfacet
  facet normal -0.881957 -0.471329 0
    outer loop
      vertex 56.6056 30.4333 2.5
      vertex 56.3284 30.952 6.5
      vertex 56.3284 30.952 2.5
    endloop
  endfacet
  facet normal -0.881957 -0.471329 0
    outer loop
      vertex 56.3284 30.952 6.5
      vertex 56.6056 30.4333 2.5
      vertex 56.6056 30.4333 6.5
    endloop
  endfacet
  facet normal 0.290404 -0.956904 0
    outer loop
      vertex 59.6853 29.1576 2.5
      vertex 60.2481 29.3284 6.5
      vertex 59.6853 29.1576 6.5
    endloop
  endfacet
  facet normal 0.290404 -0.956904 0
    outer loop
      vertex 60.2481 29.3284 6.5
      vertex 59.6853 29.1576 2.5
      vertex 60.2481 29.3284 2.5
    endloop
  endfacet
  facet normal -0.881919 0.4714 0
    outer loop
      vertex 56.3284 33.2481 2.5
      vertex 56.6056 33.7667 6.5
      vertex 56.6056 33.7667 2.5
    endloop
  endfacet
  facet normal -0.881919 0.4714 0
    outer loop
      vertex 56.6056 33.7667 6.5
      vertex 56.3284 33.2481 2.5
      vertex 56.3284 33.2481 6.5
    endloop
  endfacet
  facet normal 0.881957 -0.471329 0
    outer loop
      vertex 61.5944 30.4333 6.5
      vertex 61.8716 30.952 2.5
      vertex 61.8716 30.952 6.5
    endloop
  endfacet
  facet normal 0.881957 -0.471329 0
    outer loop
      vertex 61.8716 30.952 2.5
      vertex 61.5944 30.4333 6.5
      vertex 61.5944 30.4333 2.5
    endloop
  endfacet
  facet normal 0.772994 -0.634413 0
    outer loop
      vertex 61.2213 29.9787 6.5
      vertex 61.5944 30.4333 2.5
      vertex 61.5944 30.4333 6.5
    endloop
  endfacet
  facet normal 0.772994 -0.634413 0
    outer loop
      vertex 61.5944 30.4333 2.5
      vertex 61.2213 29.9787 6.5
      vertex 61.2213 29.9787 2.5
    endloop
  endfacet
  facet normal -0.097938 -0.995193 0
    outer loop
      vertex 58.5147 29.1576 2.5
      vertex 59.1 29.1 6.5
      vertex 58.5147 29.1576 6.5
    endloop
  endfacet
  facet normal -0.097938 -0.995193 -0
    outer loop
      vertex 59.1 29.1 6.5
      vertex 58.5147 29.1576 2.5
      vertex 59.1 29.1 2.5
    endloop
  endfacet
  facet normal -0.471329 -0.881957 0
    outer loop
      vertex 57.4333 29.6056 2.5
      vertex 57.952 29.3284 6.5
      vertex 57.4333 29.6056 6.5
    endloop
  endfacet
  facet normal -0.471329 -0.881957 -0
    outer loop
      vertex 57.952 29.3284 6.5
      vertex 57.4333 29.6056 2.5
      vertex 57.952 29.3284 2.5
    endloop
  endfacet
  facet normal 0.95689 -0.290451 0
    outer loop
      vertex 61.8716 30.952 6.5
      vertex 62.0424 31.5147 2.5
      vertex 62.0424 31.5147 6.5
    endloop
  endfacet
  facet normal 0.95689 -0.290451 0
    outer loop
      vertex 62.0424 31.5147 2.5
      vertex 61.8716 30.952 6.5
      vertex 61.8716 30.952 2.5
    endloop
  endfacet
  facet normal 0.841271 0.540614 0
    outer loop
      vertex 58.4451 31.3443 6.5
      vertex 58.1405 31.8183 2.5
      vertex 58.1405 31.8183 6.5
    endloop
  endfacet
  facet normal 0.841271 0.540614 0
    outer loop
      vertex 58.1405 31.8183 2.5
      vertex 58.4451 31.3443 6.5
      vertex 58.4451 31.3443 2.5
    endloop
  endfacet
  facet normal -0.654816 -0.755789 0
    outer loop
      vertex 59.5154 33.0096 2.5
      vertex 59.9413 32.6406 6.5
      vertex 59.5154 33.0096 6.5
    endloop
  endfacet
  facet normal -0.654816 -0.755789 -0
    outer loop
      vertex 59.9413 32.6406 6.5
      vertex 59.5154 33.0096 2.5
      vertex 59.9413 32.6406 2.5
    endloop
  endfacet
  facet normal -0.95951 -0.281676 0
    outer loop
      vertex 60.1 32.1 2.5
      vertex 59.9413 32.6406 6.5
      vertex 59.9413 32.6406 2.5
    endloop
  endfacet
  facet normal -0.95951 -0.281676 0
    outer loop
      vertex 59.9413 32.6406 6.5
      vertex 60.1 32.1 2.5
      vertex 60.1 32.1 6.5
    endloop
  endfacet
  facet normal -0.142341 -0.989818 0
    outer loop
      vertex 58.9577 33.0898 2.5
      vertex 59.5154 33.0096 6.5
      vertex 58.9577 33.0898 6.5
    endloop
  endfacet
  facet normal -0.142341 -0.989818 -0
    outer loop
      vertex 59.5154 33.0096 6.5
      vertex 58.9577 33.0898 2.5
      vertex 59.5154 33.0096 2.5
    endloop
  endfacet
  facet normal -0.654816 0.755789 0
    outer loop
      vertex 59.9413 31.5594 2.5
      vertex 59.5154 31.1904 6.5
      vertex 59.9413 31.5594 6.5
    endloop
  endfacet
  facet normal -0.654816 0.755789 0
    outer loop
      vertex 59.5154 31.1904 6.5
      vertex 59.9413 31.5594 2.5
      vertex 59.5154 31.1904 2.5
    endloop
  endfacet
  facet normal 0.41542 -0.90963 0
    outer loop
      vertex 58.4451 32.8557 2.5
      vertex 58.9577 33.0898 6.5
      vertex 58.4451 32.8557 6.5
    endloop
  endfacet
  facet normal 0.41542 -0.90963 0
    outer loop
      vertex 58.9577 33.0898 6.5
      vertex 58.4451 32.8557 2.5
      vertex 58.9577 33.0898 2.5
    endloop
  endfacet
  facet normal -0.95951 0.281676 0
    outer loop
      vertex 59.9413 31.5594 2.5
      vertex 60.1 32.1 6.5
      vertex 60.1 32.1 2.5
    endloop
  endfacet
  facet normal -0.95951 0.281676 0
    outer loop
      vertex 60.1 32.1 6.5
      vertex 59.9413 31.5594 2.5
      vertex 59.9413 31.5594 6.5
    endloop
  endfacet
  facet normal 1 -0 0
    outer loop
      vertex 58.1405 31.8183 6.5
      vertex 58.1405 32.3817 2.5
      vertex 58.1405 32.3817 6.5
    endloop
  endfacet
  facet normal 1 0 0
    outer loop
      vertex 58.1405 32.3817 2.5
      vertex 58.1405 31.8183 6.5
      vertex 58.1405 31.8183 2.5
    endloop
  endfacet
  facet normal -0.142341 0.989818 0
    outer loop
      vertex 59.5154 31.1904 2.5
      vertex 58.9577 31.1102 6.5
      vertex 59.5154 31.1904 6.5
    endloop
  endfacet
  facet normal -0.142341 0.989818 0
    outer loop
      vertex 58.9577 31.1102 6.5
      vertex 59.5154 31.1904 2.5
      vertex 58.9577 31.1102 2.5
    endloop
  endfacet
  facet normal 0.841271 -0.540614 0
    outer loop
      vertex 58.1405 32.3817 6.5
      vertex 58.4451 32.8557 2.5
      vertex 58.4451 32.8557 6.5
    endloop
  endfacet
  facet normal 0.841271 -0.540614 0
    outer loop
      vertex 58.4451 32.8557 2.5
      vertex 58.1405 32.3817 6.5
      vertex 58.1405 32.3817 2.5
    endloop
  endfacet
  facet normal 0.41542 0.90963 -0
    outer loop
      vertex 58.9577 31.1102 2.5
      vertex 58.4451 31.3443 6.5
      vertex 58.9577 31.1102 6.5
    endloop
  endfacet
  facet normal 0.41542 0.90963 0
    outer loop
      vertex 58.4451 31.3443 6.5
      vertex 58.9577 31.1102 2.5
      vertex 58.4451 31.3443 2.5
    endloop
  endfacet
  facet normal 0.881919 0.4714 0
    outer loop
      vertex 61.8716 54.7481 6.5
      vertex 61.5944 55.2667 2.5
      vertex 61.5944 55.2667 6.5
    endloop
  endfacet
  facet normal 0.881919 0.4714 0
    outer loop
      vertex 61.5944 55.2667 2.5
      vertex 61.8716 54.7481 6.5
      vertex 61.8716 54.7481 2.5
    endloop
  endfacet
  facet normal -0.097938 0.995193 0
    outer loop
      vertex 59.1 56.6 2.5
      vertex 58.5147 56.5424 6.5
      vertex 59.1 56.6 6.5
    endloop
  endfacet
  facet normal -0.097938 0.995193 0
    outer loop
      vertex 58.5147 56.5424 6.5
      vertex 59.1 56.6 2.5
      vertex 58.5147 56.5424 2.5
    endloop
  endfacet
  facet normal -0.995193 -0.097938 0
    outer loop
      vertex 56.1576 53.0147 2.5
      vertex 56.1 53.6 6.5
      vertex 56.1 53.6 2.5
    endloop
  endfacet
  facet normal -0.995193 -0.097938 0
    outer loop
      vertex 56.1 53.6 6.5
      vertex 56.1576 53.0147 2.5
      vertex 56.1576 53.0147 6.5
    endloop
  endfacet
  facet normal 0.956904 0.290404 0
    outer loop
      vertex 62.0424 54.1853 6.5
      vertex 61.8716 54.7481 2.5
      vertex 61.8716 54.7481 6.5
    endloop
  endfacet
  facet normal 0.956904 0.290404 0
    outer loop
      vertex 61.8716 54.7481 2.5
      vertex 62.0424 54.1853 6.5
      vertex 62.0424 54.1853 2.5
    endloop
  endfacet
  facet normal 0.995193 -0.097938 0
    outer loop
      vertex 62.0424 53.0147 6.5
      vertex 62.1 53.6 2.5
      vertex 62.1 53.6 6.5
    endloop
  endfacet
  facet normal 0.995193 -0.097938 0
    outer loop
      vertex 62.1 53.6 2.5
      vertex 62.0424 53.0147 6.5
      vertex 62.0424 53.0147 2.5
    endloop
  endfacet
  facet normal 0.4714 0.881919 -0
    outer loop
      vertex 60.7667 56.0944 2.5
      vertex 60.2481 56.3716 6.5
      vertex 60.7667 56.0944 6.5
    endloop
  endfacet
  facet normal 0.4714 0.881919 0
    outer loop
      vertex 60.2481 56.3716 6.5
      vertex 60.7667 56.0944 2.5
      vertex 60.2481 56.3716 2.5
    endloop
  endfacet
  facet normal 0.772994 0.634413 0
    outer loop
      vertex 61.5944 55.2667 6.5
      vertex 61.2213 55.7213 2.5
      vertex 61.2213 55.7213 6.5
    endloop
  endfacet
  facet normal 0.772994 0.634413 0
    outer loop
      vertex 61.2213 55.7213 2.5
      vertex 61.5944 55.2667 6.5
      vertex 61.5944 55.2667 2.5
    endloop
  endfacet
  facet normal -0.956904 0.290404 0
    outer loop
      vertex 56.1576 54.1853 2.5
      vertex 56.3284 54.7481 6.5
      vertex 56.3284 54.7481 2.5
    endloop
  endfacet
  facet normal -0.956904 0.290404 0
    outer loop
      vertex 56.3284 54.7481 6.5
      vertex 56.1576 54.1853 2.5
      vertex 56.1576 54.1853 6.5
    endloop
  endfacet
  facet normal -0.95689 -0.290451 0
    outer loop
      vertex 56.3284 52.452 2.5
      vertex 56.1576 53.0147 6.5
      vertex 56.1576 53.0147 2.5
    endloop
  endfacet
  facet normal -0.95689 -0.290451 0
    outer loop
      vertex 56.1576 53.0147 6.5
      vertex 56.3284 52.452 2.5
      vertex 56.3284 52.452 6.5
    endloop
  endfacet
  facet normal 0.995193 0.097938 0
    outer loop
      vertex 62.1 53.6 6.5
      vertex 62.0424 54.1853 2.5
      vertex 62.0424 54.1853 6.5
    endloop
  endfacet
  facet normal 0.995193 0.097938 0
    outer loop
      vertex 62.0424 54.1853 2.5
      vertex 62.1 53.6 6.5
      vertex 62.1 53.6 2.5
    endloop
  endfacet
  facet normal -0.471329 0.881957 0
    outer loop
      vertex 57.952 56.3716 2.5
      vertex 57.4333 56.0944 6.5
      vertex 57.952 56.3716 6.5
    endloop
  endfacet
  facet normal -0.471329 0.881957 0
    outer loop
      vertex 57.4333 56.0944 6.5
      vertex 57.952 56.3716 2.5
      vertex 57.4333 56.0944 2.5
    endloop
  endfacet
  facet normal -0.290451 -0.95689 0
    outer loop
      vertex 57.952 50.8284 2.5
      vertex 58.5147 50.6576 6.5
      vertex 57.952 50.8284 6.5
    endloop
  endfacet
  facet normal -0.290451 -0.95689 -0
    outer loop
      vertex 58.5147 50.6576 6.5
      vertex 57.952 50.8284 2.5
      vertex 58.5147 50.6576 2.5
    endloop
  endfacet
  facet normal 0.097938 0.995193 -0
    outer loop
      vertex 59.6853 56.5424 2.5
      vertex 59.1 56.6 6.5
      vertex 59.6853 56.5424 6.5
    endloop
  endfacet
  facet normal 0.097938 0.995193 0
    outer loop
      vertex 59.1 56.6 6.5
      vertex 59.6853 56.5424 2.5
      vertex 59.1 56.6 2.5
    endloop
  endfacet
  facet normal 0.634413 -0.772994 0
    outer loop
      vertex 60.7667 51.1056 2.5
      vertex 61.2213 51.4787 6.5
      vertex 60.7667 51.1056 6.5
    endloop
  endfacet
  facet normal 0.634413 -0.772994 0
    outer loop
      vertex 61.2213 51.4787 6.5
      vertex 60.7667 51.1056 2.5
      vertex 61.2213 51.4787 2.5
    endloop
  endfacet
  facet normal 0.097938 -0.995193 0
    outer loop
      vertex 59.1 50.6 2.5
      vertex 59.6853 50.6576 6.5
      vertex 59.1 50.6 6.5
    endloop
  endfacet
  facet normal 0.097938 -0.995193 0
    outer loop
      vertex 59.6853 50.6576 6.5
      vertex 59.1 50.6 2.5
      vertex 59.6853 50.6576 2.5
    endloop
  endfacet
  facet normal -0.995193 0.097938 0
    outer loop
      vertex 56.1 53.6 2.5
      vertex 56.1576 54.1853 6.5
      vertex 56.1576 54.1853 2.5
    endloop
  endfacet
  facet normal -0.995193 0.097938 0
    outer loop
      vertex 56.1576 54.1853 6.5
      vertex 56.1 53.6 2.5
      vertex 56.1 53.6 6.5
    endloop
  endfacet
  facet normal -0.634413 -0.772994 0
    outer loop
      vertex 56.9787 51.4787 2.5
      vertex 57.4333 51.1056 6.5
      vertex 56.9787 51.4787 6.5
    endloop
  endfacet
  facet normal -0.634413 -0.772994 -0
    outer loop
      vertex 57.4333 51.1056 6.5
      vertex 56.9787 51.4787 2.5
      vertex 57.4333 51.1056 2.5
    endloop
  endfacet
  facet normal -0.290451 0.95689 0
    outer loop
      vertex 58.5147 56.5424 2.5
      vertex 57.952 56.3716 6.5
      vertex 58.5147 56.5424 6.5
    endloop
  endfacet
  facet normal -0.290451 0.95689 0
    outer loop
      vertex 57.952 56.3716 6.5
      vertex 58.5147 56.5424 2.5
      vertex 57.952 56.3716 2.5
    endloop
  endfacet
  facet normal 0.4714 -0.881919 0
    outer loop
      vertex 60.2481 50.8284 2.5
      vertex 60.7667 51.1056 6.5
      vertex 60.2481 50.8284 6.5
    endloop
  endfacet
  facet normal 0.4714 -0.881919 0
    outer loop
      vertex 60.7667 51.1056 6.5
      vertex 60.2481 50.8284 2.5
      vertex 60.7667 51.1056 2.5
    endloop
  endfacet
  facet normal 0.290404 0.956904 -0
    outer loop
      vertex 60.2481 56.3716 2.5
      vertex 59.6853 56.5424 6.5
      vertex 60.2481 56.3716 6.5
    endloop
  endfacet
  facet normal 0.290404 0.956904 0
    outer loop
      vertex 59.6853 56.5424 6.5
      vertex 60.2481 56.3716 2.5
      vertex 59.6853 56.5424 2.5
    endloop
  endfacet
  facet normal 0.634413 0.772994 -0
    outer loop
      vertex 61.2213 55.7213 2.5
      vertex 60.7667 56.0944 6.5
      vertex 61.2213 55.7213 6.5
    endloop
  endfacet
  facet normal 0.634413 0.772994 0
    outer loop
      vertex 60.7667 56.0944 6.5
      vertex 61.2213 55.7213 2.5
      vertex 60.7667 56.0944 2.5
    endloop
  endfacet
  facet normal -0.772994 0.634413 0
    outer loop
      vertex 56.6056 55.2667 2.5
      vertex 56.9787 55.7213 6.5
      vertex 56.9787 55.7213 2.5
    endloop
  endfacet
  facet normal -0.772994 0.634413 0
    outer loop
      vertex 56.9787 55.7213 6.5
      vertex 56.6056 55.2667 2.5
      vertex 56.6056 55.2667 6.5
    endloop
  endfacet
  facet normal -0.634413 0.772994 0
    outer loop
      vertex 57.4333 56.0944 2.5
      vertex 56.9787 55.7213 6.5
      vertex 57.4333 56.0944 6.5
    endloop
  endfacet
  facet normal -0.634413 0.772994 0
    outer loop
      vertex 56.9787 55.7213 6.5
      vertex 57.4333 56.0944 2.5
      vertex 56.9787 55.7213 2.5
    endloop
  endfacet
  facet normal 0 0 1
    outer loop
      vertex 60.1 53.6 6.5
      vertex 62.1 53.6 6.5
      vertex 62.0424 54.1853 6.5
    endloop
  endfacet
  facet normal 0 0 1
    outer loop
      vertex 59.9413 54.1406 6.5
      vertex 62.0424 54.1853 6.5
      vertex 61.8716 54.7481 6.5
    endloop
  endfacet
  facet normal 0 0 1
    outer loop
      vertex 62.1 53.6 6.5
      vertex 60.1 53.6 6.5
      vertex 62.0424 53.0147 6.5
    endloop
  endfacet
  facet normal 0 0 1
    outer loop
      vertex 59.9413 54.1406 6.5
      vertex 61.8716 54.7481 6.5
      vertex 61.5944 55.2667 6.5
    endloop
  endfacet
  facet normal -0 0 1
    outer loop
      vertex 59.9413 53.0594 6.5
      vertex 62.0424 53.0147 6.5
      vertex 60.1 53.6 6.5
    endloop
  endfacet
  facet normal 0 0 1
    outer loop
      vertex 59.9413 54.1406 6.5
      vertex 61.5944 55.2667 6.5
      vertex 61.2213 55.7213 6.5
    endloop
  endfacet
  facet normal 0 0 1
    outer loop
      vertex 62.0424 53.0147 6.5
      vertex 59.9413 53.0594 6.5
      vertex 61.8716 52.452 6.5
    endloop
  endfacet
  facet normal 0 0 1
    outer loop
      vertex 59.5154 54.5096 6.5
      vertex 61.2213 55.7213 6.5
      vertex 60.7667 56.0944 6.5
    endloop
  endfacet
  facet normal 0 0 1
    outer loop
      vertex 61.8716 52.452 6.5
      vertex 59.9413 53.0594 6.5
      vertex 61.5944 51.9333 6.5
    endloop
  endfacet
  facet normal 0 0 1
    outer loop
      vertex 59.5154 54.5096 6.5
      vertex 60.7667 56.0944 6.5
      vertex 60.2481 56.3716 6.5
    endloop
  endfacet
  facet normal 0 0 1
    outer loop
      vertex 61.5944 51.9333 6.5
      vertex 59.9413 53.0594 6.5
      vertex 61.2213 51.4787 6.5
    endloop
  endfacet
  facet normal -0 0 1
    outer loop
      vertex 59.5154 52.6904 6.5
      vertex 61.2213 51.4787 6.5
      vertex 59.9413 53.0594 6.5
    endloop
  endfacet
  facet normal 0 0 1
    outer loop
      vertex 62.0424 54.1853 6.5
      vertex 59.9413 54.1406 6.5
      vertex 60.1 53.6 6.5
    endloop
  endfacet
  facet normal 0 0 1
    outer loop
      vertex 59.5154 54.5096 6.5
      vertex 60.2481 56.3716 6.5
      vertex 59.6853 56.5424 6.5
    endloop
  endfacet
  facet normal 0 0 1
    outer loop
      vertex 61.2213 55.7213 6.5
      vertex 59.5154 54.5096 6.5
      vertex 59.9413 54.1406 6.5
    endloop
  endfacet
  facet normal 0 0 1
    outer loop
      vertex 58.9577 54.5898 6.5
      vertex 59.6853 56.5424 6.5
      vertex 59.1 56.6 6.5
    endloop
  endfacet
  facet normal 0 0 1
    outer loop
      vertex 59.6853 56.5424 6.5
      vertex 58.9577 54.5898 6.5
      vertex 59.5154 54.5096 6.5
    endloop
  endfacet
  facet normal -0 0 1
    outer loop
      vertex 58.5147 56.5424 6.5
      vertex 58.9577 54.5898 6.5
      vertex 59.1 56.6 6.5
    endloop
  endfacet
  facet normal -0 0 1
    outer loop
      vertex 57.952 56.3716 6.5
      vertex 58.9577 54.5898 6.5
      vertex 58.5147 56.5424 6.5
    endloop
  endfacet
  facet normal 0 0 1
    outer loop
      vertex 58.9577 54.5898 6.5
      vertex 57.952 56.3716 6.5
      vertex 58.4451 54.3557 6.5
    endloop
  endfacet
  facet normal -0 0 1
    outer loop
      vertex 56.9787 55.7213 6.5
      vertex 58.4451 54.3557 6.5
      vertex 57.4333 56.0944 6.5
    endloop
  endfacet
  facet normal -0 0 1
    outer loop
      vertex 57.4333 56.0944 6.5
      vertex 58.4451 54.3557 6.5
      vertex 57.952 56.3716 6.5
    endloop
  endfacet
  facet normal 0 0 1
    outer loop
      vertex 61.2213 51.4787 6.5
      vertex 59.5154 52.6904 6.5
      vertex 60.7667 51.1056 6.5
    endloop
  endfacet
  facet normal 0 0 1
    outer loop
      vertex 60.7667 51.1056 6.5
      vertex 59.5154 52.6904 6.5
      vertex 60.2481 50.8284 6.5
    endloop
  endfacet
  facet normal 0 0 1
    outer loop
      vertex 60.2481 50.8284 6.5
      vertex 59.5154 52.6904 6.5
      vertex 59.6853 50.6576 6.5
    endloop
  endfacet
  facet normal -0 0 1
    outer loop
      vertex 58.9577 52.6102 6.5
      vertex 59.6853 50.6576 6.5
      vertex 59.5154 52.6904 6.5
    endloop
  endfacet
  facet normal 0 0 1
    outer loop
      vertex 59.6853 50.6576 6.5
      vertex 58.9577 52.6102 6.5
      vertex 59.1 50.6 6.5
    endloop
  endfacet
  facet normal 0 0 1
    outer loop
      vertex 58.9577 52.6102 6.5
      vertex 58.5147 50.6576 6.5
      vertex 59.1 50.6 6.5
    endloop
  endfacet
  facet normal 0 0 1
    outer loop
      vertex 57.952 50.8284 6.5
      vertex 58.9577 52.6102 6.5
      vertex 58.4451 52.8442 6.5
    endloop
  endfacet
  facet normal 0 0 1
    outer loop
      vertex 56.6056 51.9333 6.5
      vertex 58.4451 52.8442 6.5
      vertex 58.1405 53.3183 6.5
    endloop
  endfacet
  facet normal 0 0 1
    outer loop
      vertex 58.9577 52.6102 6.5
      vertex 57.952 50.8284 6.5
      vertex 58.5147 50.6576 6.5
    endloop
  endfacet
  facet normal -0 0 1
    outer loop
      vertex 56.6056 55.2667 6.5
      vertex 58.4451 54.3557 6.5
      vertex 56.9787 55.7213 6.5
    endloop
  endfacet
  facet normal 0 0 1
    outer loop
      vertex 58.4451 54.3557 6.5
      vertex 56.6056 55.2667 6.5
      vertex 58.1405 53.8817 6.5
    endloop
  endfacet
  facet normal 0 0 1
    outer loop
      vertex 58.4451 52.8442 6.5
      vertex 57.4333 51.1056 6.5
      vertex 57.952 50.8284 6.5
    endloop
  endfacet
  facet normal -0 0 1
    outer loop
      vertex 56.3284 54.7481 6.5
      vertex 58.1405 53.8817 6.5
      vertex 56.6056 55.2667 6.5
    endloop
  endfacet
  facet normal 0 0 1
    outer loop
      vertex 58.4451 52.8442 6.5
      vertex 56.9787 51.4787 6.5
      vertex 57.4333 51.1056 6.5
    endloop
  endfacet
  facet normal -0 0 1
    outer loop
      vertex 56.1576 54.1853 6.5
      vertex 58.1405 53.8817 6.5
      vertex 56.3284 54.7481 6.5
    endloop
  endfacet
  facet normal 0 0 1
    outer loop
      vertex 58.4451 52.8442 6.5
      vertex 56.6056 51.9333 6.5
      vertex 56.9787 51.4787 6.5
    endloop
  endfacet
  facet normal 0 0 1
    outer loop
      vertex 56.1 53.6 6.5
      vertex 58.1405 53.8817 6.5
      vertex 56.1576 54.1853 6.5
    endloop
  endfacet
  facet normal 0 0 1
    outer loop
      vertex 58.1405 53.3183 6.5
      vertex 56.3284 52.452 6.5
      vertex 56.6056 51.9333 6.5
    endloop
  endfacet
  facet normal 0 0 1
    outer loop
      vertex 58.1405 53.8817 6.5
      vertex 56.1 53.6 6.5
      vertex 58.1405 53.3183 6.5
    endloop
  endfacet
  facet normal 0 0 1
    outer loop
      vertex 58.1405 53.3183 6.5
      vertex 56.1576 53.0147 6.5
      vertex 56.3284 52.452 6.5
    endloop
  endfacet
  facet normal 0 0 1
    outer loop
      vertex 58.1405 53.3183 6.5
      vertex 56.1 53.6 6.5
      vertex 56.1576 53.0147 6.5
    endloop
  endfacet
  facet normal -0.772994 -0.634413 0
    outer loop
      vertex 56.9787 51.4787 2.5
      vertex 56.6056 51.9333 6.5
      vertex 56.6056 51.9333 2.5
    endloop
  endfacet
  facet normal -0.772994 -0.634413 0
    outer loop
      vertex 56.6056 51.9333 6.5
      vertex 56.9787 51.4787 2.5
      vertex 56.9787 51.4787 6.5
    endloop
  endfacet
  facet normal -0.881957 -0.471329 0
    outer loop
      vertex 56.6056 51.9333 2.5
      vertex 56.3284 52.452 6.5
      vertex 56.3284 52.452 2.5
    endloop
  endfacet
  facet normal -0.881957 -0.471329 0
    outer loop
      vertex 56.3284 52.452 6.5
      vertex 56.6056 51.9333 2.5
      vertex 56.6056 51.9333 6.5
    endloop
  endfacet
  facet normal 0.290404 -0.956904 0
    outer loop
      vertex 59.6853 50.6576 2.5
      vertex 60.2481 50.8284 6.5
      vertex 59.6853 50.6576 6.5
    endloop
  endfacet
  facet normal 0.290404 -0.956904 0
    outer loop
      vertex 60.2481 50.8284 6.5
      vertex 59.6853 50.6576 2.5
      vertex 60.2481 50.8284 2.5
    endloop
  endfacet
  facet normal -0.881919 0.4714 0
    outer loop
      vertex 56.3284 54.7481 2.5
      vertex 56.6056 55.2667 6.5
      vertex 56.6056 55.2667 2.5
    endloop
  endfacet
  facet normal -0.881919 0.4714 0
    outer loop
      vertex 56.6056 55.2667 6.5
      vertex 56.3284 54.7481 2.5
      vertex 56.3284 54.7481 6.5
    endloop
  endfacet
  facet normal 0.881957 -0.471329 0
    outer loop
      vertex 61.5944 51.9333 6.5
      vertex 61.8716 52.452 2.5
      vertex 61.8716 52.452 6.5
    endloop
  endfacet
  facet normal 0.881957 -0.471329 0
    outer loop
      vertex 61.8716 52.452 2.5
      vertex 61.5944 51.9333 6.5
      vertex 61.5944 51.9333 2.5
    endloop
  endfacet
  facet normal 0.772994 -0.634413 0
    outer loop
      vertex 61.2213 51.4787 6.5
      vertex 61.5944 51.9333 2.5
      vertex 61.5944 51.9333 6.5
    endloop
  endfacet
  facet normal 0.772994 -0.634413 0
    outer loop
      vertex 61.5944 51.9333 2.5
      vertex 61.2213 51.4787 6.5
      vertex 61.2213 51.4787 2.5
    endloop
  endfacet
  facet normal -0.097938 -0.995193 0
    outer loop
      vertex 58.5147 50.6576 2.5
      vertex 59.1 50.6 6.5
      vertex 58.5147 50.6576 6.5
    endloop
  endfacet
  facet normal -0.097938 -0.995193 -0
    outer loop
      vertex 59.1 50.6 6.5
      vertex 58.5147 50.6576 2.5
      vertex 59.1 50.6 2.5
    endloop
  endfacet
  facet normal -0.471329 -0.881957 0
    outer loop
      vertex 57.4333 51.1056 2.5
      vertex 57.952 50.8284 6.5
      vertex 57.4333 51.1056 6.5
    endloop
  endfacet
  facet normal -0.471329 -0.881957 -0
    outer loop
      vertex 57.952 50.8284 6.5
      vertex 57.4333 51.1056 2.5
      vertex 57.952 50.8284 2.5
    endloop
  endfacet
  facet normal 0.95689 -0.290451 0
    outer loop
      vertex 61.8716 52.452 6.5
      vertex 62.0424 53.0147 2.5
      vertex 62.0424 53.0147 6.5
    endloop
  endfacet
  facet normal 0.95689 -0.290451 0
    outer loop
      vertex 62.0424 53.0147 2.5
      vertex 61.8716 52.452 6.5
      vertex 61.8716 52.452 2.5
    endloop
  endfacet
  facet normal 0.841323 0.540533 0
    outer loop
      vertex 58.4451 52.8442 6.5
      vertex 58.1405 53.3183 2.5
      vertex 58.1405 53.3183 6.5
    endloop
  endfacet
  facet normal 0.841323 0.540533 0
    outer loop
      vertex 58.1405 53.3183 2.5
      vertex 58.4451 52.8442 6.5
      vertex 58.4451 52.8442 2.5
    endloop
  endfacet
  facet normal -0.654816 -0.755789 0
    outer loop
      vertex 59.5154 54.5096 2.5
      vertex 59.9413 54.1406 6.5
      vertex 59.5154 54.5096 6.5
    endloop
  endfacet
  facet normal -0.654816 -0.755789 -0
    outer loop
      vertex 59.9413 54.1406 6.5
      vertex 59.5154 54.5096 2.5
      vertex 59.9413 54.1406 2.5
    endloop
  endfacet
  facet normal -0.95951 -0.281676 0
    outer loop
      vertex 60.1 53.6 2.5
      vertex 59.9413 54.1406 6.5
      vertex 59.9413 54.1406 2.5
    endloop
  endfacet
  facet normal -0.95951 -0.281676 0
    outer loop
      vertex 59.9413 54.1406 6.5
      vertex 60.1 53.6 2.5
      vertex 60.1 53.6 6.5
    endloop
  endfacet
  facet normal -0.142341 -0.989818 0
    outer loop
      vertex 58.9577 54.5898 2.5
      vertex 59.5154 54.5096 6.5
      vertex 58.9577 54.5898 6.5
    endloop
  endfacet
  facet normal -0.142341 -0.989818 -0
    outer loop
      vertex 59.5154 54.5096 6.5
      vertex 58.9577 54.5898 2.5
      vertex 59.5154 54.5096 2.5
    endloop
  endfacet
  facet normal -0.654816 0.755789 0
    outer loop
      vertex 59.9413 53.0594 2.5
      vertex 59.5154 52.6904 6.5
      vertex 59.9413 53.0594 6.5
    endloop
  endfacet
  facet normal -0.654816 0.755789 0
    outer loop
      vertex 59.5154 52.6904 6.5
      vertex 59.9413 53.0594 2.5
      vertex 59.5154 52.6904 2.5
    endloop
  endfacet
  facet normal 0.41542 -0.90963 0
    outer loop
      vertex 58.4451 54.3557 2.5
      vertex 58.9577 54.5898 6.5
      vertex 58.4451 54.3557 6.5
    endloop
  endfacet
  facet normal 0.41542 -0.90963 0
    outer loop
      vertex 58.9577 54.5898 6.5
      vertex 58.4451 54.3557 2.5
      vertex 58.9577 54.5898 2.5
    endloop
  endfacet
  facet normal -0.95951 0.281676 0
    outer loop
      vertex 59.9413 53.0594 2.5
      vertex 60.1 53.6 6.5
      vertex 60.1 53.6 2.5
    endloop
  endfacet
  facet normal -0.95951 0.281676 0
    outer loop
      vertex 60.1 53.6 6.5
      vertex 59.9413 53.0594 2.5
      vertex 59.9413 53.0594 6.5
    endloop
  endfacet
  facet normal 1 -0 0
    outer loop
      vertex 58.1405 53.3183 6.5
      vertex 58.1405 53.8817 2.5
      vertex 58.1405 53.8817 6.5
    endloop
  endfacet
  facet normal 1 0 0
    outer loop
      vertex 58.1405 53.8817 2.5
      vertex 58.1405 53.3183 6.5
      vertex 58.1405 53.3183 2.5
    endloop
  endfacet
  facet normal -0.142341 0.989818 0
    outer loop
      vertex 59.5154 52.6904 2.5
      vertex 58.9577 52.6102 6.5
      vertex 59.5154 52.6904 6.5
    endloop
  endfacet
  facet normal -0.142341 0.989818 0
    outer loop
      vertex 58.9577 52.6102 6.5
      vertex 59.5154 52.6904 2.5
      vertex 58.9577 52.6102 2.5
    endloop
  endfacet
  facet normal 0.841271 -0.540614 0
    outer loop
      vertex 58.1405 53.8817 6.5
      vertex 58.4451 54.3557 2.5
      vertex 58.4451 54.3557 6.5
    endloop
  endfacet
  facet normal 0.841271 -0.540614 0
    outer loop
      vertex 58.4451 54.3557 2.5
      vertex 58.1405 53.8817 6.5
      vertex 58.1405 53.8817 2.5
    endloop
  endfacet
  facet normal 0.415273 0.909697 -0
    outer loop
      vertex 58.9577 52.6102 2.5
      vertex 58.4451 52.8442 6.5
      vertex 58.9577 52.6102 6.5
    endloop
  endfacet
  facet normal 0.415273 0.909697 0
    outer loop
      vertex 58.4451 52.8442 6.5
      vertex 58.9577 52.6102 2.5
      vertex 58.4451 52.8442 2.5
    endloop
  endfacet
  facet normal 0.881919 0.4714 0
    outer loop
      vertex 77.8716 58.2481 6.5
      vertex 77.5944 58.7667 2.5
      vertex 77.5944 58.7667 6.5
    endloop
  endfacet
  facet normal 0.881919 0.4714 0
    outer loop
      vertex 77.5944 58.7667 2.5
      vertex 77.8716 58.2481 6.5
      vertex 77.8716 58.2481 2.5
    endloop
  endfacet
  facet normal -0.097938 0.995193 0
    outer loop
      vertex 75.1 60.1 2.5
      vertex 74.5147 60.0424 6.5
      vertex 75.1 60.1 6.5
    endloop
  endfacet
  facet normal -0.097938 0.995193 0
    outer loop
      vertex 74.5147 60.0424 6.5
      vertex 75.1 60.1 2.5
      vertex 74.5147 60.0424 2.5
    endloop
  endfacet
  facet normal -0.995193 -0.097938 0
    outer loop
      vertex 72.1576 56.5147 2.5
      vertex 72.1 57.1 6.5
      vertex 72.1 57.1 2.5
    endloop
  endfacet
  facet normal -0.995193 -0.097938 0
    outer loop
      vertex 72.1 57.1 6.5
      vertex 72.1576 56.5147 2.5
      vertex 72.1576 56.5147 6.5
    endloop
  endfacet
  facet normal 0.956904 0.290404 0
    outer loop
      vertex 78.0424 57.6853 6.5
      vertex 77.8716 58.2481 2.5
      vertex 77.8716 58.2481 6.5
    endloop
  endfacet
  facet normal 0.956904 0.290404 0
    outer loop
      vertex 77.8716 58.2481 2.5
      vertex 78.0424 57.6853 6.5
      vertex 78.0424 57.6853 2.5
    endloop
  endfacet
  facet normal 0.995193 -0.097938 0
    outer loop
      vertex 78.0424 56.5147 6.5
      vertex 78.1 57.1 2.5
      vertex 78.1 57.1 6.5
    endloop
  endfacet
  facet normal 0.995193 -0.097938 0
    outer loop
      vertex 78.1 57.1 2.5
      vertex 78.0424 56.5147 6.5
      vertex 78.0424 56.5147 2.5
    endloop
  endfacet
  facet normal 0.471329 0.881957 -0
    outer loop
      vertex 76.7667 59.5944 2.5
      vertex 76.248 59.8716 6.5
      vertex 76.7667 59.5944 6.5
    endloop
  endfacet
  facet normal 0.471329 0.881957 0
    outer loop
      vertex 76.248 59.8716 6.5
      vertex 76.7667 59.5944 2.5
      vertex 76.248 59.8716 2.5
    endloop
  endfacet
  facet normal 0.772994 0.634413 0
    outer loop
      vertex 77.5944 58.7667 6.5
      vertex 77.2213 59.2213 2.5
      vertex 77.2213 59.2213 6.5
    endloop
  endfacet
  facet normal 0.772994 0.634413 0
    outer loop
      vertex 77.2213 59.2213 2.5
      vertex 77.5944 58.7667 6.5
      vertex 77.5944 58.7667 2.5
    endloop
  endfacet
  facet normal -0.956904 0.290404 0
    outer loop
      vertex 72.1576 57.6853 2.5
      vertex 72.3284 58.2481 6.5
      vertex 72.3284 58.2481 2.5
    endloop
  endfacet
  facet normal -0.956904 0.290404 0
    outer loop
      vertex 72.3284 58.2481 6.5
      vertex 72.1576 57.6853 2.5
      vertex 72.1576 57.6853 6.5
    endloop
  endfacet
  facet normal -0.95689 -0.290451 0
    outer loop
      vertex 72.3284 55.952 2.5
      vertex 72.1576 56.5147 6.5
      vertex 72.1576 56.5147 2.5
    endloop
  endfacet
  facet normal -0.95689 -0.290451 0
    outer loop
      vertex 72.1576 56.5147 6.5
      vertex 72.3284 55.952 2.5
      vertex 72.3284 55.952 6.5
    endloop
  endfacet
  facet normal 0.995193 0.097938 0
    outer loop
      vertex 78.1 57.1 6.5
      vertex 78.0424 57.6853 2.5
      vertex 78.0424 57.6853 6.5
    endloop
  endfacet
  facet normal 0.995193 0.097938 0
    outer loop
      vertex 78.0424 57.6853 2.5
      vertex 78.1 57.1 6.5
      vertex 78.1 57.1 2.5
    endloop
  endfacet
  facet normal -0.471329 0.881957 0
    outer loop
      vertex 73.952 59.8716 2.5
      vertex 73.4333 59.5944 6.5
      vertex 73.952 59.8716 6.5
    endloop
  endfacet
  facet normal -0.471329 0.881957 0
    outer loop
      vertex 73.4333 59.5944 6.5
      vertex 73.952 59.8716 2.5
      vertex 73.4333 59.5944 2.5
    endloop
  endfacet
  facet normal -0.290451 -0.95689 0
    outer loop
      vertex 73.952 54.3284 2.5
      vertex 74.5147 54.1576 6.5
      vertex 73.952 54.3284 6.5
    endloop
  endfacet
  facet normal -0.290451 -0.95689 -0
    outer loop
      vertex 74.5147 54.1576 6.5
      vertex 73.952 54.3284 2.5
      vertex 74.5147 54.1576 2.5
    endloop
  endfacet
  facet normal 0.097938 0.995193 -0
    outer loop
      vertex 75.6853 60.0424 2.5
      vertex 75.1 60.1 6.5
      vertex 75.6853 60.0424 6.5
    endloop
  endfacet
  facet normal 0.097938 0.995193 0
    outer loop
      vertex 75.1 60.1 6.5
      vertex 75.6853 60.0424 2.5
      vertex 75.1 60.1 2.5
    endloop
  endfacet
  facet normal 0.634413 -0.772994 0
    outer loop
      vertex 76.7667 54.6056 2.5
      vertex 77.2213 54.9787 6.5
      vertex 76.7667 54.6056 6.5
    endloop
  endfacet
  facet normal 0.634413 -0.772994 0
    outer loop
      vertex 77.2213 54.9787 6.5
      vertex 76.7667 54.6056 2.5
      vertex 77.2213 54.9787 2.5
    endloop
  endfacet
  facet normal 0.097938 -0.995193 0
    outer loop
      vertex 75.1 54.1 2.5
      vertex 75.6853 54.1576 6.5
      vertex 75.1 54.1 6.5
    endloop
  endfacet
  facet normal 0.097938 -0.995193 0
    outer loop
      vertex 75.6853 54.1576 6.5
      vertex 75.1 54.1 2.5
      vertex 75.6853 54.1576 2.5
    endloop
  endfacet
  facet normal -0.995193 0.097938 0
    outer loop
      vertex 72.1 57.1 2.5
      vertex 72.1576 57.6853 6.5
      vertex 72.1576 57.6853 2.5
    endloop
  endfacet
  facet normal -0.995193 0.097938 0
    outer loop
      vertex 72.1576 57.6853 6.5
      vertex 72.1 57.1 2.5
      vertex 72.1 57.1 6.5
    endloop
  endfacet
  facet normal -0.634413 -0.772994 0
    outer loop
      vertex 72.9787 54.9787 2.5
      vertex 73.4333 54.6056 6.5
      vertex 72.9787 54.9787 6.5
    endloop
  endfacet
  facet normal -0.634413 -0.772994 -0
    outer loop
      vertex 73.4333 54.6056 6.5
      vertex 72.9787 54.9787 2.5
      vertex 73.4333 54.6056 2.5
    endloop
  endfacet
  facet normal -0.290451 0.95689 0
    outer loop
      vertex 74.5147 60.0424 2.5
      vertex 73.952 59.8716 6.5
      vertex 74.5147 60.0424 6.5
    endloop
  endfacet
  facet normal -0.290451 0.95689 0
    outer loop
      vertex 73.952 59.8716 6.5
      vertex 74.5147 60.0424 2.5
      vertex 73.952 59.8716 2.5
    endloop
  endfacet
  facet normal 0.471329 -0.881957 0
    outer loop
      vertex 76.248 54.3284 2.5
      vertex 76.7667 54.6056 6.5
      vertex 76.248 54.3284 6.5
    endloop
  endfacet
  facet normal 0.471329 -0.881957 0
    outer loop
      vertex 76.7667 54.6056 6.5
      vertex 76.248 54.3284 2.5
      vertex 76.7667 54.6056 2.5
    endloop
  endfacet
  facet normal 0.290451 0.95689 -0
    outer loop
      vertex 76.248 59.8716 2.5
      vertex 75.6853 60.0424 6.5
      vertex 76.248 59.8716 6.5
    endloop
  endfacet
  facet normal 0.290451 0.95689 0
    outer loop
      vertex 75.6853 60.0424 6.5
      vertex 76.248 59.8716 2.5
      vertex 75.6853 60.0424 2.5
    endloop
  endfacet
  facet normal 0.634413 0.772994 -0
    outer loop
      vertex 77.2213 59.2213 2.5
      vertex 76.7667 59.5944 6.5
      vertex 77.2213 59.2213 6.5
    endloop
  endfacet
  facet normal 0.634413 0.772994 0
    outer loop
      vertex 76.7667 59.5944 6.5
      vertex 77.2213 59.2213 2.5
      vertex 76.7667 59.5944 2.5
    endloop
  endfacet
  facet normal -0.772994 0.634413 0
    outer loop
      vertex 72.6056 58.7667 2.5
      vertex 72.9787 59.2213 6.5
      vertex 72.9787 59.2213 2.5
    endloop
  endfacet
  facet normal -0.772994 0.634413 0
    outer loop
      vertex 72.9787 59.2213 6.5
      vertex 72.6056 58.7667 2.5
      vertex 72.6056 58.7667 6.5
    endloop
  endfacet
  facet normal -0.634413 0.772994 0
    outer loop
      vertex 73.4333 59.5944 2.5
      vertex 72.9787 59.2213 6.5
      vertex 73.4333 59.5944 6.5
    endloop
  endfacet
  facet normal -0.634413 0.772994 0
    outer loop
      vertex 72.9787 59.2213 6.5
      vertex 73.4333 59.5944 2.5
      vertex 72.9787 59.2213 2.5
    endloop
  endfacet
  facet normal 0 0 1
    outer loop
      vertex 76.1 57.1 6.5
      vertex 78.1 57.1 6.5
      vertex 78.0424 57.6853 6.5
    endloop
  endfacet
  facet normal 0 0 1
    outer loop
      vertex 75.9413 57.6406 6.5
      vertex 78.0424 57.6853 6.5
      vertex 77.8716 58.2481 6.5
    endloop
  endfacet
  facet normal 0 0 1
    outer loop
      vertex 78.1 57.1 6.5
      vertex 76.1 57.1 6.5
      vertex 78.0424 56.5147 6.5
    endloop
  endfacet
  facet normal 0 0 1
    outer loop
      vertex 75.9413 57.6406 6.5
      vertex 77.8716 58.2481 6.5
      vertex 77.5944 58.7667 6.5
    endloop
  endfacet
  facet normal -0 0 1
    outer loop
      vertex 75.9413 56.5594 6.5
      vertex 78.0424 56.5147 6.5
      vertex 76.1 57.1 6.5
    endloop
  endfacet
  facet normal 0 0 1
    outer loop
      vertex 75.9413 57.6406 6.5
      vertex 77.5944 58.7667 6.5
      vertex 77.2213 59.2213 6.5
    endloop
  endfacet
  facet normal 0 0 1
    outer loop
      vertex 78.0424 56.5147 6.5
      vertex 75.9413 56.5594 6.5
      vertex 77.8716 55.952 6.5
    endloop
  endfacet
  facet normal 0 0 1
    outer loop
      vertex 75.5154 58.0096 6.5
      vertex 77.2213 59.2213 6.5
      vertex 76.7667 59.5944 6.5
    endloop
  endfacet
  facet normal 0 0 1
    outer loop
      vertex 77.8716 55.952 6.5
      vertex 75.9413 56.5594 6.5
      vertex 77.5944 55.4333 6.5
    endloop
  endfacet
  facet normal 0 0 1
    outer loop
      vertex 75.5154 58.0096 6.5
      vertex 76.7667 59.5944 6.5
      vertex 76.248 59.8716 6.5
    endloop
  endfacet
  facet normal 0 0 1
    outer loop
      vertex 77.5944 55.4333 6.5
      vertex 75.9413 56.5594 6.5
      vertex 77.2213 54.9787 6.5
    endloop
  endfacet
  facet normal -0 0 1
    outer loop
      vertex 75.5154 56.1904 6.5
      vertex 77.2213 54.9787 6.5
      vertex 75.9413 56.5594 6.5
    endloop
  endfacet
  facet normal 0 0 1
    outer loop
      vertex 78.0424 57.6853 6.5
      vertex 75.9413 57.6406 6.5
      vertex 76.1 57.1 6.5
    endloop
  endfacet
  facet normal 0 0 1
    outer loop
      vertex 75.5154 58.0096 6.5
      vertex 76.248 59.8716 6.5
      vertex 75.6853 60.0424 6.5
    endloop
  endfacet
  facet normal 0 0 1
    outer loop
      vertex 77.2213 59.2213 6.5
      vertex 75.5154 58.0096 6.5
      vertex 75.9413 57.6406 6.5
    endloop
  endfacet
  facet normal 0 0 1
    outer loop
      vertex 74.9577 58.0898 6.5
      vertex 75.6853 60.0424 6.5
      vertex 75.1 60.1 6.5
    endloop
  endfacet
  facet normal 0 0 1
    outer loop
      vertex 75.6853 60.0424 6.5
      vertex 74.9577 58.0898 6.5
      vertex 75.5154 58.0096 6.5
    endloop
  endfacet
  facet normal -0 0 1
    outer loop
      vertex 74.5147 60.0424 6.5
      vertex 74.9577 58.0898 6.5
      vertex 75.1 60.1 6.5
    endloop
  endfacet
  facet normal -0 0 1
    outer loop
      vertex 73.952 59.8716 6.5
      vertex 74.9577 58.0898 6.5
      vertex 74.5147 60.0424 6.5
    endloop
  endfacet
  facet normal 0 0 1
    outer loop
      vertex 74.9577 58.0898 6.5
      vertex 73.952 59.8716 6.5
      vertex 74.4451 57.8557 6.5
    endloop
  endfacet
  facet normal -0 0 1
    outer loop
      vertex 72.9787 59.2213 6.5
      vertex 74.4451 57.8557 6.5
      vertex 73.4333 59.5944 6.5
    endloop
  endfacet
  facet normal -0 0 1
    outer loop
      vertex 73.4333 59.5944 6.5
      vertex 74.4451 57.8557 6.5
      vertex 73.952 59.8716 6.5
    endloop
  endfacet
  facet normal 0 0 1
    outer loop
      vertex 77.2213 54.9787 6.5
      vertex 75.5154 56.1904 6.5
      vertex 76.7667 54.6056 6.5
    endloop
  endfacet
  facet normal 0 0 1
    outer loop
      vertex 76.7667 54.6056 6.5
      vertex 75.5154 56.1904 6.5
      vertex 76.248 54.3284 6.5
    endloop
  endfacet
  facet normal 0 0 1
    outer loop
      vertex 76.248 54.3284 6.5
      vertex 75.5154 56.1904 6.5
      vertex 75.6853 54.1576 6.5
    endloop
  endfacet
  facet normal -0 0 1
    outer loop
      vertex 74.9577 56.1102 6.5
      vertex 75.6853 54.1576 6.5
      vertex 75.5154 56.1904 6.5
    endloop
  endfacet
  facet normal 0 0 1
    outer loop
      vertex 75.6853 54.1576 6.5
      vertex 74.9577 56.1102 6.5
      vertex 75.1 54.1 6.5
    endloop
  endfacet
  facet normal 0 0 1
    outer loop
      vertex 74.9577 56.1102 6.5
      vertex 74.5147 54.1576 6.5
      vertex 75.1 54.1 6.5
    endloop
  endfacet
  facet normal 0 0 1
    outer loop
      vertex 73.952 54.3284 6.5
      vertex 74.9577 56.1102 6.5
      vertex 74.4451 56.3442 6.5
    endloop
  endfacet
  facet normal 0 0 1
    outer loop
      vertex 72.6056 55.4333 6.5
      vertex 74.4451 56.3442 6.5
      vertex 74.1405 56.8183 6.5
    endloop
  endfacet
  facet normal 0 0 1
    outer loop
      vertex 74.9577 56.1102 6.5
      vertex 73.952 54.3284 6.5
      vertex 74.5147 54.1576 6.5
    endloop
  endfacet
  facet normal -0 0 1
    outer loop
      vertex 72.6056 58.7667 6.5
      vertex 74.4451 57.8557 6.5
      vertex 72.9787 59.2213 6.5
    endloop
  endfacet
  facet normal 0 0 1
    outer loop
      vertex 74.4451 57.8557 6.5
      vertex 72.6056 58.7667 6.5
      vertex 74.1405 57.3817 6.5
    endloop
  endfacet
  facet normal 0 0 1
    outer loop
      vertex 74.4451 56.3442 6.5
      vertex 73.4333 54.6056 6.5
      vertex 73.952 54.3284 6.5
    endloop
  endfacet
  facet normal -0 0 1
    outer loop
      vertex 72.3284 58.2481 6.5
      vertex 74.1405 57.3817 6.5
      vertex 72.6056 58.7667 6.5
    endloop
  endfacet
  facet normal 0 0 1
    outer loop
      vertex 74.4451 56.3442 6.5
      vertex 72.9787 54.9787 6.5
      vertex 73.4333 54.6056 6.5
    endloop
  endfacet
  facet normal -0 0 1
    outer loop
      vertex 72.1576 57.6853 6.5
      vertex 74.1405 57.3817 6.5
      vertex 72.3284 58.2481 6.5
    endloop
  endfacet
  facet normal 0 0 1
    outer loop
      vertex 74.4451 56.3442 6.5
      vertex 72.6056 55.4333 6.5
      vertex 72.9787 54.9787 6.5
    endloop
  endfacet
  facet normal 0 0 1
    outer loop
      vertex 72.1 57.1 6.5
      vertex 74.1405 57.3817 6.5
      vertex 72.1576 57.6853 6.5
    endloop
  endfacet
  facet normal 0 0 1
    outer loop
      vertex 74.1405 56.8183 6.5
      vertex 72.3284 55.952 6.5
      vertex 72.6056 55.4333 6.5
    endloop
  endfacet
  facet normal 0 0 1
    outer loop
      vertex 74.1405 57.3817 6.5
      vertex 72.1 57.1 6.5
      vertex 74.1405 56.8183 6.5
    endloop
  endfacet
  facet normal 0 0 1
    outer loop
      vertex 74.1405 56.8183 6.5
      vertex 72.1576 56.5147 6.5
      vertex 72.3284 55.952 6.5
    endloop
  endfacet
  facet normal 0 0 1
    outer loop
      vertex 74.1405 56.8183 6.5
      vertex 72.1 57.1 6.5
      vertex 72.1576 56.5147 6.5
    endloop
  endfacet
  facet normal -0.772994 -0.634413 0
    outer loop
      vertex 72.9787 54.9787 2.5
      vertex 72.6056 55.4333 6.5
      vertex 72.6056 55.4333 2.5
    endloop
  endfacet
  facet normal -0.772994 -0.634413 0
    outer loop
      vertex 72.6056 55.4333 6.5
      vertex 72.9787 54.9787 2.5
      vertex 72.9787 54.9787 6.5
    endloop
  endfacet
  facet normal -0.881957 -0.471329 0
    outer loop
      vertex 72.6056 55.4333 2.5
      vertex 72.3284 55.952 6.5
      vertex 72.3284 55.952 2.5
    endloop
  endfacet
  facet normal -0.881957 -0.471329 0
    outer loop
      vertex 72.3284 55.952 6.5
      vertex 72.6056 55.4333 2.5
      vertex 72.6056 55.4333 6.5
    endloop
  endfacet
  facet normal 0.290451 -0.95689 0
    outer loop
      vertex 75.6853 54.1576 2.5
      vertex 76.248 54.3284 6.5
      vertex 75.6853 54.1576 6.5
    endloop
  endfacet
  facet normal 0.290451 -0.95689 0
    outer loop
      vertex 76.248 54.3284 6.5
      vertex 75.6853 54.1576 2.5
      vertex 76.248 54.3284 2.5
    endloop
  endfacet
  facet normal -0.881919 0.4714 0
    outer loop
      vertex 72.3284 58.2481 2.5
      vertex 72.6056 58.7667 6.5
      vertex 72.6056 58.7667 2.5
    endloop
  endfacet
  facet normal -0.881919 0.4714 0
    outer loop
      vertex 72.6056 58.7667 6.5
      vertex 72.3284 58.2481 2.5
      vertex 72.3284 58.2481 6.5
    endloop
  endfacet
  facet normal 0.881957 -0.471329 0
    outer loop
      vertex 77.5944 55.4333 6.5
      vertex 77.8716 55.952 2.5
      vertex 77.8716 55.952 6.5
    endloop
  endfacet
  facet normal 0.881957 -0.471329 0
    outer loop
      vertex 77.8716 55.952 2.5
      vertex 77.5944 55.4333 6.5
      vertex 77.5944 55.4333 2.5
    endloop
  endfacet
  facet normal 0.772994 -0.634413 0
    outer loop
      vertex 77.2213 54.9787 6.5
      vertex 77.5944 55.4333 2.5
      vertex 77.5944 55.4333 6.5
    endloop
  endfacet
  facet normal 0.772994 -0.634413 0
    outer loop
      vertex 77.5944 55.4333 2.5
      vertex 77.2213 54.9787 6.5
      vertex 77.2213 54.9787 2.5
    endloop
  endfacet
  facet normal -0.097938 -0.995193 0
    outer loop
      vertex 74.5147 54.1576 2.5
      vertex 75.1 54.1 6.5
      vertex 74.5147 54.1576 6.5
    endloop
  endfacet
  facet normal -0.097938 -0.995193 -0
    outer loop
      vertex 75.1 54.1 6.5
      vertex 74.5147 54.1576 2.5
      vertex 75.1 54.1 2.5
    endloop
  endfacet
  facet normal -0.471329 -0.881957 0
    outer loop
      vertex 73.4333 54.6056 2.5
      vertex 73.952 54.3284 6.5
      vertex 73.4333 54.6056 6.5
    endloop
  endfacet
  facet normal -0.471329 -0.881957 -0
    outer loop
      vertex 73.952 54.3284 6.5
      vertex 73.4333 54.6056 2.5
      vertex 73.952 54.3284 2.5
    endloop
  endfacet
  facet normal 0.95689 -0.290451 0
    outer loop
      vertex 77.8716 55.952 6.5
      vertex 78.0424 56.5147 2.5
      vertex 78.0424 56.5147 6.5
    endloop
  endfacet
  facet normal 0.95689 -0.290451 0
    outer loop
      vertex 78.0424 56.5147 2.5
      vertex 77.8716 55.952 6.5
      vertex 77.8716 55.952 2.5
    endloop
  endfacet
  facet normal 0.841323 0.540533 0
    outer loop
      vertex 74.4451 56.3442 6.5
      vertex 74.1405 56.8183 2.5
      vertex 74.1405 56.8183 6.5
    endloop
  endfacet
  facet normal 0.841323 0.540533 0
    outer loop
      vertex 74.1405 56.8183 2.5
      vertex 74.4451 56.3442 6.5
      vertex 74.4451 56.3442 2.5
    endloop
  endfacet
  facet normal -0.654816 -0.755789 0
    outer loop
      vertex 75.5154 58.0096 2.5
      vertex 75.9413 57.6406 6.5
      vertex 75.5154 58.0096 6.5
    endloop
  endfacet
  facet normal -0.654816 -0.755789 -0
    outer loop
      vertex 75.9413 57.6406 6.5
      vertex 75.5154 58.0096 2.5
      vertex 75.9413 57.6406 2.5
    endloop
  endfacet
  facet normal -0.95951 -0.281676 0
    outer loop
      vertex 76.1 57.1 2.5
      vertex 75.9413 57.6406 6.5
      vertex 75.9413 57.6406 2.5
    endloop
  endfacet
  facet normal -0.95951 -0.281676 0
    outer loop
      vertex 75.9413 57.6406 6.5
      vertex 76.1 57.1 2.5
      vertex 76.1 57.1 6.5
    endloop
  endfacet
  facet normal -0.142341 -0.989818 0
    outer loop
      vertex 74.9577 58.0898 2.5
      vertex 75.5154 58.0096 6.5
      vertex 74.9577 58.0898 6.5
    endloop
  endfacet
  facet normal -0.142341 -0.989818 -0
    outer loop
      vertex 75.5154 58.0096 6.5
      vertex 74.9577 58.0898 2.5
      vertex 75.5154 58.0096 2.5
    endloop
  endfacet
  facet normal -0.654816 0.755789 0
    outer loop
      vertex 75.9413 56.5594 2.5
      vertex 75.5154 56.1904 6.5
      vertex 75.9413 56.5594 6.5
    endloop
  endfacet
  facet normal -0.654816 0.755789 0
    outer loop
      vertex 75.5154 56.1904 6.5
      vertex 75.9413 56.5594 2.5
      vertex 75.5154 56.1904 2.5
    endloop
  endfacet
  facet normal 0.41542 -0.90963 0
    outer loop
      vertex 74.4451 57.8557 2.5
      vertex 74.9577 58.0898 6.5
      vertex 74.4451 57.8557 6.5
    endloop
  endfacet
  facet normal 0.41542 -0.90963 0
    outer loop
      vertex 74.9577 58.0898 6.5
      vertex 74.4451 57.8557 2.5
      vertex 74.9577 58.0898 2.5
    endloop
  endfacet
  facet normal -0.95951 0.281676 0
    outer loop
      vertex 75.9413 56.5594 2.5
      vertex 76.1 57.1 6.5
      vertex 76.1 57.1 2.5
    endloop
  endfacet
  facet normal -0.95951 0.281676 0
    outer loop
      vertex 76.1 57.1 6.5
      vertex 75.9413 56.5594 2.5
      vertex 75.9413 56.5594 6.5
    endloop
  endfacet
  facet normal 1 -0 0
    outer loop
      vertex 74.1405 56.8183 6.5
      vertex 74.1405 57.3817 2.5
      vertex 74.1405 57.3817 6.5
    endloop
  endfacet
  facet normal 1 0 0
    outer loop
      vertex 74.1405 57.3817 2.5
      vertex 74.1405 56.8183 6.5
      vertex 74.1405 56.8183 2.5
    endloop
  endfacet
  facet normal -0.142341 0.989818 0
    outer loop
      vertex 75.5154 56.1904 2.5
      vertex 74.9577 56.1102 6.5
      vertex 75.5154 56.1904 6.5
    endloop
  endfacet
  facet normal -0.142341 0.989818 0
    outer loop
      vertex 74.9577 56.1102 6.5
      vertex 75.5154 56.1904 2.5
      vertex 74.9577 56.1102 2.5
    endloop
  endfacet
  facet normal 0.841271 -0.540614 0
    outer loop
      vertex 74.1405 57.3817 6.5
      vertex 74.4451 57.8557 2.5
      vertex 74.4451 57.8557 6.5
    endloop
  endfacet
  facet normal 0.841271 -0.540614 0
    outer loop
      vertex 74.4451 57.8557 2.5
      vertex 74.1405 57.3817 6.5
      vertex 74.1405 57.3817 2.5
    endloop
  endfacet
  facet normal 0.415273 0.909697 -0
    outer loop
      vertex 74.9577 56.1102 2.5
      vertex 74.4451 56.3442 6.5
      vertex 74.9577 56.1102 6.5
    endloop
  endfacet
  facet normal 0.415273 0.909697 0
    outer loop
      vertex 74.4451 56.3442 6.5
      vertex 74.9577 56.1102 2.5
      vertex 74.4451 56.3442 2.5
    endloop
  endfacet
  facet normal 0.881957 0.471329 0
    outer loop
      vertex 98.2716 73.548 6.5
      vertex 97.9944 74.0667 2.5
      vertex 97.9944 74.0667 6.5
    endloop
  endfacet
  facet normal 0.881957 0.471329 0
    outer loop
      vertex 97.9944 74.0667 2.5
      vertex 98.2716 73.548 6.5
      vertex 98.2716 73.548 2.5
    endloop
  endfacet
  facet normal -0.097938 0.995193 0
    outer loop
      vertex 95.5 75.4 2.5
      vertex 94.9147 75.3424 6.5
      vertex 95.5 75.4 6.5
    endloop
  endfacet
  facet normal -0.097938 0.995193 0
    outer loop
      vertex 94.9147 75.3424 6.5
      vertex 95.5 75.4 2.5
      vertex 94.9147 75.3424 2.5
    endloop
  endfacet
  facet normal -0.995193 -0.097938 0
    outer loop
      vertex 92.5576 71.8147 2.5
      vertex 92.5 72.4 6.5
      vertex 92.5 72.4 2.5
    endloop
  endfacet
  facet normal -0.995193 -0.097938 0
    outer loop
      vertex 92.5 72.4 6.5
      vertex 92.5576 71.8147 2.5
      vertex 92.5576 71.8147 6.5
    endloop
  endfacet
  facet normal 0.95689 0.290451 0
    outer loop
      vertex 98.4424 72.9853 6.5
      vertex 98.2716 73.548 2.5
      vertex 98.2716 73.548 6.5
    endloop
  endfacet
  facet normal 0.95689 0.290451 0
    outer loop
      vertex 98.2716 73.548 2.5
      vertex 98.4424 72.9853 6.5
      vertex 98.4424 72.9853 2.5
    endloop
  endfacet
  facet normal 0.995193 -0.097938 0
    outer loop
      vertex 98.4424 71.8147 6.5
      vertex 98.5 72.4 2.5
      vertex 98.5 72.4 6.5
    endloop
  endfacet
  facet normal 0.995193 -0.097938 0
    outer loop
      vertex 98.5 72.4 2.5
      vertex 98.4424 71.8147 6.5
      vertex 98.4424 71.8147 2.5
    endloop
  endfacet
  facet normal 0.471329 0.881957 -0
    outer loop
      vertex 97.1667 74.8944 2.5
      vertex 96.648 75.1716 6.5
      vertex 97.1667 74.8944 6.5
    endloop
  endfacet
  facet normal 0.471329 0.881957 0
    outer loop
      vertex 96.648 75.1716 6.5
      vertex 97.1667 74.8944 2.5
      vertex 96.648 75.1716 2.5
    endloop
  endfacet
  facet normal 0.772994 0.634413 0
    outer loop
      vertex 97.9944 74.0667 6.5
      vertex 97.6213 74.5213 2.5
      vertex 97.6213 74.5213 6.5
    endloop
  endfacet
  facet normal 0.772994 0.634413 0
    outer loop
      vertex 97.6213 74.5213 2.5
      vertex 97.9944 74.0667 6.5
      vertex 97.9944 74.0667 2.5
    endloop
  endfacet
  facet normal -0.95689 0.290451 0
    outer loop
      vertex 92.5576 72.9853 2.5
      vertex 92.7284 73.548 6.5
      vertex 92.7284 73.548 2.5
    endloop
  endfacet
  facet normal -0.95689 0.290451 0
    outer loop
      vertex 92.7284 73.548 6.5
      vertex 92.5576 72.9853 2.5
      vertex 92.5576 72.9853 6.5
    endloop
  endfacet
  facet normal -0.95689 -0.290451 0
    outer loop
      vertex 92.7284 71.252 2.5
      vertex 92.5576 71.8147 6.5
      vertex 92.5576 71.8147 2.5
    endloop
  endfacet
  facet normal -0.95689 -0.290451 0
    outer loop
      vertex 92.5576 71.8147 6.5
      vertex 92.7284 71.252 2.5
      vertex 92.7284 71.252 6.5
    endloop
  endfacet
  facet normal 0.995193 0.097938 0
    outer loop
      vertex 98.5 72.4 6.5
      vertex 98.4424 72.9853 2.5
      vertex 98.4424 72.9853 6.5
    endloop
  endfacet
  facet normal 0.995193 0.097938 0
    outer loop
      vertex 98.4424 72.9853 2.5
      vertex 98.5 72.4 6.5
      vertex 98.5 72.4 2.5
    endloop
  endfacet
  facet normal -0.471329 0.881957 0
    outer loop
      vertex 94.352 75.1716 2.5
      vertex 93.8333 74.8944 6.5
      vertex 94.352 75.1716 6.5
    endloop
  endfacet
  facet normal -0.471329 0.881957 0
    outer loop
      vertex 93.8333 74.8944 6.5
      vertex 94.352 75.1716 2.5
      vertex 93.8333 74.8944 2.5
    endloop
  endfacet
  facet normal -0.290451 -0.95689 0
    outer loop
      vertex 94.352 69.6284 2.5
      vertex 94.9147 69.4576 6.5
      vertex 94.352 69.6284 6.5
    endloop
  endfacet
  facet normal -0.290451 -0.95689 -0
    outer loop
      vertex 94.9147 69.4576 6.5
      vertex 94.352 69.6284 2.5
      vertex 94.9147 69.4576 2.5
    endloop
  endfacet
  facet normal 0.097938 0.995193 -0
    outer loop
      vertex 96.0853 75.3424 2.5
      vertex 95.5 75.4 6.5
      vertex 96.0853 75.3424 6.5
    endloop
  endfacet
  facet normal 0.097938 0.995193 0
    outer loop
      vertex 95.5 75.4 6.5
      vertex 96.0853 75.3424 2.5
      vertex 95.5 75.4 2.5
    endloop
  endfacet
  facet normal 0.634413 -0.772994 0
    outer loop
      vertex 97.1667 69.9056 2.5
      vertex 97.6213 70.2787 6.5
      vertex 97.1667 69.9056 6.5
    endloop
  endfacet
  facet normal 0.634413 -0.772994 0
    outer loop
      vertex 97.6213 70.2787 6.5
      vertex 97.1667 69.9056 2.5
      vertex 97.6213 70.2787 2.5
    endloop
  endfacet
  facet normal 0.097938 -0.995193 0
    outer loop
      vertex 95.5 69.4 2.5
      vertex 96.0853 69.4576 6.5
      vertex 95.5 69.4 6.5
    endloop
  endfacet
  facet normal 0.097938 -0.995193 0
    outer loop
      vertex 96.0853 69.4576 6.5
      vertex 95.5 69.4 2.5
      vertex 96.0853 69.4576 2.5
    endloop
  endfacet
  facet normal -0.995193 0.097938 0
    outer loop
      vertex 92.5 72.4 2.5
      vertex 92.5576 72.9853 6.5
      vertex 92.5576 72.9853 2.5
    endloop
  endfacet
  facet normal -0.995193 0.097938 0
    outer loop
      vertex 92.5576 72.9853 6.5
      vertex 92.5 72.4 2.5
      vertex 92.5 72.4 6.5
    endloop
  endfacet
  facet normal -0.634413 -0.772994 0
    outer loop
      vertex 93.3787 70.2787 2.5
      vertex 93.8333 69.9056 6.5
      vertex 93.3787 70.2787 6.5
    endloop
  endfacet
  facet normal -0.634413 -0.772994 -0
    outer loop
      vertex 93.8333 69.9056 6.5
      vertex 93.3787 70.2787 2.5
      vertex 93.8333 69.9056 2.5
    endloop
  endfacet
  facet normal -0.290451 0.95689 0
    outer loop
      vertex 94.9147 75.3424 2.5
      vertex 94.352 75.1716 6.5
      vertex 94.9147 75.3424 6.5
    endloop
  endfacet
  facet normal -0.290451 0.95689 0
    outer loop
      vertex 94.352 75.1716 6.5
      vertex 94.9147 75.3424 2.5
      vertex 94.352 75.1716 2.5
    endloop
  endfacet
  facet normal 0.471329 -0.881957 0
    outer loop
      vertex 96.648 69.6284 2.5
      vertex 97.1667 69.9056 6.5
      vertex 96.648 69.6284 6.5
    endloop
  endfacet
  facet normal 0.471329 -0.881957 0
    outer loop
      vertex 97.1667 69.9056 6.5
      vertex 96.648 69.6284 2.5
      vertex 97.1667 69.9056 2.5
    endloop
  endfacet
  facet normal 0.290451 0.95689 -0
    outer loop
      vertex 96.648 75.1716 2.5
      vertex 96.0853 75.3424 6.5
      vertex 96.648 75.1716 6.5
    endloop
  endfacet
  facet normal 0.290451 0.95689 0
    outer loop
      vertex 96.0853 75.3424 6.5
      vertex 96.648 75.1716 2.5
      vertex 96.0853 75.3424 2.5
    endloop
  endfacet
  facet normal 0.634413 0.772994 -0
    outer loop
      vertex 97.6213 74.5213 2.5
      vertex 97.1667 74.8944 6.5
      vertex 97.6213 74.5213 6.5
    endloop
  endfacet
  facet normal 0.634413 0.772994 0
    outer loop
      vertex 97.1667 74.8944 6.5
      vertex 97.6213 74.5213 2.5
      vertex 97.1667 74.8944 2.5
    endloop
  endfacet
  facet normal -0.772994 0.634413 0
    outer loop
      vertex 93.0056 74.0667 2.5
      vertex 93.3787 74.5213 6.5
      vertex 93.3787 74.5213 2.5
    endloop
  endfacet
  facet normal -0.772994 0.634413 0
    outer loop
      vertex 93.3787 74.5213 6.5
      vertex 93.0056 74.0667 2.5
      vertex 93.0056 74.0667 6.5
    endloop
  endfacet
  facet normal -0.634413 0.772994 0
    outer loop
      vertex 93.8333 74.8944 2.5
      vertex 93.3787 74.5213 6.5
      vertex 93.8333 74.8944 6.5
    endloop
  endfacet
  facet normal -0.634413 0.772994 0
    outer loop
      vertex 93.3787 74.5213 6.5
      vertex 93.8333 74.8944 2.5
      vertex 93.3787 74.5213 2.5
    endloop
  endfacet
  facet normal 0 0 1
    outer loop
      vertex 96.5 72.4 6.5
      vertex 98.5 72.4 6.5
      vertex 98.4424 72.9853 6.5
    endloop
  endfacet
  facet normal 0 0 1
    outer loop
      vertex 96.3413 72.9406 6.5
      vertex 98.4424 72.9853 6.5
      vertex 98.2716 73.548 6.5
    endloop
  endfacet
  facet normal 0 0 1
    outer loop
      vertex 98.5 72.4 6.5
      vertex 96.5 72.4 6.5
      vertex 98.4424 71.8147 6.5
    endloop
  endfacet
  facet normal 0 0 1
    outer loop
      vertex 96.3413 72.9406 6.5
      vertex 98.2716 73.548 6.5
      vertex 97.9944 74.0667 6.5
    endloop
  endfacet
  facet normal -0 0 1
    outer loop
      vertex 96.3413 71.8594 6.5
      vertex 98.4424 71.8147 6.5
      vertex 96.5 72.4 6.5
    endloop
  endfacet
  facet normal 0 0 1
    outer loop
      vertex 96.3413 72.9406 6.5
      vertex 97.9944 74.0667 6.5
      vertex 97.6213 74.5213 6.5
    endloop
  endfacet
  facet normal 0 0 1
    outer loop
      vertex 98.4424 71.8147 6.5
      vertex 96.3413 71.8594 6.5
      vertex 98.2716 71.252 6.5
    endloop
  endfacet
  facet normal 0 0 1
    outer loop
      vertex 95.9154 73.3096 6.5
      vertex 97.6213 74.5213 6.5
      vertex 97.1667 74.8944 6.5
    endloop
  endfacet
  facet normal 0 0 1
    outer loop
      vertex 98.2716 71.252 6.5
      vertex 96.3413 71.8594 6.5
      vertex 97.9944 70.7333 6.5
    endloop
  endfacet
  facet normal 0 0 1
    outer loop
      vertex 95.9154 73.3096 6.5
      vertex 97.1667 74.8944 6.5
      vertex 96.648 75.1716 6.5
    endloop
  endfacet
  facet normal 0 0 1
    outer loop
      vertex 97.9944 70.7333 6.5
      vertex 96.3413 71.8594 6.5
      vertex 97.6213 70.2787 6.5
    endloop
  endfacet
  facet normal -0 0 1
    outer loop
      vertex 95.9154 71.4904 6.5
      vertex 97.6213 70.2787 6.5
      vertex 96.3413 71.8594 6.5
    endloop
  endfacet
  facet normal 0 0 1
    outer loop
      vertex 98.4424 72.9853 6.5
      vertex 96.3413 72.9406 6.5
      vertex 96.5 72.4 6.5
    endloop
  endfacet
  facet normal 0 0 1
    outer loop
      vertex 95.9154 73.3096 6.5
      vertex 96.648 75.1716 6.5
      vertex 96.0853 75.3424 6.5
    endloop
  endfacet
  facet normal 0 0 1
    outer loop
      vertex 97.6213 74.5213 6.5
      vertex 95.9154 73.3096 6.5
      vertex 96.3413 72.9406 6.5
    endloop
  endfacet
  facet normal 0 0 1
    outer loop
      vertex 95.3577 73.3898 6.5
      vertex 96.0853 75.3424 6.5
      vertex 95.5 75.4 6.5
    endloop
  endfacet
  facet normal 0 0 1
    outer loop
      vertex 96.0853 75.3424 6.5
      vertex 95.3577 73.3898 6.5
      vertex 95.9154 73.3096 6.5
    endloop
  endfacet
  facet normal -0 0 1
    outer loop
      vertex 94.9147 75.3424 6.5
      vertex 95.3577 73.3898 6.5
      vertex 95.5 75.4 6.5
    endloop
  endfacet
  facet normal -0 0 1
    outer loop
      vertex 94.352 75.1716 6.5
      vertex 95.3577 73.3898 6.5
      vertex 94.9147 75.3424 6.5
    endloop
  endfacet
  facet normal 0 0 1
    outer loop
      vertex 95.3577 73.3898 6.5
      vertex 94.352 75.1716 6.5
      vertex 94.8451 73.1557 6.5
    endloop
  endfacet
  facet normal -0 0 1
    outer loop
      vertex 93.3787 74.5213 6.5
      vertex 94.8451 73.1557 6.5
      vertex 93.8333 74.8944 6.5
    endloop
  endfacet
  facet normal -0 0 1
    outer loop
      vertex 93.8333 74.8944 6.5
      vertex 94.8451 73.1557 6.5
      vertex 94.352 75.1716 6.5
    endloop
  endfacet
  facet normal 0 0 1
    outer loop
      vertex 97.6213 70.2787 6.5
      vertex 95.9154 71.4904 6.5
      vertex 97.1667 69.9056 6.5
    endloop
  endfacet
  facet normal 0 0 1
    outer loop
      vertex 97.1667 69.9056 6.5
      vertex 95.9154 71.4904 6.5
      vertex 96.648 69.6284 6.5
    endloop
  endfacet
  facet normal 0 0 1
    outer loop
      vertex 96.648 69.6284 6.5
      vertex 95.9154 71.4904 6.5
      vertex 96.0853 69.4576 6.5
    endloop
  endfacet
  facet normal -0 0 1
    outer loop
      vertex 95.3577 71.4102 6.5
      vertex 96.0853 69.4576 6.5
      vertex 95.9154 71.4904 6.5
    endloop
  endfacet
  facet normal 0 0 1
    outer loop
      vertex 96.0853 69.4576 6.5
      vertex 95.3577 71.4102 6.5
      vertex 95.5 69.4 6.5
    endloop
  endfacet
  facet normal 0 0 1
    outer loop
      vertex 95.3577 71.4102 6.5
      vertex 94.9147 69.4576 6.5
      vertex 95.5 69.4 6.5
    endloop
  endfacet
  facet normal 0 0 1
    outer loop
      vertex 94.352 69.6284 6.5
      vertex 95.3577 71.4102 6.5
      vertex 94.8451 71.6442 6.5
    endloop
  endfacet
  facet normal 0 0 1
    outer loop
      vertex 93.0056 70.7333 6.5
      vertex 94.8451 71.6442 6.5
      vertex 94.5405 72.1183 6.5
    endloop
  endfacet
  facet normal 0 0 1
    outer loop
      vertex 95.3577 71.4102 6.5
      vertex 94.352 69.6284 6.5
      vertex 94.9147 69.4576 6.5
    endloop
  endfacet
  facet normal -0 0 1
    outer loop
      vertex 93.0056 74.0667 6.5
      vertex 94.8451 73.1557 6.5
      vertex 93.3787 74.5213 6.5
    endloop
  endfacet
  facet normal 0 0 1
    outer loop
      vertex 94.8451 73.1557 6.5
      vertex 93.0056 74.0667 6.5
      vertex 94.5405 72.6817 6.5
    endloop
  endfacet
  facet normal 0 0 1
    outer loop
      vertex 94.8451 71.6442 6.5
      vertex 93.8333 69.9056 6.5
      vertex 94.352 69.6284 6.5
    endloop
  endfacet
  facet normal -0 0 1
    outer loop
      vertex 92.7284 73.548 6.5
      vertex 94.5405 72.6817 6.5
      vertex 93.0056 74.0667 6.5
    endloop
  endfacet
  facet normal 0 0 1
    outer loop
      vertex 94.8451 71.6442 6.5
      vertex 93.3787 70.2787 6.5
      vertex 93.8333 69.9056 6.5
    endloop
  endfacet
  facet normal -0 0 1
    outer loop
      vertex 92.5576 72.9853 6.5
      vertex 94.5405 72.6817 6.5
      vertex 92.7284 73.548 6.5
    endloop
  endfacet
  facet normal 0 0 1
    outer loop
      vertex 94.8451 71.6442 6.5
      vertex 93.0056 70.7333 6.5
      vertex 93.3787 70.2787 6.5
    endloop
  endfacet
  facet normal 0 0 1
    outer loop
      vertex 92.5 72.4 6.5
      vertex 94.5405 72.6817 6.5
      vertex 92.5576 72.9853 6.5
    endloop
  endfacet
  facet normal 0 0 1
    outer loop
      vertex 94.5405 72.1183 6.5
      vertex 92.7284 71.252 6.5
      vertex 93.0056 70.7333 6.5
    endloop
  endfacet
  facet normal 0 0 1
    outer loop
      vertex 94.5405 72.6817 6.5
      vertex 92.5 72.4 6.5
      vertex 94.5405 72.1183 6.5
    endloop
  endfacet
  facet normal 0 0 1
    outer loop
      vertex 94.5405 72.1183 6.5
      vertex 92.5576 71.8147 6.5
      vertex 92.7284 71.252 6.5
    endloop
  endfacet
  facet normal 0 0 1
    outer loop
      vertex 94.5405 72.1183 6.5
      vertex 92.5 72.4 6.5
      vertex 92.5576 71.8147 6.5
    endloop
  endfacet
  facet normal -0.772994 -0.634413 0
    outer loop
      vertex 93.3787 70.2787 2.5
      vertex 93.0056 70.7333 6.5
      vertex 93.0056 70.7333 2.5
    endloop
  endfacet
  facet normal -0.772994 -0.634413 0
    outer loop
      vertex 93.0056 70.7333 6.5
      vertex 93.3787 70.2787 2.5
      vertex 93.3787 70.2787 6.5
    endloop
  endfacet
  facet normal -0.881957 -0.471329 0
    outer loop
      vertex 93.0056 70.7333 2.5
      vertex 92.7284 71.252 6.5
      vertex 92.7284 71.252 2.5
    endloop
  endfacet
  facet normal -0.881957 -0.471329 0
    outer loop
      vertex 92.7284 71.252 6.5
      vertex 93.0056 70.7333 2.5
      vertex 93.0056 70.7333 6.5
    endloop
  endfacet
  facet normal 0.290451 -0.95689 0
    outer loop
      vertex 96.0853 69.4576 2.5
      vertex 96.648 69.6284 6.5
      vertex 96.0853 69.4576 6.5
    endloop
  endfacet
  facet normal 0.290451 -0.95689 0
    outer loop
      vertex 96.648 69.6284 6.5
      vertex 96.0853 69.4576 2.5
      vertex 96.648 69.6284 2.5
    endloop
  endfacet
  facet normal -0.881957 0.471329 0
    outer loop
      vertex 92.7284 73.548 2.5
      vertex 93.0056 74.0667 6.5
      vertex 93.0056 74.0667 2.5
    endloop
  endfacet
  facet normal -0.881957 0.471329 0
    outer loop
      vertex 93.0056 74.0667 6.5
      vertex 92.7284 73.548 2.5
      vertex 92.7284 73.548 6.5
    endloop
  endfacet
  facet normal 0.881957 -0.471329 0
    outer loop
      vertex 97.9944 70.7333 6.5
      vertex 98.2716 71.252 2.5
      vertex 98.2716 71.252 6.5
    endloop
  endfacet
  facet normal 0.881957 -0.471329 0
    outer loop
      vertex 98.2716 71.252 2.5
      vertex 97.9944 70.7333 6.5
      vertex 97.9944 70.7333 2.5
    endloop
  endfacet
  facet normal 0.772994 -0.634413 0
    outer loop
      vertex 97.6213 70.2787 6.5
      vertex 97.9944 70.7333 2.5
      vertex 97.9944 70.7333 6.5
    endloop
  endfacet
  facet normal 0.772994 -0.634413 0
    outer loop
      vertex 97.9944 70.7333 2.5
      vertex 97.6213 70.2787 6.5
      vertex 97.6213 70.2787 2.5
    endloop
  endfacet
  facet normal -0.097938 -0.995193 0
    outer loop
      vertex 94.9147 69.4576 2.5
      vertex 95.5 69.4 6.5
      vertex 94.9147 69.4576 6.5
    endloop
  endfacet
  facet normal -0.097938 -0.995193 -0
    outer loop
      vertex 95.5 69.4 6.5
      vertex 94.9147 69.4576 2.5
      vertex 95.5 69.4 2.5
    endloop
  endfacet
  facet normal -0.471329 -0.881957 0
    outer loop
      vertex 93.8333 69.9056 2.5
      vertex 94.352 69.6284 6.5
      vertex 93.8333 69.9056 6.5
    endloop
  endfacet
  facet normal -0.471329 -0.881957 -0
    outer loop
      vertex 94.352 69.6284 6.5
      vertex 93.8333 69.9056 2.5
      vertex 94.352 69.6284 2.5
    endloop
  endfacet
  facet normal 0.95689 -0.290451 0
    outer loop
      vertex 98.2716 71.252 6.5
      vertex 98.4424 71.8147 2.5
      vertex 98.4424 71.8147 6.5
    endloop
  endfacet
  facet normal 0.95689 -0.290451 0
    outer loop
      vertex 98.4424 71.8147 2.5
      vertex 98.2716 71.252 6.5
      vertex 98.2716 71.252 2.5
    endloop
  endfacet
  facet normal 0.841323 0.540533 0
    outer loop
      vertex 94.8451 71.6442 6.5
      vertex 94.5405 72.1183 2.5
      vertex 94.5405 72.1183 6.5
    endloop
  endfacet
  facet normal 0.841323 0.540533 0
    outer loop
      vertex 94.5405 72.1183 2.5
      vertex 94.8451 71.6442 6.5
      vertex 94.8451 71.6442 2.5
    endloop
  endfacet
  facet normal -0.654816 -0.755789 0
    outer loop
      vertex 95.9154 73.3096 2.5
      vertex 96.3413 72.9406 6.5
      vertex 95.9154 73.3096 6.5
    endloop
  endfacet
  facet normal -0.654816 -0.755789 -0
    outer loop
      vertex 96.3413 72.9406 6.5
      vertex 95.9154 73.3096 2.5
      vertex 96.3413 72.9406 2.5
    endloop
  endfacet
  facet normal -0.95951 -0.281676 0
    outer loop
      vertex 96.5 72.4 2.5
      vertex 96.3413 72.9406 6.5
      vertex 96.3413 72.9406 2.5
    endloop
  endfacet
  facet normal -0.95951 -0.281676 0
    outer loop
      vertex 96.3413 72.9406 6.5
      vertex 96.5 72.4 2.5
      vertex 96.5 72.4 6.5
    endloop
  endfacet
  facet normal -0.142341 -0.989818 0
    outer loop
      vertex 95.3577 73.3898 2.5
      vertex 95.9154 73.3096 6.5
      vertex 95.3577 73.3898 6.5
    endloop
  endfacet
  facet normal -0.142341 -0.989818 -0
    outer loop
      vertex 95.9154 73.3096 6.5
      vertex 95.3577 73.3898 2.5
      vertex 95.9154 73.3096 2.5
    endloop
  endfacet
  facet normal -0.654816 0.755789 0
    outer loop
      vertex 96.3413 71.8594 2.5
      vertex 95.9154 71.4904 6.5
      vertex 96.3413 71.8594 6.5
    endloop
  endfacet
  facet normal -0.654816 0.755789 0
    outer loop
      vertex 95.9154 71.4904 6.5
      vertex 96.3413 71.8594 2.5
      vertex 95.9154 71.4904 2.5
    endloop
  endfacet
  facet normal 0.41542 -0.90963 0
    outer loop
      vertex 94.8451 73.1557 2.5
      vertex 95.3577 73.3898 6.5
      vertex 94.8451 73.1557 6.5
    endloop
  endfacet
  facet normal 0.41542 -0.90963 0
    outer loop
      vertex 95.3577 73.3898 6.5
      vertex 94.8451 73.1557 2.5
      vertex 95.3577 73.3898 2.5
    endloop
  endfacet
  facet normal -0.95951 0.281676 0
    outer loop
      vertex 96.3413 71.8594 2.5
      vertex 96.5 72.4 6.5
      vertex 96.5 72.4 2.5
    endloop
  endfacet
  facet normal -0.95951 0.281676 0
    outer loop
      vertex 96.5 72.4 6.5
      vertex 96.3413 71.8594 2.5
      vertex 96.3413 71.8594 6.5
    endloop
  endfacet
  facet normal 1 -0 0
    outer loop
      vertex 94.5405 72.1183 6.5
      vertex 94.5405 72.6817 2.5
      vertex 94.5405 72.6817 6.5
    endloop
  endfacet
  facet normal 1 0 0
    outer loop
      vertex 94.5405 72.6817 2.5
      vertex 94.5405 72.1183 6.5
      vertex 94.5405 72.1183 2.5
    endloop
  endfacet
  facet normal -0.142341 0.989818 0
    outer loop
      vertex 95.9154 71.4904 2.5
      vertex 95.3577 71.4102 6.5
      vertex 95.9154 71.4904 6.5
    endloop
  endfacet
  facet normal -0.142341 0.989818 0
    outer loop
      vertex 95.3577 71.4102 6.5
      vertex 95.9154 71.4904 2.5
      vertex 95.3577 71.4102 2.5
    endloop
  endfacet
  facet normal 0.841271 -0.540614 0
    outer loop
      vertex 94.5405 72.6817 6.5
      vertex 94.8451 73.1557 2.5
      vertex 94.8451 73.1557 6.5
    endloop
  endfacet
  facet normal 0.841271 -0.540614 0
    outer loop
      vertex 94.8451 73.1557 2.5
      vertex 94.5405 72.6817 6.5
      vertex 94.5405 72.6817 2.5
    endloop
  endfacet
  facet normal 0.415273 0.909697 -0
    outer loop
      vertex 95.3577 71.4102 2.5
      vertex 94.8451 71.6442 6.5
      vertex 95.3577 71.4102 6.5
    endloop
  endfacet
  facet normal 0.415273 0.909697 0
    outer loop
      vertex 94.8451 71.6442 6.5
      vertex 95.3577 71.4102 2.5
      vertex 94.8451 71.6442 2.5
    endloop
  endfacet
  facet normal 0.881957 0.471329 0
    outer loop
      vertex 75.8716 17.248 6.5
      vertex 75.5944 17.7667 2.5
      vertex 75.5944 17.7667 6.5
    endloop
  endfacet
  facet normal 0.881957 0.471329 0
    outer loop
      vertex 75.5944 17.7667 2.5
      vertex 75.8716 17.248 6.5
      vertex 75.8716 17.248 2.5
    endloop
  endfacet
  facet normal -0.097938 0.995193 0
    outer loop
      vertex 73.1 19.1 2.5
      vertex 72.5147 19.0424 6.5
      vertex 73.1 19.1 6.5
    endloop
  endfacet
  facet normal -0.097938 0.995193 0
    outer loop
      vertex 72.5147 19.0424 6.5
      vertex 73.1 19.1 2.5
      vertex 72.5147 19.0424 2.5
    endloop
  endfacet
  facet normal -0.995193 -0.097938 0
    outer loop
      vertex 70.1576 15.5147 2.5
      vertex 70.1 16.1 6.5
      vertex 70.1 16.1 2.5
    endloop
  endfacet
  facet normal -0.995193 -0.097938 0
    outer loop
      vertex 70.1 16.1 6.5
      vertex 70.1576 15.5147 2.5
      vertex 70.1576 15.5147 6.5
    endloop
  endfacet
  facet normal 0.95689 0.290451 0
    outer loop
      vertex 76.0424 16.6853 6.5
      vertex 75.8716 17.248 2.5
      vertex 75.8716 17.248 6.5
    endloop
  endfacet
  facet normal 0.95689 0.290451 0
    outer loop
      vertex 75.8716 17.248 2.5
      vertex 76.0424 16.6853 6.5
      vertex 76.0424 16.6853 2.5
    endloop
  endfacet
  facet normal 0.995193 -0.097938 0
    outer loop
      vertex 76.0424 15.5147 6.5
      vertex 76.1 16.1 2.5
      vertex 76.1 16.1 6.5
    endloop
  endfacet
  facet normal 0.995193 -0.097938 0
    outer loop
      vertex 76.1 16.1 2.5
      vertex 76.0424 15.5147 6.5
      vertex 76.0424 15.5147 2.5
    endloop
  endfacet
  facet normal 0.471329 0.881957 -0
    outer loop
      vertex 74.7667 18.5944 2.5
      vertex 74.248 18.8716 6.5
      vertex 74.7667 18.5944 6.5
    endloop
  endfacet
  facet normal 0.471329 0.881957 0
    outer loop
      vertex 74.248 18.8716 6.5
      vertex 74.7667 18.5944 2.5
      vertex 74.248 18.8716 2.5
    endloop
  endfacet
  facet normal 0.772994 0.634413 0
    outer loop
      vertex 75.5944 17.7667 6.5
      vertex 75.2213 18.2213 2.5
      vertex 75.2213 18.2213 6.5
    endloop
  endfacet
  facet normal 0.772994 0.634413 0
    outer loop
      vertex 75.2213 18.2213 2.5
      vertex 75.5944 17.7667 6.5
      vertex 75.5944 17.7667 2.5
    endloop
  endfacet
  facet normal -0.95689 0.290451 0
    outer loop
      vertex 70.1576 16.6853 2.5
      vertex 70.3284 17.248 6.5
      vertex 70.3284 17.248 2.5
    endloop
  endfacet
  facet normal -0.95689 0.290451 0
    outer loop
      vertex 70.3284 17.248 6.5
      vertex 70.1576 16.6853 2.5
      vertex 70.1576 16.6853 6.5
    endloop
  endfacet
  facet normal -0.95689 -0.290451 0
    outer loop
      vertex 70.3284 14.952 2.5
      vertex 70.1576 15.5147 6.5
      vertex 70.1576 15.5147 2.5
    endloop
  endfacet
  facet normal -0.95689 -0.290451 0
    outer loop
      vertex 70.1576 15.5147 6.5
      vertex 70.3284 14.952 2.5
      vertex 70.3284 14.952 6.5
    endloop
  endfacet
  facet normal 0.995193 0.097938 0
    outer loop
      vertex 76.1 16.1 6.5
      vertex 76.0424 16.6853 2.5
      vertex 76.0424 16.6853 6.5
    endloop
  endfacet
  facet normal 0.995193 0.097938 0
    outer loop
      vertex 76.0424 16.6853 2.5
      vertex 76.1 16.1 6.5
      vertex 76.1 16.1 2.5
    endloop
  endfacet
  facet normal -0.471329 0.881957 0
    outer loop
      vertex 71.952 18.8716 2.5
      vertex 71.4333 18.5944 6.5
      vertex 71.952 18.8716 6.5
    endloop
  endfacet
  facet normal -0.471329 0.881957 0
    outer loop
      vertex 71.4333 18.5944 6.5
      vertex 71.952 18.8716 2.5
      vertex 71.4333 18.5944 2.5
    endloop
  endfacet
  facet normal -0.290451 -0.95689 0
    outer loop
      vertex 71.952 13.3284 2.5
      vertex 72.5147 13.1576 6.5
      vertex 71.952 13.3284 6.5
    endloop
  endfacet
  facet normal -0.290451 -0.95689 -0
    outer loop
      vertex 72.5147 13.1576 6.5
      vertex 71.952 13.3284 2.5
      vertex 72.5147 13.1576 2.5
    endloop
  endfacet
  facet normal 0.097938 0.995193 -0
    outer loop
      vertex 73.6853 19.0424 2.5
      vertex 73.1 19.1 6.5
      vertex 73.6853 19.0424 6.5
    endloop
  endfacet
  facet normal 0.097938 0.995193 0
    outer loop
      vertex 73.1 19.1 6.5
      vertex 73.6853 19.0424 2.5
      vertex 73.1 19.1 2.5
    endloop
  endfacet
  facet normal 0.634413 -0.772994 0
    outer loop
      vertex 74.7667 13.6056 2.5
      vertex 75.2213 13.9787 6.5
      vertex 74.7667 13.6056 6.5
    endloop
  endfacet
  facet normal 0.634413 -0.772994 0
    outer loop
      vertex 75.2213 13.9787 6.5
      vertex 74.7667 13.6056 2.5
      vertex 75.2213 13.9787 2.5
    endloop
  endfacet
  facet normal 0.097938 -0.995193 0
    outer loop
      vertex 73.1 13.1 2.5
      vertex 73.6853 13.1576 6.5
      vertex 73.1 13.1 6.5
    endloop
  endfacet
  facet normal 0.097938 -0.995193 0
    outer loop
      vertex 73.6853 13.1576 6.5
      vertex 73.1 13.1 2.5
      vertex 73.6853 13.1576 2.5
    endloop
  endfacet
  facet normal -0.995193 0.097938 0
    outer loop
      vertex 70.1 16.1 2.5
      vertex 70.1576 16.6853 6.5
      vertex 70.1576 16.6853 2.5
    endloop
  endfacet
  facet normal -0.995193 0.097938 0
    outer loop
      vertex 70.1576 16.6853 6.5
      vertex 70.1 16.1 2.5
      vertex 70.1 16.1 6.5
    endloop
  endfacet
  facet normal -0.634413 -0.772994 0
    outer loop
      vertex 70.9787 13.9787 2.5
      vertex 71.4333 13.6056 6.5
      vertex 70.9787 13.9787 6.5
    endloop
  endfacet
  facet normal -0.634413 -0.772994 -0
    outer loop
      vertex 71.4333 13.6056 6.5
      vertex 70.9787 13.9787 2.5
      vertex 71.4333 13.6056 2.5
    endloop
  endfacet
  facet normal -0.290451 0.95689 0
    outer loop
      vertex 72.5147 19.0424 2.5
      vertex 71.952 18.8716 6.5
      vertex 72.5147 19.0424 6.5
    endloop
  endfacet
  facet normal -0.290451 0.95689 0
    outer loop
      vertex 71.952 18.8716 6.5
      vertex 72.5147 19.0424 2.5
      vertex 71.952 18.8716 2.5
    endloop
  endfacet
  facet normal 0.471329 -0.881957 0
    outer loop
      vertex 74.248 13.3284 2.5
      vertex 74.7667 13.6056 6.5
      vertex 74.248 13.3284 6.5
    endloop
  endfacet
  facet normal 0.471329 -0.881957 0
    outer loop
      vertex 74.7667 13.6056 6.5
      vertex 74.248 13.3284 2.5
      vertex 74.7667 13.6056 2.5
    endloop
  endfacet
  facet normal 0.290451 0.95689 -0
    outer loop
      vertex 74.248 18.8716 2.5
      vertex 73.6853 19.0424 6.5
      vertex 74.248 18.8716 6.5
    endloop
  endfacet
  facet normal 0.290451 0.95689 0
    outer loop
      vertex 73.6853 19.0424 6.5
      vertex 74.248 18.8716 2.5
      vertex 73.6853 19.0424 2.5
    endloop
  endfacet
  facet normal 0.634413 0.772994 -0
    outer loop
      vertex 75.2213 18.2213 2.5
      vertex 74.7667 18.5944 6.5
      vertex 75.2213 18.2213 6.5
    endloop
  endfacet
  facet normal 0.634413 0.772994 0
    outer loop
      vertex 74.7667 18.5944 6.5
      vertex 75.2213 18.2213 2.5
      vertex 74.7667 18.5944 2.5
    endloop
  endfacet
  facet normal -0.772994 0.634413 0
    outer loop
      vertex 70.6056 17.7667 2.5
      vertex 70.9787 18.2213 6.5
      vertex 70.9787 18.2213 2.5
    endloop
  endfacet
  facet normal -0.772994 0.634413 0
    outer loop
      vertex 70.9787 18.2213 6.5
      vertex 70.6056 17.7667 2.5
      vertex 70.6056 17.7667 6.5
    endloop
  endfacet
  facet normal -0.634413 0.772994 0
    outer loop
      vertex 71.4333 18.5944 2.5
      vertex 70.9787 18.2213 6.5
      vertex 71.4333 18.5944 6.5
    endloop
  endfacet
  facet normal -0.634413 0.772994 0
    outer loop
      vertex 70.9787 18.2213 6.5
      vertex 71.4333 18.5944 2.5
      vertex 70.9787 18.2213 2.5
    endloop
  endfacet
  facet normal 0 0 1
    outer loop
      vertex 74.1 16.1 6.5
      vertex 76.1 16.1 6.5
      vertex 76.0424 16.6853 6.5
    endloop
  endfacet
  facet normal 0 0 1
    outer loop
      vertex 73.9413 16.6406 6.5
      vertex 76.0424 16.6853 6.5
      vertex 75.8716 17.248 6.5
    endloop
  endfacet
  facet normal 0 0 1
    outer loop
      vertex 76.1 16.1 6.5
      vertex 74.1 16.1 6.5
      vertex 76.0424 15.5147 6.5
    endloop
  endfacet
  facet normal 0 0 1
    outer loop
      vertex 73.9413 16.6406 6.5
      vertex 75.8716 17.248 6.5
      vertex 75.5944 17.7667 6.5
    endloop
  endfacet
  facet normal -0 0 1
    outer loop
      vertex 73.9413 15.5594 6.5
      vertex 76.0424 15.5147 6.5
      vertex 74.1 16.1 6.5
    endloop
  endfacet
  facet normal 0 0 1
    outer loop
      vertex 73.9413 16.6406 6.5
      vertex 75.5944 17.7667 6.5
      vertex 75.2213 18.2213 6.5
    endloop
  endfacet
  facet normal 0 0 1
    outer loop
      vertex 76.0424 15.5147 6.5
      vertex 73.9413 15.5594 6.5
      vertex 75.8716 14.952 6.5
    endloop
  endfacet
  facet normal 0 0 1
    outer loop
      vertex 73.5154 17.0096 6.5
      vertex 75.2213 18.2213 6.5
      vertex 74.7667 18.5944 6.5
    endloop
  endfacet
  facet normal 0 0 1
    outer loop
      vertex 75.8716 14.952 6.5
      vertex 73.9413 15.5594 6.5
      vertex 75.5944 14.4333 6.5
    endloop
  endfacet
  facet normal 0 0 1
    outer loop
      vertex 73.5154 17.0096 6.5
      vertex 74.7667 18.5944 6.5
      vertex 74.248 18.8716 6.5
    endloop
  endfacet
  facet normal 0 0 1
    outer loop
      vertex 75.5944 14.4333 6.5
      vertex 73.9413 15.5594 6.5
      vertex 75.2213 13.9787 6.5
    endloop
  endfacet
  facet normal -0 0 1
    outer loop
      vertex 73.5154 15.1904 6.5
      vertex 75.2213 13.9787 6.5
      vertex 73.9413 15.5594 6.5
    endloop
  endfacet
  facet normal 0 0 1
    outer loop
      vertex 76.0424 16.6853 6.5
      vertex 73.9413 16.6406 6.5
      vertex 74.1 16.1 6.5
    endloop
  endfacet
  facet normal 0 0 1
    outer loop
      vertex 73.5154 17.0096 6.5
      vertex 74.248 18.8716 6.5
      vertex 73.6853 19.0424 6.5
    endloop
  endfacet
  facet normal 0 0 1
    outer loop
      vertex 75.2213 18.2213 6.5
      vertex 73.5154 17.0096 6.5
      vertex 73.9413 16.6406 6.5
    endloop
  endfacet
  facet normal 0 0 1
    outer loop
      vertex 72.9577 17.0898 6.5
      vertex 73.6853 19.0424 6.5
      vertex 73.1 19.1 6.5
    endloop
  endfacet
  facet normal 0 0 1
    outer loop
      vertex 73.6853 19.0424 6.5
      vertex 72.9577 17.0898 6.5
      vertex 73.5154 17.0096 6.5
    endloop
  endfacet
  facet normal -0 0 1
    outer loop
      vertex 72.5147 19.0424 6.5
      vertex 72.9577 17.0898 6.5
      vertex 73.1 19.1 6.5
    endloop
  endfacet
  facet normal -0 0 1
    outer loop
      vertex 71.952 18.8716 6.5
      vertex 72.9577 17.0898 6.5
      vertex 72.5147 19.0424 6.5
    endloop
  endfacet
  facet normal 0 0 1
    outer loop
      vertex 72.9577 17.0898 6.5
      vertex 71.952 18.8716 6.5
      vertex 72.4451 16.8557 6.5
    endloop
  endfacet
  facet normal -0 0 1
    outer loop
      vertex 70.9787 18.2213 6.5
      vertex 72.4451 16.8557 6.5
      vertex 71.4333 18.5944 6.5
    endloop
  endfacet
  facet normal -0 0 1
    outer loop
      vertex 71.4333 18.5944 6.5
      vertex 72.4451 16.8557 6.5
      vertex 71.952 18.8716 6.5
    endloop
  endfacet
  facet normal 0 0 1
    outer loop
      vertex 75.2213 13.9787 6.5
      vertex 73.5154 15.1904 6.5
      vertex 74.7667 13.6056 6.5
    endloop
  endfacet
  facet normal 0 0 1
    outer loop
      vertex 74.7667 13.6056 6.5
      vertex 73.5154 15.1904 6.5
      vertex 74.248 13.3284 6.5
    endloop
  endfacet
  facet normal 0 0 1
    outer loop
      vertex 74.248 13.3284 6.5
      vertex 73.5154 15.1904 6.5
      vertex 73.6853 13.1576 6.5
    endloop
  endfacet
  facet normal -0 0 1
    outer loop
      vertex 72.9577 15.1102 6.5
      vertex 73.6853 13.1576 6.5
      vertex 73.5154 15.1904 6.5
    endloop
  endfacet
  facet normal 0 0 1
    outer loop
      vertex 73.6853 13.1576 6.5
      vertex 72.9577 15.1102 6.5
      vertex 73.1 13.1 6.5
    endloop
  endfacet
  facet normal 0 0 1
    outer loop
      vertex 72.9577 15.1102 6.5
      vertex 72.5147 13.1576 6.5
      vertex 73.1 13.1 6.5
    endloop
  endfacet
  facet normal 0 0 1
    outer loop
      vertex 71.952 13.3284 6.5
      vertex 72.9577 15.1102 6.5
      vertex 72.4451 15.3443 6.5
    endloop
  endfacet
  facet normal 0 0 1
    outer loop
      vertex 70.6056 14.4333 6.5
      vertex 72.4451 15.3443 6.5
      vertex 72.1405 15.8183 6.5
    endloop
  endfacet
  facet normal 0 0 1
    outer loop
      vertex 72.9577 15.1102 6.5
      vertex 71.952 13.3284 6.5
      vertex 72.5147 13.1576 6.5
    endloop
  endfacet
  facet normal -0 0 1
    outer loop
      vertex 70.6056 17.7667 6.5
      vertex 72.4451 16.8557 6.5
      vertex 70.9787 18.2213 6.5
    endloop
  endfacet
  facet normal 0 0 1
    outer loop
      vertex 72.4451 16.8557 6.5
      vertex 70.6056 17.7667 6.5
      vertex 72.1405 16.3817 6.5
    endloop
  endfacet
  facet normal 0 0 1
    outer loop
      vertex 72.4451 15.3443 6.5
      vertex 71.4333 13.6056 6.5
      vertex 71.952 13.3284 6.5
    endloop
  endfacet
  facet normal -0 0 1
    outer loop
      vertex 70.3284 17.248 6.5
      vertex 72.1405 16.3817 6.5
      vertex 70.6056 17.7667 6.5
    endloop
  endfacet
  facet normal 0 0 1
    outer loop
      vertex 72.4451 15.3443 6.5
      vertex 70.9787 13.9787 6.5
      vertex 71.4333 13.6056 6.5
    endloop
  endfacet
  facet normal -0 0 1
    outer loop
      vertex 70.1576 16.6853 6.5
      vertex 72.1405 16.3817 6.5
      vertex 70.3284 17.248 6.5
    endloop
  endfacet
  facet normal 0 0 1
    outer loop
      vertex 72.4451 15.3443 6.5
      vertex 70.6056 14.4333 6.5
      vertex 70.9787 13.9787 6.5
    endloop
  endfacet
  facet normal 0 0 1
    outer loop
      vertex 70.1 16.1 6.5
      vertex 72.1405 16.3817 6.5
      vertex 70.1576 16.6853 6.5
    endloop
  endfacet
  facet normal 0 0 1
    outer loop
      vertex 72.1405 15.8183 6.5
      vertex 70.3284 14.952 6.5
      vertex 70.6056 14.4333 6.5
    endloop
  endfacet
  facet normal 0 0 1
    outer loop
      vertex 72.1405 16.3817 6.5
      vertex 70.1 16.1 6.5
      vertex 72.1405 15.8183 6.5
    endloop
  endfacet
  facet normal 0 0 1
    outer loop
      vertex 72.1405 15.8183 6.5
      vertex 70.1576 15.5147 6.5
      vertex 70.3284 14.952 6.5
    endloop
  endfacet
  facet normal 0 0 1
    outer loop
      vertex 72.1405 15.8183 6.5
      vertex 70.1 16.1 6.5
      vertex 70.1576 15.5147 6.5
    endloop
  endfacet
  facet normal -0.772994 -0.634413 0
    outer loop
      vertex 70.9787 13.9787 2.5
      vertex 70.6056 14.4333 6.5
      vertex 70.6056 14.4333 2.5
    endloop
  endfacet
  facet normal -0.772994 -0.634413 0
    outer loop
      vertex 70.6056 14.4333 6.5
      vertex 70.9787 13.9787 2.5
      vertex 70.9787 13.9787 6.5
    endloop
  endfacet
  facet normal -0.881957 -0.471329 0
    outer loop
      vertex 70.6056 14.4333 2.5
      vertex 70.3284 14.952 6.5
      vertex 70.3284 14.952 2.5
    endloop
  endfacet
  facet normal -0.881957 -0.471329 0
    outer loop
      vertex 70.3284 14.952 6.5
      vertex 70.6056 14.4333 2.5
      vertex 70.6056 14.4333 6.5
    endloop
  endfacet
  facet normal 0.290451 -0.95689 0
    outer loop
      vertex 73.6853 13.1576 2.5
      vertex 74.248 13.3284 6.5
      vertex 73.6853 13.1576 6.5
    endloop
  endfacet
  facet normal 0.290451 -0.95689 0
    outer loop
      vertex 74.248 13.3284 6.5
      vertex 73.6853 13.1576 2.5
      vertex 74.248 13.3284 2.5
    endloop
  endfacet
  facet normal -0.881957 0.471329 0
    outer loop
      vertex 70.3284 17.248 2.5
      vertex 70.6056 17.7667 6.5
      vertex 70.6056 17.7667 2.5
    endloop
  endfacet
  facet normal -0.881957 0.471329 0
    outer loop
      vertex 70.6056 17.7667 6.5
      vertex 70.3284 17.248 2.5
      vertex 70.3284 17.248 6.5
    endloop
  endfacet
  facet normal 0.881957 -0.471329 0
    outer loop
      vertex 75.5944 14.4333 6.5
      vertex 75.8716 14.952 2.5
      vertex 75.8716 14.952 6.5
    endloop
  endfacet
  facet normal 0.881957 -0.471329 0
    outer loop
      vertex 75.8716 14.952 2.5
      vertex 75.5944 14.4333 6.5
      vertex 75.5944 14.4333 2.5
    endloop
  endfacet
  facet normal 0.772994 -0.634413 0
    outer loop
      vertex 75.2213 13.9787 6.5
      vertex 75.5944 14.4333 2.5
      vertex 75.5944 14.4333 6.5
    endloop
  endfacet
  facet normal 0.772994 -0.634413 0
    outer loop
      vertex 75.5944 14.4333 2.5
      vertex 75.2213 13.9787 6.5
      vertex 75.2213 13.9787 2.5
    endloop
  endfacet
  facet normal -0.097938 -0.995193 0
    outer loop
      vertex 72.5147 13.1576 2.5
      vertex 73.1 13.1 6.5
      vertex 72.5147 13.1576 6.5
    endloop
  endfacet
  facet normal -0.097938 -0.995193 -0
    outer loop
      vertex 73.1 13.1 6.5
      vertex 72.5147 13.1576 2.5
      vertex 73.1 13.1 2.5
    endloop
  endfacet
  facet normal -0.471329 -0.881957 0
    outer loop
      vertex 71.4333 13.6056 2.5
      vertex 71.952 13.3284 6.5
      vertex 71.4333 13.6056 6.5
    endloop
  endfacet
  facet normal -0.471329 -0.881957 -0
    outer loop
      vertex 71.952 13.3284 6.5
      vertex 71.4333 13.6056 2.5
      vertex 71.952 13.3284 2.5
    endloop
  endfacet
  facet normal 0.95689 -0.290451 0
    outer loop
      vertex 75.8716 14.952 6.5
      vertex 76.0424 15.5147 2.5
      vertex 76.0424 15.5147 6.5
    endloop
  endfacet
  facet normal 0.95689 -0.290451 0
    outer loop
      vertex 76.0424 15.5147 2.5
      vertex 75.8716 14.952 6.5
      vertex 75.8716 14.952 2.5
    endloop
  endfacet
  facet normal 0.841271 0.540614 0
    outer loop
      vertex 72.4451 15.3443 6.5
      vertex 72.1405 15.8183 2.5
      vertex 72.1405 15.8183 6.5
    endloop
  endfacet
  facet normal 0.841271 0.540614 0
    outer loop
      vertex 72.1405 15.8183 2.5
      vertex 72.4451 15.3443 6.5
      vertex 72.4451 15.3443 2.5
    endloop
  endfacet
  facet normal -0.654816 -0.755789 0
    outer loop
      vertex 73.5154 17.0096 2.5
      vertex 73.9413 16.6406 6.5
      vertex 73.5154 17.0096 6.5
    endloop
  endfacet
  facet normal -0.654816 -0.755789 -0
    outer loop
      vertex 73.9413 16.6406 6.5
      vertex 73.5154 17.0096 2.5
      vertex 73.9413 16.6406 2.5
    endloop
  endfacet
  facet normal -0.95951 -0.281676 0
    outer loop
      vertex 74.1 16.1 2.5
      vertex 73.9413 16.6406 6.5
      vertex 73.9413 16.6406 2.5
    endloop
  endfacet
  facet normal -0.95951 -0.281676 0
    outer loop
      vertex 73.9413 16.6406 6.5
      vertex 74.1 16.1 2.5
      vertex 74.1 16.1 6.5
    endloop
  endfacet
  facet normal -0.142341 -0.989818 0
    outer loop
      vertex 72.9577 17.0898 2.5
      vertex 73.5154 17.0096 6.5
      vertex 72.9577 17.0898 6.5
    endloop
  endfacet
  facet normal -0.142341 -0.989818 -0
    outer loop
      vertex 73.5154 17.0096 6.5
      vertex 72.9577 17.0898 2.5
      vertex 73.5154 17.0096 2.5
    endloop
  endfacet
  facet normal -0.654816 0.755789 0
    outer loop
      vertex 73.9413 15.5594 2.5
      vertex 73.5154 15.1904 6.5
      vertex 73.9413 15.5594 6.5
    endloop
  endfacet
  facet normal -0.654816 0.755789 0
    outer loop
      vertex 73.5154 15.1904 6.5
      vertex 73.9413 15.5594 2.5
      vertex 73.5154 15.1904 2.5
    endloop
  endfacet
  facet normal 0.41542 -0.90963 0
    outer loop
      vertex 72.4451 16.8557 2.5
      vertex 72.9577 17.0898 6.5
      vertex 72.4451 16.8557 6.5
    endloop
  endfacet
  facet normal 0.41542 -0.90963 0
    outer loop
      vertex 72.9577 17.0898 6.5
      vertex 72.4451 16.8557 2.5
      vertex 72.9577 17.0898 2.5
    endloop
  endfacet
  facet normal -0.95951 0.281676 0
    outer loop
      vertex 73.9413 15.5594 2.5
      vertex 74.1 16.1 6.5
      vertex 74.1 16.1 2.5
    endloop
  endfacet
  facet normal -0.95951 0.281676 0
    outer loop
      vertex 74.1 16.1 6.5
      vertex 73.9413 15.5594 2.5
      vertex 73.9413 15.5594 6.5
    endloop
  endfacet
  facet normal 1 -0 0
    outer loop
      vertex 72.1405 15.8183 6.5
      vertex 72.1405 16.3817 2.5
      vertex 72.1405 16.3817 6.5
    endloop
  endfacet
  facet normal 1 0 0
    outer loop
      vertex 72.1405 16.3817 2.5
      vertex 72.1405 15.8183 6.5
      vertex 72.1405 15.8183 2.5
    endloop
  endfacet
  facet normal -0.142341 0.989818 0
    outer loop
      vertex 73.5154 15.1904 2.5
      vertex 72.9577 15.1102 6.5
      vertex 73.5154 15.1904 6.5
    endloop
  endfacet
  facet normal -0.142341 0.989818 0
    outer loop
      vertex 72.9577 15.1102 6.5
      vertex 73.5154 15.1904 2.5
      vertex 72.9577 15.1102 2.5
    endloop
  endfacet
  facet normal 0.841271 -0.540614 0
    outer loop
      vertex 72.1405 16.3817 6.5
      vertex 72.4451 16.8557 2.5
      vertex 72.4451 16.8557 6.5
    endloop
  endfacet
  facet normal 0.841271 -0.540614 0
    outer loop
      vertex 72.4451 16.8557 2.5
      vertex 72.1405 16.3817 6.5
      vertex 72.1405 16.3817 2.5
    endloop
  endfacet
  facet normal 0.41542 0.90963 -0
    outer loop
      vertex 72.9577 15.1102 2.5
      vertex 72.4451 15.3443 6.5
      vertex 72.9577 15.1102 6.5
    endloop
  endfacet
  facet normal 0.41542 0.90963 0
    outer loop
      vertex 72.4451 15.3443 6.5
      vertex 72.9577 15.1102 2.5
      vertex 72.4451 15.3443 2.5
    endloop
  endfacet
  facet normal 0.881919 0.4714 0
    outer loop
      vertex 75.8716 38.2481 6.5
      vertex 75.5944 38.7667 2.5
      vertex 75.5944 38.7667 6.5
    endloop
  endfacet
  facet normal 0.881919 0.4714 0
    outer loop
      vertex 75.5944 38.7667 2.5
      vertex 75.8716 38.2481 6.5
      vertex 75.8716 38.2481 2.5
    endloop
  endfacet
  facet normal -0.097938 0.995193 0
    outer loop
      vertex 73.1 40.1 2.5
      vertex 72.5147 40.0424 6.5
      vertex 73.1 40.1 6.5
    endloop
  endfacet
  facet normal -0.097938 0.995193 0
    outer loop
      vertex 72.5147 40.0424 6.5
      vertex 73.1 40.1 2.5
      vertex 72.5147 40.0424 2.5
    endloop
  endfacet
  facet normal -0.995193 -0.097938 0
    outer loop
      vertex 70.1576 36.5147 2.5
      vertex 70.1 37.1 6.5
      vertex 70.1 37.1 2.5
    endloop
  endfacet
  facet normal -0.995193 -0.097938 0
    outer loop
      vertex 70.1 37.1 6.5
      vertex 70.1576 36.5147 2.5
      vertex 70.1576 36.5147 6.5
    endloop
  endfacet
  facet normal 0.956904 0.290404 0
    outer loop
      vertex 76.0424 37.6853 6.5
      vertex 75.8716 38.2481 2.5
      vertex 75.8716 38.2481 6.5
    endloop
  endfacet
  facet normal 0.956904 0.290404 0
    outer loop
      vertex 75.8716 38.2481 2.5
      vertex 76.0424 37.6853 6.5
      vertex 76.0424 37.6853 2.5
    endloop
  endfacet
  facet normal 0.995193 -0.097938 0
    outer loop
      vertex 76.0424 36.5147 6.5
      vertex 76.1 37.1 2.5
      vertex 76.1 37.1 6.5
    endloop
  endfacet
  facet normal 0.995193 -0.097938 0
    outer loop
      vertex 76.1 37.1 2.5
      vertex 76.0424 36.5147 6.5
      vertex 76.0424 36.5147 2.5
    endloop
  endfacet
  facet normal 0.471329 0.881957 -0
    outer loop
      vertex 74.7667 39.5944 2.5
      vertex 74.248 39.8716 6.5
      vertex 74.7667 39.5944 6.5
    endloop
  endfacet
  facet normal 0.471329 0.881957 0
    outer loop
      vertex 74.248 39.8716 6.5
      vertex 74.7667 39.5944 2.5
      vertex 74.248 39.8716 2.5
    endloop
  endfacet
  facet normal 0.772994 0.634413 0
    outer loop
      vertex 75.5944 38.7667 6.5
      vertex 75.2213 39.2213 2.5
      vertex 75.2213 39.2213 6.5
    endloop
  endfacet
  facet normal 0.772994 0.634413 0
    outer loop
      vertex 75.2213 39.2213 2.5
      vertex 75.5944 38.7667 6.5
      vertex 75.5944 38.7667 2.5
    endloop
  endfacet
  facet normal -0.956904 0.290404 0
    outer loop
      vertex 70.1576 37.6853 2.5
      vertex 70.3284 38.2481 6.5
      vertex 70.3284 38.2481 2.5
    endloop
  endfacet
  facet normal -0.956904 0.290404 0
    outer loop
      vertex 70.3284 38.2481 6.5
      vertex 70.1576 37.6853 2.5
      vertex 70.1576 37.6853 6.5
    endloop
  endfacet
  facet normal -0.95689 -0.290451 0
    outer loop
      vertex 70.3284 35.952 2.5
      vertex 70.1576 36.5147 6.5
      vertex 70.1576 36.5147 2.5
    endloop
  endfacet
  facet normal -0.95689 -0.290451 0
    outer loop
      vertex 70.1576 36.5147 6.5
      vertex 70.3284 35.952 2.5
      vertex 70.3284 35.952 6.5
    endloop
  endfacet
  facet normal 0.995193 0.097938 0
    outer loop
      vertex 76.1 37.1 6.5
      vertex 76.0424 37.6853 2.5
      vertex 76.0424 37.6853 6.5
    endloop
  endfacet
  facet normal 0.995193 0.097938 0
    outer loop
      vertex 76.0424 37.6853 2.5
      vertex 76.1 37.1 6.5
      vertex 76.1 37.1 2.5
    endloop
  endfacet
  facet normal -0.471329 0.881957 0
    outer loop
      vertex 71.952 39.8716 2.5
      vertex 71.4333 39.5944 6.5
      vertex 71.952 39.8716 6.5
    endloop
  endfacet
  facet normal -0.471329 0.881957 0
    outer loop
      vertex 71.4333 39.5944 6.5
      vertex 71.952 39.8716 2.5
      vertex 71.4333 39.5944 2.5
    endloop
  endfacet
  facet normal -0.290451 -0.95689 0
    outer loop
      vertex 71.952 34.3284 2.5
      vertex 72.5147 34.1576 6.5
      vertex 71.952 34.3284 6.5
    endloop
  endfacet
  facet normal -0.290451 -0.95689 -0
    outer loop
      vertex 72.5147 34.1576 6.5
      vertex 71.952 34.3284 2.5
      vertex 72.5147 34.1576 2.5
    endloop
  endfacet
  facet normal 0.097938 0.995193 -0
    outer loop
      vertex 73.6853 40.0424 2.5
      vertex 73.1 40.1 6.5
      vertex 73.6853 40.0424 6.5
    endloop
  endfacet
  facet normal 0.097938 0.995193 0
    outer loop
      vertex 73.1 40.1 6.5
      vertex 73.6853 40.0424 2.5
      vertex 73.1 40.1 2.5
    endloop
  endfacet
  facet normal 0.634413 -0.772994 0
    outer loop
      vertex 74.7667 34.6056 2.5
      vertex 75.2213 34.9787 6.5
      vertex 74.7667 34.6056 6.5
    endloop
  endfacet
  facet normal 0.634413 -0.772994 0
    outer loop
      vertex 75.2213 34.9787 6.5
      vertex 74.7667 34.6056 2.5
      vertex 75.2213 34.9787 2.5
    endloop
  endfacet
  facet normal 0.097938 -0.995193 0
    outer loop
      vertex 73.1 34.1 2.5
      vertex 73.6853 34.1576 6.5
      vertex 73.1 34.1 6.5
    endloop
  endfacet
  facet normal 0.097938 -0.995193 0
    outer loop
      vertex 73.6853 34.1576 6.5
      vertex 73.1 34.1 2.5
      vertex 73.6853 34.1576 2.5
    endloop
  endfacet
  facet normal -0.995193 0.097938 0
    outer loop
      vertex 70.1 37.1 2.5
      vertex 70.1576 37.6853 6.5
      vertex 70.1576 37.6853 2.5
    endloop
  endfacet
  facet normal -0.995193 0.097938 0
    outer loop
      vertex 70.1576 37.6853 6.5
      vertex 70.1 37.1 2.5
      vertex 70.1 37.1 6.5
    endloop
  endfacet
  facet normal -0.634413 -0.772994 0
    outer loop
      vertex 70.9787 34.9787 2.5
      vertex 71.4333 34.6056 6.5
      vertex 70.9787 34.9787 6.5
    endloop
  endfacet
  facet normal -0.634413 -0.772994 -0
    outer loop
      vertex 71.4333 34.6056 6.5
      vertex 70.9787 34.9787 2.5
      vertex 71.4333 34.6056 2.5
    endloop
  endfacet
  facet normal -0.290451 0.95689 0
    outer loop
      vertex 72.5147 40.0424 2.5
      vertex 71.952 39.8716 6.5
      vertex 72.5147 40.0424 6.5
    endloop
  endfacet
  facet normal -0.290451 0.95689 0
    outer loop
      vertex 71.952 39.8716 6.5
      vertex 72.5147 40.0424 2.5
      vertex 71.952 39.8716 2.5
    endloop
  endfacet
  facet normal 0.471329 -0.881957 0
    outer loop
      vertex 74.248 34.3284 2.5
      vertex 74.7667 34.6056 6.5
      vertex 74.248 34.3284 6.5
    endloop
  endfacet
  facet normal 0.471329 -0.881957 0
    outer loop
      vertex 74.7667 34.6056 6.5
      vertex 74.248 34.3284 2.5
      vertex 74.7667 34.6056 2.5
    endloop
  endfacet
  facet normal 0.290451 0.95689 -0
    outer loop
      vertex 74.248 39.8716 2.5
      vertex 73.6853 40.0424 6.5
      vertex 74.248 39.8716 6.5
    endloop
  endfacet
  facet normal 0.290451 0.95689 0
    outer loop
      vertex 73.6853 40.0424 6.5
      vertex 74.248 39.8716 2.5
      vertex 73.6853 40.0424 2.5
    endloop
  endfacet
  facet normal 0.634413 0.772994 -0
    outer loop
      vertex 75.2213 39.2213 2.5
      vertex 74.7667 39.5944 6.5
      vertex 75.2213 39.2213 6.5
    endloop
  endfacet
  facet normal 0.634413 0.772994 0
    outer loop
      vertex 74.7667 39.5944 6.5
      vertex 75.2213 39.2213 2.5
      vertex 74.7667 39.5944 2.5
    endloop
  endfacet
  facet normal -0.772994 0.634413 0
    outer loop
      vertex 70.6056 38.7667 2.5
      vertex 70.9787 39.2213 6.5
      vertex 70.9787 39.2213 2.5
    endloop
  endfacet
  facet normal -0.772994 0.634413 0
    outer loop
      vertex 70.9787 39.2213 6.5
      vertex 70.6056 38.7667 2.5
      vertex 70.6056 38.7667 6.5
    endloop
  endfacet
  facet normal -0.634413 0.772994 0
    outer loop
      vertex 71.4333 39.5944 2.5
      vertex 70.9787 39.2213 6.5
      vertex 71.4333 39.5944 6.5
    endloop
  endfacet
  facet normal -0.634413 0.772994 0
    outer loop
      vertex 70.9787 39.2213 6.5
      vertex 71.4333 39.5944 2.5
      vertex 70.9787 39.2213 2.5
    endloop
  endfacet
  facet normal 0 0 1
    outer loop
      vertex 74.1 37.1 6.5
      vertex 76.1 37.1 6.5
      vertex 76.0424 37.6853 6.5
    endloop
  endfacet
  facet normal 0 0 1
    outer loop
      vertex 73.9413 37.6406 6.5
      vertex 76.0424 37.6853 6.5
      vertex 75.8716 38.2481 6.5
    endloop
  endfacet
  facet normal 0 0 1
    outer loop
      vertex 76.1 37.1 6.5
      vertex 74.1 37.1 6.5
      vertex 76.0424 36.5147 6.5
    endloop
  endfacet
  facet normal 0 0 1
    outer loop
      vertex 73.9413 37.6406 6.5
      vertex 75.8716 38.2481 6.5
      vertex 75.5944 38.7667 6.5
    endloop
  endfacet
  facet normal -0 0 1
    outer loop
      vertex 73.9413 36.5594 6.5
      vertex 76.0424 36.5147 6.5
      vertex 74.1 37.1 6.5
    endloop
  endfacet
  facet normal 0 0 1
    outer loop
      vertex 73.9413 37.6406 6.5
      vertex 75.5944 38.7667 6.5
      vertex 75.2213 39.2213 6.5
    endloop
  endfacet
  facet normal 0 0 1
    outer loop
      vertex 76.0424 36.5147 6.5
      vertex 73.9413 36.5594 6.5
      vertex 75.8716 35.952 6.5
    endloop
  endfacet
  facet normal 0 0 1
    outer loop
      vertex 73.5154 38.0096 6.5
      vertex 75.2213 39.2213 6.5
      vertex 74.7667 39.5944 6.5
    endloop
  endfacet
  facet normal 0 0 1
    outer loop
      vertex 75.8716 35.952 6.5
      vertex 73.9413 36.5594 6.5
      vertex 75.5944 35.4333 6.5
    endloop
  endfacet
  facet normal 0 0 1
    outer loop
      vertex 73.5154 38.0096 6.5
      vertex 74.7667 39.5944 6.5
      vertex 74.248 39.8716 6.5
    endloop
  endfacet
  facet normal 0 0 1
    outer loop
      vertex 75.5944 35.4333 6.5
      vertex 73.9413 36.5594 6.5
      vertex 75.2213 34.9787 6.5
    endloop
  endfacet
  facet normal -0 0 1
    outer loop
      vertex 73.5154 36.1904 6.5
      vertex 75.2213 34.9787 6.5
      vertex 73.9413 36.5594 6.5
    endloop
  endfacet
  facet normal 0 0 1
    outer loop
      vertex 76.0424 37.6853 6.5
      vertex 73.9413 37.6406 6.5
      vertex 74.1 37.1 6.5
    endloop
  endfacet
  facet normal 0 0 1
    outer loop
      vertex 73.5154 38.0096 6.5
      vertex 74.248 39.8716 6.5
      vertex 73.6853 40.0424 6.5
    endloop
  endfacet
  facet normal 0 0 1
    outer loop
      vertex 75.2213 39.2213 6.5
      vertex 73.5154 38.0096 6.5
      vertex 73.9413 37.6406 6.5
    endloop
  endfacet
  facet normal 0 0 1
    outer loop
      vertex 72.9577 38.0898 6.5
      vertex 73.6853 40.0424 6.5
      vertex 73.1 40.1 6.5
    endloop
  endfacet
  facet normal 0 0 1
    outer loop
      vertex 73.6853 40.0424 6.5
      vertex 72.9577 38.0898 6.5
      vertex 73.5154 38.0096 6.5
    endloop
  endfacet
  facet normal -0 0 1
    outer loop
      vertex 72.5147 40.0424 6.5
      vertex 72.9577 38.0898 6.5
      vertex 73.1 40.1 6.5
    endloop
  endfacet
  facet normal -0 0 1
    outer loop
      vertex 71.952 39.8716 6.5
      vertex 72.9577 38.0898 6.5
      vertex 72.5147 40.0424 6.5
    endloop
  endfacet
  facet normal 0 0 1
    outer loop
      vertex 72.9577 38.0898 6.5
      vertex 71.952 39.8716 6.5
      vertex 72.4451 37.8557 6.5
    endloop
  endfacet
  facet normal -0 0 1
    outer loop
      vertex 70.9787 39.2213 6.5
      vertex 72.4451 37.8557 6.5
      vertex 71.4333 39.5944 6.5
    endloop
  endfacet
  facet normal -0 0 1
    outer loop
      vertex 71.4333 39.5944 6.5
      vertex 72.4451 37.8557 6.5
      vertex 71.952 39.8716 6.5
    endloop
  endfacet
  facet normal 0 0 1
    outer loop
      vertex 75.2213 34.9787 6.5
      vertex 73.5154 36.1904 6.5
      vertex 74.7667 34.6056 6.5
    endloop
  endfacet
  facet normal 0 0 1
    outer loop
      vertex 74.7667 34.6056 6.5
      vertex 73.5154 36.1904 6.5
      vertex 74.248 34.3284 6.5
    endloop
  endfacet
  facet normal 0 0 1
    outer loop
      vertex 74.248 34.3284 6.5
      vertex 73.5154 36.1904 6.5
      vertex 73.6853 34.1576 6.5
    endloop
  endfacet
  facet normal -0 0 1
    outer loop
      vertex 72.9577 36.1102 6.5
      vertex 73.6853 34.1576 6.5
      vertex 73.5154 36.1904 6.5
    endloop
  endfacet
  facet normal 0 0 1
    outer loop
      vertex 73.6853 34.1576 6.5
      vertex 72.9577 36.1102 6.5
      vertex 73.1 34.1 6.5
    endloop
  endfacet
  facet normal 0 0 1
    outer loop
      vertex 72.9577 36.1102 6.5
      vertex 72.5147 34.1576 6.5
      vertex 73.1 34.1 6.5
    endloop
  endfacet
  facet normal 0 0 1
    outer loop
      vertex 71.952 34.3284 6.5
      vertex 72.9577 36.1102 6.5
      vertex 72.4451 36.3442 6.5
    endloop
  endfacet
  facet normal 0 0 1
    outer loop
      vertex 70.6056 35.4333 6.5
      vertex 72.4451 36.3442 6.5
      vertex 72.1405 36.8183 6.5
    endloop
  endfacet
  facet normal 0 0 1
    outer loop
      vertex 72.9577 36.1102 6.5
      vertex 71.952 34.3284 6.5
      vertex 72.5147 34.1576 6.5
    endloop
  endfacet
  facet normal -0 0 1
    outer loop
      vertex 70.6056 38.7667 6.5
      vertex 72.4451 37.8557 6.5
      vertex 70.9787 39.2213 6.5
    endloop
  endfacet
  facet normal 0 0 1
    outer loop
      vertex 72.4451 37.8557 6.5
      vertex 70.6056 38.7667 6.5
      vertex 72.1405 37.3817 6.5
    endloop
  endfacet
  facet normal 0 0 1
    outer loop
      vertex 72.4451 36.3442 6.5
      vertex 71.4333 34.6056 6.5
      vertex 71.952 34.3284 6.5
    endloop
  endfacet
  facet normal -0 0 1
    outer loop
      vertex 70.3284 38.2481 6.5
      vertex 72.1405 37.3817 6.5
      vertex 70.6056 38.7667 6.5
    endloop
  endfacet
  facet normal 0 0 1
    outer loop
      vertex 72.4451 36.3442 6.5
      vertex 70.9787 34.9787 6.5
      vertex 71.4333 34.6056 6.5
    endloop
  endfacet
  facet normal -0 0 1
    outer loop
      vertex 70.1576 37.6853 6.5
      vertex 72.1405 37.3817 6.5
      vertex 70.3284 38.2481 6.5
    endloop
  endfacet
  facet normal 0 0 1
    outer loop
      vertex 72.4451 36.3442 6.5
      vertex 70.6056 35.4333 6.5
      vertex 70.9787 34.9787 6.5
    endloop
  endfacet
  facet normal 0 0 1
    outer loop
      vertex 70.1 37.1 6.5
      vertex 72.1405 37.3817 6.5
      vertex 70.1576 37.6853 6.5
    endloop
  endfacet
  facet normal 0 0 1
    outer loop
      vertex 72.1405 36.8183 6.5
      vertex 70.3284 35.952 6.5
      vertex 70.6056 35.4333 6.5
    endloop
  endfacet
  facet normal 0 0 1
    outer loop
      vertex 72.1405 37.3817 6.5
      vertex 70.1 37.1 6.5
      vertex 72.1405 36.8183 6.5
    endloop
  endfacet
  facet normal 0 0 1
    outer loop
      vertex 72.1405 36.8183 6.5
      vertex 70.1576 36.5147 6.5
      vertex 70.3284 35.952 6.5
    endloop
  endfacet
  facet normal 0 0 1
    outer loop
      vertex 72.1405 36.8183 6.5
      vertex 70.1 37.1 6.5
      vertex 70.1576 36.5147 6.5
    endloop
  endfacet
  facet normal -0.772994 -0.634413 0
    outer loop
      vertex 70.9787 34.9787 2.5
      vertex 70.6056 35.4333 6.5
      vertex 70.6056 35.4333 2.5
    endloop
  endfacet
  facet normal -0.772994 -0.634413 0
    outer loop
      vertex 70.6056 35.4333 6.5
      vertex 70.9787 34.9787 2.5
      vertex 70.9787 34.9787 6.5
    endloop
  endfacet
  facet normal -0.881957 -0.471329 0
    outer loop
      vertex 70.6056 35.4333 2.5
      vertex 70.3284 35.952 6.5
      vertex 70.3284 35.952 2.5
    endloop
  endfacet
  facet normal -0.881957 -0.471329 0
    outer loop
      vertex 70.3284 35.952 6.5
      vertex 70.6056 35.4333 2.5
      vertex 70.6056 35.4333 6.5
    endloop
  endfacet
  facet normal 0.290451 -0.95689 0
    outer loop
      vertex 73.6853 34.1576 2.5
      vertex 74.248 34.3284 6.5
      vertex 73.6853 34.1576 6.5
    endloop
  endfacet
  facet normal 0.290451 -0.95689 0
    outer loop
      vertex 74.248 34.3284 6.5
      vertex 73.6853 34.1576 2.5
      vertex 74.248 34.3284 2.5
    endloop
  endfacet
  facet normal -0.881919 0.4714 0
    outer loop
      vertex 70.3284 38.2481 2.5
      vertex 70.6056 38.7667 6.5
      vertex 70.6056 38.7667 2.5
    endloop
  endfacet
  facet normal -0.881919 0.4714 0
    outer loop
      vertex 70.6056 38.7667 6.5
      vertex 70.3284 38.2481 2.5
      vertex 70.3284 38.2481 6.5
    endloop
  endfacet
  facet normal 0.881957 -0.471329 0
    outer loop
      vertex 75.5944 35.4333 6.5
      vertex 75.8716 35.952 2.5
      vertex 75.8716 35.952 6.5
    endloop
  endfacet
  facet normal 0.881957 -0.471329 0
    outer loop
      vertex 75.8716 35.952 2.5
      vertex 75.5944 35.4333 6.5
      vertex 75.5944 35.4333 2.5
    endloop
  endfacet
  facet normal 0.772994 -0.634413 0
    outer loop
      vertex 75.2213 34.9787 6.5
      vertex 75.5944 35.4333 2.5
      vertex 75.5944 35.4333 6.5
    endloop
  endfacet
  facet normal 0.772994 -0.634413 0
    outer loop
      vertex 75.5944 35.4333 2.5
      vertex 75.2213 34.9787 6.5
      vertex 75.2213 34.9787 2.5
    endloop
  endfacet
  facet normal -0.097938 -0.995193 0
    outer loop
      vertex 72.5147 34.1576 2.5
      vertex 73.1 34.1 6.5
      vertex 72.5147 34.1576 6.5
    endloop
  endfacet
  facet normal -0.097938 -0.995193 -0
    outer loop
      vertex 73.1 34.1 6.5
      vertex 72.5147 34.1576 2.5
      vertex 73.1 34.1 2.5
    endloop
  endfacet
  facet normal -0.471329 -0.881957 0
    outer loop
      vertex 71.4333 34.6056 2.5
      vertex 71.952 34.3284 6.5
      vertex 71.4333 34.6056 6.5
    endloop
  endfacet
  facet normal -0.471329 -0.881957 -0
    outer loop
      vertex 71.952 34.3284 6.5
      vertex 71.4333 34.6056 2.5
      vertex 71.952 34.3284 2.5
    endloop
  endfacet
  facet normal 0.95689 -0.290451 0
    outer loop
      vertex 75.8716 35.952 6.5
      vertex 76.0424 36.5147 2.5
      vertex 76.0424 36.5147 6.5
    endloop
  endfacet
  facet normal 0.95689 -0.290451 0
    outer loop
      vertex 76.0424 36.5147 2.5
      vertex 75.8716 35.952 6.5
      vertex 75.8716 35.952 2.5
    endloop
  endfacet
  facet normal 0.841323 0.540533 0
    outer loop
      vertex 72.4451 36.3442 6.5
      vertex 72.1405 36.8183 2.5
      vertex 72.1405 36.8183 6.5
    endloop
  endfacet
  facet normal 0.841323 0.540533 0
    outer loop
      vertex 72.1405 36.8183 2.5
      vertex 72.4451 36.3442 6.5
      vertex 72.4451 36.3442 2.5
    endloop
  endfacet
  facet normal -0.654816 -0.755789 0
    outer loop
      vertex 73.5154 38.0096 2.5
      vertex 73.9413 37.6406 6.5
      vertex 73.5154 38.0096 6.5
    endloop
  endfacet
  facet normal -0.654816 -0.755789 -0
    outer loop
      vertex 73.9413 37.6406 6.5
      vertex 73.5154 38.0096 2.5
      vertex 73.9413 37.6406 2.5
    endloop
  endfacet
  facet normal -0.95951 -0.281676 0
    outer loop
      vertex 74.1 37.1 2.5
      vertex 73.9413 37.6406 6.5
      vertex 73.9413 37.6406 2.5
    endloop
  endfacet
  facet normal -0.95951 -0.281676 0
    outer loop
      vertex 73.9413 37.6406 6.5
      vertex 74.1 37.1 2.5
      vertex 74.1 37.1 6.5
    endloop
  endfacet
  facet normal -0.142341 -0.989818 0
    outer loop
      vertex 72.9577 38.0898 2.5
      vertex 73.5154 38.0096 6.5
      vertex 72.9577 38.0898 6.5
    endloop
  endfacet
  facet normal -0.142341 -0.989818 -0
    outer loop
      vertex 73.5154 38.0096 6.5
      vertex 72.9577 38.0898 2.5
      vertex 73.5154 38.0096 2.5
    endloop
  endfacet
  facet normal -0.654816 0.755789 0
    outer loop
      vertex 73.9413 36.5594 2.5
      vertex 73.5154 36.1904 6.5
      vertex 73.9413 36.5594 6.5
    endloop
  endfacet
  facet normal -0.654816 0.755789 0
    outer loop
      vertex 73.5154 36.1904 6.5
      vertex 73.9413 36.5594 2.5
      vertex 73.5154 36.1904 2.5
    endloop
  endfacet
  facet normal 0.41542 -0.90963 0
    outer loop
      vertex 72.4451 37.8557 2.5
      vertex 72.9577 38.0898 6.5
      vertex 72.4451 37.8557 6.5
    endloop
  endfacet
  facet normal 0.41542 -0.90963 0
    outer loop
      vertex 72.9577 38.0898 6.5
      vertex 72.4451 37.8557 2.5
      vertex 72.9577 38.0898 2.5
    endloop
  endfacet
  facet normal -0.95951 0.281676 0
    outer loop
      vertex 73.9413 36.5594 2.5
      vertex 74.1 37.1 6.5
      vertex 74.1 37.1 2.5
    endloop
  endfacet
  facet normal -0.95951 0.281676 0
    outer loop
      vertex 74.1 37.1 6.5
      vertex 73.9413 36.5594 2.5
      vertex 73.9413 36.5594 6.5
    endloop
  endfacet
  facet normal 1 -0 0
    outer loop
      vertex 72.1405 36.8183 6.5
      vertex 72.1405 37.3817 2.5
      vertex 72.1405 37.3817 6.5
    endloop
  endfacet
  facet normal 1 0 0
    outer loop
      vertex 72.1405 37.3817 2.5
      vertex 72.1405 36.8183 6.5
      vertex 72.1405 36.8183 2.5
    endloop
  endfacet
  facet normal -0.142341 0.989818 0
    outer loop
      vertex 73.5154 36.1904 2.5
      vertex 72.9577 36.1102 6.5
      vertex 73.5154 36.1904 6.5
    endloop
  endfacet
  facet normal -0.142341 0.989818 0
    outer loop
      vertex 72.9577 36.1102 6.5
      vertex 73.5154 36.1904 2.5
      vertex 72.9577 36.1102 2.5
    endloop
  endfacet
  facet normal 0.841271 -0.540614 0
    outer loop
      vertex 72.1405 37.3817 6.5
      vertex 72.4451 37.8557 2.5
      vertex 72.4451 37.8557 6.5
    endloop
  endfacet
  facet normal 0.841271 -0.540614 0
    outer loop
      vertex 72.4451 37.8557 2.5
      vertex 72.1405 37.3817 6.5
      vertex 72.1405 37.3817 2.5
    endloop
  endfacet
  facet normal 0.415273 0.909697 -0
    outer loop
      vertex 72.9577 36.1102 2.5
      vertex 72.4451 36.3442 6.5
      vertex 72.9577 36.1102 6.5
    endloop
  endfacet
  facet normal 0.415273 0.909697 0
    outer loop
      vertex 72.4451 36.3442 6.5
      vertex 72.9577 36.1102 2.5
      vertex 72.4451 36.3442 2.5
    endloop
  endfacet
  facet normal 0.881392 0.472386 0
    outer loop
      vertex 120.872 17.248 6.5
      vertex 120.594 17.7667 2.5
      vertex 120.594 17.7667 6.5
    endloop
  endfacet
  facet normal 0.881392 0.472386 0
    outer loop
      vertex 120.594 17.7667 2.5
      vertex 120.872 17.248 6.5
      vertex 120.872 17.248 2.5
    endloop
  endfacet
  facet normal -0.0979877 0.995188 0
    outer loop
      vertex 118.1 19.1 2.5
      vertex 117.515 19.0424 6.5
      vertex 118.1 19.1 6.5
    endloop
  endfacet
  facet normal -0.0979877 0.995188 0
    outer loop
      vertex 117.515 19.0424 6.5
      vertex 118.1 19.1 2.5
      vertex 117.515 19.0424 2.5
    endloop
  endfacet
  facet normal -0.995126 -0.0986115 0
    outer loop
      vertex 115.158 15.5147 2.5
      vertex 115.1 16.1 6.5
      vertex 115.1 16.1 2.5
    endloop
  endfacet
  facet normal -0.995126 -0.0986115 0
    outer loop
      vertex 115.1 16.1 6.5
      vertex 115.158 15.5147 2.5
      vertex 115.158 15.5147 6.5
    endloop
  endfacet
  facet normal 0.957267 0.289205 0
    outer loop
      vertex 121.042 16.6853 6.5
      vertex 120.872 17.248 2.5
      vertex 120.872 17.248 6.5
    endloop
  endfacet
  facet normal 0.957267 0.289205 0
    outer loop
      vertex 120.872 17.248 2.5
      vertex 121.042 16.6853 6.5
      vertex 121.042 16.6853 2.5
    endloop
  endfacet
  facet normal 0.995126 -0.0986115 0
    outer loop
      vertex 121.042 15.5147 6.5
      vertex 121.1 16.1 2.5
      vertex 121.1 16.1 6.5
    endloop
  endfacet
  facet normal 0.995126 -0.0986115 0
    outer loop
      vertex 121.1 16.1 2.5
      vertex 121.042 15.5147 6.5
      vertex 121.042 15.5147 2.5
    endloop
  endfacet
  facet normal 0.471117 0.882071 -0
    outer loop
      vertex 119.767 18.5944 2.5
      vertex 119.248 18.8716 6.5
      vertex 119.767 18.5944 6.5
    endloop
  endfacet
  facet normal 0.471117 0.882071 0
    outer loop
      vertex 119.248 18.8716 6.5
      vertex 119.767 18.5944 2.5
      vertex 119.248 18.8716 2.5
    endloop
  endfacet
  facet normal 0.773078 0.634311 0
    outer loop
      vertex 120.594 17.7667 6.5
      vertex 120.221 18.2213 2.5
      vertex 120.221 18.2213 6.5
    endloop
  endfacet
  facet normal 0.773078 0.634311 0
    outer loop
      vertex 120.221 18.2213 2.5
      vertex 120.594 17.7667 6.5
      vertex 120.594 17.7667 2.5
    endloop
  endfacet
  facet normal -0.957267 0.289205 0
    outer loop
      vertex 115.158 16.6853 2.5
      vertex 115.328 17.248 6.5
      vertex 115.328 17.248 2.5
    endloop
  endfacet
  facet normal -0.957267 0.289205 0
    outer loop
      vertex 115.328 17.248 6.5
      vertex 115.158 16.6853 2.5
      vertex 115.158 16.6853 6.5
    endloop
  endfacet
  facet normal -0.957267 -0.289205 0
    outer loop
      vertex 115.328 14.952 2.5
      vertex 115.158 15.5147 6.5
      vertex 115.158 15.5147 2.5
    endloop
  endfacet
  facet normal -0.957267 -0.289205 0
    outer loop
      vertex 115.158 15.5147 6.5
      vertex 115.328 14.952 2.5
      vertex 115.328 14.952 6.5
    endloop
  endfacet
  facet normal 0.995126 0.0986115 0
    outer loop
      vertex 121.1 16.1 6.5
      vertex 121.042 16.6853 2.5
      vertex 121.042 16.6853 6.5
    endloop
  endfacet
  facet normal 0.995126 0.0986115 0
    outer loop
      vertex 121.042 16.6853 2.5
      vertex 121.1 16.1 6.5
      vertex 121.1 16.1 2.5
    endloop
  endfacet
  facet normal -0.471117 0.882071 0
    outer loop
      vertex 116.952 18.8716 2.5
      vertex 116.433 18.5944 6.5
      vertex 116.952 18.8716 6.5
    endloop
  endfacet
  facet normal -0.471117 0.882071 0
    outer loop
      vertex 116.433 18.5944 6.5
      vertex 116.952 18.8716 2.5
      vertex 116.433 18.5944 2.5
    endloop
  endfacet
  facet normal -0.290309 -0.956933 0
    outer loop
      vertex 116.952 13.3284 2.5
      vertex 117.515 13.1576 6.5
      vertex 116.952 13.3284 6.5
    endloop
  endfacet
  facet normal -0.290309 -0.956933 -0
    outer loop
      vertex 117.515 13.1576 6.5
      vertex 116.952 13.3284 2.5
      vertex 117.515 13.1576 2.5
    endloop
  endfacet
  facet normal 0.0979877 0.995188 -0
    outer loop
      vertex 118.685 19.0424 2.5
      vertex 118.1 19.1 6.5
      vertex 118.685 19.0424 6.5
    endloop
  endfacet
  facet normal 0.0979877 0.995188 0
    outer loop
      vertex 118.1 19.1 6.5
      vertex 118.685 19.0424 2.5
      vertex 118.1 19.1 2.5
    endloop
  endfacet
  facet normal 0.634914 -0.772583 0
    outer loop
      vertex 119.767 13.6056 2.5
      vertex 120.221 13.9787 6.5
      vertex 119.767 13.6056 6.5
    endloop
  endfacet
  facet normal 0.634914 -0.772583 0
    outer loop
      vertex 120.221 13.9787 6.5
      vertex 119.767 13.6056 2.5
      vertex 120.221 13.9787 2.5
    endloop
  endfacet
  facet normal 0.0979877 -0.995188 0
    outer loop
      vertex 118.1 13.1 2.5
      vertex 118.685 13.1576 6.5
      vertex 118.1 13.1 6.5
    endloop
  endfacet
  facet normal 0.0979877 -0.995188 0
    outer loop
      vertex 118.685 13.1576 6.5
      vertex 118.1 13.1 2.5
      vertex 118.685 13.1576 2.5
    endloop
  endfacet
  facet normal -0.995126 0.0986115 0
    outer loop
      vertex 115.1 16.1 2.5
      vertex 115.158 16.6853 6.5
      vertex 115.158 16.6853 2.5
    endloop
  endfacet
  facet normal -0.995126 0.0986115 0
    outer loop
      vertex 115.158 16.6853 6.5
      vertex 115.1 16.1 2.5
      vertex 115.1 16.1 6.5
    endloop
  endfacet
  facet normal -0.634914 -0.772583 0
    outer loop
      vertex 115.979 13.9787 2.5
      vertex 116.433 13.6056 6.5
      vertex 115.979 13.9787 6.5
    endloop
  endfacet
  facet normal -0.634914 -0.772583 -0
    outer loop
      vertex 116.433 13.6056 6.5
      vertex 115.979 13.9787 2.5
      vertex 116.433 13.6056 2.5
    endloop
  endfacet
  facet normal -0.290309 0.956933 0
    outer loop
      vertex 117.515 19.0424 2.5
      vertex 116.952 18.8716 6.5
      vertex 117.515 19.0424 6.5
    endloop
  endfacet
  facet normal -0.290309 0.956933 0
    outer loop
      vertex 116.952 18.8716 6.5
      vertex 117.515 19.0424 2.5
      vertex 116.952 18.8716 2.5
    endloop
  endfacet
  facet normal 0.471117 -0.882071 0
    outer loop
      vertex 119.248 13.3284 2.5
      vertex 119.767 13.6056 6.5
      vertex 119.248 13.3284 6.5
    endloop
  endfacet
  facet normal 0.471117 -0.882071 0
    outer loop
      vertex 119.767 13.6056 6.5
      vertex 119.248 13.3284 2.5
      vertex 119.767 13.6056 2.5
    endloop
  endfacet
  facet normal 0.290309 0.956933 -0
    outer loop
      vertex 119.248 18.8716 2.5
      vertex 118.685 19.0424 6.5
      vertex 119.248 18.8716 6.5
    endloop
  endfacet
  facet normal 0.290309 0.956933 0
    outer loop
      vertex 118.685 19.0424 6.5
      vertex 119.248 18.8716 2.5
      vertex 118.685 19.0424 2.5
    endloop
  endfacet
  facet normal 0.634914 0.772583 -0
    outer loop
      vertex 120.221 18.2213 2.5
      vertex 119.767 18.5944 6.5
      vertex 120.221 18.2213 6.5
    endloop
  endfacet
  facet normal 0.634914 0.772583 0
    outer loop
      vertex 119.767 18.5944 6.5
      vertex 120.221 18.2213 2.5
      vertex 119.767 18.5944 2.5
    endloop
  endfacet
  facet normal -0.773078 0.634311 0
    outer loop
      vertex 115.606 17.7667 2.5
      vertex 115.979 18.2213 6.5
      vertex 115.979 18.2213 2.5
    endloop
  endfacet
  facet normal -0.773078 0.634311 0
    outer loop
      vertex 115.979 18.2213 6.5
      vertex 115.606 17.7667 2.5
      vertex 115.606 17.7667 6.5
    endloop
  endfacet
  facet normal -0.634914 0.772583 0
    outer loop
      vertex 116.433 18.5944 2.5
      vertex 115.979 18.2213 6.5
      vertex 116.433 18.5944 6.5
    endloop
  endfacet
  facet normal -0.634914 0.772583 0
    outer loop
      vertex 115.979 18.2213 6.5
      vertex 116.433 18.5944 2.5
      vertex 115.979 18.2213 2.5
    endloop
  endfacet
  facet normal 0 0 1
    outer loop
      vertex 119.1 16.1 6.5
      vertex 121.1 16.1 6.5
      vertex 121.042 16.6853 6.5
    endloop
  endfacet
  facet normal 0 0 1
    outer loop
      vertex 118.941 16.6406 6.5
      vertex 121.042 16.6853 6.5
      vertex 120.872 17.248 6.5
    endloop
  endfacet
  facet normal 0 0 1
    outer loop
      vertex 121.1 16.1 6.5
      vertex 119.1 16.1 6.5
      vertex 121.042 15.5147 6.5
    endloop
  endfacet
  facet normal 0 0 1
    outer loop
      vertex 118.941 16.6406 6.5
      vertex 120.872 17.248 6.5
      vertex 120.594 17.7667 6.5
    endloop
  endfacet
  facet normal -0 0 1
    outer loop
      vertex 118.941 15.5594 6.5
      vertex 121.042 15.5147 6.5
      vertex 119.1 16.1 6.5
    endloop
  endfacet
  facet normal 0 0 1
    outer loop
      vertex 118.941 16.6406 6.5
      vertex 120.594 17.7667 6.5
      vertex 120.221 18.2213 6.5
    endloop
  endfacet
  facet normal 0 0 1
    outer loop
      vertex 121.042 15.5147 6.5
      vertex 118.941 15.5594 6.5
      vertex 120.872 14.952 6.5
    endloop
  endfacet
  facet normal 0 0 1
    outer loop
      vertex 118.515 17.0096 6.5
      vertex 120.221 18.2213 6.5
      vertex 119.767 18.5944 6.5
    endloop
  endfacet
  facet normal 0 0 1
    outer loop
      vertex 120.872 14.952 6.5
      vertex 118.941 15.5594 6.5
      vertex 120.594 14.4333 6.5
    endloop
  endfacet
  facet normal 0 0 1
    outer loop
      vertex 118.515 17.0096 6.5
      vertex 119.767 18.5944 6.5
      vertex 119.248 18.8716 6.5
    endloop
  endfacet
  facet normal 0 0 1
    outer loop
      vertex 120.594 14.4333 6.5
      vertex 118.941 15.5594 6.5
      vertex 120.221 13.9787 6.5
    endloop
  endfacet
  facet normal -0 0 1
    outer loop
      vertex 118.515 15.1904 6.5
      vertex 120.221 13.9787 6.5
      vertex 118.941 15.5594 6.5
    endloop
  endfacet
  facet normal 0 0 1
    outer loop
      vertex 121.042 16.6853 6.5
      vertex 118.941 16.6406 6.5
      vertex 119.1 16.1 6.5
    endloop
  endfacet
  facet normal 0 0 1
    outer loop
      vertex 118.515 17.0096 6.5
      vertex 119.248 18.8716 6.5
      vertex 118.685 19.0424 6.5
    endloop
  endfacet
  facet normal 0 0 1
    outer loop
      vertex 120.221 18.2213 6.5
      vertex 118.515 17.0096 6.5
      vertex 118.941 16.6406 6.5
    endloop
  endfacet
  facet normal 0 0 1
    outer loop
      vertex 117.958 17.0898 6.5
      vertex 118.685 19.0424 6.5
      vertex 118.1 19.1 6.5
    endloop
  endfacet
  facet normal 0 0 1
    outer loop
      vertex 118.685 19.0424 6.5
      vertex 117.958 17.0898 6.5
      vertex 118.515 17.0096 6.5
    endloop
  endfacet
  facet normal -0 0 1
    outer loop
      vertex 117.515 19.0424 6.5
      vertex 117.958 17.0898 6.5
      vertex 118.1 19.1 6.5
    endloop
  endfacet
  facet normal -0 0 1
    outer loop
      vertex 116.952 18.8716 6.5
      vertex 117.958 17.0898 6.5
      vertex 117.515 19.0424 6.5
    endloop
  endfacet
  facet normal 0 0 1
    outer loop
      vertex 117.958 17.0898 6.5
      vertex 116.952 18.8716 6.5
      vertex 117.445 16.8557 6.5
    endloop
  endfacet
  facet normal -0 0 1
    outer loop
      vertex 115.979 18.2213 6.5
      vertex 117.445 16.8557 6.5
      vertex 116.433 18.5944 6.5
    endloop
  endfacet
  facet normal -0 0 1
    outer loop
      vertex 116.433 18.5944 6.5
      vertex 117.445 16.8557 6.5
      vertex 116.952 18.8716 6.5
    endloop
  endfacet
  facet normal 0 0 1
    outer loop
      vertex 120.221 13.9787 6.5
      vertex 118.515 15.1904 6.5
      vertex 119.767 13.6056 6.5
    endloop
  endfacet
  facet normal 0 0 1
    outer loop
      vertex 119.767 13.6056 6.5
      vertex 118.515 15.1904 6.5
      vertex 119.248 13.3284 6.5
    endloop
  endfacet
  facet normal 0 0 1
    outer loop
      vertex 119.248 13.3284 6.5
      vertex 118.515 15.1904 6.5
      vertex 118.685 13.1576 6.5
    endloop
  endfacet
  facet normal -0 0 1
    outer loop
      vertex 117.958 15.1102 6.5
      vertex 118.685 13.1576 6.5
      vertex 118.515 15.1904 6.5
    endloop
  endfacet
  facet normal 0 0 1
    outer loop
      vertex 118.685 13.1576 6.5
      vertex 117.958 15.1102 6.5
      vertex 118.1 13.1 6.5
    endloop
  endfacet
  facet normal 0 0 1
    outer loop
      vertex 117.958 15.1102 6.5
      vertex 117.515 13.1576 6.5
      vertex 118.1 13.1 6.5
    endloop
  endfacet
  facet normal 0 0 1
    outer loop
      vertex 116.952 13.3284 6.5
      vertex 117.958 15.1102 6.5
      vertex 117.445 15.3443 6.5
    endloop
  endfacet
  facet normal 0 0 1
    outer loop
      vertex 115.606 14.4333 6.5
      vertex 117.445 15.3443 6.5
      vertex 117.141 15.8183 6.5
    endloop
  endfacet
  facet normal 0 0 1
    outer loop
      vertex 117.958 15.1102 6.5
      vertex 116.952 13.3284 6.5
      vertex 117.515 13.1576 6.5
    endloop
  endfacet
  facet normal -0 0 1
    outer loop
      vertex 115.606 17.7667 6.5
      vertex 117.445 16.8557 6.5
      vertex 115.979 18.2213 6.5
    endloop
  endfacet
  facet normal 0 0 1
    outer loop
      vertex 117.445 16.8557 6.5
      vertex 115.606 17.7667 6.5
      vertex 117.141 16.3817 6.5
    endloop
  endfacet
  facet normal 0 0 1
    outer loop
      vertex 117.445 15.3443 6.5
      vertex 116.433 13.6056 6.5
      vertex 116.952 13.3284 6.5
    endloop
  endfacet
  facet normal -0 0 1
    outer loop
      vertex 115.328 17.248 6.5
      vertex 117.141 16.3817 6.5
      vertex 115.606 17.7667 6.5
    endloop
  endfacet
  facet normal 0 0 1
    outer loop
      vertex 117.445 15.3443 6.5
      vertex 115.979 13.9787 6.5
      vertex 116.433 13.6056 6.5
    endloop
  endfacet
  facet normal -0 0 1
    outer loop
      vertex 115.158 16.6853 6.5
      vertex 117.141 16.3817 6.5
      vertex 115.328 17.248 6.5
    endloop
  endfacet
  facet normal 0 0 1
    outer loop
      vertex 117.445 15.3443 6.5
      vertex 115.606 14.4333 6.5
      vertex 115.979 13.9787 6.5
    endloop
  endfacet
  facet normal 0 0 1
    outer loop
      vertex 115.1 16.1 6.5
      vertex 117.141 16.3817 6.5
      vertex 115.158 16.6853 6.5
    endloop
  endfacet
  facet normal 0 0 1
    outer loop
      vertex 117.141 15.8183 6.5
      vertex 115.328 14.952 6.5
      vertex 115.606 14.4333 6.5
    endloop
  endfacet
  facet normal 0 0 1
    outer loop
      vertex 117.141 16.3817 6.5
      vertex 115.1 16.1 6.5
      vertex 117.141 15.8183 6.5
    endloop
  endfacet
  facet normal 0 0 1
    outer loop
      vertex 117.141 15.8183 6.5
      vertex 115.158 15.5147 6.5
      vertex 115.328 14.952 6.5
    endloop
  endfacet
  facet normal 0 0 1
    outer loop
      vertex 117.141 15.8183 6.5
      vertex 115.1 16.1 6.5
      vertex 115.158 15.5147 6.5
    endloop
  endfacet
  facet normal -0.773078 -0.634311 0
    outer loop
      vertex 115.979 13.9787 2.5
      vertex 115.606 14.4333 6.5
      vertex 115.606 14.4333 2.5
    endloop
  endfacet
  facet normal -0.773078 -0.634311 0
    outer loop
      vertex 115.606 14.4333 6.5
      vertex 115.979 13.9787 2.5
      vertex 115.979 13.9787 6.5
    endloop
  endfacet
  facet normal -0.881392 -0.472386 0
    outer loop
      vertex 115.606 14.4333 2.5
      vertex 115.328 14.952 6.5
      vertex 115.328 14.952 2.5
    endloop
  endfacet
  facet normal -0.881392 -0.472386 0
    outer loop
      vertex 115.328 14.952 6.5
      vertex 115.606 14.4333 2.5
      vertex 115.606 14.4333 6.5
    endloop
  endfacet
  facet normal 0.290309 -0.956933 0
    outer loop
      vertex 118.685 13.1576 2.5
      vertex 119.248 13.3284 6.5
      vertex 118.685 13.1576 6.5
    endloop
  endfacet
  facet normal 0.290309 -0.956933 0
    outer loop
      vertex 119.248 13.3284 6.5
      vertex 118.685 13.1576 2.5
      vertex 119.248 13.3284 2.5
    endloop
  endfacet
  facet normal -0.881392 0.472386 0
    outer loop
      vertex 115.328 17.248 2.5
      vertex 115.606 17.7667 6.5
      vertex 115.606 17.7667 2.5
    endloop
  endfacet
  facet normal -0.881392 0.472386 0
    outer loop
      vertex 115.606 17.7667 6.5
      vertex 115.328 17.248 2.5
      vertex 115.328 17.248 6.5
    endloop
  endfacet
  facet normal 0.881392 -0.472386 0
    outer loop
      vertex 120.594 14.4333 6.5
      vertex 120.872 14.952 2.5
      vertex 120.872 14.952 6.5
    endloop
  endfacet
  facet normal 0.881392 -0.472386 0
    outer loop
      vertex 120.872 14.952 2.5
      vertex 120.594 14.4333 6.5
      vertex 120.594 14.4333 2.5
    endloop
  endfacet
  facet normal 0.773078 -0.634311 0
    outer loop
      vertex 120.221 13.9787 6.5
      vertex 120.594 14.4333 2.5
      vertex 120.594 14.4333 6.5
    endloop
  endfacet
  facet normal 0.773078 -0.634311 0
    outer loop
      vertex 120.594 14.4333 2.5
      vertex 120.221 13.9787 6.5
      vertex 120.221 13.9787 2.5
    endloop
  endfacet
  facet normal -0.0979877 -0.995188 0
    outer loop
      vertex 117.515 13.1576 2.5
      vertex 118.1 13.1 6.5
      vertex 117.515 13.1576 6.5
    endloop
  endfacet
  facet normal -0.0979877 -0.995188 -0
    outer loop
      vertex 118.1 13.1 6.5
      vertex 117.515 13.1576 2.5
      vertex 118.1 13.1 2.5
    endloop
  endfacet
  facet normal -0.471117 -0.882071 0
    outer loop
      vertex 116.433 13.6056 2.5
      vertex 116.952 13.3284 6.5
      vertex 116.433 13.6056 6.5
    endloop
  endfacet
  facet normal -0.471117 -0.882071 -0
    outer loop
      vertex 116.952 13.3284 6.5
      vertex 116.433 13.6056 2.5
      vertex 116.952 13.3284 2.5
    endloop
  endfacet
  facet normal 0.957267 -0.289205 0
    outer loop
      vertex 120.872 14.952 6.5
      vertex 121.042 15.5147 2.5
      vertex 121.042 15.5147 6.5
    endloop
  endfacet
  facet normal 0.957267 -0.289205 0
    outer loop
      vertex 121.042 15.5147 2.5
      vertex 120.872 14.952 6.5
      vertex 120.872 14.952 2.5
    endloop
  endfacet
  facet normal 0.841755 0.53986 0
    outer loop
      vertex 117.445 15.3443 6.5
      vertex 117.141 15.8183 2.5
      vertex 117.141 15.8183 6.5
    endloop
  endfacet
  facet normal 0.841755 0.53986 0
    outer loop
      vertex 117.141 15.8183 2.5
      vertex 117.445 15.3443 6.5
      vertex 117.445 15.3443 2.5
    endloop
  endfacet
  facet normal -0.654728 -0.755865 0
    outer loop
      vertex 118.515 17.0096 2.5
      vertex 118.941 16.6406 6.5
      vertex 118.515 17.0096 6.5
    endloop
  endfacet
  facet normal -0.654728 -0.755865 -0
    outer loop
      vertex 118.941 16.6406 6.5
      vertex 118.515 17.0096 2.5
      vertex 118.941 16.6406 2.5
    endloop
  endfacet
  facet normal -0.959366 -0.282166 0
    outer loop
      vertex 119.1 16.1 2.5
      vertex 118.941 16.6406 6.5
      vertex 118.941 16.6406 2.5
    endloop
  endfacet
  facet normal -0.959366 -0.282166 0
    outer loop
      vertex 118.941 16.6406 6.5
      vertex 119.1 16.1 2.5
      vertex 119.1 16.1 6.5
    endloop
  endfacet
  facet normal -0.142516 -0.989793 0
    outer loop
      vertex 117.958 17.0898 2.5
      vertex 118.515 17.0096 6.5
      vertex 117.958 17.0898 6.5
    endloop
  endfacet
  facet normal -0.142516 -0.989793 -0
    outer loop
      vertex 118.515 17.0096 6.5
      vertex 117.958 17.0898 2.5
      vertex 118.515 17.0096 2.5
    endloop
  endfacet
  facet normal -0.654728 0.755865 0
    outer loop
      vertex 118.941 15.5594 2.5
      vertex 118.515 15.1904 6.5
      vertex 118.941 15.5594 6.5
    endloop
  endfacet
  facet normal -0.654728 0.755865 0
    outer loop
      vertex 118.515 15.1904 6.5
      vertex 118.941 15.5594 2.5
      vertex 118.515 15.1904 2.5
    endloop
  endfacet
  facet normal 0.415152 -0.909752 0
    outer loop
      vertex 117.445 16.8557 2.5
      vertex 117.958 17.0898 6.5
      vertex 117.445 16.8557 6.5
    endloop
  endfacet
  facet normal 0.415152 -0.909752 0
    outer loop
      vertex 117.958 17.0898 6.5
      vertex 117.445 16.8557 2.5
      vertex 117.958 17.0898 2.5
    endloop
  endfacet
  facet normal -0.959366 0.282166 0
    outer loop
      vertex 118.941 15.5594 2.5
      vertex 119.1 16.1 6.5
      vertex 119.1 16.1 2.5
    endloop
  endfacet
  facet normal -0.959366 0.282166 0
    outer loop
      vertex 119.1 16.1 6.5
      vertex 118.941 15.5594 2.5
      vertex 118.941 15.5594 6.5
    endloop
  endfacet
  facet normal 1 -0 0
    outer loop
      vertex 117.141 15.8183 6.5
      vertex 117.141 16.3817 2.5
      vertex 117.141 16.3817 6.5
    endloop
  endfacet
  facet normal 1 0 0
    outer loop
      vertex 117.141 16.3817 2.5
      vertex 117.141 15.8183 6.5
      vertex 117.141 15.8183 2.5
    endloop
  endfacet
  facet normal -0.142516 0.989793 0
    outer loop
      vertex 118.515 15.1904 2.5
      vertex 117.958 15.1102 6.5
      vertex 118.515 15.1904 6.5
    endloop
  endfacet
  facet normal -0.142516 0.989793 0
    outer loop
      vertex 117.958 15.1102 6.5
      vertex 118.515 15.1904 2.5
      vertex 117.958 15.1102 2.5
    endloop
  endfacet
  facet normal 0.841755 -0.53986 0
    outer loop
      vertex 117.141 16.3817 6.5
      vertex 117.445 16.8557 2.5
      vertex 117.445 16.8557 6.5
    endloop
  endfacet
  facet normal 0.841755 -0.53986 0
    outer loop
      vertex 117.445 16.8557 2.5
      vertex 117.141 16.3817 6.5
      vertex 117.141 16.3817 2.5
    endloop
  endfacet
  facet normal 0.415152 0.909752 -0
    outer loop
      vertex 117.958 15.1102 2.5
      vertex 117.445 15.3443 6.5
      vertex 117.958 15.1102 6.5
    endloop
  endfacet
  facet normal 0.415152 0.909752 0
    outer loop
      vertex 117.445 15.3443 6.5
      vertex 117.958 15.1102 2.5
      vertex 117.445 15.3443 2.5
    endloop
  endfacet
  facet normal 0.881354 0.472457 0
    outer loop
      vertex 120.872 38.2481 6.5
      vertex 120.594 38.7667 2.5
      vertex 120.594 38.7667 6.5
    endloop
  endfacet
  facet normal 0.881354 0.472457 0
    outer loop
      vertex 120.594 38.7667 2.5
      vertex 120.872 38.2481 6.5
      vertex 120.872 38.2481 2.5
    endloop
  endfacet
  facet normal -0.0979877 0.995188 0
    outer loop
      vertex 118.1 40.1 2.5
      vertex 117.515 40.0424 6.5
      vertex 118.1 40.1 6.5
    endloop
  endfacet
  facet normal -0.0979877 0.995188 0
    outer loop
      vertex 117.515 40.0424 6.5
      vertex 118.1 40.1 2.5
      vertex 117.515 40.0424 2.5
    endloop
  endfacet
  facet normal -0.995126 -0.0986115 0
    outer loop
      vertex 115.158 36.5147 2.5
      vertex 115.1 37.1 6.5
      vertex 115.1 37.1 2.5
    endloop
  endfacet
  facet normal -0.995126 -0.0986115 0
    outer loop
      vertex 115.1 37.1 6.5
      vertex 115.158 36.5147 2.5
      vertex 115.158 36.5147 6.5
    endloop
  endfacet
  facet normal 0.957282 0.289158 0
    outer loop
      vertex 121.042 37.6853 6.5
      vertex 120.872 38.2481 2.5
      vertex 120.872 38.2481 6.5
    endloop
  endfacet
  facet normal 0.957282 0.289158 0
    outer loop
      vertex 120.872 38.2481 2.5
      vertex 121.042 37.6853 6.5
      vertex 121.042 37.6853 2.5
    endloop
  endfacet
  facet normal 0.995126 -0.0986115 0
    outer loop
      vertex 121.042 36.5147 6.5
      vertex 121.1 37.1 2.5
      vertex 121.1 37.1 6.5
    endloop
  endfacet
  facet normal 0.995126 -0.0986115 0
    outer loop
      vertex 121.1 37.1 2.5
      vertex 121.042 36.5147 6.5
      vertex 121.042 36.5147 2.5
    endloop
  endfacet
  facet normal 0.471117 0.882071 -0
    outer loop
      vertex 119.767 39.5944 2.5
      vertex 119.248 39.8716 6.5
      vertex 119.767 39.5944 6.5
    endloop
  endfacet
  facet normal 0.471117 0.882071 0
    outer loop
      vertex 119.248 39.8716 6.5
      vertex 119.767 39.5944 2.5
      vertex 119.248 39.8716 2.5
    endloop
  endfacet
  facet normal 0.773078 0.634311 0
    outer loop
      vertex 120.594 38.7667 6.5
      vertex 120.221 39.2213 2.5
      vertex 120.221 39.2213 6.5
    endloop
  endfacet
  facet normal 0.773078 0.634311 0
    outer loop
      vertex 120.221 39.2213 2.5
      vertex 120.594 38.7667 6.5
      vertex 120.594 38.7667 2.5
    endloop
  endfacet
  facet normal -0.957282 0.289158 0
    outer loop
      vertex 115.158 37.6853 2.5
      vertex 115.328 38.2481 6.5
      vertex 115.328 38.2481 2.5
    endloop
  endfacet
  facet normal -0.957282 0.289158 0
    outer loop
      vertex 115.328 38.2481 6.5
      vertex 115.158 37.6853 2.5
      vertex 115.158 37.6853 6.5
    endloop
  endfacet
  facet normal -0.957267 -0.289205 0
    outer loop
      vertex 115.328 35.952 2.5
      vertex 115.158 36.5147 6.5
      vertex 115.158 36.5147 2.5
    endloop
  endfacet
  facet normal -0.957267 -0.289205 0
    outer loop
      vertex 115.158 36.5147 6.5
      vertex 115.328 35.952 2.5
      vertex 115.328 35.952 6.5
    endloop
  endfacet
  facet normal 0.995126 0.0986115 0
    outer loop
      vertex 121.1 37.1 6.5
      vertex 121.042 37.6853 2.5
      vertex 121.042 37.6853 6.5
    endloop
  endfacet
  facet normal 0.995126 0.0986115 0
    outer loop
      vertex 121.042 37.6853 2.5
      vertex 121.1 37.1 6.5
      vertex 121.1 37.1 2.5
    endloop
  endfacet
  facet normal -0.471117 0.882071 0
    outer loop
      vertex 116.952 39.8716 2.5
      vertex 116.433 39.5944 6.5
      vertex 116.952 39.8716 6.5
    endloop
  endfacet
  facet normal -0.471117 0.882071 0
    outer loop
      vertex 116.433 39.5944 6.5
      vertex 116.952 39.8716 2.5
      vertex 116.433 39.5944 2.5
    endloop
  endfacet
  facet normal -0.290309 -0.956933 0
    outer loop
      vertex 116.952 34.3284 2.5
      vertex 117.515 34.1576 6.5
      vertex 116.952 34.3284 6.5
    endloop
  endfacet
  facet normal -0.290309 -0.956933 -0
    outer loop
      vertex 117.515 34.1576 6.5
      vertex 116.952 34.3284 2.5
      vertex 117.515 34.1576 2.5
    endloop
  endfacet
  facet normal 0.0979877 0.995188 -0
    outer loop
      vertex 118.685 40.0424 2.5
      vertex 118.1 40.1 6.5
      vertex 118.685 40.0424 6.5
    endloop
  endfacet
  facet normal 0.0979877 0.995188 0
    outer loop
      vertex 118.1 40.1 6.5
      vertex 118.685 40.0424 2.5
      vertex 118.1 40.1 2.5
    endloop
  endfacet
  facet normal 0.634914 -0.772583 0
    outer loop
      vertex 119.767 34.6056 2.5
      vertex 120.221 34.9787 6.5
      vertex 119.767 34.6056 6.5
    endloop
  endfacet
  facet normal 0.634914 -0.772583 0
    outer loop
      vertex 120.221 34.9787 6.5
      vertex 119.767 34.6056 2.5
      vertex 120.221 34.9787 2.5
    endloop
  endfacet
  facet normal 0.0979877 -0.995188 0
    outer loop
      vertex 118.1 34.1 2.5
      vertex 118.685 34.1576 6.5
      vertex 118.1 34.1 6.5
    endloop
  endfacet
  facet normal 0.0979877 -0.995188 0
    outer loop
      vertex 118.685 34.1576 6.5
      vertex 118.1 34.1 2.5
      vertex 118.685 34.1576 2.5
    endloop
  endfacet
  facet normal -0.995126 0.0986115 0
    outer loop
      vertex 115.1 37.1 2.5
      vertex 115.158 37.6853 6.5
      vertex 115.158 37.6853 2.5
    endloop
  endfacet
  facet normal -0.995126 0.0986115 0
    outer loop
      vertex 115.158 37.6853 6.5
      vertex 115.1 37.1 2.5
      vertex 115.1 37.1 6.5
    endloop
  endfacet
  facet normal -0.634914 -0.772583 0
    outer loop
      vertex 115.979 34.9787 2.5
      vertex 116.433 34.6056 6.5
      vertex 115.979 34.9787 6.5
    endloop
  endfacet
  facet normal -0.634914 -0.772583 -0
    outer loop
      vertex 116.433 34.6056 6.5
      vertex 115.979 34.9787 2.5
      vertex 116.433 34.6056 2.5
    endloop
  endfacet
  facet normal -0.290309 0.956933 0
    outer loop
      vertex 117.515 40.0424 2.5
      vertex 116.952 39.8716 6.5
      vertex 117.515 40.0424 6.5
    endloop
  endfacet
  facet normal -0.290309 0.956933 0
    outer loop
      vertex 116.952 39.8716 6.5
      vertex 117.515 40.0424 2.5
      vertex 116.952 39.8716 2.5
    endloop
  endfacet
  facet normal 0.471117 -0.882071 0
    outer loop
      vertex 119.248 34.3284 2.5
      vertex 119.767 34.6056 6.5
      vertex 119.248 34.3284 6.5
    endloop
  endfacet
  facet normal 0.471117 -0.882071 0
    outer loop
      vertex 119.767 34.6056 6.5
      vertex 119.248 34.3284 2.5
      vertex 119.767 34.6056 2.5
    endloop
  endfacet
  facet normal 0.290309 0.956933 -0
    outer loop
      vertex 119.248 39.8716 2.5
      vertex 118.685 40.0424 6.5
      vertex 119.248 39.8716 6.5
    endloop
  endfacet
  facet normal 0.290309 0.956933 0
    outer loop
      vertex 118.685 40.0424 6.5
      vertex 119.248 39.8716 2.5
      vertex 118.685 40.0424 2.5
    endloop
  endfacet
  facet normal 0.634914 0.772583 -0
    outer loop
      vertex 120.221 39.2213 2.5
      vertex 119.767 39.5944 6.5
      vertex 120.221 39.2213 6.5
    endloop
  endfacet
  facet normal 0.634914 0.772583 0
    outer loop
      vertex 119.767 39.5944 6.5
      vertex 120.221 39.2213 2.5
      vertex 119.767 39.5944 2.5
    endloop
  endfacet
  facet normal -0.773078 0.634311 0
    outer loop
      vertex 115.606 38.7667 2.5
      vertex 115.979 39.2213 6.5
      vertex 115.979 39.2213 2.5
    endloop
  endfacet
  facet normal -0.773078 0.634311 0
    outer loop
      vertex 115.979 39.2213 6.5
      vertex 115.606 38.7667 2.5
      vertex 115.606 38.7667 6.5
    endloop
  endfacet
  facet normal -0.634914 0.772583 0
    outer loop
      vertex 116.433 39.5944 2.5
      vertex 115.979 39.2213 6.5
      vertex 116.433 39.5944 6.5
    endloop
  endfacet
  facet normal -0.634914 0.772583 0
    outer loop
      vertex 115.979 39.2213 6.5
      vertex 116.433 39.5944 2.5
      vertex 115.979 39.2213 2.5
    endloop
  endfacet
  facet normal 0 0 1
    outer loop
      vertex 119.1 37.1 6.5
      vertex 121.1 37.1 6.5
      vertex 121.042 37.6853 6.5
    endloop
  endfacet
  facet normal 0 0 1
    outer loop
      vertex 118.941 37.6406 6.5
      vertex 121.042 37.6853 6.5
      vertex 120.872 38.2481 6.5
    endloop
  endfacet
  facet normal 0 0 1
    outer loop
      vertex 121.1 37.1 6.5
      vertex 119.1 37.1 6.5
      vertex 121.042 36.5147 6.5
    endloop
  endfacet
  facet normal 0 0 1
    outer loop
      vertex 118.941 37.6406 6.5
      vertex 120.872 38.2481 6.5
      vertex 120.594 38.7667 6.5
    endloop
  endfacet
  facet normal -0 0 1
    outer loop
      vertex 118.941 36.5594 6.5
      vertex 121.042 36.5147 6.5
      vertex 119.1 37.1 6.5
    endloop
  endfacet
  facet normal 0 0 1
    outer loop
      vertex 118.941 37.6406 6.5
      vertex 120.594 38.7667 6.5
      vertex 120.221 39.2213 6.5
    endloop
  endfacet
  facet normal 0 0 1
    outer loop
      vertex 121.042 36.5147 6.5
      vertex 118.941 36.5594 6.5
      vertex 120.872 35.952 6.5
    endloop
  endfacet
  facet normal 0 0 1
    outer loop
      vertex 118.515 38.0096 6.5
      vertex 120.221 39.2213 6.5
      vertex 119.767 39.5944 6.5
    endloop
  endfacet
  facet normal 0 0 1
    outer loop
      vertex 120.872 35.952 6.5
      vertex 118.941 36.5594 6.5
      vertex 120.594 35.4333 6.5
    endloop
  endfacet
  facet normal 0 0 1
    outer loop
      vertex 118.515 38.0096 6.5
      vertex 119.767 39.5944 6.5
      vertex 119.248 39.8716 6.5
    endloop
  endfacet
  facet normal 0 0 1
    outer loop
      vertex 120.594 35.4333 6.5
      vertex 118.941 36.5594 6.5
      vertex 120.221 34.9787 6.5
    endloop
  endfacet
  facet normal -0 0 1
    outer loop
      vertex 118.515 36.1904 6.5
      vertex 120.221 34.9787 6.5
      vertex 118.941 36.5594 6.5
    endloop
  endfacet
  facet normal 0 0 1
    outer loop
      vertex 121.042 37.6853 6.5
      vertex 118.941 37.6406 6.5
      vertex 119.1 37.1 6.5
    endloop
  endfacet
  facet normal 0 0 1
    outer loop
      vertex 118.515 38.0096 6.5
      vertex 119.248 39.8716 6.5
      vertex 118.685 40.0424 6.5
    endloop
  endfacet
  facet normal 0 0 1
    outer loop
      vertex 120.221 39.2213 6.5
      vertex 118.515 38.0096 6.5
      vertex 118.941 37.6406 6.5
    endloop
  endfacet
  facet normal 0 0 1
    outer loop
      vertex 117.958 38.0898 6.5
      vertex 118.685 40.0424 6.5
      vertex 118.1 40.1 6.5
    endloop
  endfacet
  facet normal 0 0 1
    outer loop
      vertex 118.685 40.0424 6.5
      vertex 117.958 38.0898 6.5
      vertex 118.515 38.0096 6.5
    endloop
  endfacet
  facet normal -0 0 1
    outer loop
      vertex 117.515 40.0424 6.5
      vertex 117.958 38.0898 6.5
      vertex 118.1 40.1 6.5
    endloop
  endfacet
  facet normal -0 0 1
    outer loop
      vertex 116.952 39.8716 6.5
      vertex 117.958 38.0898 6.5
      vertex 117.515 40.0424 6.5
    endloop
  endfacet
  facet normal 0 0 1
    outer loop
      vertex 117.958 38.0898 6.5
      vertex 116.952 39.8716 6.5
      vertex 117.445 37.8557 6.5
    endloop
  endfacet
  facet normal -0 0 1
    outer loop
      vertex 115.979 39.2213 6.5
      vertex 117.445 37.8557 6.5
      vertex 116.433 39.5944 6.5
    endloop
  endfacet
  facet normal -0 0 1
    outer loop
      vertex 116.433 39.5944 6.5
      vertex 117.445 37.8557 6.5
      vertex 116.952 39.8716 6.5
    endloop
  endfacet
  facet normal 0 0 1
    outer loop
      vertex 120.221 34.9787 6.5
      vertex 118.515 36.1904 6.5
      vertex 119.767 34.6056 6.5
    endloop
  endfacet
  facet normal 0 0 1
    outer loop
      vertex 119.767 34.6056 6.5
      vertex 118.515 36.1904 6.5
      vertex 119.248 34.3284 6.5
    endloop
  endfacet
  facet normal 0 0 1
    outer loop
      vertex 119.248 34.3284 6.5
      vertex 118.515 36.1904 6.5
      vertex 118.685 34.1576 6.5
    endloop
  endfacet
  facet normal -0 0 1
    outer loop
      vertex 117.958 36.1102 6.5
      vertex 118.685 34.1576 6.5
      vertex 118.515 36.1904 6.5
    endloop
  endfacet
  facet normal 0 0 1
    outer loop
      vertex 118.685 34.1576 6.5
      vertex 117.958 36.1102 6.5
      vertex 118.1 34.1 6.5
    endloop
  endfacet
  facet normal 0 0 1
    outer loop
      vertex 117.958 36.1102 6.5
      vertex 117.515 34.1576 6.5
      vertex 118.1 34.1 6.5
    endloop
  endfacet
  facet normal 0 0 1
    outer loop
      vertex 116.952 34.3284 6.5
      vertex 117.958 36.1102 6.5
      vertex 117.445 36.3442 6.5
    endloop
  endfacet
  facet normal 0 0 1
    outer loop
      vertex 115.606 35.4333 6.5
      vertex 117.445 36.3442 6.5
      vertex 117.141 36.8183 6.5
    endloop
  endfacet
  facet normal 0 0 1
    outer loop
      vertex 117.958 36.1102 6.5
      vertex 116.952 34.3284 6.5
      vertex 117.515 34.1576 6.5
    endloop
  endfacet
  facet normal -0 0 1
    outer loop
      vertex 115.606 38.7667 6.5
      vertex 117.445 37.8557 6.5
      vertex 115.979 39.2213 6.5
    endloop
  endfacet
  facet normal 0 0 1
    outer loop
      vertex 117.445 37.8557 6.5
      vertex 115.606 38.7667 6.5
      vertex 117.141 37.3817 6.5
    endloop
  endfacet
  facet normal 0 0 1
    outer loop
      vertex 117.445 36.3442 6.5
      vertex 116.433 34.6056 6.5
      vertex 116.952 34.3284 6.5
    endloop
  endfacet
  facet normal -0 0 1
    outer loop
      vertex 115.328 38.2481 6.5
      vertex 117.141 37.3817 6.5
      vertex 115.606 38.7667 6.5
    endloop
  endfacet
  facet normal 0 0 1
    outer loop
      vertex 117.445 36.3442 6.5
      vertex 115.979 34.9787 6.5
      vertex 116.433 34.6056 6.5
    endloop
  endfacet
  facet normal -0 0 1
    outer loop
      vertex 115.158 37.6853 6.5
      vertex 117.141 37.3817 6.5
      vertex 115.328 38.2481 6.5
    endloop
  endfacet
  facet normal 0 0 1
    outer loop
      vertex 117.445 36.3442 6.5
      vertex 115.606 35.4333 6.5
      vertex 115.979 34.9787 6.5
    endloop
  endfacet
  facet normal 0 0 1
    outer loop
      vertex 115.1 37.1 6.5
      vertex 117.141 37.3817 6.5
      vertex 115.158 37.6853 6.5
    endloop
  endfacet
  facet normal 0 0 1
    outer loop
      vertex 117.141 36.8183 6.5
      vertex 115.328 35.952 6.5
      vertex 115.606 35.4333 6.5
    endloop
  endfacet
  facet normal 0 0 1
    outer loop
      vertex 117.141 37.3817 6.5
      vertex 115.1 37.1 6.5
      vertex 117.141 36.8183 6.5
    endloop
  endfacet
  facet normal 0 0 1
    outer loop
      vertex 117.141 36.8183 6.5
      vertex 115.158 36.5147 6.5
      vertex 115.328 35.952 6.5
    endloop
  endfacet
  facet normal 0 0 1
    outer loop
      vertex 117.141 36.8183 6.5
      vertex 115.1 37.1 6.5
      vertex 115.158 36.5147 6.5
    endloop
  endfacet
  facet normal -0.773078 -0.634311 0
    outer loop
      vertex 115.979 34.9787 2.5
      vertex 115.606 35.4333 6.5
      vertex 115.606 35.4333 2.5
    endloop
  endfacet
  facet normal -0.773078 -0.634311 0
    outer loop
      vertex 115.606 35.4333 6.5
      vertex 115.979 34.9787 2.5
      vertex 115.979 34.9787 6.5
    endloop
  endfacet
  facet normal -0.881392 -0.472386 0
    outer loop
      vertex 115.606 35.4333 2.5
      vertex 115.328 35.952 6.5
      vertex 115.328 35.952 2.5
    endloop
  endfacet
  facet normal -0.881392 -0.472386 0
    outer loop
      vertex 115.328 35.952 6.5
      vertex 115.606 35.4333 2.5
      vertex 115.606 35.4333 6.5
    endloop
  endfacet
  facet normal 0.290309 -0.956933 0
    outer loop
      vertex 118.685 34.1576 2.5
      vertex 119.248 34.3284 6.5
      vertex 118.685 34.1576 6.5
    endloop
  endfacet
  facet normal 0.290309 -0.956933 0
    outer loop
      vertex 119.248 34.3284 6.5
      vertex 118.685 34.1576 2.5
      vertex 119.248 34.3284 2.5
    endloop
  endfacet
  facet normal -0.881354 0.472457 0
    outer loop
      vertex 115.328 38.2481 2.5
      vertex 115.606 38.7667 6.5
      vertex 115.606 38.7667 2.5
    endloop
  endfacet
  facet normal -0.881354 0.472457 0
    outer loop
      vertex 115.606 38.7667 6.5
      vertex 115.328 38.2481 2.5
      vertex 115.328 38.2481 6.5
    endloop
  endfacet
  facet normal 0.881392 -0.472386 0
    outer loop
      vertex 120.594 35.4333 6.5
      vertex 120.872 35.952 2.5
      vertex 120.872 35.952 6.5
    endloop
  endfacet
  facet normal 0.881392 -0.472386 0
    outer loop
      vertex 120.872 35.952 2.5
      vertex 120.594 35.4333 6.5
      vertex 120.594 35.4333 2.5
    endloop
  endfacet
  facet normal 0.773078 -0.634311 0
    outer loop
      vertex 120.221 34.9787 6.5
      vertex 120.594 35.4333 2.5
      vertex 120.594 35.4333 6.5
    endloop
  endfacet
  facet normal 0.773078 -0.634311 0
    outer loop
      vertex 120.594 35.4333 2.5
      vertex 120.221 34.9787 6.5
      vertex 120.221 34.9787 2.5
    endloop
  endfacet
  facet normal -0.0979877 -0.995188 0
    outer loop
      vertex 117.515 34.1576 2.5
      vertex 118.1 34.1 6.5
      vertex 117.515 34.1576 6.5
    endloop
  endfacet
  facet normal -0.0979877 -0.995188 -0
    outer loop
      vertex 118.1 34.1 6.5
      vertex 117.515 34.1576 2.5
      vertex 118.1 34.1 2.5
    endloop
  endfacet
  facet normal -0.471117 -0.882071 0
    outer loop
      vertex 116.433 34.6056 2.5
      vertex 116.952 34.3284 6.5
      vertex 116.433 34.6056 6.5
    endloop
  endfacet
  facet normal -0.471117 -0.882071 -0
    outer loop
      vertex 116.952 34.3284 6.5
      vertex 116.433 34.6056 2.5
      vertex 116.952 34.3284 2.5
    endloop
  endfacet
  facet normal 0.957267 -0.289205 0
    outer loop
      vertex 120.872 35.952 6.5
      vertex 121.042 36.5147 2.5
      vertex 121.042 36.5147 6.5
    endloop
  endfacet
  facet normal 0.957267 -0.289205 0
    outer loop
      vertex 121.042 36.5147 2.5
      vertex 120.872 35.952 6.5
      vertex 120.872 35.952 2.5
    endloop
  endfacet
  facet normal 0.841807 0.539779 0
    outer loop
      vertex 117.445 36.3442 6.5
      vertex 117.141 36.8183 2.5
      vertex 117.141 36.8183 6.5
    endloop
  endfacet
  facet normal 0.841807 0.539779 0
    outer loop
      vertex 117.141 36.8183 2.5
      vertex 117.445 36.3442 6.5
      vertex 117.445 36.3442 2.5
    endloop
  endfacet
  facet normal -0.654728 -0.755865 0
    outer loop
      vertex 118.515 38.0096 2.5
      vertex 118.941 37.6406 6.5
      vertex 118.515 38.0096 6.5
    endloop
  endfacet
  facet normal -0.654728 -0.755865 -0
    outer loop
      vertex 118.941 37.6406 6.5
      vertex 118.515 38.0096 2.5
      vertex 118.941 37.6406 2.5
    endloop
  endfacet
  facet normal -0.959366 -0.282166 0
    outer loop
      vertex 119.1 37.1 2.5
      vertex 118.941 37.6406 6.5
      vertex 118.941 37.6406 2.5
    endloop
  endfacet
  facet normal -0.959366 -0.282166 0
    outer loop
      vertex 118.941 37.6406 6.5
      vertex 119.1 37.1 2.5
      vertex 119.1 37.1 6.5
    endloop
  endfacet
  facet normal -0.142516 -0.989793 0
    outer loop
      vertex 117.958 38.0898 2.5
      vertex 118.515 38.0096 6.5
      vertex 117.958 38.0898 6.5
    endloop
  endfacet
  facet normal -0.142516 -0.989793 -0
    outer loop
      vertex 118.515 38.0096 6.5
      vertex 117.958 38.0898 2.5
      vertex 118.515 38.0096 2.5
    endloop
  endfacet
  facet normal -0.654728 0.755865 0
    outer loop
      vertex 118.941 36.5594 2.5
      vertex 118.515 36.1904 6.5
      vertex 118.941 36.5594 6.5
    endloop
  endfacet
  facet normal -0.654728 0.755865 0
    outer loop
      vertex 118.515 36.1904 6.5
      vertex 118.941 36.5594 2.5
      vertex 118.515 36.1904 2.5
    endloop
  endfacet
  facet normal 0.415152 -0.909752 0
    outer loop
      vertex 117.445 37.8557 2.5
      vertex 117.958 38.0898 6.5
      vertex 117.445 37.8557 6.5
    endloop
  endfacet
  facet normal 0.415152 -0.909752 0
    outer loop
      vertex 117.958 38.0898 6.5
      vertex 117.445 37.8557 2.5
      vertex 117.958 38.0898 2.5
    endloop
  endfacet
  facet normal -0.959366 0.282166 0
    outer loop
      vertex 118.941 36.5594 2.5
      vertex 119.1 37.1 6.5
      vertex 119.1 37.1 2.5
    endloop
  endfacet
  facet normal -0.959366 0.282166 0
    outer loop
      vertex 119.1 37.1 6.5
      vertex 118.941 36.5594 2.5
      vertex 118.941 36.5594 6.5
    endloop
  endfacet
  facet normal 1 -0 0
    outer loop
      vertex 117.141 36.8183 6.5
      vertex 117.141 37.3817 2.5
      vertex 117.141 37.3817 6.5
    endloop
  endfacet
  facet normal 1 0 0
    outer loop
      vertex 117.141 37.3817 2.5
      vertex 117.141 36.8183 6.5
      vertex 117.141 36.8183 2.5
    endloop
  endfacet
  facet normal -0.142516 0.989793 0
    outer loop
      vertex 118.515 36.1904 2.5
      vertex 117.958 36.1102 6.5
      vertex 118.515 36.1904 6.5
    endloop
  endfacet
  facet normal -0.142516 0.989793 0
    outer loop
      vertex 117.958 36.1102 6.5
      vertex 118.515 36.1904 2.5
      vertex 117.958 36.1102 2.5
    endloop
  endfacet
  facet normal 0.841755 -0.53986 0
    outer loop
      vertex 117.141 37.3817 6.5
      vertex 117.445 37.8557 2.5
      vertex 117.445 37.8557 6.5
    endloop
  endfacet
  facet normal 0.841755 -0.53986 0
    outer loop
      vertex 117.445 37.8557 2.5
      vertex 117.141 37.3817 6.5
      vertex 117.141 37.3817 2.5
    endloop
  endfacet
  facet normal 0.415005 0.909819 -0
    outer loop
      vertex 117.958 36.1102 2.5
      vertex 117.445 36.3442 6.5
      vertex 117.958 36.1102 6.5
    endloop
  endfacet
  facet normal 0.415005 0.909819 0
    outer loop
      vertex 117.445 36.3442 6.5
      vertex 117.958 36.1102 2.5
      vertex 117.445 36.3442 2.5
    endloop
  endfacet
  facet normal 0.152537 0.0339525 0.987714
    outer loop
      vertex 128.265 77.4457 2.48042
      vertex 128.129 78.0567 2.48042
      vertex 128.143 77.4242 2.5
    endloop
  endfacet
  facet normal 0.923726 -0.383053 0
    outer loop
      vertex 127.952 5.85149 2.1
      vertex 128.201 6.45195 0
      vertex 128.201 6.45195 2.1
    endloop
  endfacet
  facet normal 0.923726 -0.383053 0
    outer loop
      vertex 128.201 6.45195 0
      vertex 127.952 5.85149 2.1
      vertex 127.952 5.85149 0
    endloop
  endfacet
  facet normal 0.718656 -0.372857 0.58695
    outer loop
      vertex 127.701 5.9683 2.48042
      vertex 127.413 5.4132 2.48042
      vertex 127.652 5.275 2.1
    endloop
  endfacet
  facet normal -0.0723246 0.138929 0.987658
    outer loop
      vertex 5.9683 82.7015 2.48042
      vertex 5.475 82.3055 2.5
      vertex 6.02054 82.5895 2.5
    endloop
  endfacet
  facet normal -0.300709 -0.953716 0
    outer loop
      vertex 6.45195 1.99929 0
      vertex 7.0718 1.80385 2.1
      vertex 6.45195 1.99929 2.1
    endloop
  endfacet
  facet normal -0.300709 -0.953716 -0
    outer loop
      vertex 7.0718 1.80385 2.1
      vertex 6.45195 1.99929 0
      vertex 7.0718 1.80385 0
    endloop
  endfacet
  facet normal -0.7901 0.175167 0.587417
    outer loop
      vertex 1.80385 78.1282 2.1
      vertex 1.66318 77.4937 2.1
      vertex 2.07083 78.0567 2.48042
    endloop
  endfacet
  facet normal 0.492361 0.642047 0.58767
    outer loop
      vertex 125.989 81.907 2.1
      vertex 125.473 82.3027 2.1
      vertex 125.811 81.6953 2.48042
    endloop
  endfacet
  facet normal 0.00683361 -0.156447 0.987663
    outer loop
      vertex 121.2 1.95 2.5
      vertex 121.2 1.82639 2.48042
      vertex 121.825 1.85369 2.48042
    endloop
  endfacet
  facet normal 0.155967 0.00698508 0.987738
    outer loop
      vertex 128.346 76.8252 2.48042
      vertex 128.25 76.2 2.5
      vertex 128.374 76.2 2.48042
    endloop
  endfacet
  facet normal -0.11549 0.105826 0.987655
    outer loop
      vertex 3.92749 81.2725 2.48042
      vertex 3.5047 80.8111 2.48042
      vertex 3.59939 80.7317 2.5
    endloop
  endfacet
  facet normal 0.105969 0.115794 0.987604
    outer loop
      vertex 125.811 81.6953 2.48042
      vertex 125.732 81.6006 2.5
      vertex 126.273 81.2725 2.48042
    endloop
  endfacet
  facet normal 0.682369 0.435692 0.58698
    outer loop
      vertex 127.652 79.925 2.1
      vertex 127.076 80.3146 2.48042
      vertex 127.413 79.7868 2.48042
    endloop
  endfacet
  facet normal -0.717841 0.373688 0.587419
    outer loop
      vertex 2.54811 79.925 2.1
      vertex 2.4985 79.2317 2.48042
      vertex 2.78747 79.7868 2.48042
    endloop
  endfacet
  facet normal 0.00683415 0.15646 0.987661
    outer loop
      vertex 121.2 83.3736 2.48042
      vertex 121.2 83.25 2.5
      vertex 121.825 83.3463 2.48042
    endloop
  endfacet
  facet normal -0.0723408 0.138949 0.987654
    outer loop
      vertex 5.9683 82.7015 2.48042
      vertex 5.4132 82.4125 2.48042
      vertex 5.475 82.3055 2.5
    endloop
  endfacet
  facet normal -0.105629 -0.802359 0.58742
    outer loop
      vertex 8.37478 1.85369 2.48042
      vertex 7.70632 1.66318 2.1
      vertex 8.35069 1.57835 2.1
    endloop
  endfacet
  facet normal -0.923879 -0.382685 0
    outer loop
      vertex 2.24801 5.85149 0
      vertex 1.99929 6.45195 2.1
      vertex 1.99929 6.45195 0
    endloop
  endfacet
  facet normal -0.923879 -0.382685 0
    outer loop
      vertex 1.99929 6.45195 2.1
      vertex 2.24801 5.85149 0
      vertex 2.24801 5.85149 2.1
    endloop
  endfacet
  facet normal 0 1 -0
    outer loop
      vertex 121.2 83.65 0
      vertex 9 83.65 2.1
      vertex 121.2 83.65 2.1
    endloop
  endfacet
  facet normal 0 1 0
    outer loop
      vertex 9 83.65 2.1
      vertex 121.2 83.65 0
      vertex 9 83.65 0
    endloop
  endfacet
  facet normal 0.309413 0.747718 0.587521
    outer loop
      vertex 124.349 82.952 2.1
      vertex 123.748 83.2007 2.1
      vertex 124.232 82.7015 2.48042
    endloop
  endfacet
  facet normal -0.808514 -0.0353035 0.587417
    outer loop
      vertex 1.82639 9 2.48042
      vertex 1.55 9 2.1
      vertex 1.85369 8.37478 2.48042
    endloop
  endfacet
  facet normal -0.675584 -0.737283 0
    outer loop
      vertex 3.73205 3.73205 0
      vertex 4.21123 3.29297 2.1
      vertex 3.73205 3.73205 2.1
    endloop
  endfacet
  facet normal -0.675584 -0.737283 -0
    outer loop
      vertex 4.21123 3.29297 2.1
      vertex 3.73205 3.73205 0
      vertex 4.21123 3.29297 0
    endloop
  endfacet
  facet normal 0.043641 -0.999047 0
    outer loop
      vertex 121.2 1.55 0
      vertex 121.849 1.57835 2.1
      vertex 121.2 1.55 2.1
    endloop
  endfacet
  facet normal 0.043641 -0.999047 0
    outer loop
      vertex 121.849 1.57835 2.1
      vertex 121.2 1.55 0
      vertex 121.849 1.57835 0
    endloop
  endfacet
  facet normal 0.493197 0.642063 0.586952
    outer loop
      vertex 125.473 82.3027 2.1
      vertex 125.315 82.0763 2.48042
      vertex 125.811 81.6953 2.48042
    endloop
  endfacet
  facet normal 0.793138 0.609042 0
    outer loop
      vertex 127.303 80.4731 2.1
      vertex 126.907 80.9888 0
      vertex 126.907 80.9888 2.1
    endloop
  endfacet
  facet normal 0.793138 0.609042 0
    outer loop
      vertex 126.907 80.9888 0
      vertex 127.303 80.4731 2.1
      vertex 127.303 80.4731 0
    endloop
  endfacet
  facet normal -0.105707 0.80229 0.587501
    outer loop
      vertex 8.35069 83.6217 2.1
      vertex 7.70632 83.5368 2.1
      vertex 8.37478 83.3463 2.48042
    endloop
  endfacet
  facet normal 0.124775 -0.095751 0.987554
    outer loop
      vertex 127.076 4.88539 2.48042
      vertex 126.601 4.46835 2.5
      vertex 126.695 4.3889 2.48042
    endloop
  endfacet
  facet normal 0.771736 -0.242782 0.587776
    outer loop
      vertex 128.396 7.0718 2.1
      vertex 127.941 6.54648 2.48042
      vertex 128.201 6.45195 2.1
    endloop
  endfacet
  facet normal 0.131291 0.0835282 0.987819
    outer loop
      vertex 127.413 79.7868 2.48042
      vertex 126.975 80.2437 2.5
      vertex 127.305 79.725 2.5
    endloop
  endfacet
  facet normal 0.801679 -0.105751 0.588326
    outer loop
      vertex 128.622 8.35069 2.1
      vertex 128.346 8.37478 2.48042
      vertex 128.537 7.70632 2.1
    endloop
  endfacet
  facet normal 0.154955 0.0202278 0.987714
    outer loop
      vertex 128.265 77.4457 2.48042
      vertex 128.143 77.4242 2.5
      vertex 128.346 76.8252 2.48042
    endloop
  endfacet
  facet normal -0.243394 0.771891 0.587319
    outer loop
      vertex 7.0718 83.3961 2.1
      vertex 6.54648 82.941 2.48042
      vertex 7.14333 83.1292 2.48042
    endloop
  endfacet
  facet normal -0.216484 0.976286 0
    outer loop
      vertex 7.70632 83.5368 0
      vertex 7.0718 83.3961 2.1
      vertex 7.70632 83.5368 2.1
    endloop
  endfacet
  facet normal -0.216484 0.976286 0
    outer loop
      vertex 7.0718 83.3961 2.1
      vertex 7.70632 83.5368 0
      vertex 7.0718 83.3961 0
    endloop
  endfacet
  facet normal 0.0353159 -0.808514 0.587417
    outer loop
      vertex 121.2 1.82639 2.48042
      vertex 121.2 1.55 2.1
      vertex 121.825 1.85369 2.48042
    endloop
  endfacet
  facet normal 0.0352533 0.808458 0.587497
    outer loop
      vertex 121.849 83.6217 2.1
      vertex 121.2 83.65 2.1
      vertex 121.825 83.3463 2.48042
    endloop
  endfacet
  facet normal -0.115449 0.105801 0.987663
    outer loop
      vertex 3.92749 81.2725 2.48042
      vertex 3.59939 80.7317 2.5
      vertex 4.0149 81.1851 2.5
    endloop
  endfacet
  facet normal 0.976187 0.21693 0
    outer loop
      vertex 128.537 77.4937 2.1
      vertex 128.396 78.1282 0
      vertex 128.396 78.1282 2.1
    endloop
  endfacet
  facet normal 0.976187 0.21693 0
    outer loop
      vertex 128.396 78.1282 0
      vertex 128.537 77.4937 2.1
      vertex 128.537 77.4937 0
    endloop
  endfacet
  facet normal -0.0338887 0.152881 0.987663
    outer loop
      vertex 7.77578 83.1429 2.5
      vertex 7.14333 83.1292 2.48042
      vertex 7.17533 83.0098 2.5
    endloop
  endfacet
  facet normal -0.149354 0.047096 0.987662
    outer loop
      vertex 2.25902 78.6535 2.48042
      vertex 2.07083 78.0567 2.48042
      vertex 2.19022 78.0247 2.5
    endloop
  endfacet
  facet normal -0.887015 0.46174 0
    outer loop
      vertex 2.24801 79.3485 0
      vertex 2.54811 79.925 2.1
      vertex 2.54811 79.925 0
    endloop
  endfacet
  facet normal -0.887015 0.46174 0
    outer loop
      vertex 2.54811 79.925 2.1
      vertex 2.24801 79.3485 0
      vertex 2.24801 79.3485 2.1
    endloop
  endfacet
  facet normal -0.152892 -0.0338937 0.987661
    outer loop
      vertex 2.19022 7.17533 2.5
      vertex 2.05711 7.77578 2.5
      vertex 2.07083 7.14333 2.48042
    endloop
  endfacet
  facet normal 0.999072 -0.0430827 0
    outer loop
      vertex 128.622 8.35069 2.1
      vertex 128.65 9 0
      vertex 128.65 9 2.1
    endloop
  endfacet
  facet normal 0.999072 -0.0430827 0
    outer loop
      vertex 128.65 9 0
      vertex 128.622 8.35069 2.1
      vertex 128.622 8.35069 0
    endloop
  endfacet
  facet normal 1 -0 0
    outer loop
      vertex 128.65 9 2.1
      vertex 128.65 76.2 0
      vertex 128.65 76.2 2.1
    endloop
  endfacet
  facet normal 1 0 0
    outer loop
      vertex 128.65 76.2 0
      vertex 128.65 9 2.1
      vertex 128.65 9 0
    endloop
  endfacet
  facet normal 0.0353154 0.808504 0.587431
    outer loop
      vertex 121.2 83.65 2.1
      vertex 121.2 83.3736 2.48042
      vertex 121.825 83.3463 2.48042
    endloop
  endfacet
  facet normal -0.0723074 -0.138901 0.987663
    outer loop
      vertex 6.02054 2.61053 2.5
      vertex 5.475 2.89452 2.5
      vertex 5.9683 2.4985 2.48042
    endloop
  endfacet
  facet normal -0.138904 -0.0723097 0.987662
    outer loop
      vertex 2.89452 5.475 2.5
      vertex 2.4985 5.9683 2.48042
      vertex 2.78747 5.4132 2.48042
    endloop
  endfacet
  facet normal 0.373897 -0.717642 0.58753
    outer loop
      vertex 124.925 2.54811 2.1
      vertex 124.232 2.4985 2.48042
      vertex 124.349 2.24801 2.1
    endloop
  endfacet
  facet normal 0.132205 0.0844131 0.987621
    outer loop
      vertex 127.076 80.3146 2.48042
      vertex 126.975 80.2437 2.5
      vertex 127.413 79.7868 2.48042
    endloop
  endfacet
  facet normal 0.976189 -0.216924 0
    outer loop
      vertex 128.396 7.0718 2.1
      vertex 128.537 7.70632 0
      vertex 128.537 7.70632 2.1
    endloop
  endfacet
  facet normal 0.976189 -0.216924 0
    outer loop
      vertex 128.537 7.70632 0
      vertex 128.396 7.0718 2.1
      vertex 128.396 7.0718 0
    endloop
  endfacet
  facet normal 0.737344 -0.675517 0
    outer loop
      vertex 126.468 3.73205 2.1
      vertex 126.907 4.21123 0
      vertex 126.907 4.21123 2.1
    endloop
  endfacet
  facet normal 0.737344 -0.675517 0
    outer loop
      vertex 126.907 4.21123 0
      vertex 126.468 3.73205 2.1
      vertex 126.468 3.73205 0
    endloop
  endfacet
  facet normal -0.923888 0.382663 0
    outer loop
      vertex 1.99929 78.748 0
      vertex 2.24801 79.3485 2.1
      vertex 2.24801 79.3485 0
    endloop
  endfacet
  facet normal -0.923888 0.382663 0
    outer loop
      vertex 2.24801 79.3485 2.1
      vertex 1.99929 78.748 0
      vertex 1.99929 78.748 2.1
    endloop
  endfacet
  facet normal -0.492689 0.642034 0.58741
    outer loop
      vertex 4.72686 82.3027 2.1
      vertex 4.3889 81.6953 2.48042
      vertex 4.88539 82.0763 2.48042
    endloop
  endfacet
  facet normal -0.43476 0.682543 0.587468
    outer loop
      vertex 5.275 82.6519 2.1
      vertex 4.88539 82.0763 2.48042
      vertex 5.4132 82.4125 2.48042
    endloop
  endfacet
  facet normal 0.020428 -0.15522 0.987669
    outer loop
      vertex 122.424 2.05711 2.5
      vertex 121.814 1.97683 2.5
      vertex 121.825 1.85369 2.48042
    endloop
  endfacet
  facet normal -0.035303 0.808504 0.587431
    outer loop
      vertex 9 83.65 2.1
      vertex 8.37478 83.3463 2.48042
      vertex 9 83.3736 2.48042
    endloop
  endfacet
  facet normal -0.0599414 0.144705 0.987658
    outer loop
      vertex 6.54648 82.941 2.48042
      vertex 5.9683 82.7015 2.48042
      vertex 6.02054 82.5895 2.5
    endloop
  endfacet
  facet normal -0.675601 0.737268 0
    outer loop
      vertex 4.21123 81.907 0
      vertex 3.73205 81.4679 2.1
      vertex 4.21123 81.907 2.1
    endloop
  endfacet
  facet normal -0.675601 0.737268 0
    outer loop
      vertex 3.73205 81.4679 2.1
      vertex 4.21123 81.907 0
      vertex 3.73205 81.4679 0
    endloop
  endfacet
  facet normal 0 -0.809018 0.587783
    outer loop
      vertex 9 1.55 2.1
      vertex 121.2 1.82639 2.48042
      vertex 9 1.82639 2.48042
    endloop
  endfacet
  facet normal 0 -0.809018 0.587783
    outer loop
      vertex 121.2 1.82639 2.48042
      vertex 9 1.55 2.1
      vertex 121.2 1.55 2.1
    endloop
  endfacet
  facet normal 0.789983 -0.175546 0.587462
    outer loop
      vertex 128.537 7.70632 2.1
      vertex 128.129 7.14333 2.48042
      vertex 128.396 7.0718 2.1
    endloop
  endfacet
  facet normal -1 0 0
    outer loop
      vertex 1.55 9 0
      vertex 1.55 76.2 2.1
      vertex 1.55 76.2 0
    endloop
  endfacet
  facet normal -1 -0 0
    outer loop
      vertex 1.55 76.2 2.1
      vertex 1.55 9 0
      vertex 1.55 9 2.1
    endloop
  endfacet
  facet normal 0.0338645 -0.1529 0.987661
    outer loop
      vertex 123.025 2.19022 2.5
      vertex 122.424 2.05711 2.5
      vertex 123.057 2.07083 2.48042
    endloop
  endfacet
  facet normal -0.771824 0.243381 0.587412
    outer loop
      vertex 2.25902 78.6535 2.48042
      vertex 1.80385 78.1282 2.1
      vertex 2.07083 78.0567 2.48042
    endloop
  endfacet
  facet normal 0.999071 0.0430833 0
    outer loop
      vertex 128.65 76.2 2.1
      vertex 128.622 76.8493 0
      vertex 128.622 76.8493 2.1
    endloop
  endfacet
  facet normal 0.999071 0.0430833 0
    outer loop
      vertex 128.622 76.8493 0
      vertex 128.65 76.2 2.1
      vertex 128.65 76.2 0
    endloop
  endfacet
  facet normal -0.953709 0.300731 0
    outer loop
      vertex 1.80385 78.1282 0
      vertex 1.99929 78.748 2.1
      vertex 1.99929 78.748 0
    endloop
  endfacet
  facet normal -0.953709 0.300731 0
    outer loop
      vertex 1.99929 78.748 2.1
      vertex 1.80385 78.1282 0
      vertex 1.80385 78.1282 2.1
    endloop
  endfacet
  facet normal 0.809413 -0 0.58724
    outer loop
      vertex 128.374 9 2.48042
      vertex 128.65 76.2 2.1
      vertex 128.374 76.2 2.48042
    endloop
  endfacet
  facet normal 0.809413 0 0.58724
    outer loop
      vertex 128.65 76.2 2.1
      vertex 128.374 9 2.48042
      vertex 128.65 9 2.1
    endloop
  endfacet
  facet normal 0.887075 -0.461625 0
    outer loop
      vertex 127.652 5.275 2.1
      vertex 127.952 5.85149 0
      vertex 127.952 5.85149 2.1
    endloop
  endfacet
  facet normal 0.887075 -0.461625 0
    outer loop
      vertex 127.952 5.85149 0
      vertex 127.652 5.275 2.1
      vertex 127.652 5.275 0
    endloop
  endfacet
  facet normal 0.717491 -0.373376 0.588045
    outer loop
      vertex 127.701 5.9683 2.48042
      vertex 127.652 5.275 2.1
      vertex 127.952 5.85149 2.1
    endloop
  endfacet
  facet normal 0.991412 -0.130779 0
    outer loop
      vertex 128.537 7.70632 2.1
      vertex 128.622 8.35069 0
      vertex 128.622 8.35069 2.1
    endloop
  endfacet
  facet normal 0.991412 -0.130779 0
    outer loop
      vertex 128.622 8.35069 0
      vertex 128.537 7.70632 2.1
      vertex 128.537 7.70632 0
    endloop
  endfacet
  facet normal -0.382659 0.92389 0
    outer loop
      vertex 6.45195 83.2007 0
      vertex 5.85149 82.952 2.1
      vertex 6.45195 83.2007 2.1
    endloop
  endfacet
  facet normal -0.382659 0.92389 0
    outer loop
      vertex 5.85149 82.952 2.1
      vertex 6.45195 83.2007 0
      vertex 5.85149 82.952 0
    endloop
  endfacet
  facet normal 0.300642 -0.953737 0
    outer loop
      vertex 123.128 1.80385 0
      vertex 123.748 1.99929 2.1
      vertex 123.128 1.80385 2.1
    endloop
  endfacet
  facet normal 0.300642 -0.953737 0
    outer loop
      vertex 123.748 1.99929 2.1
      vertex 123.128 1.80385 0
      vertex 123.748 1.99929 0
    endloop
  endfacet
  facet normal 0.808881 0.0362263 0.586855
    outer loop
      vertex 128.65 76.2 2.1
      vertex 128.346 76.8252 2.48042
      vertex 128.374 76.2 2.48042
    endloop
  endfacet
  facet normal -0.999048 -0.0436202 0
    outer loop
      vertex 1.57835 8.35069 0
      vertex 1.55 9 2.1
      vertex 1.55 9 0
    endloop
  endfacet
  facet normal -0.999048 -0.0436202 0
    outer loop
      vertex 1.55 9 2.1
      vertex 1.57835 8.35069 0
      vertex 1.57835 8.35069 2.1
    endloop
  endfacet
  facet normal 0.243315 0.772034 0.587164
    outer loop
      vertex 123.748 83.2007 2.1
      vertex 123.128 83.3961 2.1
      vertex 123.654 82.941 2.48042
    endloop
  endfacet
  facet normal -0.976296 -0.21644 0
    outer loop
      vertex 1.80385 7.0718 0
      vertex 1.66318 7.70632 2.1
      vertex 1.66318 7.70632 0
    endloop
  endfacet
  facet normal -0.976296 -0.21644 0
    outer loop
      vertex 1.66318 7.70632 2.1
      vertex 1.80385 7.0718 0
      vertex 1.80385 7.0718 2.1
    endloop
  endfacet
  facet normal 0.155429 0.0203908 0.987637
    outer loop
      vertex 128.346 76.8252 2.48042
      vertex 128.143 77.4242 2.5
      vertex 128.223 76.8144 2.5
    endloop
  endfacet
  facet normal 0.801678 0.105746 0.588328
    outer loop
      vertex 128.537 77.4937 2.1
      vertex 128.346 76.8252 2.48042
      vertex 128.622 76.8493 2.1
    endloop
  endfacet
  facet normal 0.790145 0.175875 0.587144
    outer loop
      vertex 128.537 77.4937 2.1
      vertex 128.129 78.0567 2.48042
      vertex 128.265 77.4457 2.48042
    endloop
  endfacet
  facet normal 0.737288 0.675578 0
    outer loop
      vertex 126.907 80.9888 2.1
      vertex 126.468 81.4679 0
      vertex 126.468 81.4679 2.1
    endloop
  endfacet
  facet normal 0.737288 0.675578 0
    outer loop
      vertex 126.468 81.4679 0
      vertex 126.907 80.9888 2.1
      vertex 126.907 80.9888 0
    endloop
  endfacet
  facet normal -0.105794 0.115457 0.987663
    outer loop
      vertex 4.46835 81.6006 2.5
      vertex 3.92749 81.2725 2.48042
      vertex 4.0149 81.1851 2.5
    endloop
  endfacet
  facet normal 0.095248 0.124148 0.987682
    outer loop
      vertex 125.315 82.0763 2.48042
      vertex 125.244 81.975 2.5
      vertex 125.732 81.6006 2.5
    endloop
  endfacet
  facet normal -0.682536 0.434863 0.5874
    outer loop
      vertex 2.89732 80.4731 2.1
      vertex 2.54811 79.925 2.1
      vertex 3.12373 80.3146 2.48042
    endloop
  endfacet
  facet normal -0.21644 -0.976296 0
    outer loop
      vertex 7.0718 1.80385 0
      vertex 7.70632 1.66318 2.1
      vertex 7.0718 1.80385 2.1
    endloop
  endfacet
  facet normal -0.21644 -0.976296 -0
    outer loop
      vertex 7.70632 1.66318 2.1
      vertex 7.0718 1.80385 0
      vertex 7.70632 1.66318 0
    endloop
  endfacet
  facet normal -0 0.156463 0.987684
    outer loop
      vertex 9 83.3736 2.48042
      vertex 121.2 83.25 2.5
      vertex 121.2 83.3736 2.48042
    endloop
  endfacet
  facet normal 0 0.156463 0.987684
    outer loop
      vertex 121.2 83.25 2.5
      vertex 9 83.3736 2.48042
      vertex 9 83.25 2.5
    endloop
  endfacet
  facet normal -0.095331 0.124228 0.987664
    outer loop
      vertex 4.88539 82.0763 2.48042
      vertex 4.3889 81.6953 2.48042
      vertex 4.46835 81.6006 2.5
    endloop
  endfacet
  facet normal -0.596688 0.546757 0.587385
    outer loop
      vertex 3.73205 81.4679 2.1
      vertex 3.5047 80.8111 2.48042
      vertex 3.92749 81.2725 2.48042
    endloop
  endfacet
  facet normal -0.537296 0.843394 0
    outer loop
      vertex 5.275 82.6519 0
      vertex 4.72686 82.3027 2.1
      vertex 5.275 82.6519 2.1
    endloop
  endfacet
  facet normal -0.537296 0.843394 0
    outer loop
      vertex 4.72686 82.3027 2.1
      vertex 5.275 82.6519 0
      vertex 4.72686 82.3027 0
    endloop
  endfacet
  facet normal -0.156447 -0.00683121 0.987663
    outer loop
      vertex 1.95 9 2.5
      vertex 1.82639 9 2.48042
      vertex 1.85369 8.37478 2.48042
    endloop
  endfacet
  facet normal -0.546732 -0.596674 0.587422
    outer loop
      vertex 3.92749 3.92749 2.48042
      vertex 3.73205 3.73205 2.1
      vertex 4.3889 3.5047 2.48042
    endloop
  endfacet
  facet normal 0.953903 0.300115 0
    outer loop
      vertex 128.396 78.1282 2.1
      vertex 128.201 78.748 0
      vertex 128.201 78.748 2.1
    endloop
  endfacet
  facet normal 0.953903 0.300115 0
    outer loop
      vertex 128.201 78.748 0
      vertex 128.396 78.1282 2.1
      vertex 128.396 78.1282 0
    endloop
  endfacet
  facet normal 0.130396 -0.991462 0
    outer loop
      vertex 121.849 1.57835 0
      vertex 122.494 1.66318 2.1
      vertex 121.849 1.57835 2.1
    endloop
  endfacet
  facet normal 0.130396 -0.991462 0
    outer loop
      vertex 122.494 1.66318 2.1
      vertex 121.849 1.57835 0
      vertex 122.494 1.66318 0
    endloop
  endfacet
  facet normal 0.843533 -0.537077 0
    outer loop
      vertex 127.303 4.72686 2.1
      vertex 127.652 5.275 0
      vertex 127.652 5.275 2.1
    endloop
  endfacet
  facet normal 0.843533 -0.537077 0
    outer loop
      vertex 127.652 5.275 0
      vertex 127.303 4.72686 2.1
      vertex 127.303 4.72686 0
    endloop
  endfacet
  facet normal 0.462056 0.886851 -0
    outer loop
      vertex 124.925 82.6519 0
      vertex 124.349 82.952 2.1
      vertex 124.925 82.6519 2.1
    endloop
  endfacet
  facet normal 0.462056 0.886851 0
    outer loop
      vertex 124.349 82.952 2.1
      vertex 124.925 82.6519 0
      vertex 124.349 82.952 0
    endloop
  endfacet
  facet normal -0.461747 0.887012 0
    outer loop
      vertex 5.85149 82.952 0
      vertex 5.275 82.6519 2.1
      vertex 5.85149 82.952 2.1
    endloop
  endfacet
  facet normal -0.461747 0.887012 0
    outer loop
      vertex 5.275 82.6519 2.1
      vertex 5.85149 82.952 0
      vertex 5.275 82.6519 0
    endloop
  endfacet
  facet normal 0.0720587 -0.13854 0.987732
    outer loop
      vertex 124.725 2.89452 2.5
      vertex 124.179 2.61053 2.5
      vertex 124.232 2.4985 2.48042
    endloop
  endfacet
  facet normal -0.843387 -0.537307 0
    outer loop
      vertex 2.89732 4.72686 0
      vertex 2.54811 5.275 2.1
      vertex 2.54811 5.275 0
    endloop
  endfacet
  facet normal -0.843387 -0.537307 0
    outer loop
      vertex 2.54811 5.275 2.1
      vertex 2.89732 4.72686 0
      vertex 2.89732 4.72686 2.1
    endloop
  endfacet
  facet normal 0.596565 -0.546542 0.587708
    outer loop
      vertex 126.695 4.3889 2.48042
      vertex 126.468 3.73205 2.1
      vertex 126.907 4.21123 2.1
    endloop
  endfacet
  facet normal -0.309678 0.747684 0.587425
    outer loop
      vertex 6.45195 83.2007 2.1
      vertex 5.85149 82.952 2.1
      vertex 5.9683 82.7015 2.48042
    endloop
  endfacet
  facet normal 0.537393 0.843332 -0
    outer loop
      vertex 125.473 82.3027 0
      vertex 124.925 82.6519 2.1
      vertex 125.473 82.3027 2.1
    endloop
  endfacet
  facet normal 0.537393 0.843332 0
    outer loop
      vertex 124.925 82.6519 2.1
      vertex 125.473 82.3027 0
      vertex 124.925 82.6519 0
    endloop
  endfacet
  facet normal -0.537307 -0.843387 0
    outer loop
      vertex 4.72686 2.89732 0
      vertex 5.275 2.54811 2.1
      vertex 4.72686 2.89732 2.1
    endloop
  endfacet
  facet normal -0.537307 -0.843387 -0
    outer loop
      vertex 5.275 2.54811 2.1
      vertex 4.72686 2.89732 0
      vertex 5.275 2.54811 0
    endloop
  endfacet
  facet normal 0.132206 -0.084412 0.987621
    outer loop
      vertex 127.413 5.4132 2.48042
      vertex 126.975 4.95629 2.5
      vertex 127.076 4.88539 2.48042
    endloop
  endfacet
  facet normal -0.434834 -0.682537 0.58742
    outer loop
      vertex 5.4132 2.78747 2.48042
      vertex 4.88539 3.12373 2.48042
      vertex 5.275 2.54811 2.1
    endloop
  endfacet
  facet normal -0.132075 0.0841445 0.987662
    outer loop
      vertex 3.12373 80.3146 2.48042
      vertex 2.78747 79.7868 2.48042
      vertex 3.22498 80.2437 2.5
    endloop
  endfacet
  facet normal -0.682534 0.43484 0.58742
    outer loop
      vertex 3.12373 80.3146 2.48042
      vertex 2.54811 79.925 2.1
      vertex 2.78747 79.7868 2.48042
    endloop
  endfacet
  facet normal -0.717854 0.373683 0.587407
    outer loop
      vertex 2.54811 79.925 2.1
      vertex 2.24801 79.3485 2.1
      vertex 2.4985 79.2317 2.48042
    endloop
  endfacet
  facet normal -0.0436202 -0.999048 0
    outer loop
      vertex 8.35069 1.57835 0
      vertex 9 1.55 2.1
      vertex 8.35069 1.57835 2.1
    endloop
  endfacet
  facet normal -0.0436202 -0.999048 -0
    outer loop
      vertex 9 1.55 2.1
      vertex 8.35069 1.57835 0
      vertex 9 1.55 0
    endloop
  endfacet
  facet normal 0.95391 -0.300093 0
    outer loop
      vertex 128.201 6.45195 2.1
      vertex 128.396 7.0718 0
      vertex 128.396 7.0718 2.1
    endloop
  endfacet
  facet normal 0.95391 -0.300093 0
    outer loop
      vertex 128.396 7.0718 0
      vertex 128.201 6.45195 2.1
      vertex 128.201 6.45195 0
    endloop
  endfacet
  facet normal -0.976294 0.216447 0
    outer loop
      vertex 1.66318 77.4937 0
      vertex 1.80385 78.1282 2.1
      vertex 1.80385 78.1282 0
    endloop
  endfacet
  facet normal -0.976294 0.216447 0
    outer loop
      vertex 1.80385 78.1282 2.1
      vertex 1.66318 77.4937 0
      vertex 1.66318 77.4937 2.1
    endloop
  endfacet
  facet normal 0.718656 0.372857 0.58695
    outer loop
      vertex 127.652 79.925 2.1
      vertex 127.413 79.7868 2.48042
      vertex 127.701 79.2317 2.48042
    endloop
  endfacet
  facet normal 0 -1 0
    outer loop
      vertex 9 1.55 0
      vertex 121.2 1.55 2.1
      vertex 9 1.55 2.1
    endloop
  endfacet
  facet normal 0 -1 -0
    outer loop
      vertex 121.2 1.55 2.1
      vertex 9 1.55 0
      vertex 121.2 1.55 0
    endloop
  endfacet
  facet normal 0.802679 0.104782 0.587135
    outer loop
      vertex 128.537 77.4937 2.1
      vertex 128.265 77.4457 2.48042
      vertex 128.346 76.8252 2.48042
    endloop
  endfacet
  facet normal -0.843369 0.537334 0
    outer loop
      vertex 2.54811 79.925 0
      vertex 2.89732 80.4731 2.1
      vertex 2.89732 80.4731 0
    endloop
  endfacet
  facet normal -0.843369 0.537334 0
    outer loop
      vertex 2.89732 80.4731 2.1
      vertex 2.54811 79.925 0
      vertex 2.54811 79.925 2.1
    endloop
  endfacet
  facet normal 0.309438 -0.747718 0.587509
    outer loop
      vertex 124.232 2.4985 2.48042
      vertex 123.748 1.99929 2.1
      vertex 124.349 2.24801 2.1
    endloop
  endfacet
  facet normal 0.138092 0.0716455 0.987825
    outer loop
      vertex 127.413 79.7868 2.48042
      vertex 127.305 79.725 2.5
      vertex 127.701 79.2317 2.48042
    endloop
  endfacet
  facet normal 0.675722 -0.737157 0
    outer loop
      vertex 125.989 3.29297 0
      vertex 126.468 3.73205 2.1
      vertex 125.989 3.29297 2.1
    endloop
  endfacet
  facet normal 0.675722 -0.737157 0
    outer loop
      vertex 126.468 3.73205 2.1
      vertex 125.989 3.29297 0
      vertex 126.468 3.73205 0
    endloop
  endfacet
  facet normal -0.243356 -0.77182 0.587428
    outer loop
      vertex 6.54648 2.25902 2.48042
      vertex 6.45195 1.99929 2.1
      vertex 7.0718 1.80385 2.1
    endloop
  endfacet
  facet normal -0.0953324 -0.12424 0.987662
    outer loop
      vertex 4.46835 3.59939 2.5
      vertex 4.3889 3.5047 2.48042
      vertex 4.88539 3.12373 2.48042
    endloop
  endfacet
  facet normal 0.105974 -0.115802 0.987603
    outer loop
      vertex 126.273 3.92749 2.48042
      vertex 125.732 3.59939 2.5
      vertex 125.811 3.5047 2.48042
    endloop
  endfacet
  facet normal 0.789988 0.175553 0.587453
    outer loop
      vertex 128.396 78.1282 2.1
      vertex 128.129 78.0567 2.48042
      vertex 128.537 77.4937 2.1
    endloop
  endfacet
  facet normal 0.807871 0.0348381 0.588329
    outer loop
      vertex 128.622 76.8493 2.1
      vertex 128.346 76.8252 2.48042
      vertex 128.65 76.2 2.1
    endloop
  endfacet
  facet normal -0.808512 -0.035301 0.58742
    outer loop
      vertex 1.85369 8.37478 2.48042
      vertex 1.55 9 2.1
      vertex 1.57835 8.35069 2.1
    endloop
  endfacet
  facet normal 0.0722981 0.138842 0.987672
    outer loop
      vertex 124.787 82.4125 2.48042
      vertex 124.232 82.7015 2.48042
      vertex 124.725 82.3055 2.5
    endloop
  endfacet
  facet normal 0.991412 0.130773 0
    outer loop
      vertex 128.622 76.8493 2.1
      vertex 128.537 77.4937 0
      vertex 128.537 77.4937 2.1
    endloop
  endfacet
  facet normal 0.991412 0.130773 0
    outer loop
      vertex 128.537 77.4937 0
      vertex 128.622 76.8493 2.1
      vertex 128.622 76.8493 0
    endloop
  endfacet
  facet normal 0.675739 0.737141 -0
    outer loop
      vertex 126.468 81.4679 0
      vertex 125.989 81.907 2.1
      vertex 126.468 81.4679 2.1
    endloop
  endfacet
  facet normal 0.675739 0.737141 0
    outer loop
      vertex 125.989 81.907 2.1
      vertex 126.468 81.4679 0
      vertex 125.989 81.907 0
    endloop
  endfacet
  facet normal 0.0840868 -0.132034 0.987672
    outer loop
      vertex 125.244 3.22498 2.5
      vertex 124.787 2.78747 2.48042
      vertex 125.315 3.12373 2.48042
    endloop
  endfacet
  facet normal 0.309847 -0.747835 0.587143
    outer loop
      vertex 124.232 2.4985 2.48042
      vertex 123.654 2.25902 2.48042
      vertex 123.748 1.99929 2.1
    endloop
  endfacet
  facet normal -0.546762 0.596669 0.587398
    outer loop
      vertex 4.21123 81.907 2.1
      vertex 3.73205 81.4679 2.1
      vertex 4.3889 81.6953 2.48042
    endloop
  endfacet
  facet normal -0.084105 0.132039 0.98767
    outer loop
      vertex 5.4132 82.4125 2.48042
      vertex 4.88539 82.0763 2.48042
      vertex 4.95629 81.975 2.5
    endloop
  endfacet
  facet normal -0.434828 0.68255 0.58741
    outer loop
      vertex 5.275 82.6519 2.1
      vertex 4.72686 82.3027 2.1
      vertex 4.88539 82.0763 2.48042
    endloop
  endfacet
  facet normal 0 0.809008 0.587797
    outer loop
      vertex 121.2 83.65 2.1
      vertex 9 83.3736 2.48042
      vertex 121.2 83.3736 2.48042
    endloop
  endfacet
  facet normal 0 0.809008 0.587797
    outer loop
      vertex 9 83.3736 2.48042
      vertex 121.2 83.65 2.1
      vertex 9 83.65 2.1
    endloop
  endfacet
  facet normal -0.80235 -0.105638 0.587431
    outer loop
      vertex 1.85369 8.37478 2.48042
      vertex 1.66318 7.70632 2.1
      vertex 1.93538 7.75432 2.48042
    endloop
  endfacet
  facet normal -0.802359 -0.105629 0.58742
    outer loop
      vertex 1.85369 8.37478 2.48042
      vertex 1.57835 8.35069 2.1
      vertex 1.66318 7.70632 2.1
    endloop
  endfacet
  facet normal 0.124807 0.095773 0.987548
    outer loop
      vertex 126.695 80.8111 2.48042
      vertex 126.601 80.7317 2.5
      vertex 127.076 80.3146 2.48042
    endloop
  endfacet
  facet normal -0.10565 0.802348 0.587431
    outer loop
      vertex 8.37478 83.3463 2.48042
      vertex 7.70632 83.5368 2.1
      vertex 7.75432 83.2646 2.48042
    endloop
  endfacet
  facet normal -0.300653 0.953734 0
    outer loop
      vertex 7.0718 83.3961 0
      vertex 6.45195 83.2007 2.1
      vertex 7.0718 83.3961 2.1
    endloop
  endfacet
  facet normal -0.300653 0.953734 0
    outer loop
      vertex 6.45195 83.2007 2.1
      vertex 7.0718 83.3961 0
      vertex 6.45195 83.2007 0
    endloop
  endfacet
  facet normal -0.309719 0.747696 0.587388
    outer loop
      vertex 6.45195 83.2007 2.1
      vertex 5.9683 82.7015 2.48042
      vertex 6.54648 82.941 2.48042
    endloop
  endfacet
  facet normal -0.175213 0.790163 0.587318
    outer loop
      vertex 7.70632 83.5368 2.1
      vertex 7.0718 83.3961 2.1
      vertex 7.14333 83.1292 2.48042
    endloop
  endfacet
  facet normal -0.175093 0.790105 0.587432
    outer loop
      vertex 7.70632 83.5368 2.1
      vertex 7.14333 83.1292 2.48042
      vertex 7.75432 83.2646 2.48042
    endloop
  endfacet
  facet normal 0.0435641 0.999051 -0
    outer loop
      vertex 121.849 83.6217 0
      vertex 121.2 83.65 2.1
      vertex 121.849 83.6217 2.1
    endloop
  endfacet
  facet normal 0.0435641 0.999051 0
    outer loop
      vertex 121.2 83.65 2.1
      vertex 121.849 83.6217 0
      vertex 121.2 83.65 0
    endloop
  endfacet
  facet normal 0.462056 -0.886851 0
    outer loop
      vertex 124.349 2.24801 0
      vertex 124.925 2.54811 2.1
      vertex 124.349 2.24801 2.1
    endloop
  endfacet
  facet normal 0.462056 -0.886851 0
    outer loop
      vertex 124.925 2.54811 2.1
      vertex 124.349 2.24801 0
      vertex 124.925 2.54811 0
    endloop
  endfacet
  facet normal 0.747116 -0.309815 0.588075
    outer loop
      vertex 128.201 6.45195 2.1
      vertex 127.701 5.9683 2.48042
      vertex 127.952 5.85149 2.1
    endloop
  endfacet
  facet normal 0.597433 -0.546405 0.586954
    outer loop
      vertex 126.695 4.3889 2.48042
      vertex 126.273 3.92749 2.48042
      vertex 126.468 3.73205 2.1
    endloop
  endfacet
  facet normal 0.0470814 -0.149358 0.987662
    outer loop
      vertex 123.654 2.25902 2.48042
      vertex 123.025 2.19022 2.5
      vertex 123.057 2.07083 2.48042
    endloop
  endfacet
  facet normal 0.216609 -0.976258 0
    outer loop
      vertex 122.494 1.66318 0
      vertex 123.128 1.80385 2.1
      vertex 122.494 1.66318 2.1
    endloop
  endfacet
  facet normal 0.216609 -0.976258 0
    outer loop
      vertex 123.128 1.80385 2.1
      vertex 122.494 1.66318 0
      vertex 123.128 1.80385 0
    endloop
  endfacet
  facet normal 0.138929 -0.0723246 0.987658
    outer loop
      vertex 127.589 6.02054 2.5
      vertex 127.305 5.475 2.5
      vertex 127.701 5.9683 2.48042
    endloop
  endfacet
  facet normal 0.0955953 0.12445 0.98761
    outer loop
      vertex 125.811 81.6953 2.48042
      vertex 125.315 82.0763 2.48042
      vertex 125.732 81.6006 2.5
    endloop
  endfacet
  facet normal 0.243352 -0.771992 0.587204
    outer loop
      vertex 123.654 2.25902 2.48042
      vertex 123.057 2.07083 2.48042
      vertex 123.128 1.80385 2.1
    endloop
  endfacet
  facet normal 0.175322 -0.790176 0.587269
    outer loop
      vertex 123.057 2.07083 2.48042
      vertex 122.494 1.66318 2.1
      vertex 123.128 1.80385 2.1
    endloop
  endfacet
  facet normal -0.991445 -0.130522 0
    outer loop
      vertex 1.66318 7.70632 0
      vertex 1.57835 8.35069 2.1
      vertex 1.57835 8.35069 0
    endloop
  endfacet
  facet normal -0.991445 -0.130522 0
    outer loop
      vertex 1.57835 8.35069 2.1
      vertex 1.66318 7.70632 0
      vertex 1.66318 7.70632 2.1
    endloop
  endfacet
  facet normal -0.373681 0.717839 0.587426
    outer loop
      vertex 5.85149 82.952 2.1
      vertex 5.275 82.6519 2.1
      vertex 5.9683 82.7015 2.48042
    endloop
  endfacet
  facet normal -0.808512 0.0353016 0.58742
    outer loop
      vertex 1.57835 76.8493 2.1
      vertex 1.55 76.2 2.1
      vertex 1.85369 76.8252 2.48042
    endloop
  endfacet
  facet normal 0.793098 -0.609094 0
    outer loop
      vertex 126.907 4.21123 2.1
      vertex 127.303 4.72686 0
      vertex 127.303 4.72686 2.1
    endloop
  endfacet
  facet normal 0.793098 -0.609094 0
    outer loop
      vertex 127.303 4.72686 0
      vertex 126.907 4.21123 2.1
      vertex 126.907 4.21123 0
    endloop
  endfacet
  facet normal -0.793398 0.608703 0
    outer loop
      vertex 2.89732 80.4731 0
      vertex 3.29297 80.9888 2.1
      vertex 3.29297 80.9888 0
    endloop
  endfacet
  facet normal -0.793398 0.608703 0
    outer loop
      vertex 3.29297 80.9888 2.1
      vertex 2.89732 80.4731 0
      vertex 2.89732 80.4731 2.1
    endloop
  endfacet
  facet normal -0 0 -1
    outer loop
      vertex 21.11 35.85 0
      vertex 11.9749 12.2892 0
      vertex 21.1 35.85 0
    endloop
  endfacet
  facet normal 0 0 -1
    outer loop
      vertex 19.85 48.6 0
      vertex 13.5649 76.0086 0
      vertex 13.6 76.6 0
    endloop
  endfacet
  facet normal 0 0 -1
    outer loop
      vertex 11.5149 12.6624 0
      vertex 21.1 35.85 0
      vertex 11.9749 12.2892 0
    endloop
  endfacet
  facet normal 0 0 -1
    outer loop
      vertex 19.85 48.6 0
      vertex 13.4601 75.4256 0
      vertex 13.5649 76.0086 0
    endloop
  endfacet
  facet normal -0 0 -1
    outer loop
      vertex 21.1 35.85 0
      vertex 11.5149 12.6624 0
      vertex 20.8218 35.8813 0
    endloop
  endfacet
  facet normal 0 0 -1
    outer loop
      vertex 19.85 48.6 0
      vertex 13.2871 74.859 0
      vertex 13.4601 75.4256 0
    endloop
  endfacet
  facet normal 0 0 -1
    outer loop
      vertex 11.014 12.9787 0
      vertex 20.8218 35.8813 0
      vertex 11.5149 12.6624 0
    endloop
  endfacet
  facet normal 0 0 -1
    outer loop
      vertex 19.85 48.6 0
      vertex 13.0483 74.3169 0
      vertex 13.2871 74.859 0
    endloop
  endfacet
  facet normal 0 0 -1
    outer loop
      vertex 10.4791 13.2334 0
      vertex 20.8218 35.8813 0
      vertex 11.014 12.9787 0
    endloop
  endfacet
  facet normal 0 0 -1
    outer loop
      vertex 19.85 48.6 0
      vertex 12.747 73.8068 0
      vertex 13.0483 74.3169 0
    endloop
  endfacet
  facet normal -0 0 -1
    outer loop
      vertex 20.8218 35.8813 0
      vertex 10.4791 13.2334 0
      vertex 20.3206 36.1227 0
    endloop
  endfacet
  facet normal 0 0 -1
    outer loop
      vertex 19.85 48.6 0
      vertex 12.3876 73.3359 0
      vertex 12.747 73.8068 0
    endloop
  endfacet
  facet normal 0 0 -1
    outer loop
      vertex 9.91794 13.4232 0
      vertex 20.3206 36.1227 0
      vertex 10.4791 13.2334 0
    endloop
  endfacet
  facet normal 0 0 -1
    outer loop
      vertex 19.85 48.6 0
      vertex 11.9749 72.9108 0
      vertex 12.3876 73.3359 0
    endloop
  endfacet
  facet normal 0 0 -1
    outer loop
      vertex 9.33823 13.5452 0
      vertex 20.3206 36.1227 0
      vertex 9.91794 13.4232 0
    endloop
  endfacet
  facet normal 0 0 -1
    outer loop
      vertex 19.85 48.6 0
      vertex 11.5149 72.5376 0
      vertex 11.9749 72.9108 0
    endloop
  endfacet
  facet normal 0 0 -1
    outer loop
      vertex 8.74817 13.5978 0
      vertex 20.3206 36.1227 0
      vertex 9.33823 13.5452 0
    endloop
  endfacet
  facet normal 0 0 -1
    outer loop
      vertex 19.85 48.6 0
      vertex 11.014 72.2213 0
      vertex 11.5149 72.5376 0
    endloop
  endfacet
  facet normal -0 0 -1
    outer loop
      vertex 20.3206 36.1227 0
      vertex 8.74817 13.5978 0
      vertex 19.9738 36.5576 0
    endloop
  endfacet
  facet normal 0 0 -1
    outer loop
      vertex 19.85 48.6 0
      vertex 10.4791 71.9666 0
      vertex 11.014 72.2213 0
    endloop
  endfacet
  facet normal 0 0 -1
    outer loop
      vertex 8.15602 13.5802 0
      vertex 19.9738 36.5576 0
      vertex 8.74817 13.5978 0
    endloop
  endfacet
  facet normal 0 0 -1
    outer loop
      vertex 19.85 48.6 0
      vertex 9.91794 71.7768 0
      vertex 10.4791 71.9666 0
    endloop
  endfacet
  facet normal 0 0 -1
    outer loop
      vertex 7.57011 13.4928 0
      vertex 19.9738 36.5576 0
      vertex 8.15602 13.5802 0
    endloop
  endfacet
  facet normal 0 0 -1
    outer loop
      vertex 19.85 48.6 0
      vertex 9.33823 71.6548 0
      vertex 9.91794 71.7768 0
    endloop
  endfacet
  facet normal 0 0 -1
    outer loop
      vertex 6.99865 13.3366 0
      vertex 19.9738 36.5576 0
      vertex 7.57011 13.4928 0
    endloop
  endfacet
  facet normal 0 0 -1
    outer loop
      vertex 19.85 48.6 0
      vertex 8.74817 71.6022 0
      vertex 9.33823 71.6548 0
    endloop
  endfacet
  facet normal -0 0 -1
    outer loop
      vertex 19.9738 36.5576 0
      vertex 6.99865 13.3366 0
      vertex 19.85 37.1 0
    endloop
  endfacet
  facet normal 0 0 -1
    outer loop
      vertex 19.85 48.6 0
      vertex 8.15602 71.6198 0
      vertex 8.74817 71.6022 0
    endloop
  endfacet
  facet normal 0 0 -1
    outer loop
      vertex 6.44967 13.114 0
      vertex 19.85 37.1 0
      vertex 6.99865 13.3366 0
    endloop
  endfacet
  facet normal 0 0 -1
    outer loop
      vertex 19.85 48.6 0
      vertex 7.57011 71.7072 0
      vertex 8.15602 71.6198 0
    endloop
  endfacet
  facet normal 0 0 -1
    outer loop
      vertex 5.93088 12.828 0
      vertex 19.85 37.1 0
      vertex 6.44967 13.114 0
    endloop
  endfacet
  facet normal 0 0 -1
    outer loop
      vertex 19.85 48.6 0
      vertex 6.99865 71.8634 0
      vertex 7.57011 71.7072 0
    endloop
  endfacet
  facet normal 0 0 -1
    outer loop
      vertex 5.44956 12.4826 0
      vertex 19.85 37.1 0
      vertex 5.93088 12.828 0
    endloop
  endfacet
  facet normal 0 0 -1
    outer loop
      vertex 19.85 48.6 0
      vertex 6.44967 72.086 0
      vertex 6.99865 71.8634 0
    endloop
  endfacet
  facet normal -0 0 -1
    outer loop
      vertex 19.85 37.1 0
      vertex 5.44956 12.4826 0
      vertex 19.85 48.6 0
    endloop
  endfacet
  facet normal 0 0 -1
    outer loop
      vertex 19.85 48.6 0
      vertex 5.93088 72.372 0
      vertex 6.44967 72.086 0
    endloop
  endfacet
  facet normal 0 0 -1
    outer loop
      vertex 5.44956 72.7174 0
      vertex 19.85 48.6 0
      vertex 5.44956 12.4826 0
    endloop
  endfacet
  facet normal 0 0 -1
    outer loop
      vertex 19.85 48.6 0
      vertex 5.44956 72.7174 0
      vertex 5.93088 72.372 0
    endloop
  endfacet
  facet normal 0 0 -1
    outer loop
      vertex 5.01246 12.0828 0
      vertex 5.44956 72.7174 0
      vertex 5.44956 12.4826 0
    endloop
  endfacet
  facet normal 0 0 -1
    outer loop
      vertex 5.01246 12.0828 0
      vertex 5.01246 73.1172 0
      vertex 5.44956 72.7174 0
    endloop
  endfacet
  facet normal 0 0 -1
    outer loop
      vertex 1.55 9 0
      vertex 5.01246 12.0828 0
      vertex 4.62573 11.634 0
    endloop
  endfacet
  facet normal -0 0 -1
    outer loop
      vertex 5.01246 12.0828 0
      vertex 1.55 9 0
      vertex 5.01246 73.1172 0
    endloop
  endfacet
  facet normal 0 0 -1
    outer loop
      vertex 1.55 9 0
      vertex 4.62573 11.634 0
      vertex 4.29478 11.1427 0
    endloop
  endfacet
  facet normal 0 0 -1
    outer loop
      vertex 1.55 76.2 0
      vertex 5.01246 73.1172 0
      vertex 1.55 9 0
    endloop
  endfacet
  facet normal 0 0 -1
    outer loop
      vertex 1.55 9 0
      vertex 4.29478 11.1427 0
      vertex 4.02427 10.6156 0
    endloop
  endfacet
  facet normal 0 0 -1
    outer loop
      vertex 5.01246 73.1172 0
      vertex 1.55 76.2 0
      vertex 4.62573 73.566 0
    endloop
  endfacet
  facet normal 0 0 -1
    outer loop
      vertex 1.55 9 0
      vertex 4.02427 10.6156 0
      vertex 3.818 10.0603 0
    endloop
  endfacet
  facet normal 0 0 -1
    outer loop
      vertex 4.62573 73.566 0
      vertex 1.55 76.2 0
      vertex 4.29478 74.0573 0
    endloop
  endfacet
  facet normal 0 0 -1
    outer loop
      vertex 1.55 9 0
      vertex 3.818 10.0603 0
      vertex 3.67885 9.48445 0
    endloop
  endfacet
  facet normal 0 0 -1
    outer loop
      vertex 4.29478 74.0573 0
      vertex 1.55 76.2 0
      vertex 4.02427 74.5844 0
    endloop
  endfacet
  facet normal 0 0 -1
    outer loop
      vertex 1.55 9 0
      vertex 3.67885 9.48445 0
      vertex 3.60878 8.8962 0
    endloop
  endfacet
  facet normal 0 0 -1
    outer loop
      vertex 4.02427 74.5844 0
      vertex 1.55 76.2 0
      vertex 3.818 75.1397 0
    endloop
  endfacet
  facet normal 0 0 -1
    outer loop
      vertex 126.287 10.341 0
      vertex 128.65 9 0
      vertex 126.46 9.77443 0
    endloop
  endfacet
  facet normal -0 0 -1
    outer loop
      vertex 128.65 76.2 0
      vertex 126.565 76.0086 0
      vertex 126.6 76.6 0
    endloop
  endfacet
  facet normal 0 0 -1
    outer loop
      vertex 126.048 10.8831 0
      vertex 128.65 9 0
      vertex 126.287 10.341 0
    endloop
  endfacet
  facet normal 0 0 -1
    outer loop
      vertex 128.65 76.2 0
      vertex 126.46 75.4256 0
      vertex 126.565 76.0086 0
    endloop
  endfacet
  facet normal 0 0 -1
    outer loop
      vertex 125.747 11.3932 0
      vertex 128.65 9 0
      vertex 126.048 10.8831 0
    endloop
  endfacet
  facet normal 0 0 -1
    outer loop
      vertex 128.65 76.2 0
      vertex 126.287 74.859 0
      vertex 126.46 75.4256 0
    endloop
  endfacet
  facet normal 0 0 -1
    outer loop
      vertex 125.388 11.8641 0
      vertex 128.65 9 0
      vertex 125.747 11.3932 0
    endloop
  endfacet
  facet normal 0 0 -1
    outer loop
      vertex 128.65 76.2 0
      vertex 126.048 74.3169 0
      vertex 126.287 74.859 0
    endloop
  endfacet
  facet normal 0 0 -1
    outer loop
      vertex 124.975 12.2892 0
      vertex 128.65 9 0
      vertex 125.388 11.8641 0
    endloop
  endfacet
  facet normal 0 0 -1
    outer loop
      vertex 128.65 76.2 0
      vertex 125.747 73.8068 0
      vertex 126.048 74.3169 0
    endloop
  endfacet
  facet normal 0 0 -1
    outer loop
      vertex 128.65 9 0
      vertex 124.975 12.2892 0
      vertex 128.65 76.2 0
    endloop
  endfacet
  facet normal 0 0 -1
    outer loop
      vertex 128.65 76.2 0
      vertex 125.388 73.3359 0
      vertex 125.747 73.8068 0
    endloop
  endfacet
  facet normal 0 0 -1
    outer loop
      vertex 124.975 72.9108 0
      vertex 128.65 76.2 0
      vertex 124.975 12.2892 0
    endloop
  endfacet
  facet normal 0 0 -1
    outer loop
      vertex 128.65 76.2 0
      vertex 124.975 72.9108 0
      vertex 125.388 73.3359 0
    endloop
  endfacet
  facet normal 0 0 -1
    outer loop
      vertex 124.515 12.6624 0
      vertex 124.975 72.9108 0
      vertex 124.975 12.2892 0
    endloop
  endfacet
  facet normal 0 0 -1
    outer loop
      vertex 124.515 12.6624 0
      vertex 124.515 72.5376 0
      vertex 124.975 72.9108 0
    endloop
  endfacet
  facet normal 0 0 -1
    outer loop
      vertex 111.86 32.35 0
      vertex 124.515 12.6624 0
      vertex 124.014 12.9787 0
    endloop
  endfacet
  facet normal 0 0 -1
    outer loop
      vertex 124.515 12.6624 0
      vertex 111.736 32.8924 0
      vertex 124.515 72.5376 0
    endloop
  endfacet
  facet normal 0 0 -1
    outer loop
      vertex 111.86 32.35 0
      vertex 124.014 12.9787 0
      vertex 123.479 13.2334 0
    endloop
  endfacet
  facet normal 0 0 -1
    outer loop
      vertex 124.515 72.5376 0
      vertex 111.736 32.8924 0
      vertex 124.014 72.2213 0
    endloop
  endfacet
  facet normal 0 0 -1
    outer loop
      vertex 111.86 32.35 0
      vertex 123.479 13.2334 0
      vertex 122.918 13.4232 0
    endloop
  endfacet
  facet normal 0 0 -1
    outer loop
      vertex 124.014 72.2213 0
      vertex 111.736 32.8924 0
      vertex 123.479 71.9666 0
    endloop
  endfacet
  facet normal 0 0 -1
    outer loop
      vertex 111.86 32.35 0
      vertex 122.918 13.4232 0
      vertex 122.338 13.5452 0
    endloop
  endfacet
  facet normal 0 0 -1
    outer loop
      vertex 123.479 71.9666 0
      vertex 111.736 32.8924 0
      vertex 122.918 71.7768 0
    endloop
  endfacet
  facet normal 0 0 -1
    outer loop
      vertex 111.86 20.85 0
      vertex 122.338 13.5452 0
      vertex 121.748 13.5978 0
    endloop
  endfacet
  facet normal 0 0 -1
    outer loop
      vertex 124.515 12.6624 0
      vertex 111.86 32.35 0
      vertex 111.736 32.8924 0
    endloop
  endfacet
  facet normal 0 0 -1
    outer loop
      vertex 111.86 20.85 0
      vertex 121.748 13.5978 0
      vertex 121.156 13.5802 0
    endloop
  endfacet
  facet normal 0 0 -1
    outer loop
      vertex 111.389 33.3273 0
      vertex 122.918 71.7768 0
      vertex 111.736 32.8924 0
    endloop
  endfacet
  facet normal 0 0 -1
    outer loop
      vertex 111.86 20.85 0
      vertex 121.156 13.5802 0
      vertex 120.57 13.4928 0
    endloop
  endfacet
  facet normal 0 0 -1
    outer loop
      vertex 122.918 71.7768 0
      vertex 111.389 33.3273 0
      vertex 122.338 71.6548 0
    endloop
  endfacet
  facet normal 0 0 -1
    outer loop
      vertex 111.86 20.85 0
      vertex 120.57 13.4928 0
      vertex 119.999 13.3366 0
    endloop
  endfacet
  facet normal 0 0 -1
    outer loop
      vertex 122.338 71.6548 0
      vertex 111.389 33.3273 0
      vertex 121.748 71.6022 0
    endloop
  endfacet
  facet normal 0 0 -1
    outer loop
      vertex 111.829 20.5718 0
      vertex 119.999 13.3366 0
      vertex 119.45 13.114 0
    endloop
  endfacet
  facet normal -0 0 -1
    outer loop
      vertex 121.748 71.6022 0
      vertex 111.389 33.3273 0
      vertex 121.156 71.6198 0
    endloop
  endfacet
  facet normal 0 0 -1
    outer loop
      vertex 111.587 20.0706 0
      vertex 119.45 13.114 0
      vertex 118.931 12.828 0
    endloop
  endfacet
  facet normal 0 0 -1
    outer loop
      vertex 110.888 33.5687 0
      vertex 121.156 71.6198 0
      vertex 111.389 33.3273 0
    endloop
  endfacet
  facet normal 0 0 -1
    outer loop
      vertex 111.587 20.0706 0
      vertex 118.931 12.828 0
      vertex 118.45 12.4826 0
    endloop
  endfacet
  facet normal -0 0 -1
    outer loop
      vertex 121.156 71.6198 0
      vertex 110.888 33.5687 0
      vertex 120.57 71.7072 0
    endloop
  endfacet
  facet normal 0 0 -1
    outer loop
      vertex 111.587 20.0706 0
      vertex 118.45 12.4826 0
      vertex 118.012 12.0828 0
    endloop
  endfacet
  facet normal -0 0 -1
    outer loop
      vertex 120.57 71.7072 0
      vertex 110.888 33.5687 0
      vertex 119.999 71.8634 0
    endloop
  endfacet
  facet normal 0 0 -1
    outer loop
      vertex 111.152 19.7238 0
      vertex 118.012 12.0828 0
      vertex 117.626 11.634 0
    endloop
  endfacet
  facet normal 0 0 -1
    outer loop
      vertex 110.61 33.6 0
      vertex 119.999 71.8634 0
      vertex 110.888 33.5687 0
    endloop
  endfacet
  facet normal 0 0 -1
    outer loop
      vertex 111.152 19.7238 0
      vertex 117.626 11.634 0
      vertex 117.295 11.1427 0
    endloop
  endfacet
  facet normal -0 0 -1
    outer loop
      vertex 119.999 71.8634 0
      vertex 110.61 33.6 0
      vertex 119.45 72.086 0
    endloop
  endfacet
  facet normal 0 0 -1
    outer loop
      vertex 110.61 19.6 0
      vertex 117.295 11.1427 0
      vertex 117.024 10.6156 0
    endloop
  endfacet
  facet normal 0 0 -1
    outer loop
      vertex 110.6 33.6 0
      vertex 119.45 72.086 0
      vertex 110.61 33.6 0
    endloop
  endfacet
  facet normal 0 0 -1
    outer loop
      vertex 110.6 19.6 0
      vertex 117.024 10.6156 0
      vertex 116.818 10.0603 0
    endloop
  endfacet
  facet normal -0 0 -1
    outer loop
      vertex 119.45 72.086 0
      vertex 110.6 33.6 0
      vertex 118.931 72.372 0
    endloop
  endfacet
  facet normal 0 0 -1
    outer loop
      vertex 110.322 19.6313 0
      vertex 116.818 10.0603 0
      vertex 116.679 9.48445 0
    endloop
  endfacet
  facet normal 0 0 -1
    outer loop
      vertex 104.888 33.5687 0
      vertex 118.931 72.372 0
      vertex 110.6 33.6 0
    endloop
  endfacet
  facet normal 0 0 -1
    outer loop
      vertex 105.152 19.7238 0
      vertex 116.679 9.48445 0
      vertex 116.609 8.8962 0
    endloop
  endfacet
  facet normal 0 0 -1
    outer loop
      vertex 104.61 33.6 0
      vertex 118.931 72.372 0
      vertex 104.888 33.5687 0
    endloop
  endfacet
  facet normal 0 0 -1
    outer loop
      vertex 126.6 8.6 0
      vertex 128.65 9 0
      vertex 128.622 8.35069 0
    endloop
  endfacet
  facet normal 0 0 -1
    outer loop
      vertex 126.565 9.19137 0
      vertex 128.65 9 0
      vertex 126.6 8.6 0
    endloop
  endfacet
  facet normal 0 0 -1
    outer loop
      vertex 126.565 8.00863 0
      vertex 128.622 8.35069 0
      vertex 128.537 7.70632 0
    endloop
  endfacet
  facet normal 0 0 -1
    outer loop
      vertex 126.46 9.77443 0
      vertex 128.65 9 0
      vertex 126.565 9.19137 0
    endloop
  endfacet
  facet normal 0 0 -1
    outer loop
      vertex 126.565 8.00863 0
      vertex 128.537 7.70632 0
      vertex 128.396 7.0718 0
    endloop
  endfacet
  facet normal 0 0 -1
    outer loop
      vertex 128.65 76.2 0
      vertex 126.6 76.6 0
      vertex 128.622 76.8493 0
    endloop
  endfacet
  facet normal 0 0 -1
    outer loop
      vertex 126.46 7.42557 0
      vertex 128.396 7.0718 0
      vertex 128.201 6.45195 0
    endloop
  endfacet
  facet normal 0 0 -1
    outer loop
      vertex 126.565 77.1914 0
      vertex 128.622 76.8493 0
      vertex 126.6 76.6 0
    endloop
  endfacet
  facet normal 0 0 -1
    outer loop
      vertex 126.287 6.85899 0
      vertex 128.201 6.45195 0
      vertex 127.952 5.85149 0
    endloop
  endfacet
  facet normal 0 0 -1
    outer loop
      vertex 128.622 76.8493 0
      vertex 126.565 77.1914 0
      vertex 128.537 77.4937 0
    endloop
  endfacet
  facet normal 0 0 -1
    outer loop
      vertex 126.048 6.31685 0
      vertex 127.952 5.85149 0
      vertex 127.652 5.275 0
    endloop
  endfacet
  facet normal -0 0 -1
    outer loop
      vertex 128.537 77.4937 0
      vertex 126.565 77.1914 0
      vertex 128.396 78.1282 0
    endloop
  endfacet
  facet normal 0 0 -1
    outer loop
      vertex 125.747 5.80677 0
      vertex 127.652 5.275 0
      vertex 127.303 4.72686 0
    endloop
  endfacet
  facet normal 0 0 -1
    outer loop
      vertex 126.46 77.7744 0
      vertex 128.396 78.1282 0
      vertex 126.565 77.1914 0
    endloop
  endfacet
  facet normal 0 0 -1
    outer loop
      vertex 125.747 5.80677 0
      vertex 127.303 4.72686 0
      vertex 126.907 4.21123 0
    endloop
  endfacet
  facet normal -0 0 -1
    outer loop
      vertex 128.396 78.1282 0
      vertex 126.46 77.7744 0
      vertex 128.201 78.748 0
    endloop
  endfacet
  facet normal 0 0 -1
    outer loop
      vertex 126.287 78.341 0
      vertex 128.201 78.748 0
      vertex 126.46 77.7744 0
    endloop
  endfacet
  facet normal -0 0 -1
    outer loop
      vertex 128.622 8.35069 0
      vertex 126.565 8.00863 0
      vertex 126.6 8.6 0
    endloop
  endfacet
  facet normal 0 0 -1
    outer loop
      vertex 125.388 5.33589 0
      vertex 126.907 4.21123 0
      vertex 126.468 3.73205 0
    endloop
  endfacet
  facet normal 0 0 -1
    outer loop
      vertex 128.396 7.0718 0
      vertex 126.46 7.42557 0
      vertex 126.565 8.00863 0
    endloop
  endfacet
  facet normal 0 0 -1
    outer loop
      vertex 128.201 6.45195 0
      vertex 126.287 6.85899 0
      vertex 126.46 7.42557 0
    endloop
  endfacet
  facet normal 0 0 -1
    outer loop
      vertex 127.952 5.85149 0
      vertex 126.048 6.31685 0
      vertex 126.287 6.85899 0
    endloop
  endfacet
  facet normal 0 0 -1
    outer loop
      vertex 124.975 4.91083 0
      vertex 126.468 3.73205 0
      vertex 125.989 3.29297 0
    endloop
  endfacet
  facet normal 0 0 -1
    outer loop
      vertex 127.652 5.275 0
      vertex 125.747 5.80677 0
      vertex 126.048 6.31685 0
    endloop
  endfacet
  facet normal 0 0 -1
    outer loop
      vertex 124.515 4.53757 0
      vertex 125.989 3.29297 0
      vertex 125.473 2.89732 0
    endloop
  endfacet
  facet normal 0 0 -1
    outer loop
      vertex 126.907 4.21123 0
      vertex 125.388 5.33589 0
      vertex 125.747 5.80677 0
    endloop
  endfacet
  facet normal 0 0 -1
    outer loop
      vertex 126.468 3.73205 0
      vertex 124.975 4.91083 0
      vertex 125.388 5.33589 0
    endloop
  endfacet
  facet normal 0 0 -1
    outer loop
      vertex 124.014 4.22132 0
      vertex 125.473 2.89732 0
      vertex 124.925 2.54811 0
    endloop
  endfacet
  facet normal 0 0 -1
    outer loop
      vertex 125.989 3.29297 0
      vertex 124.515 4.53757 0
      vertex 124.975 4.91083 0
    endloop
  endfacet
  facet normal 0 0 -1
    outer loop
      vertex 124.014 4.22132 0
      vertex 124.925 2.54811 0
      vertex 124.349 2.24801 0
    endloop
  endfacet
  facet normal 0 0 -1
    outer loop
      vertex 125.473 2.89732 0
      vertex 124.014 4.22132 0
      vertex 124.515 4.53757 0
    endloop
  endfacet
  facet normal 0 0 -1
    outer loop
      vertex 123.479 3.96655 0
      vertex 124.349 2.24801 0
      vertex 123.748 1.99929 0
    endloop
  endfacet
  facet normal 0 0 -1
    outer loop
      vertex 124.349 2.24801 0
      vertex 123.479 3.96655 0
      vertex 124.014 4.22132 0
    endloop
  endfacet
  facet normal 0 0 -1
    outer loop
      vertex 122.918 3.77682 0
      vertex 123.748 1.99929 0
      vertex 123.128 1.80385 0
    endloop
  endfacet
  facet normal 0 0 -1
    outer loop
      vertex 123.748 1.99929 0
      vertex 122.918 3.77682 0
      vertex 123.479 3.96655 0
    endloop
  endfacet
  facet normal 0 0 -1
    outer loop
      vertex 122.338 3.6548 0
      vertex 123.128 1.80385 0
      vertex 122.494 1.66318 0
    endloop
  endfacet
  facet normal 0 0 -1
    outer loop
      vertex 123.128 1.80385 0
      vertex 122.338 3.6548 0
      vertex 122.918 3.77682 0
    endloop
  endfacet
  facet normal 0 0 -1
    outer loop
      vertex 121.748 3.6022 0
      vertex 122.494 1.66318 0
      vertex 121.849 1.57835 0
    endloop
  endfacet
  facet normal 0 0 -1
    outer loop
      vertex 122.494 1.66318 0
      vertex 121.748 3.6022 0
      vertex 122.338 3.6548 0
    endloop
  endfacet
  facet normal 0 0 -1
    outer loop
      vertex 121.2 1.55 0
      vertex 121.748 3.6022 0
      vertex 121.849 1.57835 0
    endloop
  endfacet
  facet normal 0 0 -1
    outer loop
      vertex 121.2 1.55 0
      vertex 121.156 3.61975 0
      vertex 121.748 3.6022 0
    endloop
  endfacet
  facet normal 0 0 -1
    outer loop
      vertex 121.2 1.55 0
      vertex 120.57 3.70722 0
      vertex 121.156 3.61975 0
    endloop
  endfacet
  facet normal 0 0 -1
    outer loop
      vertex 121.2 1.55 0
      vertex 119.999 3.86337 0
      vertex 120.57 3.70722 0
    endloop
  endfacet
  facet normal 0 0 -1
    outer loop
      vertex 121.2 1.55 0
      vertex 119.45 4.08601 0
      vertex 119.999 3.86337 0
    endloop
  endfacet
  facet normal 0 0 -1
    outer loop
      vertex 121.2 1.55 0
      vertex 118.931 4.37202 0
      vertex 119.45 4.08601 0
    endloop
  endfacet
  facet normal 0 0 -1
    outer loop
      vertex 121.2 1.55 0
      vertex 118.45 4.71738 0
      vertex 118.931 4.37202 0
    endloop
  endfacet
  facet normal 0 0 -1
    outer loop
      vertex 121.2 1.55 0
      vertex 118.012 5.11724 0
      vertex 118.45 4.71738 0
    endloop
  endfacet
  facet normal 0 0 -1
    outer loop
      vertex 104.61 19.6 0
      vertex 116.609 8.8962 0
      vertex 116.609 8.3038 0
    endloop
  endfacet
  facet normal -0 0 -1
    outer loop
      vertex 118.931 72.372 0
      vertex 104.61 33.6 0
      vertex 118.45 72.7174 0
    endloop
  endfacet
  facet normal 0 0 -1
    outer loop
      vertex 122.338 13.5452 0
      vertex 111.86 20.85 0
      vertex 111.86 32.35 0
    endloop
  endfacet
  facet normal 0 0 -1
    outer loop
      vertex 104.6 19.6 0
      vertex 116.609 8.3038 0
      vertex 116.679 7.71555 0
    endloop
  endfacet
  facet normal 0 0 -1
    outer loop
      vertex 98.61 19.6 0
      vertex 116.679 7.71555 0
      vertex 116.818 7.13972 0
    endloop
  endfacet
  facet normal 0 0 -1
    outer loop
      vertex 119.999 13.3366 0
      vertex 111.829 20.5718 0
      vertex 111.86 20.85 0
    endloop
  endfacet
  facet normal 0 0 -1
    outer loop
      vertex 98.61 19.6 0
      vertex 116.818 7.13972 0
      vertex 117.024 6.58438 0
    endloop
  endfacet
  facet normal 0 0 -1
    outer loop
      vertex 119.45 13.114 0
      vertex 111.587 20.0706 0
      vertex 111.829 20.5718 0
    endloop
  endfacet
  facet normal 0 0 -1
    outer loop
      vertex 118.012 12.0828 0
      vertex 111.152 19.7238 0
      vertex 111.587 20.0706 0
    endloop
  endfacet
  facet normal 0 0 -1
    outer loop
      vertex 117.295 11.1427 0
      vertex 110.61 19.6 0
      vertex 111.152 19.7238 0
    endloop
  endfacet
  facet normal 0 0 -1
    outer loop
      vertex 117.024 10.6156 0
      vertex 110.6 19.6 0
      vertex 110.61 19.6 0
    endloop
  endfacet
  facet normal 0 0 -1
    outer loop
      vertex 116.818 10.0603 0
      vertex 110.322 19.6313 0
      vertex 110.6 19.6 0
    endloop
  endfacet
  facet normal 0 0 -1
    outer loop
      vertex 92.61 19.6 0
      vertex 117.024 6.58438 0
      vertex 117.295 6.05734 0
    endloop
  endfacet
  facet normal 0 0 -1
    outer loop
      vertex 116.679 9.48445 0
      vertex 105.152 19.7238 0
      vertex 110.322 19.6313 0
    endloop
  endfacet
  facet normal 0 0 -1
    outer loop
      vertex 110.322 19.6313 0
      vertex 105.152 19.7238 0
      vertex 109.821 19.8727 0
    endloop
  endfacet
  facet normal 0 0 -1
    outer loop
      vertex 109.35 20.85 0
      vertex 105.86 20.85 0
      vertex 109.35 32.35 0
    endloop
  endfacet
  facet normal 0 0 -1
    outer loop
      vertex 105.829 20.5718 0
      vertex 109.35 20.85 0
      vertex 109.474 20.3076 0
    endloop
  endfacet
  facet normal 0 -0 -1
    outer loop
      vertex 105.587 20.0706 0
      vertex 109.821 19.8727 0
      vertex 105.152 19.7238 0
    endloop
  endfacet
  facet normal 0 0 -1
    outer loop
      vertex 92.6 19.6 0
      vertex 117.295 6.05734 0
      vertex 117.626 5.566 0
    endloop
  endfacet
  facet normal -0 0 -1
    outer loop
      vertex 109.35 20.85 0
      vertex 105.829 20.5718 0
      vertex 105.86 20.85 0
    endloop
  endfacet
  facet normal -0 0 -1
    outer loop
      vertex 109.474 20.3076 0
      vertex 105.587 20.0706 0
      vertex 105.829 20.5718 0
    endloop
  endfacet
  facet normal 0 0 -1
    outer loop
      vertex 109.821 19.8727 0
      vertex 105.587 20.0706 0
      vertex 109.474 20.3076 0
    endloop
  endfacet
  facet normal 0 0 -1
    outer loop
      vertex 86.61 19.6 0
      vertex 117.626 5.566 0
      vertex 118.012 5.11724 0
    endloop
  endfacet
  facet normal 0 0 -1
    outer loop
      vertex 116.609 8.8962 0
      vertex 104.61 19.6 0
      vertex 105.152 19.7238 0
    endloop
  endfacet
  facet normal 0 0 -1
    outer loop
      vertex 86.6 19.6 0
      vertex 118.012 5.11724 0
      vertex 121.2 1.55 0
    endloop
  endfacet
  facet normal 0 0 -1
    outer loop
      vertex 116.609 8.3038 0
      vertex 104.6 19.6 0
      vertex 104.61 19.6 0
    endloop
  endfacet
  facet normal 0 0 -1
    outer loop
      vertex 116.679 7.71555 0
      vertex 104.322 19.6313 0
      vertex 104.6 19.6 0
    endloop
  endfacet
  facet normal 0 0 -1
    outer loop
      vertex 116.679 7.71555 0
      vertex 98.61 19.6 0
      vertex 104.322 19.6313 0
    endloop
  endfacet
  facet normal 0 0 -1
    outer loop
      vertex 103.35 20.85 0
      vertex 99.86 20.85 0
      vertex 103.35 32.35 0
    endloop
  endfacet
  facet normal 0 0 -1
    outer loop
      vertex 99.8287 20.5718 0
      vertex 103.35 20.85 0
      vertex 103.474 20.3076 0
    endloop
  endfacet
  facet normal 0 0 -1
    outer loop
      vertex 99.5873 20.0706 0
      vertex 103.474 20.3076 0
      vertex 103.821 19.8727 0
    endloop
  endfacet
  facet normal 0 -0 -1
    outer loop
      vertex 99.1524 19.7238 0
      vertex 104.322 19.6313 0
      vertex 98.61 19.6 0
    endloop
  endfacet
  facet normal -0 0 -1
    outer loop
      vertex 103.35 20.85 0
      vertex 99.8287 20.5718 0
      vertex 99.86 20.85 0
    endloop
  endfacet
  facet normal -0 0 -1
    outer loop
      vertex 103.474 20.3076 0
      vertex 99.5873 20.0706 0
      vertex 99.8287 20.5718 0
    endloop
  endfacet
  facet normal -0 0 -1
    outer loop
      vertex 103.821 19.8727 0
      vertex 99.1524 19.7238 0
      vertex 99.5873 20.0706 0
    endloop
  endfacet
  facet normal 0 0 -1
    outer loop
      vertex 104.322 19.6313 0
      vertex 99.1524 19.7238 0
      vertex 103.821 19.8727 0
    endloop
  endfacet
  facet normal 0 0 -1
    outer loop
      vertex 117.024 6.58438 0
      vertex 98.6 19.6 0
      vertex 98.61 19.6 0
    endloop
  endfacet
  facet normal 0 0 -1
    outer loop
      vertex 117.024 6.58438 0
      vertex 98.3218 19.6313 0
      vertex 98.6 19.6 0
    endloop
  endfacet
  facet normal 0 0 -1
    outer loop
      vertex 117.024 6.58438 0
      vertex 92.61 19.6 0
      vertex 98.3218 19.6313 0
    endloop
  endfacet
  facet normal 0 0 -1
    outer loop
      vertex 97.35 20.85 0
      vertex 93.86 20.85 0
      vertex 97.35 32.35 0
    endloop
  endfacet
  facet normal 0 0 -1
    outer loop
      vertex 93.8287 20.5718 0
      vertex 97.35 20.85 0
      vertex 97.4738 20.3076 0
    endloop
  endfacet
  facet normal 0 0 -1
    outer loop
      vertex 93.5873 20.0706 0
      vertex 97.4738 20.3076 0
      vertex 97.8206 19.8727 0
    endloop
  endfacet
  facet normal 0 -0 -1
    outer loop
      vertex 93.1524 19.7238 0
      vertex 98.3218 19.6313 0
      vertex 92.61 19.6 0
    endloop
  endfacet
  facet normal -0 0 -1
    outer loop
      vertex 97.35 20.85 0
      vertex 93.8287 20.5718 0
      vertex 93.86 20.85 0
    endloop
  endfacet
  facet normal -0 0 -1
    outer loop
      vertex 97.4738 20.3076 0
      vertex 93.5873 20.0706 0
      vertex 93.8287 20.5718 0
    endloop
  endfacet
  facet normal -0 0 -1
    outer loop
      vertex 97.8206 19.8727 0
      vertex 93.1524 19.7238 0
      vertex 93.5873 20.0706 0
    endloop
  endfacet
  facet normal 0 0 -1
    outer loop
      vertex 98.3218 19.6313 0
      vertex 93.1524 19.7238 0
      vertex 97.8206 19.8727 0
    endloop
  endfacet
  facet normal 0 0 -1
    outer loop
      vertex 117.295 6.05734 0
      vertex 92.6 19.6 0
      vertex 92.61 19.6 0
    endloop
  endfacet
  facet normal 0 0 -1
    outer loop
      vertex 117.626 5.566 0
      vertex 86.61 19.6 0
      vertex 92.6 19.6 0
    endloop
  endfacet
  facet normal 0 0 -1
    outer loop
      vertex 92.6 19.6 0
      vertex 86.61 19.6 0
      vertex 92.3218 19.6313 0
    endloop
  endfacet
  facet normal 0 0 -1
    outer loop
      vertex 91.35 20.85 0
      vertex 87.86 20.85 0
      vertex 91.35 32.35 0
    endloop
  endfacet
  facet normal 0 0 -1
    outer loop
      vertex 87.8287 20.5718 0
      vertex 91.35 20.85 0
      vertex 91.4738 20.3076 0
    endloop
  endfacet
  facet normal 0 0 -1
    outer loop
      vertex 87.5873 20.0706 0
      vertex 91.4738 20.3076 0
      vertex 91.8206 19.8727 0
    endloop
  endfacet
  facet normal 0 -0 -1
    outer loop
      vertex 87.1524 19.7238 0
      vertex 92.3218 19.6313 0
      vertex 86.61 19.6 0
    endloop
  endfacet
  facet normal -0 0 -1
    outer loop
      vertex 91.35 20.85 0
      vertex 87.8287 20.5718 0
      vertex 87.86 20.85 0
    endloop
  endfacet
  facet normal -0 0 -1
    outer loop
      vertex 91.4738 20.3076 0
      vertex 87.5873 20.0706 0
      vertex 87.8287 20.5718 0
    endloop
  endfacet
  facet normal -0 0 -1
    outer loop
      vertex 91.8206 19.8727 0
      vertex 87.1524 19.7238 0
      vertex 87.5873 20.0706 0
    endloop
  endfacet
  facet normal 0 0 -1
    outer loop
      vertex 92.3218 19.6313 0
      vertex 87.1524 19.7238 0
      vertex 91.8206 19.8727 0
    endloop
  endfacet
  facet normal 0 0 -1
    outer loop
      vertex 118.012 5.11724 0
      vertex 86.6 19.6 0
      vertex 86.61 19.6 0
    endloop
  endfacet
  facet normal 0 0 -1
    outer loop
      vertex 80.61 19.6 0
      vertex 86.6 19.6 0
      vertex 121.2 1.55 0
    endloop
  endfacet
  facet normal 0 0 -1
    outer loop
      vertex 86.6 19.6 0
      vertex 80.61 19.6 0
      vertex 86.3218 19.6313 0
    endloop
  endfacet
  facet normal 0 0 -1
    outer loop
      vertex 85.35 20.85 0
      vertex 81.86 20.85 0
      vertex 85.35 32.35 0
    endloop
  endfacet
  facet normal 0 0 -1
    outer loop
      vertex 81.8287 20.5718 0
      vertex 85.35 20.85 0
      vertex 85.4738 20.3076 0
    endloop
  endfacet
  facet normal 0 0 -1
    outer loop
      vertex 81.5873 20.0706 0
      vertex 85.4738 20.3076 0
      vertex 85.8206 19.8727 0
    endloop
  endfacet
  facet normal 0 -0 -1
    outer loop
      vertex 81.1524 19.7238 0
      vertex 86.3218 19.6313 0
      vertex 80.61 19.6 0
    endloop
  endfacet
  facet normal -0 0 -1
    outer loop
      vertex 85.35 20.85 0
      vertex 81.8287 20.5718 0
      vertex 81.86 20.85 0
    endloop
  endfacet
  facet normal -0 0 -1
    outer loop
      vertex 85.4738 20.3076 0
      vertex 81.5873 20.0706 0
      vertex 81.8287 20.5718 0
    endloop
  endfacet
  facet normal -0 0 -1
    outer loop
      vertex 85.8206 19.8727 0
      vertex 81.1524 19.7238 0
      vertex 81.5873 20.0706 0
    endloop
  endfacet
  facet normal 0 0 -1
    outer loop
      vertex 86.3218 19.6313 0
      vertex 81.1524 19.7238 0
      vertex 85.8206 19.8727 0
    endloop
  endfacet
  facet normal 0 0 -1
    outer loop
      vertex 121.2 1.55 0
      vertex 80.6 19.6 0
      vertex 80.61 19.6 0
    endloop
  endfacet
  facet normal 0 0 -1
    outer loop
      vertex 121.2 1.55 0
      vertex 80.3218 19.6313 0
      vertex 80.6 19.6 0
    endloop
  endfacet
  facet normal 0 0 -1
    outer loop
      vertex 52.0873 36.3206 0
      vertex 79.35 32.35 0
      vertex 79.35 20.85 0
    endloop
  endfacet
  facet normal 0 0 -1
    outer loop
      vertex 51.6524 35.9738 0
      vertex 79.35 20.85 0
      vertex 79.4738 20.3076 0
    endloop
  endfacet
  facet normal 0 0 -1
    outer loop
      vertex 13.4601 7.42557 0
      vertex 79.4738 20.3076 0
      vertex 79.8206 19.8727 0
    endloop
  endfacet
  facet normal 0 0 -1
    outer loop
      vertex 79.35 32.35 0
      vertex 52.3287 36.8218 0
      vertex 52.36 37.1 0
    endloop
  endfacet
  facet normal 0 0 -1
    outer loop
      vertex 79.35 32.35 0
      vertex 52.0873 36.3206 0
      vertex 52.3287 36.8218 0
    endloop
  endfacet
  facet normal 0 0 -1
    outer loop
      vertex 79.35 20.85 0
      vertex 51.6524 35.9738 0
      vertex 52.0873 36.3206 0
    endloop
  endfacet
  facet normal 0 0 -1
    outer loop
      vertex 79.4738 20.3076 0
      vertex 51.11 35.85 0
      vertex 51.6524 35.9738 0
    endloop
  endfacet
  facet normal 0 0 -1
    outer loop
      vertex 79.4738 20.3076 0
      vertex 51.1 35.85 0
      vertex 51.11 35.85 0
    endloop
  endfacet
  facet normal -0 0 -1
    outer loop
      vertex 79.4738 20.3076 0
      vertex 13.4601 7.42557 0
      vertex 51.1 35.85 0
    endloop
  endfacet
  facet normal 0 -0 -1
    outer loop
      vertex 45.11 35.85 0
      vertex 51.1 35.85 0
      vertex 13.4601 7.42557 0
    endloop
  endfacet
  facet normal 0 0 -1
    outer loop
      vertex 49.85 37.1 0
      vertex 46.36 37.1 0
      vertex 49.85 48.6 0
    endloop
  endfacet
  facet normal 0 0 -1
    outer loop
      vertex 46.3287 36.8218 0
      vertex 49.85 37.1 0
      vertex 49.9738 36.5576 0
    endloop
  endfacet
  facet normal 0 0 -1
    outer loop
      vertex 46.0873 36.3206 0
      vertex 49.9738 36.5576 0
      vertex 50.3206 36.1227 0
    endloop
  endfacet
  facet normal 0 -0 -1
    outer loop
      vertex 45.6524 35.9738 0
      vertex 50.8218 35.8813 0
      vertex 45.11 35.85 0
    endloop
  endfacet
  facet normal -0 0 -1
    outer loop
      vertex 49.85 37.1 0
      vertex 46.3287 36.8218 0
      vertex 46.36 37.1 0
    endloop
  endfacet
  facet normal -0 0 -1
    outer loop
      vertex 49.9738 36.5576 0
      vertex 46.0873 36.3206 0
      vertex 46.3287 36.8218 0
    endloop
  endfacet
  facet normal -0 0 -1
    outer loop
      vertex 50.3206 36.1227 0
      vertex 45.6524 35.9738 0
      vertex 46.0873 36.3206 0
    endloop
  endfacet
  facet normal 0 0 -1
    outer loop
      vertex 12.3876 5.33589 0
      vertex 79.8206 19.8727 0
      vertex 80.3218 19.6313 0
    endloop
  endfacet
  facet normal 0 0 -1
    outer loop
      vertex 50.8218 35.8813 0
      vertex 45.6524 35.9738 0
      vertex 50.3206 36.1227 0
    endloop
  endfacet
  facet normal 0 0 -1
    outer loop
      vertex 51.1 35.85 0
      vertex 45.11 35.85 0
      vertex 50.8218 35.8813 0
    endloop
  endfacet
  facet normal 0 -0 -1
    outer loop
      vertex 13.5649 8.00863 0
      vertex 45.11 35.85 0
      vertex 13.4601 7.42557 0
    endloop
  endfacet
  facet normal 0 0 -1
    outer loop
      vertex 43.85 37.1 0
      vertex 40.36 37.1 0
      vertex 43.85 48.6 0
    endloop
  endfacet
  facet normal 0 0 -1
    outer loop
      vertex 40.3287 36.8218 0
      vertex 43.85 37.1 0
      vertex 43.9738 36.5576 0
    endloop
  endfacet
  facet normal 0 0 -1
    outer loop
      vertex 40.0873 36.3206 0
      vertex 43.9738 36.5576 0
      vertex 44.3206 36.1227 0
    endloop
  endfacet
  facet normal 0 0 -1
    outer loop
      vertex 39.6524 35.9738 0
      vertex 44.3206 36.1227 0
      vertex 44.8218 35.8813 0
    endloop
  endfacet
  facet normal -0 0 -1
    outer loop
      vertex 45.11 35.85 0
      vertex 13.5649 8.00863 0
      vertex 45.1 35.85 0
    endloop
  endfacet
  facet normal 0 0 -1
    outer loop
      vertex 9 1.55 0
      vertex 80.3218 19.6313 0
      vertex 121.2 1.55 0
    endloop
  endfacet
  facet normal -0 0 -1
    outer loop
      vertex 43.85 37.1 0
      vertex 40.3287 36.8218 0
      vertex 40.36 37.1 0
    endloop
  endfacet
  facet normal -0 0 -1
    outer loop
      vertex 43.9738 36.5576 0
      vertex 40.0873 36.3206 0
      vertex 40.3287 36.8218 0
    endloop
  endfacet
  facet normal -0 0 -1
    outer loop
      vertex 44.3206 36.1227 0
      vertex 39.6524 35.9738 0
      vertex 40.0873 36.3206 0
    endloop
  endfacet
  facet normal 0 0 -1
    outer loop
      vertex 79.8206 19.8727 0
      vertex 13.2871 6.85899 0
      vertex 13.4601 7.42557 0
    endloop
  endfacet
  facet normal 0 -0 -1
    outer loop
      vertex 13.6 8.6 0
      vertex 45.1 35.85 0
      vertex 13.5649 8.00863 0
    endloop
  endfacet
  facet normal 0 -0 -1
    outer loop
      vertex 39.11 35.85 0
      vertex 45.1 35.85 0
      vertex 13.6 8.6 0
    endloop
  endfacet
  facet normal 0 0 -1
    outer loop
      vertex 37.85 37.1 0
      vertex 34.36 37.1 0
      vertex 37.85 48.6 0
    endloop
  endfacet
  facet normal 0 0 -1
    outer loop
      vertex 34.3287 36.8218 0
      vertex 37.85 37.1 0
      vertex 37.9738 36.5576 0
    endloop
  endfacet
  facet normal 0 0 -1
    outer loop
      vertex 34.0873 36.3206 0
      vertex 37.9738 36.5576 0
      vertex 38.3206 36.1227 0
    endloop
  endfacet
  facet normal 0 0 -1
    outer loop
      vertex 33.6524 35.9738 0
      vertex 38.3206 36.1227 0
      vertex 38.8218 35.8813 0
    endloop
  endfacet
  facet normal -0 0 -1
    outer loop
      vertex 44.8218 35.8813 0
      vertex 39.11 35.85 0
      vertex 39.6524 35.9738 0
    endloop
  endfacet
  facet normal -0 0 -1
    outer loop
      vertex 37.85 37.1 0
      vertex 34.3287 36.8218 0
      vertex 34.36 37.1 0
    endloop
  endfacet
  facet normal -0 0 -1
    outer loop
      vertex 37.9738 36.5576 0
      vertex 34.0873 36.3206 0
      vertex 34.3287 36.8218 0
    endloop
  endfacet
  facet normal -0 0 -1
    outer loop
      vertex 38.3206 36.1227 0
      vertex 33.6524 35.9738 0
      vertex 34.0873 36.3206 0
    endloop
  endfacet
  facet normal -0 0 -1
    outer loop
      vertex 39.11 35.85 0
      vertex 13.6 8.6 0
      vertex 39.1 35.85 0
    endloop
  endfacet
  facet normal 0 0 -1
    outer loop
      vertex 13.5649 9.19137 0
      vertex 39.1 35.85 0
      vertex 13.6 8.6 0
    endloop
  endfacet
  facet normal -0 0 -1
    outer loop
      vertex 39.1 35.85 0
      vertex 13.5649 9.19137 0
      vertex 38.8218 35.8813 0
    endloop
  endfacet
  facet normal 0 0 -1
    outer loop
      vertex 31.85 37.1 0
      vertex 28.36 37.1 0
      vertex 31.85 48.6 0
    endloop
  endfacet
  facet normal 0 0 -1
    outer loop
      vertex 28.3287 36.8218 0
      vertex 31.85 37.1 0
      vertex 31.9738 36.5576 0
    endloop
  endfacet
  facet normal 0 0 -1
    outer loop
      vertex 28.0873 36.3206 0
      vertex 31.9738 36.5576 0
      vertex 32.3206 36.1227 0
    endloop
  endfacet
  facet normal 0 0 -1
    outer loop
      vertex 27.6524 35.9738 0
      vertex 32.3206 36.1227 0
      vertex 32.8218 35.8813 0
    endloop
  endfacet
  facet normal -0 0 -1
    outer loop
      vertex 38.8218 35.8813 0
      vertex 33.11 35.85 0
      vertex 33.6524 35.9738 0
    endloop
  endfacet
  facet normal -0 0 -1
    outer loop
      vertex 31.85 37.1 0
      vertex 28.3287 36.8218 0
      vertex 28.36 37.1 0
    endloop
  endfacet
  facet normal -0 0 -1
    outer loop
      vertex 31.9738 36.5576 0
      vertex 28.0873 36.3206 0
      vertex 28.3287 36.8218 0
    endloop
  endfacet
  facet normal 0 0 -1
    outer loop
      vertex 13.4601 9.77443 0
      vertex 33.11 35.85 0
      vertex 13.5649 9.19137 0
    endloop
  endfacet
  facet normal -0 0 -1
    outer loop
      vertex 32.3206 36.1227 0
      vertex 27.6524 35.9738 0
      vertex 28.0873 36.3206 0
    endloop
  endfacet
  facet normal -0 0 -1
    outer loop
      vertex 33.11 35.85 0
      vertex 13.4601 9.77443 0
      vertex 33.1 35.85 0
    endloop
  endfacet
  facet normal -0 0 -1
    outer loop
      vertex 32.8218 35.8813 0
      vertex 27.11 35.85 0
      vertex 27.6524 35.9738 0
    endloop
  endfacet
  facet normal 0 0 -1
    outer loop
      vertex 25.85 37.1 0
      vertex 22.36 37.1 0
      vertex 25.85 48.6 0
    endloop
  endfacet
  facet normal 0 0 -1
    outer loop
      vertex 22.3287 36.8218 0
      vertex 25.85 37.1 0
      vertex 25.9738 36.5576 0
    endloop
  endfacet
  facet normal 0 0 -1
    outer loop
      vertex 22.0873 36.3206 0
      vertex 25.9738 36.5576 0
      vertex 26.3206 36.1227 0
    endloop
  endfacet
  facet normal 0 0 -1
    outer loop
      vertex 21.6524 35.9738 0
      vertex 26.3206 36.1227 0
      vertex 26.8218 35.8813 0
    endloop
  endfacet
  facet normal 0 0 -1
    outer loop
      vertex 13.2871 10.341 0
      vertex 33.1 35.85 0
      vertex 13.4601 9.77443 0
    endloop
  endfacet
  facet normal -0 0 -1
    outer loop
      vertex 25.85 37.1 0
      vertex 22.3287 36.8218 0
      vertex 22.36 37.1 0
    endloop
  endfacet
  facet normal -0 0 -1
    outer loop
      vertex 25.9738 36.5576 0
      vertex 22.0873 36.3206 0
      vertex 22.3287 36.8218 0
    endloop
  endfacet
  facet normal 0 0 -1
    outer loop
      vertex 32.8218 35.8813 0
      vertex 13.2871 10.341 0
      vertex 27.11 35.85 0
    endloop
  endfacet
  facet normal -0 0 -1
    outer loop
      vertex 26.3206 36.1227 0
      vertex 21.6524 35.9738 0
      vertex 22.0873 36.3206 0
    endloop
  endfacet
  facet normal -0 0 -1
    outer loop
      vertex 26.8218 35.8813 0
      vertex 21.11 35.85 0
      vertex 21.6524 35.9738 0
    endloop
  endfacet
  facet normal 0 0 -1
    outer loop
      vertex 13.0483 10.8831 0
      vertex 27.11 35.85 0
      vertex 13.2871 10.341 0
    endloop
  endfacet
  facet normal 0 0 -1
    outer loop
      vertex 26.8218 35.8813 0
      vertex 12.3876 11.8641 0
      vertex 21.11 35.85 0
    endloop
  endfacet
  facet normal 0 0 -1
    outer loop
      vertex 12.3876 11.8641 0
      vertex 26.8218 35.8813 0
      vertex 12.747 11.3932 0
    endloop
  endfacet
  facet normal -0 0 -1
    outer loop
      vertex 27.1 35.85 0
      vertex 12.747 11.3932 0
      vertex 26.8218 35.8813 0
    endloop
  endfacet
  facet normal 0 0 -1
    outer loop
      vertex 12.747 11.3932 0
      vertex 27.1 35.85 0
      vertex 13.0483 10.8831 0
    endloop
  endfacet
  facet normal -0 0 -1
    outer loop
      vertex 27.11 35.85 0
      vertex 13.0483 10.8831 0
      vertex 27.1 35.85 0
    endloop
  endfacet
  facet normal -0 0 -1
    outer loop
      vertex 33.1 35.85 0
      vertex 13.2871 10.341 0
      vertex 32.8218 35.8813 0
    endloop
  endfacet
  facet normal 0 0 -1
    outer loop
      vertex 38.8218 35.8813 0
      vertex 13.5649 9.19137 0
      vertex 33.11 35.85 0
    endloop
  endfacet
  facet normal 0 0 -1
    outer loop
      vertex 45.1 35.85 0
      vertex 39.11 35.85 0
      vertex 44.8218 35.8813 0
    endloop
  endfacet
  facet normal 0 0 -1
    outer loop
      vertex 79.8206 19.8727 0
      vertex 13.0483 6.31685 0
      vertex 13.2871 6.85899 0
    endloop
  endfacet
  facet normal 0 0 -1
    outer loop
      vertex 79.8206 19.8727 0
      vertex 12.747 5.80677 0
      vertex 13.0483 6.31685 0
    endloop
  endfacet
  facet normal 0 0 -1
    outer loop
      vertex 79.8206 19.8727 0
      vertex 12.3876 5.33589 0
      vertex 12.747 5.80677 0
    endloop
  endfacet
  facet normal 0 0 -1
    outer loop
      vertex 80.3218 19.6313 0
      vertex 9 1.55 0
      vertex 12.3876 5.33589 0
    endloop
  endfacet
  facet normal 0 0 -1
    outer loop
      vertex 12.3876 5.33589 0
      vertex 9 1.55 0
      vertex 11.9749 4.91083 0
    endloop
  endfacet
  facet normal 0 0 -1
    outer loop
      vertex 11.9749 4.91083 0
      vertex 9 1.55 0
      vertex 11.5149 4.53757 0
    endloop
  endfacet
  facet normal 0 0 -1
    outer loop
      vertex 11.5149 4.53757 0
      vertex 9 1.55 0
      vertex 11.014 4.22132 0
    endloop
  endfacet
  facet normal 0 0 -1
    outer loop
      vertex 11.014 4.22132 0
      vertex 9 1.55 0
      vertex 10.4791 3.96655 0
    endloop
  endfacet
  facet normal 0 0 -1
    outer loop
      vertex 10.4791 3.96655 0
      vertex 9 1.55 0
      vertex 9.91794 3.77682 0
    endloop
  endfacet
  facet normal 0 0 -1
    outer loop
      vertex 9.91794 3.77682 0
      vertex 9 1.55 0
      vertex 9.33823 3.6548 0
    endloop
  endfacet
  facet normal 0 0 -1
    outer loop
      vertex 9 1.55 0
      vertex 8.74817 3.6022 0
      vertex 9.33823 3.6548 0
    endloop
  endfacet
  facet normal 0 0 -1
    outer loop
      vertex 8.35069 1.57835 0
      vertex 8.74817 3.6022 0
      vertex 9 1.55 0
    endloop
  endfacet
  facet normal 0 0 -1
    outer loop
      vertex 8.35069 1.57835 0
      vertex 8.15602 3.61975 0
      vertex 8.74817 3.6022 0
    endloop
  endfacet
  facet normal 0 0 -1
    outer loop
      vertex 7.70632 1.66318 0
      vertex 8.15602 3.61975 0
      vertex 8.35069 1.57835 0
    endloop
  endfacet
  facet normal 0 0 -1
    outer loop
      vertex 7.70632 1.66318 0
      vertex 7.57011 3.70722 0
      vertex 8.15602 3.61975 0
    endloop
  endfacet
  facet normal 0 0 -1
    outer loop
      vertex 7.0718 1.80385 0
      vertex 7.57011 3.70722 0
      vertex 7.70632 1.66318 0
    endloop
  endfacet
  facet normal 0 0 -1
    outer loop
      vertex 6.45195 1.99929 0
      vertex 7.57011 3.70722 0
      vertex 7.0718 1.80385 0
    endloop
  endfacet
  facet normal -0 0 -1
    outer loop
      vertex 7.57011 3.70722 0
      vertex 6.45195 1.99929 0
      vertex 6.99865 3.86337 0
    endloop
  endfacet
  facet normal 0 0 -1
    outer loop
      vertex 5.85149 2.24801 0
      vertex 6.99865 3.86337 0
      vertex 6.45195 1.99929 0
    endloop
  endfacet
  facet normal -0 0 -1
    outer loop
      vertex 6.99865 3.86337 0
      vertex 5.85149 2.24801 0
      vertex 6.44967 4.08601 0
    endloop
  endfacet
  facet normal 0 0 -1
    outer loop
      vertex 5.275 2.54811 0
      vertex 6.44967 4.08601 0
      vertex 5.85149 2.24801 0
    endloop
  endfacet
  facet normal -0 0 -1
    outer loop
      vertex 6.44967 4.08601 0
      vertex 5.275 2.54811 0
      vertex 5.93088 4.37202 0
    endloop
  endfacet
  facet normal 0 0 -1
    outer loop
      vertex 4.72686 2.89732 0
      vertex 5.93088 4.37202 0
      vertex 5.275 2.54811 0
    endloop
  endfacet
  facet normal -0 0 -1
    outer loop
      vertex 5.93088 4.37202 0
      vertex 4.72686 2.89732 0
      vertex 5.44956 4.71738 0
    endloop
  endfacet
  facet normal 0 0 -1
    outer loop
      vertex 4.21123 3.29297 0
      vertex 5.44956 4.71738 0
      vertex 4.72686 2.89732 0
    endloop
  endfacet
  facet normal 0 0 -1
    outer loop
      vertex 3.73205 3.73205 0
      vertex 5.44956 4.71738 0
      vertex 4.21123 3.29297 0
    endloop
  endfacet
  facet normal -0 0 -1
    outer loop
      vertex 5.44956 4.71738 0
      vertex 3.73205 3.73205 0
      vertex 5.01246 5.11724 0
    endloop
  endfacet
  facet normal 0 0 -1
    outer loop
      vertex 3.29297 4.21123 0
      vertex 5.01246 5.11724 0
      vertex 3.73205 3.73205 0
    endloop
  endfacet
  facet normal -0 0 -1
    outer loop
      vertex 5.01246 5.11724 0
      vertex 3.29297 4.21123 0
      vertex 4.62573 5.566 0
    endloop
  endfacet
  facet normal 0 0 -1
    outer loop
      vertex 2.89732 4.72686 0
      vertex 4.62573 5.566 0
      vertex 3.29297 4.21123 0
    endloop
  endfacet
  facet normal -0 0 -1
    outer loop
      vertex 4.62573 5.566 0
      vertex 2.89732 4.72686 0
      vertex 4.29478 6.05734 0
    endloop
  endfacet
  facet normal 0 0 -1
    outer loop
      vertex 2.54811 5.275 0
      vertex 4.29478 6.05734 0
      vertex 2.89732 4.72686 0
    endloop
  endfacet
  facet normal -0 0 -1
    outer loop
      vertex 4.29478 6.05734 0
      vertex 2.54811 5.275 0
      vertex 4.02427 6.58438 0
    endloop
  endfacet
  facet normal 0 0 -1
    outer loop
      vertex 1.57835 8.35069 0
      vertex 3.60878 8.8962 0
      vertex 3.60878 8.3038 0
    endloop
  endfacet
  facet normal 0 0 -1
    outer loop
      vertex 3.818 75.1397 0
      vertex 1.55 76.2 0
      vertex 3.67885 75.7155 0
    endloop
  endfacet
  facet normal -0 0 -1
    outer loop
      vertex 4.02427 6.58438 0
      vertex 2.24801 5.85149 0
      vertex 3.818 7.13972 0
    endloop
  endfacet
  facet normal 0 0 -1
    outer loop
      vertex 2.24801 5.85149 0
      vertex 4.02427 6.58438 0
      vertex 2.54811 5.275 0
    endloop
  endfacet
  facet normal -0 0 -1
    outer loop
      vertex 128.201 78.748 0
      vertex 126.287 78.341 0
      vertex 127.952 79.3485 0
    endloop
  endfacet
  facet normal 0 0 -1
    outer loop
      vertex 126.048 78.8831 0
      vertex 127.952 79.3485 0
      vertex 126.287 78.341 0
    endloop
  endfacet
  facet normal -0 0 -1
    outer loop
      vertex 127.952 79.3485 0
      vertex 126.048 78.8831 0
      vertex 127.652 79.925 0
    endloop
  endfacet
  facet normal 0 0 -1
    outer loop
      vertex 125.747 79.3932 0
      vertex 127.652 79.925 0
      vertex 126.048 78.8831 0
    endloop
  endfacet
  facet normal -0 0 -1
    outer loop
      vertex 127.652 79.925 0
      vertex 125.747 79.3932 0
      vertex 127.303 80.4731 0
    endloop
  endfacet
  facet normal -0 0 -1
    outer loop
      vertex 127.303 80.4731 0
      vertex 125.747 79.3932 0
      vertex 126.907 80.9888 0
    endloop
  endfacet
  facet normal 0 0 -1
    outer loop
      vertex 125.388 79.8641 0
      vertex 126.907 80.9888 0
      vertex 125.747 79.3932 0
    endloop
  endfacet
  facet normal -0 0 -1
    outer loop
      vertex 126.907 80.9888 0
      vertex 125.388 79.8641 0
      vertex 126.468 81.4679 0
    endloop
  endfacet
  facet normal 0 0 -1
    outer loop
      vertex 124.975 80.2892 0
      vertex 126.468 81.4679 0
      vertex 125.388 79.8641 0
    endloop
  endfacet
  facet normal -0 0 -1
    outer loop
      vertex 126.468 81.4679 0
      vertex 124.975 80.2892 0
      vertex 125.989 81.907 0
    endloop
  endfacet
  facet normal 0 0 -1
    outer loop
      vertex 124.515 80.6624 0
      vertex 125.989 81.907 0
      vertex 124.975 80.2892 0
    endloop
  endfacet
  facet normal -0 0 -1
    outer loop
      vertex 125.989 81.907 0
      vertex 124.515 80.6624 0
      vertex 125.473 82.3027 0
    endloop
  endfacet
  facet normal 0 0 -1
    outer loop
      vertex 124.014 80.9787 0
      vertex 125.473 82.3027 0
      vertex 124.515 80.6624 0
    endloop
  endfacet
  facet normal -0 0 -1
    outer loop
      vertex 125.473 82.3027 0
      vertex 124.014 80.9787 0
      vertex 124.925 82.6519 0
    endloop
  endfacet
  facet normal -0 0 -1
    outer loop
      vertex 124.925 82.6519 0
      vertex 124.014 80.9787 0
      vertex 124.349 82.952 0
    endloop
  endfacet
  facet normal 0 0 -1
    outer loop
      vertex 123.479 81.2334 0
      vertex 124.349 82.952 0
      vertex 124.014 80.9787 0
    endloop
  endfacet
  facet normal -0 0 -1
    outer loop
      vertex 124.349 82.952 0
      vertex 123.479 81.2334 0
      vertex 123.748 83.2007 0
    endloop
  endfacet
  facet normal 0 0 -1
    outer loop
      vertex 122.918 81.4232 0
      vertex 123.748 83.2007 0
      vertex 123.479 81.2334 0
    endloop
  endfacet
  facet normal -0 0 -1
    outer loop
      vertex 123.748 83.2007 0
      vertex 122.918 81.4232 0
      vertex 123.128 83.3961 0
    endloop
  endfacet
  facet normal 0 0 -1
    outer loop
      vertex 122.338 81.5452 0
      vertex 123.128 83.3961 0
      vertex 122.918 81.4232 0
    endloop
  endfacet
  facet normal -0 0 -1
    outer loop
      vertex 123.128 83.3961 0
      vertex 122.338 81.5452 0
      vertex 122.494 83.5368 0
    endloop
  endfacet
  facet normal 0 0 -1
    outer loop
      vertex 121.748 81.5978 0
      vertex 122.494 83.5368 0
      vertex 122.338 81.5452 0
    endloop
  endfacet
  facet normal -0 0 -1
    outer loop
      vertex 122.494 83.5368 0
      vertex 121.748 81.5978 0
      vertex 121.849 83.6217 0
    endloop
  endfacet
  facet normal 0 0 -1
    outer loop
      vertex 121.748 81.5978 0
      vertex 121.2 83.65 0
      vertex 121.849 83.6217 0
    endloop
  endfacet
  facet normal 0 0 -1
    outer loop
      vertex 121.156 81.5802 0
      vertex 121.2 83.65 0
      vertex 121.748 81.5978 0
    endloop
  endfacet
  facet normal 0 0 -1
    outer loop
      vertex 120.57 81.4928 0
      vertex 121.2 83.65 0
      vertex 121.156 81.5802 0
    endloop
  endfacet
  facet normal 0 0 -1
    outer loop
      vertex 119.999 81.3366 0
      vertex 121.2 83.65 0
      vertex 120.57 81.4928 0
    endloop
  endfacet
  facet normal 0 0 -1
    outer loop
      vertex 119.45 81.114 0
      vertex 121.2 83.65 0
      vertex 119.999 81.3366 0
    endloop
  endfacet
  facet normal 0 0 -1
    outer loop
      vertex 118.931 80.828 0
      vertex 121.2 83.65 0
      vertex 119.45 81.114 0
    endloop
  endfacet
  facet normal 0 0 -1
    outer loop
      vertex 118.45 80.4826 0
      vertex 121.2 83.65 0
      vertex 118.931 80.828 0
    endloop
  endfacet
  facet normal 0 0 -1
    outer loop
      vertex 118.012 80.0828 0
      vertex 121.2 83.65 0
      vertex 118.45 80.4826 0
    endloop
  endfacet
  facet normal 0 0 -1
    outer loop
      vertex 104.6 33.6 0
      vertex 118.45 72.7174 0
      vertex 104.61 33.6 0
    endloop
  endfacet
  facet normal -0 0 -1
    outer loop
      vertex 118.45 72.7174 0
      vertex 104.6 33.6 0
      vertex 118.012 73.1172 0
    endloop
  endfacet
  facet normal 0 0 -1
    outer loop
      vertex 98.8881 33.5687 0
      vertex 118.012 73.1172 0
      vertex 104.6 33.6 0
    endloop
  endfacet
  facet normal 0 0 -1
    outer loop
      vertex 98.61 33.6 0
      vertex 118.012 73.1172 0
      vertex 98.8881 33.5687 0
    endloop
  endfacet
  facet normal -0 0 -1
    outer loop
      vertex 118.012 73.1172 0
      vertex 98.61 33.6 0
      vertex 117.626 73.566 0
    endloop
  endfacet
  facet normal 0 0 -1
    outer loop
      vertex 98.6 33.6 0
      vertex 117.626 73.566 0
      vertex 98.61 33.6 0
    endloop
  endfacet
  facet normal -0 0 -1
    outer loop
      vertex 117.626 73.566 0
      vertex 98.6 33.6 0
      vertex 117.295 74.0573 0
    endloop
  endfacet
  facet normal 0 0 -1
    outer loop
      vertex 104.888 33.5687 0
      vertex 110.6 33.6 0
      vertex 110.058 33.4762 0
    endloop
  endfacet
  facet normal 0 0 -1
    outer loop
      vertex 105.389 33.3273 0
      vertex 110.058 33.4762 0
      vertex 109.623 33.1294 0
    endloop
  endfacet
  facet normal 0 0 -1
    outer loop
      vertex 105.736 32.8924 0
      vertex 109.623 33.1294 0
      vertex 109.381 32.6282 0
    endloop
  endfacet
  facet normal 0 0 -1
    outer loop
      vertex 105.86 32.35 0
      vertex 109.35 32.35 0
      vertex 105.86 20.85 0
    endloop
  endfacet
  facet normal 0 0 -1
    outer loop
      vertex 109.35 32.35 0
      vertex 105.86 32.35 0
      vertex 109.381 32.6282 0
    endloop
  endfacet
  facet normal 0 0 -1
    outer loop
      vertex 105.736 32.8924 0
      vertex 109.381 32.6282 0
      vertex 105.86 32.35 0
    endloop
  endfacet
  facet normal -0 0 -1
    outer loop
      vertex 109.623 33.1294 0
      vertex 105.736 32.8924 0
      vertex 105.389 33.3273 0
    endloop
  endfacet
  facet normal -0 0 -1
    outer loop
      vertex 110.058 33.4762 0
      vertex 105.389 33.3273 0
      vertex 104.888 33.5687 0
    endloop
  endfacet
  facet normal 0 0 -1
    outer loop
      vertex 92.8881 33.5687 0
      vertex 117.295 74.0573 0
      vertex 98.6 33.6 0
    endloop
  endfacet
  facet normal 0 0 -1
    outer loop
      vertex 92.61 33.6 0
      vertex 117.295 74.0573 0
      vertex 92.8881 33.5687 0
    endloop
  endfacet
  facet normal 0 0 -1
    outer loop
      vertex 92.6 33.6 0
      vertex 117.295 74.0573 0
      vertex 92.61 33.6 0
    endloop
  endfacet
  facet normal -0 0 -1
    outer loop
      vertex 117.295 74.0573 0
      vertex 92.6 33.6 0
      vertex 117.024 74.5844 0
    endloop
  endfacet
  facet normal 0 0 -1
    outer loop
      vertex 98.8881 33.5687 0
      vertex 104.6 33.6 0
      vertex 104.058 33.4762 0
    endloop
  endfacet
  facet normal 0 0 -1
    outer loop
      vertex 99.3894 33.3273 0
      vertex 104.058 33.4762 0
      vertex 103.623 33.1294 0
    endloop
  endfacet
  facet normal 0 0 -1
    outer loop
      vertex 99.7362 32.8924 0
      vertex 103.623 33.1294 0
      vertex 103.381 32.6282 0
    endloop
  endfacet
  facet normal 0 0 -1
    outer loop
      vertex 99.86 32.35 0
      vertex 103.35 32.35 0
      vertex 99.86 20.85 0
    endloop
  endfacet
  facet normal 0 0 -1
    outer loop
      vertex 103.35 32.35 0
      vertex 99.86 32.35 0
      vertex 103.381 32.6282 0
    endloop
  endfacet
  facet normal 0 0 -1
    outer loop
      vertex 99.7362 32.8924 0
      vertex 103.381 32.6282 0
      vertex 99.86 32.35 0
    endloop
  endfacet
  facet normal -0 0 -1
    outer loop
      vertex 103.623 33.1294 0
      vertex 99.7362 32.8924 0
      vertex 99.3894 33.3273 0
    endloop
  endfacet
  facet normal -0 0 -1
    outer loop
      vertex 104.058 33.4762 0
      vertex 99.3894 33.3273 0
      vertex 98.8881 33.5687 0
    endloop
  endfacet
  facet normal 0 0 -1
    outer loop
      vertex 86.61 33.6 0
      vertex 117.024 74.5844 0
      vertex 92.6 33.6 0
    endloop
  endfacet
  facet normal -0 0 -1
    outer loop
      vertex 117.024 74.5844 0
      vertex 86.61 33.6 0
      vertex 116.818 75.1397 0
    endloop
  endfacet
  facet normal 0 0 -1
    outer loop
      vertex 86.6 33.6 0
      vertex 116.818 75.1397 0
      vertex 86.61 33.6 0
    endloop
  endfacet
  facet normal -0 0 -1
    outer loop
      vertex 116.818 75.1397 0
      vertex 86.6 33.6 0
      vertex 116.679 75.7155 0
    endloop
  endfacet
  facet normal 0 0 -1
    outer loop
      vertex 92.8881 33.5687 0
      vertex 98.6 33.6 0
      vertex 98.0576 33.4762 0
    endloop
  endfacet
  facet normal 0 0 -1
    outer loop
      vertex 93.3894 33.3273 0
      vertex 98.0576 33.4762 0
      vertex 97.6227 33.1294 0
    endloop
  endfacet
  facet normal 0 0 -1
    outer loop
      vertex 93.7362 32.8924 0
      vertex 97.6227 33.1294 0
      vertex 97.3813 32.6282 0
    endloop
  endfacet
  facet normal 0 0 -1
    outer loop
      vertex 93.86 32.35 0
      vertex 97.35 32.35 0
      vertex 93.86 20.85 0
    endloop
  endfacet
  facet normal 0 0 -1
    outer loop
      vertex 97.35 32.35 0
      vertex 93.86 32.35 0
      vertex 97.3813 32.6282 0
    endloop
  endfacet
  facet normal 0 0 -1
    outer loop
      vertex 93.7362 32.8924 0
      vertex 97.3813 32.6282 0
      vertex 93.86 32.35 0
    endloop
  endfacet
  facet normal -0 0 -1
    outer loop
      vertex 97.6227 33.1294 0
      vertex 93.7362 32.8924 0
      vertex 93.3894 33.3273 0
    endloop
  endfacet
  facet normal -0 0 -1
    outer loop
      vertex 98.0576 33.4762 0
      vertex 93.3894 33.3273 0
      vertex 92.8881 33.5687 0
    endloop
  endfacet
  facet normal 0 0 -1
    outer loop
      vertex 80.61 33.6 0
      vertex 116.679 75.7155 0
      vertex 86.6 33.6 0
    endloop
  endfacet
  facet normal 0 0 -1
    outer loop
      vertex 52.2362 49.1424 0
      vertex 116.679 75.7155 0
      vertex 80.61 33.6 0
    endloop
  endfacet
  facet normal -0 0 -1
    outer loop
      vertex 116.679 75.7155 0
      vertex 52.2362 49.1424 0
      vertex 116.609 76.3038 0
    endloop
  endfacet
  facet normal 0 0 -1
    outer loop
      vertex 51.8894 49.5773 0
      vertex 116.609 76.3038 0
      vertex 52.2362 49.1424 0
    endloop
  endfacet
  facet normal 0 0 -1
    outer loop
      vertex 86.8881 33.5687 0
      vertex 92.6 33.6 0
      vertex 92.0576 33.4762 0
    endloop
  endfacet
  facet normal 0 0 -1
    outer loop
      vertex 87.3894 33.3273 0
      vertex 92.0576 33.4762 0
      vertex 91.6227 33.1294 0
    endloop
  endfacet
  facet normal 0 0 -1
    outer loop
      vertex 87.86 32.35 0
      vertex 91.35 32.35 0
      vertex 87.86 20.85 0
    endloop
  endfacet
  facet normal 0 0 -1
    outer loop
      vertex 91.35 32.35 0
      vertex 87.86 32.35 0
      vertex 91.3813 32.6282 0
    endloop
  endfacet
  facet normal 0 0 -1
    outer loop
      vertex 87.7362 32.8924 0
      vertex 91.3813 32.6282 0
      vertex 87.86 32.35 0
    endloop
  endfacet
  facet normal 0 0 -1
    outer loop
      vertex 91.3813 32.6282 0
      vertex 87.7362 32.8924 0
      vertex 91.6227 33.1294 0
    endloop
  endfacet
  facet normal 0 0 -1
    outer loop
      vertex 87.3894 33.3273 0
      vertex 91.6227 33.1294 0
      vertex 87.7362 32.8924 0
    endloop
  endfacet
  facet normal -0 0 -1
    outer loop
      vertex 92.0576 33.4762 0
      vertex 87.3894 33.3273 0
      vertex 86.8881 33.5687 0
    endloop
  endfacet
  facet normal 0 0 -1
    outer loop
      vertex 86.61 33.6 0
      vertex 92.6 33.6 0
      vertex 86.8881 33.5687 0
    endloop
  endfacet
  facet normal -0 0 -1
    outer loop
      vertex 116.609 76.3038 0
      vertex 51.8894 49.5773 0
      vertex 116.609 76.8962 0
    endloop
  endfacet
  facet normal -0 0 -1
    outer loop
      vertex 116.609 76.8962 0
      vertex 51.8894 49.5773 0
      vertex 116.679 77.4845 0
    endloop
  endfacet
  facet normal -0 0 -1
    outer loop
      vertex 116.679 77.4845 0
      vertex 51.8894 49.5773 0
      vertex 116.818 78.0603 0
    endloop
  endfacet
  facet normal 0 0 -1
    outer loop
      vertex 80.8881 33.5687 0
      vertex 86.6 33.6 0
      vertex 86.0576 33.4762 0
    endloop
  endfacet
  facet normal 0 0 -1
    outer loop
      vertex 81.3894 33.3273 0
      vertex 86.0576 33.4762 0
      vertex 85.6227 33.1294 0
    endloop
  endfacet
  facet normal 0 0 -1
    outer loop
      vertex 81.86 32.35 0
      vertex 85.35 32.35 0
      vertex 81.86 20.85 0
    endloop
  endfacet
  facet normal 0 0 -1
    outer loop
      vertex 85.35 32.35 0
      vertex 81.86 32.35 0
      vertex 85.3813 32.6282 0
    endloop
  endfacet
  facet normal 0 0 -1
    outer loop
      vertex 81.7362 32.8924 0
      vertex 85.3813 32.6282 0
      vertex 81.86 32.35 0
    endloop
  endfacet
  facet normal 0 0 -1
    outer loop
      vertex 85.3813 32.6282 0
      vertex 81.7362 32.8924 0
      vertex 85.6227 33.1294 0
    endloop
  endfacet
  facet normal 0 0 -1
    outer loop
      vertex 81.3894 33.3273 0
      vertex 85.6227 33.1294 0
      vertex 81.7362 32.8924 0
    endloop
  endfacet
  facet normal -0 0 -1
    outer loop
      vertex 86.0576 33.4762 0
      vertex 81.3894 33.3273 0
      vertex 80.8881 33.5687 0
    endloop
  endfacet
  facet normal -0 0 -1
    outer loop
      vertex 86.6 33.6 0
      vertex 80.8881 33.5687 0
      vertex 80.61 33.6 0
    endloop
  endfacet
  facet normal 0 0 -1
    outer loop
      vertex 51.3881 49.8187 0
      vertex 116.818 78.0603 0
      vertex 51.8894 49.5773 0
    endloop
  endfacet
  facet normal 0 0 -1
    outer loop
      vertex 52.2362 49.1424 0
      vertex 80.61 33.6 0
      vertex 80.6 33.6 0
    endloop
  endfacet
  facet normal 0 0 -1
    outer loop
      vertex 52.2362 49.1424 0
      vertex 80.6 33.6 0
      vertex 80.0576 33.4762 0
    endloop
  endfacet
  facet normal 0 0 -1
    outer loop
      vertex 52.36 48.6 0
      vertex 80.0576 33.4762 0
      vertex 79.6227 33.1294 0
    endloop
  endfacet
  facet normal 0 0 -1
    outer loop
      vertex 52.36 37.1 0
      vertex 79.3813 32.6282 0
      vertex 79.35 32.35 0
    endloop
  endfacet
  facet normal 0 0 -1
    outer loop
      vertex 52.36 37.1 0
      vertex 79.6227 33.1294 0
      vertex 79.3813 32.6282 0
    endloop
  endfacet
  facet normal 0 0 -1
    outer loop
      vertex 52.36 48.6 0
      vertex 79.6227 33.1294 0
      vertex 52.36 37.1 0
    endloop
  endfacet
  facet normal 0 0 -1
    outer loop
      vertex 80.0576 33.4762 0
      vertex 52.36 48.6 0
      vertex 52.2362 49.1424 0
    endloop
  endfacet
  facet normal -0 0 -1
    outer loop
      vertex 116.818 78.0603 0
      vertex 51.3881 49.8187 0
      vertex 117.024 78.6156 0
    endloop
  endfacet
  facet normal -0 0 -1
    outer loop
      vertex 117.024 78.6156 0
      vertex 51.3881 49.8187 0
      vertex 117.295 79.1427 0
    endloop
  endfacet
  facet normal 0 0 -1
    outer loop
      vertex 13.0483 78.8831 0
      vertex 117.295 79.1427 0
      vertex 51.3881 49.8187 0
    endloop
  endfacet
  facet normal 0 0 -1
    outer loop
      vertex 12.747 79.3932 0
      vertex 117.295 79.1427 0
      vertex 13.0483 78.8831 0
    endloop
  endfacet
  facet normal 0 0 -1
    outer loop
      vertex 117.295 79.1427 0
      vertex 12.747 79.3932 0
      vertex 117.626 79.634 0
    endloop
  endfacet
  facet normal 0 0 -1
    outer loop
      vertex 13.2871 78.341 0
      vertex 51.3881 49.8187 0
      vertex 51.11 49.85 0
    endloop
  endfacet
  facet normal 0 0 -1
    outer loop
      vertex 13.2871 78.341 0
      vertex 51.11 49.85 0
      vertex 51.1 49.85 0
    endloop
  endfacet
  facet normal 0 0 -1
    outer loop
      vertex 45.3881 49.8187 0
      vertex 51.1 49.85 0
      vertex 50.5576 49.7262 0
    endloop
  endfacet
  facet normal 0 0 -1
    outer loop
      vertex 46.36 48.6 0
      vertex 49.85 48.6 0
      vertex 46.36 37.1 0
    endloop
  endfacet
  facet normal 0 0 -1
    outer loop
      vertex 49.85 48.6 0
      vertex 46.36 48.6 0
      vertex 49.8813 48.8782 0
    endloop
  endfacet
  facet normal 0 0 -1
    outer loop
      vertex 46.2362 49.1424 0
      vertex 49.8813 48.8782 0
      vertex 46.36 48.6 0
    endloop
  endfacet
  facet normal 0 0 -1
    outer loop
      vertex 49.8813 48.8782 0
      vertex 46.2362 49.1424 0
      vertex 50.1227 49.3794 0
    endloop
  endfacet
  facet normal 0 0 -1
    outer loop
      vertex 45.8894 49.5773 0
      vertex 50.1227 49.3794 0
      vertex 46.2362 49.1424 0
    endloop
  endfacet
  facet normal 0 0 -1
    outer loop
      vertex 50.1227 49.3794 0
      vertex 45.8894 49.5773 0
      vertex 50.5576 49.7262 0
    endloop
  endfacet
  facet normal 0 0 -1
    outer loop
      vertex 45.3881 49.8187 0
      vertex 50.5576 49.7262 0
      vertex 45.8894 49.5773 0
    endloop
  endfacet
  facet normal -0 0 -1
    outer loop
      vertex 51.1 49.85 0
      vertex 45.3881 49.8187 0
      vertex 45.11 49.85 0
    endloop
  endfacet
  facet normal 0 0 -1
    outer loop
      vertex 51.1 49.85 0
      vertex 45.11 49.85 0
      vertex 13.4601 77.7744 0
    endloop
  endfacet
  facet normal 0 0 -1
    outer loop
      vertex 13.5649 77.1914 0
      vertex 45.11 49.85 0
      vertex 45.1 49.85 0
    endloop
  endfacet
  facet normal 0 0 -1
    outer loop
      vertex 39.3881 49.8187 0
      vertex 45.1 49.85 0
      vertex 44.5576 49.7262 0
    endloop
  endfacet
  facet normal 0 0 -1
    outer loop
      vertex 40.36 48.6 0
      vertex 43.85 48.6 0
      vertex 40.36 37.1 0
    endloop
  endfacet
  facet normal 0 0 -1
    outer loop
      vertex 43.85 48.6 0
      vertex 40.36 48.6 0
      vertex 43.8813 48.8782 0
    endloop
  endfacet
  facet normal 0 0 -1
    outer loop
      vertex 40.2362 49.1424 0
      vertex 43.8813 48.8782 0
      vertex 40.36 48.6 0
    endloop
  endfacet
  facet normal 0 0 -1
    outer loop
      vertex 43.8813 48.8782 0
      vertex 40.2362 49.1424 0
      vertex 44.1227 49.3794 0
    endloop
  endfacet
  facet normal 0 0 -1
    outer loop
      vertex 39.8894 49.5773 0
      vertex 44.1227 49.3794 0
      vertex 40.2362 49.1424 0
    endloop
  endfacet
  facet normal 0 0 -1
    outer loop
      vertex 44.1227 49.3794 0
      vertex 39.8894 49.5773 0
      vertex 44.5576 49.7262 0
    endloop
  endfacet
  facet normal 0 0 -1
    outer loop
      vertex 39.3881 49.8187 0
      vertex 44.5576 49.7262 0
      vertex 39.8894 49.5773 0
    endloop
  endfacet
  facet normal 0 0 -1
    outer loop
      vertex 39.11 49.85 0
      vertex 45.1 49.85 0
      vertex 39.3881 49.8187 0
    endloop
  endfacet
  facet normal 0 0 -1
    outer loop
      vertex 13.6 76.6 0
      vertex 45.1 49.85 0
      vertex 39.11 49.85 0
    endloop
  endfacet
  facet normal 0 0 -1
    outer loop
      vertex 13.6 76.6 0
      vertex 39.11 49.85 0
      vertex 39.1 49.85 0
    endloop
  endfacet
  facet normal 0 0 -1
    outer loop
      vertex 33.3881 49.8187 0
      vertex 39.1 49.85 0
      vertex 38.5576 49.7262 0
    endloop
  endfacet
  facet normal 0 0 -1
    outer loop
      vertex 34.36 48.6 0
      vertex 37.85 48.6 0
      vertex 34.36 37.1 0
    endloop
  endfacet
  facet normal 0 0 -1
    outer loop
      vertex 37.85 48.6 0
      vertex 34.36 48.6 0
      vertex 37.8813 48.8782 0
    endloop
  endfacet
  facet normal 0 0 -1
    outer loop
      vertex 34.2362 49.1424 0
      vertex 37.8813 48.8782 0
      vertex 34.36 48.6 0
    endloop
  endfacet
  facet normal 0 0 -1
    outer loop
      vertex 37.8813 48.8782 0
      vertex 34.2362 49.1424 0
      vertex 38.1227 49.3794 0
    endloop
  endfacet
  facet normal 0 0 -1
    outer loop
      vertex 33.8894 49.5773 0
      vertex 38.1227 49.3794 0
      vertex 34.2362 49.1424 0
    endloop
  endfacet
  facet normal 0 0 -1
    outer loop
      vertex 38.1227 49.3794 0
      vertex 33.8894 49.5773 0
      vertex 38.5576 49.7262 0
    endloop
  endfacet
  facet normal 0 0 -1
    outer loop
      vertex 33.3881 49.8187 0
      vertex 38.5576 49.7262 0
      vertex 33.8894 49.5773 0
    endloop
  endfacet
  facet normal -0 0 -1
    outer loop
      vertex 39.1 49.85 0
      vertex 33.3881 49.8187 0
      vertex 13.6 76.6 0
    endloop
  endfacet
  facet normal 0 0 -1
    outer loop
      vertex 13.6 76.6 0
      vertex 33.3881 49.8187 0
      vertex 33.11 49.85 0
    endloop
  endfacet
  facet normal 0 0 -1
    outer loop
      vertex 13.6 76.6 0
      vertex 33.11 49.85 0
      vertex 33.1 49.85 0
    endloop
  endfacet
  facet normal 0 0 -1
    outer loop
      vertex 27.3881 49.8187 0
      vertex 33.1 49.85 0
      vertex 32.5576 49.7262 0
    endloop
  endfacet
  facet normal 0 0 -1
    outer loop
      vertex 28.36 48.6 0
      vertex 31.85 48.6 0
      vertex 28.36 37.1 0
    endloop
  endfacet
  facet normal 0 0 -1
    outer loop
      vertex 31.85 48.6 0
      vertex 28.36 48.6 0
      vertex 31.8813 48.8782 0
    endloop
  endfacet
  facet normal 0 0 -1
    outer loop
      vertex 28.2362 49.1424 0
      vertex 31.8813 48.8782 0
      vertex 28.36 48.6 0
    endloop
  endfacet
  facet normal 0 0 -1
    outer loop
      vertex 31.8813 48.8782 0
      vertex 28.2362 49.1424 0
      vertex 32.1227 49.3794 0
    endloop
  endfacet
  facet normal 0 0 -1
    outer loop
      vertex 27.8894 49.5773 0
      vertex 32.1227 49.3794 0
      vertex 28.2362 49.1424 0
    endloop
  endfacet
  facet normal 0 0 -1
    outer loop
      vertex 32.1227 49.3794 0
      vertex 27.8894 49.5773 0
      vertex 32.5576 49.7262 0
    endloop
  endfacet
  facet normal 0 0 -1
    outer loop
      vertex 27.3881 49.8187 0
      vertex 32.5576 49.7262 0
      vertex 27.8894 49.5773 0
    endloop
  endfacet
  facet normal -0 0 -1
    outer loop
      vertex 33.1 49.85 0
      vertex 27.3881 49.8187 0
      vertex 13.6 76.6 0
    endloop
  endfacet
  facet normal 0 0 -1
    outer loop
      vertex 13.6 76.6 0
      vertex 27.3881 49.8187 0
      vertex 27.11 49.85 0
    endloop
  endfacet
  facet normal 0 0 -1
    outer loop
      vertex 13.6 76.6 0
      vertex 27.11 49.85 0
      vertex 27.1 49.85 0
    endloop
  endfacet
  facet normal 0 0 -1
    outer loop
      vertex 21.3881 49.8187 0
      vertex 27.1 49.85 0
      vertex 26.5576 49.7262 0
    endloop
  endfacet
  facet normal 0 0 -1
    outer loop
      vertex 22.36 48.6 0
      vertex 25.85 48.6 0
      vertex 22.36 37.1 0
    endloop
  endfacet
  facet normal 0 0 -1
    outer loop
      vertex 25.85 48.6 0
      vertex 22.36 48.6 0
      vertex 25.8813 48.8782 0
    endloop
  endfacet
  facet normal 0 0 -1
    outer loop
      vertex 22.2362 49.1424 0
      vertex 25.8813 48.8782 0
      vertex 22.36 48.6 0
    endloop
  endfacet
  facet normal 0 0 -1
    outer loop
      vertex 25.8813 48.8782 0
      vertex 22.2362 49.1424 0
      vertex 26.1227 49.3794 0
    endloop
  endfacet
  facet normal 0 0 -1
    outer loop
      vertex 21.8894 49.5773 0
      vertex 26.1227 49.3794 0
      vertex 22.2362 49.1424 0
    endloop
  endfacet
  facet normal 0 0 -1
    outer loop
      vertex 26.1227 49.3794 0
      vertex 21.8894 49.5773 0
      vertex 26.5576 49.7262 0
    endloop
  endfacet
  facet normal 0 0 -1
    outer loop
      vertex 21.3881 49.8187 0
      vertex 26.5576 49.7262 0
      vertex 21.8894 49.5773 0
    endloop
  endfacet
  facet normal -0 0 -1
    outer loop
      vertex 27.1 49.85 0
      vertex 21.3881 49.8187 0
      vertex 13.6 76.6 0
    endloop
  endfacet
  facet normal 0 0 -1
    outer loop
      vertex 13.6 76.6 0
      vertex 21.3881 49.8187 0
      vertex 21.11 49.85 0
    endloop
  endfacet
  facet normal 0 0 -1
    outer loop
      vertex 13.6 76.6 0
      vertex 21.11 49.85 0
      vertex 21.1 49.85 0
    endloop
  endfacet
  facet normal 0 0 -1
    outer loop
      vertex 13.6 76.6 0
      vertex 21.1 49.85 0
      vertex 20.5576 49.7262 0
    endloop
  endfacet
  facet normal 0 0 -1
    outer loop
      vertex 11.9749 12.2892 0
      vertex 21.11 35.85 0
      vertex 12.3876 11.8641 0
    endloop
  endfacet
  facet normal 0 0 -1
    outer loop
      vertex 19.85 48.6 0
      vertex 13.6 76.6 0
      vertex 19.8813 48.8782 0
    endloop
  endfacet
  facet normal 0 0 -1
    outer loop
      vertex 13.6 76.6 0
      vertex 20.1227 49.3794 0
      vertex 19.8813 48.8782 0
    endloop
  endfacet
  facet normal 0 0 -1
    outer loop
      vertex 13.6 76.6 0
      vertex 20.5576 49.7262 0
      vertex 20.1227 49.3794 0
    endloop
  endfacet
  facet normal 0 0 -1
    outer loop
      vertex 45.1 49.85 0
      vertex 13.6 76.6 0
      vertex 13.5649 77.1914 0
    endloop
  endfacet
  facet normal 0 0 -1
    outer loop
      vertex 45.11 49.85 0
      vertex 13.5649 77.1914 0
      vertex 13.4601 77.7744 0
    endloop
  endfacet
  facet normal 0 0 -1
    outer loop
      vertex 51.1 49.85 0
      vertex 13.4601 77.7744 0
      vertex 13.2871 78.341 0
    endloop
  endfacet
  facet normal 0 0 -1
    outer loop
      vertex 51.3881 49.8187 0
      vertex 13.2871 78.341 0
      vertex 13.0483 78.8831 0
    endloop
  endfacet
  facet normal 0 0 -1
    outer loop
      vertex 12.3876 79.8641 0
      vertex 117.626 79.634 0
      vertex 12.747 79.3932 0
    endloop
  endfacet
  facet normal 0 0 -1
    outer loop
      vertex 117.626 79.634 0
      vertex 12.3876 79.8641 0
      vertex 118.012 80.0828 0
    endloop
  endfacet
  facet normal -0 0 -1
    outer loop
      vertex 118.012 80.0828 0
      vertex 12.3876 79.8641 0
      vertex 121.2 83.65 0
    endloop
  endfacet
  facet normal 0 0 -1
    outer loop
      vertex 9 83.65 0
      vertex 12.3876 79.8641 0
      vertex 11.9749 80.2892 0
    endloop
  endfacet
  facet normal 0 0 -1
    outer loop
      vertex 9 83.65 0
      vertex 11.9749 80.2892 0
      vertex 11.5149 80.6624 0
    endloop
  endfacet
  facet normal 0 0 -1
    outer loop
      vertex 9 83.65 0
      vertex 11.5149 80.6624 0
      vertex 11.014 80.9787 0
    endloop
  endfacet
  facet normal 0 0 -1
    outer loop
      vertex 9 83.65 0
      vertex 11.014 80.9787 0
      vertex 10.4791 81.2334 0
    endloop
  endfacet
  facet normal 0 0 -1
    outer loop
      vertex 9 83.65 0
      vertex 10.4791 81.2334 0
      vertex 9.91794 81.4232 0
    endloop
  endfacet
  facet normal 0 0 -1
    outer loop
      vertex 9 83.65 0
      vertex 9.91794 81.4232 0
      vertex 9.33823 81.5452 0
    endloop
  endfacet
  facet normal 0 0 -1
    outer loop
      vertex 12.3876 79.8641 0
      vertex 9 83.65 0
      vertex 121.2 83.65 0
    endloop
  endfacet
  facet normal 0 0 -1
    outer loop
      vertex 8.74817 81.5978 0
      vertex 9 83.65 0
      vertex 9.33823 81.5452 0
    endloop
  endfacet
  facet normal 0 0 -1
    outer loop
      vertex 8.74817 81.5978 0
      vertex 8.35069 83.6217 0
      vertex 9 83.65 0
    endloop
  endfacet
  facet normal 0 0 -1
    outer loop
      vertex 8.15602 81.5802 0
      vertex 8.35069 83.6217 0
      vertex 8.74817 81.5978 0
    endloop
  endfacet
  facet normal 0 0 -1
    outer loop
      vertex 8.15602 81.5802 0
      vertex 7.70632 83.5368 0
      vertex 8.35069 83.6217 0
    endloop
  endfacet
  facet normal 0 0 -1
    outer loop
      vertex 7.57011 81.4928 0
      vertex 7.70632 83.5368 0
      vertex 8.15602 81.5802 0
    endloop
  endfacet
  facet normal 0 0 -1
    outer loop
      vertex 7.57011 81.4928 0
      vertex 7.0718 83.3961 0
      vertex 7.70632 83.5368 0
    endloop
  endfacet
  facet normal 0 0 -1
    outer loop
      vertex 6.45195 83.2007 0
      vertex 7.57011 81.4928 0
      vertex 6.99865 81.3366 0
    endloop
  endfacet
  facet normal 0 0 -1
    outer loop
      vertex 7.57011 81.4928 0
      vertex 6.45195 83.2007 0
      vertex 7.0718 83.3961 0
    endloop
  endfacet
  facet normal 0 0 -1
    outer loop
      vertex 5.85149 82.952 0
      vertex 6.99865 81.3366 0
      vertex 6.44967 81.114 0
    endloop
  endfacet
  facet normal 0 0 -1
    outer loop
      vertex 5.275 82.6519 0
      vertex 6.44967 81.114 0
      vertex 5.93088 80.828 0
    endloop
  endfacet
  facet normal 0 0 -1
    outer loop
      vertex 6.99865 81.3366 0
      vertex 5.85149 82.952 0
      vertex 6.45195 83.2007 0
    endloop
  endfacet
  facet normal 0 0 -1
    outer loop
      vertex 4.72686 82.3027 0
      vertex 5.93088 80.828 0
      vertex 5.44956 80.4826 0
    endloop
  endfacet
  facet normal 0 0 -1
    outer loop
      vertex 6.44967 81.114 0
      vertex 5.275 82.6519 0
      vertex 5.85149 82.952 0
    endloop
  endfacet
  facet normal 0 0 -1
    outer loop
      vertex 3.73205 81.4679 0
      vertex 5.44956 80.4826 0
      vertex 5.01246 80.0828 0
    endloop
  endfacet
  facet normal 0 0 -1
    outer loop
      vertex 5.93088 80.828 0
      vertex 4.72686 82.3027 0
      vertex 5.275 82.6519 0
    endloop
  endfacet
  facet normal 0 0 -1
    outer loop
      vertex 3.29297 80.9888 0
      vertex 5.01246 80.0828 0
      vertex 4.62573 79.634 0
    endloop
  endfacet
  facet normal 0 0 -1
    outer loop
      vertex 2.89732 80.4731 0
      vertex 4.62573 79.634 0
      vertex 4.29478 79.1427 0
    endloop
  endfacet
  facet normal 0 0 -1
    outer loop
      vertex 5.44956 80.4826 0
      vertex 4.21123 81.907 0
      vertex 4.72686 82.3027 0
    endloop
  endfacet
  facet normal 0 0 -1
    outer loop
      vertex 2.54811 79.925 0
      vertex 4.29478 79.1427 0
      vertex 4.02427 78.6156 0
    endloop
  endfacet
  facet normal 0 0 -1
    outer loop
      vertex 2.24801 79.3485 0
      vertex 4.02427 78.6156 0
      vertex 3.818 78.0603 0
    endloop
  endfacet
  facet normal 0 0 -1
    outer loop
      vertex 5.44956 80.4826 0
      vertex 3.73205 81.4679 0
      vertex 4.21123 81.907 0
    endloop
  endfacet
  facet normal 0 0 -1
    outer loop
      vertex 1.80385 78.1282 0
      vertex 3.818 78.0603 0
      vertex 3.67885 77.4845 0
    endloop
  endfacet
  facet normal 0 0 -1
    outer loop
      vertex 1.66318 77.4937 0
      vertex 3.67885 77.4845 0
      vertex 3.60878 76.8962 0
    endloop
  endfacet
  facet normal 0 0 -1
    outer loop
      vertex 5.01246 80.0828 0
      vertex 3.29297 80.9888 0
      vertex 3.73205 81.4679 0
    endloop
  endfacet
  facet normal 0 0 -1
    outer loop
      vertex 3.67885 75.7155 0
      vertex 1.55 76.2 0
      vertex 3.60878 76.3038 0
    endloop
  endfacet
  facet normal 0 0 -1
    outer loop
      vertex 1.99929 6.45195 0
      vertex 3.818 7.13972 0
      vertex 2.24801 5.85149 0
    endloop
  endfacet
  facet normal 0 -0 -1
    outer loop
      vertex 1.57835 76.8493 0
      vertex 3.60878 76.3038 0
      vertex 1.55 76.2 0
    endloop
  endfacet
  facet normal 0 0 -1
    outer loop
      vertex 1.80385 7.0718 0
      vertex 3.818 7.13972 0
      vertex 1.99929 6.45195 0
    endloop
  endfacet
  facet normal 0 0 -1
    outer loop
      vertex 3.60878 76.3038 0
      vertex 1.57835 76.8493 0
      vertex 3.60878 76.8962 0
    endloop
  endfacet
  facet normal -0 0 -1
    outer loop
      vertex 3.818 7.13972 0
      vertex 1.80385 7.0718 0
      vertex 3.67885 7.71555 0
    endloop
  endfacet
  facet normal 0 0 -1
    outer loop
      vertex 4.62573 79.634 0
      vertex 2.89732 80.4731 0
      vertex 3.29297 80.9888 0
    endloop
  endfacet
  facet normal 0 0 -1
    outer loop
      vertex 1.66318 7.70632 0
      vertex 3.67885 7.71555 0
      vertex 1.80385 7.0718 0
    endloop
  endfacet
  facet normal 0 0 -1
    outer loop
      vertex 4.29478 79.1427 0
      vertex 2.54811 79.925 0
      vertex 2.89732 80.4731 0
    endloop
  endfacet
  facet normal -0 0 -1
    outer loop
      vertex 3.67885 7.71555 0
      vertex 1.66318 7.70632 0
      vertex 3.60878 8.3038 0
    endloop
  endfacet
  facet normal 0 0 -1
    outer loop
      vertex 4.02427 78.6156 0
      vertex 2.24801 79.3485 0
      vertex 2.54811 79.925 0
    endloop
  endfacet
  facet normal 0 0 -1
    outer loop
      vertex 1.57835 8.35069 0
      vertex 3.60878 8.3038 0
      vertex 1.66318 7.70632 0
    endloop
  endfacet
  facet normal 0 0 -1
    outer loop
      vertex 3.818 78.0603 0
      vertex 1.99929 78.748 0
      vertex 2.24801 79.3485 0
    endloop
  endfacet
  facet normal -0 0 -1
    outer loop
      vertex 3.60878 8.8962 0
      vertex 1.57835 8.35069 0
      vertex 1.55 9 0
    endloop
  endfacet
  facet normal 0 0 -1
    outer loop
      vertex 3.818 78.0603 0
      vertex 1.80385 78.1282 0
      vertex 1.99929 78.748 0
    endloop
  endfacet
  facet normal 0 0 -1
    outer loop
      vertex 3.67885 77.4845 0
      vertex 1.66318 77.4937 0
      vertex 1.80385 78.1282 0
    endloop
  endfacet
  facet normal -0 0 -1
    outer loop
      vertex 3.60878 76.8962 0
      vertex 1.57835 76.8493 0
      vertex 1.66318 77.4937 0
    endloop
  endfacet
  facet normal -0.991446 0.130516 0
    outer loop
      vertex 1.57835 76.8493 0
      vertex 1.66318 77.4937 2.1
      vertex 1.66318 77.4937 0
    endloop
  endfacet
  facet normal -0.991446 0.130516 0
    outer loop
      vertex 1.66318 77.4937 2.1
      vertex 1.57835 76.8493 0
      vertex 1.57835 76.8493 2.1
    endloop
  endfacet
  facet normal 0.747127 0.309799 0.58807
    outer loop
      vertex 127.952 79.3485 2.1
      vertex 127.701 79.2317 2.48042
      vertex 128.201 78.748 2.1
    endloop
  endfacet
  facet normal -0.999048 0.0436208 0
    outer loop
      vertex 1.55 76.2 0
      vertex 1.57835 76.8493 2.1
      vertex 1.57835 76.8493 0
    endloop
  endfacet
  facet normal -0.999048 0.0436208 0
    outer loop
      vertex 1.57835 76.8493 2.1
      vertex 1.55 76.2 0
      vertex 1.55 76.2 2.1
    endloop
  endfacet
  facet normal -0.802359 0.105624 0.587422
    outer loop
      vertex 1.66318 77.4937 2.1
      vertex 1.57835 76.8493 2.1
      vertex 1.85369 76.8252 2.48042
    endloop
  endfacet
  facet normal -0.155253 0.0204394 0.987663
    outer loop
      vertex 1.93538 77.4457 2.48042
      vertex 1.85369 76.8252 2.48042
      vertex 2.05711 77.4242 2.5
    endloop
  endfacet
  facet normal -0.132073 0.0841427 0.987662
    outer loop
      vertex 3.22498 80.2437 2.5
      vertex 2.78747 79.7868 2.48042
      vertex 2.89452 79.725 2.5
    endloop
  endfacet
  facet normal 0.144675 0.0600518 0.987655
    outer loop
      vertex 127.701 79.2317 2.48042
      vertex 127.589 79.1795 2.5
      vertex 127.941 78.6535 2.48042
    endloop
  endfacet
  facet normal -0.0599276 -0.144681 0.987662
    outer loop
      vertex 6.58876 2.37517 2.5
      vertex 6.02054 2.61053 2.5
      vertex 6.54648 2.25902 2.48042
    endloop
  endfacet
  facet normal -0.0723097 -0.138904 0.987662
    outer loop
      vertex 5.475 2.89452 2.5
      vertex 5.4132 2.78747 2.48042
      vertex 5.9683 2.4985 2.48042
    endloop
  endfacet
  facet normal 0.597447 0.54643 0.586916
    outer loop
      vertex 126.468 81.4679 2.1
      vertex 126.273 81.2725 2.48042
      vertex 126.695 80.8111 2.48042
    endloop
  endfacet
  facet normal -0.0352363 0.808455 0.587502
    outer loop
      vertex 9 83.65 2.1
      vertex 8.35069 83.6217 2.1
      vertex 8.37478 83.3463 2.48042
    endloop
  endfacet
  facet normal 0.682233 0.434408 0.588088
    outer loop
      vertex 127.303 80.4731 2.1
      vertex 127.076 80.3146 2.48042
      vertex 127.652 79.925 2.1
    endloop
  endfacet
  facet normal -0.809018 0 0.587783
    outer loop
      vertex 1.55 9 2.1
      vertex 1.82639 76.2 2.48042
      vertex 1.55 76.2 2.1
    endloop
  endfacet
  facet normal -0.809018 0 0.587783
    outer loop
      vertex 1.82639 76.2 2.48042
      vertex 1.55 9 2.1
      vertex 1.82639 9 2.48042
    endloop
  endfacet
  facet normal 0.546694 -0.596398 0.587737
    outer loop
      vertex 126.468 3.73205 2.1
      vertex 125.811 3.5047 2.48042
      vertex 125.989 3.29297 2.1
    endloop
  endfacet
  facet normal -0.309686 -0.747679 0.587428
    outer loop
      vertex 6.54648 2.25902 2.48042
      vertex 5.9683 2.4985 2.48042
      vertex 6.45195 1.99929 2.1
    endloop
  endfacet
  facet normal -0.124245 0.0953253 0.987662
    outer loop
      vertex 3.59939 80.7317 2.5
      vertex 3.12373 80.3146 2.48042
      vertex 3.22498 80.2437 2.5
    endloop
  endfacet
  facet normal -0.373688 -0.717841 0.587419
    outer loop
      vertex 5.4132 2.78747 2.48042
      vertex 5.275 2.54811 2.1
      vertex 5.9683 2.4985 2.48042
    endloop
  endfacet
  facet normal -0.0953014 0.124202 0.98767
    outer loop
      vertex 4.88539 82.0763 2.48042
      vertex 4.46835 81.6006 2.5
      vertex 4.95629 81.975 2.5
    endloop
  endfacet
  facet normal 0.608528 0.793532 -0
    outer loop
      vertex 125.989 81.907 0
      vertex 125.473 82.3027 2.1
      vertex 125.989 81.907 2.1
    endloop
  endfacet
  facet normal 0.608528 0.793532 0
    outer loop
      vertex 125.473 82.3027 2.1
      vertex 125.989 81.907 0
      vertex 125.473 82.3027 0
    endloop
  endfacet
  facet normal 0.114989 -0.105492 0.987749
    outer loop
      vertex 126.601 4.46835 2.5
      vertex 126.185 4.0149 2.5
      vertex 126.273 3.92749 2.48042
    endloop
  endfacet
  facet normal 0.149807 -0.0471872 0.987589
    outer loop
      vertex 128.01 7.17533 2.5
      vertex 127.941 6.54648 2.48042
      vertex 128.129 7.14333 2.48042
    endloop
  endfacet
  facet normal 0.887078 0.461619 0
    outer loop
      vertex 127.952 79.3485 2.1
      vertex 127.652 79.925 0
      vertex 127.652 79.925 2.1
    endloop
  endfacet
  facet normal 0.887078 0.461619 0
    outer loop
      vertex 127.652 79.925 0
      vertex 127.952 79.3485 2.1
      vertex 127.952 79.3485 0
    endloop
  endfacet
  facet normal 0.00683571 -0.156434 0.987665
    outer loop
      vertex 121.814 1.97683 2.5
      vertex 121.2 1.95 2.5
      vertex 121.825 1.85369 2.48042
    endloop
  endfacet
  facet normal 0.771873 0.24315 0.587444
    outer loop
      vertex 128.396 78.1282 2.1
      vertex 127.941 78.6535 2.48042
      vertex 128.129 78.0567 2.48042
    endloop
  endfacet
  facet normal 0.641678 0.492737 0.587758
    outer loop
      vertex 126.907 80.9888 2.1
      vertex 126.695 80.8111 2.48042
      vertex 127.303 80.4731 2.1
    endloop
  endfacet
  facet normal 0.596506 0.546579 0.587735
    outer loop
      vertex 126.907 80.9888 2.1
      vertex 126.468 81.4679 2.1
      vertex 126.695 80.8111 2.48042
    endloop
  endfacet
  facet normal 0.035318 -0.808515 0.587414
    outer loop
      vertex 121.825 1.85369 2.48042
      vertex 121.2 1.55 2.1
      vertex 121.849 1.57835 2.1
    endloop
  endfacet
  facet normal 0.546587 0.597264 0.586956
    outer loop
      vertex 126.468 81.4679 2.1
      vertex 125.811 81.6953 2.48042
      vertex 126.273 81.2725 2.48042
    endloop
  endfacet
  facet normal 0.546723 0.596402 0.587706
    outer loop
      vertex 125.989 81.907 2.1
      vertex 125.811 81.6953 2.48042
      vertex 126.468 81.4679 2.1
    endloop
  endfacet
  facet normal 0.00683025 0.156484 0.987657
    outer loop
      vertex 121.825 83.3463 2.48042
      vertex 121.2 83.25 2.5
      vertex 121.814 83.2232 2.5
    endloop
  endfacet
  facet normal 0.0470527 -0.149083 0.987705
    outer loop
      vertex 123.611 2.37517 2.5
      vertex 123.025 2.19022 2.5
      vertex 123.654 2.25902 2.48042
    endloop
  endfacet
  facet normal -0.642065 0.492664 0.587396
    outer loop
      vertex 3.5047 80.8111 2.48042
      vertex 2.89732 80.4731 2.1
      vertex 3.12373 80.3146 2.48042
    endloop
  endfacet
  facet normal -0.00682581 0.156497 0.987655
    outer loop
      vertex 9 83.25 2.5
      vertex 8.37478 83.3463 2.48042
      vertex 8.38555 83.2232 2.5
    endloop
  endfacet
  facet normal -0.492704 0.642034 0.587397
    outer loop
      vertex 4.72686 82.3027 2.1
      vertex 4.21123 81.907 2.1
      vertex 4.3889 81.6953 2.48042
    endloop
  endfacet
  facet normal 0.0470464 0.149023 0.987714
    outer loop
      vertex 123.654 82.941 2.48042
      vertex 123.025 83.0098 2.5
      vertex 123.611 82.8248 2.5
    endloop
  endfacet
  facet normal -0.00683175 0.15646 0.987661
    outer loop
      vertex 9 83.3736 2.48042
      vertex 8.37478 83.3463 2.48042
      vertex 9 83.25 2.5
    endloop
  endfacet
  facet normal -0.793358 -0.608755 0
    outer loop
      vertex 3.29297 4.21123 0
      vertex 2.89732 4.72686 2.1
      vertex 2.89732 4.72686 0
    endloop
  endfacet
  facet normal -0.793358 -0.608755 0
    outer loop
      vertex 2.89732 4.72686 2.1
      vertex 3.29297 4.21123 0
      vertex 3.29297 4.21123 2.1
    endloop
  endfacet
  facet normal 0.300587 0.953755 -0
    outer loop
      vertex 123.748 83.2007 0
      vertex 123.128 83.3961 2.1
      vertex 123.748 83.2007 2.1
    endloop
  endfacet
  facet normal 0.300587 0.953755 0
    outer loop
      vertex 123.128 83.3961 2.1
      vertex 123.748 83.2007 0
      vertex 123.128 83.3961 0
    endloop
  endfacet
  facet normal 0.807872 -0.0348376 0.588328
    outer loop
      vertex 128.65 9 2.1
      vertex 128.346 8.37478 2.48042
      vertex 128.622 8.35069 2.1
    endloop
  endfacet
  facet normal -0.144675 0.0599167 0.987664
    outer loop
      vertex 2.61053 79.1795 2.5
      vertex 2.25902 78.6535 2.48042
      vertex 2.37517 78.6112 2.5
    endloop
  endfacet
  facet normal -0.737283 -0.675584 0
    outer loop
      vertex 3.73205 3.73205 0
      vertex 3.29297 4.21123 2.1
      vertex 3.29297 4.21123 0
    endloop
  endfacet
  facet normal -0.737283 -0.675584 0
    outer loop
      vertex 3.29297 4.21123 2.1
      vertex 3.73205 3.73205 0
      vertex 3.73205 3.73205 2.1
    endloop
  endfacet
  facet normal 0.0840484 0.131997 0.98768
    outer loop
      vertex 125.315 82.0763 2.48042
      vertex 124.787 82.4125 2.48042
      vertex 125.244 81.975 2.5
    endloop
  endfacet
  facet normal -0.24332 0.771863 0.587387
    outer loop
      vertex 7.0718 83.3961 2.1
      vertex 6.45195 83.2007 2.1
      vertex 6.54648 82.941 2.48042
    endloop
  endfacet
  facet normal 0.717498 0.373373 0.588039
    outer loop
      vertex 127.952 79.3485 2.1
      vertex 127.652 79.925 2.1
      vertex 127.701 79.2317 2.48042
    endloop
  endfacet
  facet normal 0.382365 0.924011 -0
    outer loop
      vertex 124.349 82.952 0
      vertex 123.748 83.2007 2.1
      vertex 124.349 82.952 2.1
    endloop
  endfacet
  facet normal 0.382365 0.924011 0
    outer loop
      vertex 123.748 83.2007 2.1
      vertex 124.349 82.952 0
      vertex 123.748 83.2007 0
    endloop
  endfacet
  facet normal 0.105607 0.802313 0.587487
    outer loop
      vertex 121.849 83.6217 2.1
      vertex 121.825 83.3463 2.48042
      vertex 122.494 83.5368 2.1
    endloop
  endfacet
  facet normal 0.537404 -0.843325 0
    outer loop
      vertex 124.925 2.54811 0
      vertex 125.473 2.89732 2.1
      vertex 124.925 2.54811 2.1
    endloop
  endfacet
  facet normal 0.537404 -0.843325 0
    outer loop
      vertex 125.473 2.89732 2.1
      vertex 124.925 2.54811 0
      vertex 125.473 2.89732 0
    endloop
  endfacet
  facet normal 0.0598023 -0.144337 0.98772
    outer loop
      vertex 124.179 2.61053 2.5
      vertex 123.654 2.25902 2.48042
      vertex 124.232 2.4985 2.48042
    endloop
  endfacet
  facet normal 0.373784 -0.717895 0.587292
    outer loop
      vertex 124.787 2.78747 2.48042
      vertex 124.232 2.4985 2.48042
      vertex 124.925 2.54811 2.1
    endloop
  endfacet
  facet normal -0.0204488 0.155296 0.987656
    outer loop
      vertex 8.37478 83.3463 2.48042
      vertex 7.75432 83.2646 2.48042
      vertex 7.77578 83.1429 2.5
    endloop
  endfacet
  facet normal 0.105517 0.11504 0.987741
    outer loop
      vertex 126.273 81.2725 2.48042
      vertex 125.732 81.6006 2.5
      vertex 126.185 81.1851 2.5
    endloop
  endfacet
  facet normal 0.0204128 -0.155176 0.987676
    outer loop
      vertex 122.424 2.05711 2.5
      vertex 121.825 1.85369 2.48042
      vertex 122.446 1.93538 2.48042
    endloop
  endfacet
  facet normal 0.105548 -0.802364 0.587429
    outer loop
      vertex 122.446 1.93538 2.48042
      vertex 121.825 1.85369 2.48042
      vertex 122.494 1.66318 2.1
    endloop
  endfacet
  facet normal -0.953716 -0.300709 0
    outer loop
      vertex 1.99929 6.45195 0
      vertex 1.80385 7.0718 2.1
      vertex 1.80385 7.0718 0
    endloop
  endfacet
  facet normal -0.953716 -0.300709 0
    outer loop
      vertex 1.80385 7.0718 2.1
      vertex 1.99929 6.45195 0
      vertex 1.99929 6.45195 2.1
    endloop
  endfacet
  facet normal 0.243352 -0.771991 0.587205
    outer loop
      vertex 123.654 2.25902 2.48042
      vertex 123.128 1.80385 2.1
      vertex 123.748 1.99929 2.1
    endloop
  endfacet
  facet normal -0.152893 0.0338911 0.987661
    outer loop
      vertex 2.07083 78.0567 2.48042
      vertex 2.05711 77.4242 2.5
      vertex 2.19022 78.0247 2.5
    endloop
  endfacet
  facet normal -0.152888 -0.0338937 0.987662
    outer loop
      vertex 2.05711 7.77578 2.5
      vertex 1.93538 7.75432 2.48042
      vertex 2.07083 7.14333 2.48042
    endloop
  endfacet
  facet normal -0.77182 -0.243356 0.587428
    outer loop
      vertex 2.25902 6.54648 2.48042
      vertex 1.80385 7.0718 2.1
      vertex 1.99929 6.45195 2.1
    endloop
  endfacet
  facet normal 0.0598176 -0.144359 0.987716
    outer loop
      vertex 124.179 2.61053 2.5
      vertex 123.611 2.37517 2.5
      vertex 123.654 2.25902 2.48042
    endloop
  endfacet
  facet normal -0.105789 -0.115449 0.987664
    outer loop
      vertex 4.0149 4.0149 2.5
      vertex 3.92749 3.92749 2.48042
      vertex 4.46835 3.59939 2.5
    endloop
  endfacet
  facet normal -0.887012 -0.461747 0
    outer loop
      vertex 2.54811 5.275 0
      vertex 2.24801 5.85149 2.1
      vertex 2.24801 5.85149 0
    endloop
  endfacet
  facet normal -0.887012 -0.461747 0
    outer loop
      vertex 2.24801 5.85149 2.1
      vertex 2.54811 5.275 0
      vertex 2.54811 5.275 2.1
    endloop
  endfacet
  facet normal -0.434832 -0.682537 0.587422
    outer loop
      vertex 4.88539 3.12373 2.48042
      vertex 4.72686 2.89732 2.1
      vertex 5.275 2.54811 2.1
    endloop
  endfacet
  facet normal -0.808514 0.0353046 0.587417
    outer loop
      vertex 1.85369 76.8252 2.48042
      vertex 1.55 76.2 2.1
      vertex 1.82639 76.2 2.48042
    endloop
  endfacet
  facet normal -0.156447 0.00683143 0.987663
    outer loop
      vertex 1.85369 76.8252 2.48042
      vertex 1.82639 76.2 2.48042
      vertex 1.95 76.2 2.5
    endloop
  endfacet
  facet normal 0.0840359 -0.131982 0.987684
    outer loop
      vertex 125.244 3.22498 2.5
      vertex 124.725 2.89452 2.5
      vertex 124.787 2.78747 2.48042
    endloop
  endfacet
  facet normal -0.138904 0.0723097 0.987662
    outer loop
      vertex 2.78747 79.7868 2.48042
      vertex 2.4985 79.2317 2.48042
      vertex 2.89452 79.725 2.5
    endloop
  endfacet
  facet normal -0.771823 0.243377 0.587416
    outer loop
      vertex 1.99929 78.748 2.1
      vertex 1.80385 78.1282 2.1
      vertex 2.25902 78.6535 2.48042
    endloop
  endfacet
  facet normal -0.747693 0.309681 0.587412
    outer loop
      vertex 2.4985 79.2317 2.48042
      vertex 1.99929 78.748 2.1
      vertex 2.25902 78.6535 2.48042
    endloop
  endfacet
  facet normal -0.156445 0.00683174 0.987663
    outer loop
      vertex 1.97683 76.8144 2.5
      vertex 1.85369 76.8252 2.48042
      vertex 1.95 76.2 2.5
    endloop
  endfacet
  facet normal 0.116021 -0.106111 0.987562
    outer loop
      vertex 126.601 4.46835 2.5
      vertex 126.273 3.92749 2.48042
      vertex 126.695 4.3889 2.48042
    endloop
  endfacet
  facet normal 0.843516 0.537105 0
    outer loop
      vertex 127.652 79.925 2.1
      vertex 127.303 80.4731 0
      vertex 127.303 80.4731 2.1
    endloop
  endfacet
  facet normal 0.843516 0.537105 0
    outer loop
      vertex 127.303 80.4731 0
      vertex 127.652 79.925 2.1
      vertex 127.652 79.925 0
    endloop
  endfacet
  facet normal 0.382392 -0.924 0
    outer loop
      vertex 123.748 1.99929 0
      vertex 124.349 2.24801 2.1
      vertex 123.748 1.99929 2.1
    endloop
  endfacet
  facet normal 0.382392 -0.924 0
    outer loop
      vertex 124.349 2.24801 2.1
      vertex 123.748 1.99929 0
      vertex 124.349 2.24801 0
    endloop
  endfacet
  facet normal 0.54656 -0.597249 0.586997
    outer loop
      vertex 126.273 3.92749 2.48042
      vertex 125.811 3.5047 2.48042
      vertex 126.468 3.73205 2.1
    endloop
  endfacet
  facet normal -0.382685 -0.923879 0
    outer loop
      vertex 5.85149 2.24801 0
      vertex 6.45195 1.99929 2.1
      vertex 5.85149 2.24801 2.1
    endloop
  endfacet
  facet normal -0.382685 -0.923879 -0
    outer loop
      vertex 6.45195 1.99929 2.1
      vertex 5.85149 2.24801 0
      vertex 6.45195 1.99929 0
    endloop
  endfacet
  facet normal -0.0470923 -0.149355 0.987662
    outer loop
      vertex 7.17533 2.19022 2.5
      vertex 6.54648 2.25902 2.48042
      vertex 7.14333 2.07083 2.48042
    endloop
  endfacet
  facet normal 0.771739 0.242803 0.587763
    outer loop
      vertex 128.201 78.748 2.1
      vertex 127.941 78.6535 2.48042
      vertex 128.396 78.1282 2.1
    endloop
  endfacet
  facet normal -0.0841434 -0.132076 0.987662
    outer loop
      vertex 4.95629 3.22498 2.5
      vertex 4.88539 3.12373 2.48042
      vertex 5.4132 2.78747 2.48042
    endloop
  endfacet
  facet normal -0.596665 -0.546733 0.58743
    outer loop
      vertex 3.5047 4.3889 2.48042
      vertex 3.29297 4.21123 2.1
      vertex 3.73205 3.73205 2.1
    endloop
  endfacet
  facet normal 0.124488 0.095407 0.987624
    outer loop
      vertex 127.076 80.3146 2.48042
      vertex 126.601 80.7317 2.5
      vertex 126.975 80.2437 2.5
    endloop
  endfacet
  facet normal 0.138092 -0.0716455 0.987825
    outer loop
      vertex 127.701 5.9683 2.48042
      vertex 127.305 5.475 2.5
      vertex 127.413 5.4132 2.48042
    endloop
  endfacet
  facet normal -0.608803 0.793321 0
    outer loop
      vertex 4.72686 82.3027 0
      vertex 4.21123 81.907 2.1
      vertex 4.72686 82.3027 2.1
    endloop
  endfacet
  facet normal -0.608803 0.793321 0
    outer loop
      vertex 4.21123 81.907 2.1
      vertex 4.72686 82.3027 0
      vertex 4.21123 81.907 0
    endloop
  endfacet
  facet normal -0.790092 -0.175155 0.587431
    outer loop
      vertex 1.93538 7.75432 2.48042
      vertex 1.66318 7.70632 2.1
      vertex 2.07083 7.14333 2.48042
    endloop
  endfacet
  facet normal 0.747231 0.310162 0.587746
    outer loop
      vertex 128.201 78.748 2.1
      vertex 127.701 79.2317 2.48042
      vertex 127.941 78.6535 2.48042
    endloop
  endfacet
  facet normal 0.153361 0.0339668 0.987586
    outer loop
      vertex 128.129 78.0567 2.48042
      vertex 128.01 78.0247 2.5
      vertex 128.143 77.4242 2.5
    endloop
  endfacet
  facet normal 0.923735 0.383031 0
    outer loop
      vertex 128.201 78.748 2.1
      vertex 127.952 79.3485 0
      vertex 127.952 79.3485 2.1
    endloop
  endfacet
  facet normal 0.923735 0.383031 0
    outer loop
      vertex 127.952 79.3485 0
      vertex 128.201 78.748 2.1
      vertex 128.201 78.748 0
    endloop
  endfacet
  facet normal -0.156451 0 0.987686
    outer loop
      vertex 1.82639 76.2 2.48042
      vertex 1.95 9 2.5
      vertex 1.95 76.2 2.5
    endloop
  endfacet
  facet normal -0.156451 0 0.987686
    outer loop
      vertex 1.95 9 2.5
      vertex 1.82639 76.2 2.48042
      vertex 1.82639 9 2.48042
    endloop
  endfacet
  facet normal 0.0952795 -0.124186 0.987674
    outer loop
      vertex 125.732 3.59939 2.5
      vertex 125.244 3.22498 2.5
      vertex 125.315 3.12373 2.48042
    endloop
  endfacet
  facet normal 0.641671 0.4924 0.588047
    outer loop
      vertex 127.303 80.4731 2.1
      vertex 126.695 80.8111 2.48042
      vertex 127.076 80.3146 2.48042
    endloop
  endfacet
  facet normal 0.435061 0.682741 0.587015
    outer loop
      vertex 125.473 82.3027 2.1
      vertex 124.925 82.6519 2.1
      vertex 125.315 82.0763 2.48042
    endloop
  endfacet
  facet normal 0.30988 0.747853 0.587104
    outer loop
      vertex 123.748 83.2007 2.1
      vertex 123.654 82.941 2.48042
      vertex 124.232 82.7015 2.48042
    endloop
  endfacet
  facet normal -0.0338895 0.152926 0.987656
    outer loop
      vertex 7.75432 83.2646 2.48042
      vertex 7.14333 83.1292 2.48042
      vertex 7.77578 83.1429 2.5
    endloop
  endfacet
  facet normal -0.124271 0.0953542 0.987656
    outer loop
      vertex 3.5047 80.8111 2.48042
      vertex 3.12373 80.3146 2.48042
      vertex 3.59939 80.7317 2.5
    endloop
  endfacet
  facet normal -0.0841415 -0.132074 0.987662
    outer loop
      vertex 5.475 2.89452 2.5
      vertex 4.95629 3.22498 2.5
      vertex 5.4132 2.78747 2.48042
    endloop
  endfacet
  facet normal -0.156447 -0.00683126 0.987663
    outer loop
      vertex 1.95 9 2.5
      vertex 1.85369 8.37478 2.48042
      vertex 1.97683 8.38555 2.5
    endloop
  endfacet
  facet normal 0.0598196 0.144366 0.987715
    outer loop
      vertex 124.232 82.7015 2.48042
      vertex 123.654 82.941 2.48042
      vertex 124.179 82.5895 2.5
    endloop
  endfacet
  facet normal -0.546759 0.596689 0.587381
    outer loop
      vertex 4.3889 81.6953 2.48042
      vertex 3.73205 81.4679 2.1
      vertex 3.92749 81.2725 2.48042
    endloop
  endfacet
  facet normal -0.105791 0.115452 0.987663
    outer loop
      vertex 4.3889 81.6953 2.48042
      vertex 3.92749 81.2725 2.48042
      vertex 4.46835 81.6006 2.5
    endloop
  endfacet
  facet normal -0.0435434 0.999052 0
    outer loop
      vertex 9 83.65 0
      vertex 8.35069 83.6217 2.1
      vertex 9 83.65 2.1
    endloop
  endfacet
  facet normal -0.0435434 0.999052 0
    outer loop
      vertex 8.35069 83.6217 2.1
      vertex 9 83.65 0
      vertex 8.35069 83.6217 0
    endloop
  endfacet
  facet normal -0.373702 0.717793 0.58747
    outer loop
      vertex 5.9683 82.7015 2.48042
      vertex 5.275 82.6519 2.1
      vertex 5.4132 82.4125 2.48042
    endloop
  endfacet
  facet normal -0.084177 0.132113 0.987654
    outer loop
      vertex 5.4132 82.4125 2.48042
      vertex 4.95629 81.975 2.5
      vertex 5.475 82.3055 2.5
    endloop
  endfacet
  facet normal 0.216653 0.976249 -0
    outer loop
      vertex 123.128 83.3961 0
      vertex 122.494 83.5368 2.1
      vertex 123.128 83.3961 2.1
    endloop
  endfacet
  facet normal 0.216653 0.976249 0
    outer loop
      vertex 122.494 83.5368 2.1
      vertex 123.128 83.3961 0
      vertex 122.494 83.5368 0
    endloop
  endfacet
  facet normal -0.12424 -0.0953329 0.987662
    outer loop
      vertex 3.22498 4.95629 2.5
      vertex 3.12373 4.88539 2.48042
      vertex 3.59939 4.46835 2.5
    endloop
  endfacet
  facet normal -0.0470922 -0.149353 0.987662
    outer loop
      vertex 6.58876 2.37517 2.5
      vertex 6.54648 2.25902 2.48042
      vertex 7.17533 2.19022 2.5
    endloop
  endfacet
  facet normal 0.144657 -0.0600463 0.987658
    outer loop
      vertex 127.941 6.54648 2.48042
      vertex 127.589 6.02054 2.5
      vertex 127.701 5.9683 2.48042
    endloop
  endfacet
  facet normal -0.130628 0.991431 0
    outer loop
      vertex 8.35069 83.6217 0
      vertex 7.70632 83.5368 2.1
      vertex 8.35069 83.6217 2.1
    endloop
  endfacet
  facet normal -0.130628 0.991431 0
    outer loop
      vertex 7.70632 83.5368 2.1
      vertex 8.35069 83.6217 0
      vertex 7.70632 83.5368 0
    endloop
  endfacet
  facet normal 0.130502 0.991448 -0
    outer loop
      vertex 122.494 83.5368 0
      vertex 121.849 83.6217 2.1
      vertex 122.494 83.5368 2.1
    endloop
  endfacet
  facet normal 0.130502 0.991448 0
    outer loop
      vertex 121.849 83.6217 2.1
      vertex 122.494 83.5368 0
      vertex 121.849 83.6217 0
    endloop
  endfacet
  facet normal 0.243387 0.772062 0.587098
    outer loop
      vertex 123.128 83.3961 2.1
      vertex 123.057 83.1292 2.48042
      vertex 123.654 82.941 2.48042
    endloop
  endfacet
  facet normal 0.175374 0.790244 0.587161
    outer loop
      vertex 123.128 83.3961 2.1
      vertex 122.494 83.5368 2.1
      vertex 123.057 83.1292 2.48042
    endloop
  endfacet
  facet normal -0.149344 0.047095 0.987663
    outer loop
      vertex 2.25902 78.6535 2.48042
      vertex 2.19022 78.0247 2.5
      vertex 2.37517 78.6112 2.5
    endloop
  endfacet
  facet normal 0.43478 -0.682698 0.587273
    outer loop
      vertex 125.315 3.12373 2.48042
      vertex 124.787 2.78747 2.48042
      vertex 124.925 2.54811 2.1
    endloop
  endfacet
  facet normal 0.435065 -0.682728 0.587027
    outer loop
      vertex 125.315 3.12373 2.48042
      vertex 124.925 2.54811 2.1
      vertex 125.473 2.89732 2.1
    endloop
  endfacet
  facet normal 0.0597826 0.144312 0.987725
    outer loop
      vertex 123.654 82.941 2.48042
      vertex 123.611 82.8248 2.5
      vertex 124.179 82.5895 2.5
    endloop
  endfacet
  facet normal -0.0599241 -0.144676 0.987663
    outer loop
      vertex 6.02054 2.61053 2.5
      vertex 5.9683 2.4985 2.48042
      vertex 6.54648 2.25902 2.48042
    endloop
  endfacet
  facet normal -0.149355 -0.0470923 0.987662
    outer loop
      vertex 2.19022 7.17533 2.5
      vertex 2.07083 7.14333 2.48042
      vertex 2.25902 6.54648 2.48042
    endloop
  endfacet
  facet normal 0.072267 -0.138797 0.987681
    outer loop
      vertex 124.725 2.89452 2.5
      vertex 124.232 2.4985 2.48042
      vertex 124.787 2.78747 2.48042
    endloop
  endfacet
  facet normal 0.105529 -0.802383 0.587406
    outer loop
      vertex 122.494 1.66318 2.1
      vertex 121.825 1.85369 2.48042
      vertex 121.849 1.57835 2.1
    endloop
  endfacet
  facet normal 0.175152 -0.790093 0.587431
    outer loop
      vertex 123.057 2.07083 2.48042
      vertex 122.446 1.93538 2.48042
      vertex 122.494 1.66318 2.1
    endloop
  endfacet
  facet normal 0.0338619 -0.152747 0.987685
    outer loop
      vertex 123.057 2.07083 2.48042
      vertex 122.424 2.05711 2.5
      vertex 122.446 1.93538 2.48042
    endloop
  endfacet
  facet normal 0.114989 0.105504 0.987748
    outer loop
      vertex 126.273 81.2725 2.48042
      vertex 126.185 81.1851 2.5
      vertex 126.601 80.7317 2.5
    endloop
  endfacet
  facet normal -0.00683126 -0.156447 0.987663
    outer loop
      vertex 8.38555 1.97683 2.5
      vertex 8.37478 1.85369 2.48042
      vertex 9 1.95 2.5
    endloop
  endfacet
  facet normal 0.116051 0.106141 0.987556
    outer loop
      vertex 126.695 80.8111 2.48042
      vertex 126.273 81.2725 2.48042
      vertex 126.601 80.7317 2.5
    endloop
  endfacet
  facet normal -0.747679 -0.309686 0.587428
    outer loop
      vertex 2.25902 6.54648 2.48042
      vertex 1.99929 6.45195 2.1
      vertex 2.4985 5.9683 2.48042
    endloop
  endfacet
  facet normal -0.492659 -0.642046 0.587421
    outer loop
      vertex 4.88539 3.12373 2.48042
      vertex 4.3889 3.5047 2.48042
      vertex 4.72686 2.89732 2.1
    endloop
  endfacet
  facet normal -0.11546 -0.105796 0.987662
    outer loop
      vertex 3.59939 4.46835 2.5
      vertex 3.5047 4.3889 2.48042
      vertex 3.92749 3.92749 2.48042
    endloop
  endfacet
  facet normal -0.138919 0.0723222 0.987659
    outer loop
      vertex 2.89452 79.725 2.5
      vertex 2.4985 79.2317 2.48042
      vertex 2.61053 79.1795 2.5
    endloop
  endfacet
  facet normal -0.737227 0.675645 0
    outer loop
      vertex 3.29297 80.9888 0
      vertex 3.73205 81.4679 2.1
      vertex 3.73205 81.4679 0
    endloop
  endfacet
  facet normal -0.737227 0.675645 0
    outer loop
      vertex 3.73205 81.4679 2.1
      vertex 3.29297 80.9888 0
      vertex 3.29297 80.9888 2.1
    endloop
  endfacet
  facet normal 0.149518 -0.0471569 0.987634
    outer loop
      vertex 128.01 7.17533 2.5
      vertex 127.825 6.58876 2.5
      vertex 127.941 6.54648 2.48042
    endloop
  endfacet
  facet normal 0.152547 -0.0339554 0.987713
    outer loop
      vertex 128.143 7.77578 2.5
      vertex 128.129 7.14333 2.48042
      vertex 128.265 7.75432 2.48042
    endloop
  endfacet
  facet normal -0.790093 0.175152 0.587431
    outer loop
      vertex 2.07083 78.0567 2.48042
      vertex 1.66318 77.4937 2.1
      vertex 1.93538 77.4457 2.48042
    endloop
  endfacet
  facet normal -0.802351 0.105631 0.58743
    outer loop
      vertex 1.93538 77.4457 2.48042
      vertex 1.66318 77.4937 2.1
      vertex 1.85369 76.8252 2.48042
    endloop
  endfacet
  facet normal -0.747695 0.309686 0.587407
    outer loop
      vertex 2.24801 79.3485 2.1
      vertex 1.99929 78.748 2.1
      vertex 2.4985 79.2317 2.48042
    endloop
  endfacet
  facet normal 0.105512 -0.115032 0.987742
    outer loop
      vertex 126.185 4.0149 2.5
      vertex 125.732 3.59939 2.5
      vertex 126.273 3.92749 2.48042
    endloop
  endfacet
  facet normal 0.155967 -0.00698486 0.987738
    outer loop
      vertex 128.374 9 2.48042
      vertex 128.25 9 2.5
      vertex 128.346 8.37478 2.48042
    endloop
  endfacet
  facet normal 0.808881 -0.0362251 0.586855
    outer loop
      vertex 128.374 9 2.48042
      vertex 128.346 8.37478 2.48042
      vertex 128.65 9 2.1
    endloop
  endfacet
  facet normal 0.682234 -0.434377 0.58811
    outer loop
      vertex 127.652 5.275 2.1
      vertex 127.076 4.88539 2.48042
      vertex 127.303 4.72686 2.1
    endloop
  endfacet
  facet normal 0.682373 -0.435686 0.58698
    outer loop
      vertex 127.413 5.4132 2.48042
      vertex 127.076 4.88539 2.48042
      vertex 127.652 5.275 2.1
    endloop
  endfacet
  facet normal 0.747217 -0.310166 0.587762
    outer loop
      vertex 127.941 6.54648 2.48042
      vertex 127.701 5.9683 2.48042
      vertex 128.201 6.45195 2.1
    endloop
  endfacet
  facet normal -0.596674 -0.546732 0.587422
    outer loop
      vertex 3.92749 3.92749 2.48042
      vertex 3.5047 4.3889 2.48042
      vertex 3.73205 3.73205 2.1
    endloop
  endfacet
  facet normal -0.461747 -0.887012 0
    outer loop
      vertex 5.275 2.54811 0
      vertex 5.85149 2.24801 2.1
      vertex 5.275 2.54811 2.1
    endloop
  endfacet
  facet normal -0.461747 -0.887012 -0
    outer loop
      vertex 5.85149 2.24801 2.1
      vertex 5.275 2.54811 0
      vertex 5.85149 2.24801 0
    endloop
  endfacet
  facet normal -0.243359 -0.771821 0.587425
    outer loop
      vertex 7.14333 2.07083 2.48042
      vertex 6.54648 2.25902 2.48042
      vertex 7.0718 1.80385 2.1
    endloop
  endfacet
  facet normal -0.17516 -0.790095 0.587426
    outer loop
      vertex 7.14333 2.07083 2.48042
      vertex 7.0718 1.80385 2.1
      vertex 7.70632 1.66318 2.1
    endloop
  endfacet
  facet normal -0.035301 -0.808512 0.58742
    outer loop
      vertex 8.37478 1.85369 2.48042
      vertex 8.35069 1.57835 2.1
      vertex 9 1.55 2.1
    endloop
  endfacet
  facet normal -0.144681 -0.0599276 0.987662
    outer loop
      vertex 2.37517 6.58876 2.5
      vertex 2.25902 6.54648 2.48042
      vertex 2.61053 6.02054 2.5
    endloop
  endfacet
  facet normal 0.0955968 -0.124461 0.987609
    outer loop
      vertex 125.732 3.59939 2.5
      vertex 125.315 3.12373 2.48042
      vertex 125.811 3.5047 2.48042
    endloop
  endfacet
  facet normal -0.373686 -0.717847 0.587413
    outer loop
      vertex 5.9683 2.4985 2.48042
      vertex 5.275 2.54811 2.1
      vertex 5.85149 2.24801 2.1
    endloop
  endfacet
  facet normal -0.309702 -0.747684 0.587413
    outer loop
      vertex 5.9683 2.4985 2.48042
      vertex 5.85149 2.24801 2.1
      vertex 6.45195 1.99929 2.1
    endloop
  endfacet
  facet normal 0.156614 0.00688247 0.987636
    outer loop
      vertex 128.346 76.8252 2.48042
      vertex 128.223 76.8144 2.5
      vertex 128.25 76.2 2.5
    endloop
  endfacet
  facet normal 0.154961 -0.02023 0.987713
    outer loop
      vertex 128.346 8.37478 2.48042
      vertex 128.143 7.77578 2.5
      vertex 128.265 7.75432 2.48042
    endloop
  endfacet
  facet normal -0.15526 -0.0204415 0.987662
    outer loop
      vertex 2.05711 7.77578 2.5
      vertex 1.85369 8.37478 2.48042
      vertex 1.93538 7.75432 2.48042
    endloop
  endfacet
  facet normal -0.608755 -0.793358 0
    outer loop
      vertex 4.21123 3.29297 0
      vertex 4.72686 2.89732 2.1
      vertex 4.21123 3.29297 2.1
    endloop
  endfacet
  facet normal -0.608755 -0.793358 -0
    outer loop
      vertex 4.72686 2.89732 2.1
      vertex 4.21123 3.29297 0
      vertex 4.72686 2.89732 0
    endloop
  endfacet
  facet normal 0.149509 0.0471597 0.987635
    outer loop
      vertex 127.941 78.6535 2.48042
      vertex 127.825 78.6112 2.5
      vertex 128.01 78.0247 2.5
    endloop
  endfacet
  facet normal -0.144694 0.0599296 0.98766
    outer loop
      vertex 2.4985 79.2317 2.48042
      vertex 2.25902 78.6535 2.48042
      vertex 2.61053 79.1795 2.5
    endloop
  endfacet
  facet normal 0.0204395 0.155269 0.987661
    outer loop
      vertex 121.825 83.3463 2.48042
      vertex 121.814 83.2232 2.5
      vertex 122.424 83.1429 2.5
    endloop
  endfacet
  facet normal 0.149806 0.0471908 0.987589
    outer loop
      vertex 128.129 78.0567 2.48042
      vertex 127.941 78.6535 2.48042
      vertex 128.01 78.0247 2.5
    endloop
  endfacet
  facet normal -0.0338937 -0.152892 0.987661
    outer loop
      vertex 7.17533 2.19022 2.5
      vertex 7.14333 2.07083 2.48042
      vertex 7.77578 2.05711 2.5
    endloop
  endfacet
  facet normal -0.132076 -0.0841434 0.987662
    outer loop
      vertex 3.22498 4.95629 2.5
      vertex 2.78747 5.4132 2.48042
      vertex 3.12373 4.88539 2.48042
    endloop
  endfacet
  facet normal 0.434706 0.682704 0.587321
    outer loop
      vertex 124.925 82.6519 2.1
      vertex 124.787 82.4125 2.48042
      vertex 125.315 82.0763 2.48042
    endloop
  endfacet
  facet normal -0.642064 0.492598 0.587453
    outer loop
      vertex 3.29297 80.9888 2.1
      vertex 2.89732 80.4731 2.1
      vertex 3.5047 80.8111 2.48042
    endloop
  endfacet
  facet normal -0.596605 0.54677 0.587456
    outer loop
      vertex 3.73205 81.4679 2.1
      vertex 3.29297 80.9888 2.1
      vertex 3.5047 80.8111 2.48042
    endloop
  endfacet
  facet normal -0.0204519 0.155305 0.987655
    outer loop
      vertex 8.37478 83.3463 2.48042
      vertex 7.77578 83.1429 2.5
      vertex 8.38555 83.2232 2.5
    endloop
  endfacet
  facet normal 0.144782 0.0601239 0.987635
    outer loop
      vertex 127.941 78.6535 2.48042
      vertex 127.589 79.1795 2.5
      vertex 127.825 78.6112 2.5
    endloop
  endfacet
  facet normal -0.0470911 0.149343 0.987663
    outer loop
      vertex 7.14333 83.1292 2.48042
      vertex 6.54648 82.941 2.48042
      vertex 7.17533 83.0098 2.5
    endloop
  endfacet
  facet normal 0.10556 0.802362 0.587429
    outer loop
      vertex 122.494 83.5368 2.1
      vertex 121.825 83.3463 2.48042
      vertex 122.446 83.2646 2.48042
    endloop
  endfacet
  facet normal 0.156616 -0.00688199 0.987636
    outer loop
      vertex 128.25 9 2.5
      vertex 128.223 8.38555 2.5
      vertex 128.346 8.37478 2.48042
    endloop
  endfacet
  facet normal 0.153361 -0.0339695 0.987586
    outer loop
      vertex 128.143 7.77578 2.5
      vertex 128.01 7.17533 2.5
      vertex 128.129 7.14333 2.48042
    endloop
  endfacet
  facet normal -0.0204405 -0.155257 0.987663
    outer loop
      vertex 8.38555 1.97683 2.5
      vertex 7.77578 2.05711 2.5
      vertex 8.37478 1.85369 2.48042
    endloop
  endfacet
  facet normal 0.493168 -0.642075 0.586963
    outer loop
      vertex 125.811 3.5047 2.48042
      vertex 125.315 3.12373 2.48042
      vertex 125.473 2.89732 2.1
    endloop
  endfacet
  facet normal -0.152878 0.0338908 0.987664
    outer loop
      vertex 2.07083 78.0567 2.48042
      vertex 1.93538 77.4457 2.48042
      vertex 2.05711 77.4242 2.5
    endloop
  endfacet
  facet normal -0.790095 -0.17516 0.587426
    outer loop
      vertex 2.07083 7.14333 2.48042
      vertex 1.66318 7.70632 2.1
      vertex 1.80385 7.0718 2.1
    endloop
  endfacet
  facet normal -0.771821 -0.243359 0.587425
    outer loop
      vertex 2.07083 7.14333 2.48042
      vertex 1.80385 7.0718 2.1
      vertex 2.25902 6.54648 2.48042
    endloop
  endfacet
  facet normal -0.717847 -0.373686 0.587413
    outer loop
      vertex 2.4985 5.9683 2.48042
      vertex 2.24801 5.85149 2.1
      vertex 2.54811 5.275 2.1
    endloop
  endfacet
  facet normal -0.682537 -0.434832 0.587422
    outer loop
      vertex 3.12373 4.88539 2.48042
      vertex 2.54811 5.275 2.1
      vertex 2.89732 4.72686 2.1
    endloop
  endfacet
  facet normal -0.747684 -0.309702 0.587413
    outer loop
      vertex 2.4985 5.9683 2.48042
      vertex 1.99929 6.45195 2.1
      vertex 2.24801 5.85149 2.1
    endloop
  endfacet
  facet normal 0.131292 -0.083527 0.987819
    outer loop
      vertex 127.305 5.475 2.5
      vertex 126.975 4.95629 2.5
      vertex 127.413 5.4132 2.48042
    endloop
  endfacet
  facet normal 0.138948 0.0723394 0.987654
    outer loop
      vertex 127.701 79.2317 2.48042
      vertex 127.305 79.725 2.5
      vertex 127.589 79.1795 2.5
    endloop
  endfacet
  facet normal -0.130522 -0.991445 0
    outer loop
      vertex 7.70632 1.66318 0
      vertex 8.35069 1.57835 2.1
      vertex 7.70632 1.66318 2.1
    endloop
  endfacet
  facet normal -0.130522 -0.991445 -0
    outer loop
      vertex 8.35069 1.57835 2.1
      vertex 7.70632 1.66318 0
      vertex 8.35069 1.57835 0
    endloop
  endfacet
  facet normal -0.149353 -0.0470922 0.987662
    outer loop
      vertex 2.37517 6.58876 2.5
      vertex 2.19022 7.17533 2.5
      vertex 2.25902 6.54648 2.48042
    endloop
  endfacet
  facet normal 0.144788 -0.0601349 0.987634
    outer loop
      vertex 127.825 6.58876 2.5
      vertex 127.589 6.02054 2.5
      vertex 127.941 6.54648 2.48042
    endloop
  endfacet
  facet normal 0.155971 0 0.987762
    outer loop
      vertex 128.25 76.2 2.5
      vertex 128.374 9 2.48042
      vertex 128.374 76.2 2.48042
    endloop
  endfacet
  facet normal 0.155971 0 0.987762
    outer loop
      vertex 128.374 9 2.48042
      vertex 128.25 76.2 2.5
      vertex 128.25 9 2.5
    endloop
  endfacet
  facet normal 0.64166 -0.49279 0.587734
    outer loop
      vertex 127.303 4.72686 2.1
      vertex 126.695 4.3889 2.48042
      vertex 126.907 4.21123 2.1
    endloop
  endfacet
  facet normal 0.641652 -0.492396 0.588072
    outer loop
      vertex 127.076 4.88539 2.48042
      vertex 126.695 4.3889 2.48042
      vertex 127.303 4.72686 2.1
    endloop
  endfacet
  facet normal 0.77187 -0.243129 0.587457
    outer loop
      vertex 128.129 7.14333 2.48042
      vertex 127.941 6.54648 2.48042
      vertex 128.396 7.0718 2.1
    endloop
  endfacet
  facet normal -0.155257 -0.0204405 0.987663
    outer loop
      vertex 1.97683 8.38555 2.5
      vertex 1.85369 8.37478 2.48042
      vertex 2.05711 7.77578 2.5
    endloop
  endfacet
  facet normal 0.492307 -0.642059 0.587702
    outer loop
      vertex 125.811 3.5047 2.48042
      vertex 125.473 2.89732 2.1
      vertex 125.989 3.29297 2.1
    endloop
  endfacet
  facet normal 0.60848 -0.793569 0
    outer loop
      vertex 125.473 2.89732 0
      vertex 125.989 3.29297 2.1
      vertex 125.473 2.89732 2.1
    endloop
  endfacet
  facet normal 0.60848 -0.793569 0
    outer loop
      vertex 125.989 3.29297 2.1
      vertex 125.473 2.89732 0
      vertex 125.989 3.29297 0
    endloop
  endfacet
  facet normal 0.0470802 0.149346 0.987664
    outer loop
      vertex 123.057 83.1292 2.48042
      vertex 123.025 83.0098 2.5
      vertex 123.654 82.941 2.48042
    endloop
  endfacet
  facet normal 0.0840713 0.132021 0.987675
    outer loop
      vertex 124.787 82.4125 2.48042
      vertex 124.725 82.3055 2.5
      vertex 125.244 81.975 2.5
    endloop
  endfacet
  facet normal 0 -0.156451 0.987686
    outer loop
      vertex 9 1.95 2.5
      vertex 121.2 1.82639 2.48042
      vertex 121.2 1.95 2.5
    endloop
  endfacet
  facet normal 0 -0.156451 0.987686
    outer loop
      vertex 121.2 1.82639 2.48042
      vertex 9 1.95 2.5
      vertex 9 1.82639 2.48042
    endloop
  endfacet
  facet normal -0.00683121 -0.156447 0.987663
    outer loop
      vertex 9 1.95 2.5
      vertex 8.37478 1.85369 2.48042
      vertex 9 1.82639 2.48042
    endloop
  endfacet
  facet normal -0.0353035 -0.808514 0.587417
    outer loop
      vertex 9 1.82639 2.48042
      vertex 8.37478 1.85369 2.48042
      vertex 9 1.55 2.1
    endloop
  endfacet
  facet normal -0.642046 -0.492659 0.587421
    outer loop
      vertex 3.12373 4.88539 2.48042
      vertex 2.89732 4.72686 2.1
      vertex 3.5047 4.3889 2.48042
    endloop
  endfacet
  facet normal -0.642046 -0.492651 0.587429
    outer loop
      vertex 3.5047 4.3889 2.48042
      vertex 2.89732 4.72686 2.1
      vertex 3.29297 4.21123 2.1
    endloop
  endfacet
  facet normal 0.124483 -0.0954146 0.987623
    outer loop
      vertex 126.975 4.95629 2.5
      vertex 126.601 4.46835 2.5
      vertex 127.076 4.88539 2.48042
    endloop
  endfacet
  facet normal 0.155433 -0.0203924 0.987636
    outer loop
      vertex 128.223 8.38555 2.5
      vertex 128.143 7.77578 2.5
      vertex 128.346 8.37478 2.48042
    endloop
  endfacet
  facet normal 0.0338594 0.152889 0.987663
    outer loop
      vertex 123.057 83.1292 2.48042
      vertex 122.424 83.1429 2.5
      vertex 123.025 83.0098 2.5
    endloop
  endfacet
  facet normal -0.155252 0.0204389 0.987663
    outer loop
      vertex 2.05711 77.4242 2.5
      vertex 1.85369 76.8252 2.48042
      vertex 1.97683 76.8144 2.5
    endloop
  endfacet
  facet normal 0.373798 0.717847 0.587342
    outer loop
      vertex 124.925 82.6519 2.1
      vertex 124.232 82.7015 2.48042
      vertex 124.787 82.4125 2.48042
    endloop
  endfacet
  facet normal 0.373892 0.717634 0.587542
    outer loop
      vertex 124.349 82.952 2.1
      vertex 124.232 82.7015 2.48042
      vertex 124.925 82.6519 2.1
    endloop
  endfacet
  facet normal -0.0470859 0.149293 0.987671
    outer loop
      vertex 7.17533 83.0098 2.5
      vertex 6.54648 82.941 2.48042
      vertex 6.58876 82.8248 2.5
    endloop
  endfacet
  facet normal -0.0598925 0.144633 0.987671
    outer loop
      vertex 6.54648 82.941 2.48042
      vertex 6.02054 82.5895 2.5
      vertex 6.58876 82.8248 2.5
    endloop
  endfacet
  facet normal 0.17509 0.790105 0.587432
    outer loop
      vertex 122.494 83.5368 2.1
      vertex 122.446 83.2646 2.48042
      vertex 123.057 83.1292 2.48042
    endloop
  endfacet
  facet normal 0 0 1
    outer loop
      vertex 33.1 35.85 2.5
      vertex 10.1975 9.18143 2.5
      vertex 10.3 8.6 2.5
    endloop
  endfacet
  facet normal 0 0 1
    outer loop
      vertex 1.95 9 2.5
      vertex 10.3284 30.952 2.5
      vertex 10.1576 31.5147 2.5
    endloop
  endfacet
  facet normal 0 0 1
    outer loop
      vertex 1.95 9 2.5
      vertex 10.1576 31.5147 2.5
      vertex 10.1 32.1 2.5
    endloop
  endfacet
  facet normal 0 0 1
    outer loop
      vertex 10.9787 55.7213 2.5
      vertex 1.95 76.2 2.5
      vertex 10.6056 55.2667 2.5
    endloop
  endfacet
  facet normal 0 0 1
    outer loop
      vertex 10.6056 30.4333 2.5
      vertex 9.90228 9.69274 2.5
      vertex 10.1975 9.18143 2.5
    endloop
  endfacet
  facet normal 0 0 1
    outer loop
      vertex 10.6056 55.2667 2.5
      vertex 1.95 76.2 2.5
      vertex 10.3284 54.7481 2.5
    endloop
  endfacet
  facet normal 0 0 1
    outer loop
      vertex 10.6056 30.4333 2.5
      vertex 9.45 10.0722 2.5
      vertex 9.90228 9.69274 2.5
    endloop
  endfacet
  facet normal 0 0 1
    outer loop
      vertex 10.3284 54.7481 2.5
      vertex 1.95 76.2 2.5
      vertex 10.1576 54.1853 2.5
    endloop
  endfacet
  facet normal 0 0 1
    outer loop
      vertex 10.6056 30.4333 2.5
      vertex 8.8952 10.2742 2.5
      vertex 9.45 10.0722 2.5
    endloop
  endfacet
  facet normal 0 0 1
    outer loop
      vertex 10.1 53.6 2.5
      vertex 1.95 76.2 2.5
      vertex 10.1 32.1 2.5
    endloop
  endfacet
  facet normal 0 0 1
    outer loop
      vertex 10.6056 30.4333 2.5
      vertex 8.3048 10.2742 2.5
      vertex 8.8952 10.2742 2.5
    endloop
  endfacet
  facet normal 0 0 1
    outer loop
      vertex 10.1576 54.1853 2.5
      vertex 1.95 76.2 2.5
      vertex 10.1 53.6 2.5
    endloop
  endfacet
  facet normal 0 0 1
    outer loop
      vertex 1.95 9 2.5
      vertex 10.1 32.1 2.5
      vertex 1.95 76.2 2.5
    endloop
  endfacet
  facet normal 0 0 1
    outer loop
      vertex 1.95 76.2 2.5
      vertex 7.75 75.1278 2.5
      vertex 7.29772 75.5073 2.5
    endloop
  endfacet
  facet normal 0 0 1
    outer loop
      vertex 10.6056 30.4333 2.5
      vertex 1.95 9 2.5
      vertex 7.75 10.0722 2.5
    endloop
  endfacet
  facet normal 0 0 1
    outer loop
      vertex 1.95 76.2 2.5
      vertex 7.29772 75.5073 2.5
      vertex 7.00252 76.0186 2.5
    endloop
  endfacet
  facet normal 0 0 1
    outer loop
      vertex 10.6056 30.4333 2.5
      vertex 7.75 10.0722 2.5
      vertex 8.3048 10.2742 2.5
    endloop
  endfacet
  facet normal -0 0 1
    outer loop
      vertex 1.95 76.2 2.5
      vertex 7.00252 76.0186 2.5
      vertex 6.9 76.6 2.5
    endloop
  endfacet
  facet normal 0 0 1
    outer loop
      vertex 7.75 10.0722 2.5
      vertex 1.95 9 2.5
      vertex 7.29772 9.69274 2.5
    endloop
  endfacet
  facet normal -0 0 1
    outer loop
      vertex 15.2213 51.4787 2.5
      vertex 19.8813 48.8782 2.5
      vertex 15.5944 51.9333 2.5
    endloop
  endfacet
  facet normal 0 0 1
    outer loop
      vertex 19.85 37.1 2.5
      vertex 16.0424 32.6853 2.5
      vertex 16.1 32.1 2.5
    endloop
  endfacet
  facet normal 0 0 1
    outer loop
      vertex 19.8813 48.8782 2.5
      vertex 15.2213 51.4787 2.5
      vertex 19.85 48.6 2.5
    endloop
  endfacet
  facet normal 0 0 1
    outer loop
      vertex 19.85 37.1 2.5
      vertex 15.8716 33.2481 2.5
      vertex 16.0424 32.6853 2.5
    endloop
  endfacet
  facet normal -0 0 1
    outer loop
      vertex 14.7667 51.1056 2.5
      vertex 19.85 48.6 2.5
      vertex 15.2213 51.4787 2.5
    endloop
  endfacet
  facet normal 0 0 1
    outer loop
      vertex 19.85 37.1 2.5
      vertex 15.5944 33.7667 2.5
      vertex 15.8716 33.2481 2.5
    endloop
  endfacet
  facet normal -0 0 1
    outer loop
      vertex 14.248 50.8284 2.5
      vertex 19.85 48.6 2.5
      vertex 14.7667 51.1056 2.5
    endloop
  endfacet
  facet normal 0 0 1
    outer loop
      vertex 19.85 37.1 2.5
      vertex 15.2213 34.2213 2.5
      vertex 15.5944 33.7667 2.5
    endloop
  endfacet
  facet normal -0 0 1
    outer loop
      vertex 13.6853 50.6576 2.5
      vertex 19.85 48.6 2.5
      vertex 14.248 50.8284 2.5
    endloop
  endfacet
  facet normal 0 0 1
    outer loop
      vertex 19.85 37.1 2.5
      vertex 14.7667 34.5944 2.5
      vertex 15.2213 34.2213 2.5
    endloop
  endfacet
  facet normal 0 0 1
    outer loop
      vertex 19.85 48.6 2.5
      vertex 13.6853 50.6576 2.5
      vertex 19.85 37.1 2.5
    endloop
  endfacet
  facet normal 0 0 1
    outer loop
      vertex 19.85 37.1 2.5
      vertex 14.248 34.8716 2.5
      vertex 14.7667 34.5944 2.5
    endloop
  endfacet
  facet normal 0 0 1
    outer loop
      vertex 13.6853 35.0424 2.5
      vertex 19.85 37.1 2.5
      vertex 13.6853 50.6576 2.5
    endloop
  endfacet
  facet normal 0 0 1
    outer loop
      vertex 19.85 37.1 2.5
      vertex 13.6853 35.0424 2.5
      vertex 14.248 34.8716 2.5
    endloop
  endfacet
  facet normal -0 0 1
    outer loop
      vertex 13.1 50.6 2.5
      vertex 13.6853 35.0424 2.5
      vertex 13.6853 50.6576 2.5
    endloop
  endfacet
  facet normal 0 0 1
    outer loop
      vertex 13.1 50.6 2.5
      vertex 13.1 35.1 2.5
      vertex 13.6853 35.0424 2.5
    endloop
  endfacet
  facet normal 0 0 1
    outer loop
      vertex 12.5147 50.6576 2.5
      vertex 13.1 35.1 2.5
      vertex 13.1 50.6 2.5
    endloop
  endfacet
  facet normal 0 0 1
    outer loop
      vertex 12.5147 50.6576 2.5
      vertex 12.5147 35.0424 2.5
      vertex 13.1 35.1 2.5
    endloop
  endfacet
  facet normal 0 0 1
    outer loop
      vertex 11.952 50.8284 2.5
      vertex 12.5147 35.0424 2.5
      vertex 12.5147 50.6576 2.5
    endloop
  endfacet
  facet normal 0 0 1
    outer loop
      vertex 11.952 50.8284 2.5
      vertex 11.952 34.8716 2.5
      vertex 12.5147 35.0424 2.5
    endloop
  endfacet
  facet normal 0 0 1
    outer loop
      vertex 11.4333 51.1056 2.5
      vertex 11.952 34.8716 2.5
      vertex 11.952 50.8284 2.5
    endloop
  endfacet
  facet normal 0 0 1
    outer loop
      vertex 11.4333 51.1056 2.5
      vertex 11.4333 34.5944 2.5
      vertex 11.952 34.8716 2.5
    endloop
  endfacet
  facet normal 0 0 1
    outer loop
      vertex 10.9787 51.4787 2.5
      vertex 11.4333 34.5944 2.5
      vertex 11.4333 51.1056 2.5
    endloop
  endfacet
  facet normal 0 0 1
    outer loop
      vertex 10.9787 51.4787 2.5
      vertex 10.9787 34.2213 2.5
      vertex 11.4333 34.5944 2.5
    endloop
  endfacet
  facet normal 0 0 1
    outer loop
      vertex 10.6056 51.9333 2.5
      vertex 10.9787 34.2213 2.5
      vertex 10.9787 51.4787 2.5
    endloop
  endfacet
  facet normal 0 0 1
    outer loop
      vertex 10.6056 51.9333 2.5
      vertex 10.6056 33.7667 2.5
      vertex 10.9787 34.2213 2.5
    endloop
  endfacet
  facet normal 0 0 1
    outer loop
      vertex 10.3284 52.452 2.5
      vertex 10.6056 33.7667 2.5
      vertex 10.6056 51.9333 2.5
    endloop
  endfacet
  facet normal 0 0 1
    outer loop
      vertex 10.3284 52.452 2.5
      vertex 10.3284 33.2481 2.5
      vertex 10.6056 33.7667 2.5
    endloop
  endfacet
  facet normal 0 0 1
    outer loop
      vertex 10.1576 53.0147 2.5
      vertex 10.3284 33.2481 2.5
      vertex 10.3284 52.452 2.5
    endloop
  endfacet
  facet normal 0 0 1
    outer loop
      vertex 10.1576 53.0147 2.5
      vertex 10.1576 32.6853 2.5
      vertex 10.3284 33.2481 2.5
    endloop
  endfacet
  facet normal 0 0 1
    outer loop
      vertex 10.1 53.6 2.5
      vertex 10.1576 32.6853 2.5
      vertex 10.1576 53.0147 2.5
    endloop
  endfacet
  facet normal 0 0 1
    outer loop
      vertex 10.1576 32.6853 2.5
      vertex 10.1 53.6 2.5
      vertex 10.1 32.1 2.5
    endloop
  endfacet
  facet normal 0 0 1
    outer loop
      vertex 71.4333 39.5944 2.5
      vertex 61.2213 51.4787 2.5
      vertex 70.9787 39.2213 2.5
    endloop
  endfacet
  facet normal 0 0 1
    outer loop
      vertex 70.3284 38.2481 2.5
      vertex 62.0424 32.6853 2.5
      vertex 62.1 32.1 2.5
    endloop
  endfacet
  facet normal -0 0 1
    outer loop
      vertex 60.7667 51.1056 2.5
      vertex 70.9787 39.2213 2.5
      vertex 61.2213 51.4787 2.5
    endloop
  endfacet
  facet normal 0 0 1
    outer loop
      vertex 70.3284 38.2481 2.5
      vertex 61.8716 33.2481 2.5
      vertex 62.0424 32.6853 2.5
    endloop
  endfacet
  facet normal 0 0 1
    outer loop
      vertex 70.9787 39.2213 2.5
      vertex 60.7667 51.1056 2.5
      vertex 70.6056 38.7667 2.5
    endloop
  endfacet
  facet normal 0 0 1
    outer loop
      vertex 70.3284 38.2481 2.5
      vertex 61.5944 33.7667 2.5
      vertex 61.8716 33.2481 2.5
    endloop
  endfacet
  facet normal -0 0 1
    outer loop
      vertex 60.2481 50.8284 2.5
      vertex 70.6056 38.7667 2.5
      vertex 60.7667 51.1056 2.5
    endloop
  endfacet
  facet normal 0 0 1
    outer loop
      vertex 70.3284 38.2481 2.5
      vertex 61.2213 34.2213 2.5
      vertex 61.5944 33.7667 2.5
    endloop
  endfacet
  facet normal 0 0 1
    outer loop
      vertex 60.2481 34.8716 2.5
      vertex 70.6056 38.7667 2.5
      vertex 60.2481 50.8284 2.5
    endloop
  endfacet
  facet normal 0 0 1
    outer loop
      vertex 70.3284 38.2481 2.5
      vertex 60.7667 34.5944 2.5
      vertex 61.2213 34.2213 2.5
    endloop
  endfacet
  facet normal 0 0 1
    outer loop
      vertex 70.6056 38.7667 2.5
      vertex 60.2481 34.8716 2.5
      vertex 70.3284 38.2481 2.5
    endloop
  endfacet
  facet normal 0 0 1
    outer loop
      vertex 70.3284 38.2481 2.5
      vertex 60.2481 34.8716 2.5
      vertex 60.7667 34.5944 2.5
    endloop
  endfacet
  facet normal -0 0 1
    outer loop
      vertex 59.6853 50.6576 2.5
      vertex 60.2481 34.8716 2.5
      vertex 60.2481 50.8284 2.5
    endloop
  endfacet
  facet normal 0 0 1
    outer loop
      vertex 59.6853 50.6576 2.5
      vertex 59.6853 35.0424 2.5
      vertex 60.2481 34.8716 2.5
    endloop
  endfacet
  facet normal -0 0 1
    outer loop
      vertex 59.1 50.6 2.5
      vertex 59.6853 35.0424 2.5
      vertex 59.6853 50.6576 2.5
    endloop
  endfacet
  facet normal 0 0 1
    outer loop
      vertex 59.1 50.6 2.5
      vertex 59.1 35.1 2.5
      vertex 59.6853 35.0424 2.5
    endloop
  endfacet
  facet normal 0 0 1
    outer loop
      vertex 58.5147 50.6576 2.5
      vertex 59.1 35.1 2.5
      vertex 59.1 50.6 2.5
    endloop
  endfacet
  facet normal 0 0 1
    outer loop
      vertex 58.5147 50.6576 2.5
      vertex 58.5147 35.0424 2.5
      vertex 59.1 35.1 2.5
    endloop
  endfacet
  facet normal 0 0 1
    outer loop
      vertex 52.36 48.6 2.5
      vertex 58.5147 50.6576 2.5
      vertex 57.952 50.8284 2.5
    endloop
  endfacet
  facet normal 0 0 1
    outer loop
      vertex 58.5147 50.6576 2.5
      vertex 52.36 48.6 2.5
      vertex 58.5147 35.0424 2.5
    endloop
  endfacet
  facet normal 0 0 1
    outer loop
      vertex 52.36 48.6 2.5
      vertex 57.952 50.8284 2.5
      vertex 57.4333 51.1056 2.5
    endloop
  endfacet
  facet normal -0 0 1
    outer loop
      vertex 52.36 37.1 2.5
      vertex 58.5147 35.0424 2.5
      vertex 52.36 48.6 2.5
    endloop
  endfacet
  facet normal 0 0 1
    outer loop
      vertex 52.36 48.6 2.5
      vertex 57.4333 51.1056 2.5
      vertex 56.9787 51.4787 2.5
    endloop
  endfacet
  facet normal 0 0 1
    outer loop
      vertex 58.5147 35.0424 2.5
      vertex 52.36 37.1 2.5
      vertex 57.952 34.8716 2.5
    endloop
  endfacet
  facet normal 0 0 1
    outer loop
      vertex 52.2362 49.1424 2.5
      vertex 56.9787 51.4787 2.5
      vertex 56.6056 51.9333 2.5
    endloop
  endfacet
  facet normal 0 0 1
    outer loop
      vertex 57.952 34.8716 2.5
      vertex 52.36 37.1 2.5
      vertex 57.4333 34.5944 2.5
    endloop
  endfacet
  facet normal 0 0 1
    outer loop
      vertex 52.2362 49.1424 2.5
      vertex 56.6056 51.9333 2.5
      vertex 56.3284 52.452 2.5
    endloop
  endfacet
  facet normal 0 0 1
    outer loop
      vertex 57.4333 34.5944 2.5
      vertex 52.36 37.1 2.5
      vertex 56.9787 34.2213 2.5
    endloop
  endfacet
  facet normal 0 0 1
    outer loop
      vertex 51.8894 49.5773 2.5
      vertex 56.3284 52.452 2.5
      vertex 56.1576 53.0147 2.5
    endloop
  endfacet
  facet normal -0 0 1
    outer loop
      vertex 52.3287 36.8218 2.5
      vertex 56.9787 34.2213 2.5
      vertex 52.36 37.1 2.5
    endloop
  endfacet
  facet normal 0 0 1
    outer loop
      vertex 51.3881 49.8187 2.5
      vertex 56.1576 53.0147 2.5
      vertex 56.1 53.6 2.5
    endloop
  endfacet
  facet normal 0 0 1
    outer loop
      vertex 56.9787 34.2213 2.5
      vertex 52.3287 36.8218 2.5
      vertex 56.6056 33.7667 2.5
    endloop
  endfacet
  facet normal -0 0 1
    outer loop
      vertex 75.2213 34.9787 2.5
      vertex 79.3813 32.6282 2.5
      vertex 75.5944 35.4333 2.5
    endloop
  endfacet
  facet normal 0 0 1
    outer loop
      vertex 79.35 20.85 2.5
      vertex 76.0424 16.6853 2.5
      vertex 76.1 16.1 2.5
    endloop
  endfacet
  facet normal 0 0 1
    outer loop
      vertex 79.3813 32.6282 2.5
      vertex 75.2213 34.9787 2.5
      vertex 79.35 32.35 2.5
    endloop
  endfacet
  facet normal 0 0 1
    outer loop
      vertex 79.35 20.85 2.5
      vertex 75.8716 17.248 2.5
      vertex 76.0424 16.6853 2.5
    endloop
  endfacet
  facet normal -0 0 1
    outer loop
      vertex 74.7667 34.6056 2.5
      vertex 79.35 32.35 2.5
      vertex 75.2213 34.9787 2.5
    endloop
  endfacet
  facet normal 0 0 1
    outer loop
      vertex 79.35 20.85 2.5
      vertex 75.5944 17.7667 2.5
      vertex 75.8716 17.248 2.5
    endloop
  endfacet
  facet normal -0 0 1
    outer loop
      vertex 74.248 34.3284 2.5
      vertex 79.35 32.35 2.5
      vertex 74.7667 34.6056 2.5
    endloop
  endfacet
  facet normal 0 0 1
    outer loop
      vertex 79.35 20.85 2.5
      vertex 75.2213 18.2213 2.5
      vertex 75.5944 17.7667 2.5
    endloop
  endfacet
  facet normal -0 0 1
    outer loop
      vertex 73.6853 34.1576 2.5
      vertex 79.35 32.35 2.5
      vertex 74.248 34.3284 2.5
    endloop
  endfacet
  facet normal 0 0 1
    outer loop
      vertex 79.35 20.85 2.5
      vertex 74.7667 18.5944 2.5
      vertex 75.2213 18.2213 2.5
    endloop
  endfacet
  facet normal 0 0 1
    outer loop
      vertex 79.35 32.35 2.5
      vertex 73.6853 34.1576 2.5
      vertex 79.35 20.85 2.5
    endloop
  endfacet
  facet normal 0 0 1
    outer loop
      vertex 79.35 20.85 2.5
      vertex 74.248 18.8716 2.5
      vertex 74.7667 18.5944 2.5
    endloop
  endfacet
  facet normal 0 0 1
    outer loop
      vertex 73.6853 19.0424 2.5
      vertex 79.35 20.85 2.5
      vertex 73.6853 34.1576 2.5
    endloop
  endfacet
  facet normal 0 0 1
    outer loop
      vertex 79.35 20.85 2.5
      vertex 73.6853 19.0424 2.5
      vertex 74.248 18.8716 2.5
    endloop
  endfacet
  facet normal -0 0 1
    outer loop
      vertex 73.1 34.1 2.5
      vertex 73.6853 19.0424 2.5
      vertex 73.6853 34.1576 2.5
    endloop
  endfacet
  facet normal 0 0 1
    outer loop
      vertex 73.1 34.1 2.5
      vertex 73.1 19.1 2.5
      vertex 73.6853 19.0424 2.5
    endloop
  endfacet
  facet normal 0 0 1
    outer loop
      vertex 72.5147 34.1576 2.5
      vertex 73.1 19.1 2.5
      vertex 73.1 34.1 2.5
    endloop
  endfacet
  facet normal 0 0 1
    outer loop
      vertex 72.5147 34.1576 2.5
      vertex 72.5147 19.0424 2.5
      vertex 73.1 19.1 2.5
    endloop
  endfacet
  facet normal 0 0 1
    outer loop
      vertex 71.952 34.3284 2.5
      vertex 72.5147 19.0424 2.5
      vertex 72.5147 34.1576 2.5
    endloop
  endfacet
  facet normal 0 0 1
    outer loop
      vertex 71.952 34.3284 2.5
      vertex 71.952 18.8716 2.5
      vertex 72.5147 19.0424 2.5
    endloop
  endfacet
  facet normal 0 0 1
    outer loop
      vertex 61.8716 30.952 2.5
      vertex 71.952 34.3284 2.5
      vertex 71.4333 34.6056 2.5
    endloop
  endfacet
  facet normal 0 0 1
    outer loop
      vertex 71.952 34.3284 2.5
      vertex 61.5944 30.4333 2.5
      vertex 71.952 18.8716 2.5
    endloop
  endfacet
  facet normal 0 0 1
    outer loop
      vertex 62.0424 31.5147 2.5
      vertex 71.4333 34.6056 2.5
      vertex 70.9787 34.9787 2.5
    endloop
  endfacet
  facet normal 0 0 1
    outer loop
      vertex 71.952 34.3284 2.5
      vertex 61.8716 30.952 2.5
      vertex 61.5944 30.4333 2.5
    endloop
  endfacet
  facet normal 0 0 1
    outer loop
      vertex 62.1 32.1 2.5
      vertex 70.9787 34.9787 2.5
      vertex 70.6056 35.4333 2.5
    endloop
  endfacet
  facet normal 0 0 1
    outer loop
      vertex 71.952 18.8716 2.5
      vertex 61.5944 30.4333 2.5
      vertex 71.4333 18.5944 2.5
    endloop
  endfacet
  facet normal 0 0 1
    outer loop
      vertex 62.1 32.1 2.5
      vertex 70.6056 35.4333 2.5
      vertex 70.3284 35.952 2.5
    endloop
  endfacet
  facet normal -0 0 1
    outer loop
      vertex 61.2213 29.9787 2.5
      vertex 71.4333 18.5944 2.5
      vertex 61.5944 30.4333 2.5
    endloop
  endfacet
  facet normal 0 0 1
    outer loop
      vertex 62.1 32.1 2.5
      vertex 70.3284 35.952 2.5
      vertex 70.1576 36.5147 2.5
    endloop
  endfacet
  facet normal 0 0 1
    outer loop
      vertex 71.4333 18.5944 2.5
      vertex 61.2213 29.9787 2.5
      vertex 70.9787 18.2213 2.5
    endloop
  endfacet
  facet normal 0 0 1
    outer loop
      vertex 62.1 32.1 2.5
      vertex 70.1576 36.5147 2.5
      vertex 70.1 37.1 2.5
    endloop
  endfacet
  facet normal -0 0 1
    outer loop
      vertex 60.7667 29.6056 2.5
      vertex 70.9787 18.2213 2.5
      vertex 61.2213 29.9787 2.5
    endloop
  endfacet
  facet normal 0 0 1
    outer loop
      vertex 80.6 33.6 2.5
      vertex 76.0424 37.6853 2.5
      vertex 76.1 37.1 2.5
    endloop
  endfacet
  facet normal 0 0 1
    outer loop
      vertex 76.7667 54.6056 2.5
      vertex 75.8716 38.2481 2.5
      vertex 76.0424 37.6853 2.5
    endloop
  endfacet
  facet normal 0 0 1
    outer loop
      vertex 74.7667 39.5944 2.5
      vertex 76.248 54.3284 2.5
      vertex 75.6853 54.1576 2.5
    endloop
  endfacet
  facet normal 0 0 1
    outer loop
      vertex 76.7667 54.6056 2.5
      vertex 75.5944 38.7667 2.5
      vertex 75.8716 38.2481 2.5
    endloop
  endfacet
  facet normal 0 0 1
    outer loop
      vertex 76.7667 54.6056 2.5
      vertex 75.2213 39.2213 2.5
      vertex 75.5944 38.7667 2.5
    endloop
  endfacet
  facet normal 0 0 1
    outer loop
      vertex 74.248 39.8716 2.5
      vertex 75.6853 54.1576 2.5
      vertex 75.1 54.1 2.5
    endloop
  endfacet
  facet normal 0 0 1
    outer loop
      vertex 76.248 54.3284 2.5
      vertex 74.7667 39.5944 2.5
      vertex 75.2213 39.2213 2.5
    endloop
  endfacet
  facet normal 0 0 1
    outer loop
      vertex 73.6853 40.0424 2.5
      vertex 75.1 54.1 2.5
      vertex 74.5147 54.1576 2.5
    endloop
  endfacet
  facet normal 0 0 1
    outer loop
      vertex 75.6853 54.1576 2.5
      vertex 74.248 39.8716 2.5
      vertex 74.7667 39.5944 2.5
    endloop
  endfacet
  facet normal 0 0 1
    outer loop
      vertex 73.1 40.1 2.5
      vertex 74.5147 54.1576 2.5
      vertex 73.952 54.3284 2.5
    endloop
  endfacet
  facet normal 0 0 1
    outer loop
      vertex 75.1 54.1 2.5
      vertex 73.6853 40.0424 2.5
      vertex 74.248 39.8716 2.5
    endloop
  endfacet
  facet normal 0 0 1
    outer loop
      vertex 72.5147 40.0424 2.5
      vertex 73.952 54.3284 2.5
      vertex 73.4333 54.6056 2.5
    endloop
  endfacet
  facet normal 0 0 1
    outer loop
      vertex 74.5147 54.1576 2.5
      vertex 73.1 40.1 2.5
      vertex 73.6853 40.0424 2.5
    endloop
  endfacet
  facet normal 0 0 1
    outer loop
      vertex 72.6056 55.4333 2.5
      vertex 62.0424 53.0147 2.5
      vertex 72.9787 54.9787 2.5
    endloop
  endfacet
  facet normal 0 0 1
    outer loop
      vertex 62.0424 53.0147 2.5
      vertex 72.6056 55.4333 2.5
      vertex 62.1 53.6 2.5
    endloop
  endfacet
  facet normal 0 0 1
    outer loop
      vertex 73.952 54.3284 2.5
      vertex 72.5147 40.0424 2.5
      vertex 73.1 40.1 2.5
    endloop
  endfacet
  facet normal 0 0 1
    outer loop
      vertex 62.1 53.6 2.5
      vertex 72.6056 55.4333 2.5
      vertex 72.3284 55.952 2.5
    endloop
  endfacet
  facet normal 0 0 1
    outer loop
      vertex 62.0424 54.1853 2.5
      vertex 72.3284 55.952 2.5
      vertex 72.1576 56.5147 2.5
    endloop
  endfacet
  facet normal 0 0 1
    outer loop
      vertex 61.8716 54.7481 2.5
      vertex 72.1576 56.5147 2.5
      vertex 72.1 57.1 2.5
    endloop
  endfacet
  facet normal 0 0 1
    outer loop
      vertex 73.4333 54.6056 2.5
      vertex 71.952 39.8716 2.5
      vertex 72.5147 40.0424 2.5
    endloop
  endfacet
  facet normal 0 0 1
    outer loop
      vertex 78.0424 57.6853 2.5
      vertex 94.352 69.6284 2.5
      vertex 93.8333 69.9056 2.5
    endloop
  endfacet
  facet normal 0 0 1
    outer loop
      vertex 94.352 69.6284 2.5
      vertex 93.7362 32.8924 2.5
      vertex 93.86 32.35 2.5
    endloop
  endfacet
  facet normal 0 0 1
    outer loop
      vertex 94.352 69.6284 2.5
      vertex 93.3894 33.3273 2.5
      vertex 93.7362 32.8924 2.5
    endloop
  endfacet
  facet normal 0 0 1
    outer loop
      vertex 77.8716 58.2481 2.5
      vertex 93.8333 69.9056 2.5
      vertex 93.3787 70.2787 2.5
    endloop
  endfacet
  facet normal 0 0 1
    outer loop
      vertex 77.5944 58.7667 2.5
      vertex 93.3787 70.2787 2.5
      vertex 93.0056 70.7333 2.5
    endloop
  endfacet
  facet normal 0 0 1
    outer loop
      vertex 94.352 69.6284 2.5
      vertex 92.8881 33.5687 2.5
      vertex 93.3894 33.3273 2.5
    endloop
  endfacet
  facet normal 0 0 1
    outer loop
      vertex 77.2213 59.2213 2.5
      vertex 93.0056 70.7333 2.5
      vertex 92.7284 71.252 2.5
    endloop
  endfacet
  facet normal 0 0 1
    outer loop
      vertex 94.352 69.6284 2.5
      vertex 78.0424 56.5147 2.5
      vertex 92.8881 33.5687 2.5
    endloop
  endfacet
  facet normal 0 0 1
    outer loop
      vertex 92.8881 33.5687 2.5
      vertex 78.0424 56.5147 2.5
      vertex 92.61 33.6 2.5
    endloop
  endfacet
  facet normal 0 0 1
    outer loop
      vertex 76.7667 59.5944 2.5
      vertex 92.7284 71.252 2.5
      vertex 92.5576 71.8147 2.5
    endloop
  endfacet
  facet normal 0 0 1
    outer loop
      vertex 76.248 59.8716 2.5
      vertex 92.5576 71.8147 2.5
      vertex 92.5 72.4 2.5
    endloop
  endfacet
  facet normal -0 0 1
    outer loop
      vertex 77.8716 55.952 2.5
      vertex 92.61 33.6 2.5
      vertex 78.0424 56.5147 2.5
    endloop
  endfacet
  facet normal -0 0 1
    outer loop
      vertex 8.3048 74.9258 2.5
      vertex 11.952 56.3716 2.5
      vertex 8.8952 74.9258 2.5
    endloop
  endfacet
  facet normal 0 0 1
    outer loop
      vertex 11.952 56.3716 2.5
      vertex 8.3048 74.9258 2.5
      vertex 11.4333 56.0944 2.5
    endloop
  endfacet
  facet normal 0 0 1
    outer loop
      vertex 11.4333 56.0944 2.5
      vertex 8.3048 74.9258 2.5
      vertex 10.9787 55.7213 2.5
    endloop
  endfacet
  facet normal 0 0 1
    outer loop
      vertex 1.95 76.2 2.5
      vertex 10.9787 55.7213 2.5
      vertex 7.75 75.1278 2.5
    endloop
  endfacet
  facet normal 0 0 1
    outer loop
      vertex 7.75 75.1278 2.5
      vertex 10.9787 55.7213 2.5
      vertex 8.3048 74.9258 2.5
    endloop
  endfacet
  facet normal -0 0 1
    outer loop
      vertex 96.648 69.6284 2.5
      vertex 116.433 39.5944 2.5
      vertex 97.1667 69.9056 2.5
    endloop
  endfacet
  facet normal 0 0 1
    outer loop
      vertex 116.433 39.5944 2.5
      vertex 96.648 69.6284 2.5
      vertex 115.979 39.2213 2.5
    endloop
  endfacet
  facet normal 0 0 1
    outer loop
      vertex 115.979 39.2213 2.5
      vertex 96.648 69.6284 2.5
      vertex 104.6 33.6 2.5
    endloop
  endfacet
  facet normal 0 0 1
    outer loop
      vertex 104.6 33.6 2.5
      vertex 96.648 69.6284 2.5
      vertex 98.8881 33.5687 2.5
    endloop
  endfacet
  facet normal -0 0 1
    outer loop
      vertex 96.0853 69.4576 2.5
      vertex 98.8881 33.5687 2.5
      vertex 96.648 69.6284 2.5
    endloop
  endfacet
  facet normal 0 0 1
    outer loop
      vertex 98.8881 33.5687 2.5
      vertex 96.0853 69.4576 2.5
      vertex 98.61 33.6 2.5
    endloop
  endfacet
  facet normal 0 0 1
    outer loop
      vertex 98.61 33.6 2.5
      vertex 96.0853 69.4576 2.5
      vertex 98.6 33.6 2.5
    endloop
  endfacet
  facet normal -0 0 1
    outer loop
      vertex 95.5 69.4 2.5
      vertex 98.6 33.6 2.5
      vertex 96.0853 69.4576 2.5
    endloop
  endfacet
  facet normal 0 0 1
    outer loop
      vertex 94.9147 69.4576 2.5
      vertex 98.0576 33.4762 2.5
      vertex 95.5 69.4 2.5
    endloop
  endfacet
  facet normal 0 0 1
    outer loop
      vertex 98.6 33.6 2.5
      vertex 95.5 69.4 2.5
      vertex 98.0576 33.4762 2.5
    endloop
  endfacet
  facet normal -0 0 1
    outer loop
      vertex 120.872 35.952 2.5
      vertex 128.25 9 2.5
      vertex 121.042 36.5147 2.5
    endloop
  endfacet
  facet normal 0 0 1
    outer loop
      vertex 128.25 9 2.5
      vertex 121.042 16.6853 2.5
      vertex 121.1 16.1 2.5
    endloop
  endfacet
  facet normal -0 0 1
    outer loop
      vertex 120.872 17.248 2.5
      vertex 128.25 9 2.5
      vertex 120.872 35.952 2.5
    endloop
  endfacet
  facet normal 0 0 1
    outer loop
      vertex 128.25 9 2.5
      vertex 120.872 17.248 2.5
      vertex 121.042 16.6853 2.5
    endloop
  endfacet
  facet normal -0 0 1
    outer loop
      vertex 120.594 35.4333 2.5
      vertex 120.872 17.248 2.5
      vertex 120.872 35.952 2.5
    endloop
  endfacet
  facet normal 0 0 1
    outer loop
      vertex 120.594 35.4333 2.5
      vertex 120.594 17.7667 2.5
      vertex 120.872 17.248 2.5
    endloop
  endfacet
  facet normal -0 0 1
    outer loop
      vertex 120.221 34.9787 2.5
      vertex 120.594 17.7667 2.5
      vertex 120.594 35.4333 2.5
    endloop
  endfacet
  facet normal 0 0 1
    outer loop
      vertex 120.221 34.9787 2.5
      vertex 120.221 18.2213 2.5
      vertex 120.594 17.7667 2.5
    endloop
  endfacet
  facet normal -0 0 1
    outer loop
      vertex 119.767 34.6056 2.5
      vertex 120.221 18.2213 2.5
      vertex 120.221 34.9787 2.5
    endloop
  endfacet
  facet normal 0 0 1
    outer loop
      vertex 119.767 34.6056 2.5
      vertex 119.767 18.5944 2.5
      vertex 120.221 18.2213 2.5
    endloop
  endfacet
  facet normal -0 0 1
    outer loop
      vertex 119.248 34.3284 2.5
      vertex 119.767 18.5944 2.5
      vertex 119.767 34.6056 2.5
    endloop
  endfacet
  facet normal 0 0 1
    outer loop
      vertex 119.248 34.3284 2.5
      vertex 119.248 18.8716 2.5
      vertex 119.767 18.5944 2.5
    endloop
  endfacet
  facet normal -0 0 1
    outer loop
      vertex 118.685 34.1576 2.5
      vertex 119.248 18.8716 2.5
      vertex 119.248 34.3284 2.5
    endloop
  endfacet
  facet normal 0 0 1
    outer loop
      vertex 118.685 34.1576 2.5
      vertex 118.685 19.0424 2.5
      vertex 119.248 18.8716 2.5
    endloop
  endfacet
  facet normal -0 0 1
    outer loop
      vertex 118.1 34.1 2.5
      vertex 118.685 19.0424 2.5
      vertex 118.685 34.1576 2.5
    endloop
  endfacet
  facet normal 0 0 1
    outer loop
      vertex 118.1 34.1 2.5
      vertex 118.1 19.1 2.5
      vertex 118.685 19.0424 2.5
    endloop
  endfacet
  facet normal 0 0 1
    outer loop
      vertex 117.515 34.1576 2.5
      vertex 118.1 19.1 2.5
      vertex 118.1 34.1 2.5
    endloop
  endfacet
  facet normal 0 0 1
    outer loop
      vertex 117.515 34.1576 2.5
      vertex 117.515 19.0424 2.5
      vertex 118.1 19.1 2.5
    endloop
  endfacet
  facet normal 0 0 1
    outer loop
      vertex 111.86 32.35 2.5
      vertex 117.515 34.1576 2.5
      vertex 116.952 34.3284 2.5
    endloop
  endfacet
  facet normal 0 0 1
    outer loop
      vertex 117.515 34.1576 2.5
      vertex 111.86 32.35 2.5
      vertex 117.515 19.0424 2.5
    endloop
  endfacet
  facet normal 0 0 1
    outer loop
      vertex 111.86 32.35 2.5
      vertex 116.952 34.3284 2.5
      vertex 116.433 34.6056 2.5
    endloop
  endfacet
  facet normal -0 0 1
    outer loop
      vertex 111.86 20.85 2.5
      vertex 117.515 19.0424 2.5
      vertex 111.86 32.35 2.5
    endloop
  endfacet
  facet normal 0 0 1
    outer loop
      vertex 111.86 32.35 2.5
      vertex 116.433 34.6056 2.5
      vertex 115.979 34.9787 2.5
    endloop
  endfacet
  facet normal 0 0 1
    outer loop
      vertex 117.515 19.0424 2.5
      vertex 111.86 20.85 2.5
      vertex 116.952 18.8716 2.5
    endloop
  endfacet
  facet normal 0 0 1
    outer loop
      vertex 111.736 32.8924 2.5
      vertex 115.979 34.9787 2.5
      vertex 115.606 35.4333 2.5
    endloop
  endfacet
  facet normal 0 0 1
    outer loop
      vertex 116.952 18.8716 2.5
      vertex 111.86 20.85 2.5
      vertex 116.433 18.5944 2.5
    endloop
  endfacet
  facet normal 0 0 1
    outer loop
      vertex 111.736 32.8924 2.5
      vertex 115.606 35.4333 2.5
      vertex 115.328 35.952 2.5
    endloop
  endfacet
  facet normal 0 0 1
    outer loop
      vertex 116.433 18.5944 2.5
      vertex 111.86 20.85 2.5
      vertex 115.979 18.2213 2.5
    endloop
  endfacet
  facet normal 0 0 1
    outer loop
      vertex 111.389 33.3273 2.5
      vertex 115.328 35.952 2.5
      vertex 115.158 36.5147 2.5
    endloop
  endfacet
  facet normal -0 0 1
    outer loop
      vertex 111.829 20.5718 2.5
      vertex 115.979 18.2213 2.5
      vertex 111.86 20.85 2.5
    endloop
  endfacet
  facet normal 0 0 1
    outer loop
      vertex 110.888 33.5687 2.5
      vertex 115.158 36.5147 2.5
      vertex 115.1 37.1 2.5
    endloop
  endfacet
  facet normal 0 0 1
    outer loop
      vertex 115.979 18.2213 2.5
      vertex 111.829 20.5718 2.5
      vertex 115.606 17.7667 2.5
    endloop
  endfacet
  facet normal 0 -0 1
    outer loop
      vertex 121.1 37.1 2.5
      vertex 128.25 76.2 2.5
      vertex 121.042 37.6853 2.5
    endloop
  endfacet
  facet normal -0 0 1
    outer loop
      vertex 121.042 36.5147 2.5
      vertex 128.25 9 2.5
      vertex 121.1 37.1 2.5
    endloop
  endfacet
  facet normal 0 0 1
    outer loop
      vertex 120.872 38.2481 2.5
      vertex 123.197 76.0186 2.5
      vertex 122.902 75.5073 2.5
    endloop
  endfacet
  facet normal 0 0 1
    outer loop
      vertex 128.25 9 2.5
      vertex 123.197 9.18143 2.5
      vertex 123.3 8.6 2.5
    endloop
  endfacet
  facet normal 0 0 1
    outer loop
      vertex 120.221 39.2213 2.5
      vertex 122.902 75.5073 2.5
      vertex 122.45 75.1278 2.5
    endloop
  endfacet
  facet normal -0 0 1
    outer loop
      vertex 121.042 15.5147 2.5
      vertex 128.25 9 2.5
      vertex 121.1 16.1 2.5
    endloop
  endfacet
  facet normal 0 0 1
    outer loop
      vertex 119.767 39.5944 2.5
      vertex 122.45 75.1278 2.5
      vertex 121.895 74.9258 2.5
    endloop
  endfacet
  facet normal 0 0 1
    outer loop
      vertex 128.25 9 2.5
      vertex 122.902 9.69274 2.5
      vertex 123.197 9.18143 2.5
    endloop
  endfacet
  facet normal 0 0 1
    outer loop
      vertex 118.685 40.0424 2.5
      vertex 121.895 74.9258 2.5
      vertex 121.305 74.9258 2.5
    endloop
  endfacet
  facet normal 0 0 1
    outer loop
      vertex 128.25 9 2.5
      vertex 121.042 15.5147 2.5
      vertex 122.902 9.69274 2.5
    endloop
  endfacet
  facet normal 0 0 1
    outer loop
      vertex 122.902 9.69274 2.5
      vertex 121.042 15.5147 2.5
      vertex 122.45 10.0722 2.5
    endloop
  endfacet
  facet normal 0 0 1
    outer loop
      vertex 128.25 76.2 2.5
      vertex 121.1 37.1 2.5
      vertex 128.25 9 2.5
    endloop
  endfacet
  facet normal 0 0 1
    outer loop
      vertex 123.197 76.0186 2.5
      vertex 120.872 38.2481 2.5
      vertex 121.042 37.6853 2.5
    endloop
  endfacet
  facet normal 0 0 1
    outer loop
      vertex 117.515 40.0424 2.5
      vertex 121.305 74.9258 2.5
      vertex 120.75 75.1278 2.5
    endloop
  endfacet
  facet normal 0 0 1
    outer loop
      vertex 122.902 75.5073 2.5
      vertex 120.594 38.7667 2.5
      vertex 120.872 38.2481 2.5
    endloop
  endfacet
  facet normal 0 0 1
    outer loop
      vertex 120.003 76.0186 2.5
      vertex 98.4424 71.8147 2.5
      vertex 120.298 75.5073 2.5
    endloop
  endfacet
  facet normal 0 0 1
    outer loop
      vertex 122.902 75.5073 2.5
      vertex 120.221 39.2213 2.5
      vertex 120.594 38.7667 2.5
    endloop
  endfacet
  facet normal 0 0 1
    outer loop
      vertex 98.4424 71.8147 2.5
      vertex 120.003 76.0186 2.5
      vertex 98.5 72.4 2.5
    endloop
  endfacet
  facet normal 0 0 1
    outer loop
      vertex 98.4424 72.9853 2.5
      vertex 120.003 76.0186 2.5
      vertex 119.9 76.6 2.5
    endloop
  endfacet
  facet normal 0 0 1
    outer loop
      vertex 122.45 75.1278 2.5
      vertex 119.767 39.5944 2.5
      vertex 120.221 39.2213 2.5
    endloop
  endfacet
  facet normal -0 0 1
    outer loop
      vertex 123.3 76.6 2.5
      vertex 128.25 76.2 2.5
      vertex 128.223 76.8144 2.5
    endloop
  endfacet
  facet normal 0 0 1
    outer loop
      vertex 123.197 76.0186 2.5
      vertex 128.25 76.2 2.5
      vertex 123.3 76.6 2.5
    endloop
  endfacet
  facet normal 0 0 1
    outer loop
      vertex 123.3 76.6 2.5
      vertex 128.223 76.8144 2.5
      vertex 128.143 77.4242 2.5
    endloop
  endfacet
  facet normal 0 0 1
    outer loop
      vertex 121.042 37.6853 2.5
      vertex 128.25 76.2 2.5
      vertex 123.197 76.0186 2.5
    endloop
  endfacet
  facet normal 0 0 1
    outer loop
      vertex 123.3 76.6 2.5
      vertex 128.143 77.4242 2.5
      vertex 128.01 78.0247 2.5
    endloop
  endfacet
  facet normal 0 0 1
    outer loop
      vertex 128.25 9 2.5
      vertex 123.3 8.6 2.5
      vertex 128.223 8.38555 2.5
    endloop
  endfacet
  facet normal 0 0 1
    outer loop
      vertex 123.197 77.1814 2.5
      vertex 128.01 78.0247 2.5
      vertex 127.825 78.6112 2.5
    endloop
  endfacet
  facet normal 0 0 1
    outer loop
      vertex 128.223 8.38555 2.5
      vertex 123.3 8.6 2.5
      vertex 128.143 7.77578 2.5
    endloop
  endfacet
  facet normal 0 0 1
    outer loop
      vertex 123.197 77.1814 2.5
      vertex 127.825 78.6112 2.5
      vertex 127.589 79.1795 2.5
    endloop
  endfacet
  facet normal 0 0 1
    outer loop
      vertex 128.143 7.77578 2.5
      vertex 123.3 8.6 2.5
      vertex 128.01 7.17533 2.5
    endloop
  endfacet
  facet normal 0 0 1
    outer loop
      vertex 123.197 77.1814 2.5
      vertex 127.589 79.1795 2.5
      vertex 127.305 79.725 2.5
    endloop
  endfacet
  facet normal -0 0 1
    outer loop
      vertex 123.197 8.01857 2.5
      vertex 128.01 7.17533 2.5
      vertex 123.3 8.6 2.5
    endloop
  endfacet
  facet normal 0 0 1
    outer loop
      vertex 122.902 77.6927 2.5
      vertex 127.305 79.725 2.5
      vertex 126.975 80.2437 2.5
    endloop
  endfacet
  facet normal 0 0 1
    outer loop
      vertex 128.01 7.17533 2.5
      vertex 123.197 8.01857 2.5
      vertex 127.825 6.58876 2.5
    endloop
  endfacet
  facet normal 0 0 1
    outer loop
      vertex 122.902 77.6927 2.5
      vertex 126.975 80.2437 2.5
      vertex 126.601 80.7317 2.5
    endloop
  endfacet
  facet normal 0 0 1
    outer loop
      vertex 127.825 6.58876 2.5
      vertex 123.197 8.01857 2.5
      vertex 127.589 6.02054 2.5
    endloop
  endfacet
  facet normal 0 0 1
    outer loop
      vertex 122.902 77.6927 2.5
      vertex 126.601 80.7317 2.5
      vertex 126.185 81.1851 2.5
    endloop
  endfacet
  facet normal 0 0 1
    outer loop
      vertex 127.589 6.02054 2.5
      vertex 123.197 8.01857 2.5
      vertex 127.305 5.475 2.5
    endloop
  endfacet
  facet normal 0 0 1
    outer loop
      vertex 122.902 77.6927 2.5
      vertex 126.185 81.1851 2.5
      vertex 125.732 81.6006 2.5
    endloop
  endfacet
  facet normal -0 0 1
    outer loop
      vertex 122.902 7.50726 2.5
      vertex 127.305 5.475 2.5
      vertex 123.197 8.01857 2.5
    endloop
  endfacet
  facet normal 0 0 1
    outer loop
      vertex 122.45 78.0722 2.5
      vertex 125.732 81.6006 2.5
      vertex 125.244 81.975 2.5
    endloop
  endfacet
  facet normal 0 0 1
    outer loop
      vertex 127.305 5.475 2.5
      vertex 122.902 7.50726 2.5
      vertex 126.975 4.95629 2.5
    endloop
  endfacet
  facet normal 0 0 1
    outer loop
      vertex 122.45 78.0722 2.5
      vertex 125.244 81.975 2.5
      vertex 124.725 82.3055 2.5
    endloop
  endfacet
  facet normal 0 0 1
    outer loop
      vertex 126.975 4.95629 2.5
      vertex 122.902 7.50726 2.5
      vertex 126.601 4.46835 2.5
    endloop
  endfacet
  facet normal 0 0 1
    outer loop
      vertex 122.45 78.0722 2.5
      vertex 124.725 82.3055 2.5
      vertex 124.179 82.5895 2.5
    endloop
  endfacet
  facet normal 0 0 1
    outer loop
      vertex 126.601 4.46835 2.5
      vertex 122.902 7.50726 2.5
      vertex 126.185 4.0149 2.5
    endloop
  endfacet
  facet normal 0 0 1
    outer loop
      vertex 121.895 78.2742 2.5
      vertex 124.179 82.5895 2.5
      vertex 123.611 82.8248 2.5
    endloop
  endfacet
  facet normal 0 0 1
    outer loop
      vertex 126.185 4.0149 2.5
      vertex 122.902 7.50726 2.5
      vertex 125.732 3.59939 2.5
    endloop
  endfacet
  facet normal -0 0 1
    outer loop
      vertex 122.45 7.12776 2.5
      vertex 125.732 3.59939 2.5
      vertex 122.902 7.50726 2.5
    endloop
  endfacet
  facet normal 0 0 1
    outer loop
      vertex 128.01 78.0247 2.5
      vertex 123.197 77.1814 2.5
      vertex 123.3 76.6 2.5
    endloop
  endfacet
  facet normal 0 0 1
    outer loop
      vertex 121.895 78.2742 2.5
      vertex 123.611 82.8248 2.5
      vertex 123.025 83.0098 2.5
    endloop
  endfacet
  facet normal 0 0 1
    outer loop
      vertex 127.305 79.725 2.5
      vertex 122.902 77.6927 2.5
      vertex 123.197 77.1814 2.5
    endloop
  endfacet
  facet normal 0 0 1
    outer loop
      vertex 125.732 81.6006 2.5
      vertex 122.45 78.0722 2.5
      vertex 122.902 77.6927 2.5
    endloop
  endfacet
  facet normal 0 0 1
    outer loop
      vertex 121.895 78.2742 2.5
      vertex 123.025 83.0098 2.5
      vertex 122.424 83.1429 2.5
    endloop
  endfacet
  facet normal 0 0 1
    outer loop
      vertex 124.179 82.5895 2.5
      vertex 121.895 78.2742 2.5
      vertex 122.45 78.0722 2.5
    endloop
  endfacet
  facet normal 0 0 1
    outer loop
      vertex 121.814 83.2232 2.5
      vertex 121.895 78.2742 2.5
      vertex 122.424 83.1429 2.5
    endloop
  endfacet
  facet normal 0 0 1
    outer loop
      vertex 121.814 83.2232 2.5
      vertex 121.305 78.2742 2.5
      vertex 121.895 78.2742 2.5
    endloop
  endfacet
  facet normal 0 0 1
    outer loop
      vertex 121.2 83.25 2.5
      vertex 121.305 78.2742 2.5
      vertex 121.814 83.2232 2.5
    endloop
  endfacet
  facet normal 0 0 1
    outer loop
      vertex 121.2 83.25 2.5
      vertex 120.75 78.0722 2.5
      vertex 121.305 78.2742 2.5
    endloop
  endfacet
  facet normal 0 0 1
    outer loop
      vertex 121.2 83.25 2.5
      vertex 120.298 77.6927 2.5
      vertex 120.75 78.0722 2.5
    endloop
  endfacet
  facet normal 0 0 1
    outer loop
      vertex 121.2 83.25 2.5
      vertex 120.003 77.1814 2.5
      vertex 120.298 77.6927 2.5
    endloop
  endfacet
  facet normal 0 0 1
    outer loop
      vertex 121.895 74.9258 2.5
      vertex 119.248 39.8716 2.5
      vertex 119.767 39.5944 2.5
    endloop
  endfacet
  facet normal 0 0 1
    outer loop
      vertex 121.895 74.9258 2.5
      vertex 118.685 40.0424 2.5
      vertex 119.248 39.8716 2.5
    endloop
  endfacet
  facet normal 0 0 1
    outer loop
      vertex 121.305 74.9258 2.5
      vertex 118.1 40.1 2.5
      vertex 118.685 40.0424 2.5
    endloop
  endfacet
  facet normal 0 0 1
    outer loop
      vertex 121.305 74.9258 2.5
      vertex 117.515 40.0424 2.5
      vertex 118.1 40.1 2.5
    endloop
  endfacet
  facet normal 0 0 1
    outer loop
      vertex 98.2716 71.252 2.5
      vertex 120.298 75.5073 2.5
      vertex 98.4424 71.8147 2.5
    endloop
  endfacet
  facet normal 0 0 1
    outer loop
      vertex 120.298 75.5073 2.5
      vertex 98.2716 71.252 2.5
      vertex 120.75 75.1278 2.5
    endloop
  endfacet
  facet normal 0 0 1
    outer loop
      vertex 97.9944 70.7333 2.5
      vertex 120.75 75.1278 2.5
      vertex 98.2716 71.252 2.5
    endloop
  endfacet
  facet normal 0 0 1
    outer loop
      vertex 97.6213 70.2787 2.5
      vertex 120.75 75.1278 2.5
      vertex 97.9944 70.7333 2.5
    endloop
  endfacet
  facet normal 0 0 1
    outer loop
      vertex 120.75 75.1278 2.5
      vertex 97.6213 70.2787 2.5
      vertex 117.515 40.0424 2.5
    endloop
  endfacet
  facet normal 0 0 1
    outer loop
      vertex 115.979 39.2213 2.5
      vertex 104.6 33.6 2.5
      vertex 115.606 38.7667 2.5
    endloop
  endfacet
  facet normal -0 0 1
    outer loop
      vertex 111.587 20.0706 2.5
      vertex 115.606 17.7667 2.5
      vertex 111.829 20.5718 2.5
    endloop
  endfacet
  facet normal 0 0 1
    outer loop
      vertex 110.61 33.6 2.5
      vertex 115.1 37.1 2.5
      vertex 115.158 37.6853 2.5
    endloop
  endfacet
  facet normal 0 -0 1
    outer loop
      vertex 104.61 33.6 2.5
      vertex 115.606 38.7667 2.5
      vertex 104.6 33.6 2.5
    endloop
  endfacet
  facet normal 0 0 1
    outer loop
      vertex 98.2716 73.548 2.5
      vertex 119.9 76.6 2.5
      vertex 120.003 77.1814 2.5
    endloop
  endfacet
  facet normal 0 0 1
    outer loop
      vertex 115.979 34.9787 2.5
      vertex 111.736 32.8924 2.5
      vertex 111.86 32.35 2.5
    endloop
  endfacet
  facet normal 0 0 1
    outer loop
      vertex 115.328 35.952 2.5
      vertex 111.389 33.3273 2.5
      vertex 111.736 32.8924 2.5
    endloop
  endfacet
  facet normal 0 0 1
    outer loop
      vertex 115.158 36.5147 2.5
      vertex 110.888 33.5687 2.5
      vertex 111.389 33.3273 2.5
    endloop
  endfacet
  facet normal 0 0 1
    outer loop
      vertex 97.9944 74.0667 2.5
      vertex 120.003 77.1814 2.5
      vertex 121.2 83.25 2.5
    endloop
  endfacet
  facet normal 0 -0 1
    outer loop
      vertex 104.888 33.5687 2.5
      vertex 115.606 38.7667 2.5
      vertex 104.61 33.6 2.5
    endloop
  endfacet
  facet normal 0 0 1
    outer loop
      vertex 115.1 37.1 2.5
      vertex 110.61 33.6 2.5
      vertex 110.888 33.5687 2.5
    endloop
  endfacet
  facet normal 0 0 1
    outer loop
      vertex 115.158 37.6853 2.5
      vertex 110.6 33.6 2.5
      vertex 110.61 33.6 2.5
    endloop
  endfacet
  facet normal 0 -0 1
    outer loop
      vertex 110.6 33.6 2.5
      vertex 115.328 38.2481 2.5
      vertex 110.058 33.4762 2.5
    endloop
  endfacet
  facet normal 0 0 1
    outer loop
      vertex 115.328 38.2481 2.5
      vertex 110.6 33.6 2.5
      vertex 115.158 37.6853 2.5
    endloop
  endfacet
  facet normal 0 0 1
    outer loop
      vertex 109.35 32.35 2.5
      vertex 105.86 32.35 2.5
      vertex 109.35 20.85 2.5
    endloop
  endfacet
  facet normal 0 0 1
    outer loop
      vertex 109.381 32.6282 2.5
      vertex 105.86 32.35 2.5
      vertex 109.35 32.35 2.5
    endloop
  endfacet
  facet normal 0 -0 1
    outer loop
      vertex 105.389 33.3273 2.5
      vertex 110.058 33.4762 2.5
      vertex 104.888 33.5687 2.5
    endloop
  endfacet
  facet normal 0 0 1
    outer loop
      vertex 109.381 32.6282 2.5
      vertex 105.736 32.8924 2.5
      vertex 105.86 32.35 2.5
    endloop
  endfacet
  facet normal 0 0 1
    outer loop
      vertex 109.623 33.1294 2.5
      vertex 105.736 32.8924 2.5
      vertex 109.381 32.6282 2.5
    endloop
  endfacet
  facet normal 0 0 1
    outer loop
      vertex 110.058 33.4762 2.5
      vertex 105.389 33.3273 2.5
      vertex 109.623 33.1294 2.5
    endloop
  endfacet
  facet normal 0 -0 1
    outer loop
      vertex 105.736 32.8924 2.5
      vertex 109.623 33.1294 2.5
      vertex 105.389 33.3273 2.5
    endloop
  endfacet
  facet normal 0 -0 1
    outer loop
      vertex 110.058 33.4762 2.5
      vertex 115.328 38.2481 2.5
      vertex 104.888 33.5687 2.5
    endloop
  endfacet
  facet normal 0 0 1
    outer loop
      vertex 115.606 38.7667 2.5
      vertex 104.888 33.5687 2.5
      vertex 115.328 38.2481 2.5
    endloop
  endfacet
  facet normal 0 0 1
    outer loop
      vertex 117.515 40.0424 2.5
      vertex 97.6213 70.2787 2.5
      vertex 116.952 39.8716 2.5
    endloop
  endfacet
  facet normal 0 0 1
    outer loop
      vertex 104.6 33.6 2.5
      vertex 98.8881 33.5687 2.5
      vertex 104.058 33.4762 2.5
    endloop
  endfacet
  facet normal 0 0 1
    outer loop
      vertex 103.35 32.35 2.5
      vertex 99.86 32.35 2.5
      vertex 103.35 20.85 2.5
    endloop
  endfacet
  facet normal 0 0 1
    outer loop
      vertex 103.381 32.6282 2.5
      vertex 99.86 32.35 2.5
      vertex 103.35 32.35 2.5
    endloop
  endfacet
  facet normal 0 -0 1
    outer loop
      vertex 99.3894 33.3273 2.5
      vertex 104.058 33.4762 2.5
      vertex 98.8881 33.5687 2.5
    endloop
  endfacet
  facet normal 0 0 1
    outer loop
      vertex 103.381 32.6282 2.5
      vertex 99.7362 32.8924 2.5
      vertex 99.86 32.35 2.5
    endloop
  endfacet
  facet normal 0 0 1
    outer loop
      vertex 103.623 33.1294 2.5
      vertex 99.7362 32.8924 2.5
      vertex 103.381 32.6282 2.5
    endloop
  endfacet
  facet normal 0 0 1
    outer loop
      vertex 104.058 33.4762 2.5
      vertex 99.3894 33.3273 2.5
      vertex 103.623 33.1294 2.5
    endloop
  endfacet
  facet normal 0 -0 1
    outer loop
      vertex 99.7362 32.8924 2.5
      vertex 103.623 33.1294 2.5
      vertex 99.3894 33.3273 2.5
    endloop
  endfacet
  facet normal -0 0 1
    outer loop
      vertex 97.1667 69.9056 2.5
      vertex 116.952 39.8716 2.5
      vertex 97.6213 70.2787 2.5
    endloop
  endfacet
  facet normal 0 0 1
    outer loop
      vertex 116.952 39.8716 2.5
      vertex 97.1667 69.9056 2.5
      vertex 116.433 39.5944 2.5
    endloop
  endfacet
  facet normal 0 0 1
    outer loop
      vertex 120.003 76.0186 2.5
      vertex 98.4424 72.9853 2.5
      vertex 98.5 72.4 2.5
    endloop
  endfacet
  facet normal 0 0 1
    outer loop
      vertex 119.9 76.6 2.5
      vertex 98.2716 73.548 2.5
      vertex 98.4424 72.9853 2.5
    endloop
  endfacet
  facet normal 0 0 1
    outer loop
      vertex 120.003 77.1814 2.5
      vertex 97.9944 74.0667 2.5
      vertex 98.2716 73.548 2.5
    endloop
  endfacet
  facet normal 0 0 1
    outer loop
      vertex 121.2 83.25 2.5
      vertex 97.6213 74.5213 2.5
      vertex 97.9944 74.0667 2.5
    endloop
  endfacet
  facet normal 0 0 1
    outer loop
      vertex 121.2 83.25 2.5
      vertex 97.1667 74.8944 2.5
      vertex 97.6213 74.5213 2.5
    endloop
  endfacet
  facet normal 0 0 1
    outer loop
      vertex 121.2 83.25 2.5
      vertex 96.648 75.1716 2.5
      vertex 97.1667 74.8944 2.5
    endloop
  endfacet
  facet normal 0 0 1
    outer loop
      vertex 121.2 83.25 2.5
      vertex 96.0853 75.3424 2.5
      vertex 96.648 75.1716 2.5
    endloop
  endfacet
  facet normal 0 0 1
    outer loop
      vertex 121.2 83.25 2.5
      vertex 95.5 75.4 2.5
      vertex 96.0853 75.3424 2.5
    endloop
  endfacet
  facet normal 0 0 1
    outer loop
      vertex 121.2 83.25 2.5
      vertex 94.9147 75.3424 2.5
      vertex 95.5 75.4 2.5
    endloop
  endfacet
  facet normal 0 0 1
    outer loop
      vertex 92.61 33.6 2.5
      vertex 77.8716 55.952 2.5
      vertex 92.6 33.6 2.5
    endloop
  endfacet
  facet normal -0 0 1
    outer loop
      vertex 77.5944 55.4333 2.5
      vertex 92.6 33.6 2.5
      vertex 77.8716 55.952 2.5
    endloop
  endfacet
  facet normal 0 -0 1
    outer loop
      vertex 86.8881 33.5687 2.5
      vertex 92.6 33.6 2.5
      vertex 77.5944 55.4333 2.5
    endloop
  endfacet
  facet normal 0 0 1
    outer loop
      vertex 91.35 32.35 2.5
      vertex 87.86 32.35 2.5
      vertex 91.35 20.85 2.5
    endloop
  endfacet
  facet normal 0 0 1
    outer loop
      vertex 92.6 33.6 2.5
      vertex 86.8881 33.5687 2.5
      vertex 92.0576 33.4762 2.5
    endloop
  endfacet
  facet normal 0 0 1
    outer loop
      vertex 75.6853 60.0424 2.5
      vertex 92.5 72.4 2.5
      vertex 92.5576 72.9853 2.5
    endloop
  endfacet
  facet normal 0 0 1
    outer loop
      vertex 91.3813 32.6282 2.5
      vertex 87.86 32.35 2.5
      vertex 91.35 32.35 2.5
    endloop
  endfacet
  facet normal 0 -0 1
    outer loop
      vertex 87.86 32.35 2.5
      vertex 91.3813 32.6282 2.5
      vertex 87.7362 32.8924 2.5
    endloop
  endfacet
  facet normal 0 0 1
    outer loop
      vertex 92.0576 33.4762 2.5
      vertex 87.3894 33.3273 2.5
      vertex 91.6227 33.1294 2.5
    endloop
  endfacet
  facet normal 0 -0 1
    outer loop
      vertex 87.7362 32.8924 2.5
      vertex 91.6227 33.1294 2.5
      vertex 87.3894 33.3273 2.5
    endloop
  endfacet
  facet normal 0 0 1
    outer loop
      vertex 91.6227 33.1294 2.5
      vertex 87.7362 32.8924 2.5
      vertex 91.3813 32.6282 2.5
    endloop
  endfacet
  facet normal 0 -0 1
    outer loop
      vertex 87.3894 33.3273 2.5
      vertex 92.0576 33.4762 2.5
      vertex 86.8881 33.5687 2.5
    endloop
  endfacet
  facet normal 0 0 1
    outer loop
      vertex 86.8881 33.5687 2.5
      vertex 77.5944 55.4333 2.5
      vertex 86.61 33.6 2.5
    endloop
  endfacet
  facet normal -0 0 1
    outer loop
      vertex 77.2213 54.9787 2.5
      vertex 86.61 33.6 2.5
      vertex 77.5944 55.4333 2.5
    endloop
  endfacet
  facet normal 0 0 1
    outer loop
      vertex 85.35 32.35 2.5
      vertex 81.86 32.35 2.5
      vertex 85.35 20.85 2.5
    endloop
  endfacet
  facet normal 0 0 1
    outer loop
      vertex 85.3813 32.6282 2.5
      vertex 81.86 32.35 2.5
      vertex 85.35 32.35 2.5
    endloop
  endfacet
  facet normal 0 0 1
    outer loop
      vertex 86.61 33.6 2.5
      vertex 77.2213 54.9787 2.5
      vertex 86.6 33.6 2.5
    endloop
  endfacet
  facet normal 0 0 1
    outer loop
      vertex 85.3813 32.6282 2.5
      vertex 81.7362 32.8924 2.5
      vertex 81.86 32.35 2.5
    endloop
  endfacet
  facet normal 0 0 1
    outer loop
      vertex 76.0424 37.6853 2.5
      vertex 86.0576 33.4762 2.5
      vertex 86.6 33.6 2.5
    endloop
  endfacet
  facet normal 0 0 1
    outer loop
      vertex 85.6227 33.1294 2.5
      vertex 81.7362 32.8924 2.5
      vertex 85.3813 32.6282 2.5
    endloop
  endfacet
  facet normal 0 0 1
    outer loop
      vertex 76.0424 37.6853 2.5
      vertex 80.8881 33.5687 2.5
      vertex 86.0576 33.4762 2.5
    endloop
  endfacet
  facet normal 0 0 1
    outer loop
      vertex 75.1 60.1 2.5
      vertex 92.5576 72.9853 2.5
      vertex 92.7284 73.548 2.5
    endloop
  endfacet
  facet normal 0 -0 1
    outer loop
      vertex 81.3894 33.3273 2.5
      vertex 86.0576 33.4762 2.5
      vertex 80.8881 33.5687 2.5
    endloop
  endfacet
  facet normal 0 -0 1
    outer loop
      vertex 81.7362 32.8924 2.5
      vertex 85.6227 33.1294 2.5
      vertex 81.3894 33.3273 2.5
    endloop
  endfacet
  facet normal 0 0 1
    outer loop
      vertex 86.0576 33.4762 2.5
      vertex 81.3894 33.3273 2.5
      vertex 85.6227 33.1294 2.5
    endloop
  endfacet
  facet normal 0 0 1
    outer loop
      vertex 76.0424 37.6853 2.5
      vertex 80.61 33.6 2.5
      vertex 80.8881 33.5687 2.5
    endloop
  endfacet
  facet normal 0 0 1
    outer loop
      vertex 76.0424 37.6853 2.5
      vertex 80.6 33.6 2.5
      vertex 80.61 33.6 2.5
    endloop
  endfacet
  facet normal -0 0 1
    outer loop
      vertex 76.0424 37.6853 2.5
      vertex 86.6 33.6 2.5
      vertex 77.2213 54.9787 2.5
    endloop
  endfacet
  facet normal 0 0 1
    outer loop
      vertex 94.352 69.6284 2.5
      vertex 78.1 57.1 2.5
      vertex 78.0424 56.5147 2.5
    endloop
  endfacet
  facet normal 0 0 1
    outer loop
      vertex 74.5147 60.0424 2.5
      vertex 92.7284 73.548 2.5
      vertex 93.0056 74.0667 2.5
    endloop
  endfacet
  facet normal 0 0 1
    outer loop
      vertex 59.1 56.6 2.5
      vertex 93.0056 74.0667 2.5
      vertex 93.3787 74.5213 2.5
    endloop
  endfacet
  facet normal 0 0 1
    outer loop
      vertex 94.352 69.6284 2.5
      vertex 78.0424 57.6853 2.5
      vertex 78.1 57.1 2.5
    endloop
  endfacet
  facet normal 0 0 1
    outer loop
      vertex 93.8333 69.9056 2.5
      vertex 77.8716 58.2481 2.5
      vertex 78.0424 57.6853 2.5
    endloop
  endfacet
  facet normal 0 0 1
    outer loop
      vertex 93.3787 70.2787 2.5
      vertex 77.5944 58.7667 2.5
      vertex 77.8716 58.2481 2.5
    endloop
  endfacet
  facet normal 0 0 1
    outer loop
      vertex 93.0056 70.7333 2.5
      vertex 77.2213 59.2213 2.5
      vertex 77.5944 58.7667 2.5
    endloop
  endfacet
  facet normal 0 0 1
    outer loop
      vertex 92.7284 71.252 2.5
      vertex 76.7667 59.5944 2.5
      vertex 77.2213 59.2213 2.5
    endloop
  endfacet
  facet normal 0 0 1
    outer loop
      vertex 92.5576 71.8147 2.5
      vertex 76.248 59.8716 2.5
      vertex 76.7667 59.5944 2.5
    endloop
  endfacet
  facet normal 0 0 1
    outer loop
      vertex 92.5 72.4 2.5
      vertex 75.6853 60.0424 2.5
      vertex 76.248 59.8716 2.5
    endloop
  endfacet
  facet normal 0 0 1
    outer loop
      vertex 9 83.25 2.5
      vertex 93.3787 74.5213 2.5
      vertex 93.8333 74.8944 2.5
    endloop
  endfacet
  facet normal 0 0 1
    outer loop
      vertex 92.5576 72.9853 2.5
      vertex 75.1 60.1 2.5
      vertex 75.6853 60.0424 2.5
    endloop
  endfacet
  facet normal 0 0 1
    outer loop
      vertex 92.7284 73.548 2.5
      vertex 74.5147 60.0424 2.5
      vertex 75.1 60.1 2.5
    endloop
  endfacet
  facet normal 0 0 1
    outer loop
      vertex 93.0056 74.0667 2.5
      vertex 73.952 59.8716 2.5
      vertex 74.5147 60.0424 2.5
    endloop
  endfacet
  facet normal 0 0 1
    outer loop
      vertex 93.0056 74.0667 2.5
      vertex 59.1 56.6 2.5
      vertex 73.952 59.8716 2.5
    endloop
  endfacet
  facet normal 0 0 1
    outer loop
      vertex 61.8716 52.452 2.5
      vertex 72.9787 54.9787 2.5
      vertex 62.0424 53.0147 2.5
    endloop
  endfacet
  facet normal 0 0 1
    outer loop
      vertex 72.9787 54.9787 2.5
      vertex 61.8716 52.452 2.5
      vertex 73.4333 54.6056 2.5
    endloop
  endfacet
  facet normal 0 0 1
    outer loop
      vertex 61.5944 51.9333 2.5
      vertex 73.4333 54.6056 2.5
      vertex 61.8716 52.452 2.5
    endloop
  endfacet
  facet normal 0 0 1
    outer loop
      vertex 73.4333 54.6056 2.5
      vertex 61.5944 51.9333 2.5
      vertex 71.952 39.8716 2.5
    endloop
  endfacet
  facet normal 0 0 1
    outer loop
      vertex 71.952 39.8716 2.5
      vertex 61.5944 51.9333 2.5
      vertex 71.4333 39.5944 2.5
    endloop
  endfacet
  facet normal 0 0 1
    outer loop
      vertex 61.5944 55.2667 2.5
      vertex 72.1 57.1 2.5
      vertex 72.1576 57.6853 2.5
    endloop
  endfacet
  facet normal 0 0 1
    outer loop
      vertex 70.1576 37.6853 2.5
      vertex 62.1 32.1 2.5
      vertex 70.1 37.1 2.5
    endloop
  endfacet
  facet normal 0 0 1
    outer loop
      vertex 70.3284 38.2481 2.5
      vertex 62.1 32.1 2.5
      vertex 70.1576 37.6853 2.5
    endloop
  endfacet
  facet normal -0 0 1
    outer loop
      vertex 61.2213 51.4787 2.5
      vertex 71.4333 39.5944 2.5
      vertex 61.5944 51.9333 2.5
    endloop
  endfacet
  facet normal 0 0 1
    outer loop
      vertex 61.2213 55.7213 2.5
      vertex 72.1576 57.6853 2.5
      vertex 72.3284 58.2481 2.5
    endloop
  endfacet
  facet normal 0 0 1
    outer loop
      vertex 60.7667 56.0944 2.5
      vertex 72.3284 58.2481 2.5
      vertex 72.6056 58.7667 2.5
    endloop
  endfacet
  facet normal 0 0 1
    outer loop
      vertex 60.2481 56.3716 2.5
      vertex 72.6056 58.7667 2.5
      vertex 72.9787 59.2213 2.5
    endloop
  endfacet
  facet normal 0 0 1
    outer loop
      vertex 59.6853 56.5424 2.5
      vertex 72.9787 59.2213 2.5
      vertex 73.4333 59.5944 2.5
    endloop
  endfacet
  facet normal 0 0 1
    outer loop
      vertex 73.952 59.8716 2.5
      vertex 59.1 56.6 2.5
      vertex 73.4333 59.5944 2.5
    endloop
  endfacet
  facet normal 0 0 1
    outer loop
      vertex 72.3284 55.952 2.5
      vertex 62.0424 54.1853 2.5
      vertex 62.1 53.6 2.5
    endloop
  endfacet
  facet normal 0 0 1
    outer loop
      vertex 72.1576 56.5147 2.5
      vertex 61.8716 54.7481 2.5
      vertex 62.0424 54.1853 2.5
    endloop
  endfacet
  facet normal 0 0 1
    outer loop
      vertex 72.1 57.1 2.5
      vertex 61.5944 55.2667 2.5
      vertex 61.8716 54.7481 2.5
    endloop
  endfacet
  facet normal 0 0 1
    outer loop
      vertex 72.1576 57.6853 2.5
      vertex 61.2213 55.7213 2.5
      vertex 61.5944 55.2667 2.5
    endloop
  endfacet
  facet normal 0 0 1
    outer loop
      vertex 72.3284 58.2481 2.5
      vertex 60.7667 56.0944 2.5
      vertex 61.2213 55.7213 2.5
    endloop
  endfacet
  facet normal 0 0 1
    outer loop
      vertex 72.6056 58.7667 2.5
      vertex 60.2481 56.3716 2.5
      vertex 60.7667 56.0944 2.5
    endloop
  endfacet
  facet normal 0 0 1
    outer loop
      vertex 72.9787 59.2213 2.5
      vertex 59.6853 56.5424 2.5
      vertex 60.2481 56.3716 2.5
    endloop
  endfacet
  facet normal 0 0 1
    outer loop
      vertex 73.4333 59.5944 2.5
      vertex 59.1 56.6 2.5
      vertex 59.6853 56.5424 2.5
    endloop
  endfacet
  facet normal 0 0 1
    outer loop
      vertex 9 83.25 2.5
      vertex 93.8333 74.8944 2.5
      vertex 94.352 75.1716 2.5
    endloop
  endfacet
  facet normal 0 0 1
    outer loop
      vertex 93.3787 74.5213 2.5
      vertex 9 83.25 2.5
      vertex 59.1 56.6 2.5
    endloop
  endfacet
  facet normal 0 0 1
    outer loop
      vertex 59.1 56.6 2.5
      vertex 9 83.25 2.5
      vertex 58.5147 56.5424 2.5
    endloop
  endfacet
  facet normal -0 0 1
    outer loop
      vertex 52.0873 36.3206 2.5
      vertex 56.6056 33.7667 2.5
      vertex 52.3287 36.8218 2.5
    endloop
  endfacet
  facet normal 0 0 1
    outer loop
      vertex 51.11 49.85 2.5
      vertex 56.1 53.6 2.5
      vertex 56.1576 54.1853 2.5
    endloop
  endfacet
  facet normal 0 0 1
    outer loop
      vertex 51.1 49.85 2.5
      vertex 56.1576 54.1853 2.5
      vertex 56.3284 54.7481 2.5
    endloop
  endfacet
  facet normal 0 0 1
    outer loop
      vertex 45.3881 49.8187 2.5
      vertex 56.3284 54.7481 2.5
      vertex 56.6056 55.2667 2.5
    endloop
  endfacet
  facet normal 0 0 1
    outer loop
      vertex 56.9787 51.4787 2.5
      vertex 52.2362 49.1424 2.5
      vertex 52.36 48.6 2.5
    endloop
  endfacet
  facet normal 0 0 1
    outer loop
      vertex 56.3284 52.452 2.5
      vertex 51.8894 49.5773 2.5
      vertex 52.2362 49.1424 2.5
    endloop
  endfacet
  facet normal 0 0 1
    outer loop
      vertex 45.1 49.85 2.5
      vertex 56.6056 55.2667 2.5
      vertex 56.9787 55.7213 2.5
    endloop
  endfacet
  facet normal 0 0 1
    outer loop
      vertex 56.1576 53.0147 2.5
      vertex 51.3881 49.8187 2.5
      vertex 51.8894 49.5773 2.5
    endloop
  endfacet
  facet normal 0 0 1
    outer loop
      vertex 56.1 53.6 2.5
      vertex 51.11 49.85 2.5
      vertex 51.3881 49.8187 2.5
    endloop
  endfacet
  facet normal 0 0 1
    outer loop
      vertex 56.1576 54.1853 2.5
      vertex 51.1 49.85 2.5
      vertex 51.11 49.85 2.5
    endloop
  endfacet
  facet normal 0 0 1
    outer loop
      vertex 56.3284 54.7481 2.5
      vertex 50.5576 49.7262 2.5
      vertex 51.1 49.85 2.5
    endloop
  endfacet
  facet normal 0 0 1
    outer loop
      vertex 56.3284 54.7481 2.5
      vertex 45.3881 49.8187 2.5
      vertex 50.5576 49.7262 2.5
    endloop
  endfacet
  facet normal 0 0 1
    outer loop
      vertex 49.85 48.6 2.5
      vertex 46.36 48.6 2.5
      vertex 49.85 37.1 2.5
    endloop
  endfacet
  facet normal 0 0 1
    outer loop
      vertex 49.8813 48.8782 2.5
      vertex 46.36 48.6 2.5
      vertex 49.85 48.6 2.5
    endloop
  endfacet
  facet normal -0 0 1
    outer loop
      vertex 46.2362 49.1424 2.5
      vertex 49.8813 48.8782 2.5
      vertex 50.1227 49.3794 2.5
    endloop
  endfacet
  facet normal 0 -0 1
    outer loop
      vertex 45.8894 49.5773 2.5
      vertex 50.5576 49.7262 2.5
      vertex 45.3881 49.8187 2.5
    endloop
  endfacet
  facet normal 0 0 1
    outer loop
      vertex 39.11 49.85 2.5
      vertex 56.9787 55.7213 2.5
      vertex 57.4333 56.0944 2.5
    endloop
  endfacet
  facet normal 0 0 1
    outer loop
      vertex 49.8813 48.8782 2.5
      vertex 46.2362 49.1424 2.5
      vertex 46.36 48.6 2.5
    endloop
  endfacet
  facet normal 0 0 1
    outer loop
      vertex 50.1227 49.3794 2.5
      vertex 45.8894 49.5773 2.5
      vertex 46.2362 49.1424 2.5
    endloop
  endfacet
  facet normal 0 0 1
    outer loop
      vertex 50.5576 49.7262 2.5
      vertex 45.8894 49.5773 2.5
      vertex 50.1227 49.3794 2.5
    endloop
  endfacet
  facet normal 0 0 1
    outer loop
      vertex 10.1975 77.1814 2.5
      vertex 57.4333 56.0944 2.5
      vertex 57.952 56.3716 2.5
    endloop
  endfacet
  facet normal 0 0 1
    outer loop
      vertex 56.6056 55.2667 2.5
      vertex 45.11 49.85 2.5
      vertex 45.3881 49.8187 2.5
    endloop
  endfacet
  facet normal 0 0 1
    outer loop
      vertex 58.5147 56.5424 2.5
      vertex 9 83.25 2.5
      vertex 57.952 56.3716 2.5
    endloop
  endfacet
  facet normal -0 -0 1
    outer loop
      vertex 10.1975 77.1814 2.5
      vertex 57.952 56.3716 2.5
      vertex 9 83.25 2.5
    endloop
  endfacet
  facet normal 0 0 1
    outer loop
      vertex 57.4333 56.0944 2.5
      vertex 10.1975 77.1814 2.5
      vertex 10.3 76.6 2.5
    endloop
  endfacet
  facet normal 0 0 1
    outer loop
      vertex 43.85 48.6 2.5
      vertex 40.36 48.6 2.5
      vertex 43.85 37.1 2.5
    endloop
  endfacet
  facet normal 0 0 1
    outer loop
      vertex 43.8813 48.8782 2.5
      vertex 40.36 48.6 2.5
      vertex 43.85 48.6 2.5
    endloop
  endfacet
  facet normal -0 0 1
    outer loop
      vertex 40.2362 49.1424 2.5
      vertex 43.8813 48.8782 2.5
      vertex 44.1227 49.3794 2.5
    endloop
  endfacet
  facet normal -0 0 1
    outer loop
      vertex 39.8894 49.5773 2.5
      vertex 44.1227 49.3794 2.5
      vertex 44.5576 49.7262 2.5
    endloop
  endfacet
  facet normal 0 0 1
    outer loop
      vertex 56.6056 55.2667 2.5
      vertex 45.1 49.85 2.5
      vertex 45.11 49.85 2.5
    endloop
  endfacet
  facet normal 0 0 1
    outer loop
      vertex 43.8813 48.8782 2.5
      vertex 40.2362 49.1424 2.5
      vertex 40.36 48.6 2.5
    endloop
  endfacet
  facet normal 0 0 1
    outer loop
      vertex 44.1227 49.3794 2.5
      vertex 39.8894 49.5773 2.5
      vertex 40.2362 49.1424 2.5
    endloop
  endfacet
  facet normal 0 0 1
    outer loop
      vertex 44.5576 49.7262 2.5
      vertex 39.3881 49.8187 2.5
      vertex 39.8894 49.5773 2.5
    endloop
  endfacet
  facet normal 0 0 1
    outer loop
      vertex 57.4333 56.0944 2.5
      vertex 10.3 76.6 2.5
      vertex 39.11 49.85 2.5
    endloop
  endfacet
  facet normal 0 0 1
    outer loop
      vertex 56.9787 55.7213 2.5
      vertex 39.3881 49.8187 2.5
      vertex 45.1 49.85 2.5
    endloop
  endfacet
  facet normal 0 0 1
    outer loop
      vertex 45.1 49.85 2.5
      vertex 39.3881 49.8187 2.5
      vertex 44.5576 49.7262 2.5
    endloop
  endfacet
  facet normal 0 0 1
    outer loop
      vertex 37.85 48.6 2.5
      vertex 34.36 48.6 2.5
      vertex 37.85 37.1 2.5
    endloop
  endfacet
  facet normal 0 0 1
    outer loop
      vertex 37.8813 48.8782 2.5
      vertex 34.36 48.6 2.5
      vertex 37.85 48.6 2.5
    endloop
  endfacet
  facet normal -0 0 1
    outer loop
      vertex 34.2362 49.1424 2.5
      vertex 37.8813 48.8782 2.5
      vertex 38.1227 49.3794 2.5
    endloop
  endfacet
  facet normal -0 0 1
    outer loop
      vertex 33.8894 49.5773 2.5
      vertex 38.1227 49.3794 2.5
      vertex 38.5576 49.7262 2.5
    endloop
  endfacet
  facet normal 0 0 1
    outer loop
      vertex 56.9787 55.7213 2.5
      vertex 39.11 49.85 2.5
      vertex 39.3881 49.8187 2.5
    endloop
  endfacet
  facet normal 0 0 1
    outer loop
      vertex 37.8813 48.8782 2.5
      vertex 34.2362 49.1424 2.5
      vertex 34.36 48.6 2.5
    endloop
  endfacet
  facet normal 0 0 1
    outer loop
      vertex 38.1227 49.3794 2.5
      vertex 33.8894 49.5773 2.5
      vertex 34.2362 49.1424 2.5
    endloop
  endfacet
  facet normal 0 0 1
    outer loop
      vertex 38.5576 49.7262 2.5
      vertex 33.3881 49.8187 2.5
      vertex 33.8894 49.5773 2.5
    endloop
  endfacet
  facet normal 0 0 1
    outer loop
      vertex 39.11 49.85 2.5
      vertex 10.3 76.6 2.5
      vertex 39.1 49.85 2.5
    endloop
  endfacet
  facet normal 0 -0 1
    outer loop
      vertex 33.3881 49.8187 2.5
      vertex 39.1 49.85 2.5
      vertex 10.3 76.6 2.5
    endloop
  endfacet
  facet normal 0 0 1
    outer loop
      vertex 39.1 49.85 2.5
      vertex 33.3881 49.8187 2.5
      vertex 38.5576 49.7262 2.5
    endloop
  endfacet
  facet normal 0 0 1
    outer loop
      vertex 31.85 48.6 2.5
      vertex 28.36 48.6 2.5
      vertex 31.85 37.1 2.5
    endloop
  endfacet
  facet normal 0 0 1
    outer loop
      vertex 31.8813 48.8782 2.5
      vertex 28.36 48.6 2.5
      vertex 31.85 48.6 2.5
    endloop
  endfacet
  facet normal -0 0 1
    outer loop
      vertex 28.2362 49.1424 2.5
      vertex 31.8813 48.8782 2.5
      vertex 32.1227 49.3794 2.5
    endloop
  endfacet
  facet normal -0 0 1
    outer loop
      vertex 27.8894 49.5773 2.5
      vertex 32.1227 49.3794 2.5
      vertex 32.5576 49.7262 2.5
    endloop
  endfacet
  facet normal 0 0 1
    outer loop
      vertex 33.11 49.85 2.5
      vertex 10.3 76.6 2.5
      vertex 33.1 49.85 2.5
    endloop
  endfacet
  facet normal 0 0 1
    outer loop
      vertex 31.8813 48.8782 2.5
      vertex 28.2362 49.1424 2.5
      vertex 28.36 48.6 2.5
    endloop
  endfacet
  facet normal 0 0 1
    outer loop
      vertex 32.1227 49.3794 2.5
      vertex 27.8894 49.5773 2.5
      vertex 28.2362 49.1424 2.5
    endloop
  endfacet
  facet normal -0 0 1
    outer loop
      vertex 10.1975 76.0186 2.5
      vertex 33.1 49.85 2.5
      vertex 10.3 76.6 2.5
    endloop
  endfacet
  facet normal 0 0 1
    outer loop
      vertex 32.5576 49.7262 2.5
      vertex 27.3881 49.8187 2.5
      vertex 27.8894 49.5773 2.5
    endloop
  endfacet
  facet normal 0 0 1
    outer loop
      vertex 33.1 49.85 2.5
      vertex 10.1975 76.0186 2.5
      vertex 27.3881 49.8187 2.5
    endloop
  endfacet
  facet normal 0 0 1
    outer loop
      vertex 27.3881 49.8187 2.5
      vertex 15.2213 55.7213 2.5
      vertex 27.11 49.85 2.5
    endloop
  endfacet
  facet normal 0 0 1
    outer loop
      vertex 25.85 48.6 2.5
      vertex 22.36 48.6 2.5
      vertex 25.85 37.1 2.5
    endloop
  endfacet
  facet normal 0 0 1
    outer loop
      vertex 25.8813 48.8782 2.5
      vertex 22.36 48.6 2.5
      vertex 25.85 48.6 2.5
    endloop
  endfacet
  facet normal -0 0 1
    outer loop
      vertex 22.2362 49.1424 2.5
      vertex 25.8813 48.8782 2.5
      vertex 26.1227 49.3794 2.5
    endloop
  endfacet
  facet normal -0 0 1
    outer loop
      vertex 21.8894 49.5773 2.5
      vertex 26.1227 49.3794 2.5
      vertex 26.5576 49.7262 2.5
    endloop
  endfacet
  facet normal -0 -0 1
    outer loop
      vertex 15.5944 55.2667 2.5
      vertex 27.11 49.85 2.5
      vertex 15.2213 55.7213 2.5
    endloop
  endfacet
  facet normal 0 0 1
    outer loop
      vertex 25.8813 48.8782 2.5
      vertex 22.2362 49.1424 2.5
      vertex 22.36 48.6 2.5
    endloop
  endfacet
  facet normal 0 0 1
    outer loop
      vertex 26.1227 49.3794 2.5
      vertex 21.8894 49.5773 2.5
      vertex 22.2362 49.1424 2.5
    endloop
  endfacet
  facet normal 0 0 1
    outer loop
      vertex 27.11 49.85 2.5
      vertex 15.5944 55.2667 2.5
      vertex 27.1 49.85 2.5
    endloop
  endfacet
  facet normal 0 0 1
    outer loop
      vertex 27.1 49.85 2.5
      vertex 15.8716 54.7481 2.5
      vertex 26.5576 49.7262 2.5
    endloop
  endfacet
  facet normal 0 0 1
    outer loop
      vertex 26.5576 49.7262 2.5
      vertex 21.3881 49.8187 2.5
      vertex 21.8894 49.5773 2.5
    endloop
  endfacet
  facet normal 0 0 1
    outer loop
      vertex 26.5576 49.7262 2.5
      vertex 15.8716 54.7481 2.5
      vertex 21.3881 49.8187 2.5
    endloop
  endfacet
  facet normal -0 0 1
    outer loop
      vertex 15.5944 51.9333 2.5
      vertex 20.1227 49.3794 2.5
      vertex 15.8716 52.452 2.5
    endloop
  endfacet
  facet normal 0 0 1
    outer loop
      vertex 20.5576 49.7262 2.5
      vertex 15.8716 52.452 2.5
      vertex 20.1227 49.3794 2.5
    endloop
  endfacet
  facet normal -0 0 1
    outer loop
      vertex 15.8716 52.452 2.5
      vertex 20.5576 49.7262 2.5
      vertex 16.0424 53.0147 2.5
    endloop
  endfacet
  facet normal -0 0 1
    outer loop
      vertex 16.0424 53.0147 2.5
      vertex 20.5576 49.7262 2.5
      vertex 16.1 53.6 2.5
    endloop
  endfacet
  facet normal -0 -0 1
    outer loop
      vertex 16.0424 54.1853 2.5
      vertex 21.3881 49.8187 2.5
      vertex 15.8716 54.7481 2.5
    endloop
  endfacet
  facet normal 0 0 1
    outer loop
      vertex 9 83.25 2.5
      vertex 94.352 75.1716 2.5
      vertex 94.9147 75.3424 2.5
    endloop
  endfacet
  facet normal -0 0 1
    outer loop
      vertex 9 83.25 2.5
      vertex 94.9147 75.3424 2.5
      vertex 121.2 83.25 2.5
    endloop
  endfacet
  facet normal 0 0 1
    outer loop
      vertex 21.1 49.85 2.5
      vertex 16.1 53.6 2.5
      vertex 20.5576 49.7262 2.5
    endloop
  endfacet
  facet normal -0 -0 1
    outer loop
      vertex 16.1 53.6 2.5
      vertex 21.1 49.85 2.5
      vertex 16.0424 54.1853 2.5
    endloop
  endfacet
  facet normal 0 0 1
    outer loop
      vertex 21.3881 49.8187 2.5
      vertex 16.0424 54.1853 2.5
      vertex 21.11 49.85 2.5
    endloop
  endfacet
  facet normal 0 0 1
    outer loop
      vertex 21.11 49.85 2.5
      vertex 16.0424 54.1853 2.5
      vertex 21.1 49.85 2.5
    endloop
  endfacet
  facet normal -0 -0 1
    outer loop
      vertex 15.8716 54.7481 2.5
      vertex 27.1 49.85 2.5
      vertex 15.5944 55.2667 2.5
    endloop
  endfacet
  facet normal 0 0 1
    outer loop
      vertex 27.3881 49.8187 2.5
      vertex 10.1975 76.0186 2.5
      vertex 15.2213 55.7213 2.5
    endloop
  endfacet
  facet normal 0 0 1
    outer loop
      vertex 15.2213 55.7213 2.5
      vertex 10.1975 76.0186 2.5
      vertex 14.7667 56.0944 2.5
    endloop
  endfacet
  facet normal -0 0 1
    outer loop
      vertex 9.90228 75.5073 2.5
      vertex 14.7667 56.0944 2.5
      vertex 10.1975 76.0186 2.5
    endloop
  endfacet
  facet normal 0 0 1
    outer loop
      vertex 14.7667 56.0944 2.5
      vertex 9.90228 75.5073 2.5
      vertex 14.248 56.3716 2.5
    endloop
  endfacet
  facet normal 0 0 1
    outer loop
      vertex 12.5147 56.5424 2.5
      vertex 8.8952 74.9258 2.5
      vertex 11.952 56.3716 2.5
    endloop
  endfacet
  facet normal 0 0 1
    outer loop
      vertex 13.1 56.6 2.5
      vertex 8.8952 74.9258 2.5
      vertex 12.5147 56.5424 2.5
    endloop
  endfacet
  facet normal -0 0 1
    outer loop
      vertex 8.8952 74.9258 2.5
      vertex 13.1 56.6 2.5
      vertex 9.45 75.1278 2.5
    endloop
  endfacet
  facet normal 0 0 1
    outer loop
      vertex 13.6853 56.5424 2.5
      vertex 9.45 75.1278 2.5
      vertex 13.1 56.6 2.5
    endloop
  endfacet
  facet normal -0 0 1
    outer loop
      vertex 9.45 75.1278 2.5
      vertex 13.6853 56.5424 2.5
      vertex 9.90228 75.5073 2.5
    endloop
  endfacet
  facet normal 0 0 1
    outer loop
      vertex 14.248 56.3716 2.5
      vertex 9.90228 75.5073 2.5
      vertex 13.6853 56.5424 2.5
    endloop
  endfacet
  facet normal 0 0 1
    outer loop
      vertex 33.1 49.85 2.5
      vertex 27.3881 49.8187 2.5
      vertex 32.5576 49.7262 2.5
    endloop
  endfacet
  facet normal 0 0 1
    outer loop
      vertex 33.3881 49.8187 2.5
      vertex 10.3 76.6 2.5
      vertex 33.11 49.85 2.5
    endloop
  endfacet
  facet normal 0 0 1
    outer loop
      vertex 10.1975 77.1814 2.5
      vertex 9 83.25 2.5
      vertex 9.90228 77.6927 2.5
    endloop
  endfacet
  facet normal 0 0 1
    outer loop
      vertex 9.90228 77.6927 2.5
      vertex 9 83.25 2.5
      vertex 9.45 78.0722 2.5
    endloop
  endfacet
  facet normal 0 0 1
    outer loop
      vertex 9 83.25 2.5
      vertex 8.8952 78.2742 2.5
      vertex 9.45 78.0722 2.5
    endloop
  endfacet
  facet normal -0 0 1
    outer loop
      vertex 8.38555 83.2232 2.5
      vertex 8.8952 78.2742 2.5
      vertex 9 83.25 2.5
    endloop
  endfacet
  facet normal 0 0 1
    outer loop
      vertex 8.38555 83.2232 2.5
      vertex 8.3048 78.2742 2.5
      vertex 8.8952 78.2742 2.5
    endloop
  endfacet
  facet normal -0 0 1
    outer loop
      vertex 7.77578 83.1429 2.5
      vertex 8.3048 78.2742 2.5
      vertex 8.38555 83.2232 2.5
    endloop
  endfacet
  facet normal -0 0 1
    outer loop
      vertex 7.17533 83.0098 2.5
      vertex 8.3048 78.2742 2.5
      vertex 7.77578 83.1429 2.5
    endloop
  endfacet
  facet normal -0 0 1
    outer loop
      vertex 6.58876 82.8248 2.5
      vertex 8.3048 78.2742 2.5
      vertex 7.17533 83.0098 2.5
    endloop
  endfacet
  facet normal -0 0 1
    outer loop
      vertex 6.02054 82.5895 2.5
      vertex 8.3048 78.2742 2.5
      vertex 6.58876 82.8248 2.5
    endloop
  endfacet
  facet normal 0 0 1
    outer loop
      vertex 8.3048 78.2742 2.5
      vertex 6.02054 82.5895 2.5
      vertex 7.75 78.0722 2.5
    endloop
  endfacet
  facet normal -0 0 1
    outer loop
      vertex 5.475 82.3055 2.5
      vertex 7.75 78.0722 2.5
      vertex 6.02054 82.5895 2.5
    endloop
  endfacet
  facet normal -0 0 1
    outer loop
      vertex 4.46835 81.6006 2.5
      vertex 7.75 78.0722 2.5
      vertex 4.95629 81.975 2.5
    endloop
  endfacet
  facet normal -0 0 1
    outer loop
      vertex 4.95629 81.975 2.5
      vertex 7.75 78.0722 2.5
      vertex 5.475 82.3055 2.5
    endloop
  endfacet
  facet normal 0 0 1
    outer loop
      vertex 125.732 3.59939 2.5
      vertex 122.45 7.12776 2.5
      vertex 125.244 3.22498 2.5
    endloop
  endfacet
  facet normal 0 0 1
    outer loop
      vertex 125.244 3.22498 2.5
      vertex 122.45 7.12776 2.5
      vertex 124.725 2.89452 2.5
    endloop
  endfacet
  facet normal 0 0 1
    outer loop
      vertex 124.725 2.89452 2.5
      vertex 122.45 7.12776 2.5
      vertex 124.179 2.61053 2.5
    endloop
  endfacet
  facet normal -0 0 1
    outer loop
      vertex 121.895 6.92583 2.5
      vertex 124.179 2.61053 2.5
      vertex 122.45 7.12776 2.5
    endloop
  endfacet
  facet normal 0 0 1
    outer loop
      vertex 124.179 2.61053 2.5
      vertex 121.895 6.92583 2.5
      vertex 123.611 2.37517 2.5
    endloop
  endfacet
  facet normal 0 0 1
    outer loop
      vertex 123.611 2.37517 2.5
      vertex 121.895 6.92583 2.5
      vertex 123.025 2.19022 2.5
    endloop
  endfacet
  facet normal 0 0 1
    outer loop
      vertex 123.025 2.19022 2.5
      vertex 121.895 6.92583 2.5
      vertex 122.424 2.05711 2.5
    endloop
  endfacet
  facet normal 0 0 1
    outer loop
      vertex 121.895 6.92583 2.5
      vertex 121.814 1.97683 2.5
      vertex 122.424 2.05711 2.5
    endloop
  endfacet
  facet normal -0 0 1
    outer loop
      vertex 121.305 6.92583 2.5
      vertex 121.814 1.97683 2.5
      vertex 121.895 6.92583 2.5
    endloop
  endfacet
  facet normal 0 0 1
    outer loop
      vertex 121.305 6.92583 2.5
      vertex 121.2 1.95 2.5
      vertex 121.814 1.97683 2.5
    endloop
  endfacet
  facet normal 0 0 1
    outer loop
      vertex 120.75 7.12776 2.5
      vertex 121.2 1.95 2.5
      vertex 121.305 6.92583 2.5
    endloop
  endfacet
  facet normal 0 0 1
    outer loop
      vertex 120.298 7.50726 2.5
      vertex 121.2 1.95 2.5
      vertex 120.75 7.12776 2.5
    endloop
  endfacet
  facet normal 0 0 1
    outer loop
      vertex 120.003 8.01857 2.5
      vertex 121.2 1.95 2.5
      vertex 120.298 7.50726 2.5
    endloop
  endfacet
  facet normal -0 0 1
    outer loop
      vertex 118.1 13.1 2.5
      vertex 120.298 9.69274 2.5
      vertex 118.685 13.1576 2.5
    endloop
  endfacet
  facet normal 0 0 1
    outer loop
      vertex 120.298 9.69274 2.5
      vertex 118.1 13.1 2.5
      vertex 120.003 9.18143 2.5
    endloop
  endfacet
  facet normal 0 0 1
    outer loop
      vertex 117.515 13.1576 2.5
      vertex 120.003 9.18143 2.5
      vertex 118.1 13.1 2.5
    endloop
  endfacet
  facet normal 0 0 1
    outer loop
      vertex 120.003 9.18143 2.5
      vertex 117.515 13.1576 2.5
      vertex 119.9 8.6 2.5
    endloop
  endfacet
  facet normal 0 0 1
    outer loop
      vertex 116.952 13.3284 2.5
      vertex 119.9 8.6 2.5
      vertex 117.515 13.1576 2.5
    endloop
  endfacet
  facet normal 0 0 1
    outer loop
      vertex 116.433 13.6056 2.5
      vertex 119.9 8.6 2.5
      vertex 116.952 13.3284 2.5
    endloop
  endfacet
  facet normal 0 0 1
    outer loop
      vertex 119.9 8.6 2.5
      vertex 116.433 13.6056 2.5
      vertex 120.003 8.01857 2.5
    endloop
  endfacet
  facet normal 0 0 1
    outer loop
      vertex 115.979 13.9787 2.5
      vertex 120.003 8.01857 2.5
      vertex 116.433 13.6056 2.5
    endloop
  endfacet
  facet normal 0 0 1
    outer loop
      vertex 120.003 8.01857 2.5
      vertex 115.979 13.9787 2.5
      vertex 121.2 1.95 2.5
    endloop
  endfacet
  facet normal 0 0 1
    outer loop
      vertex 104.6 19.6 2.5
      vertex 115.979 13.9787 2.5
      vertex 115.606 14.4333 2.5
    endloop
  endfacet
  facet normal 0 0 1
    outer loop
      vertex 104.61 19.6 2.5
      vertex 115.606 14.4333 2.5
      vertex 115.328 14.952 2.5
    endloop
  endfacet
  facet normal 0 0 1
    outer loop
      vertex 115.606 17.7667 2.5
      vertex 111.587 20.0706 2.5
      vertex 115.328 17.248 2.5
    endloop
  endfacet
  facet normal -0 0 1
    outer loop
      vertex 111.152 19.7238 2.5
      vertex 115.328 17.248 2.5
      vertex 111.587 20.0706 2.5
    endloop
  endfacet
  facet normal 0 0 1
    outer loop
      vertex 115.328 17.248 2.5
      vertex 111.152 19.7238 2.5
      vertex 115.158 16.6853 2.5
    endloop
  endfacet
  facet normal 0 0 1
    outer loop
      vertex 115.158 16.6853 2.5
      vertex 111.152 19.7238 2.5
      vertex 115.1 16.1 2.5
    endloop
  endfacet
  facet normal -0 0 1
    outer loop
      vertex 110.61 19.6 2.5
      vertex 115.1 16.1 2.5
      vertex 111.152 19.7238 2.5
    endloop
  endfacet
  facet normal 0 0 1
    outer loop
      vertex 115.1 16.1 2.5
      vertex 110.61 19.6 2.5
      vertex 115.158 15.5147 2.5
    endloop
  endfacet
  facet normal -0 0 1
    outer loop
      vertex 110.6 19.6 2.5
      vertex 115.158 15.5147 2.5
      vertex 110.61 19.6 2.5
    endloop
  endfacet
  facet normal 0 0 1
    outer loop
      vertex 110.322 19.6313 2.5
      vertex 115.158 15.5147 2.5
      vertex 110.6 19.6 2.5
    endloop
  endfacet
  facet normal 0 0 1
    outer loop
      vertex 115.158 15.5147 2.5
      vertex 110.322 19.6313 2.5
      vertex 115.328 14.952 2.5
    endloop
  endfacet
  facet normal 0 0 1
    outer loop
      vertex 105.152 19.7238 2.5
      vertex 115.328 14.952 2.5
      vertex 110.322 19.6313 2.5
    endloop
  endfacet
  facet normal -0 0 1
    outer loop
      vertex 105.152 19.7238 2.5
      vertex 110.322 19.6313 2.5
      vertex 109.821 19.8727 2.5
    endloop
  endfacet
  facet normal -0 0 1
    outer loop
      vertex 105.587 20.0706 2.5
      vertex 109.821 19.8727 2.5
      vertex 109.474 20.3076 2.5
    endloop
  endfacet
  facet normal 0 0 1
    outer loop
      vertex 105.86 20.85 2.5
      vertex 109.35 20.85 2.5
      vertex 105.86 32.35 2.5
    endloop
  endfacet
  facet normal 0 0 1
    outer loop
      vertex 105.829 20.5718 2.5
      vertex 109.35 20.85 2.5
      vertex 105.86 20.85 2.5
    endloop
  endfacet
  facet normal 0 0 1
    outer loop
      vertex 109.35 20.85 2.5
      vertex 105.829 20.5718 2.5
      vertex 109.474 20.3076 2.5
    endloop
  endfacet
  facet normal 0 0 1
    outer loop
      vertex 105.587 20.0706 2.5
      vertex 109.474 20.3076 2.5
      vertex 105.829 20.5718 2.5
    endloop
  endfacet
  facet normal 0 0 1
    outer loop
      vertex 109.821 19.8727 2.5
      vertex 105.587 20.0706 2.5
      vertex 105.152 19.7238 2.5
    endloop
  endfacet
  facet normal 0 0 1
    outer loop
      vertex 115.328 14.952 2.5
      vertex 105.152 19.7238 2.5
      vertex 104.61 19.6 2.5
    endloop
  endfacet
  facet normal 0 0 1
    outer loop
      vertex 115.606 14.4333 2.5
      vertex 104.61 19.6 2.5
      vertex 104.6 19.6 2.5
    endloop
  endfacet
  facet normal 0 0 1
    outer loop
      vertex 115.979 13.9787 2.5
      vertex 104.6 19.6 2.5
      vertex 121.2 1.95 2.5
    endloop
  endfacet
  facet normal 0 0 1
    outer loop
      vertex 104.322 19.6313 2.5
      vertex 121.2 1.95 2.5
      vertex 104.6 19.6 2.5
    endloop
  endfacet
  facet normal -0 0 1
    outer loop
      vertex 99.1524 19.7238 2.5
      vertex 104.322 19.6313 2.5
      vertex 103.821 19.8727 2.5
    endloop
  endfacet
  facet normal 0 0 1
    outer loop
      vertex 99.86 20.85 2.5
      vertex 103.35 20.85 2.5
      vertex 99.86 32.35 2.5
    endloop
  endfacet
  facet normal 0 0 1
    outer loop
      vertex 99.8287 20.5718 2.5
      vertex 103.35 20.85 2.5
      vertex 99.86 20.85 2.5
    endloop
  endfacet
  facet normal 0 0 1
    outer loop
      vertex 103.35 20.85 2.5
      vertex 99.8287 20.5718 2.5
      vertex 103.474 20.3076 2.5
    endloop
  endfacet
  facet normal 0 0 1
    outer loop
      vertex 99.5873 20.0706 2.5
      vertex 103.474 20.3076 2.5
      vertex 99.8287 20.5718 2.5
    endloop
  endfacet
  facet normal 0 0 1
    outer loop
      vertex 103.474 20.3076 2.5
      vertex 99.5873 20.0706 2.5
      vertex 103.821 19.8727 2.5
    endloop
  endfacet
  facet normal 0 0 1
    outer loop
      vertex 99.1524 19.7238 2.5
      vertex 103.821 19.8727 2.5
      vertex 99.5873 20.0706 2.5
    endloop
  endfacet
  facet normal 0 0 1
    outer loop
      vertex 104.322 19.6313 2.5
      vertex 99.1524 19.7238 2.5
      vertex 98.61 19.6 2.5
    endloop
  endfacet
  facet normal 0 0 1
    outer loop
      vertex 104.322 19.6313 2.5
      vertex 98.61 19.6 2.5
      vertex 121.2 1.95 2.5
    endloop
  endfacet
  facet normal -0 0 1
    outer loop
      vertex 98.6 19.6 2.5
      vertex 121.2 1.95 2.5
      vertex 98.61 19.6 2.5
    endloop
  endfacet
  facet normal 0 0 1
    outer loop
      vertex 98.3218 19.6313 2.5
      vertex 121.2 1.95 2.5
      vertex 98.6 19.6 2.5
    endloop
  endfacet
  facet normal -0 0 1
    outer loop
      vertex 93.1524 19.7238 2.5
      vertex 98.3218 19.6313 2.5
      vertex 97.8206 19.8727 2.5
    endloop
  endfacet
  facet normal 0 0 1
    outer loop
      vertex 93.86 32.35 2.5
      vertex 98.0576 33.4762 2.5
      vertex 94.9147 69.4576 2.5
    endloop
  endfacet
  facet normal 0 0 1
    outer loop
      vertex 97.6227 33.1294 2.5
      vertex 93.86 32.35 2.5
      vertex 97.3813 32.6282 2.5
    endloop
  endfacet
  facet normal 0 0 1
    outer loop
      vertex 97.3813 32.6282 2.5
      vertex 93.86 32.35 2.5
      vertex 97.35 32.35 2.5
    endloop
  endfacet
  facet normal 0 0 1
    outer loop
      vertex 98.0576 33.4762 2.5
      vertex 93.86 32.35 2.5
      vertex 97.6227 33.1294 2.5
    endloop
  endfacet
  facet normal 0 0 1
    outer loop
      vertex 93.86 32.35 2.5
      vertex 94.9147 69.4576 2.5
      vertex 94.352 69.6284 2.5
    endloop
  endfacet
  facet normal 0 0 1
    outer loop
      vertex 97.35 32.35 2.5
      vertex 93.86 32.35 2.5
      vertex 97.35 20.85 2.5
    endloop
  endfacet
  facet normal 0 0 1
    outer loop
      vertex 93.86 20.85 2.5
      vertex 97.35 20.85 2.5
      vertex 93.86 32.35 2.5
    endloop
  endfacet
  facet normal 0 0 1
    outer loop
      vertex 93.8287 20.5718 2.5
      vertex 97.35 20.85 2.5
      vertex 93.86 20.85 2.5
    endloop
  endfacet
  facet normal 0 0 1
    outer loop
      vertex 97.35 20.85 2.5
      vertex 93.8287 20.5718 2.5
      vertex 97.4738 20.3076 2.5
    endloop
  endfacet
  facet normal 0 0 1
    outer loop
      vertex 93.5873 20.0706 2.5
      vertex 97.4738 20.3076 2.5
      vertex 93.8287 20.5718 2.5
    endloop
  endfacet
  facet normal 0 0 1
    outer loop
      vertex 97.4738 20.3076 2.5
      vertex 93.5873 20.0706 2.5
      vertex 97.8206 19.8727 2.5
    endloop
  endfacet
  facet normal 0 0 1
    outer loop
      vertex 93.1524 19.7238 2.5
      vertex 97.8206 19.8727 2.5
      vertex 93.5873 20.0706 2.5
    endloop
  endfacet
  facet normal 0 0 1
    outer loop
      vertex 98.3218 19.6313 2.5
      vertex 93.1524 19.7238 2.5
      vertex 92.61 19.6 2.5
    endloop
  endfacet
  facet normal 0 0 1
    outer loop
      vertex 98.3218 19.6313 2.5
      vertex 92.61 19.6 2.5
      vertex 121.2 1.95 2.5
    endloop
  endfacet
  facet normal 0 0 1
    outer loop
      vertex 74.7667 13.6056 2.5
      vertex 92.61 19.6 2.5
      vertex 92.6 19.6 2.5
    endloop
  endfacet
  facet normal 0 0 1
    outer loop
      vertex 75.2213 13.9787 2.5
      vertex 92.6 19.6 2.5
      vertex 92.3218 19.6313 2.5
    endloop
  endfacet
  facet normal -0 0 1
    outer loop
      vertex 87.1524 19.7238 2.5
      vertex 92.3218 19.6313 2.5
      vertex 91.8206 19.8727 2.5
    endloop
  endfacet
  facet normal 0 0 1
    outer loop
      vertex 87.86 20.85 2.5
      vertex 91.35 20.85 2.5
      vertex 87.86 32.35 2.5
    endloop
  endfacet
  facet normal 0 0 1
    outer loop
      vertex 87.8287 20.5718 2.5
      vertex 91.35 20.85 2.5
      vertex 87.86 20.85 2.5
    endloop
  endfacet
  facet normal 0 0 1
    outer loop
      vertex 91.35 20.85 2.5
      vertex 87.8287 20.5718 2.5
      vertex 91.4738 20.3076 2.5
    endloop
  endfacet
  facet normal 0 0 1
    outer loop
      vertex 87.5873 20.0706 2.5
      vertex 91.4738 20.3076 2.5
      vertex 87.8287 20.5718 2.5
    endloop
  endfacet
  facet normal 0 0 1
    outer loop
      vertex 91.4738 20.3076 2.5
      vertex 87.5873 20.0706 2.5
      vertex 91.8206 19.8727 2.5
    endloop
  endfacet
  facet normal 0 0 1
    outer loop
      vertex 87.1524 19.7238 2.5
      vertex 91.8206 19.8727 2.5
      vertex 87.5873 20.0706 2.5
    endloop
  endfacet
  facet normal 0 0 1
    outer loop
      vertex 92.3218 19.6313 2.5
      vertex 87.1524 19.7238 2.5
      vertex 86.61 19.6 2.5
    endloop
  endfacet
  facet normal 0 0 1
    outer loop
      vertex 92.3218 19.6313 2.5
      vertex 86.61 19.6 2.5
      vertex 75.2213 13.9787 2.5
    endloop
  endfacet
  facet normal 0 0 1
    outer loop
      vertex 75.5944 14.4333 2.5
      vertex 86.61 19.6 2.5
      vertex 86.6 19.6 2.5
    endloop
  endfacet
  facet normal 0 0 1
    outer loop
      vertex 75.5944 14.4333 2.5
      vertex 86.6 19.6 2.5
      vertex 86.3218 19.6313 2.5
    endloop
  endfacet
  facet normal -0 0 1
    outer loop
      vertex 81.1524 19.7238 2.5
      vertex 86.3218 19.6313 2.5
      vertex 85.8206 19.8727 2.5
    endloop
  endfacet
  facet normal 0 0 1
    outer loop
      vertex 81.86 20.85 2.5
      vertex 85.35 20.85 2.5
      vertex 81.86 32.35 2.5
    endloop
  endfacet
  facet normal 0 0 1
    outer loop
      vertex 81.8287 20.5718 2.5
      vertex 85.35 20.85 2.5
      vertex 81.86 20.85 2.5
    endloop
  endfacet
  facet normal 0 0 1
    outer loop
      vertex 85.35 20.85 2.5
      vertex 81.8287 20.5718 2.5
      vertex 85.4738 20.3076 2.5
    endloop
  endfacet
  facet normal 0 0 1
    outer loop
      vertex 81.5873 20.0706 2.5
      vertex 85.4738 20.3076 2.5
      vertex 81.8287 20.5718 2.5
    endloop
  endfacet
  facet normal 0 0 1
    outer loop
      vertex 85.4738 20.3076 2.5
      vertex 81.5873 20.0706 2.5
      vertex 85.8206 19.8727 2.5
    endloop
  endfacet
  facet normal 0 0 1
    outer loop
      vertex 81.1524 19.7238 2.5
      vertex 85.8206 19.8727 2.5
      vertex 81.5873 20.0706 2.5
    endloop
  endfacet
  facet normal 0 0 1
    outer loop
      vertex 86.3218 19.6313 2.5
      vertex 81.1524 19.7238 2.5
      vertex 75.8716 14.952 2.5
    endloop
  endfacet
  facet normal 0 0 1
    outer loop
      vertex 75.8716 14.952 2.5
      vertex 81.1524 19.7238 2.5
      vertex 80.61 19.6 2.5
    endloop
  endfacet
  facet normal 0 0 1
    outer loop
      vertex 76.0424 15.5147 2.5
      vertex 80.61 19.6 2.5
      vertex 80.6 19.6 2.5
    endloop
  endfacet
  facet normal 0 0 1
    outer loop
      vertex 76.1 16.1 2.5
      vertex 80.6 19.6 2.5
      vertex 80.3218 19.6313 2.5
    endloop
  endfacet
  facet normal 0 0 1
    outer loop
      vertex 80.6 33.6 2.5
      vertex 76.1 37.1 2.5
      vertex 80.0576 33.4762 2.5
    endloop
  endfacet
  facet normal -0 0 1
    outer loop
      vertex 75.8716 35.952 2.5
      vertex 80.0576 33.4762 2.5
      vertex 76.0424 36.5147 2.5
    endloop
  endfacet
  facet normal 0 0 1
    outer loop
      vertex 80.0576 33.4762 2.5
      vertex 75.8716 35.952 2.5
      vertex 79.6227 33.1294 2.5
    endloop
  endfacet
  facet normal -0 0 1
    outer loop
      vertex 76.0424 36.5147 2.5
      vertex 80.0576 33.4762 2.5
      vertex 76.1 37.1 2.5
    endloop
  endfacet
  facet normal 0 0 1
    outer loop
      vertex 76.0424 37.6853 2.5
      vertex 77.2213 54.9787 2.5
      vertex 76.7667 54.6056 2.5
    endloop
  endfacet
  facet normal 0 0 1
    outer loop
      vertex 75.2213 39.2213 2.5
      vertex 76.7667 54.6056 2.5
      vertex 76.248 54.3284 2.5
    endloop
  endfacet
  facet normal -0 0 1
    outer loop
      vertex 75.5944 35.4333 2.5
      vertex 79.6227 33.1294 2.5
      vertex 75.8716 35.952 2.5
    endloop
  endfacet
  facet normal 0 0 1
    outer loop
      vertex 79.6227 33.1294 2.5
      vertex 75.5944 35.4333 2.5
      vertex 79.3813 32.6282 2.5
    endloop
  endfacet
  facet normal 0 0 1
    outer loop
      vertex 76.1 16.1 2.5
      vertex 79.4738 20.3076 2.5
      vertex 79.35 20.85 2.5
    endloop
  endfacet
  facet normal 0 0 1
    outer loop
      vertex 76.1 16.1 2.5
      vertex 79.8206 19.8727 2.5
      vertex 79.4738 20.3076 2.5
    endloop
  endfacet
  facet normal 0 0 1
    outer loop
      vertex 76.1 16.1 2.5
      vertex 80.3218 19.6313 2.5
      vertex 79.8206 19.8727 2.5
    endloop
  endfacet
  facet normal 0 0 1
    outer loop
      vertex 80.6 19.6 2.5
      vertex 76.1 16.1 2.5
      vertex 76.0424 15.5147 2.5
    endloop
  endfacet
  facet normal 0 0 1
    outer loop
      vertex 80.61 19.6 2.5
      vertex 76.0424 15.5147 2.5
      vertex 75.8716 14.952 2.5
    endloop
  endfacet
  facet normal 0 0 1
    outer loop
      vertex 86.3218 19.6313 2.5
      vertex 75.8716 14.952 2.5
      vertex 75.5944 14.4333 2.5
    endloop
  endfacet
  facet normal 0 0 1
    outer loop
      vertex 86.61 19.6 2.5
      vertex 75.5944 14.4333 2.5
      vertex 75.2213 13.9787 2.5
    endloop
  endfacet
  facet normal 0 0 1
    outer loop
      vertex 92.6 19.6 2.5
      vertex 75.2213 13.9787 2.5
      vertex 74.7667 13.6056 2.5
    endloop
  endfacet
  facet normal 0 0 1
    outer loop
      vertex 92.61 19.6 2.5
      vertex 74.7667 13.6056 2.5
      vertex 121.2 1.95 2.5
    endloop
  endfacet
  facet normal -0 0 1
    outer loop
      vertex 74.248 13.3284 2.5
      vertex 121.2 1.95 2.5
      vertex 74.7667 13.6056 2.5
    endloop
  endfacet
  facet normal -0 0 1
    outer loop
      vertex 73.6853 13.1576 2.5
      vertex 121.2 1.95 2.5
      vertex 74.248 13.3284 2.5
    endloop
  endfacet
  facet normal -0 0 1
    outer loop
      vertex 73.1 13.1 2.5
      vertex 121.2 1.95 2.5
      vertex 73.6853 13.1576 2.5
    endloop
  endfacet
  facet normal 0 0 1
    outer loop
      vertex 9 1.95 2.5
      vertex 73.1 13.1 2.5
      vertex 72.5147 13.1576 2.5
    endloop
  endfacet
  facet normal 0 0 1
    outer loop
      vertex 70.9787 34.9787 2.5
      vertex 62.1 32.1 2.5
      vertex 62.0424 31.5147 2.5
    endloop
  endfacet
  facet normal 0 0 1
    outer loop
      vertex 71.4333 34.6056 2.5
      vertex 62.0424 31.5147 2.5
      vertex 61.8716 30.952 2.5
    endloop
  endfacet
  facet normal 0 0 1
    outer loop
      vertex 70.9787 18.2213 2.5
      vertex 60.7667 29.6056 2.5
      vertex 70.6056 17.7667 2.5
    endloop
  endfacet
  facet normal -0 0 1
    outer loop
      vertex 60.2481 29.3284 2.5
      vertex 70.6056 17.7667 2.5
      vertex 60.7667 29.6056 2.5
    endloop
  endfacet
  facet normal 0 0 1
    outer loop
      vertex 70.6056 17.7667 2.5
      vertex 60.2481 29.3284 2.5
      vertex 70.3284 17.248 2.5
    endloop
  endfacet
  facet normal -0 0 1
    outer loop
      vertex 59.6853 29.1576 2.5
      vertex 70.3284 17.248 2.5
      vertex 60.2481 29.3284 2.5
    endloop
  endfacet
  facet normal 0 0 1
    outer loop
      vertex 70.3284 17.248 2.5
      vertex 59.6853 29.1576 2.5
      vertex 70.1576 16.6853 2.5
    endloop
  endfacet
  facet normal -0 0 1
    outer loop
      vertex 59.1 29.1 2.5
      vertex 70.1576 16.6853 2.5
      vertex 59.6853 29.1576 2.5
    endloop
  endfacet
  facet normal 0 0 1
    outer loop
      vertex 70.1576 16.6853 2.5
      vertex 59.1 29.1 2.5
      vertex 70.1 16.1 2.5
    endloop
  endfacet
  facet normal 0 0 1
    outer loop
      vertex 58.5147 29.1576 2.5
      vertex 70.1 16.1 2.5
      vertex 59.1 29.1 2.5
    endloop
  endfacet
  facet normal 0 0 1
    outer loop
      vertex 70.1 16.1 2.5
      vertex 58.5147 29.1576 2.5
      vertex 70.1576 15.5147 2.5
    endloop
  endfacet
  facet normal 0 0 1
    outer loop
      vertex 57.952 29.3284 2.5
      vertex 70.1576 15.5147 2.5
      vertex 58.5147 29.1576 2.5
    endloop
  endfacet
  facet normal 0 0 1
    outer loop
      vertex 70.1576 15.5147 2.5
      vertex 57.952 29.3284 2.5
      vertex 70.3284 14.952 2.5
    endloop
  endfacet
  facet normal 0 0 1
    outer loop
      vertex 57.4333 29.6056 2.5
      vertex 70.3284 14.952 2.5
      vertex 57.952 29.3284 2.5
    endloop
  endfacet
  facet normal 0 0 1
    outer loop
      vertex 10.1975 8.01857 2.5
      vertex 70.3284 14.952 2.5
      vertex 57.4333 29.6056 2.5
    endloop
  endfacet
  facet normal 0 0 1
    outer loop
      vertex 70.3284 14.952 2.5
      vertex 10.1975 8.01857 2.5
      vertex 70.6056 14.4333 2.5
    endloop
  endfacet
  facet normal 0 0 1
    outer loop
      vertex 39.11 35.85 2.5
      vertex 57.4333 29.6056 2.5
      vertex 56.9787 29.9787 2.5
    endloop
  endfacet
  facet normal 0 0 1
    outer loop
      vertex 56.6056 33.7667 2.5
      vertex 52.0873 36.3206 2.5
      vertex 56.3284 33.2481 2.5
    endloop
  endfacet
  facet normal -0 0 1
    outer loop
      vertex 51.6524 35.9738 2.5
      vertex 56.3284 33.2481 2.5
      vertex 52.0873 36.3206 2.5
    endloop
  endfacet
  facet normal 0 0 1
    outer loop
      vertex 56.3284 33.2481 2.5
      vertex 51.6524 35.9738 2.5
      vertex 56.1576 32.6853 2.5
    endloop
  endfacet
  facet normal 0 0 1
    outer loop
      vertex 56.1576 32.6853 2.5
      vertex 51.6524 35.9738 2.5
      vertex 56.1 32.1 2.5
    endloop
  endfacet
  facet normal -0 0 1
    outer loop
      vertex 51.11 35.85 2.5
      vertex 56.1 32.1 2.5
      vertex 51.6524 35.9738 2.5
    endloop
  endfacet
  facet normal 0 0 1
    outer loop
      vertex 56.1 32.1 2.5
      vertex 51.11 35.85 2.5
      vertex 56.1576 31.5147 2.5
    endloop
  endfacet
  facet normal -0 0 1
    outer loop
      vertex 51.1 35.85 2.5
      vertex 56.1576 31.5147 2.5
      vertex 51.11 35.85 2.5
    endloop
  endfacet
  facet normal 0 0 1
    outer loop
      vertex 50.8218 35.8813 2.5
      vertex 56.1576 31.5147 2.5
      vertex 51.1 35.85 2.5
    endloop
  endfacet
  facet normal 0 0 1
    outer loop
      vertex 56.1576 31.5147 2.5
      vertex 50.8218 35.8813 2.5
      vertex 56.3284 30.952 2.5
    endloop
  endfacet
  facet normal 0 0 1
    outer loop
      vertex 45.6524 35.9738 2.5
      vertex 56.3284 30.952 2.5
      vertex 50.8218 35.8813 2.5
    endloop
  endfacet
  facet normal -0 0 1
    outer loop
      vertex 45.11 35.85 2.5
      vertex 56.3284 30.952 2.5
      vertex 45.6524 35.9738 2.5
    endloop
  endfacet
  facet normal 0 0 1
    outer loop
      vertex 56.3284 30.952 2.5
      vertex 45.11 35.85 2.5
      vertex 56.6056 30.4333 2.5
    endloop
  endfacet
  facet normal -0 0 1
    outer loop
      vertex 45.6524 35.9738 2.5
      vertex 50.8218 35.8813 2.5
      vertex 50.3206 36.1227 2.5
    endloop
  endfacet
  facet normal 0 0 1
    outer loop
      vertex 46.36 37.1 2.5
      vertex 49.85 37.1 2.5
      vertex 46.36 48.6 2.5
    endloop
  endfacet
  facet normal 0 0 1
    outer loop
      vertex 46.3287 36.8218 2.5
      vertex 49.85 37.1 2.5
      vertex 46.36 37.1 2.5
    endloop
  endfacet
  facet normal 0 0 1
    outer loop
      vertex 49.85 37.1 2.5
      vertex 46.3287 36.8218 2.5
      vertex 49.9738 36.5576 2.5
    endloop
  endfacet
  facet normal 0 0 1
    outer loop
      vertex 46.0873 36.3206 2.5
      vertex 49.9738 36.5576 2.5
      vertex 46.3287 36.8218 2.5
    endloop
  endfacet
  facet normal 0 0 1
    outer loop
      vertex 49.9738 36.5576 2.5
      vertex 46.0873 36.3206 2.5
      vertex 50.3206 36.1227 2.5
    endloop
  endfacet
  facet normal 0 0 1
    outer loop
      vertex 45.6524 35.9738 2.5
      vertex 50.3206 36.1227 2.5
      vertex 46.0873 36.3206 2.5
    endloop
  endfacet
  facet normal -0 0 1
    outer loop
      vertex 45.1 35.85 2.5
      vertex 56.6056 30.4333 2.5
      vertex 45.11 35.85 2.5
    endloop
  endfacet
  facet normal 0 0 1
    outer loop
      vertex 56.6056 30.4333 2.5
      vertex 45.1 35.85 2.5
      vertex 56.9787 29.9787 2.5
    endloop
  endfacet
  facet normal 0 0 1
    outer loop
      vertex 44.8218 35.8813 2.5
      vertex 56.9787 29.9787 2.5
      vertex 45.1 35.85 2.5
    endloop
  endfacet
  facet normal 0 0 1
    outer loop
      vertex 56.9787 29.9787 2.5
      vertex 44.8218 35.8813 2.5
      vertex 39.11 35.85 2.5
    endloop
  endfacet
  facet normal -0 0 1
    outer loop
      vertex 39.6524 35.9738 2.5
      vertex 44.8218 35.8813 2.5
      vertex 44.3206 36.1227 2.5
    endloop
  endfacet
  facet normal 0 0 1
    outer loop
      vertex 40.36 37.1 2.5
      vertex 43.85 37.1 2.5
      vertex 40.36 48.6 2.5
    endloop
  endfacet
  facet normal 0 0 1
    outer loop
      vertex 40.3287 36.8218 2.5
      vertex 43.85 37.1 2.5
      vertex 40.36 37.1 2.5
    endloop
  endfacet
  facet normal 0 0 1
    outer loop
      vertex 43.85 37.1 2.5
      vertex 40.3287 36.8218 2.5
      vertex 43.9738 36.5576 2.5
    endloop
  endfacet
  facet normal 0 0 1
    outer loop
      vertex 40.0873 36.3206 2.5
      vertex 43.9738 36.5576 2.5
      vertex 40.3287 36.8218 2.5
    endloop
  endfacet
  facet normal 0 0 1
    outer loop
      vertex 43.9738 36.5576 2.5
      vertex 40.0873 36.3206 2.5
      vertex 44.3206 36.1227 2.5
    endloop
  endfacet
  facet normal 0 0 1
    outer loop
      vertex 39.6524 35.9738 2.5
      vertex 44.3206 36.1227 2.5
      vertex 40.0873 36.3206 2.5
    endloop
  endfacet
  facet normal 0 0 1
    outer loop
      vertex 44.8218 35.8813 2.5
      vertex 39.6524 35.9738 2.5
      vertex 39.11 35.85 2.5
    endloop
  endfacet
  facet normal 0 0 1
    outer loop
      vertex 57.4333 29.6056 2.5
      vertex 39.11 35.85 2.5
      vertex 10.3 8.6 2.5
    endloop
  endfacet
  facet normal 0 0 1
    outer loop
      vertex 57.4333 29.6056 2.5
      vertex 10.3 8.6 2.5
      vertex 10.1975 8.01857 2.5
    endloop
  endfacet
  facet normal 0 0 1
    outer loop
      vertex 10.3 8.6 2.5
      vertex 39.11 35.85 2.5
      vertex 39.1 35.85 2.5
    endloop
  endfacet
  facet normal 0 0 1
    outer loop
      vertex 10.3 8.6 2.5
      vertex 39.1 35.85 2.5
      vertex 38.8218 35.8813 2.5
    endloop
  endfacet
  facet normal -0 0 1
    outer loop
      vertex 33.6524 35.9738 2.5
      vertex 38.8218 35.8813 2.5
      vertex 38.3206 36.1227 2.5
    endloop
  endfacet
  facet normal 0 0 1
    outer loop
      vertex 34.36 37.1 2.5
      vertex 37.85 37.1 2.5
      vertex 34.36 48.6 2.5
    endloop
  endfacet
  facet normal 0 0 1
    outer loop
      vertex 34.3287 36.8218 2.5
      vertex 37.85 37.1 2.5
      vertex 34.36 37.1 2.5
    endloop
  endfacet
  facet normal 0 0 1
    outer loop
      vertex 37.85 37.1 2.5
      vertex 34.3287 36.8218 2.5
      vertex 37.9738 36.5576 2.5
    endloop
  endfacet
  facet normal 0 0 1
    outer loop
      vertex 34.0873 36.3206 2.5
      vertex 37.9738 36.5576 2.5
      vertex 34.3287 36.8218 2.5
    endloop
  endfacet
  facet normal 0 0 1
    outer loop
      vertex 37.9738 36.5576 2.5
      vertex 34.0873 36.3206 2.5
      vertex 38.3206 36.1227 2.5
    endloop
  endfacet
  facet normal 0 0 1
    outer loop
      vertex 33.6524 35.9738 2.5
      vertex 38.3206 36.1227 2.5
      vertex 34.0873 36.3206 2.5
    endloop
  endfacet
  facet normal 0 0 1
    outer loop
      vertex 38.8218 35.8813 2.5
      vertex 33.6524 35.9738 2.5
      vertex 33.11 35.85 2.5
    endloop
  endfacet
  facet normal 0 0 1
    outer loop
      vertex 38.8218 35.8813 2.5
      vertex 33.11 35.85 2.5
      vertex 10.3 8.6 2.5
    endloop
  endfacet
  facet normal 0 0 1
    outer loop
      vertex 10.3 8.6 2.5
      vertex 33.11 35.85 2.5
      vertex 33.1 35.85 2.5
    endloop
  endfacet
  facet normal 0 0 1
    outer loop
      vertex 10.1975 9.18143 2.5
      vertex 33.1 35.85 2.5
      vertex 32.8218 35.8813 2.5
    endloop
  endfacet
  facet normal -0 0 1
    outer loop
      vertex 27.6524 35.9738 2.5
      vertex 32.8218 35.8813 2.5
      vertex 32.3206 36.1227 2.5
    endloop
  endfacet
  facet normal 0 0 1
    outer loop
      vertex 28.36 37.1 2.5
      vertex 31.85 37.1 2.5
      vertex 28.36 48.6 2.5
    endloop
  endfacet
  facet normal 0 0 1
    outer loop
      vertex 28.3287 36.8218 2.5
      vertex 31.85 37.1 2.5
      vertex 28.36 37.1 2.5
    endloop
  endfacet
  facet normal 0 0 1
    outer loop
      vertex 31.85 37.1 2.5
      vertex 28.3287 36.8218 2.5
      vertex 31.9738 36.5576 2.5
    endloop
  endfacet
  facet normal 0 0 1
    outer loop
      vertex 28.0873 36.3206 2.5
      vertex 31.9738 36.5576 2.5
      vertex 28.3287 36.8218 2.5
    endloop
  endfacet
  facet normal 0 0 1
    outer loop
      vertex 31.9738 36.5576 2.5
      vertex 28.0873 36.3206 2.5
      vertex 32.3206 36.1227 2.5
    endloop
  endfacet
  facet normal 0 0 1
    outer loop
      vertex 27.6524 35.9738 2.5
      vertex 32.3206 36.1227 2.5
      vertex 28.0873 36.3206 2.5
    endloop
  endfacet
  facet normal 0 0 1
    outer loop
      vertex 32.8218 35.8813 2.5
      vertex 27.6524 35.9738 2.5
      vertex 27.11 35.85 2.5
    endloop
  endfacet
  facet normal 0 0 1
    outer loop
      vertex 9 1.95 2.5
      vertex 70.6056 14.4333 2.5
      vertex 10.1975 8.01857 2.5
    endloop
  endfacet
  facet normal 0 0 1
    outer loop
      vertex 10.1975 9.18143 2.5
      vertex 32.8218 35.8813 2.5
      vertex 27.11 35.85 2.5
    endloop
  endfacet
  facet normal 0 0 1
    outer loop
      vertex 15.5944 30.4333 2.5
      vertex 27.11 35.85 2.5
      vertex 27.1 35.85 2.5
    endloop
  endfacet
  facet normal 0 0 1
    outer loop
      vertex 15.5944 30.4333 2.5
      vertex 27.1 35.85 2.5
      vertex 26.8218 35.8813 2.5
    endloop
  endfacet
  facet normal -0 0 1
    outer loop
      vertex 21.6524 35.9738 2.5
      vertex 26.8218 35.8813 2.5
      vertex 26.3206 36.1227 2.5
    endloop
  endfacet
  facet normal 0 0 1
    outer loop
      vertex 22.36 37.1 2.5
      vertex 25.85 37.1 2.5
      vertex 22.36 48.6 2.5
    endloop
  endfacet
  facet normal 0 0 1
    outer loop
      vertex 22.3287 36.8218 2.5
      vertex 25.85 37.1 2.5
      vertex 22.36 37.1 2.5
    endloop
  endfacet
  facet normal 0 0 1
    outer loop
      vertex 25.85 37.1 2.5
      vertex 22.3287 36.8218 2.5
      vertex 25.9738 36.5576 2.5
    endloop
  endfacet
  facet normal 0 0 1
    outer loop
      vertex 22.0873 36.3206 2.5
      vertex 25.9738 36.5576 2.5
      vertex 22.3287 36.8218 2.5
    endloop
  endfacet
  facet normal 0 0 1
    outer loop
      vertex 25.9738 36.5576 2.5
      vertex 22.0873 36.3206 2.5
      vertex 26.3206 36.1227 2.5
    endloop
  endfacet
  facet normal 0 0 1
    outer loop
      vertex 21.6524 35.9738 2.5
      vertex 26.3206 36.1227 2.5
      vertex 22.0873 36.3206 2.5
    endloop
  endfacet
  facet normal 0 0 1
    outer loop
      vertex 26.8218 35.8813 2.5
      vertex 21.6524 35.9738 2.5
      vertex 15.8716 30.952 2.5
    endloop
  endfacet
  facet normal 0 0 1
    outer loop
      vertex 15.8716 30.952 2.5
      vertex 21.6524 35.9738 2.5
      vertex 21.11 35.85 2.5
    endloop
  endfacet
  facet normal 0 0 1
    outer loop
      vertex 16.0424 31.5147 2.5
      vertex 21.11 35.85 2.5
      vertex 21.1 35.85 2.5
    endloop
  endfacet
  facet normal 0 0 1
    outer loop
      vertex 16.1 32.1 2.5
      vertex 21.1 35.85 2.5
      vertex 20.8218 35.8813 2.5
    endloop
  endfacet
  facet normal 0 0 1
    outer loop
      vertex 20.1227 49.3794 2.5
      vertex 15.5944 51.9333 2.5
      vertex 19.8813 48.8782 2.5
    endloop
  endfacet
  facet normal 0 0 1
    outer loop
      vertex 16.1 32.1 2.5
      vertex 19.9738 36.5576 2.5
      vertex 19.85 37.1 2.5
    endloop
  endfacet
  facet normal 0 0 1
    outer loop
      vertex 16.1 32.1 2.5
      vertex 20.3206 36.1227 2.5
      vertex 19.9738 36.5576 2.5
    endloop
  endfacet
  facet normal 0 0 1
    outer loop
      vertex 16.1 32.1 2.5
      vertex 20.8218 35.8813 2.5
      vertex 20.3206 36.1227 2.5
    endloop
  endfacet
  facet normal 0 0 1
    outer loop
      vertex 21.1 35.85 2.5
      vertex 16.1 32.1 2.5
      vertex 16.0424 31.5147 2.5
    endloop
  endfacet
  facet normal 0 0 1
    outer loop
      vertex 21.11 35.85 2.5
      vertex 16.0424 31.5147 2.5
      vertex 15.8716 30.952 2.5
    endloop
  endfacet
  facet normal 0 0 1
    outer loop
      vertex 26.8218 35.8813 2.5
      vertex 15.8716 30.952 2.5
      vertex 15.5944 30.4333 2.5
    endloop
  endfacet
  facet normal 0 0 1
    outer loop
      vertex 27.11 35.85 2.5
      vertex 15.5944 30.4333 2.5
      vertex 15.2213 29.9787 2.5
    endloop
  endfacet
  facet normal 0 0 1
    outer loop
      vertex 10.1975 9.18143 2.5
      vertex 27.11 35.85 2.5
      vertex 15.2213 29.9787 2.5
    endloop
  endfacet
  facet normal 0 0 1
    outer loop
      vertex 70.6056 14.4333 2.5
      vertex 9 1.95 2.5
      vertex 70.9787 13.9787 2.5
    endloop
  endfacet
  facet normal 0 0 1
    outer loop
      vertex 10.1975 9.18143 2.5
      vertex 15.2213 29.9787 2.5
      vertex 14.7667 29.6056 2.5
    endloop
  endfacet
  facet normal 0 0 1
    outer loop
      vertex 10.1975 9.18143 2.5
      vertex 14.7667 29.6056 2.5
      vertex 14.248 29.3284 2.5
    endloop
  endfacet
  facet normal 0 0 1
    outer loop
      vertex 10.1975 9.18143 2.5
      vertex 14.248 29.3284 2.5
      vertex 13.6853 29.1576 2.5
    endloop
  endfacet
  facet normal 0 0 1
    outer loop
      vertex 10.1975 9.18143 2.5
      vertex 13.6853 29.1576 2.5
      vertex 13.1 29.1 2.5
    endloop
  endfacet
  facet normal 0 0 1
    outer loop
      vertex 10.1975 9.18143 2.5
      vertex 13.1 29.1 2.5
      vertex 12.5147 29.1576 2.5
    endloop
  endfacet
  facet normal 0 0 1
    outer loop
      vertex 1.95 9 2.5
      vertex 10.6056 30.4333 2.5
      vertex 10.3284 30.952 2.5
    endloop
  endfacet
  facet normal 0 0 1
    outer loop
      vertex 10.1975 9.18143 2.5
      vertex 10.9787 29.9787 2.5
      vertex 10.6056 30.4333 2.5
    endloop
  endfacet
  facet normal 0 0 1
    outer loop
      vertex 10.1975 9.18143 2.5
      vertex 11.4333 29.6056 2.5
      vertex 10.9787 29.9787 2.5
    endloop
  endfacet
  facet normal 0 0 1
    outer loop
      vertex 10.1975 9.18143 2.5
      vertex 11.952 29.3284 2.5
      vertex 11.4333 29.6056 2.5
    endloop
  endfacet
  facet normal 0 0 1
    outer loop
      vertex 10.1975 9.18143 2.5
      vertex 12.5147 29.1576 2.5
      vertex 11.952 29.3284 2.5
    endloop
  endfacet
  facet normal 0 0 1
    outer loop
      vertex 70.9787 13.9787 2.5
      vertex 9 1.95 2.5
      vertex 71.4333 13.6056 2.5
    endloop
  endfacet
  facet normal 0 0 1
    outer loop
      vertex 71.4333 13.6056 2.5
      vertex 9 1.95 2.5
      vertex 71.952 13.3284 2.5
    endloop
  endfacet
  facet normal 0 0 1
    outer loop
      vertex 71.952 13.3284 2.5
      vertex 9 1.95 2.5
      vertex 72.5147 13.1576 2.5
    endloop
  endfacet
  facet normal 0 0 1
    outer loop
      vertex 9 1.95 2.5
      vertex 10.1975 8.01857 2.5
      vertex 9.90228 7.50726 2.5
    endloop
  endfacet
  facet normal 0 0 1
    outer loop
      vertex 9 1.95 2.5
      vertex 9.90228 7.50726 2.5
      vertex 9.45 7.12776 2.5
    endloop
  endfacet
  facet normal 0 0 1
    outer loop
      vertex 73.1 13.1 2.5
      vertex 9 1.95 2.5
      vertex 121.2 1.95 2.5
    endloop
  endfacet
  facet normal -0 0 1
    outer loop
      vertex 8.8952 6.92583 2.5
      vertex 9 1.95 2.5
      vertex 9.45 7.12776 2.5
    endloop
  endfacet
  facet normal 0 0 1
    outer loop
      vertex 8.8952 6.92583 2.5
      vertex 8.38555 1.97683 2.5
      vertex 9 1.95 2.5
    endloop
  endfacet
  facet normal -0 0 1
    outer loop
      vertex 8.3048 6.92583 2.5
      vertex 8.38555 1.97683 2.5
      vertex 8.8952 6.92583 2.5
    endloop
  endfacet
  facet normal 0 0 1
    outer loop
      vertex 8.3048 6.92583 2.5
      vertex 7.77578 2.05711 2.5
      vertex 8.38555 1.97683 2.5
    endloop
  endfacet
  facet normal 0 0 1
    outer loop
      vertex 6.02054 2.61053 2.5
      vertex 8.3048 6.92583 2.5
      vertex 7.75 7.12776 2.5
    endloop
  endfacet
  facet normal 0 0 1
    outer loop
      vertex 4.46835 3.59939 2.5
      vertex 7.75 7.12776 2.5
      vertex 7.29772 7.50726 2.5
    endloop
  endfacet
  facet normal 0 0 1
    outer loop
      vertex 8.3048 6.92583 2.5
      vertex 7.17533 2.19022 2.5
      vertex 7.77578 2.05711 2.5
    endloop
  endfacet
  facet normal 0 0 1
    outer loop
      vertex 2.89452 5.475 2.5
      vertex 7.29772 7.50726 2.5
      vertex 7.00252 8.01857 2.5
    endloop
  endfacet
  facet normal 0 0 1
    outer loop
      vertex 2.19022 7.17533 2.5
      vertex 7.00252 8.01857 2.5
      vertex 6.9 8.6 2.5
    endloop
  endfacet
  facet normal 0 0 1
    outer loop
      vertex 8.3048 6.92583 2.5
      vertex 6.58876 2.37517 2.5
      vertex 7.17533 2.19022 2.5
    endloop
  endfacet
  facet normal 0 0 1
    outer loop
      vertex 7.29772 9.69274 2.5
      vertex 1.95 9 2.5
      vertex 7.00252 9.18143 2.5
    endloop
  endfacet
  facet normal 0 0 1
    outer loop
      vertex 7.75 78.0722 2.5
      vertex 4.46835 81.6006 2.5
      vertex 7.29772 77.6927 2.5
    endloop
  endfacet
  facet normal 0 0 1
    outer loop
      vertex 7.00252 9.18143 2.5
      vertex 1.95 9 2.5
      vertex 6.9 8.6 2.5
    endloop
  endfacet
  facet normal -0 0 1
    outer loop
      vertex 4.0149 81.1851 2.5
      vertex 7.29772 77.6927 2.5
      vertex 4.46835 81.6006 2.5
    endloop
  endfacet
  facet normal 0 -0 1
    outer loop
      vertex 1.97683 8.38555 2.5
      vertex 6.9 8.6 2.5
      vertex 1.95 9 2.5
    endloop
  endfacet
  facet normal -0 0 1
    outer loop
      vertex 3.59939 80.7317 2.5
      vertex 7.29772 77.6927 2.5
      vertex 4.0149 81.1851 2.5
    endloop
  endfacet
  facet normal 0 0 1
    outer loop
      vertex 8.3048 6.92583 2.5
      vertex 6.02054 2.61053 2.5
      vertex 6.58876 2.37517 2.5
    endloop
  endfacet
  facet normal -0 0 1
    outer loop
      vertex 3.22498 80.2437 2.5
      vertex 7.29772 77.6927 2.5
      vertex 3.59939 80.7317 2.5
    endloop
  endfacet
  facet normal 0 0 1
    outer loop
      vertex 7.75 7.12776 2.5
      vertex 5.475 2.89452 2.5
      vertex 6.02054 2.61053 2.5
    endloop
  endfacet
  facet normal -0 0 1
    outer loop
      vertex 2.89452 79.725 2.5
      vertex 7.29772 77.6927 2.5
      vertex 3.22498 80.2437 2.5
    endloop
  endfacet
  facet normal 0 0 1
    outer loop
      vertex 7.75 7.12776 2.5
      vertex 4.95629 3.22498 2.5
      vertex 5.475 2.89452 2.5
    endloop
  endfacet
  facet normal 0 0 1
    outer loop
      vertex 7.29772 77.6927 2.5
      vertex 2.89452 79.725 2.5
      vertex 7.00252 77.1814 2.5
    endloop
  endfacet
  facet normal 0 0 1
    outer loop
      vertex 7.75 7.12776 2.5
      vertex 4.46835 3.59939 2.5
      vertex 4.95629 3.22498 2.5
    endloop
  endfacet
  facet normal -0 0 1
    outer loop
      vertex 2.61053 79.1795 2.5
      vertex 7.00252 77.1814 2.5
      vertex 2.89452 79.725 2.5
    endloop
  endfacet
  facet normal 0 0 1
    outer loop
      vertex 7.29772 7.50726 2.5
      vertex 4.0149 4.0149 2.5
      vertex 4.46835 3.59939 2.5
    endloop
  endfacet
  facet normal -0 0 1
    outer loop
      vertex 2.37517 78.6112 2.5
      vertex 7.00252 77.1814 2.5
      vertex 2.61053 79.1795 2.5
    endloop
  endfacet
  facet normal 0 0 1
    outer loop
      vertex 7.29772 7.50726 2.5
      vertex 3.59939 4.46835 2.5
      vertex 4.0149 4.0149 2.5
    endloop
  endfacet
  facet normal -0 0 1
    outer loop
      vertex 2.19022 78.0247 2.5
      vertex 7.00252 77.1814 2.5
      vertex 2.37517 78.6112 2.5
    endloop
  endfacet
  facet normal 0 0 1
    outer loop
      vertex 7.29772 7.50726 2.5
      vertex 3.22498 4.95629 2.5
      vertex 3.59939 4.46835 2.5
    endloop
  endfacet
  facet normal 0 0 1
    outer loop
      vertex 7.00252 77.1814 2.5
      vertex 2.19022 78.0247 2.5
      vertex 6.9 76.6 2.5
    endloop
  endfacet
  facet normal 0 0 1
    outer loop
      vertex 7.29772 7.50726 2.5
      vertex 2.89452 5.475 2.5
      vertex 3.22498 4.95629 2.5
    endloop
  endfacet
  facet normal -0 0 1
    outer loop
      vertex 2.05711 77.4242 2.5
      vertex 6.9 76.6 2.5
      vertex 2.19022 78.0247 2.5
    endloop
  endfacet
  facet normal 0 0 1
    outer loop
      vertex 7.00252 8.01857 2.5
      vertex 2.61053 6.02054 2.5
      vertex 2.89452 5.475 2.5
    endloop
  endfacet
  facet normal -0 0 1
    outer loop
      vertex 1.97683 76.8144 2.5
      vertex 6.9 76.6 2.5
      vertex 2.05711 77.4242 2.5
    endloop
  endfacet
  facet normal 0 0 1
    outer loop
      vertex 7.00252 8.01857 2.5
      vertex 2.37517 6.58876 2.5
      vertex 2.61053 6.02054 2.5
    endloop
  endfacet
  facet normal 0 0 1
    outer loop
      vertex 6.9 76.6 2.5
      vertex 1.97683 76.8144 2.5
      vertex 1.95 76.2 2.5
    endloop
  endfacet
  facet normal 0 0 1
    outer loop
      vertex 7.00252 8.01857 2.5
      vertex 2.19022 7.17533 2.5
      vertex 2.37517 6.58876 2.5
    endloop
  endfacet
  facet normal 0 0 1
    outer loop
      vertex 6.9 8.6 2.5
      vertex 2.05711 7.77578 2.5
      vertex 2.19022 7.17533 2.5
    endloop
  endfacet
  facet normal 0 0 1
    outer loop
      vertex 6.9 8.6 2.5
      vertex 1.97683 8.38555 2.5
      vertex 2.05711 7.77578 2.5
    endloop
  endfacet
  facet normal -0 0 1
    outer loop
      vertex 120.872 14.952 2.5
      vertex 122.45 10.0722 2.5
      vertex 121.042 15.5147 2.5
    endloop
  endfacet
  facet normal -0 0 1
    outer loop
      vertex 120.594 14.4333 2.5
      vertex 122.45 10.0722 2.5
      vertex 120.872 14.952 2.5
    endloop
  endfacet
  facet normal 0 0 1
    outer loop
      vertex 122.45 10.0722 2.5
      vertex 120.594 14.4333 2.5
      vertex 121.895 10.2742 2.5
    endloop
  endfacet
  facet normal -0 0 1
    outer loop
      vertex 120.221 13.9787 2.5
      vertex 121.895 10.2742 2.5
      vertex 120.594 14.4333 2.5
    endloop
  endfacet
  facet normal 0 0 1
    outer loop
      vertex 121.895 10.2742 2.5
      vertex 120.221 13.9787 2.5
      vertex 121.305 10.2742 2.5
    endloop
  endfacet
  facet normal -0 0 1
    outer loop
      vertex 119.767 13.6056 2.5
      vertex 121.305 10.2742 2.5
      vertex 120.221 13.9787 2.5
    endloop
  endfacet
  facet normal 0 0 1
    outer loop
      vertex 121.305 10.2742 2.5
      vertex 119.767 13.6056 2.5
      vertex 120.75 10.0722 2.5
    endloop
  endfacet
  facet normal -0 0 1
    outer loop
      vertex 119.248 13.3284 2.5
      vertex 120.75 10.0722 2.5
      vertex 119.767 13.6056 2.5
    endloop
  endfacet
  facet normal -0 0 1
    outer loop
      vertex 118.685 13.1576 2.5
      vertex 120.75 10.0722 2.5
      vertex 119.248 13.3284 2.5
    endloop
  endfacet
  facet normal 0 0 1
    outer loop
      vertex 120.75 10.0722 2.5
      vertex 118.685 13.1576 2.5
      vertex 120.298 9.69274 2.5
    endloop
  endfacet
  facet normal 0 0 1
    outer loop
      vertex 13.9413 32.6406 2.5
      vertex 13.9413 31.5594 2.5
      vertex 14.1 32.1 2.5
    endloop
  endfacet
  facet normal 0 0 1
    outer loop
      vertex 13.5154 33.0096 2.5
      vertex 13.9413 31.5594 2.5
      vertex 13.9413 32.6406 2.5
    endloop
  endfacet
  facet normal 0 0 1
    outer loop
      vertex 13.5154 33.0096 2.5
      vertex 13.5154 31.1904 2.5
      vertex 13.9413 31.5594 2.5
    endloop
  endfacet
  facet normal 0 0 1
    outer loop
      vertex 12.9577 33.0898 2.5
      vertex 13.5154 31.1904 2.5
      vertex 13.5154 33.0096 2.5
    endloop
  endfacet
  facet normal 0 0 1
    outer loop
      vertex 12.9577 33.0898 2.5
      vertex 12.9577 31.1102 2.5
      vertex 13.5154 31.1904 2.5
    endloop
  endfacet
  facet normal -0 0 1
    outer loop
      vertex 12.4451 32.8557 2.5
      vertex 12.9577 31.1102 2.5
      vertex 12.9577 33.0898 2.5
    endloop
  endfacet
  facet normal 0 0 1
    outer loop
      vertex 12.4451 32.8557 2.5
      vertex 12.4451 31.3443 2.5
      vertex 12.9577 31.1102 2.5
    endloop
  endfacet
  facet normal -0 0 1
    outer loop
      vertex 12.1405 32.3817 2.5
      vertex 12.4451 31.3443 2.5
      vertex 12.4451 32.8557 2.5
    endloop
  endfacet
  facet normal 0 0 1
    outer loop
      vertex 12.4451 31.3443 2.5
      vertex 12.1405 32.3817 2.5
      vertex 12.1405 31.8183 2.5
    endloop
  endfacet
  facet normal 0 0 1
    outer loop
      vertex 13.9413 54.1406 2.5
      vertex 13.9413 53.0594 2.5
      vertex 14.1 53.6 2.5
    endloop
  endfacet
  facet normal 0 0 1
    outer loop
      vertex 13.5154 54.5096 2.5
      vertex 13.9413 53.0594 2.5
      vertex 13.9413 54.1406 2.5
    endloop
  endfacet
  facet normal 0 0 1
    outer loop
      vertex 13.5154 54.5096 2.5
      vertex 13.5154 52.6904 2.5
      vertex 13.9413 53.0594 2.5
    endloop
  endfacet
  facet normal 0 0 1
    outer loop
      vertex 12.9577 54.5898 2.5
      vertex 13.5154 52.6904 2.5
      vertex 13.5154 54.5096 2.5
    endloop
  endfacet
  facet normal 0 0 1
    outer loop
      vertex 12.9577 54.5898 2.5
      vertex 12.9577 52.6102 2.5
      vertex 13.5154 52.6904 2.5
    endloop
  endfacet
  facet normal -0 0 1
    outer loop
      vertex 12.4451 54.3557 2.5
      vertex 12.9577 52.6102 2.5
      vertex 12.9577 54.5898 2.5
    endloop
  endfacet
  facet normal 0 0 1
    outer loop
      vertex 12.4451 54.3557 2.5
      vertex 12.4451 52.8442 2.5
      vertex 12.9577 52.6102 2.5
    endloop
  endfacet
  facet normal -0 0 1
    outer loop
      vertex 12.1405 53.8817 2.5
      vertex 12.4451 52.8442 2.5
      vertex 12.4451 54.3557 2.5
    endloop
  endfacet
  facet normal 0 0 1
    outer loop
      vertex 12.4451 52.8442 2.5
      vertex 12.1405 53.8817 2.5
      vertex 12.1405 53.3183 2.5
    endloop
  endfacet
  facet normal 0 0 1
    outer loop
      vertex 59.9413 32.6406 2.5
      vertex 59.9413 31.5594 2.5
      vertex 60.1 32.1 2.5
    endloop
  endfacet
  facet normal 0 0 1
    outer loop
      vertex 59.5154 33.0096 2.5
      vertex 59.9413 31.5594 2.5
      vertex 59.9413 32.6406 2.5
    endloop
  endfacet
  facet normal 0 0 1
    outer loop
      vertex 59.5154 33.0096 2.5
      vertex 59.5154 31.1904 2.5
      vertex 59.9413 31.5594 2.5
    endloop
  endfacet
  facet normal 0 0 1
    outer loop
      vertex 58.9577 33.0898 2.5
      vertex 59.5154 31.1904 2.5
      vertex 59.5154 33.0096 2.5
    endloop
  endfacet
  facet normal 0 0 1
    outer loop
      vertex 58.9577 33.0898 2.5
      vertex 58.9577 31.1102 2.5
      vertex 59.5154 31.1904 2.5
    endloop
  endfacet
  facet normal -0 0 1
    outer loop
      vertex 58.4451 32.8557 2.5
      vertex 58.9577 31.1102 2.5
      vertex 58.9577 33.0898 2.5
    endloop
  endfacet
  facet normal 0 0 1
    outer loop
      vertex 58.4451 32.8557 2.5
      vertex 58.4451 31.3443 2.5
      vertex 58.9577 31.1102 2.5
    endloop
  endfacet
  facet normal -0 0 1
    outer loop
      vertex 58.1405 32.3817 2.5
      vertex 58.4451 31.3443 2.5
      vertex 58.4451 32.8557 2.5
    endloop
  endfacet
  facet normal 0 0 1
    outer loop
      vertex 58.4451 31.3443 2.5
      vertex 58.1405 32.3817 2.5
      vertex 58.1405 31.8183 2.5
    endloop
  endfacet
  facet normal 0 0 1
    outer loop
      vertex 59.9413 54.1406 2.5
      vertex 59.9413 53.0594 2.5
      vertex 60.1 53.6 2.5
    endloop
  endfacet
  facet normal 0 0 1
    outer loop
      vertex 59.5154 54.5096 2.5
      vertex 59.9413 53.0594 2.5
      vertex 59.9413 54.1406 2.5
    endloop
  endfacet
  facet normal 0 0 1
    outer loop
      vertex 59.5154 54.5096 2.5
      vertex 59.5154 52.6904 2.5
      vertex 59.9413 53.0594 2.5
    endloop
  endfacet
  facet normal 0 0 1
    outer loop
      vertex 58.9577 54.5898 2.5
      vertex 59.5154 52.6904 2.5
      vertex 59.5154 54.5096 2.5
    endloop
  endfacet
  facet normal 0 0 1
    outer loop
      vertex 58.9577 54.5898 2.5
      vertex 58.9577 52.6102 2.5
      vertex 59.5154 52.6904 2.5
    endloop
  endfacet
  facet normal -0 0 1
    outer loop
      vertex 58.4451 54.3557 2.5
      vertex 58.9577 52.6102 2.5
      vertex 58.9577 54.5898 2.5
    endloop
  endfacet
  facet normal 0 0 1
    outer loop
      vertex 58.4451 54.3557 2.5
      vertex 58.4451 52.8442 2.5
      vertex 58.9577 52.6102 2.5
    endloop
  endfacet
  facet normal -0 0 1
    outer loop
      vertex 58.1405 53.8817 2.5
      vertex 58.4451 52.8442 2.5
      vertex 58.4451 54.3557 2.5
    endloop
  endfacet
  facet normal 0 0 1
    outer loop
      vertex 58.4451 52.8442 2.5
      vertex 58.1405 53.8817 2.5
      vertex 58.1405 53.3183 2.5
    endloop
  endfacet
  facet normal 0 0 1
    outer loop
      vertex 73.9413 16.6406 2.5
      vertex 73.9413 15.5594 2.5
      vertex 74.1 16.1 2.5
    endloop
  endfacet
  facet normal 0 0 1
    outer loop
      vertex 73.5154 17.0096 2.5
      vertex 73.9413 15.5594 2.5
      vertex 73.9413 16.6406 2.5
    endloop
  endfacet
  facet normal 0 0 1
    outer loop
      vertex 73.5154 17.0096 2.5
      vertex 73.5154 15.1904 2.5
      vertex 73.9413 15.5594 2.5
    endloop
  endfacet
  facet normal 0 0 1
    outer loop
      vertex 72.9577 17.0898 2.5
      vertex 73.5154 15.1904 2.5
      vertex 73.5154 17.0096 2.5
    endloop
  endfacet
  facet normal 0 0 1
    outer loop
      vertex 72.9577 17.0898 2.5
      vertex 72.9577 15.1102 2.5
      vertex 73.5154 15.1904 2.5
    endloop
  endfacet
  facet normal -0 0 1
    outer loop
      vertex 72.4451 16.8557 2.5
      vertex 72.9577 15.1102 2.5
      vertex 72.9577 17.0898 2.5
    endloop
  endfacet
  facet normal 0 0 1
    outer loop
      vertex 72.4451 16.8557 2.5
      vertex 72.4451 15.3443 2.5
      vertex 72.9577 15.1102 2.5
    endloop
  endfacet
  facet normal -0 0 1
    outer loop
      vertex 72.1405 16.3817 2.5
      vertex 72.4451 15.3443 2.5
      vertex 72.4451 16.8557 2.5
    endloop
  endfacet
  facet normal 0 0 1
    outer loop
      vertex 72.4451 15.3443 2.5
      vertex 72.1405 16.3817 2.5
      vertex 72.1405 15.8183 2.5
    endloop
  endfacet
  facet normal 0 0 1
    outer loop
      vertex 73.9413 37.6406 2.5
      vertex 73.9413 36.5594 2.5
      vertex 74.1 37.1 2.5
    endloop
  endfacet
  facet normal 0 0 1
    outer loop
      vertex 73.5154 38.0096 2.5
      vertex 73.9413 36.5594 2.5
      vertex 73.9413 37.6406 2.5
    endloop
  endfacet
  facet normal 0 0 1
    outer loop
      vertex 73.5154 38.0096 2.5
      vertex 73.5154 36.1904 2.5
      vertex 73.9413 36.5594 2.5
    endloop
  endfacet
  facet normal 0 0 1
    outer loop
      vertex 72.9577 38.0898 2.5
      vertex 73.5154 36.1904 2.5
      vertex 73.5154 38.0096 2.5
    endloop
  endfacet
  facet normal 0 0 1
    outer loop
      vertex 72.9577 38.0898 2.5
      vertex 72.9577 36.1102 2.5
      vertex 73.5154 36.1904 2.5
    endloop
  endfacet
  facet normal -0 0 1
    outer loop
      vertex 72.4451 37.8557 2.5
      vertex 72.9577 36.1102 2.5
      vertex 72.9577 38.0898 2.5
    endloop
  endfacet
  facet normal 0 0 1
    outer loop
      vertex 72.4451 37.8557 2.5
      vertex 72.4451 36.3442 2.5
      vertex 72.9577 36.1102 2.5
    endloop
  endfacet
  facet normal -0 0 1
    outer loop
      vertex 72.1405 37.3817 2.5
      vertex 72.4451 36.3442 2.5
      vertex 72.4451 37.8557 2.5
    endloop
  endfacet
  facet normal 0 0 1
    outer loop
      vertex 72.4451 36.3442 2.5
      vertex 72.1405 37.3817 2.5
      vertex 72.1405 36.8183 2.5
    endloop
  endfacet
  facet normal 0 0 1
    outer loop
      vertex 75.9413 57.6406 2.5
      vertex 75.9413 56.5594 2.5
      vertex 76.1 57.1 2.5
    endloop
  endfacet
  facet normal 0 0 1
    outer loop
      vertex 75.5154 58.0096 2.5
      vertex 75.9413 56.5594 2.5
      vertex 75.9413 57.6406 2.5
    endloop
  endfacet
  facet normal 0 0 1
    outer loop
      vertex 75.5154 58.0096 2.5
      vertex 75.5154 56.1904 2.5
      vertex 75.9413 56.5594 2.5
    endloop
  endfacet
  facet normal 0 0 1
    outer loop
      vertex 74.9577 58.0898 2.5
      vertex 75.5154 56.1904 2.5
      vertex 75.5154 58.0096 2.5
    endloop
  endfacet
  facet normal 0 0 1
    outer loop
      vertex 74.9577 58.0898 2.5
      vertex 74.9577 56.1102 2.5
      vertex 75.5154 56.1904 2.5
    endloop
  endfacet
  facet normal -0 0 1
    outer loop
      vertex 74.4451 57.8557 2.5
      vertex 74.9577 56.1102 2.5
      vertex 74.9577 58.0898 2.5
    endloop
  endfacet
  facet normal 0 0 1
    outer loop
      vertex 74.4451 57.8557 2.5
      vertex 74.4451 56.3442 2.5
      vertex 74.9577 56.1102 2.5
    endloop
  endfacet
  facet normal -0 0 1
    outer loop
      vertex 74.1405 57.3817 2.5
      vertex 74.4451 56.3442 2.5
      vertex 74.4451 57.8557 2.5
    endloop
  endfacet
  facet normal 0 0 1
    outer loop
      vertex 74.4451 56.3442 2.5
      vertex 74.1405 57.3817 2.5
      vertex 74.1405 56.8183 2.5
    endloop
  endfacet
  facet normal 0 0 1
    outer loop
      vertex 96.3413 72.9406 2.5
      vertex 96.3413 71.8594 2.5
      vertex 96.5 72.4 2.5
    endloop
  endfacet
  facet normal 0 0 1
    outer loop
      vertex 95.9154 73.3096 2.5
      vertex 96.3413 71.8594 2.5
      vertex 96.3413 72.9406 2.5
    endloop
  endfacet
  facet normal 0 0 1
    outer loop
      vertex 95.9154 73.3096 2.5
      vertex 95.9154 71.4904 2.5
      vertex 96.3413 71.8594 2.5
    endloop
  endfacet
  facet normal 0 0 1
    outer loop
      vertex 95.3577 73.3898 2.5
      vertex 95.9154 71.4904 2.5
      vertex 95.9154 73.3096 2.5
    endloop
  endfacet
  facet normal 0 0 1
    outer loop
      vertex 95.3577 73.3898 2.5
      vertex 95.3577 71.4102 2.5
      vertex 95.9154 71.4904 2.5
    endloop
  endfacet
  facet normal -0 0 1
    outer loop
      vertex 94.8451 73.1557 2.5
      vertex 95.3577 71.4102 2.5
      vertex 95.3577 73.3898 2.5
    endloop
  endfacet
  facet normal 0 0 1
    outer loop
      vertex 94.8451 73.1557 2.5
      vertex 94.8451 71.6442 2.5
      vertex 95.3577 71.4102 2.5
    endloop
  endfacet
  facet normal -0 0 1
    outer loop
      vertex 94.5405 72.6817 2.5
      vertex 94.8451 71.6442 2.5
      vertex 94.8451 73.1557 2.5
    endloop
  endfacet
  facet normal 0 0 1
    outer loop
      vertex 94.8451 71.6442 2.5
      vertex 94.5405 72.6817 2.5
      vertex 94.5405 72.1183 2.5
    endloop
  endfacet
  facet normal 0 0 1
    outer loop
      vertex 118.941 16.6406 2.5
      vertex 118.941 15.5594 2.5
      vertex 119.1 16.1 2.5
    endloop
  endfacet
  facet normal 0 0 1
    outer loop
      vertex 118.515 17.0096 2.5
      vertex 118.941 15.5594 2.5
      vertex 118.941 16.6406 2.5
    endloop
  endfacet
  facet normal 0 0 1
    outer loop
      vertex 118.515 17.0096 2.5
      vertex 118.515 15.1904 2.5
      vertex 118.941 15.5594 2.5
    endloop
  endfacet
  facet normal 0 0 1
    outer loop
      vertex 117.958 17.0898 2.5
      vertex 118.515 15.1904 2.5
      vertex 118.515 17.0096 2.5
    endloop
  endfacet
  facet normal 0 0 1
    outer loop
      vertex 117.958 17.0898 2.5
      vertex 117.958 15.1102 2.5
      vertex 118.515 15.1904 2.5
    endloop
  endfacet
  facet normal -0 0 1
    outer loop
      vertex 117.445 16.8557 2.5
      vertex 117.958 15.1102 2.5
      vertex 117.958 17.0898 2.5
    endloop
  endfacet
  facet normal 0 0 1
    outer loop
      vertex 117.445 16.8557 2.5
      vertex 117.445 15.3443 2.5
      vertex 117.958 15.1102 2.5
    endloop
  endfacet
  facet normal -0 0 1
    outer loop
      vertex 117.141 16.3817 2.5
      vertex 117.445 15.3443 2.5
      vertex 117.445 16.8557 2.5
    endloop
  endfacet
  facet normal 0 0 1
    outer loop
      vertex 117.445 15.3443 2.5
      vertex 117.141 16.3817 2.5
      vertex 117.141 15.8183 2.5
    endloop
  endfacet
  facet normal 0 0 1
    outer loop
      vertex 118.941 37.6406 2.5
      vertex 118.941 36.5594 2.5
      vertex 119.1 37.1 2.5
    endloop
  endfacet
  facet normal 0 0 1
    outer loop
      vertex 118.515 38.0096 2.5
      vertex 118.941 36.5594 2.5
      vertex 118.941 37.6406 2.5
    endloop
  endfacet
  facet normal 0 0 1
    outer loop
      vertex 118.515 38.0096 2.5
      vertex 118.515 36.1904 2.5
      vertex 118.941 36.5594 2.5
    endloop
  endfacet
  facet normal 0 0 1
    outer loop
      vertex 117.958 38.0898 2.5
      vertex 118.515 36.1904 2.5
      vertex 118.515 38.0096 2.5
    endloop
  endfacet
  facet normal 0 0 1
    outer loop
      vertex 117.958 38.0898 2.5
      vertex 117.958 36.1102 2.5
      vertex 118.515 36.1904 2.5
    endloop
  endfacet
  facet normal -0 0 1
    outer loop
      vertex 117.445 37.8557 2.5
      vertex 117.958 36.1102 2.5
      vertex 117.958 38.0898 2.5
    endloop
  endfacet
  facet normal 0 0 1
    outer loop
      vertex 117.445 37.8557 2.5
      vertex 117.445 36.3442 2.5
      vertex 117.958 36.1102 2.5
    endloop
  endfacet
  facet normal -0 0 1
    outer loop
      vertex 117.141 37.3817 2.5
      vertex 117.445 36.3442 2.5
      vertex 117.445 37.8557 2.5
    endloop
  endfacet
  facet normal 0 0 1
    outer loop
      vertex 117.445 36.3442 2.5
      vertex 117.141 37.3817 2.5
      vertex 117.141 36.8183 2.5
    endloop
  endfacet
  facet normal -0.12424 -0.0953324 0.987662
    outer loop
      vertex 3.59939 4.46835 2.5
      vertex 3.12373 4.88539 2.48042
      vertex 3.5047 4.3889 2.48042
    endloop
  endfacet
  facet normal 0.0338577 0.152785 0.987679
    outer loop
      vertex 122.446 83.2646 2.48042
      vertex 122.424 83.1429 2.5
      vertex 123.057 83.1292 2.48042
    endloop
  endfacet
  facet normal 0.02042 0.155212 0.98767
    outer loop
      vertex 122.446 83.2646 2.48042
      vertex 121.825 83.3463 2.48042
      vertex 122.424 83.1429 2.5
    endloop
  endfacet
  facet normal 0.790145 -0.175878 0.587144
    outer loop
      vertex 128.265 7.75432 2.48042
      vertex 128.129 7.14333 2.48042
      vertex 128.537 7.70632 2.1
    endloop
  endfacet
  facet normal 0.802678 -0.104788 0.587136
    outer loop
      vertex 128.346 8.37478 2.48042
      vertex 128.265 7.75432 2.48042
      vertex 128.537 7.70632 2.1
    endloop
  endfacet
  facet normal -0.105638 -0.80235 0.587431
    outer loop
      vertex 7.75432 1.93538 2.48042
      vertex 7.70632 1.66318 2.1
      vertex 8.37478 1.85369 2.48042
    endloop
  endfacet
  facet normal -0.0204415 -0.15526 0.987662
    outer loop
      vertex 7.77578 2.05711 2.5
      vertex 7.75432 1.93538 2.48042
      vertex 8.37478 1.85369 2.48042
    endloop
  endfacet
  facet normal -0.132074 -0.0841415 0.987662
    outer loop
      vertex 2.89452 5.475 2.5
      vertex 2.78747 5.4132 2.48042
      vertex 3.22498 4.95629 2.5
    endloop
  endfacet
  facet normal -0.115449 -0.105789 0.987664
    outer loop
      vertex 4.0149 4.0149 2.5
      vertex 3.59939 4.46835 2.5
      vertex 3.92749 3.92749 2.48042
    endloop
  endfacet
  facet normal 0.0720759 0.138568 0.987727
    outer loop
      vertex 124.232 82.7015 2.48042
      vertex 124.179 82.5895 2.5
      vertex 124.725 82.3055 2.5
    endloop
  endfacet
  facet normal -0.144676 -0.0599241 0.987663
    outer loop
      vertex 2.61053 6.02054 2.5
      vertex 2.25902 6.54648 2.48042
      vertex 2.4985 5.9683 2.48042
    endloop
  endfacet
  facet normal -0.717841 -0.373688 0.587419
    outer loop
      vertex 2.78747 5.4132 2.48042
      vertex 2.4985 5.9683 2.48042
      vertex 2.54811 5.275 2.1
    endloop
  endfacet
  facet normal -0.682537 -0.434834 0.58742
    outer loop
      vertex 2.78747 5.4132 2.48042
      vertex 2.54811 5.275 2.1
      vertex 3.12373 4.88539 2.48042
    endloop
  endfacet
  facet normal -0.138901 -0.0723074 0.987663
    outer loop
      vertex 2.61053 6.02054 2.5
      vertex 2.4985 5.9683 2.48042
      vertex 2.89452 5.475 2.5
    endloop
  endfacet
  facet normal -0.0338937 -0.152888 0.987662
    outer loop
      vertex 7.77578 2.05711 2.5
      vertex 7.14333 2.07083 2.48042
      vertex 7.75432 1.93538 2.48042
    endloop
  endfacet
  facet normal -0.175155 -0.790092 0.587431
    outer loop
      vertex 7.75432 1.93538 2.48042
      vertex 7.14333 2.07083 2.48042
      vertex 7.70632 1.66318 2.1
    endloop
  endfacet
  facet normal -0.546733 -0.596665 0.58743
    outer loop
      vertex 4.3889 3.5047 2.48042
      vertex 3.73205 3.73205 2.1
      vertex 4.21123 3.29297 2.1
    endloop
  endfacet
  facet normal -0.492651 -0.642046 0.587429
    outer loop
      vertex 4.3889 3.5047 2.48042
      vertex 4.21123 3.29297 2.1
      vertex 4.72686 2.89732 2.1
    endloop
  endfacet
  facet normal -0.0953329 -0.12424 0.987662
    outer loop
      vertex 4.95629 3.22498 2.5
      vertex 4.46835 3.59939 2.5
      vertex 4.88539 3.12373 2.48042
    endloop
  endfacet
  facet normal -0.105796 -0.11546 0.987662
    outer loop
      vertex 4.46835 3.59939 2.5
      vertex 3.92749 3.92749 2.48042
      vertex 4.3889 3.5047 2.48042
    endloop
  endfacet
  facet normal -0.866014 -0.500019 0
    outer loop
      vertex 10.1975 9.18143 2.25
      vertex 9.90228 9.69274 2.5
      vertex 9.90228 9.69274 2.25
    endloop
  endfacet
  facet normal -0.866014 -0.500019 0
    outer loop
      vertex 9.90228 9.69274 2.5
      vertex 10.1975 9.18143 2.25
      vertex 10.1975 9.18143 2.5
    endloop
  endfacet
  facet normal -0.984814 -0.173612 0
    outer loop
      vertex 10.3 8.6 2.25
      vertex 10.1975 9.18143 2.5
      vertex 10.1975 9.18143 2.25
    endloop
  endfacet
  facet normal -0.984814 -0.173612 0
    outer loop
      vertex 10.1975 9.18143 2.5
      vertex 10.3 8.6 2.25
      vertex 10.3 8.6 2.5
    endloop
  endfacet
  facet normal -0.64274 -0.766084 0
    outer loop
      vertex 9.45 10.0722 2.25
      vertex 9.90228 9.69274 2.5
      vertex 9.45 10.0722 2.5
    endloop
  endfacet
  facet normal -0.64274 -0.766084 -0
    outer loop
      vertex 9.90228 9.69274 2.5
      vertex 9.45 10.0722 2.25
      vertex 9.90228 9.69274 2.25
    endloop
  endfacet
  facet normal 0.64274 -0.766084 0
    outer loop
      vertex 7.29772 9.69274 2.25
      vertex 7.75 10.0722 2.5
      vertex 7.29772 9.69274 2.5
    endloop
  endfacet
  facet normal 0.64274 -0.766084 0
    outer loop
      vertex 7.75 10.0722 2.5
      vertex 7.29772 9.69274 2.25
      vertex 7.75 10.0722 2.25
    endloop
  endfacet
  facet normal 0.984808 0.173645 0
    outer loop
      vertex 7.00252 8.01857 2.5
      vertex 6.9 8.6 2.25
      vertex 6.9 8.6 2.5
    endloop
  endfacet
  facet normal 0.984808 0.173645 0
    outer loop
      vertex 6.9 8.6 2.25
      vertex 7.00252 8.01857 2.5
      vertex 7.00252 8.01857 2.25
    endloop
  endfacet
  facet normal 0 -1 0
    outer loop
      vertex 8.3048 10.2742 2.25
      vertex 8.8952 10.2742 2.5
      vertex 8.3048 10.2742 2.5
    endloop
  endfacet
  facet normal 0 -1 -0
    outer loop
      vertex 8.8952 10.2742 2.5
      vertex 8.3048 10.2742 2.25
      vertex 8.8952 10.2742 2.25
    endloop
  endfacet
  facet normal -0.342124 -0.939655 0
    outer loop
      vertex 8.8952 10.2742 2.25
      vertex 9.45 10.0722 2.5
      vertex 8.8952 10.2742 2.5
    endloop
  endfacet
  facet normal -0.342124 -0.939655 -0
    outer loop
      vertex 9.45 10.0722 2.5
      vertex 8.8952 10.2742 2.25
      vertex 9.45 10.0722 2.25
    endloop
  endfacet
  facet normal 0.342019 0.939693 -0
    outer loop
      vertex 8.3048 6.92583 2.25
      vertex 7.75 7.12776 2.5
      vertex 8.3048 6.92583 2.5
    endloop
  endfacet
  facet normal 0.342019 0.939693 0
    outer loop
      vertex 7.75 7.12776 2.5
      vertex 8.3048 6.92583 2.25
      vertex 7.75 7.12776 2.25
    endloop
  endfacet
  facet normal -0.342019 0.939693 0
    outer loop
      vertex 9.45 7.12776 2.25
      vertex 8.8952 6.92583 2.5
      vertex 9.45 7.12776 2.5
    endloop
  endfacet
  facet normal -0.342019 0.939693 0
    outer loop
      vertex 8.8952 6.92583 2.5
      vertex 9.45 7.12776 2.25
      vertex 8.8952 6.92583 2.25
    endloop
  endfacet
  facet normal -0.984814 0.173612 0
    outer loop
      vertex 10.1975 8.01857 2.25
      vertex 10.3 8.6 2.5
      vertex 10.3 8.6 2.25
    endloop
  endfacet
  facet normal -0.984814 0.173612 0
    outer loop
      vertex 10.3 8.6 2.5
      vertex 10.1975 8.01857 2.25
      vertex 10.1975 8.01857 2.5
    endloop
  endfacet
  facet normal -0.866014 0.500019 0
    outer loop
      vertex 9.90228 7.50726 2.25
      vertex 10.1975 8.01857 2.5
      vertex 10.1975 8.01857 2.25
    endloop
  endfacet
  facet normal -0.866014 0.500019 0
    outer loop
      vertex 10.1975 8.01857 2.5
      vertex 9.90228 7.50726 2.25
      vertex 9.90228 7.50726 2.5
    endloop
  endfacet
  facet normal 0.866029 -0.499994 0
    outer loop
      vertex 7.00252 9.18143 2.5
      vertex 7.29772 9.69274 2.25
      vertex 7.29772 9.69274 2.5
    endloop
  endfacet
  facet normal 0.866029 -0.499994 0
    outer loop
      vertex 7.29772 9.69274 2.25
      vertex 7.00252 9.18143 2.5
      vertex 7.00252 9.18143 2.25
    endloop
  endfacet
  facet normal 0 1 -0
    outer loop
      vertex 8.8952 6.92583 2.25
      vertex 8.3048 6.92583 2.5
      vertex 8.8952 6.92583 2.5
    endloop
  endfacet
  facet normal 0 1 0
    outer loop
      vertex 8.3048 6.92583 2.5
      vertex 8.8952 6.92583 2.25
      vertex 8.3048 6.92583 2.25
    endloop
  endfacet
  facet normal 0.984808 -0.173645 0
    outer loop
      vertex 6.9 8.6 2.5
      vertex 7.00252 9.18143 2.25
      vertex 7.00252 9.18143 2.5
    endloop
  endfacet
  facet normal 0.984808 -0.173645 0
    outer loop
      vertex 7.00252 9.18143 2.25
      vertex 6.9 8.6 2.5
      vertex 6.9 8.6 2.25
    endloop
  endfacet
  facet normal 0.342124 -0.939655 0
    outer loop
      vertex 7.75 10.0722 2.25
      vertex 8.3048 10.2742 2.5
      vertex 7.75 10.0722 2.5
    endloop
  endfacet
  facet normal 0.342124 -0.939655 0
    outer loop
      vertex 8.3048 10.2742 2.5
      vertex 7.75 10.0722 2.25
      vertex 8.3048 10.2742 2.25
    endloop
  endfacet
  facet normal -0.64278 0.766051 0
    outer loop
      vertex 9.90228 7.50726 2.25
      vertex 9.45 7.12776 2.5
      vertex 9.90228 7.50726 2.5
    endloop
  endfacet
  facet normal -0.64278 0.766051 0
    outer loop
      vertex 9.45 7.12776 2.5
      vertex 9.90228 7.50726 2.25
      vertex 9.45 7.12776 2.25
    endloop
  endfacet
  facet normal 0.866029 0.499994 0
    outer loop
      vertex 7.29772 7.50726 2.5
      vertex 7.00252 8.01857 2.25
      vertex 7.00252 8.01857 2.5
    endloop
  endfacet
  facet normal 0.866029 0.499994 0
    outer loop
      vertex 7.00252 8.01857 2.25
      vertex 7.29772 7.50726 2.5
      vertex 7.29772 7.50726 2.25
    endloop
  endfacet
  facet normal 0.64278 0.766051 -0
    outer loop
      vertex 7.75 7.12776 2.25
      vertex 7.29772 7.50726 2.5
      vertex 7.75 7.12776 2.5
    endloop
  endfacet
  facet normal 0.64278 0.766051 0
    outer loop
      vertex 7.29772 7.50726 2.5
      vertex 7.75 7.12776 2.25
      vertex 7.29772 7.50726 2.25
    endloop
  endfacet
  facet normal -0.684341 -0.183269 -0.705755
    outer loop
      vertex 11.748 9.74577 0.599999
      vertex 11.8968 9.19014 0.599999
      vertex 10.1975 9.18143 2.25
    endloop
  endfacet
  facet normal 0.705757 -0.0617402 -0.705759
    outer loop
      vertex 5.30089 9.18172 0.599999
      vertex 6.92583 8.8952 2.25
      vertex 5.25076 8.60868 0.599999
    endloop
  endfacet
  facet normal -0.684341 0.183269 -0.705755
    outer loop
      vertex 11.8968 8.00986 0.599999
      vertex 11.748 7.45423 0.599999
      vertex 10.1975 8.01857 2.25
    endloop
  endfacet
  facet normal -0.70561 -0.0650332 -0.70561
    outer loop
      vertex 10.3 8.6 2.25
      vertex 11.9492 8.60868 0.599999
      vertex 11.95 8.6 0.599999
    endloop
  endfacet
  facet normal -0.705769 -0.0616831 -0.705751
    outer loop
      vertex 11.9492 8.60868 0.599999
      vertex 10.3 8.6 2.25
      vertex 10.2742 8.8952 2.25
    endloop
  endfacet
  facet normal -0.70577 -0.0617044 -0.705748
    outer loop
      vertex 11.8991 9.18172 0.599999
      vertex 11.9492 8.60868 0.599999
      vertex 10.2742 8.8952 2.25
    endloop
  endfacet
  facet normal -0.580289 -0.406399 -0.705765
    outer loop
      vertex 11.1712 10.7462 0.599999
      vertex 11.5012 10.275 0.599999
      vertex 10.0722 9.45 2.25
    endloop
  endfacet
  facet normal 0.18335 0.684317 -0.705757
    outer loop
      vertex 7.46265 5.44977 0.599999
      vertex 8.01857 7.00252 2.25
      vertex 8.3048 6.92583 2.25
    endloop
  endfacet
  facet normal 0.183651 0.684222 -0.70577
    outer loop
      vertex 8.01857 7.00252 2.25
      vertex 7.46265 5.44977 0.599999
      vertex 7.45423 5.45203 0.599999
    endloop
  endfacet
  facet normal -0.642 -0.299522 -0.705778
    outer loop
      vertex 10.0722 9.45 2.25
      vertex 11.5049 10.2671 0.599999
      vertex 10.1975 9.18143 2.25
    endloop
  endfacet
  facet normal -0.641516 -0.300457 -0.70582
    outer loop
      vertex 11.5049 10.2671 0.599999
      vertex 10.0722 9.45 2.25
      vertex 11.5012 10.275 0.599999
    endloop
  endfacet
  facet normal 0.684312 -0.18336 -0.705759
    outer loop
      vertex 5.44977 9.73735 0.599999
      vertex 6.92583 8.8952 2.25
      vertex 5.30089 9.18172 0.599999
    endloop
  endfacet
  facet normal 0.500953 0.500953 -0.705757
    outer loop
      vertex 6.44666 6.03375 0.599999
      vertex 7.29772 7.50726 2.25
      vertex 7.50726 7.29772 2.25
    endloop
  endfacet
  facet normal 0.500953 0.500953 -0.705757
    outer loop
      vertex 7.29772 7.50726 2.25
      vertex 6.44666 6.03375 0.599999
      vertex 6.03375 6.44666 0.599999
    endloop
  endfacet
  facet normal 0.183269 -0.684341 -0.705755
    outer loop
      vertex 8.00986 11.8968 0.599999
      vertex 8.01857 10.1975 2.25
      vertex 7.45423 11.748 0.599999
    endloop
  endfacet
  facet normal 0 -0 -1
    outer loop
      vertex 7.50726 9.90228 2.25
      vertex 7.75 10.0722 2.25
      vertex 7.29772 9.69274 2.25
    endloop
  endfacet
  facet normal 0 0 -1
    outer loop
      vertex 10.3 8.6 2.25
      vertex 10.2742 8.3048 2.25
      vertex 10.1975 8.01857 2.25
    endloop
  endfacet
  facet normal -0 -0 -1
    outer loop
      vertex 10.2742 8.8952 2.25
      vertex 10.3 8.6 2.25
      vertex 10.1975 9.18143 2.25
    endloop
  endfacet
  facet normal 0 -0 -1
    outer loop
      vertex 8.01857 10.1975 2.25
      vertex 8.3048 10.2742 2.25
      vertex 7.75 10.0722 2.25
    endloop
  endfacet
  facet normal 0 0 -1
    outer loop
      vertex 7.29772 7.50726 2.25
      vertex 7.12776 7.75 2.25
      vertex 7.00252 8.01857 2.25
    endloop
  endfacet
  facet normal 0 0 -1
    outer loop
      vertex 10.1975 8.01857 2.25
      vertex 10.0722 7.75 2.25
      vertex 9.90228 7.50726 2.25
    endloop
  endfacet
  facet normal -0 -0 -1
    outer loop
      vertex 9.18143 10.1975 2.25
      vertex 9.45 10.0722 2.25
      vertex 8.8952 10.2742 2.25
    endloop
  endfacet
  facet normal -0 -0 -1
    outer loop
      vertex 9.69274 9.90228 2.25
      vertex 9.90228 9.69274 2.25
      vertex 9.45 10.0722 2.25
    endloop
  endfacet
  facet normal -0 -0 -1
    outer loop
      vertex 10.0722 9.45 2.25
      vertex 10.1975 9.18143 2.25
      vertex 9.90228 9.69274 2.25
    endloop
  endfacet
  facet normal 0 0 -1
    outer loop
      vertex 7.75 7.12776 2.25
      vertex 7.50726 7.29772 2.25
      vertex 7.29772 7.50726 2.25
    endloop
  endfacet
  facet normal 0 -0 -1
    outer loop
      vertex 6.92583 8.8952 2.25
      vertex 7.00252 9.18143 2.25
      vertex 6.9 8.6 2.25
    endloop
  endfacet
  facet normal 0 -0 -1
    outer loop
      vertex 7.12776 9.45 2.25
      vertex 7.29772 9.69274 2.25
      vertex 7.00252 9.18143 2.25
    endloop
  endfacet
  facet normal 0 0 -1
    outer loop
      vertex 8.3048 6.92583 2.25
      vertex 8.01857 7.00252 2.25
      vertex 7.75 7.12776 2.25
    endloop
  endfacet
  facet normal -0 0 -1
    outer loop
      vertex 8.8952 6.92583 2.25
      vertex 8.6 6.9 2.25
      vertex 8.3048 6.92583 2.25
    endloop
  endfacet
  facet normal 0 -0 -1
    outer loop
      vertex 8.6 10.3 2.25
      vertex 8.8952 10.2742 2.25
      vertex 8.3048 10.2742 2.25
    endloop
  endfacet
  facet normal 0 0 -1
    outer loop
      vertex 9.45 7.12776 2.25
      vertex 9.18143 7.00252 2.25
      vertex 8.8952 6.92583 2.25
    endloop
  endfacet
  facet normal 0 0 -1
    outer loop
      vertex 7.00252 8.01857 2.25
      vertex 6.92583 8.3048 2.25
      vertex 6.9 8.6 2.25
    endloop
  endfacet
  facet normal 0 0 -1
    outer loop
      vertex 9.90228 7.50726 2.25
      vertex 9.69274 7.29772 2.25
      vertex 9.45 7.12776 2.25
    endloop
  endfacet
  facet normal -0.500962 -0.500962 -0.705743
    outer loop
      vertex 9.90228 9.69274 2.25
      vertex 10.7533 11.1662 0.599999
      vertex 11.1662 10.7533 0.599999
    endloop
  endfacet
  facet normal -0.500962 -0.500962 -0.705743
    outer loop
      vertex 10.7533 11.1662 0.599999
      vertex 9.90228 9.69274 2.25
      vertex 9.69274 9.90228 2.25
    endloop
  endfacet
  facet normal 0.580329 -0.406353 -0.705759
    outer loop
      vertex 6.02875 10.7462 0.599999
      vertex 7.12776 9.45 2.25
      vertex 5.69881 10.275 0.599999
    endloop
  endfacet
  facet normal 0.684312 0.18336 -0.705759
    outer loop
      vertex 6.92583 8.3048 2.25
      vertex 5.44977 7.46265 0.599999
      vertex 5.30089 8.01828 0.599999
    endloop
  endfacet
  facet normal 0.642073 0.299413 -0.705758
    outer loop
      vertex 5.45571 7.44633 0.599999
      vertex 7.00252 8.01857 2.25
      vertex 7.12776 7.75 2.25
    endloop
  endfacet
  facet normal 0.642185 0.299144 -0.70577
    outer loop
      vertex 7.00252 8.01857 2.25
      vertex 5.45571 7.44633 0.599999
      vertex 5.45203 7.45423 0.599999
    endloop
  endfacet
  facet normal -0.642075 -0.299404 -0.705759
    outer loop
      vertex 11.5049 10.2671 0.599999
      vertex 11.748 9.74577 0.599999
      vertex 10.1975 9.18143 2.25
    endloop
  endfacet
  facet normal -0.299405 0.642076 -0.705759
    outer loop
      vertex 10.275 5.69881 0.599999
      vertex 9.75367 5.45571 0.599999
      vertex 9.45 7.12776 2.25
    endloop
  endfacet
  facet normal 0.642076 0.299405 -0.705759
    outer loop
      vertex 7.12776 7.75 2.25
      vertex 5.69881 6.925 0.599999
      vertex 5.45571 7.44633 0.599999
    endloop
  endfacet
  facet normal -0.642075 0.299404 -0.705759
    outer loop
      vertex 11.748 7.45423 0.599999
      vertex 11.5049 6.9329 0.599999
      vertex 10.1975 8.01857 2.25
    endloop
  endfacet
  facet normal -0.0650332 -0.70561 -0.70561
    outer loop
      vertex 8.60868 11.9492 0.599999
      vertex 8.6 10.3 2.25
      vertex 8.6 11.95 0.599999
    endloop
  endfacet
  facet normal -0.0616831 -0.705769 -0.705751
    outer loop
      vertex 8.6 10.3 2.25
      vertex 8.60868 11.9492 0.599999
      vertex 8.8952 10.2742 2.25
    endloop
  endfacet
  facet normal 0.406267 -0.580374 -0.705771
    outer loop
      vertex 6.91786 11.4962 0.599999
      vertex 7.75 10.0722 2.25
      vertex 7.50726 9.90228 2.25
    endloop
  endfacet
  facet normal 0.406376 -0.580304 -0.705766
    outer loop
      vertex 7.75 10.0722 2.25
      vertex 6.91786 11.4962 0.599999
      vertex 6.925 11.5012 0.599999
    endloop
  endfacet
  facet normal -0.183651 0.684222 -0.70577
    outer loop
      vertex 9.73735 5.44977 0.599999
      vertex 9.18143 7.00252 2.25
      vertex 9.74577 5.45203 0.599999
    endloop
  endfacet
  facet normal -0.18335 0.684317 -0.705757
    outer loop
      vertex 9.18143 7.00252 2.25
      vertex 9.73735 5.44977 0.599999
      vertex 8.8952 6.92583 2.25
    endloop
  endfacet
  facet normal -0.406353 0.580329 -0.705759
    outer loop
      vertex 10.7462 6.02875 0.599999
      vertex 10.275 5.69881 0.599999
      vertex 9.45 7.12776 2.25
    endloop
  endfacet
  facet normal -0.580396 -0.406282 -0.705744
    outer loop
      vertex 9.90228 9.69274 2.25
      vertex 11.1712 10.7462 0.599999
      vertex 10.0722 9.45 2.25
    endloop
  endfacet
  facet normal -0.57918 -0.407874 -0.705825
    outer loop
      vertex 11.1712 10.7462 0.599999
      vertex 9.90228 9.69274 2.25
      vertex 11.1662 10.7533 0.599999
    endloop
  endfacet
  facet normal 0.58033 0.406354 -0.705757
    outer loop
      vertex 7.29772 7.50726 2.25
      vertex 6.03375 6.44666 0.599999
      vertex 5.70381 6.91786 0.599999
    endloop
  endfacet
  facet normal 0.406354 0.58033 -0.705757
    outer loop
      vertex 7.50726 7.29772 2.25
      vertex 6.91786 5.70381 0.599999
      vertex 6.44666 6.03375 0.599999
    endloop
  endfacet
  facet normal -0.641516 0.300457 -0.70582
    outer loop
      vertex 10.0722 7.75 2.25
      vertex 11.5049 6.9329 0.599999
      vertex 11.5012 6.925 0.599999
    endloop
  endfacet
  facet normal -0.642 0.299522 -0.705778
    outer loop
      vertex 11.5049 6.9329 0.599999
      vertex 10.0722 7.75 2.25
      vertex 10.1975 8.01857 2.25
    endloop
  endfacet
  facet normal 0.406408 -0.580301 -0.705751
    outer loop
      vertex 6.91786 11.4962 0.599999
      vertex 7.50726 9.90228 2.25
      vertex 6.44666 11.1662 0.599999
    endloop
  endfacet
  facet normal 0.0617402 0.705757 -0.705759
    outer loop
      vertex 8.3048 6.92583 2.25
      vertex 8.59132 5.25076 0.599999
      vertex 8.01828 5.30089 0.599999
    endloop
  endfacet
  facet normal -0.183376 -0.684327 -0.705741
    outer loop
      vertex 8.8952 10.2742 2.25
      vertex 9.19014 11.8968 0.599999
      vertex 9.18143 10.1975 2.25
    endloop
  endfacet
  facet normal -0.186724 -0.683571 -0.705596
    outer loop
      vertex 9.19014 11.8968 0.599999
      vertex 8.8952 10.2742 2.25
      vertex 9.18172 11.8991 0.599999
    endloop
  endfacet
  facet normal 0.0617044 -0.70577 -0.705748
    outer loop
      vertex 8.59132 11.9492 0.599999
      vertex 8.3048 10.2742 2.25
      vertex 8.01828 11.8991 0.599999
    endloop
  endfacet
  facet normal -0.580301 0.406408 -0.705751
    outer loop
      vertex 11.4962 6.91786 0.599999
      vertex 11.1662 6.44666 0.599999
      vertex 9.90228 7.50726 2.25
    endloop
  endfacet
  facet normal 0.642073 -0.299413 -0.705758
    outer loop
      vertex 7.00252 9.18143 2.25
      vertex 5.45571 9.75367 0.599999
      vertex 7.12776 9.45 2.25
    endloop
  endfacet
  facet normal 0.642185 -0.299144 -0.70577
    outer loop
      vertex 5.45571 9.75367 0.599999
      vertex 7.00252 9.18143 2.25
      vertex 5.45203 9.74577 0.599999
    endloop
  endfacet
  facet normal -0.407869 0.579173 -0.705834
    outer loop
      vertex 10.7462 6.02875 0.599999
      vertex 9.69274 7.29772 2.25
      vertex 10.7533 6.03375 0.599999
    endloop
  endfacet
  facet normal -0.40634 0.580342 -0.705756
    outer loop
      vertex 9.69274 7.29772 2.25
      vertex 10.7462 6.02875 0.599999
      vertex 9.45 7.12776 2.25
    endloop
  endfacet
  facet normal -0.70577 0.0617044 -0.705748
    outer loop
      vertex 11.9492 8.59132 0.599999
      vertex 11.8991 8.01828 0.599999
      vertex 10.2742 8.3048 2.25
    endloop
  endfacet
  facet normal -0.70561 0.0650332 -0.70561
    outer loop
      vertex 11.9492 8.59132 0.599999
      vertex 10.3 8.6 2.25
      vertex 11.95 8.6 0.599999
    endloop
  endfacet
  facet normal -0.705769 0.0616831 -0.705751
    outer loop
      vertex 10.3 8.6 2.25
      vertex 11.9492 8.59132 0.599999
      vertex 10.2742 8.3048 2.25
    endloop
  endfacet
  facet normal -0.0617044 -0.70577 -0.705748
    outer loop
      vertex 9.18172 11.8991 0.599999
      vertex 8.8952 10.2742 2.25
      vertex 8.60868 11.9492 0.599999
    endloop
  endfacet
  facet normal 0.299144 0.642185 -0.70577
    outer loop
      vertex 7.44633 5.45571 0.599999
      vertex 8.01857 7.00252 2.25
      vertex 7.45423 5.45203 0.599999
    endloop
  endfacet
  facet normal 0.299413 0.642073 -0.705758
    outer loop
      vertex 8.01857 7.00252 2.25
      vertex 7.44633 5.45571 0.599999
      vertex 7.75 7.12776 2.25
    endloop
  endfacet
  facet normal -0.580304 0.406376 -0.705766
    outer loop
      vertex 11.4962 6.91786 0.599999
      vertex 10.0722 7.75 2.25
      vertex 11.5012 6.925 0.599999
    endloop
  endfacet
  facet normal -0.580374 0.406267 -0.705771
    outer loop
      vertex 10.0722 7.75 2.25
      vertex 11.4962 6.91786 0.599999
      vertex 9.90228 7.50726 2.25
    endloop
  endfacet
  facet normal 0.299404 -0.642075 -0.705759
    outer loop
      vertex 7.45423 11.748 0.599999
      vertex 8.01857 10.1975 2.25
      vertex 6.9329 11.5049 0.599999
    endloop
  endfacet
  facet normal 0.705756 0.0617943 -0.705755
    outer loop
      vertex 6.9 8.6 2.25
      vertex 5.25076 8.59132 0.599999
      vertex 5.25 8.6 0.599999
    endloop
  endfacet
  facet normal 0.705758 0.0617538 -0.705757
    outer loop
      vertex 5.25076 8.59132 0.599999
      vertex 6.9 8.6 2.25
      vertex 6.92583 8.3048 2.25
    endloop
  endfacet
  facet normal -0.406399 -0.580289 -0.705765
    outer loop
      vertex 10.275 11.5012 0.599999
      vertex 10.7462 11.1712 0.599999
      vertex 9.45 10.0722 2.25
    endloop
  endfacet
  facet normal -0.683571 -0.186724 -0.705596
    outer loop
      vertex 10.2742 8.8952 2.25
      vertex 11.8968 9.19014 0.599999
      vertex 11.8991 9.18172 0.599999
    endloop
  endfacet
  facet normal -0.684327 -0.183376 -0.705741
    outer loop
      vertex 11.8968 9.19014 0.599999
      vertex 10.2742 8.8952 2.25
      vertex 10.1975 9.18143 2.25
    endloop
  endfacet
  facet normal 0.705757 0.0617402 -0.705759
    outer loop
      vertex 6.92583 8.3048 2.25
      vertex 5.30089 8.01828 0.599999
      vertex 5.25076 8.59132 0.599999
    endloop
  endfacet
  facet normal -0.18336 0.684312 -0.705759
    outer loop
      vertex 9.73735 5.44977 0.599999
      vertex 9.18172 5.30089 0.599999
      vertex 8.8952 6.92583 2.25
    endloop
  endfacet
  facet normal 0.299522 -0.642 -0.705778
    outer loop
      vertex 7.75 10.0722 2.25
      vertex 6.9329 11.5049 0.599999
      vertex 8.01857 10.1975 2.25
    endloop
  endfacet
  facet normal 0.300457 -0.641516 -0.70582
    outer loop
      vertex 6.9329 11.5049 0.599999
      vertex 7.75 10.0722 2.25
      vertex 6.925 11.5012 0.599999
    endloop
  endfacet
  facet normal -0.500964 0.500952 -0.70575
    outer loop
      vertex 10.7533 6.03375 0.599999
      vertex 9.90228 7.50726 2.25
      vertex 11.1662 6.44666 0.599999
    endloop
  endfacet
  facet normal -0.500957 0.500957 -0.705751
    outer loop
      vertex 9.90228 7.50726 2.25
      vertex 10.7533 6.03375 0.599999
      vertex 9.69274 7.29772 2.25
    endloop
  endfacet
  facet normal 0.406381 0.580312 -0.705757
    outer loop
      vertex 6.91786 5.70381 0.599999
      vertex 7.75 7.12776 2.25
      vertex 6.925 5.69881 0.599999
    endloop
  endfacet
  facet normal 0.406338 0.580339 -0.705759
    outer loop
      vertex 7.75 7.12776 2.25
      vertex 6.91786 5.70381 0.599999
      vertex 7.50726 7.29772 2.25
    endloop
  endfacet
  facet normal 0.299405 0.642076 -0.705759
    outer loop
      vertex 7.75 7.12776 2.25
      vertex 7.44633 5.45571 0.599999
      vertex 6.925 5.69881 0.599999
    endloop
  endfacet
  facet normal 0.183376 -0.684327 -0.705741
    outer loop
      vertex 8.00986 11.8968 0.599999
      vertex 8.3048 10.2742 2.25
      vertex 8.01857 10.1975 2.25
    endloop
  endfacet
  facet normal 0.186724 -0.683571 -0.705596
    outer loop
      vertex 8.3048 10.2742 2.25
      vertex 8.00986 11.8968 0.599999
      vertex 8.01828 11.8991 0.599999
    endloop
  endfacet
  facet normal 0.580339 0.406338 -0.705759
    outer loop
      vertex 5.70381 6.91786 0.599999
      vertex 7.12776 7.75 2.25
      vertex 7.29772 7.50726 2.25
    endloop
  endfacet
  facet normal 0.580312 0.406381 -0.705757
    outer loop
      vertex 7.12776 7.75 2.25
      vertex 5.70381 6.91786 0.599999
      vertex 5.69881 6.925 0.599999
    endloop
  endfacet
  facet normal -0.683571 0.186724 -0.705596
    outer loop
      vertex 11.8968 8.00986 0.599999
      vertex 10.2742 8.3048 2.25
      vertex 11.8991 8.01828 0.599999
    endloop
  endfacet
  facet normal -0.684327 0.183376 -0.705741
    outer loop
      vertex 10.2742 8.3048 2.25
      vertex 11.8968 8.00986 0.599999
      vertex 10.1975 8.01857 2.25
    endloop
  endfacet
  facet normal -0.300457 -0.641516 -0.70582
    outer loop
      vertex 9.45 10.0722 2.25
      vertex 10.2671 11.5049 0.599999
      vertex 10.275 11.5012 0.599999
    endloop
  endfacet
  facet normal -0.299522 -0.642 -0.705778
    outer loop
      vertex 10.2671 11.5049 0.599999
      vertex 9.45 10.0722 2.25
      vertex 9.18143 10.1975 2.25
    endloop
  endfacet
  facet normal -0.407874 -0.57918 -0.705825
    outer loop
      vertex 9.69274 9.90228 2.25
      vertex 10.7462 11.1712 0.599999
      vertex 10.7533 11.1662 0.599999
    endloop
  endfacet
  facet normal -0.406282 -0.580396 -0.705744
    outer loop
      vertex 10.7462 11.1712 0.599999
      vertex 9.69274 9.90228 2.25
      vertex 9.45 10.0722 2.25
    endloop
  endfacet
  facet normal 0.705758 -0.0617538 -0.705757
    outer loop
      vertex 6.9 8.6 2.25
      vertex 5.25076 8.60868 0.599999
      vertex 6.92583 8.8952 2.25
    endloop
  endfacet
  facet normal 0.705756 -0.0617943 -0.705755
    outer loop
      vertex 5.25076 8.60868 0.599999
      vertex 6.9 8.6 2.25
      vertex 5.25 8.6 0.599999
    endloop
  endfacet
  facet normal 0.0617943 0.705756 -0.705755
    outer loop
      vertex 8.59132 5.25076 0.599999
      vertex 8.6 6.9 2.25
      vertex 8.6 5.25 0.599999
    endloop
  endfacet
  facet normal 0.0617538 0.705758 -0.705757
    outer loop
      vertex 8.6 6.9 2.25
      vertex 8.59132 5.25076 0.599999
      vertex 8.3048 6.92583 2.25
    endloop
  endfacet
  facet normal 0.0616831 -0.705769 -0.705751
    outer loop
      vertex 8.59132 11.9492 0.599999
      vertex 8.6 10.3 2.25
      vertex 8.3048 10.2742 2.25
    endloop
  endfacet
  facet normal 0.0650332 -0.70561 -0.70561
    outer loop
      vertex 8.6 10.3 2.25
      vertex 8.59132 11.9492 0.599999
      vertex 8.6 11.95 0.599999
    endloop
  endfacet
  facet normal -0.299144 0.642185 -0.70577
    outer loop
      vertex 9.18143 7.00252 2.25
      vertex 9.75367 5.45571 0.599999
      vertex 9.74577 5.45203 0.599999
    endloop
  endfacet
  facet normal -0.299413 0.642073 -0.705758
    outer loop
      vertex 9.75367 5.45571 0.599999
      vertex 9.18143 7.00252 2.25
      vertex 9.45 7.12776 2.25
    endloop
  endfacet
  facet normal 0.580342 -0.40634 -0.705756
    outer loop
      vertex 6.02875 10.7462 0.599999
      vertex 7.29772 9.69274 2.25
      vertex 7.12776 9.45 2.25
    endloop
  endfacet
  facet normal 0.579173 -0.407869 -0.705834
    outer loop
      vertex 7.29772 9.69274 2.25
      vertex 6.02875 10.7462 0.599999
      vertex 6.03375 10.7533 0.599999
    endloop
  endfacet
  facet normal 0.500958 -0.500958 -0.705749
    outer loop
      vertex 7.29772 9.69274 2.25
      vertex 6.44666 11.1662 0.599999
      vertex 7.50726 9.90228 2.25
    endloop
  endfacet
  facet normal 0.500951 -0.500963 -0.70575
    outer loop
      vertex 6.44666 11.1662 0.599999
      vertex 7.29772 9.69274 2.25
      vertex 6.03375 10.7533 0.599999
    endloop
  endfacet
  facet normal 0.684222 0.183651 -0.70577
    outer loop
      vertex 5.44977 7.46265 0.599999
      vertex 7.00252 8.01857 2.25
      vertex 5.45203 7.45423 0.599999
    endloop
  endfacet
  facet normal 0.684317 0.18335 -0.705757
    outer loop
      vertex 7.00252 8.01857 2.25
      vertex 5.44977 7.46265 0.599999
      vertex 6.92583 8.3048 2.25
    endloop
  endfacet
  facet normal -0.0617538 0.705758 -0.705757
    outer loop
      vertex 8.60868 5.25076 0.599999
      vertex 8.6 6.9 2.25
      vertex 8.8952 6.92583 2.25
    endloop
  endfacet
  facet normal -0.0617943 0.705756 -0.705755
    outer loop
      vertex 8.6 6.9 2.25
      vertex 8.60868 5.25076 0.599999
      vertex 8.6 5.25 0.599999
    endloop
  endfacet
  facet normal -0.0617402 0.705757 -0.705759
    outer loop
      vertex 8.8952 6.92583 2.25
      vertex 9.18172 5.30089 0.599999
      vertex 8.60868 5.25076 0.599999
    endloop
  endfacet
  facet normal 0.684317 -0.18335 -0.705757
    outer loop
      vertex 5.44977 9.73735 0.599999
      vertex 7.00252 9.18143 2.25
      vertex 6.92583 8.8952 2.25
    endloop
  endfacet
  facet normal 0.684222 -0.183651 -0.70577
    outer loop
      vertex 7.00252 9.18143 2.25
      vertex 5.44977 9.73735 0.599999
      vertex 5.45203 9.74577 0.599999
    endloop
  endfacet
  facet normal -0.299404 -0.642075 -0.705759
    outer loop
      vertex 9.74577 11.748 0.599999
      vertex 10.2671 11.5049 0.599999
      vertex 9.18143 10.1975 2.25
    endloop
  endfacet
  facet normal 0.18336 0.684312 -0.705759
    outer loop
      vertex 8.3048 6.92583 2.25
      vertex 8.01828 5.30089 0.599999
      vertex 7.46265 5.44977 0.599999
    endloop
  endfacet
  facet normal -0.183269 -0.684341 -0.705755
    outer loop
      vertex 9.19014 11.8968 0.599999
      vertex 9.74577 11.748 0.599999
      vertex 9.18143 10.1975 2.25
    endloop
  endfacet
  facet normal 0.642076 -0.299405 -0.705759
    outer loop
      vertex 5.69881 10.275 0.599999
      vertex 7.12776 9.45 2.25
      vertex 5.45571 9.75367 0.599999
    endloop
  endfacet
  facet normal 0.0296248 0.999561 -0
    outer loop
      vertex 8.74817 3.6022 0
      vertex 8.15602 3.61975 0.599999
      vertex 8.74817 3.6022 0.599999
    endloop
  endfacet
  facet normal 0.0296248 0.999561 0
    outer loop
      vertex 8.15602 3.61975 0.599999
      vertex 8.74817 3.6022 0
      vertex 8.15602 3.61975 0
    endloop
  endfacet
  facet normal -0.43001 0.902824 0
    outer loop
      vertex 11.014 4.22132 0
      vertex 10.4791 3.96655 0.599999
      vertex 11.014 4.22132 0.599999
    endloop
  endfacet
  facet normal -0.43001 0.902824 0
    outer loop
      vertex 10.4791 3.96655 0.599999
      vertex 11.014 4.22132 0
      vertex 10.4791 3.96655 0
    endloop
  endfacet
  facet normal -0.984228 -0.176906 0
    outer loop
      vertex 13.5649 9.19137 0
      vertex 13.4601 9.77443 0.599999
      vertex 13.4601 9.77443 0
    endloop
  endfacet
  facet normal -0.984228 -0.176906 0
    outer loop
      vertex 13.4601 9.77443 0.599999
      vertex 13.5649 9.19137 0
      vertex 13.5649 9.19137 0.599999
    endloop
  endfacet
  facet normal -0.998243 -0.0592494 0
    outer loop
      vertex 13.6 8.6 0
      vertex 13.5649 9.19137 0.599999
      vertex 13.5649 9.19137 0
    endloop
  endfacet
  facet normal -0.998243 -0.0592494 0
    outer loop
      vertex 13.5649 9.19137 0.599999
      vertex 13.6 8.6 0
      vertex 13.6 8.6 0.599999
    endloop
  endfacet
  facet normal -0.956408 -0.292035 0
    outer loop
      vertex 13.4601 9.77443 0
      vertex 13.2871 10.341 0.599999
      vertex 13.2871 10.341 0
    endloop
  endfacet
  facet normal -0.956408 -0.292035 0
    outer loop
      vertex 13.2871 10.341 0.599999
      vertex 13.4601 9.77443 0
      vertex 13.4601 9.77443 0.599999
    endloop
  endfacet
  facet normal -0.320398 -0.947283 0
    outer loop
      vertex 9.91794 13.4232 0
      vertex 10.4791 13.2334 0.599999
      vertex 9.91794 13.4232 0.599999
    endloop
  endfacet
  facet normal -0.320398 -0.947283 -0
    outer loop
      vertex 10.4791 13.2334 0.599999
      vertex 9.91794 13.4232 0
      vertex 10.4791 13.2334 0
    endloop
  endfacet
  facet normal 0.937425 0.348188 0
    outer loop
      vertex 4.02427 6.58438 0.599999
      vertex 3.818 7.13972 0
      vertex 3.818 7.13972 0.599999
    endloop
  endfacet
  facet normal 0.937425 0.348188 0
    outer loop
      vertex 3.818 7.13972 0
      vertex 4.02427 6.58438 0.599999
      vertex 4.02427 6.58438 0
    endloop
  endfacet
  facet normal 0.0297091 -0.999559 0
    outer loop
      vertex 8.15602 13.5802 0
      vertex 8.74817 13.5978 0.599999
      vertex 8.15602 13.5802 0.599999
    endloop
  endfacet
  facet normal 0.0297091 -0.999559 0
    outer loop
      vertex 8.74817 13.5978 0.599999
      vertex 8.15602 13.5802 0
      vertex 8.74817 13.5978 0
    endloop
  endfacet
  facet normal -0.998243 0.0592494 0
    outer loop
      vertex 13.5649 8.00863 0
      vertex 13.6 8.6 0.599999
      vertex 13.6 8.6 0
    endloop
  endfacet
  facet normal -0.998243 0.0592494 0
    outer loop
      vertex 13.6 8.6 0.599999
      vertex 13.5649 8.00863 0
      vertex 13.5649 8.00863 0.599999
    endloop
  endfacet
  facet normal -0.794928 -0.606704 0
    outer loop
      vertex 12.747 11.3932 0
      vertex 12.3876 11.8641 0.599999
      vertex 12.3876 11.8641 0
    endloop
  endfacet
  facet normal -0.794928 -0.606704 0
    outer loop
      vertex 12.3876 11.8641 0.599999
      vertex 12.747 11.3932 0
      vertex 12.747 11.3932 0.599999
    endloop
  endfacet
  facet normal -0.915154 0.403104 0
    outer loop
      vertex 13.0483 6.31685 0
      vertex 13.2871 6.85899 0.599999
      vertex 13.2871 6.85899 0
    endloop
  endfacet
  facet normal -0.915154 0.403104 0
    outer loop
      vertex 13.2871 6.85899 0.599999
      vertex 13.0483 6.31685 0
      vertex 13.0483 6.31685 0.599999
    endloop
  endfacet
  facet normal 0.147537 -0.989057 0
    outer loop
      vertex 7.57011 13.4928 0
      vertex 8.15602 13.5802 0.599999
      vertex 7.57011 13.4928 0.599999
    endloop
  endfacet
  facet normal 0.147537 -0.989057 0
    outer loop
      vertex 8.15602 13.5802 0.599999
      vertex 7.57011 13.4928 0
      vertex 8.15602 13.5802 0
    endloop
  endfacet
  facet normal 0.8294 0.558656 0
    outer loop
      vertex 4.62573 5.566 0.599999
      vertex 4.29478 6.05734 0
      vertex 4.29478 6.05734 0.599999
    endloop
  endfacet
  facet normal 0.8294 0.558656 0
    outer loop
      vertex 4.29478 6.05734 0
      vertex 4.62573 5.566 0.599999
      vertex 4.62573 5.566 0
    endloop
  endfacet
  facet normal -0.861017 -0.508576 0
    outer loop
      vertex 13.0483 10.8831 0
      vertex 12.747 11.3932 0.599999
      vertex 12.747 11.3932 0
    endloop
  endfacet
  facet normal -0.861017 -0.508576 0
    outer loop
      vertex 12.747 11.3932 0.599999
      vertex 13.0483 10.8831 0
      vertex 13.0483 10.8831 0.599999
    endloop
  endfacet
  facet normal 0.263663 -0.964615 0
    outer loop
      vertex 6.99865 13.3366 0
      vertex 7.57011 13.4928 0.599999
      vertex 6.99865 13.3366 0.599999
    endloop
  endfacet
  facet normal 0.263663 -0.964615 0
    outer loop
      vertex 7.57011 13.4928 0.599999
      vertex 6.99865 13.3366 0
      vertex 7.57011 13.4928 0
    endloop
  endfacet
  facet normal 0.674922 -0.737889 0
    outer loop
      vertex 5.01246 12.0828 0
      vertex 5.44956 12.4826 0.599999
      vertex 5.01246 12.0828 0.599999
    endloop
  endfacet
  facet normal 0.674922 -0.737889 0
    outer loop
      vertex 5.44956 12.4826 0.599999
      vertex 5.01246 12.0828 0
      vertex 5.44956 12.4826 0
    endloop
  endfacet
  facet normal -0.984228 0.176906 0
    outer loop
      vertex 13.4601 7.42557 0
      vertex 13.5649 8.00863 0.599999
      vertex 13.5649 8.00863 0
    endloop
  endfacet
  facet normal -0.984228 0.176906 0
    outer loop
      vertex 13.5649 8.00863 0.599999
      vertex 13.4601 7.42557 0
      vertex 13.4601 7.42557 0.599999
    endloop
  endfacet
  facet normal 0.757549 -0.652778 0
    outer loop
      vertex 4.62573 11.634 0.599999
      vertex 5.01246 12.0828 0
      vertex 5.01246 12.0828 0.599999
    endloop
  endfacet
  facet normal 0.757549 -0.652778 0
    outer loop
      vertex 5.01246 12.0828 0
      vertex 4.62573 11.634 0.599999
      vertex 4.62573 11.634 0
    endloop
  endfacet
  facet normal -0.717494 -0.696565 0
    outer loop
      vertex 12.3876 11.8641 0
      vertex 11.9749 12.2892 0.599999
      vertex 11.9749 12.2892 0
    endloop
  endfacet
  facet normal -0.717494 -0.696565 0
    outer loop
      vertex 11.9749 12.2892 0.599999
      vertex 12.3876 11.8641 0
      vertex 12.3876 11.8641 0.599999
    endloop
  endfacet
  facet normal 0.375764 -0.926715 0
    outer loop
      vertex 6.44967 13.114 0
      vertex 6.99865 13.3366 0.599999
      vertex 6.44967 13.114 0.599999
    endloop
  endfacet
  facet normal 0.375764 -0.926715 0
    outer loop
      vertex 6.99865 13.3366 0.599999
      vertex 6.44967 13.114 0
      vertex 6.99865 13.3366 0
    endloop
  endfacet
  facet normal -0.533923 -0.845533 0
    outer loop
      vertex 11.014 12.9787 0
      vertex 11.5149 12.6624 0.599999
      vertex 11.014 12.9787 0.599999
    endloop
  endfacet
  facet normal -0.533923 -0.845533 -0
    outer loop
      vertex 11.5149 12.6624 0.599999
      vertex 11.014 12.9787 0
      vertex 11.5149 12.6624 0
    endloop
  endfacet
  facet normal 0.263584 0.964636 -0
    outer loop
      vertex 7.57011 3.70722 0
      vertex 6.99865 3.86337 0.599999
      vertex 7.57011 3.70722 0.599999
    endloop
  endfacet
  facet normal 0.263584 0.964636 0
    outer loop
      vertex 6.99865 3.86337 0.599999
      vertex 7.57011 3.70722 0
      vertex 6.99865 3.86337 0
    endloop
  endfacet
  facet normal 0.937417 -0.34821 0
    outer loop
      vertex 3.818 10.0603 0.599999
      vertex 4.02427 10.6156 0
      vertex 4.02427 10.6156 0.599999
    endloop
  endfacet
  facet normal 0.937417 -0.34821 0
    outer loop
      vertex 4.02427 10.6156 0
      vertex 3.818 10.0603 0.599999
      vertex 3.818 10.0603 0
    endloop
  endfacet
  facet normal 0 0 -1
    outer loop
      vertex 11.9492 8.59132 0.599999
      vertex 13.6 8.6 0.599999
      vertex 13.5649 8.00863 0.599999
    endloop
  endfacet
  facet normal 0 0 -1
    outer loop
      vertex 11.8991 8.01828 0.599999
      vertex 13.5649 8.00863 0.599999
      vertex 13.4601 7.42557 0.599999
    endloop
  endfacet
  facet normal -0 0 -1
    outer loop
      vertex 13.6 8.6 0.599999
      vertex 11.9492 8.59132 0.599999
      vertex 11.95 8.6 0.599999
    endloop
  endfacet
  facet normal 0 0 -1
    outer loop
      vertex 11.748 7.45423 0.599999
      vertex 13.4601 7.42557 0.599999
      vertex 13.2871 6.85899 0.599999
    endloop
  endfacet
  facet normal 0 0 -1
    outer loop
      vertex 11.9492 8.60868 0.599999
      vertex 13.6 8.6 0.599999
      vertex 11.95 8.6 0.599999
    endloop
  endfacet
  facet normal 0 0 -1
    outer loop
      vertex 11.748 7.45423 0.599999
      vertex 13.2871 6.85899 0.599999
      vertex 13.0483 6.31685 0.599999
    endloop
  endfacet
  facet normal 0 0 -1
    outer loop
      vertex 13.6 8.6 0.599999
      vertex 11.9492 8.60868 0.599999
      vertex 13.5649 9.19137 0.599999
    endloop
  endfacet
  facet normal 0 0 -1
    outer loop
      vertex 11.5012 6.925 0.599999
      vertex 13.0483 6.31685 0.599999
      vertex 12.747 5.80677 0.599999
    endloop
  endfacet
  facet normal 0 0 -1
    outer loop
      vertex 11.8991 9.18172 0.599999
      vertex 13.5649 9.19137 0.599999
      vertex 11.9492 8.60868 0.599999
    endloop
  endfacet
  facet normal 0 0 -1
    outer loop
      vertex 11.1662 6.44666 0.599999
      vertex 12.747 5.80677 0.599999
      vertex 12.3876 5.33589 0.599999
    endloop
  endfacet
  facet normal 0 0 -1
    outer loop
      vertex 11.8968 9.19014 0.599999
      vertex 13.4601 9.77443 0.599999
      vertex 11.8991 9.18172 0.599999
    endloop
  endfacet
  facet normal 0 0 -1
    outer loop
      vertex 11.1662 6.44666 0.599999
      vertex 12.3876 5.33589 0.599999
      vertex 11.9749 4.91083 0.599999
    endloop
  endfacet
  facet normal 0 0 -1
    outer loop
      vertex 11.748 9.74577 0.599999
      vertex 13.4601 9.77443 0.599999
      vertex 11.8968 9.19014 0.599999
    endloop
  endfacet
  facet normal -0 0 -1
    outer loop
      vertex 13.4601 9.77443 0.599999
      vertex 11.748 9.74577 0.599999
      vertex 13.2871 10.341 0.599999
    endloop
  endfacet
  facet normal -0 0 -1
    outer loop
      vertex 13.5649 9.19137 0.599999
      vertex 11.8991 9.18172 0.599999
      vertex 13.4601 9.77443 0.599999
    endloop
  endfacet
  facet normal 0 0 -1
    outer loop
      vertex 13.5649 8.00863 0.599999
      vertex 11.8991 8.01828 0.599999
      vertex 11.9492 8.59132 0.599999
    endloop
  endfacet
  facet normal 0 0 -1
    outer loop
      vertex 13.4601 7.42557 0.599999
      vertex 11.8968 8.00986 0.599999
      vertex 11.8991 8.01828 0.599999
    endloop
  endfacet
  facet normal 0 0 -1
    outer loop
      vertex 13.4601 7.42557 0.599999
      vertex 11.748 7.45423 0.599999
      vertex 11.8968 8.00986 0.599999
    endloop
  endfacet
  facet normal 0 0 -1
    outer loop
      vertex 10.7533 6.03375 0.599999
      vertex 11.9749 4.91083 0.599999
      vertex 11.5149 4.53757 0.599999
    endloop
  endfacet
  facet normal 0 0 -1
    outer loop
      vertex 13.0483 6.31685 0.599999
      vertex 11.5049 6.9329 0.599999
      vertex 11.748 7.45423 0.599999
    endloop
  endfacet
  facet normal 0 0 -1
    outer loop
      vertex 13.0483 6.31685 0.599999
      vertex 11.5012 6.925 0.599999
      vertex 11.5049 6.9329 0.599999
    endloop
  endfacet
  facet normal 0 0 -1
    outer loop
      vertex 12.747 5.80677 0.599999
      vertex 11.4962 6.91786 0.599999
      vertex 11.5012 6.925 0.599999
    endloop
  endfacet
  facet normal 0 0 -1
    outer loop
      vertex 12.747 5.80677 0.599999
      vertex 11.1662 6.44666 0.599999
      vertex 11.4962 6.91786 0.599999
    endloop
  endfacet
  facet normal 0 0 -1
    outer loop
      vertex 10.275 5.69881 0.599999
      vertex 11.5149 4.53757 0.599999
      vertex 11.014 4.22132 0.599999
    endloop
  endfacet
  facet normal 0 0 -1
    outer loop
      vertex 11.9749 4.91083 0.599999
      vertex 10.7533 6.03375 0.599999
      vertex 11.1662 6.44666 0.599999
    endloop
  endfacet
  facet normal 0 0 -1
    outer loop
      vertex 11.5149 4.53757 0.599999
      vertex 10.7462 6.02875 0.599999
      vertex 10.7533 6.03375 0.599999
    endloop
  endfacet
  facet normal 0 0 -1
    outer loop
      vertex 10.275 5.69881 0.599999
      vertex 11.014 4.22132 0.599999
      vertex 10.4791 3.96655 0.599999
    endloop
  endfacet
  facet normal 0 0 -1
    outer loop
      vertex 11.5149 4.53757 0.599999
      vertex 10.275 5.69881 0.599999
      vertex 10.7462 6.02875 0.599999
    endloop
  endfacet
  facet normal 0 0 -1
    outer loop
      vertex 9.73735 5.44977 0.599999
      vertex 10.4791 3.96655 0.599999
      vertex 9.91794 3.77682 0.599999
    endloop
  endfacet
  facet normal 0 0 -1
    outer loop
      vertex 10.4791 3.96655 0.599999
      vertex 9.75367 5.45571 0.599999
      vertex 10.275 5.69881 0.599999
    endloop
  endfacet
  facet normal 0 0 -1
    outer loop
      vertex 10.4791 3.96655 0.599999
      vertex 9.74577 5.45203 0.599999
      vertex 9.75367 5.45571 0.599999
    endloop
  endfacet
  facet normal 0 0 -1
    outer loop
      vertex 10.4791 3.96655 0.599999
      vertex 9.73735 5.44977 0.599999
      vertex 9.74577 5.45203 0.599999
    endloop
  endfacet
  facet normal 0 0 -1
    outer loop
      vertex 9.18172 5.30089 0.599999
      vertex 9.91794 3.77682 0.599999
      vertex 9.33823 3.6548 0.599999
    endloop
  endfacet
  facet normal 0 0 -1
    outer loop
      vertex 9.91794 3.77682 0.599999
      vertex 9.18172 5.30089 0.599999
      vertex 9.73735 5.44977 0.599999
    endloop
  endfacet
  facet normal 0 0 -1
    outer loop
      vertex 8.74817 3.6022 0.599999
      vertex 9.18172 5.30089 0.599999
      vertex 9.33823 3.6548 0.599999
    endloop
  endfacet
  facet normal 0 0 -1
    outer loop
      vertex 8.74817 3.6022 0.599999
      vertex 8.60868 5.25076 0.599999
      vertex 9.18172 5.30089 0.599999
    endloop
  endfacet
  facet normal 0 0 -1
    outer loop
      vertex 8.74817 3.6022 0.599999
      vertex 8.6 5.25 0.599999
      vertex 8.60868 5.25076 0.599999
    endloop
  endfacet
  facet normal 0 0 -1
    outer loop
      vertex 8.74817 3.6022 0.599999
      vertex 8.59132 5.25076 0.599999
      vertex 8.6 5.25 0.599999
    endloop
  endfacet
  facet normal 0 0 -1
    outer loop
      vertex 8.15602 3.61975 0.599999
      vertex 8.59132 5.25076 0.599999
      vertex 8.74817 3.6022 0.599999
    endloop
  endfacet
  facet normal 0 0 -1
    outer loop
      vertex 8.15602 3.61975 0.599999
      vertex 8.01828 5.30089 0.599999
      vertex 8.59132 5.25076 0.599999
    endloop
  endfacet
  facet normal 0 0 -1
    outer loop
      vertex 7.57011 3.70722 0.599999
      vertex 8.01828 5.30089 0.599999
      vertex 8.15602 3.61975 0.599999
    endloop
  endfacet
  facet normal 0 0 -1
    outer loop
      vertex 7.57011 3.70722 0.599999
      vertex 7.46265 5.44977 0.599999
      vertex 8.01828 5.30089 0.599999
    endloop
  endfacet
  facet normal 0 0 -1
    outer loop
      vertex 6.99865 3.86337 0.599999
      vertex 7.46265 5.44977 0.599999
      vertex 7.57011 3.70722 0.599999
    endloop
  endfacet
  facet normal -0 0 -1
    outer loop
      vertex 7.46265 5.44977 0.599999
      vertex 6.99865 3.86337 0.599999
      vertex 7.45423 5.45203 0.599999
    endloop
  endfacet
  facet normal -0 0 -1
    outer loop
      vertex 7.45423 5.45203 0.599999
      vertex 6.99865 3.86337 0.599999
      vertex 7.44633 5.45571 0.599999
    endloop
  endfacet
  facet normal 0 0 -1
    outer loop
      vertex 6.44967 4.08601 0.599999
      vertex 7.44633 5.45571 0.599999
      vertex 6.99865 3.86337 0.599999
    endloop
  endfacet
  facet normal -0 0 -1
    outer loop
      vertex 7.44633 5.45571 0.599999
      vertex 6.44967 4.08601 0.599999
      vertex 6.925 5.69881 0.599999
    endloop
  endfacet
  facet normal 0 0 -1
    outer loop
      vertex 5.93088 4.37202 0.599999
      vertex 6.925 5.69881 0.599999
      vertex 6.44967 4.08601 0.599999
    endloop
  endfacet
  facet normal -0 0 -1
    outer loop
      vertex 6.925 5.69881 0.599999
      vertex 5.93088 4.37202 0.599999
      vertex 6.91786 5.70381 0.599999
    endloop
  endfacet
  facet normal -0 0 -1
    outer loop
      vertex 6.91786 5.70381 0.599999
      vertex 5.93088 4.37202 0.599999
      vertex 6.44666 6.03375 0.599999
    endloop
  endfacet
  facet normal 0 0 -1
    outer loop
      vertex 5.44956 4.71738 0.599999
      vertex 6.44666 6.03375 0.599999
      vertex 5.93088 4.37202 0.599999
    endloop
  endfacet
  facet normal 0 0 -1
    outer loop
      vertex 5.01246 5.11724 0.599999
      vertex 6.44666 6.03375 0.599999
      vertex 5.44956 4.71738 0.599999
    endloop
  endfacet
  facet normal -0 0 -1
    outer loop
      vertex 6.44666 6.03375 0.599999
      vertex 5.01246 5.11724 0.599999
      vertex 6.03375 6.44666 0.599999
    endloop
  endfacet
  facet normal 0 0 -1
    outer loop
      vertex 4.62573 5.566 0.599999
      vertex 6.03375 6.44666 0.599999
      vertex 5.01246 5.11724 0.599999
    endloop
  endfacet
  facet normal -0 0 -1
    outer loop
      vertex 6.03375 6.44666 0.599999
      vertex 4.62573 5.566 0.599999
      vertex 5.70381 6.91786 0.599999
    endloop
  endfacet
  facet normal 0 0 -1
    outer loop
      vertex 4.29478 6.05734 0.599999
      vertex 5.70381 6.91786 0.599999
      vertex 4.62573 5.566 0.599999
    endloop
  endfacet
  facet normal -0 0 -1
    outer loop
      vertex 5.70381 6.91786 0.599999
      vertex 4.29478 6.05734 0.599999
      vertex 5.69881 6.925 0.599999
    endloop
  endfacet
  facet normal 0 0 -1
    outer loop
      vertex 4.02427 6.58438 0.599999
      vertex 5.69881 6.925 0.599999
      vertex 4.29478 6.05734 0.599999
    endloop
  endfacet
  facet normal -0 0 -1
    outer loop
      vertex 5.69881 6.925 0.599999
      vertex 4.02427 6.58438 0.599999
      vertex 5.45571 7.44633 0.599999
    endloop
  endfacet
  facet normal -0 0 -1
    outer loop
      vertex 5.45571 7.44633 0.599999
      vertex 4.02427 6.58438 0.599999
      vertex 5.45203 7.45423 0.599999
    endloop
  endfacet
  facet normal 0 0 -1
    outer loop
      vertex 3.818 7.13972 0.599999
      vertex 5.45203 7.45423 0.599999
      vertex 4.02427 6.58438 0.599999
    endloop
  endfacet
  facet normal -0 0 -1
    outer loop
      vertex 13.2871 10.341 0.599999
      vertex 11.748 9.74577 0.599999
      vertex 13.0483 10.8831 0.599999
    endloop
  endfacet
  facet normal 0 0 -1
    outer loop
      vertex 11.5049 10.2671 0.599999
      vertex 13.0483 10.8831 0.599999
      vertex 11.748 9.74577 0.599999
    endloop
  endfacet
  facet normal 0 0 -1
    outer loop
      vertex 11.5012 10.275 0.599999
      vertex 13.0483 10.8831 0.599999
      vertex 11.5049 10.2671 0.599999
    endloop
  endfacet
  facet normal -0 0 -1
    outer loop
      vertex 13.0483 10.8831 0.599999
      vertex 11.5012 10.275 0.599999
      vertex 12.747 11.3932 0.599999
    endloop
  endfacet
  facet normal 0 0 -1
    outer loop
      vertex 11.1712 10.7462 0.599999
      vertex 12.747 11.3932 0.599999
      vertex 11.5012 10.275 0.599999
    endloop
  endfacet
  facet normal -0 0 -1
    outer loop
      vertex 12.747 11.3932 0.599999
      vertex 11.1712 10.7462 0.599999
      vertex 12.3876 11.8641 0.599999
    endloop
  endfacet
  facet normal 0 0 -1
    outer loop
      vertex 11.1662 10.7533 0.599999
      vertex 12.3876 11.8641 0.599999
      vertex 11.1712 10.7462 0.599999
    endloop
  endfacet
  facet normal -0 0 -1
    outer loop
      vertex 12.3876 11.8641 0.599999
      vertex 11.1662 10.7533 0.599999
      vertex 11.9749 12.2892 0.599999
    endloop
  endfacet
  facet normal 0 0 -1
    outer loop
      vertex 10.7533 11.1662 0.599999
      vertex 11.9749 12.2892 0.599999
      vertex 11.1662 10.7533 0.599999
    endloop
  endfacet
  facet normal -0 0 -1
    outer loop
      vertex 11.9749 12.2892 0.599999
      vertex 10.7533 11.1662 0.599999
      vertex 11.5149 12.6624 0.599999
    endloop
  endfacet
  facet normal 0 0 -1
    outer loop
      vertex 10.7462 11.1712 0.599999
      vertex 11.5149 12.6624 0.599999
      vertex 10.7533 11.1662 0.599999
    endloop
  endfacet
  facet normal 0 0 -1
    outer loop
      vertex 10.275 11.5012 0.599999
      vertex 11.5149 12.6624 0.599999
      vertex 10.7462 11.1712 0.599999
    endloop
  endfacet
  facet normal -0 0 -1
    outer loop
      vertex 11.5149 12.6624 0.599999
      vertex 10.275 11.5012 0.599999
      vertex 11.014 12.9787 0.599999
    endloop
  endfacet
  facet normal 0 0 -1
    outer loop
      vertex 10.2671 11.5049 0.599999
      vertex 11.014 12.9787 0.599999
      vertex 10.275 11.5012 0.599999
    endloop
  endfacet
  facet normal -0 0 -1
    outer loop
      vertex 11.014 12.9787 0.599999
      vertex 10.2671 11.5049 0.599999
      vertex 10.4791 13.2334 0.599999
    endloop
  endfacet
  facet normal 0 0 -1
    outer loop
      vertex 9.74577 11.748 0.599999
      vertex 10.4791 13.2334 0.599999
      vertex 10.2671 11.5049 0.599999
    endloop
  endfacet
  facet normal -0 0 -1
    outer loop
      vertex 10.4791 13.2334 0.599999
      vertex 9.74577 11.748 0.599999
      vertex 9.91794 13.4232 0.599999
    endloop
  endfacet
  facet normal 0 0 -1
    outer loop
      vertex 9.19014 11.8968 0.599999
      vertex 9.91794 13.4232 0.599999
      vertex 9.74577 11.748 0.599999
    endloop
  endfacet
  facet normal -0 0 -1
    outer loop
      vertex 9.91794 13.4232 0.599999
      vertex 9.19014 11.8968 0.599999
      vertex 9.33823 13.5452 0.599999
    endloop
  endfacet
  facet normal 0 0 -1
    outer loop
      vertex 9.18172 11.8991 0.599999
      vertex 9.33823 13.5452 0.599999
      vertex 9.19014 11.8968 0.599999
    endloop
  endfacet
  facet normal 0 0 -1
    outer loop
      vertex 9.18172 11.8991 0.599999
      vertex 8.74817 13.5978 0.599999
      vertex 9.33823 13.5452 0.599999
    endloop
  endfacet
  facet normal 0 0 -1
    outer loop
      vertex 8.60868 11.9492 0.599999
      vertex 8.74817 13.5978 0.599999
      vertex 9.18172 11.8991 0.599999
    endloop
  endfacet
  facet normal 0 0 -1
    outer loop
      vertex 8.6 11.95 0.599999
      vertex 8.74817 13.5978 0.599999
      vertex 8.60868 11.9492 0.599999
    endloop
  endfacet
  facet normal 0 0 -1
    outer loop
      vertex 8.59132 11.9492 0.599999
      vertex 8.74817 13.5978 0.599999
      vertex 8.6 11.95 0.599999
    endloop
  endfacet
  facet normal 0 0 -1
    outer loop
      vertex 8.59132 11.9492 0.599999
      vertex 8.15602 13.5802 0.599999
      vertex 8.74817 13.5978 0.599999
    endloop
  endfacet
  facet normal 0 0 -1
    outer loop
      vertex 8.01828 11.8991 0.599999
      vertex 8.15602 13.5802 0.599999
      vertex 8.59132 11.9492 0.599999
    endloop
  endfacet
  facet normal 0 0 -1
    outer loop
      vertex 7.57011 13.4928 0.599999
      vertex 8.01828 11.8991 0.599999
      vertex 8.00986 11.8968 0.599999
    endloop
  endfacet
  facet normal 0 0 -1
    outer loop
      vertex 8.01828 11.8991 0.599999
      vertex 7.57011 13.4928 0.599999
      vertex 8.15602 13.5802 0.599999
    endloop
  endfacet
  facet normal 0 0 -1
    outer loop
      vertex 7.45423 11.748 0.599999
      vertex 7.57011 13.4928 0.599999
      vertex 8.00986 11.8968 0.599999
    endloop
  endfacet
  facet normal 0 0 -1
    outer loop
      vertex 7.45423 11.748 0.599999
      vertex 6.99865 13.3366 0.599999
      vertex 7.57011 13.4928 0.599999
    endloop
  endfacet
  facet normal 0 0 -1
    outer loop
      vertex 6.44967 13.114 0.599999
      vertex 7.45423 11.748 0.599999
      vertex 6.9329 11.5049 0.599999
    endloop
  endfacet
  facet normal 0 0 -1
    outer loop
      vertex 6.44967 13.114 0.599999
      vertex 6.9329 11.5049 0.599999
      vertex 6.925 11.5012 0.599999
    endloop
  endfacet
  facet normal 0 0 -1
    outer loop
      vertex 5.93088 12.828 0.599999
      vertex 6.925 11.5012 0.599999
      vertex 6.91786 11.4962 0.599999
    endloop
  endfacet
  facet normal 0 0 -1
    outer loop
      vertex 7.45423 11.748 0.599999
      vertex 6.44967 13.114 0.599999
      vertex 6.99865 13.3366 0.599999
    endloop
  endfacet
  facet normal 0 0 -1
    outer loop
      vertex 5.93088 12.828 0.599999
      vertex 6.91786 11.4962 0.599999
      vertex 6.44666 11.1662 0.599999
    endloop
  endfacet
  facet normal 0 0 -1
    outer loop
      vertex 5.01246 12.0828 0.599999
      vertex 6.44666 11.1662 0.599999
      vertex 6.03375 10.7533 0.599999
    endloop
  endfacet
  facet normal 0 0 -1
    outer loop
      vertex 4.62573 11.634 0.599999
      vertex 6.03375 10.7533 0.599999
      vertex 6.02875 10.7462 0.599999
    endloop
  endfacet
  facet normal 0 0 -1
    outer loop
      vertex 6.925 11.5012 0.599999
      vertex 5.93088 12.828 0.599999
      vertex 6.44967 13.114 0.599999
    endloop
  endfacet
  facet normal 0 0 -1
    outer loop
      vertex 4.62573 11.634 0.599999
      vertex 6.02875 10.7462 0.599999
      vertex 5.69881 10.275 0.599999
    endloop
  endfacet
  facet normal 0 0 -1
    outer loop
      vertex 4.02427 10.6156 0.599999
      vertex 5.69881 10.275 0.599999
      vertex 5.45571 9.75367 0.599999
    endloop
  endfacet
  facet normal 0 0 -1
    outer loop
      vertex 4.02427 10.6156 0.599999
      vertex 5.45571 9.75367 0.599999
      vertex 5.45203 9.74577 0.599999
    endloop
  endfacet
  facet normal 0 0 -1
    outer loop
      vertex 3.818 10.0603 0.599999
      vertex 5.45203 9.74577 0.599999
      vertex 5.44977 9.73735 0.599999
    endloop
  endfacet
  facet normal 0 0 -1
    outer loop
      vertex 6.44666 11.1662 0.599999
      vertex 5.44956 12.4826 0.599999
      vertex 5.93088 12.828 0.599999
    endloop
  endfacet
  facet normal 0 0 -1
    outer loop
      vertex 3.818 10.0603 0.599999
      vertex 5.44977 9.73735 0.599999
      vertex 5.30089 9.18172 0.599999
    endloop
  endfacet
  facet normal 0 0 -1
    outer loop
      vertex 3.60878 8.8962 0.599999
      vertex 5.30089 9.18172 0.599999
      vertex 5.25076 8.60868 0.599999
    endloop
  endfacet
  facet normal 0 0 -1
    outer loop
      vertex 3.60878 8.8962 0.599999
      vertex 5.25076 8.60868 0.599999
      vertex 5.25 8.6 0.599999
    endloop
  endfacet
  facet normal -0 0 -1
    outer loop
      vertex 5.45203 7.45423 0.599999
      vertex 3.818 7.13972 0.599999
      vertex 5.44977 7.46265 0.599999
    endloop
  endfacet
  facet normal 0 0 -1
    outer loop
      vertex 6.44666 11.1662 0.599999
      vertex 5.01246 12.0828 0.599999
      vertex 5.44956 12.4826 0.599999
    endloop
  endfacet
  facet normal -0 0 -1
    outer loop
      vertex 5.44977 7.46265 0.599999
      vertex 3.818 7.13972 0.599999
      vertex 5.30089 8.01828 0.599999
    endloop
  endfacet
  facet normal 0 0 -1
    outer loop
      vertex 6.03375 10.7533 0.599999
      vertex 4.62573 11.634 0.599999
      vertex 5.01246 12.0828 0.599999
    endloop
  endfacet
  facet normal 0 0 -1
    outer loop
      vertex 3.67885 7.71555 0.599999
      vertex 5.30089 8.01828 0.599999
      vertex 3.818 7.13972 0.599999
    endloop
  endfacet
  facet normal 0 0 -1
    outer loop
      vertex 5.69881 10.275 0.599999
      vertex 4.29478 11.1427 0.599999
      vertex 4.62573 11.634 0.599999
    endloop
  endfacet
  facet normal 0 0 -1
    outer loop
      vertex 3.60878 8.3038 0.599999
      vertex 5.30089 8.01828 0.599999
      vertex 3.67885 7.71555 0.599999
    endloop
  endfacet
  facet normal 0 0 -1
    outer loop
      vertex 5.69881 10.275 0.599999
      vertex 4.02427 10.6156 0.599999
      vertex 4.29478 11.1427 0.599999
    endloop
  endfacet
  facet normal 0 0 -1
    outer loop
      vertex 5.30089 8.01828 0.599999
      vertex 3.60878 8.3038 0.599999
      vertex 5.25076 8.59132 0.599999
    endloop
  endfacet
  facet normal 0 0 -1
    outer loop
      vertex 5.45203 9.74577 0.599999
      vertex 3.818 10.0603 0.599999
      vertex 4.02427 10.6156 0.599999
    endloop
  endfacet
  facet normal -0 0 -1
    outer loop
      vertex 5.25076 8.59132 0.599999
      vertex 3.60878 8.3038 0.599999
      vertex 5.25 8.6 0.599999
    endloop
  endfacet
  facet normal 0 0 -1
    outer loop
      vertex 5.30089 9.18172 0.599999
      vertex 3.67885 9.48445 0.599999
      vertex 3.818 10.0603 0.599999
    endloop
  endfacet
  facet normal 0 0 -1
    outer loop
      vertex 3.60878 8.8962 0.599999
      vertex 5.25 8.6 0.599999
      vertex 3.60878 8.3038 0.599999
    endloop
  endfacet
  facet normal -0 0 -1
    outer loop
      vertex 5.30089 9.18172 0.599999
      vertex 3.60878 8.8962 0.599999
      vertex 3.67885 9.48445 0.599999
    endloop
  endfacet
  facet normal 0.75752 0.652812 0
    outer loop
      vertex 5.01246 5.11724 0.599999
      vertex 4.62573 5.566 0
      vertex 4.62573 5.566 0.599999
    endloop
  endfacet
  facet normal 0.75752 0.652812 0
    outer loop
      vertex 4.62573 5.566 0
      vertex 5.01246 5.11724 0.599999
      vertex 5.01246 5.11724 0
    endloop
  endfacet
  facet normal -0.429914 -0.90287 0
    outer loop
      vertex 10.4791 13.2334 0
      vertex 11.014 12.9787 0.599999
      vertex 10.4791 13.2334 0.599999
    endloop
  endfacet
  facet normal -0.429914 -0.90287 -0
    outer loop
      vertex 11.014 12.9787 0.599999
      vertex 10.4791 13.2334 0
      vertex 11.014 12.9787 0
    endloop
  endfacet
  facet normal 0.482781 -0.875741 0
    outer loop
      vertex 5.93088 12.828 0
      vertex 6.44967 13.114 0.599999
      vertex 5.93088 12.828 0.599999
    endloop
  endfacet
  facet normal 0.482781 -0.875741 0
    outer loop
      vertex 6.44967 13.114 0.599999
      vertex 5.93088 12.828 0
      vertex 6.44967 13.114 0
    endloop
  endfacet
  facet normal 0.583025 -0.812454 0
    outer loop
      vertex 5.44956 12.4826 0
      vertex 5.93088 12.828 0.599999
      vertex 5.44956 12.4826 0.599999
    endloop
  endfacet
  facet normal 0.583025 -0.812454 0
    outer loop
      vertex 5.93088 12.828 0.599999
      vertex 5.44956 12.4826 0
      vertex 5.93088 12.828 0
    endloop
  endfacet
  facet normal 0.482794 0.875734 -0
    outer loop
      vertex 6.44967 4.08601 0
      vertex 5.93088 4.37202 0.599999
      vertex 6.44967 4.08601 0.599999
    endloop
  endfacet
  facet normal 0.482794 0.875734 0
    outer loop
      vertex 5.93088 4.37202 0.599999
      vertex 6.44967 4.08601 0
      vertex 5.93088 4.37202 0
    endloop
  endfacet
  facet normal -0.630033 -0.776568 0
    outer loop
      vertex 11.5149 12.6624 0
      vertex 11.9749 12.2892 0.599999
      vertex 11.5149 12.6624 0.599999
    endloop
  endfacet
  facet normal -0.630033 -0.776568 -0
    outer loop
      vertex 11.9749 12.2892 0.599999
      vertex 11.5149 12.6624 0
      vertex 11.9749 12.2892 0
    endloop
  endfacet
  facet normal -0.956409 0.292031 0
    outer loop
      vertex 13.2871 6.85899 0
      vertex 13.4601 7.42557 0.599999
      vertex 13.4601 7.42557 0
    endloop
  endfacet
  facet normal -0.956409 0.292031 0
    outer loop
      vertex 13.4601 7.42557 0.599999
      vertex 13.2871 6.85899 0
      vertex 13.2871 6.85899 0.599999
    endloop
  endfacet
  facet normal 0.674977 0.737839 -0
    outer loop
      vertex 5.44956 4.71738 0
      vertex 5.01246 5.11724 0.599999
      vertex 5.44956 4.71738 0.599999
    endloop
  endfacet
  facet normal 0.674977 0.737839 0
    outer loop
      vertex 5.01246 5.11724 0.599999
      vertex 5.44956 4.71738 0
      vertex 5.01246 5.11724 0
    endloop
  endfacet
  facet normal -0.320292 0.947319 0
    outer loop
      vertex 10.4791 3.96655 0
      vertex 9.91794 3.77682 0.599999
      vertex 10.4791 3.96655 0.599999
    endloop
  endfacet
  facet normal -0.320292 0.947319 0
    outer loop
      vertex 9.91794 3.77682 0.599999
      vertex 10.4791 3.96655 0
      vertex 9.91794 3.77682 0
    endloop
  endfacet
  facet normal 0.972024 -0.234883 0
    outer loop
      vertex 3.67885 9.48445 0.599999
      vertex 3.818 10.0603 0
      vertex 3.818 10.0603 0.599999
    endloop
  endfacet
  facet normal 0.972024 -0.234883 0
    outer loop
      vertex 3.818 10.0603 0
      vertex 3.67885 9.48445 0.599999
      vertex 3.67885 9.48445 0
    endloop
  endfacet
  facet normal -0.533863 0.845571 0
    outer loop
      vertex 11.5149 4.53757 0
      vertex 11.014 4.22132 0.599999
      vertex 11.5149 4.53757 0.599999
    endloop
  endfacet
  facet normal -0.533863 0.845571 0
    outer loop
      vertex 11.014 4.22132 0.599999
      vertex 11.5149 4.53757 0
      vertex 11.014 4.22132 0
    endloop
  endfacet
  facet normal 0.99298 0.11828 0
    outer loop
      vertex 3.67885 7.71555 0.599999
      vertex 3.60878 8.3038 0
      vertex 3.60878 8.3038 0.599999
    endloop
  endfacet
  facet normal 0.99298 0.11828 0
    outer loop
      vertex 3.60878 8.3038 0
      vertex 3.67885 7.71555 0.599999
      vertex 3.67885 7.71555 0
    endloop
  endfacet
  facet normal -0.915143 -0.403129 0
    outer loop
      vertex 13.2871 10.341 0
      vertex 13.0483 10.8831 0.599999
      vertex 13.0483 10.8831 0
    endloop
  endfacet
  facet normal -0.915143 -0.403129 0
    outer loop
      vertex 13.0483 10.8831 0.599999
      vertex 13.2871 10.341 0
      vertex 13.2871 10.341 0.599999
    endloop
  endfacet
  facet normal 0.375822 0.926692 -0
    outer loop
      vertex 6.99865 3.86337 0
      vertex 6.44967 4.08601 0.599999
      vertex 6.99865 3.86337 0.599999
    endloop
  endfacet
  facet normal 0.375822 0.926692 0
    outer loop
      vertex 6.44967 4.08601 0.599999
      vertex 6.99865 3.86337 0
      vertex 6.44967 4.08601 0
    endloop
  endfacet
  facet normal 0.99298 -0.11828 0
    outer loop
      vertex 3.60878 8.8962 0.599999
      vertex 3.67885 9.48445 0
      vertex 3.67885 9.48445 0.599999
    endloop
  endfacet
  facet normal 0.99298 -0.11828 0
    outer loop
      vertex 3.67885 9.48445 0
      vertex 3.60878 8.8962 0.599999
      vertex 3.60878 8.8962 0
    endloop
  endfacet
  facet normal 0.582981 0.812486 -0
    outer loop
      vertex 5.93088 4.37202 0
      vertex 5.44956 4.71738 0.599999
      vertex 5.93088 4.37202 0.599999
    endloop
  endfacet
  facet normal 0.582981 0.812486 0
    outer loop
      vertex 5.44956 4.71738 0.599999
      vertex 5.93088 4.37202 0
      vertex 5.44956 4.71738 0
    endloop
  endfacet
  facet normal -0.794915 0.60672 0
    outer loop
      vertex 12.3876 5.33589 0
      vertex 12.747 5.80677 0.599999
      vertex 12.747 5.80677 0
    endloop
  endfacet
  facet normal -0.794915 0.60672 0
    outer loop
      vertex 12.747 5.80677 0.599999
      vertex 12.3876 5.33589 0
      vertex 12.3876 5.33589 0.599999
    endloop
  endfacet
  facet normal 0.829379 -0.558687 0
    outer loop
      vertex 4.29478 11.1427 0.599999
      vertex 4.62573 11.634 0
      vertex 4.62573 11.634 0.599999
    endloop
  endfacet
  facet normal 0.829379 -0.558687 0
    outer loop
      vertex 4.62573 11.634 0
      vertex 4.29478 11.1427 0.599999
      vertex 4.29478 11.1427 0
    endloop
  endfacet
  facet normal 0.972022 0.23489 0
    outer loop
      vertex 3.818 7.13972 0.599999
      vertex 3.67885 7.71555 0
      vertex 3.67885 7.71555 0.599999
    endloop
  endfacet
  facet normal 0.972022 0.23489 0
    outer loop
      vertex 3.67885 7.71555 0
      vertex 3.818 7.13972 0.599999
      vertex 3.818 7.13972 0
    endloop
  endfacet
  facet normal -0.861009 0.508591 0
    outer loop
      vertex 12.747 5.80677 0
      vertex 13.0483 6.31685 0.599999
      vertex 13.0483 6.31685 0
    endloop
  endfacet
  facet normal -0.861009 0.508591 0
    outer loop
      vertex 13.0483 6.31685 0.599999
      vertex 12.747 5.80677 0
      vertex 12.747 5.80677 0.599999
    endloop
  endfacet
  facet normal -0.205971 0.978558 0
    outer loop
      vertex 9.91794 3.77682 0
      vertex 9.33823 3.6548 0.599999
      vertex 9.91794 3.77682 0.599999
    endloop
  endfacet
  facet normal -0.205971 0.978558 0
    outer loop
      vertex 9.33823 3.6548 0.599999
      vertex 9.91794 3.77682 0
      vertex 9.33823 3.6548 0
    endloop
  endfacet
  facet normal -0.0887914 0.99605 0
    outer loop
      vertex 9.33823 3.6548 0
      vertex 8.74817 3.6022 0.599999
      vertex 9.33823 3.6548 0.599999
    endloop
  endfacet
  facet normal -0.0887914 0.99605 0
    outer loop
      vertex 8.74817 3.6022 0.599999
      vertex 9.33823 3.6548 0
      vertex 8.74817 3.6022 0
    endloop
  endfacet
  facet normal -0.630094 0.776519 0
    outer loop
      vertex 11.9749 4.91083 0
      vertex 11.5149 4.53757 0.599999
      vertex 11.9749 4.91083 0.599999
    endloop
  endfacet
  facet normal -0.630094 0.776519 0
    outer loop
      vertex 11.5149 4.53757 0.599999
      vertex 11.9749 4.91083 0
      vertex 11.5149 4.53757 0
    endloop
  endfacet
  facet normal -0.717461 0.696599 0
    outer loop
      vertex 11.9749 4.91083 0
      vertex 12.3876 5.33589 0.599999
      vertex 12.3876 5.33589 0
    endloop
  endfacet
  facet normal -0.717461 0.696599 0
    outer loop
      vertex 12.3876 5.33589 0.599999
      vertex 11.9749 4.91083 0
      vertex 11.9749 4.91083 0.599999
    endloop
  endfacet
  facet normal 0.889658 0.456628 0
    outer loop
      vertex 4.29478 6.05734 0.599999
      vertex 4.02427 6.58438 0
      vertex 4.02427 6.58438 0.599999
    endloop
  endfacet
  facet normal 0.889658 0.456628 0
    outer loop
      vertex 4.02427 6.58438 0
      vertex 4.29478 6.05734 0.599999
      vertex 4.29478 6.05734 0
    endloop
  endfacet
  facet normal -0.0887914 -0.99605 0
    outer loop
      vertex 8.74817 13.5978 0
      vertex 9.33823 13.5452 0.599999
      vertex 8.74817 13.5978 0.599999
    endloop
  endfacet
  facet normal -0.0887914 -0.99605 -0
    outer loop
      vertex 9.33823 13.5452 0.599999
      vertex 8.74817 13.5978 0
      vertex 9.33823 13.5452 0
    endloop
  endfacet
  facet normal 0.889679 -0.456587 0
    outer loop
      vertex 4.02427 10.6156 0.599999
      vertex 4.29478 11.1427 0
      vertex 4.29478 11.1427 0.599999
    endloop
  endfacet
  facet normal 0.889679 -0.456587 0
    outer loop
      vertex 4.29478 11.1427 0
      vertex 4.02427 10.6156 0.599999
      vertex 4.02427 10.6156 0
    endloop
  endfacet
  facet normal -0.205939 -0.978565 0
    outer loop
      vertex 9.33823 13.5452 0
      vertex 9.91794 13.4232 0.599999
      vertex 9.33823 13.5452 0.599999
    endloop
  endfacet
  facet normal -0.205939 -0.978565 -0
    outer loop
      vertex 9.91794 13.4232 0.599999
      vertex 9.33823 13.5452 0
      vertex 9.91794 13.4232 0
    endloop
  endfacet
  facet normal 1 -0 0
    outer loop
      vertex 3.60878 8.3038 0.599999
      vertex 3.60878 8.8962 0
      vertex 3.60878 8.8962 0.599999
    endloop
  endfacet
  facet normal 1 0 0
    outer loop
      vertex 3.60878 8.8962 0
      vertex 3.60878 8.3038 0.599999
      vertex 3.60878 8.3038 0
    endloop
  endfacet
  facet normal 0.147653 0.989039 -0
    outer loop
      vertex 8.15602 3.61975 0
      vertex 7.57011 3.70722 0.599999
      vertex 8.15602 3.61975 0.599999
    endloop
  endfacet
  facet normal 0.147653 0.989039 0
    outer loop
      vertex 7.57011 3.70722 0.599999
      vertex 8.15602 3.61975 0
      vertex 7.57011 3.70722 0
    endloop
  endfacet
  facet normal -0.86601 -0.500026 0
    outer loop
      vertex 10.1975 77.1814 2.25
      vertex 9.90228 77.6927 2.5
      vertex 9.90228 77.6927 2.25
    endloop
  endfacet
  facet normal -0.86601 -0.500026 0
    outer loop
      vertex 9.90228 77.6927 2.5
      vertex 10.1975 77.1814 2.25
      vertex 10.1975 77.1814 2.5
    endloop
  endfacet
  facet normal -0.984813 -0.173621 0
    outer loop
      vertex 10.3 76.6 2.25
      vertex 10.1975 77.1814 2.5
      vertex 10.1975 77.1814 2.25
    endloop
  endfacet
  facet normal -0.984813 -0.173621 0
    outer loop
      vertex 10.1975 77.1814 2.5
      vertex 10.3 76.6 2.25
      vertex 10.3 76.6 2.5
    endloop
  endfacet
  facet normal -0.64278 -0.766051 0
    outer loop
      vertex 9.45 78.0722 2.25
      vertex 9.90228 77.6927 2.5
      vertex 9.45 78.0722 2.5
    endloop
  endfacet
  facet normal -0.64278 -0.766051 -0
    outer loop
      vertex 9.90228 77.6927 2.5
      vertex 9.45 78.0722 2.25
      vertex 9.90228 77.6927 2.25
    endloop
  endfacet
  facet normal 0.64278 -0.766051 0
    outer loop
      vertex 7.29772 77.6927 2.25
      vertex 7.75 78.0722 2.5
      vertex 7.29772 77.6927 2.5
    endloop
  endfacet
  facet normal 0.64278 -0.766051 0
    outer loop
      vertex 7.75 78.0722 2.5
      vertex 7.29772 77.6927 2.25
      vertex 7.75 78.0722 2.25
    endloop
  endfacet
  facet normal 0.984807 0.173654 0
    outer loop
      vertex 7.00252 76.0186 2.5
      vertex 6.9 76.6 2.25
      vertex 6.9 76.6 2.5
    endloop
  endfacet
  facet normal 0.984807 0.173654 0
    outer loop
      vertex 6.9 76.6 2.25
      vertex 7.00252 76.0186 2.5
      vertex 7.00252 76.0186 2.25
    endloop
  endfacet
  facet normal 0 -1 0
    outer loop
      vertex 8.3048 78.2742 2.25
      vertex 8.8952 78.2742 2.5
      vertex 8.3048 78.2742 2.5
    endloop
  endfacet
  facet normal 0 -1 -0
    outer loop
      vertex 8.8952 78.2742 2.5
      vertex 8.3048 78.2742 2.25
      vertex 8.8952 78.2742 2.25
    endloop
  endfacet
  facet normal -0.342124 -0.939655 0
    outer loop
      vertex 8.8952 78.2742 2.25
      vertex 9.45 78.0722 2.5
      vertex 8.8952 78.2742 2.5
    endloop
  endfacet
  facet normal -0.342124 -0.939655 -0
    outer loop
      vertex 9.45 78.0722 2.5
      vertex 8.8952 78.2742 2.25
      vertex 9.45 78.0722 2.25
    endloop
  endfacet
  facet normal 0.342124 0.939655 -0
    outer loop
      vertex 8.3048 74.9258 2.25
      vertex 7.75 75.1278 2.5
      vertex 8.3048 74.9258 2.5
    endloop
  endfacet
  facet normal 0.342124 0.939655 0
    outer loop
      vertex 7.75 75.1278 2.5
      vertex 8.3048 74.9258 2.25
      vertex 7.75 75.1278 2.25
    endloop
  endfacet
  facet normal -0.342124 0.939655 0
    outer loop
      vertex 9.45 75.1278 2.25
      vertex 8.8952 74.9258 2.5
      vertex 9.45 75.1278 2.5
    endloop
  endfacet
  facet normal -0.342124 0.939655 0
    outer loop
      vertex 8.8952 74.9258 2.5
      vertex 9.45 75.1278 2.25
      vertex 8.8952 74.9258 2.25
    endloop
  endfacet
  facet normal -0.984813 0.173621 0
    outer loop
      vertex 10.1975 76.0186 2.25
      vertex 10.3 76.6 2.5
      vertex 10.3 76.6 2.25
    endloop
  endfacet
  facet normal -0.984813 0.173621 0
    outer loop
      vertex 10.3 76.6 2.5
      vertex 10.1975 76.0186 2.25
      vertex 10.1975 76.0186 2.5
    endloop
  endfacet
  facet normal -0.86601 0.500026 0
    outer loop
      vertex 9.90228 75.5073 2.25
      vertex 10.1975 76.0186 2.5
      vertex 10.1975 76.0186 2.25
    endloop
  endfacet
  facet normal -0.86601 0.500026 0
    outer loop
      vertex 10.1975 76.0186 2.5
      vertex 9.90228 75.5073 2.25
      vertex 9.90228 75.5073 2.5
    endloop
  endfacet
  facet normal 0.866025 -0.500001 0
    outer loop
      vertex 7.00252 77.1814 2.5
      vertex 7.29772 77.6927 2.25
      vertex 7.29772 77.6927 2.5
    endloop
  endfacet
  facet normal 0.866025 -0.500001 0
    outer loop
      vertex 7.29772 77.6927 2.25
      vertex 7.00252 77.1814 2.5
      vertex 7.00252 77.1814 2.25
    endloop
  endfacet
  facet normal 0 1 -0
    outer loop
      vertex 8.8952 74.9258 2.25
      vertex 8.3048 74.9258 2.5
      vertex 8.8952 74.9258 2.5
    endloop
  endfacet
  facet normal 0 1 0
    outer loop
      vertex 8.3048 74.9258 2.5
      vertex 8.8952 74.9258 2.25
      vertex 8.3048 74.9258 2.25
    endloop
  endfacet
  facet normal 0.984807 -0.173654 0
    outer loop
      vertex 6.9 76.6 2.5
      vertex 7.00252 77.1814 2.25
      vertex 7.00252 77.1814 2.5
    endloop
  endfacet
  facet normal 0.984807 -0.173654 0
    outer loop
      vertex 7.00252 77.1814 2.25
      vertex 6.9 76.6 2.5
      vertex 6.9 76.6 2.25
    endloop
  endfacet
  facet normal 0.342124 -0.939655 0
    outer loop
      vertex 7.75 78.0722 2.25
      vertex 8.3048 78.2742 2.5
      vertex 7.75 78.0722 2.5
    endloop
  endfacet
  facet normal 0.342124 -0.939655 0
    outer loop
      vertex 8.3048 78.2742 2.5
      vertex 7.75 78.0722 2.25
      vertex 8.3048 78.2742 2.25
    endloop
  endfacet
  facet normal -0.64278 0.766051 0
    outer loop
      vertex 9.90228 75.5073 2.25
      vertex 9.45 75.1278 2.5
      vertex 9.90228 75.5073 2.5
    endloop
  endfacet
  facet normal -0.64278 0.766051 0
    outer loop
      vertex 9.45 75.1278 2.5
      vertex 9.90228 75.5073 2.25
      vertex 9.45 75.1278 2.25
    endloop
  endfacet
  facet normal 0.866025 0.500001 0
    outer loop
      vertex 7.29772 75.5073 2.5
      vertex 7.00252 76.0186 2.25
      vertex 7.00252 76.0186 2.5
    endloop
  endfacet
  facet normal 0.866025 0.500001 0
    outer loop
      vertex 7.00252 76.0186 2.25
      vertex 7.29772 75.5073 2.5
      vertex 7.29772 75.5073 2.25
    endloop
  endfacet
  facet normal 0.64278 0.766051 -0
    outer loop
      vertex 7.75 75.1278 2.25
      vertex 7.29772 75.5073 2.5
      vertex 7.75 75.1278 2.5
    endloop
  endfacet
  facet normal 0.64278 0.766051 0
    outer loop
      vertex 7.29772 75.5073 2.5
      vertex 7.75 75.1278 2.25
      vertex 7.29772 75.5073 2.25
    endloop
  endfacet
  facet normal -0.684344 -0.183247 -0.705757
    outer loop
      vertex 11.748 77.7458 0.599999
      vertex 11.8968 77.1901 0.599999
      vertex 10.1975 77.1814 2.25
    endloop
  endfacet
  facet normal 0.705757 -0.0617445 -0.705758
    outer loop
      vertex 5.30089 77.1817 0.599999
      vertex 6.92583 76.8952 2.25
      vertex 5.25076 76.6087 0.599999
    endloop
  endfacet
  facet normal -0.684344 0.183247 -0.705757
    outer loop
      vertex 11.8968 76.0099 0.599999
      vertex 11.748 75.4542 0.599999
      vertex 10.1975 76.0186 2.25
    endloop
  endfacet
  facet normal -0.705617 -0.0648843 -0.705617
    outer loop
      vertex 10.3 76.6 2.25
      vertex 11.9492 76.6087 0.599999
      vertex 11.95 76.6 0.599999
    endloop
  endfacet
  facet normal -0.705769 -0.0616831 -0.705752
    outer loop
      vertex 11.9492 76.6087 0.599999
      vertex 10.3 76.6 2.25
      vertex 10.2742 76.8952 2.25
    endloop
  endfacet
  facet normal -0.70577 -0.0617087 -0.705748
    outer loop
      vertex 11.8991 77.1817 0.599999
      vertex 11.9492 76.6087 0.599999
      vertex 10.2742 76.8952 2.25
    endloop
  endfacet
  facet normal -0.580289 -0.406399 -0.705765
    outer loop
      vertex 11.1712 78.7462 0.599999
      vertex 11.5012 78.275 0.599999
      vertex 10.0722 77.45 2.25
    endloop
  endfacet
  facet normal 0.183375 0.68432 -0.705748
    outer loop
      vertex 7.46265 73.4498 0.599999
      vertex 8.01857 75.0025 2.25
      vertex 8.3048 74.9258 2.25
    endloop
  endfacet
  facet normal 0.179144 0.685634 -0.705559
    outer loop
      vertex 8.01857 75.0025 2.25
      vertex 7.46265 73.4498 0.599999
      vertex 7.45423 73.452 0.599999
    endloop
  endfacet
  facet normal -0.642014 -0.299495 -0.705776
    outer loop
      vertex 10.0722 77.45 2.25
      vertex 11.5049 78.2671 0.599999
      vertex 10.1975 77.1814 2.25
    endloop
  endfacet
  facet normal -0.641516 -0.300457 -0.70582
    outer loop
      vertex 11.5049 78.2671 0.599999
      vertex 10.0722 77.45 2.25
      vertex 11.5012 78.275 0.599999
    endloop
  endfacet
  facet normal 0.684318 -0.183339 -0.705759
    outer loop
      vertex 5.44977 77.7374 0.599999
      vertex 6.92583 76.8952 2.25
      vertex 5.30089 77.1817 0.599999
    endloop
  endfacet
  facet normal 0.501035 0.500892 -0.705742
    outer loop
      vertex 6.44666 74.0338 0.599999
      vertex 7.29772 75.5073 2.25
      vertex 7.50726 75.2977 2.25
    endloop
  endfacet
  facet normal 0.500947 0.500959 -0.705757
    outer loop
      vertex 7.29772 75.5073 2.25
      vertex 6.44666 74.0338 0.599999
      vertex 6.03375 74.4467 0.599999
    endloop
  endfacet
  facet normal 0.183383 -0.684305 -0.70576
    outer loop
      vertex 8.00986 79.8969 0.599999
      vertex 8.01857 78.1975 2.25
      vertex 7.45423 79.748 0.599999
    endloop
  endfacet
  facet normal 0 -0 -1
    outer loop
      vertex 7.50726 77.9023 2.25
      vertex 7.75 78.0722 2.25
      vertex 7.29772 77.6927 2.25
    endloop
  endfacet
  facet normal 0 0 -1
    outer loop
      vertex 10.3 76.6 2.25
      vertex 10.2742 76.3048 2.25
      vertex 10.1975 76.0186 2.25
    endloop
  endfacet
  facet normal -0 -0 -1
    outer loop
      vertex 10.2742 76.8952 2.25
      vertex 10.3 76.6 2.25
      vertex 10.1975 77.1814 2.25
    endloop
  endfacet
  facet normal 0 -0 -1
    outer loop
      vertex 8.01857 78.1975 2.25
      vertex 8.3048 78.2742 2.25
      vertex 7.75 78.0722 2.25
    endloop
  endfacet
  facet normal 0 0 -1
    outer loop
      vertex 7.29772 75.5073 2.25
      vertex 7.12776 75.75 2.25
      vertex 7.00252 76.0186 2.25
    endloop
  endfacet
  facet normal 0 0 -1
    outer loop
      vertex 10.1975 76.0186 2.25
      vertex 10.0722 75.75 2.25
      vertex 9.90228 75.5073 2.25
    endloop
  endfacet
  facet normal -0 -0 -1
    outer loop
      vertex 9.18143 78.1975 2.25
      vertex 9.45 78.0722 2.25
      vertex 8.8952 78.2742 2.25
    endloop
  endfacet
  facet normal -0 -0 -1
    outer loop
      vertex 9.69274 77.9023 2.25
      vertex 9.90228 77.6927 2.25
      vertex 9.45 78.0722 2.25
    endloop
  endfacet
  facet normal -0 -0 -1
    outer loop
      vertex 10.0722 77.45 2.25
      vertex 10.1975 77.1814 2.25
      vertex 9.90228 77.6927 2.25
    endloop
  endfacet
  facet normal 0 0 -1
    outer loop
      vertex 7.75 75.1278 2.25
      vertex 7.50726 75.2977 2.25
      vertex 7.29772 75.5073 2.25
    endloop
  endfacet
  facet normal 0 -0 -1
    outer loop
      vertex 6.92583 76.8952 2.25
      vertex 7.00252 77.1814 2.25
      vertex 6.9 76.6 2.25
    endloop
  endfacet
  facet normal 0 -0 -1
    outer loop
      vertex 7.12776 77.45 2.25
      vertex 7.29772 77.6927 2.25
      vertex 7.00252 77.1814 2.25
    endloop
  endfacet
  facet normal 0 0 -1
    outer loop
      vertex 8.3048 74.9258 2.25
      vertex 8.01857 75.0025 2.25
      vertex 7.75 75.1278 2.25
    endloop
  endfacet
  facet normal -0 0 -1
    outer loop
      vertex 8.8952 74.9258 2.25
      vertex 8.6 74.9 2.25
      vertex 8.3048 74.9258 2.25
    endloop
  endfacet
  facet normal 0 -0 -1
    outer loop
      vertex 8.6 78.3 2.25
      vertex 8.8952 78.2742 2.25
      vertex 8.3048 78.2742 2.25
    endloop
  endfacet
  facet normal 0 0 -1
    outer loop
      vertex 9.45 75.1278 2.25
      vertex 9.18143 75.0025 2.25
      vertex 8.8952 74.9258 2.25
    endloop
  endfacet
  facet normal 0 0 -1
    outer loop
      vertex 7.00252 76.0186 2.25
      vertex 6.92583 76.3048 2.25
      vertex 6.9 76.6 2.25
    endloop
  endfacet
  facet normal 0 0 -1
    outer loop
      vertex 9.90228 75.5073 2.25
      vertex 9.69274 75.2977 2.25
      vertex 9.45 75.1278 2.25
    endloop
  endfacet
  facet normal -0.501016 -0.500895 -0.705753
    outer loop
      vertex 9.90228 77.6927 2.25
      vertex 10.7533 79.1663 0.599999
      vertex 11.1662 78.7533 0.599999
    endloop
  endfacet
  facet normal -0.501029 -0.500885 -0.705751
    outer loop
      vertex 10.7533 79.1663 0.599999
      vertex 9.90228 77.6927 2.25
      vertex 9.69274 77.9023 2.25
    endloop
  endfacet
  facet normal 0.580329 -0.406353 -0.705759
    outer loop
      vertex 6.02875 78.7462 0.599999
      vertex 7.12776 77.45 2.25
      vertex 5.69881 78.275 0.599999
    endloop
  endfacet
  facet normal 0.684311 0.18337 -0.705757
    outer loop
      vertex 6.92583 76.3048 2.25
      vertex 5.44977 75.4627 0.599999
      vertex 5.30089 76.0183 0.599999
    endloop
  endfacet
  facet normal 0.64208 0.299382 -0.705765
    outer loop
      vertex 5.45571 75.4463 0.599999
      vertex 7.00252 76.0186 2.25
      vertex 7.12776 75.75 2.25
    endloop
  endfacet
  facet normal 0.64218 0.299142 -0.705775
    outer loop
      vertex 7.00252 76.0186 2.25
      vertex 5.45571 75.4463 0.599999
      vertex 5.45203 75.4542 0.599999
    endloop
  endfacet
  facet normal -0.642064 -0.299417 -0.705764
    outer loop
      vertex 11.5049 78.2671 0.599999
      vertex 11.748 77.7458 0.599999
      vertex 10.1975 77.1814 2.25
    endloop
  endfacet
  facet normal -0.299401 0.642067 -0.705769
    outer loop
      vertex 10.275 73.6988 0.599999
      vertex 9.75367 73.4557 0.599999
      vertex 9.45 75.1278 2.25
    endloop
  endfacet
  facet normal 0.642069 0.299418 -0.70576
    outer loop
      vertex 7.12776 75.75 2.25
      vertex 5.69881 74.925 0.599999
      vertex 5.45571 75.4463 0.599999
    endloop
  endfacet
  facet normal -0.642064 0.299417 -0.705764
    outer loop
      vertex 11.748 75.4542 0.599999
      vertex 11.5049 74.9329 0.599999
      vertex 10.1975 76.0186 2.25
    endloop
  endfacet
  facet normal -0.0650332 -0.70561 -0.70561
    outer loop
      vertex 8.60868 79.9492 0.599999
      vertex 8.6 78.3 2.25
      vertex 8.6 79.95 0.599999
    endloop
  endfacet
  facet normal -0.0616831 -0.705769 -0.705751
    outer loop
      vertex 8.6 78.3 2.25
      vertex 8.60868 79.9492 0.599999
      vertex 8.8952 78.2742 2.25
    endloop
  endfacet
  facet normal 0.406234 -0.580395 -0.705773
    outer loop
      vertex 6.91786 79.4962 0.599999
      vertex 7.75 78.0722 2.25
      vertex 7.50726 77.9023 2.25
    endloop
  endfacet
  facet normal 0.406376 -0.580304 -0.705766
    outer loop
      vertex 7.75 78.0722 2.25
      vertex 6.91786 79.4962 0.599999
      vertex 6.925 79.5012 0.599999
    endloop
  endfacet
  facet normal -0.179144 0.685634 -0.705559
    outer loop
      vertex 9.73735 73.4498 0.599999
      vertex 9.18143 75.0025 2.25
      vertex 9.74577 73.452 0.599999
    endloop
  endfacet
  facet normal -0.183375 0.68432 -0.705748
    outer loop
      vertex 9.18143 75.0025 2.25
      vertex 9.73735 73.4498 0.599999
      vertex 8.8952 74.9258 2.25
    endloop
  endfacet
  facet normal -0.406399 0.580289 -0.705765
    outer loop
      vertex 10.7462 74.0288 0.599999
      vertex 10.275 73.6988 0.599999
      vertex 9.45 75.1278 2.25
    endloop
  endfacet
  facet normal -0.580359 -0.406323 -0.705751
    outer loop
      vertex 9.90228 77.6927 2.25
      vertex 11.1712 78.7462 0.599999
      vertex 10.0722 77.45 2.25
    endloop
  endfacet
  facet normal -0.579176 -0.407871 -0.70583
    outer loop
      vertex 11.1712 78.7462 0.599999
      vertex 9.90228 77.6927 2.25
      vertex 11.1662 78.7533 0.599999
    endloop
  endfacet
  facet normal 0.58033 0.406354 -0.705757
    outer loop
      vertex 7.29772 75.5073 2.25
      vertex 6.03375 74.4467 0.599999
      vertex 5.70381 74.9179 0.599999
    endloop
  endfacet
  facet normal 0.40641 0.580304 -0.705747
    outer loop
      vertex 7.50726 75.2977 2.25
      vertex 6.91786 73.7038 0.599999
      vertex 6.44666 74.0338 0.599999
    endloop
  endfacet
  facet normal -0.641516 0.300457 -0.70582
    outer loop
      vertex 10.0722 75.75 2.25
      vertex 11.5049 74.9329 0.599999
      vertex 11.5012 74.925 0.599999
    endloop
  endfacet
  facet normal -0.642014 0.299495 -0.705776
    outer loop
      vertex 11.5049 74.9329 0.599999
      vertex 10.0722 75.75 2.25
      vertex 10.1975 76.0186 2.25
    endloop
  endfacet
  facet normal 0.406319 -0.580351 -0.70576
    outer loop
      vertex 6.91786 79.4962 0.599999
      vertex 7.50726 77.9023 2.25
      vertex 6.44666 79.1663 0.599999
    endloop
  endfacet
  facet normal 0.0617044 0.70577 -0.705748
    outer loop
      vertex 8.3048 74.9258 2.25
      vertex 8.59132 73.2508 0.599999
      vertex 8.01828 73.3009 0.599999
    endloop
  endfacet
  facet normal -0.183371 -0.684306 -0.705762
    outer loop
      vertex 8.8952 78.2742 2.25
      vertex 9.19014 79.8969 0.599999
      vertex 9.18143 78.1975 2.25
    endloop
  endfacet
  facet normal -0.179049 -0.68527 -0.705937
    outer loop
      vertex 9.19014 79.8969 0.599999
      vertex 8.8952 78.2742 2.25
      vertex 9.18172 79.8991 0.599999
    endloop
  endfacet
  facet normal 0.0617044 -0.70577 -0.705748
    outer loop
      vertex 8.59132 79.9492 0.599999
      vertex 8.3048 78.2742 2.25
      vertex 8.01828 79.8991 0.599999
    endloop
  endfacet
  facet normal -0.580301 0.406408 -0.705751
    outer loop
      vertex 11.4962 74.9179 0.599999
      vertex 11.1662 74.4467 0.599999
      vertex 9.90228 75.5073 2.25
    endloop
  endfacet
  facet normal 0.64208 -0.299382 -0.705765
    outer loop
      vertex 7.00252 77.1814 2.25
      vertex 5.45571 77.7537 0.599999
      vertex 7.12776 77.45 2.25
    endloop
  endfacet
  facet normal 0.64218 -0.299142 -0.705775
    outer loop
      vertex 5.45571 77.7537 0.599999
      vertex 7.00252 77.1814 2.25
      vertex 5.45203 77.7458 0.599999
    endloop
  endfacet
  facet normal -0.407876 0.579183 -0.705822
    outer loop
      vertex 10.7462 74.0288 0.599999
      vertex 9.69274 75.2977 2.25
      vertex 10.7533 74.0338 0.599999
    endloop
  endfacet
  facet normal -0.406253 0.580423 -0.705739
    outer loop
      vertex 9.69274 75.2977 2.25
      vertex 10.7462 74.0288 0.599999
      vertex 9.45 75.1278 2.25
    endloop
  endfacet
  facet normal -0.70577 0.0617087 -0.705748
    outer loop
      vertex 11.9492 76.5913 0.599999
      vertex 11.8991 76.0183 0.599999
      vertex 10.2742 76.3048 2.25
    endloop
  endfacet
  facet normal -0.705617 0.0648843 -0.705617
    outer loop
      vertex 11.9492 76.5913 0.599999
      vertex 10.3 76.6 2.25
      vertex 11.95 76.6 0.599999
    endloop
  endfacet
  facet normal -0.705769 0.0616831 -0.705752
    outer loop
      vertex 10.3 76.6 2.25
      vertex 11.9492 76.5913 0.599999
      vertex 10.2742 76.3048 2.25
    endloop
  endfacet
  facet normal -0.0617044 -0.70577 -0.705748
    outer loop
      vertex 9.18172 79.8991 0.599999
      vertex 8.8952 78.2742 2.25
      vertex 8.60868 79.9492 0.599999
    endloop
  endfacet
  facet normal 0.300505 0.641619 -0.705707
    outer loop
      vertex 7.44633 73.4557 0.599999
      vertex 8.01857 75.0025 2.25
      vertex 7.45423 73.452 0.599999
    endloop
  endfacet
  facet normal 0.299533 0.642025 -0.705751
    outer loop
      vertex 8.01857 75.0025 2.25
      vertex 7.44633 73.4557 0.599999
      vertex 7.75 75.1278 2.25
    endloop
  endfacet
  facet normal -0.579296 0.407955 -0.705683
    outer loop
      vertex 11.4962 74.9179 0.599999
      vertex 10.0722 75.75 2.25
      vertex 11.5012 74.925 0.599999
    endloop
  endfacet
  facet normal -0.580349 0.406316 -0.705764
    outer loop
      vertex 10.0722 75.75 2.25
      vertex 11.4962 74.9179 0.599999
      vertex 9.90228 75.5073 2.25
    endloop
  endfacet
  facet normal 0.299404 -0.642075 -0.705759
    outer loop
      vertex 7.45423 79.748 0.599999
      vertex 8.01857 78.1975 2.25
      vertex 6.9329 79.5049 0.599999
    endloop
  endfacet
  facet normal 0.705762 0.0616528 -0.705761
    outer loop
      vertex 6.9 76.6 2.25
      vertex 5.25076 76.5913 0.599999
      vertex 5.25 76.6 0.599999
    endloop
  endfacet
  facet normal 0.705757 0.0617538 -0.705757
    outer loop
      vertex 5.25076 76.5913 0.599999
      vertex 6.9 76.6 2.25
      vertex 6.92583 76.3048 2.25
    endloop
  endfacet
  facet normal -0.406399 -0.580289 -0.705765
    outer loop
      vertex 10.275 79.5012 0.599999
      vertex 10.7462 79.1712 0.599999
      vertex 9.45 78.0722 2.25
    endloop
  endfacet
  facet normal -0.683478 -0.187143 -0.705575
    outer loop
      vertex 10.2742 76.8952 2.25
      vertex 11.8968 77.1901 0.599999
      vertex 11.8991 77.1817 0.599999
    endloop
  endfacet
  facet normal -0.684325 -0.183395 -0.705738
    outer loop
      vertex 11.8968 77.1901 0.599999
      vertex 10.2742 76.8952 2.25
      vertex 10.1975 77.1814 2.25
    endloop
  endfacet
  facet normal 0.705757 0.0617445 -0.705758
    outer loop
      vertex 6.92583 76.3048 2.25
      vertex 5.30089 76.0183 0.599999
      vertex 5.25076 76.5913 0.599999
    endloop
  endfacet
  facet normal -0.183386 0.684315 -0.70575
    outer loop
      vertex 9.73735 73.4498 0.599999
      vertex 9.18172 73.3009 0.599999
      vertex 8.8952 74.9258 2.25
    endloop
  endfacet
  facet normal 0.299522 -0.642 -0.705778
    outer loop
      vertex 7.75 78.0722 2.25
      vertex 6.9329 79.5049 0.599999
      vertex 8.01857 78.1975 2.25
    endloop
  endfacet
  facet normal 0.300457 -0.641516 -0.70582
    outer loop
      vertex 6.9329 79.5049 0.599999
      vertex 7.75 78.0722 2.25
      vertex 6.925 79.5012 0.599999
    endloop
  endfacet
  facet normal -0.500958 0.500958 -0.705749
    outer loop
      vertex 10.7533 74.0338 0.599999
      vertex 9.90228 75.5073 2.25
      vertex 11.1662 74.4467 0.599999
    endloop
  endfacet
  facet normal -0.501039 0.500896 -0.705736
    outer loop
      vertex 9.90228 75.5073 2.25
      vertex 10.7533 74.0338 0.599999
      vertex 9.69274 75.2977 2.25
    endloop
  endfacet
  facet normal 0.406376 0.580304 -0.705766
    outer loop
      vertex 6.91786 73.7038 0.599999
      vertex 7.75 75.1278 2.25
      vertex 6.925 73.6988 0.599999
    endloop
  endfacet
  facet normal 0.406234 0.580395 -0.705773
    outer loop
      vertex 7.75 75.1278 2.25
      vertex 6.91786 73.7038 0.599999
      vertex 7.50726 75.2977 2.25
    endloop
  endfacet
  facet normal 0.299401 0.642067 -0.705769
    outer loop
      vertex 7.75 75.1278 2.25
      vertex 7.44633 73.4557 0.599999
      vertex 6.925 73.6988 0.599999
    endloop
  endfacet
  facet normal 0.183371 -0.684306 -0.705762
    outer loop
      vertex 8.00986 79.8969 0.599999
      vertex 8.3048 78.2742 2.25
      vertex 8.01857 78.1975 2.25
    endloop
  endfacet
  facet normal 0.179049 -0.68527 -0.705937
    outer loop
      vertex 8.3048 78.2742 2.25
      vertex 8.00986 79.8969 0.599999
      vertex 8.01828 79.8991 0.599999
    endloop
  endfacet
  facet normal 0.580313 0.406387 -0.705752
    outer loop
      vertex 5.70381 74.9179 0.599999
      vertex 7.12776 75.75 2.25
      vertex 7.29772 75.5073 2.25
    endloop
  endfacet
  facet normal 0.579304 0.40796 -0.705674
    outer loop
      vertex 7.12776 75.75 2.25
      vertex 5.70381 74.9179 0.599999
      vertex 5.69881 74.925 0.599999
    endloop
  endfacet
  facet normal -0.683478 0.187143 -0.705575
    outer loop
      vertex 11.8968 76.0099 0.599999
      vertex 10.2742 76.3048 2.25
      vertex 11.8991 76.0183 0.599999
    endloop
  endfacet
  facet normal -0.684325 0.183395 -0.705738
    outer loop
      vertex 10.2742 76.3048 2.25
      vertex 11.8968 76.0099 0.599999
      vertex 10.1975 76.0186 2.25
    endloop
  endfacet
  facet normal -0.300457 -0.641516 -0.70582
    outer loop
      vertex 9.45 78.0722 2.25
      vertex 10.2671 79.5049 0.599999
      vertex 10.275 79.5012 0.599999
    endloop
  endfacet
  facet normal -0.299522 -0.642 -0.705778
    outer loop
      vertex 10.2671 79.5049 0.599999
      vertex 9.45 78.0722 2.25
      vertex 9.18143 78.1975 2.25
    endloop
  endfacet
  facet normal -0.402528 -0.583255 -0.705539
    outer loop
      vertex 9.69274 77.9023 2.25
      vertex 10.7462 79.1712 0.599999
      vertex 10.7533 79.1663 0.599999
    endloop
  endfacet
  facet normal -0.406253 -0.580423 -0.705739
    outer loop
      vertex 10.7462 79.1712 0.599999
      vertex 9.69274 77.9023 2.25
      vertex 9.45 78.0722 2.25
    endloop
  endfacet
  facet normal 0.705757 -0.0617538 -0.705757
    outer loop
      vertex 6.9 76.6 2.25
      vertex 5.25076 76.6087 0.599999
      vertex 6.92583 76.8952 2.25
    endloop
  endfacet
  facet normal 0.705762 -0.0616528 -0.705761
    outer loop
      vertex 5.25076 76.6087 0.599999
      vertex 6.9 76.6 2.25
      vertex 5.25 76.6 0.599999
    endloop
  endfacet
  facet normal 0.0650332 0.70561 -0.70561
    outer loop
      vertex 8.59132 73.2508 0.599999
      vertex 8.6 74.9 2.25
      vertex 8.6 73.25 0.599999
    endloop
  endfacet
  facet normal 0.0616831 0.705769 -0.705751
    outer loop
      vertex 8.6 74.9 2.25
      vertex 8.59132 73.2508 0.599999
      vertex 8.3048 74.9258 2.25
    endloop
  endfacet
  facet normal 0.0616831 -0.705769 -0.705751
    outer loop
      vertex 8.59132 79.9492 0.599999
      vertex 8.6 78.3 2.25
      vertex 8.3048 78.2742 2.25
    endloop
  endfacet
  facet normal 0.0650332 -0.70561 -0.70561
    outer loop
      vertex 8.6 78.3 2.25
      vertex 8.59132 79.9492 0.599999
      vertex 8.6 79.95 0.599999
    endloop
  endfacet
  facet normal -0.300505 0.641619 -0.705707
    outer loop
      vertex 9.18143 75.0025 2.25
      vertex 9.75367 73.4557 0.599999
      vertex 9.74577 73.452 0.599999
    endloop
  endfacet
  facet normal -0.299533 0.642025 -0.705751
    outer loop
      vertex 9.75367 73.4557 0.599999
      vertex 9.18143 75.0025 2.25
      vertex 9.45 75.1278 2.25
    endloop
  endfacet
  facet normal 0.580304 -0.40638 -0.705763
    outer loop
      vertex 6.02875 78.7462 0.599999
      vertex 7.29772 77.6927 2.25
      vertex 7.12776 77.45 2.25
    endloop
  endfacet
  facet normal 0.579169 -0.407866 -0.705839
    outer loop
      vertex 7.29772 77.6927 2.25
      vertex 6.02875 78.7462 0.599999
      vertex 6.03375 78.7533 0.599999
    endloop
  endfacet
  facet normal 0.501024 -0.500881 -0.705757
    outer loop
      vertex 7.29772 77.6927 2.25
      vertex 6.44666 79.1663 0.599999
      vertex 7.50726 77.9023 2.25
    endloop
  endfacet
  facet normal 0.501005 -0.500896 -0.70576
    outer loop
      vertex 6.44666 79.1663 0.599999
      vertex 7.29772 77.6927 2.25
      vertex 6.03375 78.7533 0.599999
    endloop
  endfacet
  facet normal 0.684721 0.182055 -0.7057
    outer loop
      vertex 5.44977 75.4627 0.599999
      vertex 7.00252 76.0186 2.25
      vertex 5.45203 75.4542 0.599999
    endloop
  endfacet
  facet normal 0.684312 0.183368 -0.705757
    outer loop
      vertex 7.00252 76.0186 2.25
      vertex 5.44977 75.4627 0.599999
      vertex 6.92583 76.3048 2.25
    endloop
  endfacet
  facet normal -0.0650332 0.70561 -0.70561
    outer loop
      vertex 8.6 74.9 2.25
      vertex 8.60868 73.2508 0.599999
      vertex 8.6 73.25 0.599999
    endloop
  endfacet
  facet normal -0.0616831 0.705769 -0.705751
    outer loop
      vertex 8.60868 73.2508 0.599999
      vertex 8.6 74.9 2.25
      vertex 8.8952 74.9258 2.25
    endloop
  endfacet
  facet normal -0.0617044 0.70577 -0.705748
    outer loop
      vertex 8.8952 74.9258 2.25
      vertex 9.18172 73.3009 0.599999
      vertex 8.60868 73.2508 0.599999
    endloop
  endfacet
  facet normal 0.684307 -0.183366 -0.705763
    outer loop
      vertex 5.44977 77.7374 0.599999
      vertex 7.00252 77.1814 2.25
      vertex 6.92583 76.8952 2.25
    endloop
  endfacet
  facet normal 0.684092 -0.184053 -0.705792
    outer loop
      vertex 7.00252 77.1814 2.25
      vertex 5.44977 77.7374 0.599999
      vertex 5.45203 77.7458 0.599999
    endloop
  endfacet
  facet normal -0.299404 -0.642075 -0.705759
    outer loop
      vertex 9.74577 79.748 0.599999
      vertex 10.2671 79.5049 0.599999
      vertex 9.18143 78.1975 2.25
    endloop
  endfacet
  facet normal 0.183386 0.684315 -0.70575
    outer loop
      vertex 8.3048 74.9258 2.25
      vertex 8.01828 73.3009 0.599999
      vertex 7.46265 73.4498 0.599999
    endloop
  endfacet
  facet normal -0.183383 -0.684305 -0.70576
    outer loop
      vertex 9.19014 79.8969 0.599999
      vertex 9.74577 79.748 0.599999
      vertex 9.18143 78.1975 2.25
    endloop
  endfacet
  facet normal 0.642069 -0.299418 -0.70576
    outer loop
      vertex 5.69881 78.275 0.599999
      vertex 7.12776 77.45 2.25
      vertex 5.45571 77.7537 0.599999
    endloop
  endfacet
  facet normal 0.0297091 0.999559 -0
    outer loop
      vertex 8.74817 71.6022 0
      vertex 8.15602 71.6198 0.599999
      vertex 8.74817 71.6022 0.599999
    endloop
  endfacet
  facet normal 0.0297091 0.999559 0
    outer loop
      vertex 8.15602 71.6198 0.599999
      vertex 8.74817 71.6022 0
      vertex 8.15602 71.6198 0
    endloop
  endfacet
  facet normal -0.429914 0.90287 0
    outer loop
      vertex 11.014 72.2213 0
      vertex 10.4791 71.9666 0.599999
      vertex 11.014 72.2213 0.599999
    endloop
  endfacet
  facet normal -0.429914 0.90287 0
    outer loop
      vertex 10.4791 71.9666 0.599999
      vertex 11.014 72.2213 0
      vertex 10.4791 71.9666 0
    endloop
  endfacet
  facet normal -0.984225 -0.176924 0
    outer loop
      vertex 13.5649 77.1914 0
      vertex 13.4601 77.7744 0.599999
      vertex 13.4601 77.7744 0
    endloop
  endfacet
  facet normal -0.984225 -0.176924 0
    outer loop
      vertex 13.4601 77.7744 0.599999
      vertex 13.5649 77.1914 0
      vertex 13.5649 77.1914 0.599999
    endloop
  endfacet
  facet normal -0.998243 -0.0592464 0
    outer loop
      vertex 13.6 76.6 0
      vertex 13.5649 77.1914 0.599999
      vertex 13.5649 77.1914 0
    endloop
  endfacet
  facet normal -0.998243 -0.0592464 0
    outer loop
      vertex 13.5649 77.1914 0.599999
      vertex 13.6 76.6 0
      vertex 13.6 76.6 0.599999
    endloop
  endfacet
  facet normal -0.956412 -0.292021 0
    outer loop
      vertex 13.4601 77.7744 0
      vertex 13.2871 78.341 0.599999
      vertex 13.2871 78.341 0
    endloop
  endfacet
  facet normal -0.956412 -0.292021 0
    outer loop
      vertex 13.2871 78.341 0.599999
      vertex 13.4601 77.7744 0
      vertex 13.4601 77.7744 0.599999
    endloop
  endfacet
  facet normal -0.320398 -0.947283 0
    outer loop
      vertex 9.91794 81.4232 0
      vertex 10.4791 81.2334 0.599999
      vertex 9.91794 81.4232 0.599999
    endloop
  endfacet
  facet normal -0.320398 -0.947283 -0
    outer loop
      vertex 10.4791 81.2334 0.599999
      vertex 9.91794 81.4232 0
      vertex 10.4791 81.2334 0
    endloop
  endfacet
  facet normal 0.937417 0.34821 0
    outer loop
      vertex 4.02427 74.5844 0.599999
      vertex 3.818 75.1397 0
      vertex 3.818 75.1397 0.599999
    endloop
  endfacet
  facet normal 0.937417 0.34821 0
    outer loop
      vertex 3.818 75.1397 0
      vertex 4.02427 74.5844 0.599999
      vertex 4.02427 74.5844 0
    endloop
  endfacet
  facet normal 0.0297091 -0.999559 0
    outer loop
      vertex 8.15602 81.5802 0
      vertex 8.74817 81.5978 0.599999
      vertex 8.15602 81.5802 0.599999
    endloop
  endfacet
  facet normal 0.0297091 -0.999559 0
    outer loop
      vertex 8.74817 81.5978 0.599999
      vertex 8.15602 81.5802 0
      vertex 8.74817 81.5978 0
    endloop
  endfacet
  facet normal -0.998243 0.0592464 0
    outer loop
      vertex 13.5649 76.0086 0
      vertex 13.6 76.6 0.599999
      vertex 13.6 76.6 0
    endloop
  endfacet
  facet normal -0.998243 0.0592464 0
    outer loop
      vertex 13.6 76.6 0.599999
      vertex 13.5649 76.0086 0
      vertex 13.5649 76.0086 0.599999
    endloop
  endfacet
  facet normal -0.794928 -0.606704 0
    outer loop
      vertex 12.747 79.3932 0
      vertex 12.3876 79.8641 0.599999
      vertex 12.3876 79.8641 0
    endloop
  endfacet
  facet normal -0.794928 -0.606704 0
    outer loop
      vertex 12.3876 79.8641 0.599999
      vertex 12.747 79.3932 0
      vertex 12.747 79.3932 0.599999
    endloop
  endfacet
  facet normal -0.915143 0.403129 0
    outer loop
      vertex 13.0483 74.3169 0
      vertex 13.2871 74.859 0.599999
      vertex 13.2871 74.859 0
    endloop
  endfacet
  facet normal -0.915143 0.403129 0
    outer loop
      vertex 13.2871 74.859 0.599999
      vertex 13.0483 74.3169 0
      vertex 13.0483 74.3169 0.599999
    endloop
  endfacet
  facet normal 0.147537 -0.989057 0
    outer loop
      vertex 7.57011 81.4928 0
      vertex 8.15602 81.5802 0.599999
      vertex 7.57011 81.4928 0.599999
    endloop
  endfacet
  facet normal 0.147537 -0.989057 0
    outer loop
      vertex 8.15602 81.5802 0.599999
      vertex 7.57011 81.4928 0
      vertex 8.15602 81.5802 0
    endloop
  endfacet
  facet normal 0.829379 0.558687 0
    outer loop
      vertex 4.62573 73.566 0.599999
      vertex 4.29478 74.0573 0
      vertex 4.29478 74.0573 0.599999
    endloop
  endfacet
  facet normal 0.829379 0.558687 0
    outer loop
      vertex 4.29478 74.0573 0
      vertex 4.62573 73.566 0.599999
      vertex 4.62573 73.566 0
    endloop
  endfacet
  facet normal -0.861017 -0.508576 0
    outer loop
      vertex 13.0483 78.8831 0
      vertex 12.747 79.3932 0.599999
      vertex 12.747 79.3932 0
    endloop
  endfacet
  facet normal -0.861017 -0.508576 0
    outer loop
      vertex 12.747 79.3932 0.599999
      vertex 13.0483 78.8831 0
      vertex 13.0483 78.8831 0.599999
    endloop
  endfacet
  facet normal 0.263663 -0.964615 0
    outer loop
      vertex 6.99865 81.3366 0
      vertex 7.57011 81.4928 0.599999
      vertex 6.99865 81.3366 0.599999
    endloop
  endfacet
  facet normal 0.263663 -0.964615 0
    outer loop
      vertex 7.57011 81.4928 0.599999
      vertex 6.99865 81.3366 0
      vertex 7.57011 81.4928 0
    endloop
  endfacet
  facet normal 0.674922 -0.737889 0
    outer loop
      vertex 5.01246 80.0828 0
      vertex 5.44956 80.4826 0.599999
      vertex 5.01246 80.0828 0.599999
    endloop
  endfacet
  facet normal 0.674922 -0.737889 0
    outer loop
      vertex 5.44956 80.4826 0.599999
      vertex 5.01246 80.0828 0
      vertex 5.44956 80.4826 0
    endloop
  endfacet
  facet normal -0.984225 0.176924 0
    outer loop
      vertex 13.4601 75.4256 0
      vertex 13.5649 76.0086 0.599999
      vertex 13.5649 76.0086 0
    endloop
  endfacet
  facet normal -0.984225 0.176924 0
    outer loop
      vertex 13.5649 76.0086 0.599999
      vertex 13.4601 75.4256 0
      vertex 13.4601 75.4256 0.599999
    endloop
  endfacet
  facet normal 0.757549 -0.652778 0
    outer loop
      vertex 4.62573 79.634 0.599999
      vertex 5.01246 80.0828 0
      vertex 5.01246 80.0828 0.599999
    endloop
  endfacet
  facet normal 0.757549 -0.652778 0
    outer loop
      vertex 5.01246 80.0828 0
      vertex 4.62573 79.634 0.599999
      vertex 4.62573 79.634 0
    endloop
  endfacet
  facet normal -0.717494 -0.696565 0
    outer loop
      vertex 12.3876 79.8641 0
      vertex 11.9749 80.2892 0.599999
      vertex 11.9749 80.2892 0
    endloop
  endfacet
  facet normal -0.717494 -0.696565 0
    outer loop
      vertex 11.9749 80.2892 0.599999
      vertex 12.3876 79.8641 0
      vertex 12.3876 79.8641 0.599999
    endloop
  endfacet
  facet normal 0.375764 -0.926715 0
    outer loop
      vertex 6.44967 81.114 0
      vertex 6.99865 81.3366 0.599999
      vertex 6.44967 81.114 0.599999
    endloop
  endfacet
  facet normal 0.375764 -0.926715 0
    outer loop
      vertex 6.99865 81.3366 0.599999
      vertex 6.44967 81.114 0
      vertex 6.99865 81.3366 0
    endloop
  endfacet
  facet normal -0.717494 0.696565 0
    outer loop
      vertex 11.9749 72.9108 0
      vertex 12.3876 73.3359 0.599999
      vertex 12.3876 73.3359 0
    endloop
  endfacet
  facet normal -0.717494 0.696565 0
    outer loop
      vertex 12.3876 73.3359 0.599999
      vertex 11.9749 72.9108 0
      vertex 11.9749 72.9108 0.599999
    endloop
  endfacet
  facet normal -0.533923 -0.845533 0
    outer loop
      vertex 11.014 80.9787 0
      vertex 11.5149 80.6624 0.599999
      vertex 11.014 80.9787 0.599999
    endloop
  endfacet
  facet normal -0.533923 -0.845533 -0
    outer loop
      vertex 11.5149 80.6624 0.599999
      vertex 11.014 80.9787 0
      vertex 11.5149 80.6624 0
    endloop
  endfacet
  facet normal 0.263663 0.964615 -0
    outer loop
      vertex 7.57011 71.7072 0
      vertex 6.99865 71.8634 0.599999
      vertex 7.57011 71.7072 0.599999
    endloop
  endfacet
  facet normal 0.263663 0.964615 0
    outer loop
      vertex 6.99865 71.8634 0.599999
      vertex 7.57011 71.7072 0
      vertex 6.99865 71.8634 0
    endloop
  endfacet
  facet normal 0.937417 -0.34821 0
    outer loop
      vertex 3.818 78.0603 0.599999
      vertex 4.02427 78.6156 0
      vertex 4.02427 78.6156 0.599999
    endloop
  endfacet
  facet normal 0.937417 -0.34821 0
    outer loop
      vertex 4.02427 78.6156 0
      vertex 3.818 78.0603 0.599999
      vertex 3.818 78.0603 0
    endloop
  endfacet
  facet normal 0 0 -1
    outer loop
      vertex 11.9492 76.5913 0.599999
      vertex 13.6 76.6 0.599999
      vertex 13.5649 76.0086 0.599999
    endloop
  endfacet
  facet normal 0 0 -1
    outer loop
      vertex 11.8991 76.0183 0.599999
      vertex 13.5649 76.0086 0.599999
      vertex 13.4601 75.4256 0.599999
    endloop
  endfacet
  facet normal -0 0 -1
    outer loop
      vertex 13.6 76.6 0.599999
      vertex 11.9492 76.5913 0.599999
      vertex 11.95 76.6 0.599999
    endloop
  endfacet
  facet normal 0 0 -1
    outer loop
      vertex 11.748 75.4542 0.599999
      vertex 13.4601 75.4256 0.599999
      vertex 13.2871 74.859 0.599999
    endloop
  endfacet
  facet normal 0 0 -1
    outer loop
      vertex 11.9492 76.6087 0.599999
      vertex 13.6 76.6 0.599999
      vertex 11.95 76.6 0.599999
    endloop
  endfacet
  facet normal 0 0 -1
    outer loop
      vertex 11.748 75.4542 0.599999
      vertex 13.2871 74.859 0.599999
      vertex 13.0483 74.3169 0.599999
    endloop
  endfacet
  facet normal 0 0 -1
    outer loop
      vertex 13.6 76.6 0.599999
      vertex 11.9492 76.6087 0.599999
      vertex 13.5649 77.1914 0.599999
    endloop
  endfacet
  facet normal 0 0 -1
    outer loop
      vertex 11.5012 74.925 0.599999
      vertex 13.0483 74.3169 0.599999
      vertex 12.747 73.8068 0.599999
    endloop
  endfacet
  facet normal 0 0 -1
    outer loop
      vertex 11.8991 77.1817 0.599999
      vertex 13.5649 77.1914 0.599999
      vertex 11.9492 76.6087 0.599999
    endloop
  endfacet
  facet normal 0 0 -1
    outer loop
      vertex 11.1662 74.4467 0.599999
      vertex 12.747 73.8068 0.599999
      vertex 12.3876 73.3359 0.599999
    endloop
  endfacet
  facet normal 0 0 -1
    outer loop
      vertex 11.8968 77.1901 0.599999
      vertex 13.4601 77.7744 0.599999
      vertex 11.8991 77.1817 0.599999
    endloop
  endfacet
  facet normal 0 0 -1
    outer loop
      vertex 11.1662 74.4467 0.599999
      vertex 12.3876 73.3359 0.599999
      vertex 11.9749 72.9108 0.599999
    endloop
  endfacet
  facet normal 0 0 -1
    outer loop
      vertex 11.748 77.7458 0.599999
      vertex 13.4601 77.7744 0.599999
      vertex 11.8968 77.1901 0.599999
    endloop
  endfacet
  facet normal -0 0 -1
    outer loop
      vertex 13.4601 77.7744 0.599999
      vertex 11.748 77.7458 0.599999
      vertex 13.2871 78.341 0.599999
    endloop
  endfacet
  facet normal -0 0 -1
    outer loop
      vertex 13.5649 77.1914 0.599999
      vertex 11.8991 77.1817 0.599999
      vertex 13.4601 77.7744 0.599999
    endloop
  endfacet
  facet normal 0 0 -1
    outer loop
      vertex 13.5649 76.0086 0.599999
      vertex 11.8991 76.0183 0.599999
      vertex 11.9492 76.5913 0.599999
    endloop
  endfacet
  facet normal 0 0 -1
    outer loop
      vertex 13.4601 75.4256 0.599999
      vertex 11.8968 76.0099 0.599999
      vertex 11.8991 76.0183 0.599999
    endloop
  endfacet
  facet normal 0 0 -1
    outer loop
      vertex 13.4601 75.4256 0.599999
      vertex 11.748 75.4542 0.599999
      vertex 11.8968 76.0099 0.599999
    endloop
  endfacet
  facet normal 0 0 -1
    outer loop
      vertex 10.7533 74.0338 0.599999
      vertex 11.9749 72.9108 0.599999
      vertex 11.5149 72.5376 0.599999
    endloop
  endfacet
  facet normal 0 0 -1
    outer loop
      vertex 13.0483 74.3169 0.599999
      vertex 11.5049 74.9329 0.599999
      vertex 11.748 75.4542 0.599999
    endloop
  endfacet
  facet normal 0 0 -1
    outer loop
      vertex 13.0483 74.3169 0.599999
      vertex 11.5012 74.925 0.599999
      vertex 11.5049 74.9329 0.599999
    endloop
  endfacet
  facet normal 0 0 -1
    outer loop
      vertex 12.747 73.8068 0.599999
      vertex 11.4962 74.9179 0.599999
      vertex 11.5012 74.925 0.599999
    endloop
  endfacet
  facet normal 0 0 -1
    outer loop
      vertex 12.747 73.8068 0.599999
      vertex 11.1662 74.4467 0.599999
      vertex 11.4962 74.9179 0.599999
    endloop
  endfacet
  facet normal 0 0 -1
    outer loop
      vertex 10.275 73.6988 0.599999
      vertex 11.5149 72.5376 0.599999
      vertex 11.014 72.2213 0.599999
    endloop
  endfacet
  facet normal 0 0 -1
    outer loop
      vertex 11.9749 72.9108 0.599999
      vertex 10.7533 74.0338 0.599999
      vertex 11.1662 74.4467 0.599999
    endloop
  endfacet
  facet normal 0 0 -1
    outer loop
      vertex 11.5149 72.5376 0.599999
      vertex 10.7462 74.0288 0.599999
      vertex 10.7533 74.0338 0.599999
    endloop
  endfacet
  facet normal 0 0 -1
    outer loop
      vertex 10.275 73.6988 0.599999
      vertex 11.014 72.2213 0.599999
      vertex 10.4791 71.9666 0.599999
    endloop
  endfacet
  facet normal 0 0 -1
    outer loop
      vertex 11.5149 72.5376 0.599999
      vertex 10.275 73.6988 0.599999
      vertex 10.7462 74.0288 0.599999
    endloop
  endfacet
  facet normal 0 0 -1
    outer loop
      vertex 9.73735 73.4498 0.599999
      vertex 10.4791 71.9666 0.599999
      vertex 9.91794 71.7768 0.599999
    endloop
  endfacet
  facet normal 0 0 -1
    outer loop
      vertex 10.4791 71.9666 0.599999
      vertex 9.75367 73.4557 0.599999
      vertex 10.275 73.6988 0.599999
    endloop
  endfacet
  facet normal 0 0 -1
    outer loop
      vertex 10.4791 71.9666 0.599999
      vertex 9.74577 73.452 0.599999
      vertex 9.75367 73.4557 0.599999
    endloop
  endfacet
  facet normal 0 0 -1
    outer loop
      vertex 10.4791 71.9666 0.599999
      vertex 9.73735 73.4498 0.599999
      vertex 9.74577 73.452 0.599999
    endloop
  endfacet
  facet normal 0 0 -1
    outer loop
      vertex 9.18172 73.3009 0.599999
      vertex 9.91794 71.7768 0.599999
      vertex 9.33823 71.6548 0.599999
    endloop
  endfacet
  facet normal 0 0 -1
    outer loop
      vertex 9.91794 71.7768 0.599999
      vertex 9.18172 73.3009 0.599999
      vertex 9.73735 73.4498 0.599999
    endloop
  endfacet
  facet normal 0 0 -1
    outer loop
      vertex 8.74817 71.6022 0.599999
      vertex 9.18172 73.3009 0.599999
      vertex 9.33823 71.6548 0.599999
    endloop
  endfacet
  facet normal 0 0 -1
    outer loop
      vertex 8.74817 71.6022 0.599999
      vertex 8.60868 73.2508 0.599999
      vertex 9.18172 73.3009 0.599999
    endloop
  endfacet
  facet normal 0 0 -1
    outer loop
      vertex 8.74817 71.6022 0.599999
      vertex 8.6 73.25 0.599999
      vertex 8.60868 73.2508 0.599999
    endloop
  endfacet
  facet normal 0 0 -1
    outer loop
      vertex 8.74817 71.6022 0.599999
      vertex 8.59132 73.2508 0.599999
      vertex 8.6 73.25 0.599999
    endloop
  endfacet
  facet normal 0 0 -1
    outer loop
      vertex 8.15602 71.6198 0.599999
      vertex 8.59132 73.2508 0.599999
      vertex 8.74817 71.6022 0.599999
    endloop
  endfacet
  facet normal 0 0 -1
    outer loop
      vertex 8.15602 71.6198 0.599999
      vertex 8.01828 73.3009 0.599999
      vertex 8.59132 73.2508 0.599999
    endloop
  endfacet
  facet normal 0 0 -1
    outer loop
      vertex 7.57011 71.7072 0.599999
      vertex 8.01828 73.3009 0.599999
      vertex 8.15602 71.6198 0.599999
    endloop
  endfacet
  facet normal 0 0 -1
    outer loop
      vertex 7.57011 71.7072 0.599999
      vertex 7.46265 73.4498 0.599999
      vertex 8.01828 73.3009 0.599999
    endloop
  endfacet
  facet normal 0 0 -1
    outer loop
      vertex 6.99865 71.8634 0.599999
      vertex 7.46265 73.4498 0.599999
      vertex 7.57011 71.7072 0.599999
    endloop
  endfacet
  facet normal -0 0 -1
    outer loop
      vertex 7.46265 73.4498 0.599999
      vertex 6.99865 71.8634 0.599999
      vertex 7.45423 73.452 0.599999
    endloop
  endfacet
  facet normal -0 0 -1
    outer loop
      vertex 7.45423 73.452 0.599999
      vertex 6.99865 71.8634 0.599999
      vertex 7.44633 73.4557 0.599999
    endloop
  endfacet
  facet normal 0 0 -1
    outer loop
      vertex 6.44967 72.086 0.599999
      vertex 7.44633 73.4557 0.599999
      vertex 6.99865 71.8634 0.599999
    endloop
  endfacet
  facet normal -0 0 -1
    outer loop
      vertex 7.44633 73.4557 0.599999
      vertex 6.44967 72.086 0.599999
      vertex 6.925 73.6988 0.599999
    endloop
  endfacet
  facet normal 0 0 -1
    outer loop
      vertex 5.93088 72.372 0.599999
      vertex 6.925 73.6988 0.599999
      vertex 6.44967 72.086 0.599999
    endloop
  endfacet
  facet normal -0 0 -1
    outer loop
      vertex 6.925 73.6988 0.599999
      vertex 5.93088 72.372 0.599999
      vertex 6.91786 73.7038 0.599999
    endloop
  endfacet
  facet normal -0 0 -1
    outer loop
      vertex 6.91786 73.7038 0.599999
      vertex 5.93088 72.372 0.599999
      vertex 6.44666 74.0338 0.599999
    endloop
  endfacet
  facet normal 0 0 -1
    outer loop
      vertex 5.44956 72.7174 0.599999
      vertex 6.44666 74.0338 0.599999
      vertex 5.93088 72.372 0.599999
    endloop
  endfacet
  facet normal 0 0 -1
    outer loop
      vertex 5.01246 73.1172 0.599999
      vertex 6.44666 74.0338 0.599999
      vertex 5.44956 72.7174 0.599999
    endloop
  endfacet
  facet normal -0 0 -1
    outer loop
      vertex 6.44666 74.0338 0.599999
      vertex 5.01246 73.1172 0.599999
      vertex 6.03375 74.4467 0.599999
    endloop
  endfacet
  facet normal 0 0 -1
    outer loop
      vertex 4.62573 73.566 0.599999
      vertex 6.03375 74.4467 0.599999
      vertex 5.01246 73.1172 0.599999
    endloop
  endfacet
  facet normal -0 0 -1
    outer loop
      vertex 6.03375 74.4467 0.599999
      vertex 4.62573 73.566 0.599999
      vertex 5.70381 74.9179 0.599999
    endloop
  endfacet
  facet normal 0 0 -1
    outer loop
      vertex 4.29478 74.0573 0.599999
      vertex 5.70381 74.9179 0.599999
      vertex 4.62573 73.566 0.599999
    endloop
  endfacet
  facet normal -0 0 -1
    outer loop
      vertex 5.70381 74.9179 0.599999
      vertex 4.29478 74.0573 0.599999
      vertex 5.69881 74.925 0.599999
    endloop
  endfacet
  facet normal 0 0 -1
    outer loop
      vertex 4.02427 74.5844 0.599999
      vertex 5.69881 74.925 0.599999
      vertex 4.29478 74.0573 0.599999
    endloop
  endfacet
  facet normal -0 0 -1
    outer loop
      vertex 5.69881 74.925 0.599999
      vertex 4.02427 74.5844 0.599999
      vertex 5.45571 75.4463 0.599999
    endloop
  endfacet
  facet normal -0 0 -1
    outer loop
      vertex 5.45571 75.4463 0.599999
      vertex 4.02427 74.5844 0.599999
      vertex 5.45203 75.4542 0.599999
    endloop
  endfacet
  facet normal 0 0 -1
    outer loop
      vertex 3.818 75.1397 0.599999
      vertex 5.45203 75.4542 0.599999
      vertex 4.02427 74.5844 0.599999
    endloop
  endfacet
  facet normal -0 0 -1
    outer loop
      vertex 13.2871 78.341 0.599999
      vertex 11.748 77.7458 0.599999
      vertex 13.0483 78.8831 0.599999
    endloop
  endfacet
  facet normal 0 0 -1
    outer loop
      vertex 11.5049 78.2671 0.599999
      vertex 13.0483 78.8831 0.599999
      vertex 11.748 77.7458 0.599999
    endloop
  endfacet
  facet normal 0 0 -1
    outer loop
      vertex 11.5012 78.275 0.599999
      vertex 13.0483 78.8831 0.599999
      vertex 11.5049 78.2671 0.599999
    endloop
  endfacet
  facet normal -0 0 -1
    outer loop
      vertex 13.0483 78.8831 0.599999
      vertex 11.5012 78.275 0.599999
      vertex 12.747 79.3932 0.599999
    endloop
  endfacet
  facet normal 0 0 -1
    outer loop
      vertex 11.1712 78.7462 0.599999
      vertex 12.747 79.3932 0.599999
      vertex 11.5012 78.275 0.599999
    endloop
  endfacet
  facet normal -0 0 -1
    outer loop
      vertex 12.747 79.3932 0.599999
      vertex 11.1712 78.7462 0.599999
      vertex 12.3876 79.8641 0.599999
    endloop
  endfacet
  facet normal 0 0 -1
    outer loop
      vertex 11.1662 78.7533 0.599999
      vertex 12.3876 79.8641 0.599999
      vertex 11.1712 78.7462 0.599999
    endloop
  endfacet
  facet normal -0 0 -1
    outer loop
      vertex 12.3876 79.8641 0.599999
      vertex 11.1662 78.7533 0.599999
      vertex 11.9749 80.2892 0.599999
    endloop
  endfacet
  facet normal 0 0 -1
    outer loop
      vertex 10.7533 79.1663 0.599999
      vertex 11.9749 80.2892 0.599999
      vertex 11.1662 78.7533 0.599999
    endloop
  endfacet
  facet normal -0 0 -1
    outer loop
      vertex 11.9749 80.2892 0.599999
      vertex 10.7533 79.1663 0.599999
      vertex 11.5149 80.6624 0.599999
    endloop
  endfacet
  facet normal 0 0 -1
    outer loop
      vertex 10.7462 79.1712 0.599999
      vertex 11.5149 80.6624 0.599999
      vertex 10.7533 79.1663 0.599999
    endloop
  endfacet
  facet normal 0 0 -1
    outer loop
      vertex 10.275 79.5012 0.599999
      vertex 11.5149 80.6624 0.599999
      vertex 10.7462 79.1712 0.599999
    endloop
  endfacet
  facet normal -0 0 -1
    outer loop
      vertex 11.5149 80.6624 0.599999
      vertex 10.275 79.5012 0.599999
      vertex 11.014 80.9787 0.599999
    endloop
  endfacet
  facet normal 0 0 -1
    outer loop
      vertex 10.2671 79.5049 0.599999
      vertex 11.014 80.9787 0.599999
      vertex 10.275 79.5012 0.599999
    endloop
  endfacet
  facet normal -0 0 -1
    outer loop
      vertex 11.014 80.9787 0.599999
      vertex 10.2671 79.5049 0.599999
      vertex 10.4791 81.2334 0.599999
    endloop
  endfacet
  facet normal 0 0 -1
    outer loop
      vertex 9.74577 79.748 0.599999
      vertex 10.4791 81.2334 0.599999
      vertex 10.2671 79.5049 0.599999
    endloop
  endfacet
  facet normal -0 0 -1
    outer loop
      vertex 10.4791 81.2334 0.599999
      vertex 9.74577 79.748 0.599999
      vertex 9.91794 81.4232 0.599999
    endloop
  endfacet
  facet normal 0 0 -1
    outer loop
      vertex 9.19014 79.8969 0.599999
      vertex 9.91794 81.4232 0.599999
      vertex 9.74577 79.748 0.599999
    endloop
  endfacet
  facet normal -0 0 -1
    outer loop
      vertex 9.91794 81.4232 0.599999
      vertex 9.19014 79.8969 0.599999
      vertex 9.33823 81.5452 0.599999
    endloop
  endfacet
  facet normal 0 0 -1
    outer loop
      vertex 9.18172 79.8991 0.599999
      vertex 9.33823 81.5452 0.599999
      vertex 9.19014 79.8969 0.599999
    endloop
  endfacet
  facet normal 0 0 -1
    outer loop
      vertex 9.18172 79.8991 0.599999
      vertex 8.74817 81.5978 0.599999
      vertex 9.33823 81.5452 0.599999
    endloop
  endfacet
  facet normal 0 0 -1
    outer loop
      vertex 8.60868 79.9492 0.599999
      vertex 8.74817 81.5978 0.599999
      vertex 9.18172 79.8991 0.599999
    endloop
  endfacet
  facet normal 0 0 -1
    outer loop
      vertex 8.6 79.95 0.599999
      vertex 8.74817 81.5978 0.599999
      vertex 8.60868 79.9492 0.599999
    endloop
  endfacet
  facet normal 0 0 -1
    outer loop
      vertex 8.59132 79.9492 0.599999
      vertex 8.74817 81.5978 0.599999
      vertex 8.6 79.95 0.599999
    endloop
  endfacet
  facet normal 0 0 -1
    outer loop
      vertex 8.59132 79.9492 0.599999
      vertex 8.15602 81.5802 0.599999
      vertex 8.74817 81.5978 0.599999
    endloop
  endfacet
  facet normal 0 0 -1
    outer loop
      vertex 8.01828 79.8991 0.599999
      vertex 8.15602 81.5802 0.599999
      vertex 8.59132 79.9492 0.599999
    endloop
  endfacet
  facet normal 0 0 -1
    outer loop
      vertex 7.57011 81.4928 0.599999
      vertex 8.01828 79.8991 0.599999
      vertex 8.00986 79.8969 0.599999
    endloop
  endfacet
  facet normal 0 0 -1
    outer loop
      vertex 8.01828 79.8991 0.599999
      vertex 7.57011 81.4928 0.599999
      vertex 8.15602 81.5802 0.599999
    endloop
  endfacet
  facet normal 0 0 -1
    outer loop
      vertex 7.45423 79.748 0.599999
      vertex 7.57011 81.4928 0.599999
      vertex 8.00986 79.8969 0.599999
    endloop
  endfacet
  facet normal 0 0 -1
    outer loop
      vertex 7.45423 79.748 0.599999
      vertex 6.99865 81.3366 0.599999
      vertex 7.57011 81.4928 0.599999
    endloop
  endfacet
  facet normal 0 0 -1
    outer loop
      vertex 6.44967 81.114 0.599999
      vertex 7.45423 79.748 0.599999
      vertex 6.9329 79.5049 0.599999
    endloop
  endfacet
  facet normal 0 0 -1
    outer loop
      vertex 6.44967 81.114 0.599999
      vertex 6.9329 79.5049 0.599999
      vertex 6.925 79.5012 0.599999
    endloop
  endfacet
  facet normal 0 0 -1
    outer loop
      vertex 5.93088 80.828 0.599999
      vertex 6.925 79.5012 0.599999
      vertex 6.91786 79.4962 0.599999
    endloop
  endfacet
  facet normal 0 0 -1
    outer loop
      vertex 7.45423 79.748 0.599999
      vertex 6.44967 81.114 0.599999
      vertex 6.99865 81.3366 0.599999
    endloop
  endfacet
  facet normal 0 0 -1
    outer loop
      vertex 5.93088 80.828 0.599999
      vertex 6.91786 79.4962 0.599999
      vertex 6.44666 79.1663 0.599999
    endloop
  endfacet
  facet normal 0 0 -1
    outer loop
      vertex 5.01246 80.0828 0.599999
      vertex 6.44666 79.1663 0.599999
      vertex 6.03375 78.7533 0.599999
    endloop
  endfacet
  facet normal 0 0 -1
    outer loop
      vertex 4.62573 79.634 0.599999
      vertex 6.03375 78.7533 0.599999
      vertex 6.02875 78.7462 0.599999
    endloop
  endfacet
  facet normal 0 0 -1
    outer loop
      vertex 6.925 79.5012 0.599999
      vertex 5.93088 80.828 0.599999
      vertex 6.44967 81.114 0.599999
    endloop
  endfacet
  facet normal 0 0 -1
    outer loop
      vertex 4.62573 79.634 0.599999
      vertex 6.02875 78.7462 0.599999
      vertex 5.69881 78.275 0.599999
    endloop
  endfacet
  facet normal 0 0 -1
    outer loop
      vertex 4.02427 78.6156 0.599999
      vertex 5.69881 78.275 0.599999
      vertex 5.45571 77.7537 0.599999
    endloop
  endfacet
  facet normal 0 0 -1
    outer loop
      vertex 4.02427 78.6156 0.599999
      vertex 5.45571 77.7537 0.599999
      vertex 5.45203 77.7458 0.599999
    endloop
  endfacet
  facet normal 0 0 -1
    outer loop
      vertex 3.818 78.0603 0.599999
      vertex 5.45203 77.7458 0.599999
      vertex 5.44977 77.7374 0.599999
    endloop
  endfacet
  facet normal 0 0 -1
    outer loop
      vertex 6.44666 79.1663 0.599999
      vertex 5.44956 80.4826 0.599999
      vertex 5.93088 80.828 0.599999
    endloop
  endfacet
  facet normal 0 0 -1
    outer loop
      vertex 3.818 78.0603 0.599999
      vertex 5.44977 77.7374 0.599999
      vertex 5.30089 77.1817 0.599999
    endloop
  endfacet
  facet normal 0 0 -1
    outer loop
      vertex 3.60878 76.8962 0.599999
      vertex 5.30089 77.1817 0.599999
      vertex 5.25076 76.6087 0.599999
    endloop
  endfacet
  facet normal 0 0 -1
    outer loop
      vertex 3.60878 76.8962 0.599999
      vertex 5.25076 76.6087 0.599999
      vertex 5.25 76.6 0.599999
    endloop
  endfacet
  facet normal -0 0 -1
    outer loop
      vertex 5.45203 75.4542 0.599999
      vertex 3.818 75.1397 0.599999
      vertex 5.44977 75.4627 0.599999
    endloop
  endfacet
  facet normal 0 0 -1
    outer loop
      vertex 6.44666 79.1663 0.599999
      vertex 5.01246 80.0828 0.599999
      vertex 5.44956 80.4826 0.599999
    endloop
  endfacet
  facet normal -0 0 -1
    outer loop
      vertex 5.44977 75.4627 0.599999
      vertex 3.818 75.1397 0.599999
      vertex 5.30089 76.0183 0.599999
    endloop
  endfacet
  facet normal 0 0 -1
    outer loop
      vertex 6.03375 78.7533 0.599999
      vertex 4.62573 79.634 0.599999
      vertex 5.01246 80.0828 0.599999
    endloop
  endfacet
  facet normal 0 0 -1
    outer loop
      vertex 3.67885 75.7155 0.599999
      vertex 5.30089 76.0183 0.599999
      vertex 3.818 75.1397 0.599999
    endloop
  endfacet
  facet normal 0 0 -1
    outer loop
      vertex 5.69881 78.275 0.599999
      vertex 4.29478 79.1427 0.599999
      vertex 4.62573 79.634 0.599999
    endloop
  endfacet
  facet normal 0 0 -1
    outer loop
      vertex 3.60878 76.3038 0.599999
      vertex 5.30089 76.0183 0.599999
      vertex 3.67885 75.7155 0.599999
    endloop
  endfacet
  facet normal 0 0 -1
    outer loop
      vertex 5.69881 78.275 0.599999
      vertex 4.02427 78.6156 0.599999
      vertex 4.29478 79.1427 0.599999
    endloop
  endfacet
  facet normal 0 0 -1
    outer loop
      vertex 5.30089 76.0183 0.599999
      vertex 3.60878 76.3038 0.599999
      vertex 5.25076 76.5913 0.599999
    endloop
  endfacet
  facet normal 0 0 -1
    outer loop
      vertex 5.45203 77.7458 0.599999
      vertex 3.818 78.0603 0.599999
      vertex 4.02427 78.6156 0.599999
    endloop
  endfacet
  facet normal -0 0 -1
    outer loop
      vertex 5.25076 76.5913 0.599999
      vertex 3.60878 76.3038 0.599999
      vertex 5.25 76.6 0.599999
    endloop
  endfacet
  facet normal 0 0 -1
    outer loop
      vertex 5.30089 77.1817 0.599999
      vertex 3.67885 77.4845 0.599999
      vertex 3.818 78.0603 0.599999
    endloop
  endfacet
  facet normal 0 0 -1
    outer loop
      vertex 3.60878 76.8962 0.599999
      vertex 5.25 76.6 0.599999
      vertex 3.60878 76.3038 0.599999
    endloop
  endfacet
  facet normal -0 0 -1
    outer loop
      vertex 5.30089 77.1817 0.599999
      vertex 3.60878 76.8962 0.599999
      vertex 3.67885 77.4845 0.599999
    endloop
  endfacet
  facet normal 0.757549 0.652778 0
    outer loop
      vertex 5.01246 73.1172 0.599999
      vertex 4.62573 73.566 0
      vertex 4.62573 73.566 0.599999
    endloop
  endfacet
  facet normal 0.757549 0.652778 0
    outer loop
      vertex 4.62573 73.566 0
      vertex 5.01246 73.1172 0.599999
      vertex 5.01246 73.1172 0
    endloop
  endfacet
  facet normal -0.429914 -0.90287 0
    outer loop
      vertex 10.4791 81.2334 0
      vertex 11.014 80.9787 0.599999
      vertex 10.4791 81.2334 0.599999
    endloop
  endfacet
  facet normal -0.429914 -0.90287 -0
    outer loop
      vertex 11.014 80.9787 0.599999
      vertex 10.4791 81.2334 0
      vertex 11.014 80.9787 0
    endloop
  endfacet
  facet normal 0.482781 -0.875741 0
    outer loop
      vertex 5.93088 80.828 0
      vertex 6.44967 81.114 0.599999
      vertex 5.93088 80.828 0.599999
    endloop
  endfacet
  facet normal 0.482781 -0.875741 0
    outer loop
      vertex 6.44967 81.114 0.599999
      vertex 5.93088 80.828 0
      vertex 6.44967 81.114 0
    endloop
  endfacet
  facet normal 0.583025 -0.812454 0
    outer loop
      vertex 5.44956 80.4826 0
      vertex 5.93088 80.828 0.599999
      vertex 5.44956 80.4826 0.599999
    endloop
  endfacet
  facet normal 0.583025 -0.812454 0
    outer loop
      vertex 5.93088 80.828 0.599999
      vertex 5.44956 80.4826 0
      vertex 5.93088 80.828 0
    endloop
  endfacet
  facet normal 0.482781 0.875741 -0
    outer loop
      vertex 6.44967 72.086 0
      vertex 5.93088 72.372 0.599999
      vertex 6.44967 72.086 0.599999
    endloop
  endfacet
  facet normal 0.482781 0.875741 0
    outer loop
      vertex 5.93088 72.372 0.599999
      vertex 6.44967 72.086 0
      vertex 5.93088 72.372 0
    endloop
  endfacet
  facet normal -0.630033 -0.776568 0
    outer loop
      vertex 11.5149 80.6624 0
      vertex 11.9749 80.2892 0.599999
      vertex 11.5149 80.6624 0.599999
    endloop
  endfacet
  facet normal -0.630033 -0.776568 -0
    outer loop
      vertex 11.9749 80.2892 0.599999
      vertex 11.5149 80.6624 0
      vertex 11.9749 80.2892 0
    endloop
  endfacet
  facet normal -0.956412 0.292021 0
    outer loop
      vertex 13.2871 74.859 0
      vertex 13.4601 75.4256 0.599999
      vertex 13.4601 75.4256 0
    endloop
  endfacet
  facet normal -0.956412 0.292021 0
    outer loop
      vertex 13.4601 75.4256 0.599999
      vertex 13.2871 74.859 0
      vertex 13.2871 74.859 0.599999
    endloop
  endfacet
  facet normal 0.674922 0.737889 -0
    outer loop
      vertex 5.44956 72.7174 0
      vertex 5.01246 73.1172 0.599999
      vertex 5.44956 72.7174 0.599999
    endloop
  endfacet
  facet normal 0.674922 0.737889 0
    outer loop
      vertex 5.01246 73.1172 0.599999
      vertex 5.44956 72.7174 0
      vertex 5.01246 73.1172 0
    endloop
  endfacet
  facet normal -0.320398 0.947283 0
    outer loop
      vertex 10.4791 71.9666 0
      vertex 9.91794 71.7768 0.599999
      vertex 10.4791 71.9666 0.599999
    endloop
  endfacet
  facet normal -0.320398 0.947283 0
    outer loop
      vertex 9.91794 71.7768 0.599999
      vertex 10.4791 71.9666 0
      vertex 9.91794 71.7768 0
    endloop
  endfacet
  facet normal 0.972019 -0.234902 0
    outer loop
      vertex 3.67885 77.4845 0.599999
      vertex 3.818 78.0603 0
      vertex 3.818 78.0603 0.599999
    endloop
  endfacet
  facet normal 0.972019 -0.234902 0
    outer loop
      vertex 3.818 78.0603 0
      vertex 3.67885 77.4845 0.599999
      vertex 3.67885 77.4845 0
    endloop
  endfacet
  facet normal -0.533923 0.845533 0
    outer loop
      vertex 11.5149 72.5376 0
      vertex 11.014 72.2213 0.599999
      vertex 11.5149 72.5376 0.599999
    endloop
  endfacet
  facet normal -0.533923 0.845533 0
    outer loop
      vertex 11.014 72.2213 0.599999
      vertex 11.5149 72.5376 0
      vertex 11.014 72.2213 0
    endloop
  endfacet
  facet normal 0.992981 0.11827 0
    outer loop
      vertex 3.67885 75.7155 0.599999
      vertex 3.60878 76.3038 0
      vertex 3.60878 76.3038 0.599999
    endloop
  endfacet
  facet normal 0.992981 0.11827 0
    outer loop
      vertex 3.60878 76.3038 0
      vertex 3.67885 75.7155 0.599999
      vertex 3.67885 75.7155 0
    endloop
  endfacet
  facet normal -0.915143 -0.403129 0
    outer loop
      vertex 13.2871 78.341 0
      vertex 13.0483 78.8831 0.599999
      vertex 13.0483 78.8831 0
    endloop
  endfacet
  facet normal -0.915143 -0.403129 0
    outer loop
      vertex 13.0483 78.8831 0.599999
      vertex 13.2871 78.341 0
      vertex 13.2871 78.341 0.599999
    endloop
  endfacet
  facet normal 0.375764 0.926715 -0
    outer loop
      vertex 6.99865 71.8634 0
      vertex 6.44967 72.086 0.599999
      vertex 6.99865 71.8634 0.599999
    endloop
  endfacet
  facet normal 0.375764 0.926715 0
    outer loop
      vertex 6.44967 72.086 0.599999
      vertex 6.99865 71.8634 0
      vertex 6.44967 72.086 0
    endloop
  endfacet
  facet normal 0.992981 -0.11827 0
    outer loop
      vertex 3.60878 76.8962 0.599999
      vertex 3.67885 77.4845 0
      vertex 3.67885 77.4845 0.599999
    endloop
  endfacet
  facet normal 0.992981 -0.11827 0
    outer loop
      vertex 3.67885 77.4845 0
      vertex 3.60878 76.8962 0.599999
      vertex 3.60878 76.8962 0
    endloop
  endfacet
  facet normal 0.583025 0.812454 -0
    outer loop
      vertex 5.93088 72.372 0
      vertex 5.44956 72.7174 0.599999
      vertex 5.93088 72.372 0.599999
    endloop
  endfacet
  facet normal 0.583025 0.812454 0
    outer loop
      vertex 5.44956 72.7174 0.599999
      vertex 5.93088 72.372 0
      vertex 5.44956 72.7174 0
    endloop
  endfacet
  facet normal -0.794928 0.606704 0
    outer loop
      vertex 12.3876 73.3359 0
      vertex 12.747 73.8068 0.599999
      vertex 12.747 73.8068 0
    endloop
  endfacet
  facet normal -0.794928 0.606704 0
    outer loop
      vertex 12.747 73.8068 0.599999
      vertex 12.3876 73.3359 0
      vertex 12.3876 73.3359 0.599999
    endloop
  endfacet
  facet normal 0.829379 -0.558687 0
    outer loop
      vertex 4.29478 79.1427 0.599999
      vertex 4.62573 79.634 0
      vertex 4.62573 79.634 0.599999
    endloop
  endfacet
  facet normal 0.829379 -0.558687 0
    outer loop
      vertex 4.62573 79.634 0
      vertex 4.29478 79.1427 0.599999
      vertex 4.29478 79.1427 0
    endloop
  endfacet
  facet normal 0.972019 0.234902 0
    outer loop
      vertex 3.818 75.1397 0.599999
      vertex 3.67885 75.7155 0
      vertex 3.67885 75.7155 0.599999
    endloop
  endfacet
  facet normal 0.972019 0.234902 0
    outer loop
      vertex 3.67885 75.7155 0
      vertex 3.818 75.1397 0.599999
      vertex 3.818 75.1397 0
    endloop
  endfacet
  facet normal -0.861017 0.508576 0
    outer loop
      vertex 12.747 73.8068 0
      vertex 13.0483 74.3169 0.599999
      vertex 13.0483 74.3169 0
    endloop
  endfacet
  facet normal -0.861017 0.508576 0
    outer loop
      vertex 13.0483 74.3169 0.599999
      vertex 12.747 73.8068 0
      vertex 12.747 73.8068 0.599999
    endloop
  endfacet
  facet normal -0.205939 0.978565 0
    outer loop
      vertex 9.91794 71.7768 0
      vertex 9.33823 71.6548 0.599999
      vertex 9.91794 71.7768 0.599999
    endloop
  endfacet
  facet normal -0.205939 0.978565 0
    outer loop
      vertex 9.33823 71.6548 0.599999
      vertex 9.91794 71.7768 0
      vertex 9.33823 71.6548 0
    endloop
  endfacet
  facet normal -0.0887914 0.99605 0
    outer loop
      vertex 9.33823 71.6548 0
      vertex 8.74817 71.6022 0.599999
      vertex 9.33823 71.6548 0.599999
    endloop
  endfacet
  facet normal -0.0887914 0.99605 0
    outer loop
      vertex 8.74817 71.6022 0.599999
      vertex 9.33823 71.6548 0
      vertex 8.74817 71.6022 0
    endloop
  endfacet
  facet normal -0.630033 0.776568 0
    outer loop
      vertex 11.9749 72.9108 0
      vertex 11.5149 72.5376 0.599999
      vertex 11.9749 72.9108 0.599999
    endloop
  endfacet
  facet normal -0.630033 0.776568 0
    outer loop
      vertex 11.5149 72.5376 0.599999
      vertex 11.9749 72.9108 0
      vertex 11.5149 72.5376 0
    endloop
  endfacet
  facet normal 0.889679 0.456587 0
    outer loop
      vertex 4.29478 74.0573 0.599999
      vertex 4.02427 74.5844 0
      vertex 4.02427 74.5844 0.599999
    endloop
  endfacet
  facet normal 0.889679 0.456587 0
    outer loop
      vertex 4.02427 74.5844 0
      vertex 4.29478 74.0573 0.599999
      vertex 4.29478 74.0573 0
    endloop
  endfacet
  facet normal -0.0887914 -0.99605 0
    outer loop
      vertex 8.74817 81.5978 0
      vertex 9.33823 81.5452 0.599999
      vertex 8.74817 81.5978 0.599999
    endloop
  endfacet
  facet normal -0.0887914 -0.99605 -0
    outer loop
      vertex 9.33823 81.5452 0.599999
      vertex 8.74817 81.5978 0
      vertex 9.33823 81.5452 0
    endloop
  endfacet
  facet normal 0.889679 -0.456587 0
    outer loop
      vertex 4.02427 78.6156 0.599999
      vertex 4.29478 79.1427 0
      vertex 4.29478 79.1427 0.599999
    endloop
  endfacet
  facet normal 0.889679 -0.456587 0
    outer loop
      vertex 4.29478 79.1427 0
      vertex 4.02427 78.6156 0.599999
      vertex 4.02427 78.6156 0
    endloop
  endfacet
  facet normal -0.205939 -0.978565 0
    outer loop
      vertex 9.33823 81.5452 0
      vertex 9.91794 81.4232 0.599999
      vertex 9.33823 81.5452 0.599999
    endloop
  endfacet
  facet normal -0.205939 -0.978565 -0
    outer loop
      vertex 9.91794 81.4232 0.599999
      vertex 9.33823 81.5452 0
      vertex 9.91794 81.4232 0
    endloop
  endfacet
  facet normal 1 -0 0
    outer loop
      vertex 3.60878 76.3038 0.599999
      vertex 3.60878 76.8962 0
      vertex 3.60878 76.8962 0.599999
    endloop
  endfacet
  facet normal 1 0 0
    outer loop
      vertex 3.60878 76.8962 0
      vertex 3.60878 76.3038 0.599999
      vertex 3.60878 76.3038 0
    endloop
  endfacet
  facet normal 0.147537 0.989057 -0
    outer loop
      vertex 8.15602 71.6198 0
      vertex 7.57011 71.7072 0.599999
      vertex 8.15602 71.6198 0.599999
    endloop
  endfacet
  facet normal 0.147537 0.989057 0
    outer loop
      vertex 7.57011 71.7072 0.599999
      vertex 8.15602 71.6198 0
      vertex 7.57011 71.7072 0
    endloop
  endfacet
  facet normal -0.866176 -0.49974 0
    outer loop
      vertex 123.197 9.18143 2.25
      vertex 122.902 9.69274 2.5
      vertex 122.902 9.69274 2.25
    endloop
  endfacet
  facet normal -0.866176 -0.49974 0
    outer loop
      vertex 122.902 9.69274 2.5
      vertex 123.197 9.18143 2.25
      vertex 123.197 9.18143 2.5
    endloop
  endfacet
  facet normal -0.984669 -0.174434 0
    outer loop
      vertex 123.3 8.6 2.25
      vertex 123.197 9.18143 2.5
      vertex 123.197 9.18143 2.25
    endloop
  endfacet
  facet normal -0.984669 -0.174434 0
    outer loop
      vertex 123.197 9.18143 2.5
      vertex 123.3 8.6 2.25
      vertex 123.3 8.6 2.5
    endloop
  endfacet
  facet normal -0.642973 -0.765888 0
    outer loop
      vertex 122.45 10.0722 2.25
      vertex 122.902 9.69274 2.5
      vertex 122.45 10.0722 2.5
    endloop
  endfacet
  facet normal -0.642973 -0.765888 -0
    outer loop
      vertex 122.902 9.69274 2.5
      vertex 122.45 10.0722 2.25
      vertex 122.902 9.69274 2.25
    endloop
  endfacet
  facet normal 0.642973 -0.765888 0
    outer loop
      vertex 120.298 9.69274 2.25
      vertex 120.75 10.0722 2.5
      vertex 120.298 9.69274 2.5
    endloop
  endfacet
  facet normal 0.642973 -0.765888 0
    outer loop
      vertex 120.75 10.0722 2.5
      vertex 120.298 9.69274 2.25
      vertex 120.75 10.0722 2.25
    endloop
  endfacet
  facet normal 0.984669 0.174434 0
    outer loop
      vertex 120.003 8.01857 2.5
      vertex 119.9 8.6 2.25
      vertex 119.9 8.6 2.5
    endloop
  endfacet
  facet normal 0.984669 0.174434 0
    outer loop
      vertex 119.9 8.6 2.25
      vertex 120.003 8.01857 2.5
      vertex 120.003 8.01857 2.25
    endloop
  endfacet
  facet normal 0 -1 0
    outer loop
      vertex 121.305 10.2742 2.25
      vertex 121.895 10.2742 2.5
      vertex 121.305 10.2742 2.5
    endloop
  endfacet
  facet normal 0 -1 -0
    outer loop
      vertex 121.895 10.2742 2.5
      vertex 121.305 10.2742 2.25
      vertex 121.895 10.2742 2.25
    endloop
  endfacet
  facet normal -0.342015 -0.939695 0
    outer loop
      vertex 121.895 10.2742 2.25
      vertex 122.45 10.0722 2.5
      vertex 121.895 10.2742 2.5
    endloop
  endfacet
  facet normal -0.342015 -0.939695 -0
    outer loop
      vertex 122.45 10.0722 2.5
      vertex 121.895 10.2742 2.25
      vertex 122.45 10.0722 2.25
    endloop
  endfacet
  facet normal 0.34191 0.939733 -0
    outer loop
      vertex 121.305 6.92583 2.25
      vertex 120.75 7.12776 2.5
      vertex 121.305 6.92583 2.5
    endloop
  endfacet
  facet normal 0.34191 0.939733 0
    outer loop
      vertex 120.75 7.12776 2.5
      vertex 121.305 6.92583 2.25
      vertex 120.75 7.12776 2.25
    endloop
  endfacet
  facet normal -0.34191 0.939733 0
    outer loop
      vertex 122.45 7.12776 2.25
      vertex 121.895 6.92583 2.5
      vertex 122.45 7.12776 2.5
    endloop
  endfacet
  facet normal -0.34191 0.939733 0
    outer loop
      vertex 121.895 6.92583 2.5
      vertex 122.45 7.12776 2.25
      vertex 121.895 6.92583 2.25
    endloop
  endfacet
  facet normal -0.984669 0.174434 0
    outer loop
      vertex 123.197 8.01857 2.25
      vertex 123.3 8.6 2.5
      vertex 123.3 8.6 2.25
    endloop
  endfacet
  facet normal -0.984669 0.174434 0
    outer loop
      vertex 123.3 8.6 2.5
      vertex 123.197 8.01857 2.25
      vertex 123.197 8.01857 2.5
    endloop
  endfacet
  facet normal -0.866176 0.49974 0
    outer loop
      vertex 122.902 7.50726 2.25
      vertex 123.197 8.01857 2.5
      vertex 123.197 8.01857 2.25
    endloop
  endfacet
  facet normal -0.866176 0.49974 0
    outer loop
      vertex 123.197 8.01857 2.5
      vertex 122.902 7.50726 2.25
      vertex 122.902 7.50726 2.5
    endloop
  endfacet
  facet normal 0.866176 -0.49974 0
    outer loop
      vertex 120.003 9.18143 2.5
      vertex 120.298 9.69274 2.25
      vertex 120.298 9.69274 2.5
    endloop
  endfacet
  facet normal 0.866176 -0.49974 0
    outer loop
      vertex 120.298 9.69274 2.25
      vertex 120.003 9.18143 2.5
      vertex 120.003 9.18143 2.25
    endloop
  endfacet
  facet normal 0 1 -0
    outer loop
      vertex 121.895 6.92583 2.25
      vertex 121.305 6.92583 2.5
      vertex 121.895 6.92583 2.5
    endloop
  endfacet
  facet normal 0 1 0
    outer loop
      vertex 121.305 6.92583 2.5
      vertex 121.895 6.92583 2.25
      vertex 121.305 6.92583 2.25
    endloop
  endfacet
  facet normal 0.984669 -0.174434 0
    outer loop
      vertex 119.9 8.6 2.5
      vertex 120.003 9.18143 2.25
      vertex 120.003 9.18143 2.5
    endloop
  endfacet
  facet normal 0.984669 -0.174434 0
    outer loop
      vertex 120.003 9.18143 2.25
      vertex 119.9 8.6 2.5
      vertex 119.9 8.6 2.25
    endloop
  endfacet
  facet normal 0.342015 -0.939695 0
    outer loop
      vertex 120.75 10.0722 2.25
      vertex 121.305 10.2742 2.5
      vertex 120.75 10.0722 2.5
    endloop
  endfacet
  facet normal 0.342015 -0.939695 0
    outer loop
      vertex 121.305 10.2742 2.5
      vertex 120.75 10.0722 2.25
      vertex 121.305 10.2742 2.25
    endloop
  endfacet
  facet normal -0.643013 0.765855 0
    outer loop
      vertex 122.902 7.50726 2.25
      vertex 122.45 7.12776 2.5
      vertex 122.902 7.50726 2.5
    endloop
  endfacet
  facet normal -0.643013 0.765855 0
    outer loop
      vertex 122.45 7.12776 2.5
      vertex 122.902 7.50726 2.25
      vertex 122.45 7.12776 2.25
    endloop
  endfacet
  facet normal 0.866176 0.49974 0
    outer loop
      vertex 120.298 7.50726 2.5
      vertex 120.003 8.01857 2.25
      vertex 120.003 8.01857 2.5
    endloop
  endfacet
  facet normal 0.866176 0.49974 0
    outer loop
      vertex 120.003 8.01857 2.25
      vertex 120.298 7.50726 2.5
      vertex 120.298 7.50726 2.25
    endloop
  endfacet
  facet normal 0.643013 0.765855 -0
    outer loop
      vertex 120.75 7.12776 2.25
      vertex 120.298 7.50726 2.5
      vertex 120.75 7.12776 2.5
    endloop
  endfacet
  facet normal 0.643013 0.765855 0
    outer loop
      vertex 120.298 7.50726 2.5
      vertex 120.75 7.12776 2.25
      vertex 120.298 7.50726 2.25
    endloop
  endfacet
  facet normal -0.684169 -0.18347 -0.705869
    outer loop
      vertex 124.748 9.74577 0.599999
      vertex 124.897 9.19014 0.599999
      vertex 123.197 9.18143 2.25
    endloop
  endfacet
  facet normal 0.705765 -0.0615808 -0.705765
    outer loop
      vertex 118.301 9.18172 0.599999
      vertex 119.926 8.8952 2.25
      vertex 118.251 8.60868 0.599999
    endloop
  endfacet
  facet normal -0.684169 0.18347 -0.705869
    outer loop
      vertex 124.897 8.00986 0.599999
      vertex 124.748 7.45423 0.599999
      vertex 123.197 8.01857 2.25
    endloop
  endfacet
  facet normal -0.704772 -0.081195 -0.704772
    outer loop
      vertex 123.3 8.6 2.25
      vertex 124.949 8.60868 0.599999
      vertex 124.95 8.6 0.599999
    endloop
  endfacet
  facet normal -0.70579 -0.0621631 -0.705689
    outer loop
      vertex 124.949 8.60868 0.599999
      vertex 123.3 8.6 2.25
      vertex 123.274 8.8952 2.25
    endloop
  endfacet
  facet normal -0.705765 -0.0615808 -0.705765
    outer loop
      vertex 124.899 9.18172 0.599999
      vertex 124.949 8.60868 0.599999
      vertex 123.274 8.8952 2.25
    endloop
  endfacet
  facet normal -0.580289 -0.406399 -0.705765
    outer loop
      vertex 124.171 10.7462 0.599999
      vertex 124.501 10.275 0.599999
      vertex 123.072 9.45 2.25
    endloop
  endfacet
  facet normal 0.183485 0.68427 -0.705768
    outer loop
      vertex 120.463 5.44977 0.599999
      vertex 121.019 7.00252 2.25
      vertex 121.305 6.92583 2.25
    endloop
  endfacet
  facet normal 0.172665 0.687603 -0.705258
    outer loop
      vertex 121.019 7.00252 2.25
      vertex 120.463 5.44977 0.599999
      vertex 120.454 5.45203 0.599999
    endloop
  endfacet
  facet normal -0.642246 -0.298919 -0.705809
    outer loop
      vertex 123.072 9.45 2.25
      vertex 124.505 10.2671 0.599999
      vertex 123.197 9.18143 2.25
    endloop
  endfacet
  facet normal -0.631316 -0.319654 -0.706584
    outer loop
      vertex 124.505 10.2671 0.599999
      vertex 123.072 9.45 2.25
      vertex 124.501 10.275 0.599999
    endloop
  endfacet
  facet normal 0.684269 -0.183496 -0.705765
    outer loop
      vertex 118.45 9.73735 0.599999
      vertex 119.926 8.8952 2.25
      vertex 118.301 9.18172 0.599999
    endloop
  endfacet
  facet normal 0.501692 0.500399 -0.705625
    outer loop
      vertex 119.447 6.03375 0.599999
      vertex 120.298 7.50726 2.25
      vertex 120.507 7.29772 2.25
    endloop
  endfacet
  facet normal 0.500897 0.501006 -0.705758
    outer loop
      vertex 120.298 7.50726 2.25
      vertex 119.447 6.03375 0.599999
      vertex 119.034 6.44666 0.599999
    endloop
  endfacet
  facet normal 0.183147 -0.684341 -0.705787
    outer loop
      vertex 121.01 11.8968 0.599999
      vertex 121.019 10.1975 2.25
      vertex 120.454 11.748 0.599999
    endloop
  endfacet
  facet normal 0 -0 -1
    outer loop
      vertex 120.507 9.90228 2.25
      vertex 120.75 10.0722 2.25
      vertex 120.298 9.69274 2.25
    endloop
  endfacet
  facet normal 0 0 -1
    outer loop
      vertex 123.3 8.6 2.25
      vertex 123.274 8.3048 2.25
      vertex 123.197 8.01857 2.25
    endloop
  endfacet
  facet normal -0 -0 -1
    outer loop
      vertex 123.274 8.8952 2.25
      vertex 123.3 8.6 2.25
      vertex 123.197 9.18143 2.25
    endloop
  endfacet
  facet normal 0 -0 -1
    outer loop
      vertex 121.019 10.1975 2.25
      vertex 121.305 10.2742 2.25
      vertex 120.75 10.0722 2.25
    endloop
  endfacet
  facet normal 0 0 -1
    outer loop
      vertex 120.298 7.50726 2.25
      vertex 120.128 7.75 2.25
      vertex 120.003 8.01857 2.25
    endloop
  endfacet
  facet normal 0 0 -1
    outer loop
      vertex 123.197 8.01857 2.25
      vertex 123.072 7.75 2.25
      vertex 122.902 7.50726 2.25
    endloop
  endfacet
  facet normal -0 -0 -1
    outer loop
      vertex 122.181 10.1975 2.25
      vertex 122.45 10.0722 2.25
      vertex 121.895 10.2742 2.25
    endloop
  endfacet
  facet normal -0 -0 -1
    outer loop
      vertex 122.693 9.90228 2.25
      vertex 122.902 9.69274 2.25
      vertex 122.45 10.0722 2.25
    endloop
  endfacet
  facet normal -0 -0 -1
    outer loop
      vertex 123.072 9.45 2.25
      vertex 123.197 9.18143 2.25
      vertex 122.902 9.69274 2.25
    endloop
  endfacet
  facet normal 0 0 -1
    outer loop
      vertex 120.75 7.12776 2.25
      vertex 120.507 7.29772 2.25
      vertex 120.298 7.50726 2.25
    endloop
  endfacet
  facet normal 0 -0 -1
    outer loop
      vertex 119.926 8.8952 2.25
      vertex 120.003 9.18143 2.25
      vertex 119.9 8.6 2.25
    endloop
  endfacet
  facet normal 0 -0 -1
    outer loop
      vertex 120.128 9.45 2.25
      vertex 120.298 9.69274 2.25
      vertex 120.003 9.18143 2.25
    endloop
  endfacet
  facet normal 0 0 -1
    outer loop
      vertex 121.305 6.92583 2.25
      vertex 121.019 7.00252 2.25
      vertex 120.75 7.12776 2.25
    endloop
  endfacet
  facet normal -0 0 -1
    outer loop
      vertex 121.895 6.92583 2.25
      vertex 121.6 6.9 2.25
      vertex 121.305 6.92583 2.25
    endloop
  endfacet
  facet normal 0 -0 -1
    outer loop
      vertex 121.6 10.3 2.25
      vertex 121.895 10.2742 2.25
      vertex 121.305 10.2742 2.25
    endloop
  endfacet
  facet normal 0 0 -1
    outer loop
      vertex 122.45 7.12776 2.25
      vertex 122.181 7.00252 2.25
      vertex 121.895 6.92583 2.25
    endloop
  endfacet
  facet normal 0 0 -1
    outer loop
      vertex 120.003 8.01857 2.25
      vertex 119.926 8.3048 2.25
      vertex 119.9 8.6 2.25
    endloop
  endfacet
  facet normal 0 0 -1
    outer loop
      vertex 122.902 7.50726 2.25
      vertex 122.693 7.29772 2.25
      vertex 122.45 7.12776 2.25
    endloop
  endfacet
  facet normal -0.500896 -0.501017 -0.705752
    outer loop
      vertex 122.902 9.69274 2.25
      vertex 123.753 11.1662 0.599999
      vertex 124.166 10.7533 0.599999
    endloop
  endfacet
  facet normal -0.501697 -0.500404 -0.705617
    outer loop
      vertex 123.753 11.1662 0.599999
      vertex 122.902 9.69274 2.25
      vertex 122.693 9.90228 2.25
    endloop
  endfacet
  facet normal 0.580289 -0.406399 -0.705765
    outer loop
      vertex 119.029 10.7462 0.599999
      vertex 120.128 9.45 2.25
      vertex 118.699 10.275 0.599999
    endloop
  endfacet
  facet normal 0.684269 0.183496 -0.705765
    outer loop
      vertex 119.926 8.3048 2.25
      vertex 118.45 7.46265 0.599999
      vertex 118.301 8.01828 0.599999
    endloop
  endfacet
  facet normal 0.64224 0.298917 -0.705816
    outer loop
      vertex 118.456 7.44633 0.599999
      vertex 120.003 8.01857 2.25
      vertex 120.128 7.75 2.25
    endloop
  endfacet
  facet normal 0.633022 0.320517 -0.704665
    outer loop
      vertex 120.003 8.01857 2.25
      vertex 118.456 7.44633 0.599999
      vertex 118.452 7.45423 0.599999
    endloop
  endfacet
  facet normal -0.64203 -0.29926 -0.705862
    outer loop
      vertex 124.505 10.2671 0.599999
      vertex 124.748 9.74577 0.599999
      vertex 123.197 9.18143 2.25
    endloop
  endfacet
  facet normal -0.299557 0.641996 -0.705766
    outer loop
      vertex 123.275 5.69881 0.599999
      vertex 122.754 5.45571 0.599999
      vertex 122.45 7.12776 2.25
    endloop
  endfacet
  facet normal 0.642118 0.299301 -0.705764
    outer loop
      vertex 120.128 7.75 2.25
      vertex 118.699 6.925 0.599999
      vertex 118.456 7.44633 0.599999
    endloop
  endfacet
  facet normal -0.64203 0.29926 -0.705862
    outer loop
      vertex 124.748 7.45423 0.599999
      vertex 124.505 6.9329 0.599999
      vertex 123.197 8.01857 2.25
    endloop
  endfacet
  facet normal -0.0627302 -0.705714 -0.705714
    outer loop
      vertex 121.609 11.9492 0.599999
      vertex 121.6 10.3 2.25
      vertex 121.6 11.95 0.599999
    endloop
  endfacet
  facet normal -0.0617242 -0.705761 -0.705756
    outer loop
      vertex 121.6 10.3 2.25
      vertex 121.609 11.9492 0.599999
      vertex 121.895 10.2742 2.25
    endloop
  endfacet
  facet normal 0.405976 -0.580581 -0.705769
    outer loop
      vertex 119.918 11.4962 0.599999
      vertex 120.75 10.0722 2.25
      vertex 120.507 9.90228 2.25
    endloop
  endfacet
  facet normal 0.411952 -0.576733 -0.705461
    outer loop
      vertex 120.75 10.0722 2.25
      vertex 119.918 11.4962 0.599999
      vertex 119.925 11.5012 0.599999
    endloop
  endfacet
  facet normal -0.172665 0.687603 -0.705258
    outer loop
      vertex 122.737 5.44977 0.599999
      vertex 122.181 7.00252 2.25
      vertex 122.746 5.45203 0.599999
    endloop
  endfacet
  facet normal -0.183485 0.68427 -0.705768
    outer loop
      vertex 122.181 7.00252 2.25
      vertex 122.737 5.44977 0.599999
      vertex 121.895 6.92583 2.25
    endloop
  endfacet
  facet normal -0.406473 0.580253 -0.705752
    outer loop
      vertex 123.746 6.02875 0.599999
      vertex 123.275 5.69881 0.599999
      vertex 122.45 7.12776 2.25
    endloop
  endfacet
  facet normal -0.58029 -0.406399 -0.705765
    outer loop
      vertex 122.902 9.69274 2.25
      vertex 124.171 10.7462 0.599999
      vertex 123.072 9.45 2.25
    endloop
  endfacet
  facet normal -0.579169 -0.407865 -0.705839
    outer loop
      vertex 124.171 10.7462 0.599999
      vertex 122.902 9.69274 2.25
      vertex 124.166 10.7533 0.599999
    endloop
  endfacet
  facet normal 0.580289 0.406399 -0.705765
    outer loop
      vertex 120.298 7.50726 2.25
      vertex 119.034 6.44666 0.599999
      vertex 118.704 6.91786 0.599999
    endloop
  endfacet
  facet normal 0.406509 0.580305 -0.705689
    outer loop
      vertex 120.507 7.29772 2.25
      vertex 119.918 5.70381 0.599999
      vertex 119.447 6.03375 0.599999
    endloop
  endfacet
  facet normal -0.631316 0.319654 -0.706584
    outer loop
      vertex 123.072 7.75 2.25
      vertex 124.505 6.9329 0.599999
      vertex 124.501 6.925 0.599999
    endloop
  endfacet
  facet normal -0.642246 0.298919 -0.705809
    outer loop
      vertex 124.505 6.9329 0.599999
      vertex 123.072 7.75 2.25
      vertex 123.197 8.01857 2.25
    endloop
  endfacet
  facet normal 0.406562 -0.580275 -0.705683
    outer loop
      vertex 119.918 11.4962 0.599999
      vertex 120.507 9.90228 2.25
      vertex 119.447 11.1662 0.599999
    endloop
  endfacet
  facet normal 0.0617437 0.705747 -0.705768
    outer loop
      vertex 121.305 6.92583 2.25
      vertex 121.591 5.25076 0.599999
      vertex 121.018 5.30089 0.599999
    endloop
  endfacet
  facet normal -0.183515 -0.684292 -0.705738
    outer loop
      vertex 121.895 10.2742 2.25
      vertex 122.19 11.8968 0.599999
      vertex 122.181 10.1975 2.25
    endloop
  endfacet
  facet normal -0.195916 -0.681447 -0.705158
    outer loop
      vertex 122.19 11.8968 0.599999
      vertex 121.895 10.2742 2.25
      vertex 122.182 11.8991 0.599999
    endloop
  endfacet
  facet normal 0.0617079 -0.705761 -0.705758
    outer loop
      vertex 121.591 11.9492 0.599999
      vertex 121.305 10.2742 2.25
      vertex 121.018 11.8991 0.599999
    endloop
  endfacet
  facet normal -0.580289 0.406399 -0.705765
    outer loop
      vertex 124.496 6.91786 0.599999
      vertex 124.166 6.44666 0.599999
      vertex 122.902 7.50726 2.25
    endloop
  endfacet
  facet normal 0.64224 -0.298917 -0.705816
    outer loop
      vertex 120.003 9.18143 2.25
      vertex 118.456 9.75367 0.599999
      vertex 120.128 9.45 2.25
    endloop
  endfacet
  facet normal 0.633022 -0.320517 -0.704665
    outer loop
      vertex 118.456 9.75367 0.599999
      vertex 120.003 9.18143 2.25
      vertex 118.452 9.74577 0.599999
    endloop
  endfacet
  facet normal -0.411665 0.576331 -0.705957
    outer loop
      vertex 123.746 6.02875 0.599999
      vertex 122.693 7.29772 2.25
      vertex 123.753 6.03375 0.599999
    endloop
  endfacet
  facet normal -0.406088 0.580604 -0.705685
    outer loop
      vertex 122.693 7.29772 2.25
      vertex 123.746 6.02875 0.599999
      vertex 122.45 7.12776 2.25
    endloop
  endfacet
  facet normal -0.705765 0.0615808 -0.705765
    outer loop
      vertex 124.949 8.59132 0.599999
      vertex 124.899 8.01828 0.599999
      vertex 123.274 8.3048 2.25
    endloop
  endfacet
  facet normal -0.704772 0.081195 -0.704772
    outer loop
      vertex 124.949 8.59132 0.599999
      vertex 123.3 8.6 2.25
      vertex 124.95 8.6 0.599999
    endloop
  endfacet
  facet normal -0.70579 0.0621631 -0.705689
    outer loop
      vertex 123.3 8.6 2.25
      vertex 124.949 8.59132 0.599999
      vertex 123.274 8.3048 2.25
    endloop
  endfacet
  facet normal -0.0617079 -0.705761 -0.705758
    outer loop
      vertex 122.182 11.8991 0.599999
      vertex 121.895 10.2742 2.25
      vertex 121.609 11.9492 0.599999
    endloop
  endfacet
  facet normal 0.295977 0.643428 -0.705973
    outer loop
      vertex 120.446 5.45571 0.599999
      vertex 121.019 7.00252 2.25
      vertex 120.454 5.45203 0.599999
    endloop
  endfacet
  facet normal 0.298983 0.642178 -0.705845
    outer loop
      vertex 121.019 7.00252 2.25
      vertex 120.446 5.45571 0.599999
      vertex 120.75 7.12776 2.25
    endloop
  endfacet
  facet normal -0.580304 0.406376 -0.705766
    outer loop
      vertex 124.496 6.91786 0.599999
      vertex 123.072 7.75 2.25
      vertex 124.501 6.925 0.599999
    endloop
  endfacet
  facet normal -0.58029 0.406399 -0.705765
    outer loop
      vertex 123.072 7.75 2.25
      vertex 124.496 6.91786 0.599999
      vertex 122.902 7.50726 2.25
    endloop
  endfacet
  facet normal 0.299538 -0.641955 -0.705812
    outer loop
      vertex 120.454 11.748 0.599999
      vertex 121.019 10.1975 2.25
      vertex 119.933 11.5049 0.599999
    endloop
  endfacet
  facet normal 0.70579 0.0621631 -0.705689
    outer loop
      vertex 118.251 8.59132 0.599999
      vertex 119.9 8.6 2.25
      vertex 119.926 8.3048 2.25
    endloop
  endfacet
  facet normal 0.704772 0.081195 -0.704772
    outer loop
      vertex 119.9 8.6 2.25
      vertex 118.251 8.59132 0.599999
      vertex 118.25 8.6 0.599999
    endloop
  endfacet
  facet normal -0.406519 -0.580213 -0.705759
    outer loop
      vertex 123.275 11.5012 0.599999
      vertex 123.746 11.1712 0.599999
      vertex 122.45 10.0722 2.25
    endloop
  endfacet
  facet normal -0.688544 -0.16355 -0.706511
    outer loop
      vertex 123.274 8.8952 2.25
      vertex 124.897 9.19014 0.599999
      vertex 124.899 9.18172 0.599999
    endloop
  endfacet
  facet normal -0.684094 -0.184031 -0.705796
    outer loop
      vertex 124.897 9.19014 0.599999
      vertex 123.274 8.8952 2.25
      vertex 123.197 9.18143 2.25
    endloop
  endfacet
  facet normal 0.705765 0.0615808 -0.705765
    outer loop
      vertex 119.926 8.3048 2.25
      vertex 118.301 8.01828 0.599999
      vertex 118.251 8.59132 0.599999
    endloop
  endfacet
  facet normal -0.18355 0.684243 -0.705777
    outer loop
      vertex 122.737 5.44977 0.599999
      vertex 122.182 5.30089 0.599999
      vertex 121.895 6.92583 2.25
    endloop
  endfacet
  facet normal 0.29914 -0.642208 -0.705751
    outer loop
      vertex 120.75 10.0722 2.25
      vertex 119.933 11.5049 0.599999
      vertex 121.019 10.1975 2.25
    endloop
  endfacet
  facet normal 0.297429 -0.643091 -0.70567
    outer loop
      vertex 119.933 11.5049 0.599999
      vertex 120.75 10.0722 2.25
      vertex 119.925 11.5012 0.599999
    endloop
  endfacet
  facet normal -0.500897 0.501006 -0.705758
    outer loop
      vertex 123.753 6.03375 0.599999
      vertex 122.902 7.50726 2.25
      vertex 124.166 6.44666 0.599999
    endloop
  endfacet
  facet normal -0.501692 0.500399 -0.705625
    outer loop
      vertex 122.902 7.50726 2.25
      vertex 123.753 6.03375 0.599999
      vertex 122.693 7.29772 2.25
    endloop
  endfacet
  facet normal 0.411957 0.57674 -0.705452
    outer loop
      vertex 119.918 5.70381 0.599999
      vertex 120.75 7.12776 2.25
      vertex 119.925 5.69881 0.599999
    endloop
  endfacet
  facet normal 0.406047 0.580545 -0.705757
    outer loop
      vertex 120.75 7.12776 2.25
      vertex 119.918 5.70381 0.599999
      vertex 120.507 7.29772 2.25
    endloop
  endfacet
  facet normal 0.299557 0.641996 -0.705766
    outer loop
      vertex 120.75 7.12776 2.25
      vertex 120.446 5.45571 0.599999
      vertex 119.925 5.69881 0.599999
    endloop
  endfacet
  facet normal 0.183515 -0.684292 -0.705738
    outer loop
      vertex 121.01 11.8968 0.599999
      vertex 121.305 10.2742 2.25
      vertex 121.019 10.1975 2.25
    endloop
  endfacet
  facet normal 0.195916 -0.681447 -0.705158
    outer loop
      vertex 121.305 10.2742 2.25
      vertex 121.01 11.8968 0.599999
      vertex 121.018 11.8991 0.599999
    endloop
  endfacet
  facet normal 0.58029 0.406399 -0.705765
    outer loop
      vertex 118.704 6.91786 0.599999
      vertex 120.128 7.75 2.25
      vertex 120.298 7.50726 2.25
    endloop
  endfacet
  facet normal 0.580304 0.406376 -0.705766
    outer loop
      vertex 120.128 7.75 2.25
      vertex 118.704 6.91786 0.599999
      vertex 118.699 6.925 0.599999
    endloop
  endfacet
  facet normal -0.688544 0.16355 -0.706511
    outer loop
      vertex 124.897 8.00986 0.599999
      vertex 123.274 8.3048 2.25
      vertex 124.899 8.01828 0.599999
    endloop
  endfacet
  facet normal -0.684094 0.184031 -0.705796
    outer loop
      vertex 123.274 8.3048 2.25
      vertex 124.897 8.00986 0.599999
      vertex 123.197 8.01857 2.25
    endloop
  endfacet
  facet normal -0.297429 -0.643091 -0.70567
    outer loop
      vertex 122.45 10.0722 2.25
      vertex 123.267 11.5049 0.599999
      vertex 123.275 11.5012 0.599999
    endloop
  endfacet
  facet normal -0.29914 -0.642208 -0.705751
    outer loop
      vertex 123.267 11.5049 0.599999
      vertex 122.45 10.0722 2.25
      vertex 122.181 10.1975 2.25
    endloop
  endfacet
  facet normal -0.41167 -0.576338 -0.705948
    outer loop
      vertex 122.693 9.90228 2.25
      vertex 123.746 11.1712 0.599999
      vertex 123.753 11.1662 0.599999
    endloop
  endfacet
  facet normal -0.406031 -0.580659 -0.705673
    outer loop
      vertex 123.746 11.1712 0.599999
      vertex 122.693 9.90228 2.25
      vertex 122.45 10.0722 2.25
    endloop
  endfacet
  facet normal 0.70579 -0.0621631 -0.705689
    outer loop
      vertex 119.9 8.6 2.25
      vertex 118.251 8.60868 0.599999
      vertex 119.926 8.8952 2.25
    endloop
  endfacet
  facet normal 0.704772 -0.081195 -0.704772
    outer loop
      vertex 118.251 8.60868 0.599999
      vertex 119.9 8.6 2.25
      vertex 118.25 8.6 0.599999
    endloop
  endfacet
  facet normal 0.0596051 0.70585 -0.705849
    outer loop
      vertex 121.591 5.25076 0.599999
      vertex 121.6 6.9 2.25
      vertex 121.6 5.25 0.599999
    endloop
  endfacet
  facet normal 0.061795 0.70575 -0.705761
    outer loop
      vertex 121.6 6.9 2.25
      vertex 121.591 5.25076 0.599999
      vertex 121.305 6.92583 2.25
    endloop
  endfacet
  facet normal 0.0617242 -0.705761 -0.705756
    outer loop
      vertex 121.591 11.9492 0.599999
      vertex 121.6 10.3 2.25
      vertex 121.305 10.2742 2.25
    endloop
  endfacet
  facet normal 0.0627302 -0.705714 -0.705714
    outer loop
      vertex 121.6 10.3 2.25
      vertex 121.591 11.9492 0.599999
      vertex 121.6 11.95 0.599999
    endloop
  endfacet
  facet normal -0.295977 0.643428 -0.705973
    outer loop
      vertex 122.181 7.00252 2.25
      vertex 122.754 5.45571 0.599999
      vertex 122.746 5.45203 0.599999
    endloop
  endfacet
  facet normal -0.298983 0.642178 -0.705845
    outer loop
      vertex 122.754 5.45571 0.599999
      vertex 122.181 7.00252 2.25
      vertex 122.45 7.12776 2.25
    endloop
  endfacet
  facet normal 0.58029 -0.406399 -0.705765
    outer loop
      vertex 119.029 10.7462 0.599999
      vertex 120.298 9.69274 2.25
      vertex 120.128 9.45 2.25
    endloop
  endfacet
  facet normal 0.579169 -0.407865 -0.705839
    outer loop
      vertex 120.298 9.69274 2.25
      vertex 119.029 10.7462 0.599999
      vertex 119.034 10.7533 0.599999
    endloop
  endfacet
  facet normal 0.501697 -0.500404 -0.705617
    outer loop
      vertex 120.298 9.69274 2.25
      vertex 119.447 11.1662 0.599999
      vertex 120.507 9.90228 2.25
    endloop
  endfacet
  facet normal 0.500896 -0.501017 -0.705752
    outer loop
      vertex 119.447 11.1662 0.599999
      vertex 120.298 9.69274 2.25
      vertex 119.034 10.7533 0.599999
    endloop
  endfacet
  facet normal 0.690172 0.163936 -0.704831
    outer loop
      vertex 118.45 7.46265 0.599999
      vertex 120.003 8.01857 2.25
      vertex 118.452 7.45423 0.599999
    endloop
  endfacet
  facet normal 0.684053 0.18402 -0.705839
    outer loop
      vertex 120.003 8.01857 2.25
      vertex 118.45 7.46265 0.599999
      vertex 119.926 8.3048 2.25
    endloop
  endfacet
  facet normal -0.061795 0.70575 -0.705761
    outer loop
      vertex 121.609 5.25076 0.599999
      vertex 121.6 6.9 2.25
      vertex 121.895 6.92583 2.25
    endloop
  endfacet
  facet normal -0.0596051 0.70585 -0.705849
    outer loop
      vertex 121.6 6.9 2.25
      vertex 121.609 5.25076 0.599999
      vertex 121.6 5.25 0.599999
    endloop
  endfacet
  facet normal -0.0617437 0.705747 -0.705768
    outer loop
      vertex 121.895 6.92583 2.25
      vertex 122.182 5.30089 0.599999
      vertex 121.609 5.25076 0.599999
    endloop
  endfacet
  facet normal 0.684053 -0.18402 -0.705839
    outer loop
      vertex 118.45 9.73735 0.599999
      vertex 120.003 9.18143 2.25
      vertex 119.926 8.8952 2.25
    endloop
  endfacet
  facet normal 0.690172 -0.163936 -0.704831
    outer loop
      vertex 120.003 9.18143 2.25
      vertex 118.45 9.73735 0.599999
      vertex 118.452 9.74577 0.599999
    endloop
  endfacet
  facet normal -0.299538 -0.641955 -0.705812
    outer loop
      vertex 122.746 11.748 0.599999
      vertex 123.267 11.5049 0.599999
      vertex 122.181 10.1975 2.25
    endloop
  endfacet
  facet normal 0.18355 0.684243 -0.705777
    outer loop
      vertex 121.305 6.92583 2.25
      vertex 121.018 5.30089 0.599999
      vertex 120.463 5.44977 0.599999
    endloop
  endfacet
  facet normal -0.183147 -0.684341 -0.705787
    outer loop
      vertex 122.19 11.8968 0.599999
      vertex 122.746 11.748 0.599999
      vertex 122.181 10.1975 2.25
    endloop
  endfacet
  facet normal 0.642118 -0.299301 -0.705764
    outer loop
      vertex 118.699 10.275 0.599999
      vertex 120.128 9.45 2.25
      vertex 118.456 9.75367 0.599999
    endloop
  endfacet
  facet normal 0.0296323 0.999561 -0
    outer loop
      vertex 121.748 3.6022 0
      vertex 121.156 3.61975 0.599999
      vertex 121.748 3.6022 0.599999
    endloop
  endfacet
  facet normal 0.0296323 0.999561 0
    outer loop
      vertex 121.156 3.61975 0.599999
      vertex 121.748 3.6022 0
      vertex 121.156 3.61975 0
    endloop
  endfacet
  facet normal -0.429945 0.902855 0
    outer loop
      vertex 124.014 4.22132 0
      vertex 123.479 3.96655 0.599999
      vertex 124.014 4.22132 0.599999
    endloop
  endfacet
  facet normal -0.429945 0.902855 0
    outer loop
      vertex 123.479 3.96655 0.599999
      vertex 124.014 4.22132 0
      vertex 123.479 3.96655 0
    endloop
  endfacet
  facet normal -0.984169 -0.177233 0
    outer loop
      vertex 126.565 9.19137 0
      vertex 126.46 9.77443 0.599999
      vertex 126.46 9.77443 0
    endloop
  endfacet
  facet normal -0.984169 -0.177233 0
    outer loop
      vertex 126.46 9.77443 0.599999
      vertex 126.565 9.19137 0
      vertex 126.565 9.19137 0.599999
    endloop
  endfacet
  facet normal -0.998253 -0.0590812 0
    outer loop
      vertex 126.6 8.6 0
      vertex 126.565 9.19137 0.599999
      vertex 126.565 9.19137 0
    endloop
  endfacet
  facet normal -0.998253 -0.0590812 0
    outer loop
      vertex 126.565 9.19137 0.599999
      vertex 126.6 8.6 0
      vertex 126.6 8.6 0.599999
    endloop
  endfacet
  facet normal -0.956408 -0.292035 0
    outer loop
      vertex 126.46 9.77443 0
      vertex 126.287 10.341 0.599999
      vertex 126.287 10.341 0
    endloop
  endfacet
  facet normal -0.956408 -0.292035 0
    outer loop
      vertex 126.287 10.341 0.599999
      vertex 126.46 9.77443 0
      vertex 126.46 9.77443 0.599999
    endloop
  endfacet
  facet normal -0.32048 -0.947255 0
    outer loop
      vertex 122.918 13.4232 0
      vertex 123.479 13.2334 0.599999
      vertex 122.918 13.4232 0.599999
    endloop
  endfacet
  facet normal -0.32048 -0.947255 -0
    outer loop
      vertex 123.479 13.2334 0.599999
      vertex 122.918 13.4232 0
      vertex 123.479 13.2334 0
    endloop
  endfacet
  facet normal 0.937573 0.347787 0
    outer loop
      vertex 117.024 6.58438 0.599999
      vertex 116.818 7.13972 0
      vertex 116.818 7.13972 0.599999
    endloop
  endfacet
  facet normal 0.937573 0.347787 0
    outer loop
      vertex 116.818 7.13972 0
      vertex 117.024 6.58438 0.599999
      vertex 117.024 6.58438 0
    endloop
  endfacet
  facet normal 0.0297166 -0.999558 0
    outer loop
      vertex 121.156 13.5802 0
      vertex 121.748 13.5978 0.599999
      vertex 121.156 13.5802 0.599999
    endloop
  endfacet
  facet normal 0.0297166 -0.999558 0
    outer loop
      vertex 121.748 13.5978 0.599999
      vertex 121.156 13.5802 0
      vertex 121.748 13.5978 0
    endloop
  endfacet
  facet normal -0.998253 0.0590812 0
    outer loop
      vertex 126.565 8.00863 0
      vertex 126.6 8.6 0.599999
      vertex 126.6 8.6 0
    endloop
  endfacet
  facet normal -0.998253 0.0590812 0
    outer loop
      vertex 126.6 8.6 0.599999
      vertex 126.565 8.00863 0
      vertex 126.565 8.00863 0.599999
    endloop
  endfacet
  facet normal -0.795253 -0.606277 0
    outer loop
      vertex 125.747 11.3932 0
      vertex 125.388 11.8641 0.599999
      vertex 125.388 11.8641 0
    endloop
  endfacet
  facet normal -0.795253 -0.606277 0
    outer loop
      vertex 125.388 11.8641 0.599999
      vertex 125.747 11.3932 0
      vertex 125.747 11.3932 0.599999
    endloop
  endfacet
  facet normal -0.91503 0.403387 0
    outer loop
      vertex 126.048 6.31685 0
      vertex 126.287 6.85899 0.599999
      vertex 126.287 6.85899 0
    endloop
  endfacet
  facet normal -0.91503 0.403387 0
    outer loop
      vertex 126.287 6.85899 0.599999
      vertex 126.048 6.31685 0
      vertex 126.048 6.31685 0.599999
    endloop
  endfacet
  facet normal 0.147515 -0.98906 0
    outer loop
      vertex 120.57 13.4928 0
      vertex 121.156 13.5802 0.599999
      vertex 120.57 13.4928 0.599999
    endloop
  endfacet
  facet normal 0.147515 -0.98906 0
    outer loop
      vertex 121.156 13.5802 0.599999
      vertex 120.57 13.4928 0
      vertex 121.156 13.5802 0
    endloop
  endfacet
  facet normal 0.829361 0.558714 0
    outer loop
      vertex 117.626 5.566 0.599999
      vertex 117.295 6.05734 0
      vertex 117.295 6.05734 0.599999
    endloop
  endfacet
  facet normal 0.829361 0.558714 0
    outer loop
      vertex 117.295 6.05734 0
      vertex 117.626 5.566 0.599999
      vertex 117.626 5.566 0
    endloop
  endfacet
  facet normal -0.861239 -0.5082 0
    outer loop
      vertex 126.048 10.8831 0
      vertex 125.747 11.3932 0.599999
      vertex 125.747 11.3932 0
    endloop
  endfacet
  facet normal -0.861239 -0.5082 0
    outer loop
      vertex 125.747 11.3932 0.599999
      vertex 126.048 10.8831 0
      vertex 126.048 10.8831 0.599999
    endloop
  endfacet
  facet normal 0.263861 -0.964561 0
    outer loop
      vertex 119.999 13.3366 0
      vertex 120.57 13.4928 0.599999
      vertex 119.999 13.3366 0.599999
    endloop
  endfacet
  facet normal 0.263861 -0.964561 0
    outer loop
      vertex 120.57 13.4928 0.599999
      vertex 119.999 13.3366 0
      vertex 120.57 13.4928 0
    endloop
  endfacet
  facet normal 0.674165 -0.73858 0
    outer loop
      vertex 118.012 12.0828 0
      vertex 118.45 12.4826 0.599999
      vertex 118.012 12.0828 0.599999
    endloop
  endfacet
  facet normal 0.674165 -0.73858 0
    outer loop
      vertex 118.45 12.4826 0.599999
      vertex 118.012 12.0828 0
      vertex 118.45 12.4826 0
    endloop
  endfacet
  facet normal -0.984169 0.177233 0
    outer loop
      vertex 126.46 7.42557 0
      vertex 126.565 8.00863 0.599999
      vertex 126.565 8.00863 0
    endloop
  endfacet
  facet normal -0.984169 0.177233 0
    outer loop
      vertex 126.565 8.00863 0.599999
      vertex 126.46 7.42557 0
      vertex 126.46 7.42557 0.599999
    endloop
  endfacet
  facet normal 0.758158 -0.65207 0
    outer loop
      vertex 117.626 11.634 0.599999
      vertex 118.012 12.0828 0
      vertex 118.012 12.0828 0.599999
    endloop
  endfacet
  facet normal 0.758158 -0.65207 0
    outer loop
      vertex 118.012 12.0828 0
      vertex 117.626 11.634 0.599999
      vertex 117.626 11.634 0
    endloop
  endfacet
  facet normal -0.717241 -0.696825 0
    outer loop
      vertex 125.388 11.8641 0
      vertex 124.975 12.2892 0.599999
      vertex 124.975 12.2892 0
    endloop
  endfacet
  facet normal -0.717241 -0.696825 0
    outer loop
      vertex 124.975 12.2892 0.599999
      vertex 125.388 11.8641 0
      vertex 125.388 11.8641 0.599999
    endloop
  endfacet
  facet normal 0.375752 -0.92672 0
    outer loop
      vertex 119.45 13.114 0
      vertex 119.999 13.3366 0.599999
      vertex 119.45 13.114 0.599999
    endloop
  endfacet
  facet normal 0.375752 -0.92672 0
    outer loop
      vertex 119.999 13.3366 0.599999
      vertex 119.45 13.114 0
      vertex 119.999 13.3366 0
    endloop
  endfacet
  facet normal -0.717208 0.696859 0
    outer loop
      vertex 124.975 4.91083 0
      vertex 125.388 5.33589 0.599999
      vertex 125.388 5.33589 0
    endloop
  endfacet
  facet normal -0.717208 0.696859 0
    outer loop
      vertex 125.388 5.33589 0.599999
      vertex 124.975 4.91083 0
      vertex 124.975 4.91083 0.599999
    endloop
  endfacet
  facet normal -0.533847 -0.845581 0
    outer loop
      vertex 124.014 12.9787 0
      vertex 124.515 12.6624 0.599999
      vertex 124.014 12.9787 0.599999
    endloop
  endfacet
  facet normal -0.533847 -0.845581 -0
    outer loop
      vertex 124.515 12.6624 0.599999
      vertex 124.014 12.9787 0
      vertex 124.515 12.6624 0
    endloop
  endfacet
  facet normal 0.263782 0.964582 -0
    outer loop
      vertex 120.57 3.70722 0
      vertex 119.999 3.86337 0.599999
      vertex 120.57 3.70722 0.599999
    endloop
  endfacet
  facet normal 0.263782 0.964582 0
    outer loop
      vertex 119.999 3.86337 0.599999
      vertex 120.57 3.70722 0
      vertex 119.999 3.86337 0
    endloop
  endfacet
  facet normal 0.937565 -0.347809 0
    outer loop
      vertex 116.818 10.0603 0.599999
      vertex 117.024 10.6156 0
      vertex 117.024 10.6156 0.599999
    endloop
  endfacet
  facet normal 0.937565 -0.347809 0
    outer loop
      vertex 117.024 10.6156 0
      vertex 116.818 10.0603 0.599999
      vertex 116.818 10.0603 0
    endloop
  endfacet
  facet normal 0 0 -1
    outer loop
      vertex 124.949 8.59132 0.599999
      vertex 126.6 8.6 0.599999
      vertex 126.565 8.00863 0.599999
    endloop
  endfacet
  facet normal 0 0 -1
    outer loop
      vertex 124.899 8.01828 0.599999
      vertex 126.565 8.00863 0.599999
      vertex 126.46 7.42557 0.599999
    endloop
  endfacet
  facet normal -0 0 -1
    outer loop
      vertex 126.6 8.6 0.599999
      vertex 124.949 8.59132 0.599999
      vertex 124.95 8.6 0.599999
    endloop
  endfacet
  facet normal 0 0 -1
    outer loop
      vertex 124.748 7.45423 0.599999
      vertex 126.46 7.42557 0.599999
      vertex 126.287 6.85899 0.599999
    endloop
  endfacet
  facet normal 0 0 -1
    outer loop
      vertex 124.949 8.60868 0.599999
      vertex 126.6 8.6 0.599999
      vertex 124.95 8.6 0.599999
    endloop
  endfacet
  facet normal 0 0 -1
    outer loop
      vertex 124.748 7.45423 0.599999
      vertex 126.287 6.85899 0.599999
      vertex 126.048 6.31685 0.599999
    endloop
  endfacet
  facet normal 0 0 -1
    outer loop
      vertex 126.6 8.6 0.599999
      vertex 124.949 8.60868 0.599999
      vertex 126.565 9.19137 0.599999
    endloop
  endfacet
  facet normal 0 0 -1
    outer loop
      vertex 124.501 6.925 0.599999
      vertex 126.048 6.31685 0.599999
      vertex 125.747 5.80677 0.599999
    endloop
  endfacet
  facet normal 0 0 -1
    outer loop
      vertex 124.899 9.18172 0.599999
      vertex 126.565 9.19137 0.599999
      vertex 124.949 8.60868 0.599999
    endloop
  endfacet
  facet normal 0 0 -1
    outer loop
      vertex 124.166 6.44666 0.599999
      vertex 125.747 5.80677 0.599999
      vertex 125.388 5.33589 0.599999
    endloop
  endfacet
  facet normal 0 0 -1
    outer loop
      vertex 124.897 9.19014 0.599999
      vertex 126.46 9.77443 0.599999
      vertex 124.899 9.18172 0.599999
    endloop
  endfacet
  facet normal 0 0 -1
    outer loop
      vertex 124.166 6.44666 0.599999
      vertex 125.388 5.33589 0.599999
      vertex 124.975 4.91083 0.599999
    endloop
  endfacet
  facet normal 0 0 -1
    outer loop
      vertex 124.748 9.74577 0.599999
      vertex 126.46 9.77443 0.599999
      vertex 124.897 9.19014 0.599999
    endloop
  endfacet
  facet normal -0 0 -1
    outer loop
      vertex 126.46 9.77443 0.599999
      vertex 124.748 9.74577 0.599999
      vertex 126.287 10.341 0.599999
    endloop
  endfacet
  facet normal -0 0 -1
    outer loop
      vertex 126.565 9.19137 0.599999
      vertex 124.899 9.18172 0.599999
      vertex 126.46 9.77443 0.599999
    endloop
  endfacet
  facet normal 0 0 -1
    outer loop
      vertex 126.565 8.00863 0.599999
      vertex 124.899 8.01828 0.599999
      vertex 124.949 8.59132 0.599999
    endloop
  endfacet
  facet normal 0 0 -1
    outer loop
      vertex 126.46 7.42557 0.599999
      vertex 124.897 8.00986 0.599999
      vertex 124.899 8.01828 0.599999
    endloop
  endfacet
  facet normal 0 0 -1
    outer loop
      vertex 126.46 7.42557 0.599999
      vertex 124.748 7.45423 0.599999
      vertex 124.897 8.00986 0.599999
    endloop
  endfacet
  facet normal 0 0 -1
    outer loop
      vertex 123.753 6.03375 0.599999
      vertex 124.975 4.91083 0.599999
      vertex 124.515 4.53757 0.599999
    endloop
  endfacet
  facet normal 0 0 -1
    outer loop
      vertex 126.048 6.31685 0.599999
      vertex 124.505 6.9329 0.599999
      vertex 124.748 7.45423 0.599999
    endloop
  endfacet
  facet normal 0 0 -1
    outer loop
      vertex 126.048 6.31685 0.599999
      vertex 124.501 6.925 0.599999
      vertex 124.505 6.9329 0.599999
    endloop
  endfacet
  facet normal 0 0 -1
    outer loop
      vertex 125.747 5.80677 0.599999
      vertex 124.496 6.91786 0.599999
      vertex 124.501 6.925 0.599999
    endloop
  endfacet
  facet normal 0 0 -1
    outer loop
      vertex 125.747 5.80677 0.599999
      vertex 124.166 6.44666 0.599999
      vertex 124.496 6.91786 0.599999
    endloop
  endfacet
  facet normal 0 0 -1
    outer loop
      vertex 123.275 5.69881 0.599999
      vertex 124.515 4.53757 0.599999
      vertex 124.014 4.22132 0.599999
    endloop
  endfacet
  facet normal 0 0 -1
    outer loop
      vertex 124.975 4.91083 0.599999
      vertex 123.753 6.03375 0.599999
      vertex 124.166 6.44666 0.599999
    endloop
  endfacet
  facet normal 0 0 -1
    outer loop
      vertex 124.515 4.53757 0.599999
      vertex 123.746 6.02875 0.599999
      vertex 123.753 6.03375 0.599999
    endloop
  endfacet
  facet normal 0 0 -1
    outer loop
      vertex 123.275 5.69881 0.599999
      vertex 124.014 4.22132 0.599999
      vertex 123.479 3.96655 0.599999
    endloop
  endfacet
  facet normal 0 0 -1
    outer loop
      vertex 124.515 4.53757 0.599999
      vertex 123.275 5.69881 0.599999
      vertex 123.746 6.02875 0.599999
    endloop
  endfacet
  facet normal 0 0 -1
    outer loop
      vertex 122.737 5.44977 0.599999
      vertex 123.479 3.96655 0.599999
      vertex 122.918 3.77682 0.599999
    endloop
  endfacet
  facet normal 0 0 -1
    outer loop
      vertex 123.479 3.96655 0.599999
      vertex 122.754 5.45571 0.599999
      vertex 123.275 5.69881 0.599999
    endloop
  endfacet
  facet normal 0 0 -1
    outer loop
      vertex 123.479 3.96655 0.599999
      vertex 122.746 5.45203 0.599999
      vertex 122.754 5.45571 0.599999
    endloop
  endfacet
  facet normal 0 0 -1
    outer loop
      vertex 123.479 3.96655 0.599999
      vertex 122.737 5.44977 0.599999
      vertex 122.746 5.45203 0.599999
    endloop
  endfacet
  facet normal 0 0 -1
    outer loop
      vertex 122.182 5.30089 0.599999
      vertex 122.918 3.77682 0.599999
      vertex 122.338 3.6548 0.599999
    endloop
  endfacet
  facet normal 0 0 -1
    outer loop
      vertex 122.918 3.77682 0.599999
      vertex 122.182 5.30089 0.599999
      vertex 122.737 5.44977 0.599999
    endloop
  endfacet
  facet normal 0 0 -1
    outer loop
      vertex 121.748 3.6022 0.599999
      vertex 122.182 5.30089 0.599999
      vertex 122.338 3.6548 0.599999
    endloop
  endfacet
  facet normal 0 0 -1
    outer loop
      vertex 121.748 3.6022 0.599999
      vertex 121.609 5.25076 0.599999
      vertex 122.182 5.30089 0.599999
    endloop
  endfacet
  facet normal 0 0 -1
    outer loop
      vertex 121.748 3.6022 0.599999
      vertex 121.6 5.25 0.599999
      vertex 121.609 5.25076 0.599999
    endloop
  endfacet
  facet normal 0 0 -1
    outer loop
      vertex 121.748 3.6022 0.599999
      vertex 121.591 5.25076 0.599999
      vertex 121.6 5.25 0.599999
    endloop
  endfacet
  facet normal 0 0 -1
    outer loop
      vertex 121.156 3.61975 0.599999
      vertex 121.591 5.25076 0.599999
      vertex 121.748 3.6022 0.599999
    endloop
  endfacet
  facet normal 0 0 -1
    outer loop
      vertex 121.156 3.61975 0.599999
      vertex 121.018 5.30089 0.599999
      vertex 121.591 5.25076 0.599999
    endloop
  endfacet
  facet normal 0 0 -1
    outer loop
      vertex 120.57 3.70722 0.599999
      vertex 121.018 5.30089 0.599999
      vertex 121.156 3.61975 0.599999
    endloop
  endfacet
  facet normal 0 0 -1
    outer loop
      vertex 120.57 3.70722 0.599999
      vertex 120.463 5.44977 0.599999
      vertex 121.018 5.30089 0.599999
    endloop
  endfacet
  facet normal 0 0 -1
    outer loop
      vertex 119.999 3.86337 0.599999
      vertex 120.463 5.44977 0.599999
      vertex 120.57 3.70722 0.599999
    endloop
  endfacet
  facet normal -0 0 -1
    outer loop
      vertex 120.463 5.44977 0.599999
      vertex 119.999 3.86337 0.599999
      vertex 120.454 5.45203 0.599999
    endloop
  endfacet
  facet normal -0 0 -1
    outer loop
      vertex 120.454 5.45203 0.599999
      vertex 119.999 3.86337 0.599999
      vertex 120.446 5.45571 0.599999
    endloop
  endfacet
  facet normal 0 0 -1
    outer loop
      vertex 119.45 4.08601 0.599999
      vertex 120.446 5.45571 0.599999
      vertex 119.999 3.86337 0.599999
    endloop
  endfacet
  facet normal -0 0 -1
    outer loop
      vertex 120.446 5.45571 0.599999
      vertex 119.45 4.08601 0.599999
      vertex 119.925 5.69881 0.599999
    endloop
  endfacet
  facet normal 0 0 -1
    outer loop
      vertex 118.931 4.37202 0.599999
      vertex 119.925 5.69881 0.599999
      vertex 119.45 4.08601 0.599999
    endloop
  endfacet
  facet normal -0 0 -1
    outer loop
      vertex 119.925 5.69881 0.599999
      vertex 118.931 4.37202 0.599999
      vertex 119.918 5.70381 0.599999
    endloop
  endfacet
  facet normal -0 0 -1
    outer loop
      vertex 119.918 5.70381 0.599999
      vertex 118.931 4.37202 0.599999
      vertex 119.447 6.03375 0.599999
    endloop
  endfacet
  facet normal 0 0 -1
    outer loop
      vertex 118.45 4.71738 0.599999
      vertex 119.447 6.03375 0.599999
      vertex 118.931 4.37202 0.599999
    endloop
  endfacet
  facet normal 0 0 -1
    outer loop
      vertex 118.012 5.11724 0.599999
      vertex 119.447 6.03375 0.599999
      vertex 118.45 4.71738 0.599999
    endloop
  endfacet
  facet normal -0 0 -1
    outer loop
      vertex 119.447 6.03375 0.599999
      vertex 118.012 5.11724 0.599999
      vertex 119.034 6.44666 0.599999
    endloop
  endfacet
  facet normal 0 0 -1
    outer loop
      vertex 117.626 5.566 0.599999
      vertex 119.034 6.44666 0.599999
      vertex 118.012 5.11724 0.599999
    endloop
  endfacet
  facet normal -0 0 -1
    outer loop
      vertex 119.034 6.44666 0.599999
      vertex 117.626 5.566 0.599999
      vertex 118.704 6.91786 0.599999
    endloop
  endfacet
  facet normal 0 0 -1
    outer loop
      vertex 117.295 6.05734 0.599999
      vertex 118.704 6.91786 0.599999
      vertex 117.626 5.566 0.599999
    endloop
  endfacet
  facet normal -0 0 -1
    outer loop
      vertex 118.704 6.91786 0.599999
      vertex 117.295 6.05734 0.599999
      vertex 118.699 6.925 0.599999
    endloop
  endfacet
  facet normal 0 0 -1
    outer loop
      vertex 117.024 6.58438 0.599999
      vertex 118.699 6.925 0.599999
      vertex 117.295 6.05734 0.599999
    endloop
  endfacet
  facet normal -0 0 -1
    outer loop
      vertex 118.699 6.925 0.599999
      vertex 117.024 6.58438 0.599999
      vertex 118.456 7.44633 0.599999
    endloop
  endfacet
  facet normal -0 0 -1
    outer loop
      vertex 118.456 7.44633 0.599999
      vertex 117.024 6.58438 0.599999
      vertex 118.452 7.45423 0.599999
    endloop
  endfacet
  facet normal 0 0 -1
    outer loop
      vertex 116.818 7.13972 0.599999
      vertex 118.452 7.45423 0.599999
      vertex 117.024 6.58438 0.599999
    endloop
  endfacet
  facet normal -0 0 -1
    outer loop
      vertex 126.287 10.341 0.599999
      vertex 124.748 9.74577 0.599999
      vertex 126.048 10.8831 0.599999
    endloop
  endfacet
  facet normal 0 0 -1
    outer loop
      vertex 124.505 10.2671 0.599999
      vertex 126.048 10.8831 0.599999
      vertex 124.748 9.74577 0.599999
    endloop
  endfacet
  facet normal 0 0 -1
    outer loop
      vertex 124.501 10.275 0.599999
      vertex 126.048 10.8831 0.599999
      vertex 124.505 10.2671 0.599999
    endloop
  endfacet
  facet normal -0 0 -1
    outer loop
      vertex 126.048 10.8831 0.599999
      vertex 124.501 10.275 0.599999
      vertex 125.747 11.3932 0.599999
    endloop
  endfacet
  facet normal 0 0 -1
    outer loop
      vertex 124.171 10.7462 0.599999
      vertex 125.747 11.3932 0.599999
      vertex 124.501 10.275 0.599999
    endloop
  endfacet
  facet normal -0 0 -1
    outer loop
      vertex 125.747 11.3932 0.599999
      vertex 124.171 10.7462 0.599999
      vertex 125.388 11.8641 0.599999
    endloop
  endfacet
  facet normal 0 0 -1
    outer loop
      vertex 124.166 10.7533 0.599999
      vertex 125.388 11.8641 0.599999
      vertex 124.171 10.7462 0.599999
    endloop
  endfacet
  facet normal -0 0 -1
    outer loop
      vertex 125.388 11.8641 0.599999
      vertex 124.166 10.7533 0.599999
      vertex 124.975 12.2892 0.599999
    endloop
  endfacet
  facet normal 0 0 -1
    outer loop
      vertex 123.753 11.1662 0.599999
      vertex 124.975 12.2892 0.599999
      vertex 124.166 10.7533 0.599999
    endloop
  endfacet
  facet normal -0 0 -1
    outer loop
      vertex 124.975 12.2892 0.599999
      vertex 123.753 11.1662 0.599999
      vertex 124.515 12.6624 0.599999
    endloop
  endfacet
  facet normal 0 0 -1
    outer loop
      vertex 123.746 11.1712 0.599999
      vertex 124.515 12.6624 0.599999
      vertex 123.753 11.1662 0.599999
    endloop
  endfacet
  facet normal 0 0 -1
    outer loop
      vertex 123.275 11.5012 0.599999
      vertex 124.515 12.6624 0.599999
      vertex 123.746 11.1712 0.599999
    endloop
  endfacet
  facet normal -0 0 -1
    outer loop
      vertex 124.515 12.6624 0.599999
      vertex 123.275 11.5012 0.599999
      vertex 124.014 12.9787 0.599999
    endloop
  endfacet
  facet normal 0 0 -1
    outer loop
      vertex 123.267 11.5049 0.599999
      vertex 124.014 12.9787 0.599999
      vertex 123.275 11.5012 0.599999
    endloop
  endfacet
  facet normal -0 0 -1
    outer loop
      vertex 124.014 12.9787 0.599999
      vertex 123.267 11.5049 0.599999
      vertex 123.479 13.2334 0.599999
    endloop
  endfacet
  facet normal 0 0 -1
    outer loop
      vertex 122.746 11.748 0.599999
      vertex 123.479 13.2334 0.599999
      vertex 123.267 11.5049 0.599999
    endloop
  endfacet
  facet normal -0 0 -1
    outer loop
      vertex 123.479 13.2334 0.599999
      vertex 122.746 11.748 0.599999
      vertex 122.918 13.4232 0.599999
    endloop
  endfacet
  facet normal 0 0 -1
    outer loop
      vertex 122.19 11.8968 0.599999
      vertex 122.918 13.4232 0.599999
      vertex 122.746 11.748 0.599999
    endloop
  endfacet
  facet normal -0 0 -1
    outer loop
      vertex 122.918 13.4232 0.599999
      vertex 122.19 11.8968 0.599999
      vertex 122.338 13.5452 0.599999
    endloop
  endfacet
  facet normal 0 0 -1
    outer loop
      vertex 122.182 11.8991 0.599999
      vertex 122.338 13.5452 0.599999
      vertex 122.19 11.8968 0.599999
    endloop
  endfacet
  facet normal 0 0 -1
    outer loop
      vertex 122.182 11.8991 0.599999
      vertex 121.748 13.5978 0.599999
      vertex 122.338 13.5452 0.599999
    endloop
  endfacet
  facet normal 0 0 -1
    outer loop
      vertex 121.609 11.9492 0.599999
      vertex 121.748 13.5978 0.599999
      vertex 122.182 11.8991 0.599999
    endloop
  endfacet
  facet normal 0 0 -1
    outer loop
      vertex 121.6 11.95 0.599999
      vertex 121.748 13.5978 0.599999
      vertex 121.609 11.9492 0.599999
    endloop
  endfacet
  facet normal 0 0 -1
    outer loop
      vertex 121.591 11.9492 0.599999
      vertex 121.748 13.5978 0.599999
      vertex 121.6 11.95 0.599999
    endloop
  endfacet
  facet normal 0 0 -1
    outer loop
      vertex 121.591 11.9492 0.599999
      vertex 121.156 13.5802 0.599999
      vertex 121.748 13.5978 0.599999
    endloop
  endfacet
  facet normal 0 0 -1
    outer loop
      vertex 121.018 11.8991 0.599999
      vertex 121.156 13.5802 0.599999
      vertex 121.591 11.9492 0.599999
    endloop
  endfacet
  facet normal 0 0 -1
    outer loop
      vertex 120.57 13.4928 0.599999
      vertex 121.018 11.8991 0.599999
      vertex 121.01 11.8968 0.599999
    endloop
  endfacet
  facet normal 0 0 -1
    outer loop
      vertex 121.018 11.8991 0.599999
      vertex 120.57 13.4928 0.599999
      vertex 121.156 13.5802 0.599999
    endloop
  endfacet
  facet normal 0 0 -1
    outer loop
      vertex 120.454 11.748 0.599999
      vertex 120.57 13.4928 0.599999
      vertex 121.01 11.8968 0.599999
    endloop
  endfacet
  facet normal 0 0 -1
    outer loop
      vertex 120.454 11.748 0.599999
      vertex 119.999 13.3366 0.599999
      vertex 120.57 13.4928 0.599999
    endloop
  endfacet
  facet normal 0 0 -1
    outer loop
      vertex 119.45 13.114 0.599999
      vertex 120.454 11.748 0.599999
      vertex 119.933 11.5049 0.599999
    endloop
  endfacet
  facet normal 0 0 -1
    outer loop
      vertex 119.45 13.114 0.599999
      vertex 119.933 11.5049 0.599999
      vertex 119.925 11.5012 0.599999
    endloop
  endfacet
  facet normal 0 0 -1
    outer loop
      vertex 118.931 12.828 0.599999
      vertex 119.925 11.5012 0.599999
      vertex 119.918 11.4962 0.599999
    endloop
  endfacet
  facet normal 0 0 -1
    outer loop
      vertex 120.454 11.748 0.599999
      vertex 119.45 13.114 0.599999
      vertex 119.999 13.3366 0.599999
    endloop
  endfacet
  facet normal 0 0 -1
    outer loop
      vertex 118.931 12.828 0.599999
      vertex 119.918 11.4962 0.599999
      vertex 119.447 11.1662 0.599999
    endloop
  endfacet
  facet normal 0 0 -1
    outer loop
      vertex 118.012 12.0828 0.599999
      vertex 119.447 11.1662 0.599999
      vertex 119.034 10.7533 0.599999
    endloop
  endfacet
  facet normal 0 0 -1
    outer loop
      vertex 117.626 11.634 0.599999
      vertex 119.034 10.7533 0.599999
      vertex 119.029 10.7462 0.599999
    endloop
  endfacet
  facet normal 0 0 -1
    outer loop
      vertex 119.925 11.5012 0.599999
      vertex 118.931 12.828 0.599999
      vertex 119.45 13.114 0.599999
    endloop
  endfacet
  facet normal 0 0 -1
    outer loop
      vertex 117.626 11.634 0.599999
      vertex 119.029 10.7462 0.599999
      vertex 118.699 10.275 0.599999
    endloop
  endfacet
  facet normal 0 0 -1
    outer loop
      vertex 117.024 10.6156 0.599999
      vertex 118.699 10.275 0.599999
      vertex 118.456 9.75367 0.599999
    endloop
  endfacet
  facet normal 0 0 -1
    outer loop
      vertex 117.024 10.6156 0.599999
      vertex 118.456 9.75367 0.599999
      vertex 118.452 9.74577 0.599999
    endloop
  endfacet
  facet normal 0 0 -1
    outer loop
      vertex 116.818 10.0603 0.599999
      vertex 118.452 9.74577 0.599999
      vertex 118.45 9.73735 0.599999
    endloop
  endfacet
  facet normal 0 0 -1
    outer loop
      vertex 119.447 11.1662 0.599999
      vertex 118.45 12.4826 0.599999
      vertex 118.931 12.828 0.599999
    endloop
  endfacet
  facet normal 0 0 -1
    outer loop
      vertex 116.818 10.0603 0.599999
      vertex 118.45 9.73735 0.599999
      vertex 118.301 9.18172 0.599999
    endloop
  endfacet
  facet normal 0 0 -1
    outer loop
      vertex 116.609 8.8962 0.599999
      vertex 118.301 9.18172 0.599999
      vertex 118.251 8.60868 0.599999
    endloop
  endfacet
  facet normal 0 0 -1
    outer loop
      vertex 116.609 8.8962 0.599999
      vertex 118.251 8.60868 0.599999
      vertex 118.25 8.6 0.599999
    endloop
  endfacet
  facet normal -0 0 -1
    outer loop
      vertex 118.452 7.45423 0.599999
      vertex 116.818 7.13972 0.599999
      vertex 118.45 7.46265 0.599999
    endloop
  endfacet
  facet normal 0 0 -1
    outer loop
      vertex 119.447 11.1662 0.599999
      vertex 118.012 12.0828 0.599999
      vertex 118.45 12.4826 0.599999
    endloop
  endfacet
  facet normal -0 0 -1
    outer loop
      vertex 118.45 7.46265 0.599999
      vertex 116.818 7.13972 0.599999
      vertex 118.301 8.01828 0.599999
    endloop
  endfacet
  facet normal 0 0 -1
    outer loop
      vertex 119.034 10.7533 0.599999
      vertex 117.626 11.634 0.599999
      vertex 118.012 12.0828 0.599999
    endloop
  endfacet
  facet normal 0 0 -1
    outer loop
      vertex 116.679 7.71555 0.599999
      vertex 118.301 8.01828 0.599999
      vertex 116.818 7.13972 0.599999
    endloop
  endfacet
  facet normal 0 0 -1
    outer loop
      vertex 118.699 10.275 0.599999
      vertex 117.295 11.1427 0.599999
      vertex 117.626 11.634 0.599999
    endloop
  endfacet
  facet normal 0 0 -1
    outer loop
      vertex 116.609 8.3038 0.599999
      vertex 118.301 8.01828 0.599999
      vertex 116.679 7.71555 0.599999
    endloop
  endfacet
  facet normal 0 0 -1
    outer loop
      vertex 118.699 10.275 0.599999
      vertex 117.024 10.6156 0.599999
      vertex 117.295 11.1427 0.599999
    endloop
  endfacet
  facet normal 0 0 -1
    outer loop
      vertex 118.301 8.01828 0.599999
      vertex 116.609 8.3038 0.599999
      vertex 118.251 8.59132 0.599999
    endloop
  endfacet
  facet normal 0 0 -1
    outer loop
      vertex 118.452 9.74577 0.599999
      vertex 116.818 10.0603 0.599999
      vertex 117.024 10.6156 0.599999
    endloop
  endfacet
  facet normal -0 0 -1
    outer loop
      vertex 118.251 8.59132 0.599999
      vertex 116.609 8.3038 0.599999
      vertex 118.25 8.6 0.599999
    endloop
  endfacet
  facet normal 0 0 -1
    outer loop
      vertex 118.301 9.18172 0.599999
      vertex 116.679 9.48445 0.599999
      vertex 116.818 10.0603 0.599999
    endloop
  endfacet
  facet normal 0 0 -1
    outer loop
      vertex 116.609 8.8962 0.599999
      vertex 118.25 8.6 0.599999
      vertex 116.609 8.3038 0.599999
    endloop
  endfacet
  facet normal -0 0 -1
    outer loop
      vertex 118.301 9.18172 0.599999
      vertex 116.609 8.8962 0.599999
      vertex 116.679 9.48445 0.599999
    endloop
  endfacet
  facet normal 0.75813 0.652104 0
    outer loop
      vertex 118.012 5.11724 0.599999
      vertex 117.626 5.566 0
      vertex 117.626 5.566 0.599999
    endloop
  endfacet
  facet normal 0.75813 0.652104 0
    outer loop
      vertex 117.626 5.566 0
      vertex 118.012 5.11724 0.599999
      vertex 118.012 5.11724 0
    endloop
  endfacet
  facet normal -0.429848 -0.902901 0
    outer loop
      vertex 123.479 13.2334 0
      vertex 124.014 12.9787 0.599999
      vertex 123.479 13.2334 0.599999
    endloop
  endfacet
  facet normal -0.429848 -0.902901 -0
    outer loop
      vertex 124.014 12.9787 0.599999
      vertex 123.479 13.2334 0
      vertex 124.014 12.9787 0
    endloop
  endfacet
  facet normal 0.482631 -0.875824 0
    outer loop
      vertex 118.931 12.828 0
      vertex 119.45 13.114 0.599999
      vertex 118.931 12.828 0.599999
    endloop
  endfacet
  facet normal 0.482631 -0.875824 0
    outer loop
      vertex 119.45 13.114 0.599999
      vertex 118.931 12.828 0
      vertex 119.45 13.114 0
    endloop
  endfacet
  facet normal 0.482644 0.875817 -0
    outer loop
      vertex 119.45 4.08601 0
      vertex 118.931 4.37202 0.599999
      vertex 119.45 4.08601 0.599999
    endloop
  endfacet
  facet normal 0.482644 0.875817 0
    outer loop
      vertex 118.931 4.37202 0.599999
      vertex 119.45 4.08601 0
      vertex 118.931 4.37202 0
    endloop
  endfacet
  facet normal -0.630033 -0.776568 0
    outer loop
      vertex 124.515 12.6624 0
      vertex 124.975 12.2892 0.599999
      vertex 124.515 12.6624 0.599999
    endloop
  endfacet
  facet normal -0.630033 -0.776568 -0
    outer loop
      vertex 124.975 12.2892 0.599999
      vertex 124.515 12.6624 0
      vertex 124.975 12.2892 0
    endloop
  endfacet
  facet normal -0.956409 0.292031 0
    outer loop
      vertex 126.287 6.85899 0
      vertex 126.46 7.42557 0.599999
      vertex 126.46 7.42557 0
    endloop
  endfacet
  facet normal -0.956409 0.292031 0
    outer loop
      vertex 126.46 7.42557 0.599999
      vertex 126.287 6.85899 0
      vertex 126.287 6.85899 0.599999
    endloop
  endfacet
  facet normal 0.674221 0.73853 -0
    outer loop
      vertex 118.45 4.71738 0
      vertex 118.012 5.11724 0.599999
      vertex 118.45 4.71738 0.599999
    endloop
  endfacet
  facet normal 0.674221 0.73853 0
    outer loop
      vertex 118.012 5.11724 0.599999
      vertex 118.45 4.71738 0
      vertex 118.012 5.11724 0
    endloop
  endfacet
  facet normal -0.320374 0.947291 0
    outer loop
      vertex 123.479 3.96655 0
      vertex 122.918 3.77682 0.599999
      vertex 123.479 3.96655 0.599999
    endloop
  endfacet
  facet normal -0.320374 0.947291 0
    outer loop
      vertex 122.918 3.77682 0.599999
      vertex 123.479 3.96655 0
      vertex 122.918 3.77682 0
    endloop
  endfacet
  facet normal 0.972082 -0.234643 0
    outer loop
      vertex 116.679 9.48445 0.599999
      vertex 116.818 10.0603 0
      vertex 116.818 10.0603 0.599999
    endloop
  endfacet
  facet normal 0.972082 -0.234643 0
    outer loop
      vertex 116.818 10.0603 0
      vertex 116.679 9.48445 0.599999
      vertex 116.679 9.48445 0
    endloop
  endfacet
  facet normal -0.533787 0.845619 0
    outer loop
      vertex 124.515 4.53757 0
      vertex 124.014 4.22132 0.599999
      vertex 124.515 4.53757 0.599999
    endloop
  endfacet
  facet normal -0.533787 0.845619 0
    outer loop
      vertex 124.014 4.22132 0.599999
      vertex 124.515 4.53757 0
      vertex 124.014 4.22132 0
    endloop
  endfacet
  facet normal 0.992994 0.118163 0
    outer loop
      vertex 116.679 7.71555 0.599999
      vertex 116.609 8.3038 0
      vertex 116.609 8.3038 0.599999
    endloop
  endfacet
  facet normal 0.992994 0.118163 0
    outer loop
      vertex 116.609 8.3038 0
      vertex 116.679 7.71555 0.599999
      vertex 116.679 7.71555 0
    endloop
  endfacet
  facet normal -0.915019 -0.403412 0
    outer loop
      vertex 126.287 10.341 0
      vertex 126.048 10.8831 0.599999
      vertex 126.048 10.8831 0
    endloop
  endfacet
  facet normal -0.915019 -0.403412 0
    outer loop
      vertex 126.048 10.8831 0.599999
      vertex 126.287 10.341 0
      vertex 126.287 10.341 0.599999
    endloop
  endfacet
  facet normal 0.37581 0.926697 -0
    outer loop
      vertex 119.999 3.86337 0
      vertex 119.45 4.08601 0.599999
      vertex 119.999 3.86337 0.599999
    endloop
  endfacet
  facet normal 0.37581 0.926697 0
    outer loop
      vertex 119.45 4.08601 0.599999
      vertex 119.999 3.86337 0
      vertex 119.45 4.08601 0
    endloop
  endfacet
  facet normal 0.992994 -0.118163 0
    outer loop
      vertex 116.609 8.8962 0.599999
      vertex 116.679 9.48445 0
      vertex 116.679 9.48445 0.599999
    endloop
  endfacet
  facet normal 0.992994 -0.118163 0
    outer loop
      vertex 116.679 9.48445 0
      vertex 116.609 8.8962 0.599999
      vertex 116.609 8.8962 0
    endloop
  endfacet
  facet normal 0.583236 0.812302 -0
    outer loop
      vertex 118.931 4.37202 0
      vertex 118.45 4.71738 0.599999
      vertex 118.931 4.37202 0.599999
    endloop
  endfacet
  facet normal 0.583236 0.812302 0
    outer loop
      vertex 118.45 4.71738 0.599999
      vertex 118.931 4.37202 0
      vertex 118.45 4.71738 0
    endloop
  endfacet
  facet normal -0.795241 0.606294 0
    outer loop
      vertex 125.388 5.33589 0
      vertex 125.747 5.80677 0.599999
      vertex 125.747 5.80677 0
    endloop
  endfacet
  facet normal -0.795241 0.606294 0
    outer loop
      vertex 125.747 5.80677 0.599999
      vertex 125.388 5.33589 0
      vertex 125.388 5.33589 0.599999
    endloop
  endfacet
  facet normal 0.82934 -0.558745 0
    outer loop
      vertex 117.295 11.1427 0.599999
      vertex 117.626 11.634 0
      vertex 117.626 11.634 0.599999
    endloop
  endfacet
  facet normal 0.82934 -0.558745 0
    outer loop
      vertex 117.626 11.634 0
      vertex 117.295 11.1427 0.599999
      vertex 117.295 11.1427 0
    endloop
  endfacet
  facet normal 0.97208 0.234651 0
    outer loop
      vertex 116.818 7.13972 0.599999
      vertex 116.679 7.71555 0
      vertex 116.679 7.71555 0.599999
    endloop
  endfacet
  facet normal 0.97208 0.234651 0
    outer loop
      vertex 116.679 7.71555 0
      vertex 116.818 7.13972 0.599999
      vertex 116.818 7.13972 0
    endloop
  endfacet
  facet normal -0.86123 0.508215 0
    outer loop
      vertex 125.747 5.80677 0
      vertex 126.048 6.31685 0.599999
      vertex 126.048 6.31685 0
    endloop
  endfacet
  facet normal -0.86123 0.508215 0
    outer loop
      vertex 126.048 6.31685 0.599999
      vertex 125.747 5.80677 0
      vertex 125.747 5.80677 0.599999
    endloop
  endfacet
  facet normal -0.205873 0.978579 0
    outer loop
      vertex 122.918 3.77682 0
      vertex 122.338 3.6548 0.599999
      vertex 122.918 3.77682 0.599999
    endloop
  endfacet
  facet normal -0.205873 0.978579 0
    outer loop
      vertex 122.338 3.6548 0.599999
      vertex 122.918 3.77682 0
      vertex 122.338 3.6548 0
    endloop
  endfacet
  facet normal -0.0888003 0.996049 0
    outer loop
      vertex 122.338 3.6548 0
      vertex 121.748 3.6022 0.599999
      vertex 122.338 3.6548 0.599999
    endloop
  endfacet
  facet normal -0.0888003 0.996049 0
    outer loop
      vertex 121.748 3.6022 0.599999
      vertex 122.338 3.6548 0
      vertex 121.748 3.6022 0
    endloop
  endfacet
  facet normal -0.630094 0.776519 0
    outer loop
      vertex 124.975 4.91083 0
      vertex 124.515 4.53757 0.599999
      vertex 124.975 4.91083 0.599999
    endloop
  endfacet
  facet normal -0.630094 0.776519 0
    outer loop
      vertex 124.515 4.53757 0.599999
      vertex 124.975 4.91083 0
      vertex 124.515 4.53757 0
    endloop
  endfacet
  facet normal 0.889322 0.457282 0
    outer loop
      vertex 117.295 6.05734 0.599999
      vertex 117.024 6.58438 0
      vertex 117.024 6.58438 0.599999
    endloop
  endfacet
  facet normal 0.889322 0.457282 0
    outer loop
      vertex 117.024 6.58438 0
      vertex 117.295 6.05734 0.599999
      vertex 117.295 6.05734 0
    endloop
  endfacet
  facet normal -0.0888003 -0.996049 0
    outer loop
      vertex 121.748 13.5978 0
      vertex 122.338 13.5452 0.599999
      vertex 121.748 13.5978 0.599999
    endloop
  endfacet
  facet normal -0.0888003 -0.996049 -0
    outer loop
      vertex 122.338 13.5452 0.599999
      vertex 121.748 13.5978 0
      vertex 122.338 13.5452 0
    endloop
  endfacet
  facet normal 0.889343 -0.457241 0
    outer loop
      vertex 117.024 10.6156 0.599999
      vertex 117.295 11.1427 0
      vertex 117.295 11.1427 0.599999
    endloop
  endfacet
  facet normal 0.889343 -0.457241 0
    outer loop
      vertex 117.295 11.1427 0
      vertex 117.024 10.6156 0.599999
      vertex 117.024 10.6156 0
    endloop
  endfacet
  facet normal -0.20584 -0.978586 0
    outer loop
      vertex 122.338 13.5452 0
      vertex 122.918 13.4232 0.599999
      vertex 122.338 13.5452 0.599999
    endloop
  endfacet
  facet normal -0.20584 -0.978586 -0
    outer loop
      vertex 122.918 13.4232 0.599999
      vertex 122.338 13.5452 0
      vertex 122.918 13.4232 0
    endloop
  endfacet
  facet normal 0.583281 -0.81227 0
    outer loop
      vertex 118.45 12.4826 0
      vertex 118.931 12.828 0.599999
      vertex 118.45 12.4826 0.599999
    endloop
  endfacet
  facet normal 0.583281 -0.81227 0
    outer loop
      vertex 118.931 12.828 0.599999
      vertex 118.45 12.4826 0
      vertex 118.931 12.828 0
    endloop
  endfacet
  facet normal 1 -0 0
    outer loop
      vertex 116.609 8.3038 0.599999
      vertex 116.609 8.8962 0
      vertex 116.609 8.8962 0.599999
    endloop
  endfacet
  facet normal 1 0 0
    outer loop
      vertex 116.609 8.8962 0
      vertex 116.609 8.3038 0.599999
      vertex 116.609 8.3038 0
    endloop
  endfacet
  facet normal 0.147631 0.989043 -0
    outer loop
      vertex 121.156 3.61975 0
      vertex 120.57 3.70722 0.599999
      vertex 121.156 3.61975 0.599999
    endloop
  endfacet
  facet normal 0.147631 0.989043 0
    outer loop
      vertex 120.57 3.70722 0.599999
      vertex 121.156 3.61975 0
      vertex 120.57 3.70722 0
    endloop
  endfacet
  facet normal -0.866171 -0.499747 0
    outer loop
      vertex 123.197 77.1814 2.25
      vertex 122.902 77.6927 2.5
      vertex 122.902 77.6927 2.25
    endloop
  endfacet
  facet normal -0.866171 -0.499747 0
    outer loop
      vertex 122.902 77.6927 2.5
      vertex 123.197 77.1814 2.25
      vertex 123.197 77.1814 2.5
    endloop
  endfacet
  facet normal -0.984667 -0.174442 0
    outer loop
      vertex 123.3 76.6 2.25
      vertex 123.197 77.1814 2.5
      vertex 123.197 77.1814 2.25
    endloop
  endfacet
  facet normal -0.984667 -0.174442 0
    outer loop
      vertex 123.197 77.1814 2.5
      vertex 123.3 76.6 2.25
      vertex 123.3 76.6 2.5
    endloop
  endfacet
  facet normal -0.643013 -0.765855 0
    outer loop
      vertex 122.45 78.0722 2.25
      vertex 122.902 77.6927 2.5
      vertex 122.45 78.0722 2.5
    endloop
  endfacet
  facet normal -0.643013 -0.765855 -0
    outer loop
      vertex 122.902 77.6927 2.5
      vertex 122.45 78.0722 2.25
      vertex 122.902 77.6927 2.25
    endloop
  endfacet
  facet normal 0.643013 -0.765855 0
    outer loop
      vertex 120.298 77.6927 2.25
      vertex 120.75 78.0722 2.5
      vertex 120.298 77.6927 2.5
    endloop
  endfacet
  facet normal 0.643013 -0.765855 0
    outer loop
      vertex 120.75 78.0722 2.5
      vertex 120.298 77.6927 2.25
      vertex 120.75 78.0722 2.25
    endloop
  endfacet
  facet normal 0.984667 0.174442 0
    outer loop
      vertex 120.003 76.0186 2.5
      vertex 119.9 76.6 2.25
      vertex 119.9 76.6 2.5
    endloop
  endfacet
  facet normal 0.984667 0.174442 0
    outer loop
      vertex 119.9 76.6 2.25
      vertex 120.003 76.0186 2.5
      vertex 120.003 76.0186 2.25
    endloop
  endfacet
  facet normal 0 -1 0
    outer loop
      vertex 121.305 78.2742 2.25
      vertex 121.895 78.2742 2.5
      vertex 121.305 78.2742 2.5
    endloop
  endfacet
  facet normal 0 -1 -0
    outer loop
      vertex 121.895 78.2742 2.5
      vertex 121.305 78.2742 2.25
      vertex 121.895 78.2742 2.25
    endloop
  endfacet
  facet normal -0.342015 -0.939695 0
    outer loop
      vertex 121.895 78.2742 2.25
      vertex 122.45 78.0722 2.5
      vertex 121.895 78.2742 2.5
    endloop
  endfacet
  facet normal -0.342015 -0.939695 -0
    outer loop
      vertex 122.45 78.0722 2.5
      vertex 121.895 78.2742 2.25
      vertex 122.45 78.0722 2.25
    endloop
  endfacet
  facet normal 0.342015 0.939695 -0
    outer loop
      vertex 121.305 74.9258 2.25
      vertex 120.75 75.1278 2.5
      vertex 121.305 74.9258 2.5
    endloop
  endfacet
  facet normal 0.342015 0.939695 0
    outer loop
      vertex 120.75 75.1278 2.5
      vertex 121.305 74.9258 2.25
      vertex 120.75 75.1278 2.25
    endloop
  endfacet
  facet normal -0.342015 0.939695 0
    outer loop
      vertex 122.45 75.1278 2.25
      vertex 121.895 74.9258 2.5
      vertex 122.45 75.1278 2.5
    endloop
  endfacet
  facet normal -0.342015 0.939695 0
    outer loop
      vertex 121.895 74.9258 2.5
      vertex 122.45 75.1278 2.25
      vertex 121.895 74.9258 2.25
    endloop
  endfacet
  facet normal -0.984667 0.174442 0
    outer loop
      vertex 123.197 76.0186 2.25
      vertex 123.3 76.6 2.5
      vertex 123.3 76.6 2.25
    endloop
  endfacet
  facet normal -0.984667 0.174442 0
    outer loop
      vertex 123.3 76.6 2.5
      vertex 123.197 76.0186 2.25
      vertex 123.197 76.0186 2.5
    endloop
  endfacet
  facet normal -0.866171 0.499747 0
    outer loop
      vertex 122.902 75.5073 2.25
      vertex 123.197 76.0186 2.5
      vertex 123.197 76.0186 2.25
    endloop
  endfacet
  facet normal -0.866171 0.499747 0
    outer loop
      vertex 123.197 76.0186 2.5
      vertex 122.902 75.5073 2.25
      vertex 122.902 75.5073 2.5
    endloop
  endfacet
  facet normal 0.866171 -0.499747 0
    outer loop
      vertex 120.003 77.1814 2.5
      vertex 120.298 77.6927 2.25
      vertex 120.298 77.6927 2.5
    endloop
  endfacet
  facet normal 0.866171 -0.499747 0
    outer loop
      vertex 120.298 77.6927 2.25
      vertex 120.003 77.1814 2.5
      vertex 120.003 77.1814 2.25
    endloop
  endfacet
  facet normal 0 1 -0
    outer loop
      vertex 121.895 74.9258 2.25
      vertex 121.305 74.9258 2.5
      vertex 121.895 74.9258 2.5
    endloop
  endfacet
  facet normal 0 1 0
    outer loop
      vertex 121.305 74.9258 2.5
      vertex 121.895 74.9258 2.25
      vertex 121.305 74.9258 2.25
    endloop
  endfacet
  facet normal 0.984667 -0.174442 0
    outer loop
      vertex 119.9 76.6 2.5
      vertex 120.003 77.1814 2.25
      vertex 120.003 77.1814 2.5
    endloop
  endfacet
  facet normal 0.984667 -0.174442 0
    outer loop
      vertex 120.003 77.1814 2.25
      vertex 119.9 76.6 2.5
      vertex 119.9 76.6 2.25
    endloop
  endfacet
  facet normal 0.342015 -0.939695 0
    outer loop
      vertex 120.75 78.0722 2.25
      vertex 121.305 78.2742 2.5
      vertex 120.75 78.0722 2.5
    endloop
  endfacet
  facet normal 0.342015 -0.939695 0
    outer loop
      vertex 121.305 78.2742 2.5
      vertex 120.75 78.0722 2.25
      vertex 121.305 78.2742 2.25
    endloop
  endfacet
  facet normal -0.643013 0.765855 0
    outer loop
      vertex 122.902 75.5073 2.25
      vertex 122.45 75.1278 2.5
      vertex 122.902 75.5073 2.5
    endloop
  endfacet
  facet normal -0.643013 0.765855 0
    outer loop
      vertex 122.45 75.1278 2.5
      vertex 122.902 75.5073 2.25
      vertex 122.45 75.1278 2.25
    endloop
  endfacet
  facet normal 0.866171 0.499747 0
    outer loop
      vertex 120.298 75.5073 2.5
      vertex 120.003 76.0186 2.25
      vertex 120.003 76.0186 2.5
    endloop
  endfacet
  facet normal 0.866171 0.499747 0
    outer loop
      vertex 120.003 76.0186 2.25
      vertex 120.298 75.5073 2.5
      vertex 120.298 75.5073 2.25
    endloop
  endfacet
  facet normal 0.643013 0.765855 -0
    outer loop
      vertex 120.75 75.1278 2.25
      vertex 120.298 75.5073 2.5
      vertex 120.75 75.1278 2.5
    endloop
  endfacet
  facet normal 0.643013 0.765855 0
    outer loop
      vertex 120.298 75.5073 2.5
      vertex 120.75 75.1278 2.25
      vertex 120.298 75.5073 2.25
    endloop
  endfacet
  facet normal -0.684172 -0.183447 -0.705872
    outer loop
      vertex 124.748 77.7458 0.599999
      vertex 124.897 77.1901 0.599999
      vertex 123.197 77.1814 2.25
    endloop
  endfacet
  facet normal 0.705765 -0.0615851 -0.705764
    outer loop
      vertex 118.301 77.1817 0.599999
      vertex 119.926 76.8952 2.25
      vertex 118.251 76.6087 0.599999
    endloop
  endfacet
  facet normal -0.684172 0.183447 -0.705872
    outer loop
      vertex 124.897 76.0099 0.599999
      vertex 124.748 75.4542 0.599999
      vertex 123.197 76.0186 2.25
    endloop
  endfacet
  facet normal -0.704783 -0.0810095 -0.704783
    outer loop
      vertex 123.3 76.6 2.25
      vertex 124.949 76.6087 0.599999
      vertex 124.95 76.6 0.599999
    endloop
  endfacet
  facet normal -0.705789 -0.062163 -0.705689
    outer loop
      vertex 124.949 76.6087 0.599999
      vertex 123.3 76.6 2.25
      vertex 123.274 76.8952 2.25
    endloop
  endfacet
  facet normal -0.705765 -0.0615851 -0.705764
    outer loop
      vertex 124.899 77.1817 0.599999
      vertex 124.949 76.6087 0.599999
      vertex 123.274 76.8952 2.25
    endloop
  endfacet
  facet normal -0.580289 -0.406399 -0.705765
    outer loop
      vertex 124.171 78.7462 0.599999
      vertex 124.501 78.275 0.599999
      vertex 123.072 77.45 2.25
    endloop
  endfacet
  facet normal 0.18351 0.684273 -0.705758
    outer loop
      vertex 120.463 73.4498 0.599999
      vertex 121.019 75.0025 2.25
      vertex 121.305 74.9258 2.25
    endloop
  endfacet
  facet normal 0.168398 0.688902 -0.705022
    outer loop
      vertex 121.019 75.0025 2.25
      vertex 120.463 73.4498 0.599999
      vertex 120.454 73.452 0.599999
    endloop
  endfacet
  facet normal -0.64226 -0.298893 -0.705808
    outer loop
      vertex 123.072 77.45 2.25
      vertex 124.505 78.2671 0.599999
      vertex 123.197 77.1814 2.25
    endloop
  endfacet
  facet normal -0.631316 -0.319654 -0.706584
    outer loop
      vertex 124.505 78.2671 0.599999
      vertex 123.072 77.45 2.25
      vertex 124.501 78.275 0.599999
    endloop
  endfacet
  facet normal 0.684275 -0.183475 -0.705765
    outer loop
      vertex 118.45 77.7374 0.599999
      vertex 119.926 76.8952 2.25
      vertex 118.301 77.1817 0.599999
    endloop
  endfacet
  facet normal 0.501774 0.500338 -0.70561
    outer loop
      vertex 119.447 74.0338 0.599999
      vertex 120.298 75.5073 2.25
      vertex 120.507 75.2977 2.25
    endloop
  endfacet
  facet normal 0.500891 0.501013 -0.705758
    outer loop
      vertex 120.298 75.5073 2.25
      vertex 119.447 74.0338 0.599999
      vertex 119.034 74.4467 0.599999
    endloop
  endfacet
  facet normal 0.183261 -0.684305 -0.705792
    outer loop
      vertex 121.01 79.8969 0.599999
      vertex 121.019 78.1975 2.25
      vertex 120.454 79.748 0.599999
    endloop
  endfacet
  facet normal 0 -0 -1
    outer loop
      vertex 120.507 77.9023 2.25
      vertex 120.75 78.0722 2.25
      vertex 120.298 77.6927 2.25
    endloop
  endfacet
  facet normal 0 0 -1
    outer loop
      vertex 123.3 76.6 2.25
      vertex 123.274 76.3048 2.25
      vertex 123.197 76.0186 2.25
    endloop
  endfacet
  facet normal -0 -0 -1
    outer loop
      vertex 123.274 76.8952 2.25
      vertex 123.3 76.6 2.25
      vertex 123.197 77.1814 2.25
    endloop
  endfacet
  facet normal 0 -0 -1
    outer loop
      vertex 121.019 78.1975 2.25
      vertex 121.305 78.2742 2.25
      vertex 120.75 78.0722 2.25
    endloop
  endfacet
  facet normal 0 0 -1
    outer loop
      vertex 121.305 74.9258 2.25
      vertex 121.019 75.0025 2.25
      vertex 120.75 75.1278 2.25
    endloop
  endfacet
  facet normal -0 -0 -1
    outer loop
      vertex 123.072 77.45 2.25
      vertex 123.197 77.1814 2.25
      vertex 122.902 77.6927 2.25
    endloop
  endfacet
  facet normal -0 0 -1
    outer loop
      vertex 121.895 74.9258 2.25
      vertex 121.6 74.9 2.25
      vertex 121.305 74.9258 2.25
    endloop
  endfacet
  facet normal 0 0 -1
    outer loop
      vertex 120.298 75.5073 2.25
      vertex 120.128 75.75 2.25
      vertex 120.003 76.0186 2.25
    endloop
  endfacet
  facet normal 0 0 -1
    outer loop
      vertex 120.75 75.1278 2.25
      vertex 120.507 75.2977 2.25
      vertex 120.298 75.5073 2.25
    endloop
  endfacet
  facet normal 0 0 -1
    outer loop
      vertex 123.197 76.0186 2.25
      vertex 123.072 75.75 2.25
      vertex 122.902 75.5073 2.25
    endloop
  endfacet
  facet normal -0 -0 -1
    outer loop
      vertex 122.181 78.1975 2.25
      vertex 122.45 78.0722 2.25
      vertex 121.895 78.2742 2.25
    endloop
  endfacet
  facet normal -0 -0 -1
    outer loop
      vertex 122.693 77.9023 2.25
      vertex 122.902 77.6927 2.25
      vertex 122.45 78.0722 2.25
    endloop
  endfacet
  facet normal 0 -0 -1
    outer loop
      vertex 119.926 76.8952 2.25
      vertex 120.003 77.1814 2.25
      vertex 119.9 76.6 2.25
    endloop
  endfacet
  facet normal 0 -0 -1
    outer loop
      vertex 120.128 77.45 2.25
      vertex 120.298 77.6927 2.25
      vertex 120.003 77.1814 2.25
    endloop
  endfacet
  facet normal 0 -0 -1
    outer loop
      vertex 121.6 78.3 2.25
      vertex 121.895 78.2742 2.25
      vertex 121.305 78.2742 2.25
    endloop
  endfacet
  facet normal 0 0 -1
    outer loop
      vertex 122.45 75.1278 2.25
      vertex 122.181 75.0025 2.25
      vertex 121.895 74.9258 2.25
    endloop
  endfacet
  facet normal 0 0 -1
    outer loop
      vertex 120.003 76.0186 2.25
      vertex 119.926 76.3048 2.25
      vertex 119.9 76.6 2.25
    endloop
  endfacet
  facet normal 0 0 -1
    outer loop
      vertex 122.902 75.5073 2.25
      vertex 122.693 75.2977 2.25
      vertex 122.45 75.1278 2.25
    endloop
  endfacet
  facet normal -0.500949 -0.500949 -0.705761
    outer loop
      vertex 122.902 77.6927 2.25
      vertex 123.753 79.1663 0.599999
      vertex 124.166 78.7533 0.599999
    endloop
  endfacet
  facet normal -0.501763 -0.500327 -0.705625
    outer loop
      vertex 123.753 79.1663 0.599999
      vertex 122.902 77.6927 2.25
      vertex 122.693 77.9023 2.25
    endloop
  endfacet
  facet normal 0.580289 -0.406399 -0.705765
    outer loop
      vertex 119.029 78.7462 0.599999
      vertex 120.128 77.45 2.25
      vertex 118.699 78.275 0.599999
    endloop
  endfacet
  facet normal 0.684268 0.183506 -0.705764
    outer loop
      vertex 119.926 76.3048 2.25
      vertex 118.45 75.4627 0.599999
      vertex 118.301 76.0183 0.599999
    endloop
  endfacet
  facet normal 0.642247 0.298886 -0.705823
    outer loop
      vertex 118.456 75.4463 0.599999
      vertex 120.003 76.0186 2.25
      vertex 120.128 75.75 2.25
    endloop
  endfacet
  facet normal 0.633016 0.320515 -0.70467
    outer loop
      vertex 120.003 76.0186 2.25
      vertex 118.456 75.4463 0.599999
      vertex 118.452 75.4542 0.599999
    endloop
  endfacet
  facet normal -0.642019 -0.299272 -0.705867
    outer loop
      vertex 124.505 78.2671 0.599999
      vertex 124.748 77.7458 0.599999
      vertex 123.197 77.1814 2.25
    endloop
  endfacet
  facet normal -0.299553 0.641987 -0.705776
    outer loop
      vertex 123.275 73.6988 0.599999
      vertex 122.754 73.4557 0.599999
      vertex 122.45 75.1278 2.25
    endloop
  endfacet
  facet normal 0.642111 0.299315 -0.705764
    outer loop
      vertex 120.128 75.75 2.25
      vertex 118.699 74.925 0.599999
      vertex 118.456 75.4463 0.599999
    endloop
  endfacet
  facet normal -0.642019 0.299272 -0.705867
    outer loop
      vertex 124.748 75.4542 0.599999
      vertex 124.505 74.9329 0.599999
      vertex 123.197 76.0186 2.25
    endloop
  endfacet
  facet normal -0.0627302 -0.705714 -0.705714
    outer loop
      vertex 121.609 79.9492 0.599999
      vertex 121.6 78.3 2.25
      vertex 121.6 79.95 0.599999
    endloop
  endfacet
  facet normal -0.0617242 -0.705761 -0.705756
    outer loop
      vertex 121.6 78.3 2.25
      vertex 121.609 79.9492 0.599999
      vertex 121.895 78.2742 2.25
    endloop
  endfacet
  facet normal 0.405943 -0.580602 -0.70577
    outer loop
      vertex 119.918 79.4962 0.599999
      vertex 120.75 78.0722 2.25
      vertex 120.507 77.9023 2.25
    endloop
  endfacet
  facet normal 0.411952 -0.576733 -0.705461
    outer loop
      vertex 120.75 78.0722 2.25
      vertex 119.918 79.4962 0.599999
      vertex 119.925 79.5012 0.599999
    endloop
  endfacet
  facet normal -0.168398 0.688902 -0.705022
    outer loop
      vertex 122.737 73.4498 0.599999
      vertex 122.181 75.0025 2.25
      vertex 122.746 73.452 0.599999
    endloop
  endfacet
  facet normal -0.18351 0.684273 -0.705758
    outer loop
      vertex 122.181 75.0025 2.25
      vertex 122.737 73.4498 0.599999
      vertex 121.895 74.9258 2.25
    endloop
  endfacet
  facet normal -0.406519 0.580213 -0.705759
    outer loop
      vertex 123.746 74.0288 0.599999
      vertex 123.275 73.6988 0.599999
      vertex 122.45 75.1278 2.25
    endloop
  endfacet
  facet normal -0.580252 -0.40644 -0.705772
    outer loop
      vertex 122.902 77.6927 2.25
      vertex 124.171 78.7462 0.599999
      vertex 123.072 77.45 2.25
    endloop
  endfacet
  facet normal -0.579165 -0.407863 -0.705844
    outer loop
      vertex 124.171 78.7462 0.599999
      vertex 122.902 77.6927 2.25
      vertex 124.166 78.7533 0.599999
    endloop
  endfacet
  facet normal 0.580289 0.406399 -0.705765
    outer loop
      vertex 120.298 75.5073 2.25
      vertex 119.034 74.4467 0.599999
      vertex 118.704 74.9179 0.599999
    endloop
  endfacet
  facet normal 0.406564 0.580278 -0.705679
    outer loop
      vertex 120.507 75.2977 2.25
      vertex 119.918 73.7038 0.599999
      vertex 119.447 74.0338 0.599999
    endloop
  endfacet
  facet normal -0.631316 0.319654 -0.706584
    outer loop
      vertex 123.072 75.75 2.25
      vertex 124.505 74.9329 0.599999
      vertex 124.501 74.925 0.599999
    endloop
  endfacet
  facet normal -0.64226 0.298893 -0.705808
    outer loop
      vertex 124.505 74.9329 0.599999
      vertex 123.072 75.75 2.25
      vertex 123.197 76.0186 2.25
    endloop
  endfacet
  facet normal 0.406474 -0.580325 -0.705692
    outer loop
      vertex 119.918 79.4962 0.599999
      vertex 120.507 77.9023 2.25
      vertex 119.447 79.1663 0.599999
    endloop
  endfacet
  facet normal 0.0617079 0.705761 -0.705758
    outer loop
      vertex 121.305 74.9258 2.25
      vertex 121.591 73.2508 0.599999
      vertex 121.018 73.3009 0.599999
    endloop
  endfacet
  facet normal -0.183509 -0.684272 -0.705759
    outer loop
      vertex 121.895 78.2742 2.25
      vertex 122.19 79.8969 0.599999
      vertex 122.181 78.1975 2.25
    endloop
  endfacet
  facet normal -0.187901 -0.683278 -0.705567
    outer loop
      vertex 122.19 79.8969 0.599999
      vertex 121.895 78.2742 2.25
      vertex 122.182 79.8991 0.599999
    endloop
  endfacet
  facet normal 0.0617079 -0.705761 -0.705758
    outer loop
      vertex 121.591 79.9492 0.599999
      vertex 121.305 78.2742 2.25
      vertex 121.018 79.8991 0.599999
    endloop
  endfacet
  facet normal -0.580289 0.406399 -0.705765
    outer loop
      vertex 124.496 74.9179 0.599999
      vertex 124.166 74.4467 0.599999
      vertex 122.902 75.5073 2.25
    endloop
  endfacet
  facet normal 0.642247 -0.298886 -0.705823
    outer loop
      vertex 120.003 77.1814 2.25
      vertex 118.456 77.7537 0.599999
      vertex 120.128 77.45 2.25
    endloop
  endfacet
  facet normal 0.633016 -0.320515 -0.70467
    outer loop
      vertex 118.456 77.7537 0.599999
      vertex 120.003 77.1814 2.25
      vertex 118.452 77.7458 0.599999
    endloop
  endfacet
  facet normal -0.411672 0.576341 -0.705945
    outer loop
      vertex 123.746 74.0288 0.599999
      vertex 122.693 75.2977 2.25
      vertex 123.753 74.0338 0.599999
    endloop
  endfacet
  facet normal -0.406002 0.580686 -0.705667
    outer loop
      vertex 122.693 75.2977 2.25
      vertex 123.746 74.0288 0.599999
      vertex 122.45 75.1278 2.25
    endloop
  endfacet
  facet normal -0.705765 0.0615851 -0.705764
    outer loop
      vertex 124.949 76.5913 0.599999
      vertex 124.899 76.0183 0.599999
      vertex 123.274 76.3048 2.25
    endloop
  endfacet
  facet normal -0.704783 0.0810095 -0.704783
    outer loop
      vertex 124.949 76.5913 0.599999
      vertex 123.3 76.6 2.25
      vertex 124.95 76.6 0.599999
    endloop
  endfacet
  facet normal -0.705789 0.062163 -0.705689
    outer loop
      vertex 123.3 76.6 2.25
      vertex 124.949 76.5913 0.599999
      vertex 123.274 76.3048 2.25
    endloop
  endfacet
  facet normal -0.0617079 -0.705761 -0.705758
    outer loop
      vertex 122.182 79.8991 0.599999
      vertex 121.895 78.2742 2.25
      vertex 121.609 79.9492 0.599999
    endloop
  endfacet
  facet normal 0.297327 0.64287 -0.705914
    outer loop
      vertex 120.446 73.4557 0.599999
      vertex 121.019 75.0025 2.25
      vertex 120.454 73.452 0.599999
    endloop
  endfacet
  facet normal 0.299104 0.64213 -0.705837
    outer loop
      vertex 121.019 75.0025 2.25
      vertex 120.446 73.4557 0.599999
      vertex 120.75 75.1278 2.25
    endloop
  endfacet
  facet normal -0.579296 0.407955 -0.705683
    outer loop
      vertex 124.496 74.9179 0.599999
      vertex 123.072 75.75 2.25
      vertex 124.501 74.925 0.599999
    endloop
  endfacet
  facet normal -0.580264 0.406448 -0.705758
    outer loop
      vertex 123.072 75.75 2.25
      vertex 124.496 74.9179 0.599999
      vertex 122.902 75.5073 2.25
    endloop
  endfacet
  facet normal 0.299538 -0.641955 -0.705812
    outer loop
      vertex 120.454 79.748 0.599999
      vertex 121.019 78.1975 2.25
      vertex 119.933 79.5049 0.599999
    endloop
  endfacet
  facet normal 0.705789 0.062163 -0.705689
    outer loop
      vertex 118.251 76.5913 0.599999
      vertex 119.9 76.6 2.25
      vertex 119.926 76.3048 2.25
    endloop
  endfacet
  facet normal 0.704783 0.0810095 -0.704783
    outer loop
      vertex 119.9 76.6 2.25
      vertex 118.251 76.5913 0.599999
      vertex 118.25 76.6 0.599999
    endloop
  endfacet
  facet normal -0.406519 -0.580213 -0.705759
    outer loop
      vertex 123.275 79.5012 0.599999
      vertex 123.746 79.1712 0.599999
      vertex 122.45 78.0722 2.25
    endloop
  endfacet
  facet normal -0.688468 -0.163921 -0.706499
    outer loop
      vertex 123.274 76.8952 2.25
      vertex 124.897 77.1901 0.599999
      vertex 124.899 77.1817 0.599999
    endloop
  endfacet
  facet normal -0.684092 -0.18405 -0.705793
    outer loop
      vertex 124.897 77.1901 0.599999
      vertex 123.274 76.8952 2.25
      vertex 123.197 77.1814 2.25
    endloop
  endfacet
  facet normal 0.705765 0.0615851 -0.705764
    outer loop
      vertex 119.926 76.3048 2.25
      vertex 118.301 76.0183 0.599999
      vertex 118.251 76.5913 0.599999
    endloop
  endfacet
  facet normal -0.183575 0.684246 -0.705768
    outer loop
      vertex 122.737 73.4498 0.599999
      vertex 122.182 73.3009 0.599999
      vertex 121.895 74.9258 2.25
    endloop
  endfacet
  facet normal 0.29914 -0.642208 -0.705751
    outer loop
      vertex 120.75 78.0722 2.25
      vertex 119.933 79.5049 0.599999
      vertex 121.019 78.1975 2.25
    endloop
  endfacet
  facet normal 0.297429 -0.643091 -0.70567
    outer loop
      vertex 119.933 79.5049 0.599999
      vertex 120.75 78.0722 2.25
      vertex 119.925 79.5012 0.599999
    endloop
  endfacet
  facet normal -0.500891 0.501013 -0.705758
    outer loop
      vertex 123.753 74.0338 0.599999
      vertex 122.902 75.5073 2.25
      vertex 124.166 74.4467 0.599999
    endloop
  endfacet
  facet normal -0.501774 0.500338 -0.70561
    outer loop
      vertex 122.902 75.5073 2.25
      vertex 123.753 74.0338 0.599999
      vertex 122.693 75.2977 2.25
    endloop
  endfacet
  facet normal 0.411952 0.576733 -0.705461
    outer loop
      vertex 119.918 73.7038 0.599999
      vertex 120.75 75.1278 2.25
      vertex 119.925 73.6988 0.599999
    endloop
  endfacet
  facet normal 0.405943 0.580602 -0.70577
    outer loop
      vertex 120.75 75.1278 2.25
      vertex 119.918 73.7038 0.599999
      vertex 120.507 75.2977 2.25
    endloop
  endfacet
  facet normal 0.299553 0.641987 -0.705776
    outer loop
      vertex 120.75 75.1278 2.25
      vertex 120.446 73.4557 0.599999
      vertex 119.925 73.6988 0.599999
    endloop
  endfacet
  facet normal 0.183509 -0.684272 -0.705759
    outer loop
      vertex 121.01 79.8969 0.599999
      vertex 121.305 78.2742 2.25
      vertex 121.019 78.1975 2.25
    endloop
  endfacet
  facet normal 0.187901 -0.683278 -0.705567
    outer loop
      vertex 121.305 78.2742 2.25
      vertex 121.01 79.8969 0.599999
      vertex 121.018 79.8991 0.599999
    endloop
  endfacet
  facet normal 0.580264 0.406448 -0.705758
    outer loop
      vertex 118.704 74.9179 0.599999
      vertex 120.128 75.75 2.25
      vertex 120.298 75.5073 2.25
    endloop
  endfacet
  facet normal 0.579296 0.407955 -0.705683
    outer loop
      vertex 120.128 75.75 2.25
      vertex 118.704 74.9179 0.599999
      vertex 118.699 74.925 0.599999
    endloop
  endfacet
  facet normal -0.688468 0.163921 -0.706499
    outer loop
      vertex 124.897 76.0099 0.599999
      vertex 123.274 76.3048 2.25
      vertex 124.899 76.0183 0.599999
    endloop
  endfacet
  facet normal -0.684092 0.18405 -0.705793
    outer loop
      vertex 123.274 76.3048 2.25
      vertex 124.897 76.0099 0.599999
      vertex 123.197 76.0186 2.25
    endloop
  endfacet
  facet normal -0.297429 -0.643091 -0.70567
    outer loop
      vertex 122.45 78.0722 2.25
      vertex 123.267 79.5049 0.599999
      vertex 123.275 79.5012 0.599999
    endloop
  endfacet
  facet normal -0.29914 -0.642208 -0.705751
    outer loop
      vertex 123.267 79.5049 0.599999
      vertex 122.45 78.0722 2.25
      vertex 122.181 78.1975 2.25
    endloop
  endfacet
  facet normal -0.406314 -0.580448 -0.705684
    outer loop
      vertex 122.693 77.9023 2.25
      vertex 123.746 79.1712 0.599999
      vertex 123.753 79.1663 0.599999
    endloop
  endfacet
  facet normal -0.406002 -0.580686 -0.705667
    outer loop
      vertex 123.746 79.1712 0.599999
      vertex 122.693 77.9023 2.25
      vertex 122.45 78.0722 2.25
    endloop
  endfacet
  facet normal 0.705789 -0.062163 -0.705689
    outer loop
      vertex 119.9 76.6 2.25
      vertex 118.251 76.6087 0.599999
      vertex 119.926 76.8952 2.25
    endloop
  endfacet
  facet normal 0.704783 -0.0810095 -0.704783
    outer loop
      vertex 118.251 76.6087 0.599999
      vertex 119.9 76.6 2.25
      vertex 118.25 76.6 0.599999
    endloop
  endfacet
  facet normal 0.0627302 0.705714 -0.705714
    outer loop
      vertex 121.591 73.2508 0.599999
      vertex 121.6 74.9 2.25
      vertex 121.6 73.25 0.599999
    endloop
  endfacet
  facet normal 0.0617242 0.705761 -0.705756
    outer loop
      vertex 121.6 74.9 2.25
      vertex 121.591 73.2508 0.599999
      vertex 121.305 74.9258 2.25
    endloop
  endfacet
  facet normal 0.0617242 -0.705761 -0.705756
    outer loop
      vertex 121.591 79.9492 0.599999
      vertex 121.6 78.3 2.25
      vertex 121.305 78.2742 2.25
    endloop
  endfacet
  facet normal 0.0627302 -0.705714 -0.705714
    outer loop
      vertex 121.6 78.3 2.25
      vertex 121.591 79.9492 0.599999
      vertex 121.6 79.95 0.599999
    endloop
  endfacet
  facet normal -0.297327 0.64287 -0.705914
    outer loop
      vertex 122.181 75.0025 2.25
      vertex 122.754 73.4557 0.599999
      vertex 122.746 73.452 0.599999
    endloop
  endfacet
  facet normal -0.299104 0.64213 -0.705837
    outer loop
      vertex 122.754 73.4557 0.599999
      vertex 122.181 75.0025 2.25
      vertex 122.45 75.1278 2.25
    endloop
  endfacet
  facet normal 0.580252 -0.40644 -0.705772
    outer loop
      vertex 119.029 78.7462 0.599999
      vertex 120.298 77.6927 2.25
      vertex 120.128 77.45 2.25
    endloop
  endfacet
  facet normal 0.579165 -0.407863 -0.705844
    outer loop
      vertex 120.298 77.6927 2.25
      vertex 119.029 78.7462 0.599999
      vertex 119.034 78.7533 0.599999
    endloop
  endfacet
  facet normal 0.501763 -0.500327 -0.705625
    outer loop
      vertex 120.298 77.6927 2.25
      vertex 119.447 79.1663 0.599999
      vertex 120.507 77.9023 2.25
    endloop
  endfacet
  facet normal 0.500949 -0.500949 -0.705761
    outer loop
      vertex 119.447 79.1663 0.599999
      vertex 120.298 77.6927 2.25
      vertex 119.034 78.7533 0.599999
    endloop
  endfacet
  facet normal 0.6906 0.162494 -0.704746
    outer loop
      vertex 118.45 75.4627 0.599999
      vertex 120.003 76.0186 2.25
      vertex 118.452 75.4542 0.599999
    endloop
  endfacet
  facet normal 0.684048 0.184038 -0.705838
    outer loop
      vertex 120.003 76.0186 2.25
      vertex 118.45 75.4627 0.599999
      vertex 119.926 76.3048 2.25
    endloop
  endfacet
  facet normal -0.0627302 0.705714 -0.705714
    outer loop
      vertex 121.6 74.9 2.25
      vertex 121.609 73.2508 0.599999
      vertex 121.6 73.25 0.599999
    endloop
  endfacet
  facet normal -0.0617242 0.705761 -0.705756
    outer loop
      vertex 121.609 73.2508 0.599999
      vertex 121.6 74.9 2.25
      vertex 121.895 74.9258 2.25
    endloop
  endfacet
  facet normal -0.0617079 0.705761 -0.705758
    outer loop
      vertex 121.895 74.9258 2.25
      vertex 122.182 73.3009 0.599999
      vertex 121.609 73.2508 0.599999
    endloop
  endfacet
  facet normal 0.684043 -0.184037 -0.705844
    outer loop
      vertex 118.45 77.7374 0.599999
      vertex 120.003 77.1814 2.25
      vertex 119.926 76.8952 2.25
    endloop
  endfacet
  facet normal 0.69006 -0.1643 -0.704857
    outer loop
      vertex 120.003 77.1814 2.25
      vertex 118.45 77.7374 0.599999
      vertex 118.452 77.7458 0.599999
    endloop
  endfacet
  facet normal -0.299538 -0.641955 -0.705812
    outer loop
      vertex 122.746 79.748 0.599999
      vertex 123.267 79.5049 0.599999
      vertex 122.181 78.1975 2.25
    endloop
  endfacet
  facet normal 0.183575 0.684246 -0.705768
    outer loop
      vertex 121.305 74.9258 2.25
      vertex 121.018 73.3009 0.599999
      vertex 120.463 73.4498 0.599999
    endloop
  endfacet
  facet normal -0.183261 -0.684305 -0.705792
    outer loop
      vertex 122.19 79.8969 0.599999
      vertex 122.746 79.748 0.599999
      vertex 122.181 78.1975 2.25
    endloop
  endfacet
  facet normal 0.642111 -0.299315 -0.705764
    outer loop
      vertex 118.699 78.275 0.599999
      vertex 120.128 77.45 2.25
      vertex 118.456 77.7537 0.599999
    endloop
  endfacet
  facet normal 0.0297166 0.999558 -0
    outer loop
      vertex 121.748 71.6022 0
      vertex 121.156 71.6198 0.599999
      vertex 121.748 71.6022 0.599999
    endloop
  endfacet
  facet normal 0.0297166 0.999558 0
    outer loop
      vertex 121.156 71.6198 0.599999
      vertex 121.748 71.6022 0
      vertex 121.156 71.6198 0
    endloop
  endfacet
  facet normal -0.429848 0.902901 0
    outer loop
      vertex 124.014 72.2213 0
      vertex 123.479 71.9666 0.599999
      vertex 124.014 72.2213 0.599999
    endloop
  endfacet
  facet normal -0.429848 0.902901 0
    outer loop
      vertex 123.479 71.9666 0.599999
      vertex 124.014 72.2213 0
      vertex 123.479 71.9666 0
    endloop
  endfacet
  facet normal -0.984166 -0.177251 0
    outer loop
      vertex 126.565 77.1914 0
      vertex 126.46 77.7744 0.599999
      vertex 126.46 77.7744 0
    endloop
  endfacet
  facet normal -0.984166 -0.177251 0
    outer loop
      vertex 126.46 77.7744 0.599999
      vertex 126.565 77.1914 0
      vertex 126.565 77.1914 0.599999
    endloop
  endfacet
  facet normal -0.998253 -0.0590782 0
    outer loop
      vertex 126.6 76.6 0
      vertex 126.565 77.1914 0.599999
      vertex 126.565 77.1914 0
    endloop
  endfacet
  facet normal -0.998253 -0.0590782 0
    outer loop
      vertex 126.565 77.1914 0.599999
      vertex 126.6 76.6 0
      vertex 126.6 76.6 0.599999
    endloop
  endfacet
  facet normal -0.956412 -0.292021 0
    outer loop
      vertex 126.46 77.7744 0
      vertex 126.287 78.341 0.599999
      vertex 126.287 78.341 0
    endloop
  endfacet
  facet normal -0.956412 -0.292021 0
    outer loop
      vertex 126.287 78.341 0.599999
      vertex 126.46 77.7744 0
      vertex 126.46 77.7744 0.599999
    endloop
  endfacet
  facet normal -0.32048 -0.947255 0
    outer loop
      vertex 122.918 81.4232 0
      vertex 123.479 81.2334 0.599999
      vertex 122.918 81.4232 0.599999
    endloop
  endfacet
  facet normal -0.32048 -0.947255 -0
    outer loop
      vertex 123.479 81.2334 0.599999
      vertex 122.918 81.4232 0
      vertex 123.479 81.2334 0
    endloop
  endfacet
  facet normal 0.937565 0.347809 0
    outer loop
      vertex 117.024 74.5844 0.599999
      vertex 116.818 75.1397 0
      vertex 116.818 75.1397 0.599999
    endloop
  endfacet
  facet normal 0.937565 0.347809 0
    outer loop
      vertex 116.818 75.1397 0
      vertex 117.024 74.5844 0.599999
      vertex 117.024 74.5844 0
    endloop
  endfacet
  facet normal 0.0297166 -0.999558 0
    outer loop
      vertex 121.156 81.5802 0
      vertex 121.748 81.5978 0.599999
      vertex 121.156 81.5802 0.599999
    endloop
  endfacet
  facet normal 0.0297166 -0.999558 0
    outer loop
      vertex 121.748 81.5978 0.599999
      vertex 121.156 81.5802 0
      vertex 121.748 81.5978 0
    endloop
  endfacet
  facet normal -0.998253 0.0590782 0
    outer loop
      vertex 126.565 76.0086 0
      vertex 126.6 76.6 0.599999
      vertex 126.6 76.6 0
    endloop
  endfacet
  facet normal -0.998253 0.0590782 0
    outer loop
      vertex 126.6 76.6 0.599999
      vertex 126.565 76.0086 0
      vertex 126.565 76.0086 0.599999
    endloop
  endfacet
  facet normal -0.795253 -0.606277 0
    outer loop
      vertex 125.747 79.3932 0
      vertex 125.388 79.8641 0.599999
      vertex 125.388 79.8641 0
    endloop
  endfacet
  facet normal -0.795253 -0.606277 0
    outer loop
      vertex 125.388 79.8641 0.599999
      vertex 125.747 79.3932 0
      vertex 125.747 79.3932 0.599999
    endloop
  endfacet
  facet normal -0.915019 0.403412 0
    outer loop
      vertex 126.048 74.3169 0
      vertex 126.287 74.859 0.599999
      vertex 126.287 74.859 0
    endloop
  endfacet
  facet normal -0.915019 0.403412 0
    outer loop
      vertex 126.287 74.859 0.599999
      vertex 126.048 74.3169 0
      vertex 126.048 74.3169 0.599999
    endloop
  endfacet
  facet normal 0.147515 -0.98906 0
    outer loop
      vertex 120.57 81.4928 0
      vertex 121.156 81.5802 0.599999
      vertex 120.57 81.4928 0.599999
    endloop
  endfacet
  facet normal 0.147515 -0.98906 0
    outer loop
      vertex 121.156 81.5802 0.599999
      vertex 120.57 81.4928 0
      vertex 121.156 81.5802 0
    endloop
  endfacet
  facet normal 0.82934 0.558745 0
    outer loop
      vertex 117.626 73.566 0.599999
      vertex 117.295 74.0573 0
      vertex 117.295 74.0573 0.599999
    endloop
  endfacet
  facet normal 0.82934 0.558745 0
    outer loop
      vertex 117.295 74.0573 0
      vertex 117.626 73.566 0.599999
      vertex 117.626 73.566 0
    endloop
  endfacet
  facet normal -0.861239 -0.5082 0
    outer loop
      vertex 126.048 78.8831 0
      vertex 125.747 79.3932 0.599999
      vertex 125.747 79.3932 0
    endloop
  endfacet
  facet normal -0.861239 -0.5082 0
    outer loop
      vertex 125.747 79.3932 0.599999
      vertex 126.048 78.8831 0
      vertex 126.048 78.8831 0.599999
    endloop
  endfacet
  facet normal 0.263861 -0.964561 0
    outer loop
      vertex 119.999 81.3366 0
      vertex 120.57 81.4928 0.599999
      vertex 119.999 81.3366 0.599999
    endloop
  endfacet
  facet normal 0.263861 -0.964561 0
    outer loop
      vertex 120.57 81.4928 0.599999
      vertex 119.999 81.3366 0
      vertex 120.57 81.4928 0
    endloop
  endfacet
  facet normal 0.674165 -0.73858 0
    outer loop
      vertex 118.012 80.0828 0
      vertex 118.45 80.4826 0.599999
      vertex 118.012 80.0828 0.599999
    endloop
  endfacet
  facet normal 0.674165 -0.73858 0
    outer loop
      vertex 118.45 80.4826 0.599999
      vertex 118.012 80.0828 0
      vertex 118.45 80.4826 0
    endloop
  endfacet
  facet normal -0.984166 0.177251 0
    outer loop
      vertex 126.46 75.4256 0
      vertex 126.565 76.0086 0.599999
      vertex 126.565 76.0086 0
    endloop
  endfacet
  facet normal -0.984166 0.177251 0
    outer loop
      vertex 126.565 76.0086 0.599999
      vertex 126.46 75.4256 0
      vertex 126.46 75.4256 0.599999
    endloop
  endfacet
  facet normal 0.758158 -0.65207 0
    outer loop
      vertex 117.626 79.634 0.599999
      vertex 118.012 80.0828 0
      vertex 118.012 80.0828 0.599999
    endloop
  endfacet
  facet normal 0.758158 -0.65207 0
    outer loop
      vertex 118.012 80.0828 0
      vertex 117.626 79.634 0.599999
      vertex 117.626 79.634 0
    endloop
  endfacet
  facet normal -0.717241 -0.696825 0
    outer loop
      vertex 125.388 79.8641 0
      vertex 124.975 80.2892 0.599999
      vertex 124.975 80.2892 0
    endloop
  endfacet
  facet normal -0.717241 -0.696825 0
    outer loop
      vertex 124.975 80.2892 0.599999
      vertex 125.388 79.8641 0
      vertex 125.388 79.8641 0.599999
    endloop
  endfacet
  facet normal 0.375752 -0.92672 0
    outer loop
      vertex 119.45 81.114 0
      vertex 119.999 81.3366 0.599999
      vertex 119.45 81.114 0.599999
    endloop
  endfacet
  facet normal 0.375752 -0.92672 0
    outer loop
      vertex 119.999 81.3366 0.599999
      vertex 119.45 81.114 0
      vertex 119.999 81.3366 0
    endloop
  endfacet
  facet normal -0.717241 0.696825 0
    outer loop
      vertex 124.975 72.9108 0
      vertex 125.388 73.3359 0.599999
      vertex 125.388 73.3359 0
    endloop
  endfacet
  facet normal -0.717241 0.696825 0
    outer loop
      vertex 125.388 73.3359 0.599999
      vertex 124.975 72.9108 0
      vertex 124.975 72.9108 0.599999
    endloop
  endfacet
  facet normal -0.533847 -0.845581 0
    outer loop
      vertex 124.014 80.9787 0
      vertex 124.515 80.6624 0.599999
      vertex 124.014 80.9787 0.599999
    endloop
  endfacet
  facet normal -0.533847 -0.845581 -0
    outer loop
      vertex 124.515 80.6624 0.599999
      vertex 124.014 80.9787 0
      vertex 124.515 80.6624 0
    endloop
  endfacet
  facet normal 0.263861 0.964561 -0
    outer loop
      vertex 120.57 71.7072 0
      vertex 119.999 71.8634 0.599999
      vertex 120.57 71.7072 0.599999
    endloop
  endfacet
  facet normal 0.263861 0.964561 0
    outer loop
      vertex 119.999 71.8634 0.599999
      vertex 120.57 71.7072 0
      vertex 119.999 71.8634 0
    endloop
  endfacet
  facet normal 0.937565 -0.347809 0
    outer loop
      vertex 116.818 78.0603 0.599999
      vertex 117.024 78.6156 0
      vertex 117.024 78.6156 0.599999
    endloop
  endfacet
  facet normal 0.937565 -0.347809 0
    outer loop
      vertex 117.024 78.6156 0
      vertex 116.818 78.0603 0.599999
      vertex 116.818 78.0603 0
    endloop
  endfacet
  facet normal 0 0 -1
    outer loop
      vertex 124.949 76.5913 0.599999
      vertex 126.6 76.6 0.599999
      vertex 126.565 76.0086 0.599999
    endloop
  endfacet
  facet normal 0 0 -1
    outer loop
      vertex 124.899 76.0183 0.599999
      vertex 126.565 76.0086 0.599999
      vertex 126.46 75.4256 0.599999
    endloop
  endfacet
  facet normal -0 0 -1
    outer loop
      vertex 126.6 76.6 0.599999
      vertex 124.949 76.5913 0.599999
      vertex 124.95 76.6 0.599999
    endloop
  endfacet
  facet normal 0 0 -1
    outer loop
      vertex 124.748 75.4542 0.599999
      vertex 126.46 75.4256 0.599999
      vertex 126.287 74.859 0.599999
    endloop
  endfacet
  facet normal 0 0 -1
    outer loop
      vertex 124.949 76.6087 0.599999
      vertex 126.6 76.6 0.599999
      vertex 124.95 76.6 0.599999
    endloop
  endfacet
  facet normal 0 0 -1
    outer loop
      vertex 124.748 75.4542 0.599999
      vertex 126.287 74.859 0.599999
      vertex 126.048 74.3169 0.599999
    endloop
  endfacet
  facet normal 0 0 -1
    outer loop
      vertex 126.6 76.6 0.599999
      vertex 124.949 76.6087 0.599999
      vertex 126.565 77.1914 0.599999
    endloop
  endfacet
  facet normal 0 0 -1
    outer loop
      vertex 124.501 74.925 0.599999
      vertex 126.048 74.3169 0.599999
      vertex 125.747 73.8068 0.599999
    endloop
  endfacet
  facet normal 0 0 -1
    outer loop
      vertex 124.899 77.1817 0.599999
      vertex 126.565 77.1914 0.599999
      vertex 124.949 76.6087 0.599999
    endloop
  endfacet
  facet normal 0 0 -1
    outer loop
      vertex 124.166 74.4467 0.599999
      vertex 125.747 73.8068 0.599999
      vertex 125.388 73.3359 0.599999
    endloop
  endfacet
  facet normal 0 0 -1
    outer loop
      vertex 124.897 77.1901 0.599999
      vertex 126.46 77.7744 0.599999
      vertex 124.899 77.1817 0.599999
    endloop
  endfacet
  facet normal 0 0 -1
    outer loop
      vertex 124.166 74.4467 0.599999
      vertex 125.388 73.3359 0.599999
      vertex 124.975 72.9108 0.599999
    endloop
  endfacet
  facet normal 0 0 -1
    outer loop
      vertex 124.748 77.7458 0.599999
      vertex 126.46 77.7744 0.599999
      vertex 124.897 77.1901 0.599999
    endloop
  endfacet
  facet normal -0 0 -1
    outer loop
      vertex 126.46 77.7744 0.599999
      vertex 124.748 77.7458 0.599999
      vertex 126.287 78.341 0.599999
    endloop
  endfacet
  facet normal -0 0 -1
    outer loop
      vertex 126.565 77.1914 0.599999
      vertex 124.899 77.1817 0.599999
      vertex 126.46 77.7744 0.599999
    endloop
  endfacet
  facet normal 0 0 -1
    outer loop
      vertex 126.565 76.0086 0.599999
      vertex 124.899 76.0183 0.599999
      vertex 124.949 76.5913 0.599999
    endloop
  endfacet
  facet normal 0 0 -1
    outer loop
      vertex 126.46 75.4256 0.599999
      vertex 124.897 76.0099 0.599999
      vertex 124.899 76.0183 0.599999
    endloop
  endfacet
  facet normal 0 0 -1
    outer loop
      vertex 126.46 75.4256 0.599999
      vertex 124.748 75.4542 0.599999
      vertex 124.897 76.0099 0.599999
    endloop
  endfacet
  facet normal 0 0 -1
    outer loop
      vertex 123.753 74.0338 0.599999
      vertex 124.975 72.9108 0.599999
      vertex 124.515 72.5376 0.599999
    endloop
  endfacet
  facet normal 0 0 -1
    outer loop
      vertex 126.048 74.3169 0.599999
      vertex 124.505 74.9329 0.599999
      vertex 124.748 75.4542 0.599999
    endloop
  endfacet
  facet normal 0 0 -1
    outer loop
      vertex 126.048 74.3169 0.599999
      vertex 124.501 74.925 0.599999
      vertex 124.505 74.9329 0.599999
    endloop
  endfacet
  facet normal 0 0 -1
    outer loop
      vertex 125.747 73.8068 0.599999
      vertex 124.496 74.9179 0.599999
      vertex 124.501 74.925 0.599999
    endloop
  endfacet
  facet normal 0 0 -1
    outer loop
      vertex 125.747 73.8068 0.599999
      vertex 124.166 74.4467 0.599999
      vertex 124.496 74.9179 0.599999
    endloop
  endfacet
  facet normal 0 0 -1
    outer loop
      vertex 123.275 73.6988 0.599999
      vertex 124.515 72.5376 0.599999
      vertex 124.014 72.2213 0.599999
    endloop
  endfacet
  facet normal 0 0 -1
    outer loop
      vertex 124.975 72.9108 0.599999
      vertex 123.753 74.0338 0.599999
      vertex 124.166 74.4467 0.599999
    endloop
  endfacet
  facet normal 0 0 -1
    outer loop
      vertex 124.515 72.5376 0.599999
      vertex 123.746 74.0288 0.599999
      vertex 123.753 74.0338 0.599999
    endloop
  endfacet
  facet normal 0 0 -1
    outer loop
      vertex 123.275 73.6988 0.599999
      vertex 124.014 72.2213 0.599999
      vertex 123.479 71.9666 0.599999
    endloop
  endfacet
  facet normal 0 0 -1
    outer loop
      vertex 124.515 72.5376 0.599999
      vertex 123.275 73.6988 0.599999
      vertex 123.746 74.0288 0.599999
    endloop
  endfacet
  facet normal 0 0 -1
    outer loop
      vertex 122.737 73.4498 0.599999
      vertex 123.479 71.9666 0.599999
      vertex 122.918 71.7768 0.599999
    endloop
  endfacet
  facet normal 0 0 -1
    outer loop
      vertex 123.479 71.9666 0.599999
      vertex 122.754 73.4557 0.599999
      vertex 123.275 73.6988 0.599999
    endloop
  endfacet
  facet normal 0 0 -1
    outer loop
      vertex 123.479 71.9666 0.599999
      vertex 122.746 73.452 0.599999
      vertex 122.754 73.4557 0.599999
    endloop
  endfacet
  facet normal 0 0 -1
    outer loop
      vertex 123.479 71.9666 0.599999
      vertex 122.737 73.4498 0.599999
      vertex 122.746 73.452 0.599999
    endloop
  endfacet
  facet normal 0 0 -1
    outer loop
      vertex 122.182 73.3009 0.599999
      vertex 122.918 71.7768 0.599999
      vertex 122.338 71.6548 0.599999
    endloop
  endfacet
  facet normal 0 0 -1
    outer loop
      vertex 122.918 71.7768 0.599999
      vertex 122.182 73.3009 0.599999
      vertex 122.737 73.4498 0.599999
    endloop
  endfacet
  facet normal 0 0 -1
    outer loop
      vertex 121.748 71.6022 0.599999
      vertex 122.182 73.3009 0.599999
      vertex 122.338 71.6548 0.599999
    endloop
  endfacet
  facet normal 0 0 -1
    outer loop
      vertex 121.748 71.6022 0.599999
      vertex 121.609 73.2508 0.599999
      vertex 122.182 73.3009 0.599999
    endloop
  endfacet
  facet normal 0 0 -1
    outer loop
      vertex 121.748 71.6022 0.599999
      vertex 121.6 73.25 0.599999
      vertex 121.609 73.2508 0.599999
    endloop
  endfacet
  facet normal 0 0 -1
    outer loop
      vertex 121.748 71.6022 0.599999
      vertex 121.591 73.2508 0.599999
      vertex 121.6 73.25 0.599999
    endloop
  endfacet
  facet normal 0 0 -1
    outer loop
      vertex 121.156 71.6198 0.599999
      vertex 121.591 73.2508 0.599999
      vertex 121.748 71.6022 0.599999
    endloop
  endfacet
  facet normal 0 0 -1
    outer loop
      vertex 121.156 71.6198 0.599999
      vertex 121.018 73.3009 0.599999
      vertex 121.591 73.2508 0.599999
    endloop
  endfacet
  facet normal 0 0 -1
    outer loop
      vertex 120.57 71.7072 0.599999
      vertex 121.018 73.3009 0.599999
      vertex 121.156 71.6198 0.599999
    endloop
  endfacet
  facet normal 0 0 -1
    outer loop
      vertex 120.57 71.7072 0.599999
      vertex 120.463 73.4498 0.599999
      vertex 121.018 73.3009 0.599999
    endloop
  endfacet
  facet normal 0 0 -1
    outer loop
      vertex 119.999 71.8634 0.599999
      vertex 120.463 73.4498 0.599999
      vertex 120.57 71.7072 0.599999
    endloop
  endfacet
  facet normal -0 0 -1
    outer loop
      vertex 120.463 73.4498 0.599999
      vertex 119.999 71.8634 0.599999
      vertex 120.454 73.452 0.599999
    endloop
  endfacet
  facet normal -0 0 -1
    outer loop
      vertex 120.454 73.452 0.599999
      vertex 119.999 71.8634 0.599999
      vertex 120.446 73.4557 0.599999
    endloop
  endfacet
  facet normal 0 0 -1
    outer loop
      vertex 119.45 72.086 0.599999
      vertex 120.446 73.4557 0.599999
      vertex 119.999 71.8634 0.599999
    endloop
  endfacet
  facet normal -0 0 -1
    outer loop
      vertex 120.446 73.4557 0.599999
      vertex 119.45 72.086 0.599999
      vertex 119.925 73.6988 0.599999
    endloop
  endfacet
  facet normal 0 0 -1
    outer loop
      vertex 118.931 72.372 0.599999
      vertex 119.925 73.6988 0.599999
      vertex 119.45 72.086 0.599999
    endloop
  endfacet
  facet normal -0 0 -1
    outer loop
      vertex 119.925 73.6988 0.599999
      vertex 118.931 72.372 0.599999
      vertex 119.918 73.7038 0.599999
    endloop
  endfacet
  facet normal -0 0 -1
    outer loop
      vertex 119.918 73.7038 0.599999
      vertex 118.931 72.372 0.599999
      vertex 119.447 74.0338 0.599999
    endloop
  endfacet
  facet normal 0 0 -1
    outer loop
      vertex 118.45 72.7174 0.599999
      vertex 119.447 74.0338 0.599999
      vertex 118.931 72.372 0.599999
    endloop
  endfacet
  facet normal 0 0 -1
    outer loop
      vertex 118.012 73.1172 0.599999
      vertex 119.447 74.0338 0.599999
      vertex 118.45 72.7174 0.599999
    endloop
  endfacet
  facet normal -0 0 -1
    outer loop
      vertex 119.447 74.0338 0.599999
      vertex 118.012 73.1172 0.599999
      vertex 119.034 74.4467 0.599999
    endloop
  endfacet
  facet normal 0 0 -1
    outer loop
      vertex 117.626 73.566 0.599999
      vertex 119.034 74.4467 0.599999
      vertex 118.012 73.1172 0.599999
    endloop
  endfacet
  facet normal -0 0 -1
    outer loop
      vertex 119.034 74.4467 0.599999
      vertex 117.626 73.566 0.599999
      vertex 118.704 74.9179 0.599999
    endloop
  endfacet
  facet normal 0 0 -1
    outer loop
      vertex 117.295 74.0573 0.599999
      vertex 118.704 74.9179 0.599999
      vertex 117.626 73.566 0.599999
    endloop
  endfacet
  facet normal -0 0 -1
    outer loop
      vertex 118.704 74.9179 0.599999
      vertex 117.295 74.0573 0.599999
      vertex 118.699 74.925 0.599999
    endloop
  endfacet
  facet normal 0 0 -1
    outer loop
      vertex 117.024 74.5844 0.599999
      vertex 118.699 74.925 0.599999
      vertex 117.295 74.0573 0.599999
    endloop
  endfacet
  facet normal -0 0 -1
    outer loop
      vertex 118.699 74.925 0.599999
      vertex 117.024 74.5844 0.599999
      vertex 118.456 75.4463 0.599999
    endloop
  endfacet
  facet normal -0 0 -1
    outer loop
      vertex 118.456 75.4463 0.599999
      vertex 117.024 74.5844 0.599999
      vertex 118.452 75.4542 0.599999
    endloop
  endfacet
  facet normal 0 0 -1
    outer loop
      vertex 116.818 75.1397 0.599999
      vertex 118.452 75.4542 0.599999
      vertex 117.024 74.5844 0.599999
    endloop
  endfacet
  facet normal -0 0 -1
    outer loop
      vertex 126.287 78.341 0.599999
      vertex 124.748 77.7458 0.599999
      vertex 126.048 78.8831 0.599999
    endloop
  endfacet
  facet normal 0 0 -1
    outer loop
      vertex 124.505 78.2671 0.599999
      vertex 126.048 78.8831 0.599999
      vertex 124.748 77.7458 0.599999
    endloop
  endfacet
  facet normal 0 0 -1
    outer loop
      vertex 124.501 78.275 0.599999
      vertex 126.048 78.8831 0.599999
      vertex 124.505 78.2671 0.599999
    endloop
  endfacet
  facet normal -0 0 -1
    outer loop
      vertex 126.048 78.8831 0.599999
      vertex 124.501 78.275 0.599999
      vertex 125.747 79.3932 0.599999
    endloop
  endfacet
  facet normal 0 0 -1
    outer loop
      vertex 124.171 78.7462 0.599999
      vertex 125.747 79.3932 0.599999
      vertex 124.501 78.275 0.599999
    endloop
  endfacet
  facet normal -0 0 -1
    outer loop
      vertex 125.747 79.3932 0.599999
      vertex 124.171 78.7462 0.599999
      vertex 125.388 79.8641 0.599999
    endloop
  endfacet
  facet normal 0 0 -1
    outer loop
      vertex 124.166 78.7533 0.599999
      vertex 125.388 79.8641 0.599999
      vertex 124.171 78.7462 0.599999
    endloop
  endfacet
  facet normal -0 0 -1
    outer loop
      vertex 125.388 79.8641 0.599999
      vertex 124.166 78.7533 0.599999
      vertex 124.975 80.2892 0.599999
    endloop
  endfacet
  facet normal 0 0 -1
    outer loop
      vertex 123.753 79.1663 0.599999
      vertex 124.975 80.2892 0.599999
      vertex 124.166 78.7533 0.599999
    endloop
  endfacet
  facet normal -0 0 -1
    outer loop
      vertex 124.975 80.2892 0.599999
      vertex 123.753 79.1663 0.599999
      vertex 124.515 80.6624 0.599999
    endloop
  endfacet
  facet normal 0 0 -1
    outer loop
      vertex 123.746 79.1712 0.599999
      vertex 124.515 80.6624 0.599999
      vertex 123.753 79.1663 0.599999
    endloop
  endfacet
  facet normal 0 0 -1
    outer loop
      vertex 123.275 79.5012 0.599999
      vertex 124.515 80.6624 0.599999
      vertex 123.746 79.1712 0.599999
    endloop
  endfacet
  facet normal -0 0 -1
    outer loop
      vertex 124.515 80.6624 0.599999
      vertex 123.275 79.5012 0.599999
      vertex 124.014 80.9787 0.599999
    endloop
  endfacet
  facet normal 0 0 -1
    outer loop
      vertex 123.267 79.5049 0.599999
      vertex 124.014 80.9787 0.599999
      vertex 123.275 79.5012 0.599999
    endloop
  endfacet
  facet normal -0 0 -1
    outer loop
      vertex 124.014 80.9787 0.599999
      vertex 123.267 79.5049 0.599999
      vertex 123.479 81.2334 0.599999
    endloop
  endfacet
  facet normal 0 0 -1
    outer loop
      vertex 122.746 79.748 0.599999
      vertex 123.479 81.2334 0.599999
      vertex 123.267 79.5049 0.599999
    endloop
  endfacet
  facet normal -0 0 -1
    outer loop
      vertex 123.479 81.2334 0.599999
      vertex 122.746 79.748 0.599999
      vertex 122.918 81.4232 0.599999
    endloop
  endfacet
  facet normal 0 0 -1
    outer loop
      vertex 122.19 79.8969 0.599999
      vertex 122.918 81.4232 0.599999
      vertex 122.746 79.748 0.599999
    endloop
  endfacet
  facet normal -0 0 -1
    outer loop
      vertex 122.918 81.4232 0.599999
      vertex 122.19 79.8969 0.599999
      vertex 122.338 81.5452 0.599999
    endloop
  endfacet
  facet normal 0 0 -1
    outer loop
      vertex 122.182 79.8991 0.599999
      vertex 122.338 81.5452 0.599999
      vertex 122.19 79.8969 0.599999
    endloop
  endfacet
  facet normal 0 0 -1
    outer loop
      vertex 122.182 79.8991 0.599999
      vertex 121.748 81.5978 0.599999
      vertex 122.338 81.5452 0.599999
    endloop
  endfacet
  facet normal 0 0 -1
    outer loop
      vertex 121.609 79.9492 0.599999
      vertex 121.748 81.5978 0.599999
      vertex 122.182 79.8991 0.599999
    endloop
  endfacet
  facet normal 0 0 -1
    outer loop
      vertex 121.6 79.95 0.599999
      vertex 121.748 81.5978 0.599999
      vertex 121.609 79.9492 0.599999
    endloop
  endfacet
  facet normal 0 0 -1
    outer loop
      vertex 121.591 79.9492 0.599999
      vertex 121.748 81.5978 0.599999
      vertex 121.6 79.95 0.599999
    endloop
  endfacet
  facet normal 0 0 -1
    outer loop
      vertex 121.591 79.9492 0.599999
      vertex 121.156 81.5802 0.599999
      vertex 121.748 81.5978 0.599999
    endloop
  endfacet
  facet normal 0 0 -1
    outer loop
      vertex 121.018 79.8991 0.599999
      vertex 121.156 81.5802 0.599999
      vertex 121.591 79.9492 0.599999
    endloop
  endfacet
  facet normal 0 0 -1
    outer loop
      vertex 120.57 81.4928 0.599999
      vertex 121.018 79.8991 0.599999
      vertex 121.01 79.8969 0.599999
    endloop
  endfacet
  facet normal 0 0 -1
    outer loop
      vertex 121.018 79.8991 0.599999
      vertex 120.57 81.4928 0.599999
      vertex 121.156 81.5802 0.599999
    endloop
  endfacet
  facet normal 0 0 -1
    outer loop
      vertex 120.454 79.748 0.599999
      vertex 120.57 81.4928 0.599999
      vertex 121.01 79.8969 0.599999
    endloop
  endfacet
  facet normal 0 0 -1
    outer loop
      vertex 120.454 79.748 0.599999
      vertex 119.999 81.3366 0.599999
      vertex 120.57 81.4928 0.599999
    endloop
  endfacet
  facet normal 0 0 -1
    outer loop
      vertex 119.45 81.114 0.599999
      vertex 120.454 79.748 0.599999
      vertex 119.933 79.5049 0.599999
    endloop
  endfacet
  facet normal 0 0 -1
    outer loop
      vertex 119.45 81.114 0.599999
      vertex 119.933 79.5049 0.599999
      vertex 119.925 79.5012 0.599999
    endloop
  endfacet
  facet normal 0 0 -1
    outer loop
      vertex 118.931 80.828 0.599999
      vertex 119.925 79.5012 0.599999
      vertex 119.918 79.4962 0.599999
    endloop
  endfacet
  facet normal 0 0 -1
    outer loop
      vertex 120.454 79.748 0.599999
      vertex 119.45 81.114 0.599999
      vertex 119.999 81.3366 0.599999
    endloop
  endfacet
  facet normal 0 0 -1
    outer loop
      vertex 118.931 80.828 0.599999
      vertex 119.918 79.4962 0.599999
      vertex 119.447 79.1663 0.599999
    endloop
  endfacet
  facet normal 0 0 -1
    outer loop
      vertex 118.012 80.0828 0.599999
      vertex 119.447 79.1663 0.599999
      vertex 119.034 78.7533 0.599999
    endloop
  endfacet
  facet normal 0 0 -1
    outer loop
      vertex 117.626 79.634 0.599999
      vertex 119.034 78.7533 0.599999
      vertex 119.029 78.7462 0.599999
    endloop
  endfacet
  facet normal 0 0 -1
    outer loop
      vertex 119.925 79.5012 0.599999
      vertex 118.931 80.828 0.599999
      vertex 119.45 81.114 0.599999
    endloop
  endfacet
  facet normal 0 0 -1
    outer loop
      vertex 117.626 79.634 0.599999
      vertex 119.029 78.7462 0.599999
      vertex 118.699 78.275 0.599999
    endloop
  endfacet
  facet normal 0 0 -1
    outer loop
      vertex 117.024 78.6156 0.599999
      vertex 118.699 78.275 0.599999
      vertex 118.456 77.7537 0.599999
    endloop
  endfacet
  facet normal 0 0 -1
    outer loop
      vertex 117.024 78.6156 0.599999
      vertex 118.456 77.7537 0.599999
      vertex 118.452 77.7458 0.599999
    endloop
  endfacet
  facet normal 0 0 -1
    outer loop
      vertex 116.818 78.0603 0.599999
      vertex 118.452 77.7458 0.599999
      vertex 118.45 77.7374 0.599999
    endloop
  endfacet
  facet normal 0 0 -1
    outer loop
      vertex 119.447 79.1663 0.599999
      vertex 118.45 80.4826 0.599999
      vertex 118.931 80.828 0.599999
    endloop
  endfacet
  facet normal 0 0 -1
    outer loop
      vertex 116.818 78.0603 0.599999
      vertex 118.45 77.7374 0.599999
      vertex 118.301 77.1817 0.599999
    endloop
  endfacet
  facet normal 0 0 -1
    outer loop
      vertex 116.609 76.8962 0.599999
      vertex 118.301 77.1817 0.599999
      vertex 118.251 76.6087 0.599999
    endloop
  endfacet
  facet normal 0 0 -1
    outer loop
      vertex 116.609 76.8962 0.599999
      vertex 118.251 76.6087 0.599999
      vertex 118.25 76.6 0.599999
    endloop
  endfacet
  facet normal -0 0 -1
    outer loop
      vertex 118.452 75.4542 0.599999
      vertex 116.818 75.1397 0.599999
      vertex 118.45 75.4627 0.599999
    endloop
  endfacet
  facet normal 0 0 -1
    outer loop
      vertex 119.447 79.1663 0.599999
      vertex 118.012 80.0828 0.599999
      vertex 118.45 80.4826 0.599999
    endloop
  endfacet
  facet normal -0 0 -1
    outer loop
      vertex 118.45 75.4627 0.599999
      vertex 116.818 75.1397 0.599999
      vertex 118.301 76.0183 0.599999
    endloop
  endfacet
  facet normal 0 0 -1
    outer loop
      vertex 119.034 78.7533 0.599999
      vertex 117.626 79.634 0.599999
      vertex 118.012 80.0828 0.599999
    endloop
  endfacet
  facet normal 0 0 -1
    outer loop
      vertex 116.679 75.7155 0.599999
      vertex 118.301 76.0183 0.599999
      vertex 116.818 75.1397 0.599999
    endloop
  endfacet
  facet normal 0 0 -1
    outer loop
      vertex 118.699 78.275 0.599999
      vertex 117.295 79.1427 0.599999
      vertex 117.626 79.634 0.599999
    endloop
  endfacet
  facet normal 0 0 -1
    outer loop
      vertex 116.609 76.3038 0.599999
      vertex 118.301 76.0183 0.599999
      vertex 116.679 75.7155 0.599999
    endloop
  endfacet
  facet normal 0 0 -1
    outer loop
      vertex 118.699 78.275 0.599999
      vertex 117.024 78.6156 0.599999
      vertex 117.295 79.1427 0.599999
    endloop
  endfacet
  facet normal 0 0 -1
    outer loop
      vertex 118.301 76.0183 0.599999
      vertex 116.609 76.3038 0.599999
      vertex 118.251 76.5913 0.599999
    endloop
  endfacet
  facet normal 0 0 -1
    outer loop
      vertex 118.452 77.7458 0.599999
      vertex 116.818 78.0603 0.599999
      vertex 117.024 78.6156 0.599999
    endloop
  endfacet
  facet normal -0 0 -1
    outer loop
      vertex 118.251 76.5913 0.599999
      vertex 116.609 76.3038 0.599999
      vertex 118.25 76.6 0.599999
    endloop
  endfacet
  facet normal 0 0 -1
    outer loop
      vertex 118.301 77.1817 0.599999
      vertex 116.679 77.4845 0.599999
      vertex 116.818 78.0603 0.599999
    endloop
  endfacet
  facet normal 0 0 -1
    outer loop
      vertex 116.609 76.8962 0.599999
      vertex 118.25 76.6 0.599999
      vertex 116.609 76.3038 0.599999
    endloop
  endfacet
  facet normal -0 0 -1
    outer loop
      vertex 118.301 77.1817 0.599999
      vertex 116.609 76.8962 0.599999
      vertex 116.679 77.4845 0.599999
    endloop
  endfacet
  facet normal 0.758158 0.65207 0
    outer loop
      vertex 118.012 73.1172 0.599999
      vertex 117.626 73.566 0
      vertex 117.626 73.566 0.599999
    endloop
  endfacet
  facet normal 0.758158 0.65207 0
    outer loop
      vertex 117.626 73.566 0
      vertex 118.012 73.1172 0.599999
      vertex 118.012 73.1172 0
    endloop
  endfacet
  facet normal -0.429848 -0.902901 0
    outer loop
      vertex 123.479 81.2334 0
      vertex 124.014 80.9787 0.599999
      vertex 123.479 81.2334 0.599999
    endloop
  endfacet
  facet normal -0.429848 -0.902901 -0
    outer loop
      vertex 124.014 80.9787 0.599999
      vertex 123.479 81.2334 0
      vertex 124.014 80.9787 0
    endloop
  endfacet
  facet normal 0.482631 -0.875824 0
    outer loop
      vertex 118.931 80.828 0
      vertex 119.45 81.114 0.599999
      vertex 118.931 80.828 0.599999
    endloop
  endfacet
  facet normal 0.482631 -0.875824 0
    outer loop
      vertex 119.45 81.114 0.599999
      vertex 118.931 80.828 0
      vertex 119.45 81.114 0
    endloop
  endfacet
  facet normal 0.482631 0.875824 -0
    outer loop
      vertex 119.45 72.086 0
      vertex 118.931 72.372 0.599999
      vertex 119.45 72.086 0.599999
    endloop
  endfacet
  facet normal 0.482631 0.875824 0
    outer loop
      vertex 118.931 72.372 0.599999
      vertex 119.45 72.086 0
      vertex 118.931 72.372 0
    endloop
  endfacet
  facet normal -0.630033 -0.776568 0
    outer loop
      vertex 124.515 80.6624 0
      vertex 124.975 80.2892 0.599999
      vertex 124.515 80.6624 0.599999
    endloop
  endfacet
  facet normal -0.630033 -0.776568 -0
    outer loop
      vertex 124.975 80.2892 0.599999
      vertex 124.515 80.6624 0
      vertex 124.975 80.2892 0
    endloop
  endfacet
  facet normal -0.956412 0.292021 0
    outer loop
      vertex 126.287 74.859 0
      vertex 126.46 75.4256 0.599999
      vertex 126.46 75.4256 0
    endloop
  endfacet
  facet normal -0.956412 0.292021 0
    outer loop
      vertex 126.46 75.4256 0.599999
      vertex 126.287 74.859 0
      vertex 126.287 74.859 0.599999
    endloop
  endfacet
  facet normal 0.674165 0.73858 -0
    outer loop
      vertex 118.45 72.7174 0
      vertex 118.012 73.1172 0.599999
      vertex 118.45 72.7174 0.599999
    endloop
  endfacet
  facet normal 0.674165 0.73858 0
    outer loop
      vertex 118.012 73.1172 0.599999
      vertex 118.45 72.7174 0
      vertex 118.012 73.1172 0
    endloop
  endfacet
  facet normal -0.32048 0.947255 0
    outer loop
      vertex 123.479 71.9666 0
      vertex 122.918 71.7768 0.599999
      vertex 123.479 71.9666 0.599999
    endloop
  endfacet
  facet normal -0.32048 0.947255 0
    outer loop
      vertex 122.918 71.7768 0.599999
      vertex 123.479 71.9666 0
      vertex 122.918 71.7768 0
    endloop
  endfacet
  facet normal 0.972077 -0.234663 0
    outer loop
      vertex 116.679 77.4845 0.599999
      vertex 116.818 78.0603 0
      vertex 116.818 78.0603 0.599999
    endloop
  endfacet
  facet normal 0.972077 -0.234663 0
    outer loop
      vertex 116.818 78.0603 0
      vertex 116.679 77.4845 0.599999
      vertex 116.679 77.4845 0
    endloop
  endfacet
  facet normal -0.533847 0.845581 0
    outer loop
      vertex 124.515 72.5376 0
      vertex 124.014 72.2213 0.599999
      vertex 124.515 72.5376 0.599999
    endloop
  endfacet
  facet normal -0.533847 0.845581 0
    outer loop
      vertex 124.014 72.2213 0.599999
      vertex 124.515 72.5376 0
      vertex 124.014 72.2213 0
    endloop
  endfacet
  facet normal 0.992995 0.118153 0
    outer loop
      vertex 116.679 75.7155 0.599999
      vertex 116.609 76.3038 0
      vertex 116.609 76.3038 0.599999
    endloop
  endfacet
  facet normal 0.992995 0.118153 0
    outer loop
      vertex 116.609 76.3038 0
      vertex 116.679 75.7155 0.599999
      vertex 116.679 75.7155 0
    endloop
  endfacet
  facet normal -0.915019 -0.403412 0
    outer loop
      vertex 126.287 78.341 0
      vertex 126.048 78.8831 0.599999
      vertex 126.048 78.8831 0
    endloop
  endfacet
  facet normal -0.915019 -0.403412 0
    outer loop
      vertex 126.048 78.8831 0.599999
      vertex 126.287 78.341 0
      vertex 126.287 78.341 0.599999
    endloop
  endfacet
  facet normal 0.375752 0.92672 -0
    outer loop
      vertex 119.999 71.8634 0
      vertex 119.45 72.086 0.599999
      vertex 119.999 71.8634 0.599999
    endloop
  endfacet
  facet normal 0.375752 0.92672 0
    outer loop
      vertex 119.45 72.086 0.599999
      vertex 119.999 71.8634 0
      vertex 119.45 72.086 0
    endloop
  endfacet
  facet normal 0.992995 -0.118153 0
    outer loop
      vertex 116.609 76.8962 0.599999
      vertex 116.679 77.4845 0
      vertex 116.679 77.4845 0.599999
    endloop
  endfacet
  facet normal 0.992995 -0.118153 0
    outer loop
      vertex 116.679 77.4845 0
      vertex 116.609 76.8962 0.599999
      vertex 116.609 76.8962 0
    endloop
  endfacet
  facet normal 0.583281 0.81227 -0
    outer loop
      vertex 118.931 72.372 0
      vertex 118.45 72.7174 0.599999
      vertex 118.931 72.372 0.599999
    endloop
  endfacet
  facet normal 0.583281 0.81227 0
    outer loop
      vertex 118.45 72.7174 0.599999
      vertex 118.931 72.372 0
      vertex 118.45 72.7174 0
    endloop
  endfacet
  facet normal -0.795253 0.606277 0
    outer loop
      vertex 125.388 73.3359 0
      vertex 125.747 73.8068 0.599999
      vertex 125.747 73.8068 0
    endloop
  endfacet
  facet normal -0.795253 0.606277 0
    outer loop
      vertex 125.747 73.8068 0.599999
      vertex 125.388 73.3359 0
      vertex 125.388 73.3359 0.599999
    endloop
  endfacet
  facet normal 0.82934 -0.558745 0
    outer loop
      vertex 117.295 79.1427 0.599999
      vertex 117.626 79.634 0
      vertex 117.626 79.634 0.599999
    endloop
  endfacet
  facet normal 0.82934 -0.558745 0
    outer loop
      vertex 117.626 79.634 0
      vertex 117.295 79.1427 0.599999
      vertex 117.295 79.1427 0
    endloop
  endfacet
  facet normal 0.972077 0.234663 0
    outer loop
      vertex 116.818 75.1397 0.599999
      vertex 116.679 75.7155 0
      vertex 116.679 75.7155 0.599999
    endloop
  endfacet
  facet normal 0.972077 0.234663 0
    outer loop
      vertex 116.679 75.7155 0
      vertex 116.818 75.1397 0.599999
      vertex 116.818 75.1397 0
    endloop
  endfacet
  facet normal -0.861239 0.5082 0
    outer loop
      vertex 125.747 73.8068 0
      vertex 126.048 74.3169 0.599999
      vertex 126.048 74.3169 0
    endloop
  endfacet
  facet normal -0.861239 0.5082 0
    outer loop
      vertex 126.048 74.3169 0.599999
      vertex 125.747 73.8068 0
      vertex 125.747 73.8068 0.599999
    endloop
  endfacet
  facet normal -0.20584 0.978586 0
    outer loop
      vertex 122.918 71.7768 0
      vertex 122.338 71.6548 0.599999
      vertex 122.918 71.7768 0.599999
    endloop
  endfacet
  facet normal -0.20584 0.978586 0
    outer loop
      vertex 122.338 71.6548 0.599999
      vertex 122.918 71.7768 0
      vertex 122.338 71.6548 0
    endloop
  endfacet
  facet normal -0.0888003 0.996049 0
    outer loop
      vertex 122.338 71.6548 0
      vertex 121.748 71.6022 0.599999
      vertex 122.338 71.6548 0.599999
    endloop
  endfacet
  facet normal -0.0888003 0.996049 0
    outer loop
      vertex 121.748 71.6022 0.599999
      vertex 122.338 71.6548 0
      vertex 121.748 71.6022 0
    endloop
  endfacet
  facet normal -0.630033 0.776568 0
    outer loop
      vertex 124.975 72.9108 0
      vertex 124.515 72.5376 0.599999
      vertex 124.975 72.9108 0.599999
    endloop
  endfacet
  facet normal -0.630033 0.776568 0
    outer loop
      vertex 124.515 72.5376 0.599999
      vertex 124.975 72.9108 0
      vertex 124.515 72.5376 0
    endloop
  endfacet
  facet normal 0.889343 0.457241 0
    outer loop
      vertex 117.295 74.0573 0.599999
      vertex 117.024 74.5844 0
      vertex 117.024 74.5844 0.599999
    endloop
  endfacet
  facet normal 0.889343 0.457241 0
    outer loop
      vertex 117.024 74.5844 0
      vertex 117.295 74.0573 0.599999
      vertex 117.295 74.0573 0
    endloop
  endfacet
  facet normal -0.0888003 -0.996049 0
    outer loop
      vertex 121.748 81.5978 0
      vertex 122.338 81.5452 0.599999
      vertex 121.748 81.5978 0.599999
    endloop
  endfacet
  facet normal -0.0888003 -0.996049 -0
    outer loop
      vertex 122.338 81.5452 0.599999
      vertex 121.748 81.5978 0
      vertex 122.338 81.5452 0
    endloop
  endfacet
  facet normal 0.889343 -0.457241 0
    outer loop
      vertex 117.024 78.6156 0.599999
      vertex 117.295 79.1427 0
      vertex 117.295 79.1427 0.599999
    endloop
  endfacet
  facet normal 0.889343 -0.457241 0
    outer loop
      vertex 117.295 79.1427 0
      vertex 117.024 78.6156 0.599999
      vertex 117.024 78.6156 0
    endloop
  endfacet
  facet normal -0.20584 -0.978586 0
    outer loop
      vertex 122.338 81.5452 0
      vertex 122.918 81.4232 0.599999
      vertex 122.338 81.5452 0.599999
    endloop
  endfacet
  facet normal -0.20584 -0.978586 -0
    outer loop
      vertex 122.918 81.4232 0.599999
      vertex 122.338 81.5452 0
      vertex 122.918 81.4232 0
    endloop
  endfacet
  facet normal 0.583281 -0.81227 0
    outer loop
      vertex 118.45 80.4826 0
      vertex 118.931 80.828 0.599999
      vertex 118.45 80.4826 0.599999
    endloop
  endfacet
  facet normal 0.583281 -0.81227 0
    outer loop
      vertex 118.931 80.828 0.599999
      vertex 118.45 80.4826 0
      vertex 118.931 80.828 0
    endloop
  endfacet
  facet normal 1 -0 0
    outer loop
      vertex 116.609 76.3038 0.599999
      vertex 116.609 76.8962 0
      vertex 116.609 76.8962 0.599999
    endloop
  endfacet
  facet normal 1 0 0
    outer loop
      vertex 116.609 76.8962 0
      vertex 116.609 76.3038 0.599999
      vertex 116.609 76.3038 0
    endloop
  endfacet
  facet normal 0.147515 0.98906 -0
    outer loop
      vertex 121.156 71.6198 0
      vertex 120.57 71.7072 0.599999
      vertex 121.156 71.6198 0.599999
    endloop
  endfacet
  facet normal 0.147515 0.98906 0
    outer loop
      vertex 120.57 71.7072 0.599999
      vertex 121.156 71.6198 0
      vertex 120.57 71.7072 0
    endloop
  endfacet
  facet normal 0.900944 -0.433935 0
    outer loop
      vertex 19.8813 48.8782 2.5
      vertex 20.1227 49.3794 0
      vertex 20.1227 49.3794 2.5
    endloop
  endfacet
  facet normal 0.900944 -0.433935 0
    outer loop
      vertex 20.1227 49.3794 0
      vertex 19.8813 48.8782 2.5
      vertex 19.8813 48.8782 0
    endloop
  endfacet
  facet normal -0.900944 0.433935 0
    outer loop
      vertex 22.0873 36.3206 0
      vertex 22.3287 36.8218 2.5
      vertex 22.3287 36.8218 0
    endloop
  endfacet
  facet normal -0.900944 0.433935 0
    outer loop
      vertex 22.3287 36.8218 2.5
      vertex 22.0873 36.3206 0
      vertex 22.0873 36.3206 2.5
    endloop
  endfacet
  facet normal -0.623467 0.78185 0
    outer loop
      vertex 22.0873 36.3206 0
      vertex 21.6524 35.9738 2.5
      vertex 22.0873 36.3206 2.5
    endloop
  endfacet
  facet normal -0.623467 0.78185 0
    outer loop
      vertex 21.6524 35.9738 2.5
      vertex 22.0873 36.3206 0
      vertex 21.6524 35.9738 0
    endloop
  endfacet
  facet normal 1 -0 0
    outer loop
      vertex 19.85 37.1 2.5
      vertex 19.85 48.6 0
      vertex 19.85 48.6 2.5
    endloop
  endfacet
  facet normal 1 0 0
    outer loop
      vertex 19.85 48.6 0
      vertex 19.85 37.1 2.5
      vertex 19.85 37.1 0
    endloop
  endfacet
  facet normal 0.433935 0.900944 -0
    outer loop
      vertex 20.8218 35.8813 0
      vertex 20.3206 36.1227 2.5
      vertex 20.8218 35.8813 2.5
    endloop
  endfacet
  facet normal 0.433935 0.900944 0
    outer loop
      vertex 20.3206 36.1227 2.5
      vertex 20.8218 35.8813 0
      vertex 20.3206 36.1227 0
    endloop
  endfacet
  facet normal 0.974928 0.222522 0
    outer loop
      vertex 19.9738 36.5576 2.5
      vertex 19.85 37.1 0
      vertex 19.85 37.1 2.5
    endloop
  endfacet
  facet normal 0.974928 0.222522 0
    outer loop
      vertex 19.85 37.1 0
      vertex 19.9738 36.5576 2.5
      vertex 19.9738 36.5576 0
    endloop
  endfacet
  facet normal 0.111804 0.99373 -0
    outer loop
      vertex 21.1 35.85 0
      vertex 20.8218 35.8813 2.5
      vertex 21.1 35.85 2.5
    endloop
  endfacet
  facet normal 0.111804 0.99373 0
    outer loop
      vertex 20.8218 35.8813 2.5
      vertex 21.1 35.85 0
      vertex 20.8218 35.8813 0
    endloop
  endfacet
  facet normal -0.433864 -0.900978 0
    outer loop
      vertex 21.3881 49.8187 0
      vertex 21.8894 49.5773 2.5
      vertex 21.3881 49.8187 2.5
    endloop
  endfacet
  facet normal -0.433864 -0.900978 -0
    outer loop
      vertex 21.8894 49.5773 2.5
      vertex 21.3881 49.8187 0
      vertex 21.8894 49.5773 0
    endloop
  endfacet
  facet normal 0.99373 -0.111804 0
    outer loop
      vertex 19.85 48.6 2.5
      vertex 19.8813 48.8782 0
      vertex 19.8813 48.8782 2.5
    endloop
  endfacet
  facet normal 0.99373 -0.111804 0
    outer loop
      vertex 19.8813 48.8782 0
      vertex 19.85 48.6 2.5
      vertex 19.85 48.6 0
    endloop
  endfacet
  facet normal -0.111843 -0.993726 0
    outer loop
      vertex 21.11 49.85 0
      vertex 21.3881 49.8187 2.5
      vertex 21.11 49.85 2.5
    endloop
  endfacet
  facet normal -0.111843 -0.993726 -0
    outer loop
      vertex 21.3881 49.8187 2.5
      vertex 21.11 49.85 0
      vertex 21.3881 49.8187 0
    endloop
  endfacet
  facet normal -0.222522 0.974928 0
    outer loop
      vertex 21.6524 35.9738 0
      vertex 21.11 35.85 2.5
      vertex 21.6524 35.9738 2.5
    endloop
  endfacet
  facet normal -0.222522 0.974928 0
    outer loop
      vertex 21.11 35.85 2.5
      vertex 21.6524 35.9738 0
      vertex 21.11 35.85 0
    endloop
  endfacet
  facet normal 0 -1 0
    outer loop
      vertex 21.1 49.85 0
      vertex 21.11 49.85 2.5
      vertex 21.1 49.85 2.5
    endloop
  endfacet
  facet normal 0 -1 -0
    outer loop
      vertex 21.11 49.85 2.5
      vertex 21.1 49.85 0
      vertex 21.11 49.85 0
    endloop
  endfacet
  facet normal -1 0 0
    outer loop
      vertex 22.36 37.1 0
      vertex 22.36 48.6 2.5
      vertex 22.36 48.6 0
    endloop
  endfacet
  facet normal -1 -0 0
    outer loop
      vertex 22.36 48.6 2.5
      vertex 22.36 37.1 0
      vertex 22.36 37.1 2.5
    endloop
  endfacet
  facet normal 0.78185 0.623467 0
    outer loop
      vertex 20.3206 36.1227 2.5
      vertex 19.9738 36.5576 0
      vertex 19.9738 36.5576 2.5
    endloop
  endfacet
  facet normal 0.78185 0.623467 0
    outer loop
      vertex 19.9738 36.5576 0
      vertex 20.3206 36.1227 2.5
      vertex 20.3206 36.1227 0
    endloop
  endfacet
  facet normal 0 1 -0
    outer loop
      vertex 21.11 35.85 0
      vertex 21.1 35.85 2.5
      vertex 21.11 35.85 2.5
    endloop
  endfacet
  facet normal 0 1 0
    outer loop
      vertex 21.1 35.85 2.5
      vertex 21.11 35.85 0
      vertex 21.1 35.85 0
    endloop
  endfacet
  facet normal -0.974928 -0.222522 0
    outer loop
      vertex 22.36 48.6 0
      vertex 22.2362 49.1424 2.5
      vertex 22.2362 49.1424 0
    endloop
  endfacet
  facet normal -0.974928 -0.222522 0
    outer loop
      vertex 22.2362 49.1424 2.5
      vertex 22.36 48.6 0
      vertex 22.36 48.6 2.5
    endloop
  endfacet
  facet normal -0.99373 0.111804 0
    outer loop
      vertex 22.3287 36.8218 0
      vertex 22.36 37.1 2.5
      vertex 22.36 37.1 0
    endloop
  endfacet
  facet normal -0.99373 0.111804 0
    outer loop
      vertex 22.36 37.1 2.5
      vertex 22.3287 36.8218 0
      vertex 22.3287 36.8218 2.5
    endloop
  endfacet
  facet normal 0.623467 -0.78185 0
    outer loop
      vertex 20.1227 49.3794 0
      vertex 20.5576 49.7262 2.5
      vertex 20.1227 49.3794 2.5
    endloop
  endfacet
  facet normal 0.623467 -0.78185 0
    outer loop
      vertex 20.5576 49.7262 2.5
      vertex 20.1227 49.3794 0
      vertex 20.5576 49.7262 0
    endloop
  endfacet
  facet normal -0.78185 -0.623467 0
    outer loop
      vertex 22.2362 49.1424 0
      vertex 21.8894 49.5773 2.5
      vertex 21.8894 49.5773 0
    endloop
  endfacet
  facet normal -0.78185 -0.623467 0
    outer loop
      vertex 21.8894 49.5773 2.5
      vertex 22.2362 49.1424 0
      vertex 22.2362 49.1424 2.5
    endloop
  endfacet
  facet normal 0.222522 -0.974928 0
    outer loop
      vertex 20.5576 49.7262 0
      vertex 21.1 49.85 2.5
      vertex 20.5576 49.7262 2.5
    endloop
  endfacet
  facet normal 0.222522 -0.974928 0
    outer loop
      vertex 21.1 49.85 2.5
      vertex 20.5576 49.7262 0
      vertex 21.1 49.85 0
    endloop
  endfacet
  facet normal 0.900944 -0.433935 0
    outer loop
      vertex 25.8813 48.8782 2.5
      vertex 26.1227 49.3794 0
      vertex 26.1227 49.3794 2.5
    endloop
  endfacet
  facet normal 0.900944 -0.433935 0
    outer loop
      vertex 26.1227 49.3794 0
      vertex 25.8813 48.8782 2.5
      vertex 25.8813 48.8782 0
    endloop
  endfacet
  facet normal -0.900944 0.433935 0
    outer loop
      vertex 28.0873 36.3206 0
      vertex 28.3287 36.8218 2.5
      vertex 28.3287 36.8218 0
    endloop
  endfacet
  facet normal -0.900944 0.433935 0
    outer loop
      vertex 28.3287 36.8218 2.5
      vertex 28.0873 36.3206 0
      vertex 28.0873 36.3206 2.5
    endloop
  endfacet
  facet normal -0.623467 0.78185 0
    outer loop
      vertex 28.0873 36.3206 0
      vertex 27.6524 35.9738 2.5
      vertex 28.0873 36.3206 2.5
    endloop
  endfacet
  facet normal -0.623467 0.78185 0
    outer loop
      vertex 27.6524 35.9738 2.5
      vertex 28.0873 36.3206 0
      vertex 27.6524 35.9738 0
    endloop
  endfacet
  facet normal 1 -0 0
    outer loop
      vertex 25.85 37.1 2.5
      vertex 25.85 48.6 0
      vertex 25.85 48.6 2.5
    endloop
  endfacet
  facet normal 1 0 0
    outer loop
      vertex 25.85 48.6 0
      vertex 25.85 37.1 2.5
      vertex 25.85 37.1 0
    endloop
  endfacet
  facet normal 0.433935 0.900944 -0
    outer loop
      vertex 26.8218 35.8813 0
      vertex 26.3206 36.1227 2.5
      vertex 26.8218 35.8813 2.5
    endloop
  endfacet
  facet normal 0.433935 0.900944 0
    outer loop
      vertex 26.3206 36.1227 2.5
      vertex 26.8218 35.8813 0
      vertex 26.3206 36.1227 0
    endloop
  endfacet
  facet normal 0.974928 0.222522 0
    outer loop
      vertex 25.9738 36.5576 2.5
      vertex 25.85 37.1 0
      vertex 25.85 37.1 2.5
    endloop
  endfacet
  facet normal 0.974928 0.222522 0
    outer loop
      vertex 25.85 37.1 0
      vertex 25.9738 36.5576 2.5
      vertex 25.9738 36.5576 0
    endloop
  endfacet
  facet normal -0.433864 -0.900978 0
    outer loop
      vertex 27.3881 49.8187 0
      vertex 27.8894 49.5773 2.5
      vertex 27.3881 49.8187 2.5
    endloop
  endfacet
  facet normal -0.433864 -0.900978 -0
    outer loop
      vertex 27.8894 49.5773 2.5
      vertex 27.3881 49.8187 0
      vertex 27.8894 49.5773 0
    endloop
  endfacet
  facet normal 0.99373 -0.111804 0
    outer loop
      vertex 25.85 48.6 2.5
      vertex 25.8813 48.8782 0
      vertex 25.8813 48.8782 2.5
    endloop
  endfacet
  facet normal 0.99373 -0.111804 0
    outer loop
      vertex 25.8813 48.8782 0
      vertex 25.85 48.6 2.5
      vertex 25.85 48.6 0
    endloop
  endfacet
  facet normal -0.111843 -0.993726 0
    outer loop
      vertex 27.11 49.85 0
      vertex 27.3881 49.8187 2.5
      vertex 27.11 49.85 2.5
    endloop
  endfacet
  facet normal -0.111843 -0.993726 -0
    outer loop
      vertex 27.3881 49.8187 2.5
      vertex 27.11 49.85 0
      vertex 27.3881 49.8187 0
    endloop
  endfacet
  facet normal -0.222522 0.974928 0
    outer loop
      vertex 27.6524 35.9738 0
      vertex 27.11 35.85 2.5
      vertex 27.6524 35.9738 2.5
    endloop
  endfacet
  facet normal -0.222522 0.974928 0
    outer loop
      vertex 27.11 35.85 2.5
      vertex 27.6524 35.9738 0
      vertex 27.11 35.85 0
    endloop
  endfacet
  facet normal 0 -1 0
    outer loop
      vertex 27.1 49.85 0
      vertex 27.11 49.85 2.5
      vertex 27.1 49.85 2.5
    endloop
  endfacet
  facet normal 0 -1 -0
    outer loop
      vertex 27.11 49.85 2.5
      vertex 27.1 49.85 0
      vertex 27.11 49.85 0
    endloop
  endfacet
  facet normal -1 0 0
    outer loop
      vertex 28.36 37.1 0
      vertex 28.36 48.6 2.5
      vertex 28.36 48.6 0
    endloop
  endfacet
  facet normal -1 -0 0
    outer loop
      vertex 28.36 48.6 2.5
      vertex 28.36 37.1 0
      vertex 28.36 37.1 2.5
    endloop
  endfacet
  facet normal 0.78185 0.623467 0
    outer loop
      vertex 26.3206 36.1227 2.5
      vertex 25.9738 36.5576 0
      vertex 25.9738 36.5576 2.5
    endloop
  endfacet
  facet normal 0.78185 0.623467 0
    outer loop
      vertex 25.9738 36.5576 0
      vertex 26.3206 36.1227 2.5
      vertex 26.3206 36.1227 0
    endloop
  endfacet
  facet normal 0.111804 0.99373 -0
    outer loop
      vertex 27.1 35.85 0
      vertex 26.8218 35.8813 2.5
      vertex 27.1 35.85 2.5
    endloop
  endfacet
  facet normal 0.111804 0.99373 0
    outer loop
      vertex 26.8218 35.8813 2.5
      vertex 27.1 35.85 0
      vertex 26.8218 35.8813 0
    endloop
  endfacet
  facet normal 0 1 -0
    outer loop
      vertex 27.11 35.85 0
      vertex 27.1 35.85 2.5
      vertex 27.11 35.85 2.5
    endloop
  endfacet
  facet normal 0 1 0
    outer loop
      vertex 27.1 35.85 2.5
      vertex 27.11 35.85 0
      vertex 27.1 35.85 0
    endloop
  endfacet
  facet normal -0.974928 -0.222522 0
    outer loop
      vertex 28.36 48.6 0
      vertex 28.2362 49.1424 2.5
      vertex 28.2362 49.1424 0
    endloop
  endfacet
  facet normal -0.974928 -0.222522 0
    outer loop
      vertex 28.2362 49.1424 2.5
      vertex 28.36 48.6 0
      vertex 28.36 48.6 2.5
    endloop
  endfacet
  facet normal -0.99373 0.111804 0
    outer loop
      vertex 28.3287 36.8218 0
      vertex 28.36 37.1 2.5
      vertex 28.36 37.1 0
    endloop
  endfacet
  facet normal -0.99373 0.111804 0
    outer loop
      vertex 28.36 37.1 2.5
      vertex 28.3287 36.8218 0
      vertex 28.3287 36.8218 2.5
    endloop
  endfacet
  facet normal 0.623467 -0.78185 0
    outer loop
      vertex 26.1227 49.3794 0
      vertex 26.5576 49.7262 2.5
      vertex 26.1227 49.3794 2.5
    endloop
  endfacet
  facet normal 0.623467 -0.78185 0
    outer loop
      vertex 26.5576 49.7262 2.5
      vertex 26.1227 49.3794 0
      vertex 26.5576 49.7262 0
    endloop
  endfacet
  facet normal -0.78185 -0.623467 0
    outer loop
      vertex 28.2362 49.1424 0
      vertex 27.8894 49.5773 2.5
      vertex 27.8894 49.5773 0
    endloop
  endfacet
  facet normal -0.78185 -0.623467 0
    outer loop
      vertex 27.8894 49.5773 2.5
      vertex 28.2362 49.1424 0
      vertex 28.2362 49.1424 2.5
    endloop
  endfacet
  facet normal 0.222522 -0.974928 0
    outer loop
      vertex 26.5576 49.7262 0
      vertex 27.1 49.85 2.5
      vertex 26.5576 49.7262 2.5
    endloop
  endfacet
  facet normal 0.222522 -0.974928 0
    outer loop
      vertex 27.1 49.85 2.5
      vertex 26.5576 49.7262 0
      vertex 27.1 49.85 0
    endloop
  endfacet
  facet normal 0.900944 -0.433935 0
    outer loop
      vertex 31.8813 48.8782 2.5
      vertex 32.1227 49.3794 0
      vertex 32.1227 49.3794 2.5
    endloop
  endfacet
  facet normal 0.900944 -0.433935 0
    outer loop
      vertex 32.1227 49.3794 0
      vertex 31.8813 48.8782 2.5
      vertex 31.8813 48.8782 0
    endloop
  endfacet
  facet normal -0.900944 0.433935 0
    outer loop
      vertex 34.0873 36.3206 0
      vertex 34.3287 36.8218 2.5
      vertex 34.3287 36.8218 0
    endloop
  endfacet
  facet normal -0.900944 0.433935 0
    outer loop
      vertex 34.3287 36.8218 2.5
      vertex 34.0873 36.3206 0
      vertex 34.0873 36.3206 2.5
    endloop
  endfacet
  facet normal -0.623467 0.78185 0
    outer loop
      vertex 34.0873 36.3206 0
      vertex 33.6524 35.9738 2.5
      vertex 34.0873 36.3206 2.5
    endloop
  endfacet
  facet normal -0.623467 0.78185 0
    outer loop
      vertex 33.6524 35.9738 2.5
      vertex 34.0873 36.3206 0
      vertex 33.6524 35.9738 0
    endloop
  endfacet
  facet normal 1 -0 0
    outer loop
      vertex 31.85 37.1 2.5
      vertex 31.85 48.6 0
      vertex 31.85 48.6 2.5
    endloop
  endfacet
  facet normal 1 0 0
    outer loop
      vertex 31.85 48.6 0
      vertex 31.85 37.1 2.5
      vertex 31.85 37.1 0
    endloop
  endfacet
  facet normal 0.433935 0.900944 -0
    outer loop
      vertex 32.8218 35.8813 0
      vertex 32.3206 36.1227 2.5
      vertex 32.8218 35.8813 2.5
    endloop
  endfacet
  facet normal 0.433935 0.900944 0
    outer loop
      vertex 32.3206 36.1227 2.5
      vertex 32.8218 35.8813 0
      vertex 32.3206 36.1227 0
    endloop
  endfacet
  facet normal 0.974928 0.222522 0
    outer loop
      vertex 31.9738 36.5576 2.5
      vertex 31.85 37.1 0
      vertex 31.85 37.1 2.5
    endloop
  endfacet
  facet normal 0.974928 0.222522 0
    outer loop
      vertex 31.85 37.1 0
      vertex 31.9738 36.5576 2.5
      vertex 31.9738 36.5576 0
    endloop
  endfacet
  facet normal 0.111804 0.99373 -0
    outer loop
      vertex 33.1 35.85 0
      vertex 32.8218 35.8813 2.5
      vertex 33.1 35.85 2.5
    endloop
  endfacet
  facet normal 0.111804 0.99373 0
    outer loop
      vertex 32.8218 35.8813 2.5
      vertex 33.1 35.85 0
      vertex 32.8218 35.8813 0
    endloop
  endfacet
  facet normal -0.433864 -0.900978 0
    outer loop
      vertex 33.3881 49.8187 0
      vertex 33.8894 49.5773 2.5
      vertex 33.3881 49.8187 2.5
    endloop
  endfacet
  facet normal -0.433864 -0.900978 -0
    outer loop
      vertex 33.8894 49.5773 2.5
      vertex 33.3881 49.8187 0
      vertex 33.8894 49.5773 0
    endloop
  endfacet
  facet normal 0.99373 -0.111804 0
    outer loop
      vertex 31.85 48.6 2.5
      vertex 31.8813 48.8782 0
      vertex 31.8813 48.8782 2.5
    endloop
  endfacet
  facet normal 0.99373 -0.111804 0
    outer loop
      vertex 31.8813 48.8782 0
      vertex 31.85 48.6 2.5
      vertex 31.85 48.6 0
    endloop
  endfacet
  facet normal -0.111843 -0.993726 0
    outer loop
      vertex 33.11 49.85 0
      vertex 33.3881 49.8187 2.5
      vertex 33.11 49.85 2.5
    endloop
  endfacet
  facet normal -0.111843 -0.993726 -0
    outer loop
      vertex 33.3881 49.8187 2.5
      vertex 33.11 49.85 0
      vertex 33.3881 49.8187 0
    endloop
  endfacet
  facet normal -0.222522 0.974928 0
    outer loop
      vertex 33.6524 35.9738 0
      vertex 33.11 35.85 2.5
      vertex 33.6524 35.9738 2.5
    endloop
  endfacet
  facet normal -0.222522 0.974928 0
    outer loop
      vertex 33.11 35.85 2.5
      vertex 33.6524 35.9738 0
      vertex 33.11 35.85 0
    endloop
  endfacet
  facet normal 0 -1 0
    outer loop
      vertex 33.1 49.85 0
      vertex 33.11 49.85 2.5
      vertex 33.1 49.85 2.5
    endloop
  endfacet
  facet normal 0 -1 -0
    outer loop
      vertex 33.11 49.85 2.5
      vertex 33.1 49.85 0
      vertex 33.11 49.85 0
    endloop
  endfacet
  facet normal -1 0 0
    outer loop
      vertex 34.36 37.1 0
      vertex 34.36 48.6 2.5
      vertex 34.36 48.6 0
    endloop
  endfacet
  facet normal -1 -0 0
    outer loop
      vertex 34.36 48.6 2.5
      vertex 34.36 37.1 0
      vertex 34.36 37.1 2.5
    endloop
  endfacet
  facet normal 0.78185 0.623467 0
    outer loop
      vertex 32.3206 36.1227 2.5
      vertex 31.9738 36.5576 0
      vertex 31.9738 36.5576 2.5
    endloop
  endfacet
  facet normal 0.78185 0.623467 0
    outer loop
      vertex 31.9738 36.5576 0
      vertex 32.3206 36.1227 2.5
      vertex 32.3206 36.1227 0
    endloop
  endfacet
  facet normal 0 1 -0
    outer loop
      vertex 33.11 35.85 0
      vertex 33.1 35.85 2.5
      vertex 33.11 35.85 2.5
    endloop
  endfacet
  facet normal 0 1 0
    outer loop
      vertex 33.1 35.85 2.5
      vertex 33.11 35.85 0
      vertex 33.1 35.85 0
    endloop
  endfacet
  facet normal -0.974928 -0.222522 0
    outer loop
      vertex 34.36 48.6 0
      vertex 34.2362 49.1424 2.5
      vertex 34.2362 49.1424 0
    endloop
  endfacet
  facet normal -0.974928 -0.222522 0
    outer loop
      vertex 34.2362 49.1424 2.5
      vertex 34.36 48.6 0
      vertex 34.36 48.6 2.5
    endloop
  endfacet
  facet normal -0.99373 0.111804 0
    outer loop
      vertex 34.3287 36.8218 0
      vertex 34.36 37.1 2.5
      vertex 34.36 37.1 0
    endloop
  endfacet
  facet normal -0.99373 0.111804 0
    outer loop
      vertex 34.36 37.1 2.5
      vertex 34.3287 36.8218 0
      vertex 34.3287 36.8218 2.5
    endloop
  endfacet
  facet normal 0.623467 -0.78185 0
    outer loop
      vertex 32.1227 49.3794 0
      vertex 32.5576 49.7262 2.5
      vertex 32.1227 49.3794 2.5
    endloop
  endfacet
  facet normal 0.623467 -0.78185 0
    outer loop
      vertex 32.5576 49.7262 2.5
      vertex 32.1227 49.3794 0
      vertex 32.5576 49.7262 0
    endloop
  endfacet
  facet normal -0.78185 -0.623467 0
    outer loop
      vertex 34.2362 49.1424 0
      vertex 33.8894 49.5773 2.5
      vertex 33.8894 49.5773 0
    endloop
  endfacet
  facet normal -0.78185 -0.623467 0
    outer loop
      vertex 33.8894 49.5773 2.5
      vertex 34.2362 49.1424 0
      vertex 34.2362 49.1424 2.5
    endloop
  endfacet
  facet normal 0.222522 -0.974928 0
    outer loop
      vertex 32.5576 49.7262 0
      vertex 33.1 49.85 2.5
      vertex 32.5576 49.7262 2.5
    endloop
  endfacet
  facet normal 0.222522 -0.974928 0
    outer loop
      vertex 33.1 49.85 2.5
      vertex 32.5576 49.7262 0
      vertex 33.1 49.85 0
    endloop
  endfacet
  facet normal 0.900944 -0.433935 0
    outer loop
      vertex 37.8813 48.8782 2.5
      vertex 38.1227 49.3794 0
      vertex 38.1227 49.3794 2.5
    endloop
  endfacet
  facet normal 0.900944 -0.433935 0
    outer loop
      vertex 38.1227 49.3794 0
      vertex 37.8813 48.8782 2.5
      vertex 37.8813 48.8782 0
    endloop
  endfacet
  facet normal -0.900944 0.433935 0
    outer loop
      vertex 40.0873 36.3206 0
      vertex 40.3287 36.8218 2.5
      vertex 40.3287 36.8218 0
    endloop
  endfacet
  facet normal -0.900944 0.433935 0
    outer loop
      vertex 40.3287 36.8218 2.5
      vertex 40.0873 36.3206 0
      vertex 40.0873 36.3206 2.5
    endloop
  endfacet
  facet normal -0.623467 0.78185 0
    outer loop
      vertex 40.0873 36.3206 0
      vertex 39.6524 35.9738 2.5
      vertex 40.0873 36.3206 2.5
    endloop
  endfacet
  facet normal -0.623467 0.78185 0
    outer loop
      vertex 39.6524 35.9738 2.5
      vertex 40.0873 36.3206 0
      vertex 39.6524 35.9738 0
    endloop
  endfacet
  facet normal 1 -0 0
    outer loop
      vertex 37.85 37.1 2.5
      vertex 37.85 48.6 0
      vertex 37.85 48.6 2.5
    endloop
  endfacet
  facet normal 1 0 0
    outer loop
      vertex 37.85 48.6 0
      vertex 37.85 37.1 2.5
      vertex 37.85 37.1 0
    endloop
  endfacet
  facet normal 0.433935 0.900944 -0
    outer loop
      vertex 38.8218 35.8813 0
      vertex 38.3206 36.1227 2.5
      vertex 38.8218 35.8813 2.5
    endloop
  endfacet
  facet normal 0.433935 0.900944 0
    outer loop
      vertex 38.3206 36.1227 2.5
      vertex 38.8218 35.8813 0
      vertex 38.3206 36.1227 0
    endloop
  endfacet
  facet normal 0.974928 0.222522 0
    outer loop
      vertex 37.9738 36.5576 2.5
      vertex 37.85 37.1 0
      vertex 37.85 37.1 2.5
    endloop
  endfacet
  facet normal 0.974928 0.222522 0
    outer loop
      vertex 37.85 37.1 0
      vertex 37.9738 36.5576 2.5
      vertex 37.9738 36.5576 0
    endloop
  endfacet
  facet normal 0.111804 0.99373 -0
    outer loop
      vertex 39.1 35.85 0
      vertex 38.8218 35.8813 2.5
      vertex 39.1 35.85 2.5
    endloop
  endfacet
  facet normal 0.111804 0.99373 0
    outer loop
      vertex 38.8218 35.8813 2.5
      vertex 39.1 35.85 0
      vertex 38.8218 35.8813 0
    endloop
  endfacet
  facet normal -0.433864 -0.900978 0
    outer loop
      vertex 39.3881 49.8187 0
      vertex 39.8894 49.5773 2.5
      vertex 39.3881 49.8187 2.5
    endloop
  endfacet
  facet normal -0.433864 -0.900978 -0
    outer loop
      vertex 39.8894 49.5773 2.5
      vertex 39.3881 49.8187 0
      vertex 39.8894 49.5773 0
    endloop
  endfacet
  facet normal 0.99373 -0.111804 0
    outer loop
      vertex 37.85 48.6 2.5
      vertex 37.8813 48.8782 0
      vertex 37.8813 48.8782 2.5
    endloop
  endfacet
  facet normal 0.99373 -0.111804 0
    outer loop
      vertex 37.8813 48.8782 0
      vertex 37.85 48.6 2.5
      vertex 37.85 48.6 0
    endloop
  endfacet
  facet normal -0.111843 -0.993726 0
    outer loop
      vertex 39.11 49.85 0
      vertex 39.3881 49.8187 2.5
      vertex 39.11 49.85 2.5
    endloop
  endfacet
  facet normal -0.111843 -0.993726 -0
    outer loop
      vertex 39.3881 49.8187 2.5
      vertex 39.11 49.85 0
      vertex 39.3881 49.8187 0
    endloop
  endfacet
  facet normal -0.222522 0.974928 0
    outer loop
      vertex 39.6524 35.9738 0
      vertex 39.11 35.85 2.5
      vertex 39.6524 35.9738 2.5
    endloop
  endfacet
  facet normal -0.222522 0.974928 0
    outer loop
      vertex 39.11 35.85 2.5
      vertex 39.6524 35.9738 0
      vertex 39.11 35.85 0
    endloop
  endfacet
  facet normal 0 -1 0
    outer loop
      vertex 39.1 49.85 0
      vertex 39.11 49.85 2.5
      vertex 39.1 49.85 2.5
    endloop
  endfacet
  facet normal 0 -1 -0
    outer loop
      vertex 39.11 49.85 2.5
      vertex 39.1 49.85 0
      vertex 39.11 49.85 0
    endloop
  endfacet
  facet normal -1 0 0
    outer loop
      vertex 40.36 37.1 0
      vertex 40.36 48.6 2.5
      vertex 40.36 48.6 0
    endloop
  endfacet
  facet normal -1 -0 0
    outer loop
      vertex 40.36 48.6 2.5
      vertex 40.36 37.1 0
      vertex 40.36 37.1 2.5
    endloop
  endfacet
  facet normal 0.78185 0.623467 0
    outer loop
      vertex 38.3206 36.1227 2.5
      vertex 37.9738 36.5576 0
      vertex 37.9738 36.5576 2.5
    endloop
  endfacet
  facet normal 0.78185 0.623467 0
    outer loop
      vertex 37.9738 36.5576 0
      vertex 38.3206 36.1227 2.5
      vertex 38.3206 36.1227 0
    endloop
  endfacet
  facet normal 0 1 -0
    outer loop
      vertex 39.11 35.85 0
      vertex 39.1 35.85 2.5
      vertex 39.11 35.85 2.5
    endloop
  endfacet
  facet normal 0 1 0
    outer loop
      vertex 39.1 35.85 2.5
      vertex 39.11 35.85 0
      vertex 39.1 35.85 0
    endloop
  endfacet
  facet normal -0.974928 -0.222522 0
    outer loop
      vertex 40.36 48.6 0
      vertex 40.2362 49.1424 2.5
      vertex 40.2362 49.1424 0
    endloop
  endfacet
  facet normal -0.974928 -0.222522 0
    outer loop
      vertex 40.2362 49.1424 2.5
      vertex 40.36 48.6 0
      vertex 40.36 48.6 2.5
    endloop
  endfacet
  facet normal -0.99373 0.111804 0
    outer loop
      vertex 40.3287 36.8218 0
      vertex 40.36 37.1 2.5
      vertex 40.36 37.1 0
    endloop
  endfacet
  facet normal -0.99373 0.111804 0
    outer loop
      vertex 40.36 37.1 2.5
      vertex 40.3287 36.8218 0
      vertex 40.3287 36.8218 2.5
    endloop
  endfacet
  facet normal 0.623467 -0.78185 0
    outer loop
      vertex 38.1227 49.3794 0
      vertex 38.5576 49.7262 2.5
      vertex 38.1227 49.3794 2.5
    endloop
  endfacet
  facet normal 0.623467 -0.78185 0
    outer loop
      vertex 38.5576 49.7262 2.5
      vertex 38.1227 49.3794 0
      vertex 38.5576 49.7262 0
    endloop
  endfacet
  facet normal -0.78185 -0.623467 0
    outer loop
      vertex 40.2362 49.1424 0
      vertex 39.8894 49.5773 2.5
      vertex 39.8894 49.5773 0
    endloop
  endfacet
  facet normal -0.78185 -0.623467 0
    outer loop
      vertex 39.8894 49.5773 2.5
      vertex 40.2362 49.1424 0
      vertex 40.2362 49.1424 2.5
    endloop
  endfacet
  facet normal 0.222522 -0.974928 0
    outer loop
      vertex 38.5576 49.7262 0
      vertex 39.1 49.85 2.5
      vertex 38.5576 49.7262 2.5
    endloop
  endfacet
  facet normal 0.222522 -0.974928 0
    outer loop
      vertex 39.1 49.85 2.5
      vertex 38.5576 49.7262 0
      vertex 39.1 49.85 0
    endloop
  endfacet
  facet normal 0.900944 -0.433935 0
    outer loop
      vertex 43.8813 48.8782 2.5
      vertex 44.1227 49.3794 0
      vertex 44.1227 49.3794 2.5
    endloop
  endfacet
  facet normal 0.900944 -0.433935 0
    outer loop
      vertex 44.1227 49.3794 0
      vertex 43.8813 48.8782 2.5
      vertex 43.8813 48.8782 0
    endloop
  endfacet
  facet normal -0.900944 0.433935 0
    outer loop
      vertex 46.0873 36.3206 0
      vertex 46.3287 36.8218 2.5
      vertex 46.3287 36.8218 0
    endloop
  endfacet
  facet normal -0.900944 0.433935 0
    outer loop
      vertex 46.3287 36.8218 2.5
      vertex 46.0873 36.3206 0
      vertex 46.0873 36.3206 2.5
    endloop
  endfacet
  facet normal -0.623467 0.78185 0
    outer loop
      vertex 46.0873 36.3206 0
      vertex 45.6524 35.9738 2.5
      vertex 46.0873 36.3206 2.5
    endloop
  endfacet
  facet normal -0.623467 0.78185 0
    outer loop
      vertex 45.6524 35.9738 2.5
      vertex 46.0873 36.3206 0
      vertex 45.6524 35.9738 0
    endloop
  endfacet
  facet normal 1 -0 0
    outer loop
      vertex 43.85 37.1 2.5
      vertex 43.85 48.6 0
      vertex 43.85 48.6 2.5
    endloop
  endfacet
  facet normal 1 0 0
    outer loop
      vertex 43.85 48.6 0
      vertex 43.85 37.1 2.5
      vertex 43.85 37.1 0
    endloop
  endfacet
  facet normal 0.433935 0.900944 -0
    outer loop
      vertex 44.8218 35.8813 0
      vertex 44.3206 36.1227 2.5
      vertex 44.8218 35.8813 2.5
    endloop
  endfacet
  facet normal 0.433935 0.900944 0
    outer loop
      vertex 44.3206 36.1227 2.5
      vertex 44.8218 35.8813 0
      vertex 44.3206 36.1227 0
    endloop
  endfacet
  facet normal 0.974928 0.222522 0
    outer loop
      vertex 43.9738 36.5576 2.5
      vertex 43.85 37.1 0
      vertex 43.85 37.1 2.5
    endloop
  endfacet
  facet normal 0.974928 0.222522 0
    outer loop
      vertex 43.85 37.1 0
      vertex 43.9738 36.5576 2.5
      vertex 43.9738 36.5576 0
    endloop
  endfacet
  facet normal -0.433864 -0.900978 0
    outer loop
      vertex 45.3881 49.8187 0
      vertex 45.8894 49.5773 2.5
      vertex 45.3881 49.8187 2.5
    endloop
  endfacet
  facet normal -0.433864 -0.900978 -0
    outer loop
      vertex 45.8894 49.5773 2.5
      vertex 45.3881 49.8187 0
      vertex 45.8894 49.5773 0
    endloop
  endfacet
  facet normal 0.99373 -0.111804 0
    outer loop
      vertex 43.85 48.6 2.5
      vertex 43.8813 48.8782 0
      vertex 43.8813 48.8782 2.5
    endloop
  endfacet
  facet normal 0.99373 -0.111804 0
    outer loop
      vertex 43.8813 48.8782 0
      vertex 43.85 48.6 2.5
      vertex 43.85 48.6 0
    endloop
  endfacet
  facet normal -0.111843 -0.993726 0
    outer loop
      vertex 45.11 49.85 0
      vertex 45.3881 49.8187 2.5
      vertex 45.11 49.85 2.5
    endloop
  endfacet
  facet normal -0.111843 -0.993726 -0
    outer loop
      vertex 45.3881 49.8187 2.5
      vertex 45.11 49.85 0
      vertex 45.3881 49.8187 0
    endloop
  endfacet
  facet normal -0.222522 0.974928 0
    outer loop
      vertex 45.6524 35.9738 0
      vertex 45.11 35.85 2.5
      vertex 45.6524 35.9738 2.5
    endloop
  endfacet
  facet normal -0.222522 0.974928 0
    outer loop
      vertex 45.11 35.85 2.5
      vertex 45.6524 35.9738 0
      vertex 45.11 35.85 0
    endloop
  endfacet
  facet normal 0 -1 0
    outer loop
      vertex 45.1 49.85 0
      vertex 45.11 49.85 2.5
      vertex 45.1 49.85 2.5
    endloop
  endfacet
  facet normal 0 -1 -0
    outer loop
      vertex 45.11 49.85 2.5
      vertex 45.1 49.85 0
      vertex 45.11 49.85 0
    endloop
  endfacet
  facet normal -1 0 0
    outer loop
      vertex 46.36 37.1 0
      vertex 46.36 48.6 2.5
      vertex 46.36 48.6 0
    endloop
  endfacet
  facet normal -1 -0 0
    outer loop
      vertex 46.36 48.6 2.5
      vertex 46.36 37.1 0
      vertex 46.36 37.1 2.5
    endloop
  endfacet
  facet normal 0.78185 0.623467 0
    outer loop
      vertex 44.3206 36.1227 2.5
      vertex 43.9738 36.5576 0
      vertex 43.9738 36.5576 2.5
    endloop
  endfacet
  facet normal 0.78185 0.623467 0
    outer loop
      vertex 43.9738 36.5576 0
      vertex 44.3206 36.1227 2.5
      vertex 44.3206 36.1227 0
    endloop
  endfacet
  facet normal 0.111804 0.99373 -0
    outer loop
      vertex 45.1 35.85 0
      vertex 44.8218 35.8813 2.5
      vertex 45.1 35.85 2.5
    endloop
  endfacet
  facet normal 0.111804 0.99373 0
    outer loop
      vertex 44.8218 35.8813 2.5
      vertex 45.1 35.85 0
      vertex 44.8218 35.8813 0
    endloop
  endfacet
  facet normal 0 1 -0
    outer loop
      vertex 45.11 35.85 0
      vertex 45.1 35.85 2.5
      vertex 45.11 35.85 2.5
    endloop
  endfacet
  facet normal 0 1 0
    outer loop
      vertex 45.1 35.85 2.5
      vertex 45.11 35.85 0
      vertex 45.1 35.85 0
    endloop
  endfacet
  facet normal -0.974928 -0.222522 0
    outer loop
      vertex 46.36 48.6 0
      vertex 46.2362 49.1424 2.5
      vertex 46.2362 49.1424 0
    endloop
  endfacet
  facet normal -0.974928 -0.222522 0
    outer loop
      vertex 46.2362 49.1424 2.5
      vertex 46.36 48.6 0
      vertex 46.36 48.6 2.5
    endloop
  endfacet
  facet normal -0.99373 0.111804 0
    outer loop
      vertex 46.3287 36.8218 0
      vertex 46.36 37.1 2.5
      vertex 46.36 37.1 0
    endloop
  endfacet
  facet normal -0.99373 0.111804 0
    outer loop
      vertex 46.36 37.1 2.5
      vertex 46.3287 36.8218 0
      vertex 46.3287 36.8218 2.5
    endloop
  endfacet
  facet normal 0.623467 -0.78185 0
    outer loop
      vertex 44.1227 49.3794 0
      vertex 44.5576 49.7262 2.5
      vertex 44.1227 49.3794 2.5
    endloop
  endfacet
  facet normal 0.623467 -0.78185 0
    outer loop
      vertex 44.5576 49.7262 2.5
      vertex 44.1227 49.3794 0
      vertex 44.5576 49.7262 0
    endloop
  endfacet
  facet normal -0.78185 -0.623467 0
    outer loop
      vertex 46.2362 49.1424 0
      vertex 45.8894 49.5773 2.5
      vertex 45.8894 49.5773 0
    endloop
  endfacet
  facet normal -0.78185 -0.623467 0
    outer loop
      vertex 45.8894 49.5773 2.5
      vertex 46.2362 49.1424 0
      vertex 46.2362 49.1424 2.5
    endloop
  endfacet
  facet normal 0.222522 -0.974928 0
    outer loop
      vertex 44.5576 49.7262 0
      vertex 45.1 49.85 2.5
      vertex 44.5576 49.7262 2.5
    endloop
  endfacet
  facet normal 0.222522 -0.974928 0
    outer loop
      vertex 45.1 49.85 2.5
      vertex 44.5576 49.7262 0
      vertex 45.1 49.85 0
    endloop
  endfacet
  facet normal 0.900944 -0.433935 0
    outer loop
      vertex 49.8813 48.8782 2.5
      vertex 50.1227 49.3794 0
      vertex 50.1227 49.3794 2.5
    endloop
  endfacet
  facet normal 0.900944 -0.433935 0
    outer loop
      vertex 50.1227 49.3794 0
      vertex 49.8813 48.8782 2.5
      vertex 49.8813 48.8782 0
    endloop
  endfacet
  facet normal -0.900944 0.433935 0
    outer loop
      vertex 52.0873 36.3206 0
      vertex 52.3287 36.8218 2.5
      vertex 52.3287 36.8218 0
    endloop
  endfacet
  facet normal -0.900944 0.433935 0
    outer loop
      vertex 52.3287 36.8218 2.5
      vertex 52.0873 36.3206 0
      vertex 52.0873 36.3206 2.5
    endloop
  endfacet
  facet normal -0.623467 0.78185 0
    outer loop
      vertex 52.0873 36.3206 0
      vertex 51.6524 35.9738 2.5
      vertex 52.0873 36.3206 2.5
    endloop
  endfacet
  facet normal -0.623467 0.78185 0
    outer loop
      vertex 51.6524 35.9738 2.5
      vertex 52.0873 36.3206 0
      vertex 51.6524 35.9738 0
    endloop
  endfacet
  facet normal 1 -0 0
    outer loop
      vertex 49.85 37.1 2.5
      vertex 49.85 48.6 0
      vertex 49.85 48.6 2.5
    endloop
  endfacet
  facet normal 1 0 0
    outer loop
      vertex 49.85 48.6 0
      vertex 49.85 37.1 2.5
      vertex 49.85 37.1 0
    endloop
  endfacet
  facet normal 0.433935 0.900944 -0
    outer loop
      vertex 50.8218 35.8813 0
      vertex 50.3206 36.1227 2.5
      vertex 50.8218 35.8813 2.5
    endloop
  endfacet
  facet normal 0.433935 0.900944 0
    outer loop
      vertex 50.3206 36.1227 2.5
      vertex 50.8218 35.8813 0
      vertex 50.3206 36.1227 0
    endloop
  endfacet
  facet normal 0.974928 0.222522 0
    outer loop
      vertex 49.9738 36.5576 2.5
      vertex 49.85 37.1 0
      vertex 49.85 37.1 2.5
    endloop
  endfacet
  facet normal 0.974928 0.222522 0
    outer loop
      vertex 49.85 37.1 0
      vertex 49.9738 36.5576 2.5
      vertex 49.9738 36.5576 0
    endloop
  endfacet
  facet normal -0.433864 -0.900978 0
    outer loop
      vertex 51.3881 49.8187 0
      vertex 51.8894 49.5773 2.5
      vertex 51.3881 49.8187 2.5
    endloop
  endfacet
  facet normal -0.433864 -0.900978 -0
    outer loop
      vertex 51.8894 49.5773 2.5
      vertex 51.3881 49.8187 0
      vertex 51.8894 49.5773 0
    endloop
  endfacet
  facet normal 0.99373 -0.111804 0
    outer loop
      vertex 49.85 48.6 2.5
      vertex 49.8813 48.8782 0
      vertex 49.8813 48.8782 2.5
    endloop
  endfacet
  facet normal 0.99373 -0.111804 0
    outer loop
      vertex 49.8813 48.8782 0
      vertex 49.85 48.6 2.5
      vertex 49.85 48.6 0
    endloop
  endfacet
  facet normal -0.111843 -0.993726 0
    outer loop
      vertex 51.11 49.85 0
      vertex 51.3881 49.8187 2.5
      vertex 51.11 49.85 2.5
    endloop
  endfacet
  facet normal -0.111843 -0.993726 -0
    outer loop
      vertex 51.3881 49.8187 2.5
      vertex 51.11 49.85 0
      vertex 51.3881 49.8187 0
    endloop
  endfacet
  facet normal -0.222522 0.974928 0
    outer loop
      vertex 51.6524 35.9738 0
      vertex 51.11 35.85 2.5
      vertex 51.6524 35.9738 2.5
    endloop
  endfacet
  facet normal -0.222522 0.974928 0
    outer loop
      vertex 51.11 35.85 2.5
      vertex 51.6524 35.9738 0
      vertex 51.11 35.85 0
    endloop
  endfacet
  facet normal -1 0 0
    outer loop
      vertex 52.36 37.1 0
      vertex 52.36 48.6 2.5
      vertex 52.36 48.6 0
    endloop
  endfacet
  facet normal -1 -0 0
    outer loop
      vertex 52.36 48.6 2.5
      vertex 52.36 37.1 0
      vertex 52.36 37.1 2.5
    endloop
  endfacet
  facet normal 0.78185 0.623467 0
    outer loop
      vertex 50.3206 36.1227 2.5
      vertex 49.9738 36.5576 0
      vertex 49.9738 36.5576 2.5
    endloop
  endfacet
  facet normal 0.78185 0.623467 0
    outer loop
      vertex 49.9738 36.5576 0
      vertex 50.3206 36.1227 2.5
      vertex 50.3206 36.1227 0
    endloop
  endfacet
  facet normal 0.111804 0.99373 -0
    outer loop
      vertex 51.1 35.85 0
      vertex 50.8218 35.8813 2.5
      vertex 51.1 35.85 2.5
    endloop
  endfacet
  facet normal 0.111804 0.99373 0
    outer loop
      vertex 50.8218 35.8813 2.5
      vertex 51.1 35.85 0
      vertex 50.8218 35.8813 0
    endloop
  endfacet
  facet normal 0 1 -0
    outer loop
      vertex 51.11 35.85 0
      vertex 51.1 35.85 2.5
      vertex 51.11 35.85 2.5
    endloop
  endfacet
  facet normal 0 1 0
    outer loop
      vertex 51.1 35.85 2.5
      vertex 51.11 35.85 0
      vertex 51.1 35.85 0
    endloop
  endfacet
  facet normal -0.974928 -0.222522 0
    outer loop
      vertex 52.36 48.6 0
      vertex 52.2362 49.1424 2.5
      vertex 52.2362 49.1424 0
    endloop
  endfacet
  facet normal -0.974928 -0.222522 0
    outer loop
      vertex 52.2362 49.1424 2.5
      vertex 52.36 48.6 0
      vertex 52.36 48.6 2.5
    endloop
  endfacet
  facet normal -0.99373 0.111804 0
    outer loop
      vertex 52.3287 36.8218 0
      vertex 52.36 37.1 2.5
      vertex 52.36 37.1 0
    endloop
  endfacet
  facet normal -0.99373 0.111804 0
    outer loop
      vertex 52.36 37.1 2.5
      vertex 52.3287 36.8218 0
      vertex 52.3287 36.8218 2.5
    endloop
  endfacet
  facet normal 0.623467 -0.78185 0
    outer loop
      vertex 50.1227 49.3794 0
      vertex 50.5576 49.7262 2.5
      vertex 50.1227 49.3794 2.5
    endloop
  endfacet
  facet normal 0.623467 -0.78185 0
    outer loop
      vertex 50.5576 49.7262 2.5
      vertex 50.1227 49.3794 0
      vertex 50.5576 49.7262 0
    endloop
  endfacet
  facet normal -0.78185 -0.623467 0
    outer loop
      vertex 52.2362 49.1424 0
      vertex 51.8894 49.5773 2.5
      vertex 51.8894 49.5773 0
    endloop
  endfacet
  facet normal -0.78185 -0.623467 0
    outer loop
      vertex 51.8894 49.5773 2.5
      vertex 52.2362 49.1424 0
      vertex 52.2362 49.1424 2.5
    endloop
  endfacet
  facet normal 0.222522 -0.974928 0
    outer loop
      vertex 50.5576 49.7262 0
      vertex 51.1 49.85 2.5
      vertex 50.5576 49.7262 2.5
    endloop
  endfacet
  facet normal 0.222522 -0.974928 0
    outer loop
      vertex 51.1 49.85 2.5
      vertex 50.5576 49.7262 0
      vertex 51.1 49.85 0
    endloop
  endfacet
  facet normal 0 -1 0
    outer loop
      vertex 51.1 49.85 0
      vertex 51.11 49.85 2.5
      vertex 51.1 49.85 2.5
    endloop
  endfacet
  facet normal 0 -1 -0
    outer loop
      vertex 51.11 49.85 2.5
      vertex 51.1 49.85 0
      vertex 51.11 49.85 0
    endloop
  endfacet
  facet normal 0.900944 -0.433935 0
    outer loop
      vertex 79.3813 32.6282 2.5
      vertex 79.6227 33.1294 0
      vertex 79.6227 33.1294 2.5
    endloop
  endfacet
  facet normal 0.900944 -0.433935 0
    outer loop
      vertex 79.6227 33.1294 0
      vertex 79.3813 32.6282 2.5
      vertex 79.3813 32.6282 0
    endloop
  endfacet
  facet normal -0.900944 0.433935 0
    outer loop
      vertex 81.5873 20.0706 0
      vertex 81.8287 20.5718 2.5
      vertex 81.8287 20.5718 0
    endloop
  endfacet
  facet normal -0.900944 0.433935 0
    outer loop
      vertex 81.8287 20.5718 2.5
      vertex 81.5873 20.0706 0
      vertex 81.5873 20.0706 2.5
    endloop
  endfacet
  facet normal -0.623467 0.78185 0
    outer loop
      vertex 81.5873 20.0706 0
      vertex 81.1524 19.7238 2.5
      vertex 81.5873 20.0706 2.5
    endloop
  endfacet
  facet normal -0.623467 0.78185 0
    outer loop
      vertex 81.1524 19.7238 2.5
      vertex 81.5873 20.0706 0
      vertex 81.1524 19.7238 0
    endloop
  endfacet
  facet normal 1 -0 0
    outer loop
      vertex 79.35 20.85 2.5
      vertex 79.35 32.35 0
      vertex 79.35 32.35 2.5
    endloop
  endfacet
  facet normal 1 0 0
    outer loop
      vertex 79.35 32.35 0
      vertex 79.35 20.85 2.5
      vertex 79.35 20.85 0
    endloop
  endfacet
  facet normal 0.433935 0.900944 -0
    outer loop
      vertex 80.3218 19.6313 0
      vertex 79.8206 19.8727 2.5
      vertex 80.3218 19.6313 2.5
    endloop
  endfacet
  facet normal 0.433935 0.900944 0
    outer loop
      vertex 79.8206 19.8727 2.5
      vertex 80.3218 19.6313 0
      vertex 79.8206 19.8727 0
    endloop
  endfacet
  facet normal 0.974928 0.222522 0
    outer loop
      vertex 79.4738 20.3076 2.5
      vertex 79.35 20.85 0
      vertex 79.35 20.85 2.5
    endloop
  endfacet
  facet normal 0.974928 0.222522 0
    outer loop
      vertex 79.35 20.85 0
      vertex 79.4738 20.3076 2.5
      vertex 79.4738 20.3076 0
    endloop
  endfacet
  facet normal -0.433864 -0.900978 0
    outer loop
      vertex 80.8881 33.5687 0
      vertex 81.3894 33.3273 2.5
      vertex 80.8881 33.5687 2.5
    endloop
  endfacet
  facet normal -0.433864 -0.900978 -0
    outer loop
      vertex 81.3894 33.3273 2.5
      vertex 80.8881 33.5687 0
      vertex 81.3894 33.3273 0
    endloop
  endfacet
  facet normal 0.99373 -0.111804 0
    outer loop
      vertex 79.35 32.35 2.5
      vertex 79.3813 32.6282 0
      vertex 79.3813 32.6282 2.5
    endloop
  endfacet
  facet normal 0.99373 -0.111804 0
    outer loop
      vertex 79.3813 32.6282 0
      vertex 79.35 32.35 2.5
      vertex 79.35 32.35 0
    endloop
  endfacet
  facet normal -0.111843 -0.993726 0
    outer loop
      vertex 80.61 33.6 0
      vertex 80.8881 33.5687 2.5
      vertex 80.61 33.6 2.5
    endloop
  endfacet
  facet normal -0.111843 -0.993726 -0
    outer loop
      vertex 80.8881 33.5687 2.5
      vertex 80.61 33.6 0
      vertex 80.8881 33.5687 0
    endloop
  endfacet
  facet normal -0.222522 0.974928 0
    outer loop
      vertex 81.1524 19.7238 0
      vertex 80.61 19.6 2.5
      vertex 81.1524 19.7238 2.5
    endloop
  endfacet
  facet normal -0.222522 0.974928 0
    outer loop
      vertex 80.61 19.6 2.5
      vertex 81.1524 19.7238 0
      vertex 80.61 19.6 0
    endloop
  endfacet
  facet normal -1 0 0
    outer loop
      vertex 81.86 20.85 0
      vertex 81.86 32.35 2.5
      vertex 81.86 32.35 0
    endloop
  endfacet
  facet normal -1 -0 0
    outer loop
      vertex 81.86 32.35 2.5
      vertex 81.86 20.85 0
      vertex 81.86 20.85 2.5
    endloop
  endfacet
  facet normal 0.78185 0.623467 0
    outer loop
      vertex 79.8206 19.8727 2.5
      vertex 79.4738 20.3076 0
      vertex 79.4738 20.3076 2.5
    endloop
  endfacet
  facet normal 0.78185 0.623467 0
    outer loop
      vertex 79.4738 20.3076 0
      vertex 79.8206 19.8727 2.5
      vertex 79.8206 19.8727 0
    endloop
  endfacet
  facet normal 0.111804 0.99373 -0
    outer loop
      vertex 80.6 19.6 0
      vertex 80.3218 19.6313 2.5
      vertex 80.6 19.6 2.5
    endloop
  endfacet
  facet normal 0.111804 0.99373 0
    outer loop
      vertex 80.3218 19.6313 2.5
      vertex 80.6 19.6 0
      vertex 80.3218 19.6313 0
    endloop
  endfacet
  facet normal 0 1 -0
    outer loop
      vertex 80.61 19.6 0
      vertex 80.6 19.6 2.5
      vertex 80.61 19.6 2.5
    endloop
  endfacet
  facet normal 0 1 0
    outer loop
      vertex 80.6 19.6 2.5
      vertex 80.61 19.6 0
      vertex 80.6 19.6 0
    endloop
  endfacet
  facet normal -0.974928 -0.222522 0
    outer loop
      vertex 81.86 32.35 0
      vertex 81.7362 32.8924 2.5
      vertex 81.7362 32.8924 0
    endloop
  endfacet
  facet normal -0.974928 -0.222522 0
    outer loop
      vertex 81.7362 32.8924 2.5
      vertex 81.86 32.35 0
      vertex 81.86 32.35 2.5
    endloop
  endfacet
  facet normal -0.99373 0.111804 0
    outer loop
      vertex 81.8287 20.5718 0
      vertex 81.86 20.85 2.5
      vertex 81.86 20.85 0
    endloop
  endfacet
  facet normal -0.99373 0.111804 0
    outer loop
      vertex 81.86 20.85 2.5
      vertex 81.8287 20.5718 0
      vertex 81.8287 20.5718 2.5
    endloop
  endfacet
  facet normal 0.623467 -0.78185 0
    outer loop
      vertex 79.6227 33.1294 0
      vertex 80.0576 33.4762 2.5
      vertex 79.6227 33.1294 2.5
    endloop
  endfacet
  facet normal 0.623467 -0.78185 0
    outer loop
      vertex 80.0576 33.4762 2.5
      vertex 79.6227 33.1294 0
      vertex 80.0576 33.4762 0
    endloop
  endfacet
  facet normal -0.78185 -0.623467 0
    outer loop
      vertex 81.7362 32.8924 0
      vertex 81.3894 33.3273 2.5
      vertex 81.3894 33.3273 0
    endloop
  endfacet
  facet normal -0.78185 -0.623467 0
    outer loop
      vertex 81.3894 33.3273 2.5
      vertex 81.7362 32.8924 0
      vertex 81.7362 32.8924 2.5
    endloop
  endfacet
  facet normal 0.222522 -0.974928 0
    outer loop
      vertex 80.0576 33.4762 0
      vertex 80.6 33.6 2.5
      vertex 80.0576 33.4762 2.5
    endloop
  endfacet
  facet normal 0.222522 -0.974928 0
    outer loop
      vertex 80.6 33.6 2.5
      vertex 80.0576 33.4762 0
      vertex 80.6 33.6 0
    endloop
  endfacet
  facet normal 0 -1 0
    outer loop
      vertex 80.6 33.6 0
      vertex 80.61 33.6 2.5
      vertex 80.6 33.6 2.5
    endloop
  endfacet
  facet normal 0 -1 -0
    outer loop
      vertex 80.61 33.6 2.5
      vertex 80.6 33.6 0
      vertex 80.61 33.6 0
    endloop
  endfacet
  facet normal 0.900944 -0.433935 0
    outer loop
      vertex 85.3813 32.6282 2.5
      vertex 85.6227 33.1294 0
      vertex 85.6227 33.1294 2.5
    endloop
  endfacet
  facet normal 0.900944 -0.433935 0
    outer loop
      vertex 85.6227 33.1294 0
      vertex 85.3813 32.6282 2.5
      vertex 85.3813 32.6282 0
    endloop
  endfacet
  facet normal -0.900944 0.433935 0
    outer loop
      vertex 87.5873 20.0706 0
      vertex 87.8287 20.5718 2.5
      vertex 87.8287 20.5718 0
    endloop
  endfacet
  facet normal -0.900944 0.433935 0
    outer loop
      vertex 87.8287 20.5718 2.5
      vertex 87.5873 20.0706 0
      vertex 87.5873 20.0706 2.5
    endloop
  endfacet
  facet normal -0.623467 0.78185 0
    outer loop
      vertex 87.5873 20.0706 0
      vertex 87.1524 19.7238 2.5
      vertex 87.5873 20.0706 2.5
    endloop
  endfacet
  facet normal -0.623467 0.78185 0
    outer loop
      vertex 87.1524 19.7238 2.5
      vertex 87.5873 20.0706 0
      vertex 87.1524 19.7238 0
    endloop
  endfacet
  facet normal 1 -0 0
    outer loop
      vertex 85.35 20.85 2.5
      vertex 85.35 32.35 0
      vertex 85.35 32.35 2.5
    endloop
  endfacet
  facet normal 1 0 0
    outer loop
      vertex 85.35 32.35 0
      vertex 85.35 20.85 2.5
      vertex 85.35 20.85 0
    endloop
  endfacet
  facet normal 0.433935 0.900944 -0
    outer loop
      vertex 86.3218 19.6313 0
      vertex 85.8206 19.8727 2.5
      vertex 86.3218 19.6313 2.5
    endloop
  endfacet
  facet normal 0.433935 0.900944 0
    outer loop
      vertex 85.8206 19.8727 2.5
      vertex 86.3218 19.6313 0
      vertex 85.8206 19.8727 0
    endloop
  endfacet
  facet normal 0.974928 0.222522 0
    outer loop
      vertex 85.4738 20.3076 2.5
      vertex 85.35 20.85 0
      vertex 85.35 20.85 2.5
    endloop
  endfacet
  facet normal 0.974928 0.222522 0
    outer loop
      vertex 85.35 20.85 0
      vertex 85.4738 20.3076 2.5
      vertex 85.4738 20.3076 0
    endloop
  endfacet
  facet normal -0.433864 -0.900978 0
    outer loop
      vertex 86.8881 33.5687 0
      vertex 87.3894 33.3273 2.5
      vertex 86.8881 33.5687 2.5
    endloop
  endfacet
  facet normal -0.433864 -0.900978 -0
    outer loop
      vertex 87.3894 33.3273 2.5
      vertex 86.8881 33.5687 0
      vertex 87.3894 33.3273 0
    endloop
  endfacet
  facet normal 0.99373 -0.111804 0
    outer loop
      vertex 85.35 32.35 2.5
      vertex 85.3813 32.6282 0
      vertex 85.3813 32.6282 2.5
    endloop
  endfacet
  facet normal 0.99373 -0.111804 0
    outer loop
      vertex 85.3813 32.6282 0
      vertex 85.35 32.35 2.5
      vertex 85.35 32.35 0
    endloop
  endfacet
  facet normal -0.111843 -0.993726 0
    outer loop
      vertex 86.61 33.6 0
      vertex 86.8881 33.5687 2.5
      vertex 86.61 33.6 2.5
    endloop
  endfacet
  facet normal -0.111843 -0.993726 -0
    outer loop
      vertex 86.8881 33.5687 2.5
      vertex 86.61 33.6 0
      vertex 86.8881 33.5687 0
    endloop
  endfacet
  facet normal -0.222522 0.974928 0
    outer loop
      vertex 87.1524 19.7238 0
      vertex 86.61 19.6 2.5
      vertex 87.1524 19.7238 2.5
    endloop
  endfacet
  facet normal -0.222522 0.974928 0
    outer loop
      vertex 86.61 19.6 2.5
      vertex 87.1524 19.7238 0
      vertex 86.61 19.6 0
    endloop
  endfacet
  facet normal -1 0 0
    outer loop
      vertex 87.86 20.85 0
      vertex 87.86 32.35 2.5
      vertex 87.86 32.35 0
    endloop
  endfacet
  facet normal -1 -0 0
    outer loop
      vertex 87.86 32.35 2.5
      vertex 87.86 20.85 0
      vertex 87.86 20.85 2.5
    endloop
  endfacet
  facet normal 0.78185 0.623467 0
    outer loop
      vertex 85.8206 19.8727 2.5
      vertex 85.4738 20.3076 0
      vertex 85.4738 20.3076 2.5
    endloop
  endfacet
  facet normal 0.78185 0.623467 0
    outer loop
      vertex 85.4738 20.3076 0
      vertex 85.8206 19.8727 2.5
      vertex 85.8206 19.8727 0
    endloop
  endfacet
  facet normal 0.111804 0.99373 -0
    outer loop
      vertex 86.6 19.6 0
      vertex 86.3218 19.6313 2.5
      vertex 86.6 19.6 2.5
    endloop
  endfacet
  facet normal 0.111804 0.99373 0
    outer loop
      vertex 86.3218 19.6313 2.5
      vertex 86.6 19.6 0
      vertex 86.3218 19.6313 0
    endloop
  endfacet
  facet normal 0 1 -0
    outer loop
      vertex 86.61 19.6 0
      vertex 86.6 19.6 2.5
      vertex 86.61 19.6 2.5
    endloop
  endfacet
  facet normal 0 1 0
    outer loop
      vertex 86.6 19.6 2.5
      vertex 86.61 19.6 0
      vertex 86.6 19.6 0
    endloop
  endfacet
  facet normal -0.974928 -0.222522 0
    outer loop
      vertex 87.86 32.35 0
      vertex 87.7362 32.8924 2.5
      vertex 87.7362 32.8924 0
    endloop
  endfacet
  facet normal -0.974928 -0.222522 0
    outer loop
      vertex 87.7362 32.8924 2.5
      vertex 87.86 32.35 0
      vertex 87.86 32.35 2.5
    endloop
  endfacet
  facet normal -0.99373 0.111804 0
    outer loop
      vertex 87.8287 20.5718 0
      vertex 87.86 20.85 2.5
      vertex 87.86 20.85 0
    endloop
  endfacet
  facet normal -0.99373 0.111804 0
    outer loop
      vertex 87.86 20.85 2.5
      vertex 87.8287 20.5718 0
      vertex 87.8287 20.5718 2.5
    endloop
  endfacet
  facet normal 0.623467 -0.78185 0
    outer loop
      vertex 85.6227 33.1294 0
      vertex 86.0576 33.4762 2.5
      vertex 85.6227 33.1294 2.5
    endloop
  endfacet
  facet normal 0.623467 -0.78185 0
    outer loop
      vertex 86.0576 33.4762 2.5
      vertex 85.6227 33.1294 0
      vertex 86.0576 33.4762 0
    endloop
  endfacet
  facet normal -0.78185 -0.623467 0
    outer loop
      vertex 87.7362 32.8924 0
      vertex 87.3894 33.3273 2.5
      vertex 87.3894 33.3273 0
    endloop
  endfacet
  facet normal -0.78185 -0.623467 0
    outer loop
      vertex 87.3894 33.3273 2.5
      vertex 87.7362 32.8924 0
      vertex 87.7362 32.8924 2.5
    endloop
  endfacet
  facet normal 0.222522 -0.974928 0
    outer loop
      vertex 86.0576 33.4762 0
      vertex 86.6 33.6 2.5
      vertex 86.0576 33.4762 2.5
    endloop
  endfacet
  facet normal 0.222522 -0.974928 0
    outer loop
      vertex 86.6 33.6 2.5
      vertex 86.0576 33.4762 0
      vertex 86.6 33.6 0
    endloop
  endfacet
  facet normal 0 -1 0
    outer loop
      vertex 86.6 33.6 0
      vertex 86.61 33.6 2.5
      vertex 86.6 33.6 2.5
    endloop
  endfacet
  facet normal 0 -1 -0
    outer loop
      vertex 86.61 33.6 2.5
      vertex 86.6 33.6 0
      vertex 86.61 33.6 0
    endloop
  endfacet
  facet normal 0.900944 -0.433935 0
    outer loop
      vertex 91.3813 32.6282 2.5
      vertex 91.6227 33.1294 0
      vertex 91.6227 33.1294 2.5
    endloop
  endfacet
  facet normal 0.900944 -0.433935 0
    outer loop
      vertex 91.6227 33.1294 0
      vertex 91.3813 32.6282 2.5
      vertex 91.3813 32.6282 0
    endloop
  endfacet
  facet normal -0.900944 0.433935 0
    outer loop
      vertex 93.5873 20.0706 0
      vertex 93.8287 20.5718 2.5
      vertex 93.8287 20.5718 0
    endloop
  endfacet
  facet normal -0.900944 0.433935 0
    outer loop
      vertex 93.8287 20.5718 2.5
      vertex 93.5873 20.0706 0
      vertex 93.5873 20.0706 2.5
    endloop
  endfacet
  facet normal -0.623467 0.78185 0
    outer loop
      vertex 93.5873 20.0706 0
      vertex 93.1524 19.7238 2.5
      vertex 93.5873 20.0706 2.5
    endloop
  endfacet
  facet normal -0.623467 0.78185 0
    outer loop
      vertex 93.1524 19.7238 2.5
      vertex 93.5873 20.0706 0
      vertex 93.1524 19.7238 0
    endloop
  endfacet
  facet normal 1 -0 0
    outer loop
      vertex 91.35 20.85 2.5
      vertex 91.35 32.35 0
      vertex 91.35 32.35 2.5
    endloop
  endfacet
  facet normal 1 0 0
    outer loop
      vertex 91.35 32.35 0
      vertex 91.35 20.85 2.5
      vertex 91.35 20.85 0
    endloop
  endfacet
  facet normal 0.433935 0.900944 -0
    outer loop
      vertex 92.3218 19.6313 0
      vertex 91.8206 19.8727 2.5
      vertex 92.3218 19.6313 2.5
    endloop
  endfacet
  facet normal 0.433935 0.900944 0
    outer loop
      vertex 91.8206 19.8727 2.5
      vertex 92.3218 19.6313 0
      vertex 91.8206 19.8727 0
    endloop
  endfacet
  facet normal 0.974928 0.222522 0
    outer loop
      vertex 91.4738 20.3076 2.5
      vertex 91.35 20.85 0
      vertex 91.35 20.85 2.5
    endloop
  endfacet
  facet normal 0.974928 0.222522 0
    outer loop
      vertex 91.35 20.85 0
      vertex 91.4738 20.3076 2.5
      vertex 91.4738 20.3076 0
    endloop
  endfacet
  facet normal -0.433864 -0.900978 0
    outer loop
      vertex 92.8881 33.5687 0
      vertex 93.3894 33.3273 2.5
      vertex 92.8881 33.5687 2.5
    endloop
  endfacet
  facet normal -0.433864 -0.900978 -0
    outer loop
      vertex 93.3894 33.3273 2.5
      vertex 92.8881 33.5687 0
      vertex 93.3894 33.3273 0
    endloop
  endfacet
  facet normal 0.99373 -0.111804 0
    outer loop
      vertex 91.35 32.35 2.5
      vertex 91.3813 32.6282 0
      vertex 91.3813 32.6282 2.5
    endloop
  endfacet
  facet normal 0.99373 -0.111804 0
    outer loop
      vertex 91.3813 32.6282 0
      vertex 91.35 32.35 2.5
      vertex 91.35 32.35 0
    endloop
  endfacet
  facet normal -0.111843 -0.993726 0
    outer loop
      vertex 92.61 33.6 0
      vertex 92.8881 33.5687 2.5
      vertex 92.61 33.6 2.5
    endloop
  endfacet
  facet normal -0.111843 -0.993726 -0
    outer loop
      vertex 92.8881 33.5687 2.5
      vertex 92.61 33.6 0
      vertex 92.8881 33.5687 0
    endloop
  endfacet
  facet normal -0.222522 0.974928 0
    outer loop
      vertex 93.1524 19.7238 0
      vertex 92.61 19.6 2.5
      vertex 93.1524 19.7238 2.5
    endloop
  endfacet
  facet normal -0.222522 0.974928 0
    outer loop
      vertex 92.61 19.6 2.5
      vertex 93.1524 19.7238 0
      vertex 92.61 19.6 0
    endloop
  endfacet
  facet normal -1 0 0
    outer loop
      vertex 93.86 20.85 0
      vertex 93.86 32.35 2.5
      vertex 93.86 32.35 0
    endloop
  endfacet
  facet normal -1 -0 0
    outer loop
      vertex 93.86 32.35 2.5
      vertex 93.86 20.85 0
      vertex 93.86 20.85 2.5
    endloop
  endfacet
  facet normal 0.78185 0.623467 0
    outer loop
      vertex 91.8206 19.8727 2.5
      vertex 91.4738 20.3076 0
      vertex 91.4738 20.3076 2.5
    endloop
  endfacet
  facet normal 0.78185 0.623467 0
    outer loop
      vertex 91.4738 20.3076 0
      vertex 91.8206 19.8727 2.5
      vertex 91.8206 19.8727 0
    endloop
  endfacet
  facet normal 0.111804 0.99373 -0
    outer loop
      vertex 92.6 19.6 0
      vertex 92.3218 19.6313 2.5
      vertex 92.6 19.6 2.5
    endloop
  endfacet
  facet normal 0.111804 0.99373 0
    outer loop
      vertex 92.3218 19.6313 2.5
      vertex 92.6 19.6 0
      vertex 92.3218 19.6313 0
    endloop
  endfacet
  facet normal 0 1 -0
    outer loop
      vertex 92.61 19.6 0
      vertex 92.6 19.6 2.5
      vertex 92.61 19.6 2.5
    endloop
  endfacet
  facet normal 0 1 0
    outer loop
      vertex 92.6 19.6 2.5
      vertex 92.61 19.6 0
      vertex 92.6 19.6 0
    endloop
  endfacet
  facet normal -0.974928 -0.222522 0
    outer loop
      vertex 93.86 32.35 0
      vertex 93.7362 32.8924 2.5
      vertex 93.7362 32.8924 0
    endloop
  endfacet
  facet normal -0.974928 -0.222522 0
    outer loop
      vertex 93.7362 32.8924 2.5
      vertex 93.86 32.35 0
      vertex 93.86 32.35 2.5
    endloop
  endfacet
  facet normal -0.99373 0.111804 0
    outer loop
      vertex 93.8287 20.5718 0
      vertex 93.86 20.85 2.5
      vertex 93.86 20.85 0
    endloop
  endfacet
  facet normal -0.99373 0.111804 0
    outer loop
      vertex 93.86 20.85 2.5
      vertex 93.8287 20.5718 0
      vertex 93.8287 20.5718 2.5
    endloop
  endfacet
  facet normal 0.623467 -0.78185 0
    outer loop
      vertex 91.6227 33.1294 0
      vertex 92.0576 33.4762 2.5
      vertex 91.6227 33.1294 2.5
    endloop
  endfacet
  facet normal 0.623467 -0.78185 0
    outer loop
      vertex 92.0576 33.4762 2.5
      vertex 91.6227 33.1294 0
      vertex 92.0576 33.4762 0
    endloop
  endfacet
  facet normal -0.78185 -0.623467 0
    outer loop
      vertex 93.7362 32.8924 0
      vertex 93.3894 33.3273 2.5
      vertex 93.3894 33.3273 0
    endloop
  endfacet
  facet normal -0.78185 -0.623467 0
    outer loop
      vertex 93.3894 33.3273 2.5
      vertex 93.7362 32.8924 0
      vertex 93.7362 32.8924 2.5
    endloop
  endfacet
  facet normal 0.222522 -0.974928 0
    outer loop
      vertex 92.0576 33.4762 0
      vertex 92.6 33.6 2.5
      vertex 92.0576 33.4762 2.5
    endloop
  endfacet
  facet normal 0.222522 -0.974928 0
    outer loop
      vertex 92.6 33.6 2.5
      vertex 92.0576 33.4762 0
      vertex 92.6 33.6 0
    endloop
  endfacet
  facet normal 0 -1 0
    outer loop
      vertex 92.6 33.6 0
      vertex 92.61 33.6 2.5
      vertex 92.6 33.6 2.5
    endloop
  endfacet
  facet normal 0 -1 -0
    outer loop
      vertex 92.61 33.6 2.5
      vertex 92.6 33.6 0
      vertex 92.61 33.6 0
    endloop
  endfacet
  facet normal 0.900944 -0.433935 0
    outer loop
      vertex 97.3813 32.6282 2.5
      vertex 97.6227 33.1294 0
      vertex 97.6227 33.1294 2.5
    endloop
  endfacet
  facet normal 0.900944 -0.433935 0
    outer loop
      vertex 97.6227 33.1294 0
      vertex 97.3813 32.6282 2.5
      vertex 97.3813 32.6282 0
    endloop
  endfacet
  facet normal -0.900944 0.433935 0
    outer loop
      vertex 99.5873 20.0706 0
      vertex 99.8287 20.5718 2.5
      vertex 99.8287 20.5718 0
    endloop
  endfacet
  facet normal -0.900944 0.433935 0
    outer loop
      vertex 99.8287 20.5718 2.5
      vertex 99.5873 20.0706 0
      vertex 99.5873 20.0706 2.5
    endloop
  endfacet
  facet normal -0.623467 0.78185 0
    outer loop
      vertex 99.5873 20.0706 0
      vertex 99.1524 19.7238 2.5
      vertex 99.5873 20.0706 2.5
    endloop
  endfacet
  facet normal -0.623467 0.78185 0
    outer loop
      vertex 99.1524 19.7238 2.5
      vertex 99.5873 20.0706 0
      vertex 99.1524 19.7238 0
    endloop
  endfacet
  facet normal 1 -0 0
    outer loop
      vertex 97.35 20.85 2.5
      vertex 97.35 32.35 0
      vertex 97.35 32.35 2.5
    endloop
  endfacet
  facet normal 1 0 0
    outer loop
      vertex 97.35 32.35 0
      vertex 97.35 20.85 2.5
      vertex 97.35 20.85 0
    endloop
  endfacet
  facet normal 0.433935 0.900944 -0
    outer loop
      vertex 98.3218 19.6313 0
      vertex 97.8206 19.8727 2.5
      vertex 98.3218 19.6313 2.5
    endloop
  endfacet
  facet normal 0.433935 0.900944 0
    outer loop
      vertex 97.8206 19.8727 2.5
      vertex 98.3218 19.6313 0
      vertex 97.8206 19.8727 0
    endloop
  endfacet
  facet normal 0.974928 0.222522 0
    outer loop
      vertex 97.4738 20.3076 2.5
      vertex 97.35 20.85 0
      vertex 97.35 20.85 2.5
    endloop
  endfacet
  facet normal 0.974928 0.222522 0
    outer loop
      vertex 97.35 20.85 0
      vertex 97.4738 20.3076 2.5
      vertex 97.4738 20.3076 0
    endloop
  endfacet
  facet normal -0.433864 -0.900978 0
    outer loop
      vertex 98.8881 33.5687 0
      vertex 99.3894 33.3273 2.5
      vertex 98.8881 33.5687 2.5
    endloop
  endfacet
  facet normal -0.433864 -0.900978 -0
    outer loop
      vertex 99.3894 33.3273 2.5
      vertex 98.8881 33.5687 0
      vertex 99.3894 33.3273 0
    endloop
  endfacet
  facet normal 0.99373 -0.111804 0
    outer loop
      vertex 97.35 32.35 2.5
      vertex 97.3813 32.6282 0
      vertex 97.3813 32.6282 2.5
    endloop
  endfacet
  facet normal 0.99373 -0.111804 0
    outer loop
      vertex 97.3813 32.6282 0
      vertex 97.35 32.35 2.5
      vertex 97.35 32.35 0
    endloop
  endfacet
  facet normal -0.111843 -0.993726 0
    outer loop
      vertex 98.61 33.6 0
      vertex 98.8881 33.5687 2.5
      vertex 98.61 33.6 2.5
    endloop
  endfacet
  facet normal -0.111843 -0.993726 -0
    outer loop
      vertex 98.8881 33.5687 2.5
      vertex 98.61 33.6 0
      vertex 98.8881 33.5687 0
    endloop
  endfacet
  facet normal -0.222522 0.974928 0
    outer loop
      vertex 99.1524 19.7238 0
      vertex 98.61 19.6 2.5
      vertex 99.1524 19.7238 2.5
    endloop
  endfacet
  facet normal -0.222522 0.974928 0
    outer loop
      vertex 98.61 19.6 2.5
      vertex 99.1524 19.7238 0
      vertex 98.61 19.6 0
    endloop
  endfacet
  facet normal 0 -1 0
    outer loop
      vertex 98.6 33.6 0
      vertex 98.61 33.6 2.5
      vertex 98.6 33.6 2.5
    endloop
  endfacet
  facet normal 0 -1 -0
    outer loop
      vertex 98.61 33.6 2.5
      vertex 98.6 33.6 0
      vertex 98.61 33.6 0
    endloop
  endfacet
  facet normal -1 0 0
    outer loop
      vertex 99.86 20.85 0
      vertex 99.86 32.35 2.5
      vertex 99.86 32.35 0
    endloop
  endfacet
  facet normal -1 -0 0
    outer loop
      vertex 99.86 32.35 2.5
      vertex 99.86 20.85 0
      vertex 99.86 20.85 2.5
    endloop
  endfacet
  facet normal 0.78185 0.623467 0
    outer loop
      vertex 97.8206 19.8727 2.5
      vertex 97.4738 20.3076 0
      vertex 97.4738 20.3076 2.5
    endloop
  endfacet
  facet normal 0.78185 0.623467 0
    outer loop
      vertex 97.4738 20.3076 0
      vertex 97.8206 19.8727 2.5
      vertex 97.8206 19.8727 0
    endloop
  endfacet
  facet normal 0.111804 0.99373 -0
    outer loop
      vertex 98.6 19.6 0
      vertex 98.3218 19.6313 2.5
      vertex 98.6 19.6 2.5
    endloop
  endfacet
  facet normal 0.111804 0.99373 0
    outer loop
      vertex 98.3218 19.6313 2.5
      vertex 98.6 19.6 0
      vertex 98.3218 19.6313 0
    endloop
  endfacet
  facet normal 0 1 -0
    outer loop
      vertex 98.61 19.6 0
      vertex 98.6 19.6 2.5
      vertex 98.61 19.6 2.5
    endloop
  endfacet
  facet normal 0 1 0
    outer loop
      vertex 98.6 19.6 2.5
      vertex 98.61 19.6 0
      vertex 98.6 19.6 0
    endloop
  endfacet
  facet normal -0.974928 -0.222522 0
    outer loop
      vertex 99.86 32.35 0
      vertex 99.7362 32.8924 2.5
      vertex 99.7362 32.8924 0
    endloop
  endfacet
  facet normal -0.974928 -0.222522 0
    outer loop
      vertex 99.7362 32.8924 2.5
      vertex 99.86 32.35 0
      vertex 99.86 32.35 2.5
    endloop
  endfacet
  facet normal -0.99373 0.111804 0
    outer loop
      vertex 99.8287 20.5718 0
      vertex 99.86 20.85 2.5
      vertex 99.86 20.85 0
    endloop
  endfacet
  facet normal -0.99373 0.111804 0
    outer loop
      vertex 99.86 20.85 2.5
      vertex 99.8287 20.5718 0
      vertex 99.8287 20.5718 2.5
    endloop
  endfacet
  facet normal 0.623467 -0.78185 0
    outer loop
      vertex 97.6227 33.1294 0
      vertex 98.0576 33.4762 2.5
      vertex 97.6227 33.1294 2.5
    endloop
  endfacet
  facet normal 0.623467 -0.78185 0
    outer loop
      vertex 98.0576 33.4762 2.5
      vertex 97.6227 33.1294 0
      vertex 98.0576 33.4762 0
    endloop
  endfacet
  facet normal -0.78185 -0.623467 0
    outer loop
      vertex 99.7362 32.8924 0
      vertex 99.3894 33.3273 2.5
      vertex 99.3894 33.3273 0
    endloop
  endfacet
  facet normal -0.78185 -0.623467 0
    outer loop
      vertex 99.3894 33.3273 2.5
      vertex 99.7362 32.8924 0
      vertex 99.7362 32.8924 2.5
    endloop
  endfacet
  facet normal 0.222522 -0.974928 0
    outer loop
      vertex 98.0576 33.4762 0
      vertex 98.6 33.6 2.5
      vertex 98.0576 33.4762 2.5
    endloop
  endfacet
  facet normal 0.222522 -0.974928 0
    outer loop
      vertex 98.6 33.6 2.5
      vertex 98.0576 33.4762 0
      vertex 98.6 33.6 0
    endloop
  endfacet
  facet normal 0.900523 -0.434809 0
    outer loop
      vertex 103.381 32.6282 2.5
      vertex 103.623 33.1294 0
      vertex 103.623 33.1294 2.5
    endloop
  endfacet
  facet normal 0.900523 -0.434809 0
    outer loop
      vertex 103.623 33.1294 0
      vertex 103.381 32.6282 2.5
      vertex 103.381 32.6282 0
    endloop
  endfacet
  facet normal -0.900523 0.434809 0
    outer loop
      vertex 105.587 20.0706 0
      vertex 105.829 20.5718 2.5
      vertex 105.829 20.5718 0
    endloop
  endfacet
  facet normal -0.900523 0.434809 0
    outer loop
      vertex 105.829 20.5718 2.5
      vertex 105.587 20.0706 0
      vertex 105.587 20.0706 2.5
    endloop
  endfacet
  facet normal -0.623379 0.78192 0
    outer loop
      vertex 105.587 20.0706 0
      vertex 105.152 19.7238 2.5
      vertex 105.587 20.0706 2.5
    endloop
  endfacet
  facet normal -0.623379 0.78192 0
    outer loop
      vertex 105.152 19.7238 2.5
      vertex 105.587 20.0706 0
      vertex 105.152 19.7238 0
    endloop
  endfacet
  facet normal 1 -0 0
    outer loop
      vertex 103.35 20.85 2.5
      vertex 103.35 32.35 0
      vertex 103.35 32.35 2.5
    endloop
  endfacet
  facet normal 1 0 0
    outer loop
      vertex 103.35 32.35 0
      vertex 103.35 20.85 2.5
      vertex 103.35 20.85 0
    endloop
  endfacet
  facet normal 0.434075 0.900877 -0
    outer loop
      vertex 104.322 19.6313 0
      vertex 103.821 19.8727 2.5
      vertex 104.322 19.6313 2.5
    endloop
  endfacet
  facet normal 0.434075 0.900877 0
    outer loop
      vertex 103.821 19.8727 2.5
      vertex 104.322 19.6313 0
      vertex 103.821 19.8727 0
    endloop
  endfacet
  facet normal 0.97485 0.222864 0
    outer loop
      vertex 103.474 20.3076 2.5
      vertex 103.35 20.85 0
      vertex 103.35 20.85 2.5
    endloop
  endfacet
  facet normal 0.97485 0.222864 0
    outer loop
      vertex 103.35 20.85 0
      vertex 103.474 20.3076 2.5
      vertex 103.474 20.3076 0
    endloop
  endfacet
  facet normal -0.434075 -0.900877 0
    outer loop
      vertex 104.888 33.5687 0
      vertex 105.389 33.3273 2.5
      vertex 104.888 33.5687 2.5
    endloop
  endfacet
  facet normal -0.434075 -0.900877 -0
    outer loop
      vertex 105.389 33.3273 2.5
      vertex 104.888 33.5687 0
      vertex 105.389 33.3273 0
    endloop
  endfacet
  facet normal 0.993849 -0.110745 0
    outer loop
      vertex 103.35 32.35 2.5
      vertex 103.381 32.6282 0
      vertex 103.381 32.6282 2.5
    endloop
  endfacet
  facet normal 0.993849 -0.110745 0
    outer loop
      vertex 103.381 32.6282 0
      vertex 103.35 32.35 2.5
      vertex 103.35 32.35 0
    endloop
  endfacet
  facet normal -0.111883 -0.993721 0
    outer loop
      vertex 104.61 33.6 0
      vertex 104.888 33.5687 2.5
      vertex 104.61 33.6 2.5
    endloop
  endfacet
  facet normal -0.111883 -0.993721 -0
    outer loop
      vertex 104.888 33.5687 2.5
      vertex 104.61 33.6 0
      vertex 104.888 33.5687 0
    endloop
  endfacet
  facet normal -0.222678 0.974892 0
    outer loop
      vertex 105.152 19.7238 0
      vertex 104.61 19.6 2.5
      vertex 105.152 19.7238 2.5
    endloop
  endfacet
  facet normal -0.222678 0.974892 0
    outer loop
      vertex 104.61 19.6 2.5
      vertex 105.152 19.7238 0
      vertex 104.61 19.6 0
    endloop
  endfacet
  facet normal 0 -1 0
    outer loop
      vertex 104.6 33.6 0
      vertex 104.61 33.6 2.5
      vertex 104.6 33.6 2.5
    endloop
  endfacet
  facet normal 0 -1 -0
    outer loop
      vertex 104.61 33.6 2.5
      vertex 104.6 33.6 0
      vertex 104.61 33.6 0
    endloop
  endfacet
  facet normal -1 0 0
    outer loop
      vertex 105.86 20.85 0
      vertex 105.86 32.35 2.5
      vertex 105.86 32.35 0
    endloop
  endfacet
  facet normal -1 -0 0
    outer loop
      vertex 105.86 32.35 2.5
      vertex 105.86 20.85 0
      vertex 105.86 20.85 2.5
    endloop
  endfacet
  facet normal 0.781675 0.623686 0
    outer loop
      vertex 103.821 19.8727 2.5
      vertex 103.474 20.3076 0
      vertex 103.474 20.3076 2.5
    endloop
  endfacet
  facet normal 0.781675 0.623686 0
    outer loop
      vertex 103.474 20.3076 0
      vertex 103.821 19.8727 2.5
      vertex 103.821 19.8727 0
    endloop
  endfacet
  facet normal 0.111883 0.993721 -0
    outer loop
      vertex 104.6 19.6 0
      vertex 104.322 19.6313 2.5
      vertex 104.6 19.6 2.5
    endloop
  endfacet
  facet normal 0.111883 0.993721 0
    outer loop
      vertex 104.322 19.6313 2.5
      vertex 104.6 19.6 0
      vertex 104.322 19.6313 0
    endloop
  endfacet
  facet normal 0 1 -0
    outer loop
      vertex 104.61 19.6 0
      vertex 104.6 19.6 2.5
      vertex 104.61 19.6 2.5
    endloop
  endfacet
  facet normal 0 1 0
    outer loop
      vertex 104.6 19.6 2.5
      vertex 104.61 19.6 0
      vertex 104.6 19.6 0
    endloop
  endfacet
  facet normal -0.97485 -0.222864 0
    outer loop
      vertex 105.86 32.35 0
      vertex 105.736 32.8924 2.5
      vertex 105.736 32.8924 0
    endloop
  endfacet
  facet normal -0.97485 -0.222864 0
    outer loop
      vertex 105.736 32.8924 2.5
      vertex 105.86 32.35 0
      vertex 105.86 32.35 2.5
    endloop
  endfacet
  facet normal -0.993849 0.110745 0
    outer loop
      vertex 105.829 20.5718 0
      vertex 105.86 20.85 2.5
      vertex 105.86 20.85 0
    endloop
  endfacet
  facet normal -0.993849 0.110745 0
    outer loop
      vertex 105.86 20.85 2.5
      vertex 105.829 20.5718 0
      vertex 105.829 20.5718 2.5
    endloop
  endfacet
  facet normal 0.623379 -0.78192 0
    outer loop
      vertex 103.623 33.1294 0
      vertex 104.058 33.4762 2.5
      vertex 103.623 33.1294 2.5
    endloop
  endfacet
  facet normal 0.623379 -0.78192 0
    outer loop
      vertex 104.058 33.4762 2.5
      vertex 103.623 33.1294 0
      vertex 104.058 33.4762 0
    endloop
  endfacet
  facet normal -0.781675 -0.623686 0
    outer loop
      vertex 105.736 32.8924 0
      vertex 105.389 33.3273 2.5
      vertex 105.389 33.3273 0
    endloop
  endfacet
  facet normal -0.781675 -0.623686 0
    outer loop
      vertex 105.389 33.3273 2.5
      vertex 105.736 32.8924 0
      vertex 105.736 32.8924 2.5
    endloop
  endfacet
  facet normal 0.222678 -0.974892 0
    outer loop
      vertex 104.058 33.4762 0
      vertex 104.6 33.6 2.5
      vertex 104.058 33.4762 2.5
    endloop
  endfacet
  facet normal 0.222678 -0.974892 0
    outer loop
      vertex 104.6 33.6 2.5
      vertex 104.058 33.4762 0
      vertex 104.6 33.6 0
    endloop
  endfacet
  facet normal 0.900523 -0.434809 0
    outer loop
      vertex 109.381 32.6282 2.5
      vertex 109.623 33.1294 0
      vertex 109.623 33.1294 2.5
    endloop
  endfacet
  facet normal 0.900523 -0.434809 0
    outer loop
      vertex 109.623 33.1294 0
      vertex 109.381 32.6282 2.5
      vertex 109.381 32.6282 0
    endloop
  endfacet
  facet normal -0.900523 0.434809 0
    outer loop
      vertex 111.587 20.0706 0
      vertex 111.829 20.5718 2.5
      vertex 111.829 20.5718 0
    endloop
  endfacet
  facet normal -0.900523 0.434809 0
    outer loop
      vertex 111.829 20.5718 2.5
      vertex 111.587 20.0706 0
      vertex 111.587 20.0706 2.5
    endloop
  endfacet
  facet normal -0.623379 0.78192 0
    outer loop
      vertex 111.587 20.0706 0
      vertex 111.152 19.7238 2.5
      vertex 111.587 20.0706 2.5
    endloop
  endfacet
  facet normal -0.623379 0.78192 0
    outer loop
      vertex 111.152 19.7238 2.5
      vertex 111.587 20.0706 0
      vertex 111.152 19.7238 0
    endloop
  endfacet
  facet normal 1 -0 0
    outer loop
      vertex 109.35 20.85 2.5
      vertex 109.35 32.35 0
      vertex 109.35 32.35 2.5
    endloop
  endfacet
  facet normal 1 0 0
    outer loop
      vertex 109.35 32.35 0
      vertex 109.35 20.85 2.5
      vertex 109.35 20.85 0
    endloop
  endfacet
  facet normal 0.434075 0.900877 -0
    outer loop
      vertex 110.322 19.6313 0
      vertex 109.821 19.8727 2.5
      vertex 110.322 19.6313 2.5
    endloop
  endfacet
  facet normal 0.434075 0.900877 0
    outer loop
      vertex 109.821 19.8727 2.5
      vertex 110.322 19.6313 0
      vertex 109.821 19.8727 0
    endloop
  endfacet
  facet normal 0.97485 0.222864 0
    outer loop
      vertex 109.474 20.3076 2.5
      vertex 109.35 20.85 0
      vertex 109.35 20.85 2.5
    endloop
  endfacet
  facet normal 0.97485 0.222864 0
    outer loop
      vertex 109.35 20.85 0
      vertex 109.474 20.3076 2.5
      vertex 109.474 20.3076 0
    endloop
  endfacet
  facet normal -0.434075 -0.900877 0
    outer loop
      vertex 110.888 33.5687 0
      vertex 111.389 33.3273 2.5
      vertex 110.888 33.5687 2.5
    endloop
  endfacet
  facet normal -0.434075 -0.900877 -0
    outer loop
      vertex 111.389 33.3273 2.5
      vertex 110.888 33.5687 0
      vertex 111.389 33.3273 0
    endloop
  endfacet
  facet normal 0.993849 -0.110745 0
    outer loop
      vertex 109.35 32.35 2.5
      vertex 109.381 32.6282 0
      vertex 109.381 32.6282 2.5
    endloop
  endfacet
  facet normal 0.993849 -0.110745 0
    outer loop
      vertex 109.381 32.6282 0
      vertex 109.35 32.35 2.5
      vertex 109.35 32.35 0
    endloop
  endfacet
  facet normal -0.111883 -0.993721 0
    outer loop
      vertex 110.61 33.6 0
      vertex 110.888 33.5687 2.5
      vertex 110.61 33.6 2.5
    endloop
  endfacet
  facet normal -0.111883 -0.993721 -0
    outer loop
      vertex 110.888 33.5687 2.5
      vertex 110.61 33.6 0
      vertex 110.888 33.5687 0
    endloop
  endfacet
  facet normal -0.222678 0.974892 0
    outer loop
      vertex 111.152 19.7238 0
      vertex 110.61 19.6 2.5
      vertex 111.152 19.7238 2.5
    endloop
  endfacet
  facet normal -0.222678 0.974892 0
    outer loop
      vertex 110.61 19.6 2.5
      vertex 111.152 19.7238 0
      vertex 110.61 19.6 0
    endloop
  endfacet
  facet normal -1 0 0
    outer loop
      vertex 111.86 20.85 0
      vertex 111.86 32.35 2.5
      vertex 111.86 32.35 0
    endloop
  endfacet
  facet normal -1 -0 0
    outer loop
      vertex 111.86 32.35 2.5
      vertex 111.86 20.85 0
      vertex 111.86 20.85 2.5
    endloop
  endfacet
  facet normal 0.781675 0.623686 0
    outer loop
      vertex 109.821 19.8727 2.5
      vertex 109.474 20.3076 0
      vertex 109.474 20.3076 2.5
    endloop
  endfacet
  facet normal 0.781675 0.623686 0
    outer loop
      vertex 109.474 20.3076 0
      vertex 109.821 19.8727 2.5
      vertex 109.821 19.8727 0
    endloop
  endfacet
  facet normal 0.111883 0.993721 -0
    outer loop
      vertex 110.6 19.6 0
      vertex 110.322 19.6313 2.5
      vertex 110.6 19.6 2.5
    endloop
  endfacet
  facet normal 0.111883 0.993721 0
    outer loop
      vertex 110.322 19.6313 2.5
      vertex 110.6 19.6 0
      vertex 110.322 19.6313 0
    endloop
  endfacet
  facet normal 0 1 -0
    outer loop
      vertex 110.61 19.6 0
      vertex 110.6 19.6 2.5
      vertex 110.61 19.6 2.5
    endloop
  endfacet
  facet normal 0 1 0
    outer loop
      vertex 110.6 19.6 2.5
      vertex 110.61 19.6 0
      vertex 110.6 19.6 0
    endloop
  endfacet
  facet normal -0.97485 -0.222864 0
    outer loop
      vertex 111.86 32.35 0
      vertex 111.736 32.8924 2.5
      vertex 111.736 32.8924 0
    endloop
  endfacet
  facet normal -0.97485 -0.222864 0
    outer loop
      vertex 111.736 32.8924 2.5
      vertex 111.86 32.35 0
      vertex 111.86 32.35 2.5
    endloop
  endfacet
  facet normal -0.993849 0.110745 0
    outer loop
      vertex 111.829 20.5718 0
      vertex 111.86 20.85 2.5
      vertex 111.86 20.85 0
    endloop
  endfacet
  facet normal -0.993849 0.110745 0
    outer loop
      vertex 111.86 20.85 2.5
      vertex 111.829 20.5718 0
      vertex 111.829 20.5718 2.5
    endloop
  endfacet
  facet normal 0.623379 -0.78192 0
    outer loop
      vertex 109.623 33.1294 0
      vertex 110.058 33.4762 2.5
      vertex 109.623 33.1294 2.5
    endloop
  endfacet
  facet normal 0.623379 -0.78192 0
    outer loop
      vertex 110.058 33.4762 2.5
      vertex 109.623 33.1294 0
      vertex 110.058 33.4762 0
    endloop
  endfacet
  facet normal -0.781675 -0.623686 0
    outer loop
      vertex 111.736 32.8924 0
      vertex 111.389 33.3273 2.5
      vertex 111.389 33.3273 0
    endloop
  endfacet
  facet normal -0.781675 -0.623686 0
    outer loop
      vertex 111.389 33.3273 2.5
      vertex 111.736 32.8924 0
      vertex 111.736 32.8924 2.5
    endloop
  endfacet
  facet normal 0.222678 -0.974892 0
    outer loop
      vertex 110.058 33.4762 0
      vertex 110.6 33.6 2.5
      vertex 110.058 33.4762 2.5
    endloop
  endfacet
  facet normal 0.222678 -0.974892 0
    outer loop
      vertex 110.6 33.6 2.5
      vertex 110.058 33.4762 0
      vertex 110.6 33.6 0
    endloop
  endfacet
  facet normal 0 -1 0
    outer loop
      vertex 110.6 33.6 0
      vertex 110.61 33.6 2.5
      vertex 110.6 33.6 2.5
    endloop
  endfacet
  facet normal 0 -1 -0
    outer loop
      vertex 110.61 33.6 2.5
      vertex 110.6 33.6 0
      vertex 110.61 33.6 0
    endloop
  endfacet
endsolid OpenSCAD_Model
